velocity,pitch,f0,partial,partialFreq,sigma,intercept,r2
50,C8,4186.01,1,4200.32,3.24654,-5.35721,0.999383
50,C8,4186.01,2,8474.66,13.3406,-9.01116,0.999738
50,E4,329.628,1,329.727,0.508273,4.39739,0.963151
50,E4,329.628,2,659.454,0.400009,2.4866,0.728562
50,E4,329.628,4,1322.95,0.324406,0.394768,0.659068
50,E4,329.628,5,1658.06,0.435174,0.885633,0.866567
50,E4,329.628,6,1994.51,0.5127,0.0724465,0.827822
50,E4,329.628,7,2335.01,0.627756,-1.21027,0.955291
50,E4,329.628,8,2678.19,0.803036,-1.59679,0.966823
50,E4,329.628,9,3026.76,1.37012,-3.67606,0.889201
50,D1,36.7081,1,36.3373,0.167689,1.09065,0.80862
50,D1,36.7081,2,72.6746,0.171335,4.54505,0.84856
50,D1,36.7081,3,109.012,0.133727,4.30222,0.611427
50,D1,36.7081,4,146.695,0.142966,4.45767,0.758983
50,D1,36.7081,6,219.37,0.144418,2.56441,0.623898
50,D1,36.7081,7,255.707,0.152487,4.30973,0.801521
50,D1,36.7081,8,293.39,0.182726,0.960847,0.928405
50,D1,36.7081,9,329.727,0.106013,2.28146,0.571408
50,D1,36.7081,10,366.064,0.154643,3.2012,0.76722
50,D1,36.7081,11,403.748,0.152773,3.05296,0.617098
50,D1,36.7081,12,440.085,0.174828,2.24184,0.66324
50,D1,36.7081,13,477.768,0.220776,3.04049,0.936252
50,D1,36.7081,14,514.105,0.165544,1.78054,0.842927
50,D1,36.7081,15,551.788,0.149263,1.02446,0.666858
50,D1,36.7081,16,589.471,0.163877,0.62557,0.757906
50,D1,36.7081,17,627.155,0.224339,1.22114,0.92812
50,D1,36.7081,18,664.838,0.21245,1.47026,0.863645
50,D1,36.7081,19,702.521,0.194488,0.467014,0.807989
50,D1,36.7081,20,740.204,0.181677,1.6947,0.849786
50,D1,36.7081,21,777.887,0.192347,2.18515,0.836683
50,D1,36.7081,22,815.57,0.207179,2.21063,0.898215
50,D1,36.7081,23,854.599,0.2258,1.04707,0.923877
50,D1,36.7081,24,893.628,0.242918,-1.1774,0.895799
50,D1,36.7081,25,934.003,0.272781,-1.00885,0.895553
50,D1,36.7081,27,1028.21,3.46343,0.668854,0.89732
50,D1,36.7081,34,1329.68,0.383464,-1.3483,0.875661
50,D1,36.7081,35,1371.4,0.453645,-0.110139,0.984602
50,D1,36.7081,36,1413.12,0.502951,-0.43774,0.983641
50,D1,36.7081,37,1454.84,0.52498,-1.25463,0.963663
50,D1,36.7081,38,1496.56,0.500426,-0.519848,0.995774
50,D1,36.7081,39,1540.97,0.486235,-1.87644,0.826638
50,D1,36.7081,40,1581.34,0.70245,-2.27753,0.954806
50,D1,36.7081,41,1624.41,0.623248,-1.82769,0.963191
50,D1,36.7081,42,1667.48,0.60651,-2.06044,0.975294
50,D1,36.7081,43,1710.54,0.663598,-1.75088,0.992537
50,D1,36.7081,44,1753.61,0.772658,-2.00059,0.939711
50,D1,36.7081,52,2160.05,0.977222,-2.59608,0.922062
50,D1,36.7081,69,3083.29,2.39623,-3.54932,0.834256
50,As4,466.164,1,465.656,0.299368,3.07569,0.749063
50,As4,466.164,2,934.003,0.334531,1.90847,0.591181
50,As4,466.164,3,1403.7,0.355567,1.18379,0.661745
50,As4,466.164,4,1877.43,0.485026,-1.04998,0.7974
50,As4,466.164,5,2355.19,0.721876,-1.40909,0.969537
50,B5,987.767,1,989.182,0.783993,1.71246,0.840369
50,B5,987.767,2,1986.44,1.22279,-0.0686073,0.958553
50,B5,987.767,3,3003.88,2.41665,-0.895098,0.924176
50,B5,987.767,4,4041.51,4.34166,-2.20647,0.968825
50,B5,987.767,5,5112.79,8.43976,-2.81526,0.945893
50,Ds6,1244.51,1,1247.58,1.18316,2.47063,0.838591
50,Ds6,1244.51,2,2512.66,2.14678,-0.892126,0.935639
50,Ds6,1244.51,3,3787.15,1.59252,-8.30156,0.497616
50,D6,1174.66,1,1177.6,1.39733,3.41402,0.921023
50,D6,1174.66,2,2367.31,2.60235,0.130332,0.998679
50,D6,1174.66,3,3581.24,3.60428,-2.41813,0.971653
50,E3,164.814,2,329.727,0.191786,3.17455,0.518564
50,E3,164.814,3,493.918,0.150104,0.724809,0.527513
50,E3,164.814,4,659.454,0.29305,2.10811,0.705372
50,E3,164.814,5,824.991,0.229692,1.26025,0.738363
50,E3,164.814,6,990.527,0.296123,1.26343,0.924578
50,E3,164.814,7,1157.41,0.23061,1.56873,0.568276
50,E3,164.814,8,1324.29,0.397042,-0.717614,0.877562
50,E3,164.814,9,1491.17,0.416196,1.0019,0.887309
50,E3,164.814,10,1659.4,0.377388,0.480247,0.835718
50,E3,164.814,11,1828.98,0.403242,-2.29402,0.947721
50,E3,164.814,12,2001.24,0.370834,-0.816026,0.927437
50,Ds1,38.8909,1,39.0289,0.183286,1.50751,0.850118
50,Ds1,38.8909,2,78.0579,0.178022,4.57172,0.881677
50,Ds1,38.8909,3,115.741,0.146319,4.70152,0.780895
50,Ds1,38.8909,4,154.77,0.110537,2.69766,0.621211
50,Ds1,38.8909,5,193.799,0.165497,3.57185,0.842276
50,Ds1,38.8909,6,232.828,0.148944,3.4323,0.747548
50,Ds1,38.8909,7,271.857,0.170142,2.95867,0.849199
50,Ds1,38.8909,8,310.886,0.109276,1.19172,0.586999
50,Ds1,38.8909,9,349.915,0.137417,2.88031,0.66079
50,Ds1,38.8909,10,388.943,0.176257,3.87354,0.819056
50,Ds1,38.8909,11,427.972,0.147019,1.77715,0.714682
50,Ds1,38.8909,12,467.001,0.215853,2.70417,0.900491
50,Ds1,38.8909,13,506.03,0.170373,2.24514,0.829537
50,Ds1,38.8909,14,545.059,0.190358,1.09503,0.882701
50,Ds1,38.8909,15,585.434,0.230276,1.37927,0.941039
50,Ds1,38.8909,16,624.463,0.175528,-0.0623814,0.771579
50,Ds1,38.8909,17,664.838,0.186546,0.0644981,0.77053
50,Ds1,38.8909,18,703.867,0.190792,-0.168804,0.887058
50,Ds1,38.8909,19,744.241,0.198739,1.0652,0.910832
50,Ds1,38.8909,20,784.616,0.234695,0.0440432,0.900586
50,Ds1,38.8909,21,824.991,0.214097,1.76876,0.815736
50,Ds1,38.8909,22,865.366,0.229033,2.05865,0.883491
50,Ds1,38.8909,23,907.086,0.300935,0.961366,0.981627
50,Ds1,38.8909,24,947.461,0.257658,-1.08888,0.895597
50,Ds1,38.8909,25,990.527,0.307489,0.0986974,0.950631
50,Ds1,38.8909,26,1032.25,0.338589,-0.503239,0.956886
50,Ds1,38.8909,27,1099.54,2.58307,2.04168,0.970912
50,Ds1,38.8909,36,1499.25,0.505563,-0.825831,0.965096
50,Ds1,38.8909,37,1545.01,0.564439,-0.285399,0.973491
50,Ds1,38.8909,38,1588.07,0.539937,-1.91479,0.983136
50,Ds1,38.8909,42,1769.76,0.728163,-1.86176,0.987879
50,Ds1,38.8909,43,1816.86,0.769768,-1.01526,0.994615
50,Ds1,38.8909,44,1862.62,0.791588,-1.40424,0.983087
50,Ds1,38.8909,45,1909.73,0.838591,-2.32157,0.956434
50,B2,123.471,1,123.816,0.188358,3.94181,0.882896
50,B2,123.471,4,493.918,0.171779,1.889,0.564845
50,B2,123.471,5,617.734,0.132829,2.04003,0.531734
50,B2,123.471,6,741.55,0.241968,1.70333,0.718993
50,B2,123.471,7,865.366,0.246806,2.55272,0.805667
50,B2,123.471,8,990.527,0.242088,0.0153638,0.73451
50,B2,123.471,9,1114.34,0.215408,1.37728,0.768957
50,B2,123.471,10,1239.51,0.288098,0.662784,0.909416
50,B2,123.471,11,1366.01,0.345554,1.0677,0.963232
50,C7,2093,1,2106.22,2.28819,1.97302,0.978914
50,As3,233.082,1,232.828,0.300001,3.60513,0.769469
50,As3,233.082,2,465.656,0.234812,2.46863,0.664529
50,As3,233.082,3,699.829,0.333765,2.65233,0.946011
50,As3,233.082,4,934.003,0.32682,1.64226,0.807427
50,As3,233.082,5,1169.52,0.34392,1.21988,0.783283
50,As3,233.082,6,1405.04,0.380154,1.11337,0.879238
50,As3,233.082,7,1643.25,0.438771,1.08848,0.943186
50,E2,82.4069,1,82.0953,0.247629,4.17429,0.943914
50,E2,82.4069,2,165.536,0.193188,1.77652,0.83862
50,E2,82.4069,3,247.632,0.284118,2.49336,0.960635
50,E2,82.4069,4,329.727,0.161685,3.07952,0.517204
50,E2,82.4069,5,411.823,0.163297,2.85142,0.818176
50,E2,82.4069,6,493.918,0.246965,2.2754,0.693439
50,E2,82.4069,7,577.359,0.207534,2.00504,0.845747
50,E2,82.4069,8,659.454,0.22491,-0.175163,0.778477
50,E2,82.4069,9,742.896,0.30647,1.96424,0.840381
50,E2,82.4069,10,824.991,0.207452,1.62398,0.71723
50,E2,82.4069,11,908.432,0.252608,1.68813,0.841724
50,E2,82.4069,12,991.873,0.261344,0.769079,0.868449
50,E2,82.4069,13,1075.31,0.240093,1.63778,0.822842
50,E2,82.4069,14,1158.76,0.362267,-0.320261,0.884703
50,E2,82.4069,15,1243.54,0.26793,0.178205,0.818654
50,E2,82.4069,16,1326.98,0.56733,-1.20644,0.908833
50,E2,82.4069,17,1411.77,0.263613,-1.41913,0.779707
50,E2,82.4069,18,1496.56,0.290278,0.400165,0.859931
50,E2,82.4069,19,1581.34,0.325263,-0.502356,0.810011
50,D7,2349.32,1,2367.31,3.07049,1.14851,0.991753
50,D7,2349.32,2,4754.8,4.16469,-5.46202,0.999646
50,As2,116.541,1,117.087,0.297067,3.72164,0.923222
50,As2,116.541,2,232.828,0.193173,1.99715,0.545221
50,As2,116.541,4,465.656,0.198719,2.24319,0.681085
50,As2,116.541,5,582.742,0.207001,1.48103,0.745342
50,As2,116.541,6,699.829,0.164414,0.936262,0.62908
50,As2,116.541,7,816.916,0.208814,1.71392,0.759641
50,As2,116.541,8,934.003,0.212041,0.588279,0.765153
50,As2,116.541,9,1052.44,0.269414,0.658419,0.883009
50,As2,116.541,10,1169.52,0.318421,1.05088,0.884208
50,As2,116.541,11,1289.3,0.322791,0.360904,0.851652
50,As2,116.541,25,3123.66,1.04669,-3.66389,0.869756
50,C6,1046.5,1,1048.4,1.05694,3.37085,0.819013
50,C6,1046.5,2,2106.22,1.76115,1.09451,0.981057
50,C6,1046.5,3,3188.26,3.29385,-1.29966,0.9397
50,C6,1046.5,4,4289.15,6.20886,-2.28727,0.96366
50,B3,246.942,1,246.286,0.306015,4.24786,0.838083
50,B3,246.942,2,493.918,0.266025,2.63797,0.671188
50,B3,246.942,3,741.55,0.230272,1.93387,0.629673
50,B3,246.942,4,989.182,0.331643,1.78844,0.820187
50,B3,246.942,5,1238.16,0.337694,1.85692,0.820215
50,B3,246.942,6,1489.83,0.387732,1.16111,0.932722
50,B3,246.942,7,1741.5,0.545735,1.0178,0.965712
50,E5,659.255,2,1322.95,0.567851,1.92828,0.802904
50,E5,659.255,3,1991.82,0.707244,0.514756,0.861328
50,E5,659.255,4,2668.77,1.18208,-0.575722,0.971702
50,E5,659.255,5,3357.83,3.29966,-2.15472,0.833691
50,Ds7,2489.02,1,2509.96,3.61805,1.23213,0.998075
50,B4,493.883,1,493.918,0.27754,2.5614,0.645834
50,B4,493.883,2,989.182,0.374834,1.63532,0.775459
50,B4,493.883,3,1487.14,0.432359,0.357053,0.857271
50,B4,493.883,4,1990.48,0.558536,0.704803,0.960969
50,B4,493.883,5,2499.2,0.838886,-0.454652,0.921684
50,B4,493.883,6,3014.65,1.57397,-1.07305,0.948064
50,B4,493.883,7,3543.56,2.53093,-2.17255,0.886349
50,C1,32.7032,1,32.2998,0.214986,1.07688,0.927608
50,C1,32.7032,2,64.5996,0.209211,2.13901,0.886184
50,C1,32.7032,3,96.8994,0.134962,3.95401,0.649278
50,C1,32.7032,4,130.545,0.178093,4.12921,0.864859
50,C1,32.7032,5,162.845,0.156657,1.71149,0.806429
50,C1,32.7032,6,195.145,0.149176,4.03106,0.704223
50,C1,32.7032,7,227.444,0.173061,3.03148,0.855068
50,C1,32.7032,9,293.39,0.147452,2.77916,0.747547
50,C1,32.7032,10,325.69,0.151766,2.93132,0.803363
50,C1,32.7032,11,359.335,0.138192,2.75856,0.632765
50,C1,32.7032,13,425.281,0.134635,1.67277,0.589936
50,C1,32.7032,14,458.926,0.14524,1.62928,0.575076
50,C1,32.7032,15,492.572,0.16644,-0.418233,0.725985
50,C1,32.7032,16,526.218,0.159893,0.537153,0.767187
50,C1,32.7032,17,559.863,0.17347,0.660742,0.724322
50,C1,32.7032,18,593.509,0.185656,1.17647,0.802665
50,C1,32.7032,19,627.155,0.158945,0.897518,0.690434
50,C1,32.7032,20,660.8,0.181172,0.895267,0.732494
50,C1,32.7032,21,695.792,0.190689,1.83021,0.831942
50,C1,32.7032,22,729.437,0.197887,1.64786,0.837512
50,C1,32.7032,23,764.429,0.202761,0.866422,0.821416
50,C1,32.7032,24,799.42,0.205873,-1.5573,0.877802
50,C1,32.7032,25,834.412,0.225888,0.0437159,0.802052
50,C1,32.7032,26,869.403,0.249916,-0.199439,0.92774
50,C1,32.7032,27,904.395,0.247218,-0.525458,0.952968
50,C1,32.7032,28,940.732,0.279137,0.683925,0.94035
50,C1,32.7032,29,977.069,0.283892,0.514041,0.95694
50,C1,32.7032,30,1013.41,0.297218,0.489379,0.943394
50,C1,32.7032,31,1049.74,0.33737,-0.155505,0.993638
50,C1,32.7032,32,1086.08,0.337849,-0.80955,0.989906
50,C1,32.7032,52,1924.53,0.84007,-0.961747,0.99636
50,C1,32.7032,53,1967.6,0.887923,-1.63399,0.983858
50,As5,932.328,1,934.003,0.811929,3.27559,0.851531
50,As5,932.328,2,1874.73,1.38606,0.74414,0.985337
50,As5,932.328,3,2830.27,3.01564,-0.868015,0.941409
50,As5,932.328,4,3811.38,4.35812,-2.82394,0.904034
50,As5,932.328,5,4808.63,8.4402,-3.54585,0.939551
50,As7,3729.31,1,3719.86,3.55641,-3.56135,0.997024
50,B6,1975.53,1,1989.13,2.18682,2.615,0.990691
50,C3,130.813,1,130.545,0.248024,3.87143,0.880055
50,C3,130.813,3,392.981,0.201046,1.66607,0.64867
50,C3,130.813,4,523.526,0.344842,2.79056,0.873315
50,C3,130.813,5,654.071,0.286537,2.22383,0.808512
50,C3,130.813,6,785.962,0.186306,0.468171,0.578349
50,C3,130.813,7,917.853,0.241269,0.984114,0.659217
50,C3,130.813,8,1049.74,0.336886,-1.00148,0.911141
50,C3,130.813,9,1181.63,0.472318,0.988894,0.877415
50,C3,130.813,10,1314.87,0.331788,0.133699,0.788982
50,C3,130.813,11,1448.11,0.42623,0.0243203,0.865636
50,C3,130.813,25,3530.1,2.76146,-3.89909,0.919183
50,C3,130.813,26,3675.45,2.43553,-2.78945,0.707872
50,Ds5,622.254,2,1247.58,0.588982,1.25909,0.710296
50,Ds5,622.254,3,1877.43,0.891611,0.0816045,0.934403
50,Ds5,622.254,4,2516.69,1.15824,-2.22305,0.927148
50,Ds5,622.254,5,3165.38,1.37785,-3.86583,0.570367
50,Ds5,622.254,6,3827.53,4.05071,-2.33962,0.888188
50,D2,73.4162,1,72.6746,0.22574,3.55288,0.922454
50,D2,73.4162,2,146.695,0.162153,3.31695,0.633491
50,D2,73.4162,3,219.37,0.211062,1.60442,0.75035
50,D2,73.4162,7,514.105,0.182103,1.9571,0.73989
50,D2,73.4162,8,588.126,0.208223,-0.156282,0.782998
50,D2,73.4162,9,660.8,0.208216,2.41686,0.682717
50,D2,73.4162,10,734.821,0.222107,2.24551,0.789197
50,D2,73.4162,11,808.841,0.173203,0.464942,0.605483
50,D2,73.4162,12,882.861,0.219972,0.144734,0.736941
50,D2,73.4162,13,956.882,0.246687,1.1631,0.802573
50,D2,73.4162,14,1032.25,0.218714,0.783821,0.760705
50,D2,73.4162,15,1106.27,0.237597,-0.01196,0.733776
50,D2,73.4162,16,1181.63,0.385363,0.0599609,0.894893
50,D2,73.4162,17,1257,0.301415,0.275404,0.815219
50,D2,73.4162,18,1331.02,0.426714,0.118696,0.930926
50,D2,73.4162,19,1407.73,0.363461,-0.226429,0.973754
50,E7,2637.02,1,2659.35,3.50457,1.6633,0.98701
50,Ds2,77.7817,1,78.0579,0.262403,4.04428,0.958645
50,Ds2,77.7817,2,154.77,0.236477,3.166,0.952133
50,Ds2,77.7817,3,232.828,0.139892,1.65757,0.626566
50,Ds2,77.7817,4,310.886,0.171908,3.21499,0.724238
50,Ds2,77.7817,5,388.943,0.183343,2.73894,0.582399
50,Ds2,77.7817,6,467.001,0.214471,1.73923,0.729385
50,Ds2,77.7817,7,545.059,0.230098,1.84285,0.868336
50,Ds2,77.7817,8,623.117,0.232785,0.133588,0.76942
50,Ds2,77.7817,9,701.175,0.135702,0.47848,0.595332
50,Ds2,77.7817,10,779.233,0.217963,1.30214,0.75237
50,Ds2,77.7817,11,857.291,0.228995,1.52693,0.753351
50,Ds2,77.7817,12,936.694,0.23761,0.492395,0.796242
50,Ds2,77.7817,13,1014.75,0.236909,0.847406,0.784275
50,Ds2,77.7817,14,1094.16,0.205748,0.441491,0.661334
50,Ds2,77.7817,15,1172.21,0.351445,0.733188,0.917846
50,Ds2,77.7817,16,1251.62,0.294947,-1.3795,0.721344
50,Ds2,77.7817,17,1332.37,0.50091,-0.2023,0.969345
50,Ds2,77.7817,18,1411.77,0.28974,-0.101057,0.874652
50,Ds2,77.7817,19,1492.52,0.310478,-1.03207,0.906791
50,Ds2,77.7817,37,3076.56,0.663537,-2.95492,0.851824
50,Ds2,77.7817,38,3165.38,1.36516,-2.11977,0.807929
50,C4,261.626,3,785.962,0.282635,1.96982,0.553494
50,C4,261.626,4,1048.4,0.357001,2.07328,0.828754
50,C4,261.626,5,1313.53,0.424499,1.4271,0.766277
50,C4,261.626,6,1578.65,0.453874,1.29256,0.922833
50,C4,261.626,7,1846.47,0.539348,0.271832,0.901259
50,B1,61.7354,1,61.908,0.219005,0.803529,0.866854
50,B1,61.7354,2,123.816,0.314044,4.62297,0.960521
50,B1,61.7354,3,184.378,0.221168,3.41457,0.68182
50,B1,61.7354,4,246.286,0.213391,1.3431,0.61075
50,B1,61.7354,5,308.194,0.221066,3.47466,0.800375
50,B1,61.7354,6,370.102,0.177165,3.12692,0.790424
50,B1,61.7354,8,493.918,0.144689,0.431239,0.593475
50,B1,61.7354,9,555.826,0.197783,1.99074,0.780104
50,B1,61.7354,10,617.734,0.243287,1.76223,0.876977
50,B1,61.7354,11,679.642,0.139078,1.67336,0.500922
50,B1,61.7354,12,742.896,0.197586,1.09303,0.685359
50,B1,61.7354,13,804.803,0.24312,1.42355,0.679109
50,B1,61.7354,14,866.711,0.17387,1.5287,0.731245
50,B1,61.7354,15,929.965,0.184988,1.2139,0.63206
50,B1,61.7354,16,993.219,0.231393,-0.348003,0.763853
50,B1,61.7354,17,1056.47,0.27139,0.0745512,0.855104
50,B1,61.7354,18,1118.38,0.258614,-0.0196504,0.802711
50,B1,61.7354,19,1182.98,0.25744,-0.227189,0.766859
50,B1,61.7354,20,1247.58,0.273722,-0.153431,0.75214
50,B1,61.7354,21,1312.18,0.351093,0.276953,0.960284
50,B1,61.7354,35,2295.98,0.437633,-1.95952,0.973277
50,As0,29.1352,1,28.2623,0.187247,0.346431,0.861832
50,As0,29.1352,2,57.8705,0.231817,2.96616,0.940508
50,As0,29.1352,3,86.1328,0.190391,4.75469,0.892193
50,As0,29.1352,4,115.741,0.179865,4.66903,0.874769
50,As0,29.1352,5,145.349,0.16514,4.14119,0.834477
50,As0,29.1352,8,232.828,0.151224,0.858093,0.864603
50,As0,29.1352,9,261.09,0.134276,2.8942,0.664217
50,As0,29.1352,11,320.306,0.117056,3.18333,0.620234
50,As0,29.1352,12,349.915,0.111316,3.13642,0.527275
50,As0,29.1352,13,380.869,0.170727,3.36671,0.850579
50,As0,29.1352,14,410.477,0.150568,2.10504,0.636275
50,As0,29.1352,15,440.085,0.181694,2.25859,0.87544
50,As0,29.1352,16,471.039,0.170881,0.130155,0.676463
50,As0,29.1352,17,501.993,0.153934,1.18889,0.734228
50,As0,29.1352,18,532.947,0.210132,2.35572,0.925879
50,As0,29.1352,19,563.901,0.180098,0.556999,0.835176
50,As0,29.1352,20,594.855,0.26919,1.60048,0.896005
50,As0,29.1352,21,625.809,0.222109,2.33838,0.913933
50,As0,29.1352,22,658.109,0.227111,2.81977,0.933176
50,As0,29.1352,23,689.062,0.226821,-0.16869,0.911602
50,As0,29.1352,24,721.362,0.203702,-1.92541,0.858457
50,As0,29.1352,25,753.662,0.226255,-0.463961,0.925834
50,As0,29.1352,26,787.308,0.241387,0.313604,0.917328
50,As0,29.1352,27,820.953,0.272998,1.19881,0.949645
50,As0,29.1352,28,853.253,0.279082,1.72601,0.953638
50,As0,29.1352,29,886.899,0.33728,1.42678,0.991211
50,As0,29.1352,30,921.89,0.305187,1.23117,0.965271
50,As0,29.1352,31,955.536,0.329255,0.458804,0.969752
50,As0,29.1352,32,990.527,0.381691,-1.29276,0.879951
50,As0,29.1352,38,1172.21,0.505833,0.21396,0.970322
50,As0,29.1352,39,1207.21,0.523996,-0.447981,0.978302
50,As0,29.1352,40,1244.89,0.6557,-0.803659,0.960779
50,As0,29.1352,41,1282.57,0.615505,-1.50755,0.98729
50,As0,29.1352,42,1320.25,0.660708,-0.993545,0.957218
50,As0,29.1352,43,1359.28,0.748037,-0.564147,0.959217
50,As0,29.1352,44,1398.31,0.73815,-0.300789,0.998755
50,As0,29.1352,45,1437.34,0.793006,-0.634327,0.989499
50,As0,29.1352,46,1477.72,0.969057,-1.61405,0.961544
50,As0,29.1352,47,1518.09,0.883607,-1.10099,0.967925
50,As0,29.1352,48,1559.81,0.887768,-1.00891,0.98254
50,As0,29.1352,49,1600.19,1.61436,-1.06971,0.99183
50,As0,29.1352,55,1816.86,1.32233,-0.950426,0.995858
50,As0,29.1352,56,1858.58,1.42819,-1.8119,0.962223
50,As0,29.1352,57,1904.34,1.71949,-1.58566,0.978553
50,As0,29.1352,58,1950.1,1.53874,-2.06174,0.935229
50,D5,587.33,1,586.78,0.431198,3.19202,0.579283
50,D5,587.33,2,1177.6,0.566138,1.35598,0.755989
50,D5,587.33,3,1771.11,0.84249,0.408517,0.938623
50,D5,587.33,4,2372.69,1.17072,-0.943807,0.957291
50,D5,587.33,5,2983.69,1.6448,-1.39053,0.98656
50,D5,587.33,6,3604.12,2.68744,-3.03571,0.965245
50,D5,587.33,7,4242.04,4.30125,-3.16451,0.903513
50,As1,58.2705,1,57.8705,0.210763,1.55295,0.882527
50,As1,58.2705,2,115.741,0.211838,3.62399,0.620095
50,As1,58.2705,3,174.957,0.257984,2.88401,0.77224
50,As1,58.2705,4,232.828,0.233829,2.84908,0.934145
50,As1,58.2705,7,407.785,0.19551,2.86974,0.861487
50,As1,58.2705,8,465.656,0.142857,-0.595555,0.569387
50,As1,58.2705,9,523.526,0.290605,2.77611,0.78872
50,As1,58.2705,10,582.742,0.142955,0.997963,0.615304
50,As1,58.2705,11,640.613,0.142743,1.54437,0.603825
50,As1,58.2705,12,699.829,0.199353,1.98488,0.612251
50,As1,58.2705,13,757.7,0.200487,1.44864,0.671685
50,As1,58.2705,14,816.916,0.186545,1.15761,0.609388
50,As1,58.2705,15,876.132,0.18037,1.78501,0.676919
50,As1,58.2705,16,935.349,0.260634,0.148769,0.715928
50,As1,58.2705,17,994.565,0.167177,0.406813,0.656574
50,As1,58.2705,18,1053.78,0.217376,0.67248,0.751426
50,As1,58.2705,19,1114.34,0.255047,1.44104,0.874387
50,As1,58.2705,30,1837.05,0.334087,-1.02393,0.838674
50,As1,58.2705,31,1898.96,0.370379,-2.17965,0.927497
50,As1,58.2705,34,2084.68,0.436375,-2.32483,0.951204
50,As1,58.2705,35,2149.28,0.392027,-1.90811,0.932994
50,As1,58.2705,48,3115.59,1.30139,-3.09735,0.74659
50,B0,30.8677,1,30.954,0.203086,0.61739,0.925064
50,B0,30.8677,2,61.908,0.222168,2.55426,0.934392
50,B0,30.8677,3,91.5161,0.184397,4.35945,0.878634
50,B0,30.8677,4,122.47,0.149732,4.23004,0.697035
50,B0,30.8677,5,153.424,0.143382,3.14567,0.766237
50,B0,30.8677,6,184.378,0.135391,3.76111,0.590844
50,B0,30.8677,11,339.148,0.115125,2.65527,0.636163
50,B0,30.8677,13,402.402,0.135701,2.64123,0.600983
50,B0,30.8677,14,433.356,0.134858,2.06219,0.661304
50,B0,30.8677,15,469.693,0.17838,-0.504878,0.785453
50,B0,30.8677,16,497.955,0.149283,0.194241,0.777854
50,B0,30.8677,17,528.909,0.185486,1.78936,0.847188
50,B0,30.8677,18,561.209,0.166209,0.933481,0.793598
50,B0,30.8677,19,593.509,0.198317,2.04991,0.844371
50,B0,30.8677,20,625.809,0.185519,1.63716,0.851546
50,B0,30.8677,21,659.454,0.190237,2.7417,0.83421
50,B0,30.8677,22,693.1,0.203087,1.65263,0.81976
50,B0,30.8677,23,725.4,0.212118,0.804537,0.854076
50,B0,30.8677,24,759.045,0.20374,-0.768145,0.912693
50,B0,30.8677,25,792.691,0.223868,-0.620398,0.934944
50,B0,30.8677,26,826.337,0.238168,1.57533,0.938979
50,B0,30.8677,27,861.328,0.250025,1.9986,0.89787
50,B0,30.8677,28,894.974,0.257544,0.844108,0.928854
50,B0,30.8677,29,929.965,0.299426,0.94262,0.941486
50,B0,30.8677,30,964.957,0.368564,1.90459,0.994495
50,B0,30.8677,31,999.948,0.391707,0.506449,0.94001
50,B0,30.8677,32,1034.94,0.329886,0.142374,0.988826
50,B0,30.8677,33,1071.28,0.355601,-1.86619,0.902905
50,B0,30.8677,34,1108.96,0.393525,0.340003,0.983244
50,B0,30.8677,35,1143.95,0.42936,0.740585,0.980125
50,B0,30.8677,36,1181.63,0.511996,-0.00280287,0.966038
50,B0,30.8677,37,1217.97,0.481002,0.471003,0.977598
50,B0,30.8677,38,1255.65,0.568983,0.2872,0.987121
50,B0,30.8677,39,1293.34,0.52429,0.274327,0.973609
50,B0,30.8677,40,1331.02,0.579131,-1.99608,0.979141
50,B0,30.8677,41,1370.05,0.615325,-1.4005,0.988423
50,B0,30.8677,42,1409.08,0.601346,-1.06819,0.987945
50,B0,30.8677,43,1449.45,0.635304,-0.408468,0.987016
50,B0,30.8677,44,1488.48,0.636836,-2.17156,0.973154
50,B0,30.8677,45,1528.86,0.73103,-1.6248,0.940221
50,B0,30.8677,46,1569.23,0.769957,-0.502851,0.983862
50,B0,30.8677,47,1608.26,0.789208,-0.632084,0.998588
50,B0,30.8677,48,1651.33,0.765843,-1.6013,0.986448
50,B0,30.8677,50,1734.77,0.902613,-2.23404,0.982597
50,B0,30.8677,51,1776.49,0.969047,-2.04884,0.968523
50,B0,30.8677,52,1820.9,1.12252,-2.5069,0.965072
50,B0,30.8677,53,1863.97,1.06949,-1.88851,0.925545
50,B0,30.8677,54,1907.03,1.1669,-1.2726,0.977651
50,B0,30.8677,82,3283.81,3.8905,-3.85442,0.960857
50,C5,523.251,1,523.526,0.622882,3.76156,0.869653
50,C5,523.251,3,1577.31,0.496117,0.884313,0.725862
50,C5,523.251,4,2110.25,0.702101,0.180026,0.791029
50,C5,523.251,5,2649.93,0.901682,-2.36761,0.942579
50,C5,523.251,6,3199.03,1.56357,-1.96536,0.941936
50,C5,523.251,7,3757.54,2.88407,-2.61104,0.935755
50,Ds3,155.563,1,156.116,0.301149,3.49678,0.860784
50,Ds3,155.563,2,310.886,0.234818,3.69652,0.648307
50,Ds3,155.563,3,467.001,0.206828,2.29708,0.719771
50,Ds3,155.563,4,621.771,0.196176,2.64044,0.740477
50,Ds3,155.563,5,777.887,0.225018,1.96311,0.728474
50,Ds3,155.563,6,935.349,0.300373,1.15109,0.716823
50,Ds3,155.563,7,1091.46,0.332821,1.91866,0.876642
50,Ds3,155.563,8,1248.93,0.25169,-1.68373,0.636641
50,Ds3,155.563,9,1406.39,0.336978,0.500047,0.914624
50,Ds3,155.563,10,1565.19,0.338403,0.405988,0.85777
50,Ds3,155.563,11,1725.35,0.49217,0.0170712,0.99595
50,D4,293.665,1,293.39,0.357883,4.24654,0.901328
50,D4,293.665,4,1177.6,0.493426,1.2871,0.862136
50,D4,293.665,5,1475.02,0.511173,1.12435,0.928501
50,D4,293.665,6,1773.8,0.515789,0.251544,0.848175
50,D4,293.665,7,2075.26,0.556058,-0.399085,0.937656
50,E1,41.2034,1,40.3748,0.190734,2.2287,0.917956
50,E1,41.2034,2,82.0953,0.155276,5.3292,0.801732
50,E1,41.2034,3,122.47,0.174381,4.69544,0.857641
50,E1,41.2034,4,164.191,0.183033,2.41899,0.863385
50,E1,41.2034,6,246.286,0.135923,2.84942,0.711191
50,E1,41.2034,7,288.007,0.142486,3.10882,0.652999
50,E1,41.2034,8,328.381,0.153862,1.75209,0.801459
50,E1,41.2034,9,370.102,0.165093,3.40497,0.838675
50,E1,41.2034,11,453.543,0.119472,2.3837,0.594074
50,E1,41.2034,12,495.264,0.15865,3.2808,0.779036
50,E1,41.2034,13,536.984,0.192591,2.0932,0.852918
50,E1,41.2034,14,578.705,0.188712,1.15577,0.80565
50,E1,41.2034,15,620.425,0.201254,1.60465,0.846433
50,E1,41.2034,16,662.146,0.173816,0.782165,0.69372
50,E1,41.2034,17,705.212,0.181231,-0.112575,0.870999
50,E1,41.2034,18,746.933,0.183536,0.883529,0.848579
50,E1,41.2034,19,789.999,0.249618,-0.100968,0.952536
50,E1,41.2034,20,831.72,0.231899,0.513453,0.882908
50,E1,41.2034,21,874.786,0.245818,1.29274,0.912528
50,E1,41.2034,22,917.853,0.280121,1.96133,0.956387
50,E1,41.2034,23,960.919,0.285016,0.60091,0.933159
50,E1,41.2034,24,1005.33,0.302588,-0.748508,0.916295
50,E1,41.2034,25,1049.74,0.312151,-0.0705491,0.979212
50,E1,41.2034,26,1094.16,0.308977,-0.932808,0.944827
50,E1,41.2034,27,1154.72,1.53414,3.07087,0.992683
50,E1,41.2034,37,1637.87,0.653336,-0.480229,0.938769
50,E1,41.2034,38,1687.66,0.758534,-0.883343,0.986734
50,E1,41.2034,39,1733.42,0.686769,-2.77568,0.881644
50,E1,41.2034,40,1783.22,0.683607,-2.00648,0.96823
50,E1,41.2034,41,1831.67,0.699217,-1.53957,0.95292
50,E1,41.2034,43,1928.57,0.754938,-1.69038,0.966682
50,E1,41.2034,69,3465.5,3.76236,-2.48181,0.866233
50,Ds4,311.127,1,310.886,0.408492,4.29471,0.893848
50,Ds4,311.127,3,934.003,0.307573,1.37216,0.58465
50,Ds4,311.127,5,1563.85,0.388377,0.839714,0.846619
50,Ds4,311.127,6,1881.46,0.489473,0.748677,0.910861
50,Ds4,311.127,8,2524.77,0.730082,-2.438,0.928751
50,C2,65.4064,1,65.9454,0.209295,0.662016,0.87657
50,C2,65.4064,2,130.545,0.35955,4.67779,0.900658
50,C2,65.4064,3,196.49,0.241955,3.63704,0.922271
50,C2,65.4064,4,261.09,0.206353,1.54325,0.589838
50,C2,65.4064,5,327.036,0.167867,3.14675,0.692235
50,C2,65.4064,6,391.635,0.187096,2.67618,0.775879
50,C2,65.4064,7,457.581,0.196319,1.57089,0.772723
50,C2,65.4064,9,588.126,0.238077,0.528007,0.854744
50,C2,65.4064,10,654.071,0.168766,1.59152,0.534348
50,C2,65.4064,11,720.016,0.241763,2.90489,0.918344
50,C2,65.4064,12,785.962,0.19242,1.74096,0.737971
50,C2,65.4064,14,919.199,0.153096,1.09446,0.651203
50,C2,65.4064,15,985.144,0.198018,0.402958,0.586379
50,C2,65.4064,16,1051.09,0.292161,-0.0781648,0.896419
50,C2,65.4064,17,1118.38,0.249586,0.746431,0.814792
50,C2,65.4064,18,1184.33,0.224651,-0.57761,0.784723
50,C2,65.4064,19,1252.96,0.318501,-0.230039,0.873855
50,B7,3951.07,1,3960.76,3.82931,-3.54435,0.989953
50,As6,1864.66,1,1876.08,1.63331,2.12659,0.966385
50,As6,1864.66,2,3781.77,3.72611,-3.32187,0.999894
50,E6,1318.51,1,1321.6,1.43543,3.55404,0.909656
50,E6,1318.51,2,2662.04,2.36209,-0.16092,0.979113
50,D3,146.832,1,146.695,0.312054,4.09232,0.937663
50,D3,146.832,4,586.78,0.220095,2.27615,0.617892
50,D3,146.832,5,734.821,0.202909,2.04531,0.536052
50,D3,146.832,6,882.861,0.359097,2.85729,0.888483
50,D3,146.832,7,1030.9,0.332796,2.02272,0.761425
50,D3,146.832,8,1178.94,0.318342,-0.505885,0.704984
50,D3,146.832,9,1328.33,0.35188,1.68986,0.916794
50,D3,146.832,10,1477.72,0.370109,0.821485,0.873115
50,D3,146.832,11,1627.1,0.34914,-0.374016,0.855014
50,D3,146.832,29,4676.74,2.28444,-5.54104,0.782633
50,Fs1,46.2493,1,45.7581,0.23285,1.6952,0.889984
50,Fs1,46.2493,2,91.5161,0.208421,3.6014,0.905025
50,Fs1,46.2493,3,138.62,0.282012,4.99654,0.967718
50,Fs1,46.2493,4,184.378,0.231529,4.11329,0.892114
50,Fs1,46.2493,5,230.136,0.222723,3.20827,0.803437
50,Fs1,46.2493,6,277.24,0.270093,3.27397,0.952724
50,Fs1,46.2493,9,415.86,0.21562,2.70145,0.858991
50,Fs1,46.2493,10,461.618,0.209176,2.28198,0.740264
50,Fs1,46.2493,11,508.722,0.15893,2.67858,0.695559
50,Fs1,46.2493,12,555.826,0.277477,1.77784,0.825006
50,Fs1,46.2493,13,601.584,0.216462,0.513578,0.79808
50,Fs1,46.2493,14,648.688,0.236644,2.23421,0.698681
50,Fs1,46.2493,16,742.896,0.189145,0.0972629,0.678071
50,Fs1,46.2493,18,837.103,0.264385,1.48778,0.812257
50,Fs1,46.2493,19,885.553,0.245441,1.20773,0.779735
50,Fs1,46.2493,20,932.657,0.229094,-1.13102,0.53217
50,Fs1,46.2493,21,981.107,0.37664,1.42857,0.892638
50,Fs1,46.2493,22,1029.56,0.191175,0.857289,0.751023
50,Fs1,46.2493,33,1619.03,0.557177,-1.98589,0.934114
50,Fs1,46.2493,34,1670.17,0.513911,-1.61008,0.920816
50,Fs1,46.2493,35,1721.31,0.511372,-0.627405,0.965089
50,Fs1,46.2493,36,1773.8,0.52197,-0.77176,0.872477
50,Fs1,46.2493,37,1824.94,0.476609,-2.6813,0.984604
50,Fs1,46.2493,38,1877.43,0.550961,-2.57102,0.97342
50,Gs2,103.826,1,103.629,0.287397,3.76303,0.943765
50,Gs2,103.826,4,414.514,0.16307,2.14459,0.674046
50,Gs2,103.826,5,519.489,0.155764,1.34819,0.54946
50,Gs2,103.826,6,623.117,0.268953,2.61877,0.925204
50,Gs2,103.826,7,728.091,0.225637,1.3595,0.795613
50,Gs2,103.826,8,831.72,0.230578,1.23922,0.867108
50,Gs2,103.826,9,936.694,0.351466,2.45142,0.883344
50,Gs2,103.826,10,1041.67,0.22587,1.68397,0.758255
50,Gs2,103.826,11,1146.64,0.206447,-0.0802497,0.845536
50,Gs2,103.826,12,1251.62,0.248882,0.525782,0.81648
50,Gs2,103.826,13,1357.94,0.293298,0.421739,0.946304
50,Gs2,103.826,14,1464.26,0.433285,0.465639,0.955721
50,Gs2,103.826,15,1570.58,0.36331,-0.232754,0.91972
50,Gs2,103.826,16,1676.9,0.351582,-2.48257,0.842589
50,Gs2,103.826,17,1784.56,0.342403,-0.857973,0.864776
50,Gs2,103.826,18,1892.23,0.380945,-1.60696,0.922329
50,Gs2,103.826,19,2001.24,0.398636,-2.14561,0.92581
50,Gs2,103.826,21,2217.92,0.521154,-2.41683,0.879787
50,Gs2,103.826,23,2438.64,0.484671,-2.17315,0.967222
50,Cs3,138.591,2,277.24,0.21394,3.51675,0.71732
50,Cs3,138.591,3,415.86,0.239123,2.93643,0.783184
50,Cs3,138.591,4,554.48,0.264546,2.51121,0.658409
50,Cs3,138.591,5,693.1,0.230054,2.33732,0.723101
50,Cs3,138.591,6,833.066,0.263987,1.96111,0.691035
50,Cs3,138.591,7,971.686,0.414075,2.20512,0.915098
50,Cs3,138.591,8,1111.65,0.240798,-0.244638,0.791691
50,Cs3,138.591,9,1252.96,0.276459,0.931401,0.684792
50,Cs3,138.591,10,1392.93,0.300833,-0.271188,0.88766
50,Cs3,138.591,11,1535.59,0.345986,-0.194939,0.890399
50,Cs3,138.591,26,3910.97,1.86247,-4.06549,0.590723
50,Cs3,138.591,28,4228.58,1.773,-4.05345,0.734486
50,A3,220,2,440.085,0.209689,3.26874,0.706428
50,A3,220,3,660.8,0.325465,1.71193,0.870654
50,A3,220,4,881.516,0.31315,0.365201,0.924636
50,A3,220,5,1103.58,0.288471,1.84968,0.811537
50,A3,220,6,1325.64,0.293479,0.375826,0.696508
50,A3,220,7,1550.39,0.42969,0.675645,0.958401
50,F2,87.3071,1,87.4786,0.166092,3.90635,0.832414
50,F2,87.3071,2,174.957,0.294789,2.88802,0.981833
50,F2,87.3071,3,261.09,0.152105,1.80651,0.800565
50,F2,87.3071,5,436.047,0.232922,2.16378,0.615118
50,F2,87.3071,6,523.526,0.18704,1.30948,0.761504
50,F2,87.3071,7,611.005,0.196319,2.05755,0.567927
50,F2,87.3071,9,787.308,0.158274,1.19738,0.60015
50,F2,87.3071,10,874.786,0.172448,1.31937,0.662061
50,F2,87.3071,11,963.611,0.220644,0.219013,0.756602
50,F2,87.3071,12,1051.09,0.290741,0.92395,0.828308
50,F2,87.3071,13,1139.91,0.306909,2.02179,0.874446
50,F2,87.3071,14,1228.74,0.228389,1.04307,0.762342
50,F2,87.3071,15,1317.56,0.286571,0.611154,0.829284
50,F2,87.3071,16,1407.73,0.361429,-1.15754,0.909037
50,F2,87.3071,17,1496.56,0.316739,-1.27672,0.870046
50,F2,87.3071,18,1586.73,0.33164,-0.065011,0.87131
50,F2,87.3071,19,1676.9,0.363174,0.221038,0.90622
50,F2,87.3071,20,1768.41,0.491656,-2.69478,0.926546
50,G7,3135.96,1,3160,3.87492,-0.979175,0.999992
50,G7,3135.96,2,6340.18,4.93758,-9.20201,0.791861
50,Cs4,277.183,1,277.24,0.372561,4.13289,0.883693
50,Cs4,277.183,4,1111.65,0.357349,1.12913,0.803511
50,Cs4,277.183,5,1391.58,0.327582,1.53312,0.762496
50,Cs4,277.183,6,1674.21,0.446065,1.52165,0.862114
50,Cs4,277.183,7,1956.83,0.494215,0.661623,0.917284
50,Gs5,830.609,1,831.72,0.503308,3.47931,0.776842
50,Gs5,830.609,2,1668.82,0.906152,0.565742,0.965875
50,Gs5,830.609,3,2516.69,1.61234,-0.641059,0.970971
50,Fs6,1479.98,1,1484.45,1.62838,3.20526,0.96069
50,Fs6,1479.98,2,2991.77,2.18583,-0.846888,0.987856
50,A4,440,1,440.085,0.354047,2.57142,0.746161
50,A4,440,2,881.516,0.423962,2.68708,0.826511
50,A4,440,3,1322.95,0.444242,1.38076,0.77432
50,A4,440,4,1771.11,0.493545,0.73479,0.897616
50,A4,440,5,2220.61,0.636777,-0.592767,0.945816
50,F5,698.456,1,698.483,0.56954,3.80198,0.535706
50,F5,698.456,2,1401,0.614242,0.696871,0.76617
50,F5,698.456,3,2111.6,0.934388,0.0253207,0.922626
50,F5,698.456,4,2830.27,1.70517,-1.94563,0.961381
50,F5,698.456,5,3558.36,2.8578,-5.39026,0.962868
50,A5,880,1,881.516,0.725072,3.50089,0.810963
50,A5,880,2,1768.41,1.03139,-0.118451,0.927128
50,A5,880,3,2670.12,2.01368,-1.23053,0.951531
50,A5,880,4,3590.66,4.17507,-1.45506,0.967432
50,A5,880,5,4534.08,5.76321,-3.27348,0.973796
50,F4,349.228,1,348.569,0.380288,4.04896,0.917454
50,F4,349.228,3,1049.74,0.243397,1.49763,0.600131
50,F4,349.228,4,1402.35,0.570316,0.997138,0.841425
50,F4,349.228,5,1757.65,0.466348,-0.221637,0.816007
50,F4,349.228,6,2115.64,0.546896,-0.615233,0.893118
50,F4,349.228,7,2476.32,0.651409,-1.40558,0.934627
50,G1,48.9994,1,48.4497,0.299317,2.36422,0.920578
50,G1,48.9994,2,98.2452,0.18833,3.58962,0.618059
50,G1,48.9994,3,146.695,0.270953,4.84346,0.933541
50,G1,48.9994,4,195.145,0.188116,3.39213,0.844281
50,G1,48.9994,5,244.94,0.182134,2.8213,0.813779
50,G1,48.9994,7,341.84,0.168944,2.32171,0.631731
50,G1,48.9994,8,391.635,0.230078,1.32349,0.947286
50,G1,48.9994,10,489.88,0.25714,2.70012,0.794776
50,G1,48.9994,11,539.676,0.165916,0.617359,0.745367
50,G1,48.9994,12,588.126,0.23238,1.27401,0.718617
50,G1,48.9994,13,637.921,0.227225,2.07027,0.786978
50,G1,48.9994,14,687.717,0.17705,1.57633,0.808928
50,G1,48.9994,15,737.512,0.220657,1.08253,0.799332
50,G1,48.9994,16,787.308,0.186263,0.247752,0.621561
50,G1,48.9994,17,837.103,0.227763,1.38944,0.725072
50,G1,48.9994,18,886.899,0.238738,1.27752,0.830805
50,G1,48.9994,19,936.694,0.335486,2.03445,0.904604
50,G1,48.9994,20,987.836,0.255267,-0.260639,0.823574
50,G1,48.9994,21,1038.98,0.296131,1.83304,0.855743
50,G1,48.9994,22,1091.46,0.281427,1.38779,0.852873
50,G1,48.9994,23,1143.95,0.271781,-0.0478492,0.831367
50,G1,48.9994,33,1713.24,0.376274,-2.10888,0.856106
50,G1,48.9994,34,1765.72,0.518167,-1.26234,0.914165
50,G1,48.9994,35,1819.56,0.439211,-0.948513,0.957663
50,G1,48.9994,36,1873.39,0.470251,-1.56705,0.953225
50,G1,48.9994,37,1928.57,0.508603,-0.844798,0.926131
50,G1,48.9994,38,1983.75,0.464537,-1.73561,0.976173
50,Fs7,2959.96,1,2982.35,4.26835,-1.20047,0.998623
50,Fs7,2959.96,2,5964.7,3.7019,-9.84862,0.733324
50,Gs4,415.305,1,415.86,0.334594,3.63826,0.880542
50,Gs4,415.305,2,831.72,0.340166,1.08463,0.739719
50,Gs4,415.305,3,1248.93,0.246848,0.264349,0.590624
50,Gs4,415.305,4,1670.17,0.512401,0.703054,0.875014
50,Gs4,415.305,5,2095.45,0.601868,-1.01395,0.918199
50,Gs4,415.305,6,2523.42,0.810685,-1.4807,0.956888
50,Gs4,415.305,7,2958.12,1.01057,-1.98694,0.954709
50,Gs4,415.305,8,3399.55,2.00015,-3.66904,0.812247
50,Cs5,554.365,2,1110.31,0.445548,2.08758,0.637548
50,Cs5,554.365,3,1671.51,0.746453,0.828345,0.851309
50,Cs5,554.365,4,2238.11,0.888661,0.246134,0.927963
50,Cs5,554.365,5,2811.43,1.34869,-1.86129,0.917945
50,Cs5,554.365,6,3395.52,2.20342,-1.6812,0.929875
50,Cs5,554.365,7,3993.06,2.99023,-3.21277,0.903602
50,Cs5,554.365,8,4602.72,4.12399,-5.99019,0.813546
50,A2,110,1,110.358,0.272022,3.61629,0.951654
50,A2,110,2,219.37,0.218332,2.31535,0.591645
50,A2,110,3,329.727,0.136075,2.87937,0.588073
50,A2,110,4,440.085,0.178963,2.23328,0.568418
50,A2,110,5,550.443,0.225497,1.52215,0.782569
50,A2,110,6,660.8,0.126329,0.245797,0.506252
50,A2,110,7,771.158,0.202397,-0.108841,0.644161
50,A2,110,8,881.516,0.22886,0.259348,0.636483
50,A2,110,9,991.873,0.286532,1.10349,0.862212
50,A2,110,10,1103.58,0.254881,1.5073,0.797766
50,A2,110,11,1216.63,0.27433,0.0305631,0.800116
50,A2,110,28,3382.06,1.17706,-8.61029,0.448455
50,G6,1567.98,1,1574.62,1.80611,2.88533,0.977721
50,G6,1567.98,2,3160,3.09366,-4.03117,0.963727
50,F3,174.614,1,174.957,0.232597,3.2179,0.843062
50,F3,174.614,2,348.569,0.200188,3.70619,0.5931
50,F3,174.614,3,523.526,0.223805,3.28934,0.723474
50,F3,174.614,4,698.483,0.255541,2.95574,0.819627
50,F3,174.614,5,874.786,0.226819,1.39849,0.69274
50,F3,174.614,6,1049.74,0.361198,1.05742,0.945404
50,F3,174.614,7,1226.05,0.273734,1.08314,0.759689
50,F3,174.614,8,1403.7,0.320006,-0.693069,0.80782
50,F3,174.614,9,1581.34,0.353954,0.405855,0.892549
50,F3,174.614,10,1760.34,0.369028,0.232655,0.898935
50,F3,174.614,11,1939.33,0.553511,-1.69993,0.881243
50,F3,174.614,12,2121.02,0.500177,-1.27176,0.925064
50,F3,174.614,13,2304.05,0.530441,-1.90938,0.940858
50,Cs2,69.2957,1,68.6371,0.188045,3.06207,0.801692
50,Cs2,69.2957,4,277.24,0.269089,1.61907,0.790822
50,Cs2,69.2957,5,345.877,0.19891,3.0665,0.840585
50,Cs2,69.2957,7,484.497,0.209419,2.51451,0.870531
50,Cs2,69.2957,8,554.48,0.211524,0.77193,0.788836
50,Cs2,69.2957,9,624.463,0.181998,1.98872,0.538361
50,Cs2,69.2957,10,693.1,0.222415,2.22982,0.855429
50,Cs2,69.2957,11,763.083,0.188365,1.37444,0.798071
50,Cs2,69.2957,12,833.066,0.201721,1.8769,0.731044
50,Cs2,69.2957,13,903.049,0.191019,-0.862135,0.768459
50,Cs2,69.2957,14,974.377,0.198686,0.288798,0.637169
50,Cs2,69.2957,15,1044.36,0.276975,-0.00678709,0.870105
50,Cs2,69.2957,16,1114.34,0.258205,-0.817275,0.828154
50,Cs2,69.2957,17,1185.67,0.241876,0.467637,0.790795
50,Cs2,69.2957,18,1255.65,0.28684,-0.0112886,0.890463
50,Cs2,69.2957,19,1328.33,0.355314,0.686459,0.907749
50,Gs3,207.652,2,415.86,0.197587,2.89753,0.643157
50,Gs3,207.652,3,623.117,0.287021,3.04911,0.781578
50,Gs3,207.652,4,831.72,0.338609,1.99348,0.778713
50,Gs3,207.652,5,1040.32,0.342139,2.07356,0.902446
50,Gs3,207.652,6,1250.27,0.34391,1.41303,0.803578
50,Gs3,207.652,7,1461.57,0.477949,1.20462,0.886608
50,Gs3,207.652,8,1674.21,0.449615,-1.75177,0.944841
50,Gs3,207.652,9,1886.85,0.473072,-0.369302,0.953053
50,Gs3,207.652,10,2100.83,0.549718,-1.09503,0.94321
50,Gs3,207.652,12,2535.53,0.853455,-1.66977,0.993259
50,Gs3,207.652,13,2756.25,0.858603,-1.73781,0.965855
50,Gs3,207.652,15,3201.72,1.11081,-3.44114,0.836118
50,G4,391.995,1,391.635,0.496977,3.36985,0.764433
50,G4,391.995,2,784.616,0.282338,0.795066,0.658086
50,G4,391.995,3,1178.94,0.402025,-0.115075,0.778926
50,G4,391.995,4,1575.96,0.407755,0.707721,0.845416
50,G4,391.995,5,1975.67,0.479287,-0.226279,0.858543
50,G4,391.995,6,2380.76,0.601265,-1.11117,0.944572
50,G4,391.995,7,2787.2,0.772098,-2.9421,0.92506
50,G4,391.995,8,3201.72,1.46106,-3.27865,0.823395
50,F1,43.6535,1,43.0664,0.277296,1.2565,0.912014
50,F1,43.6535,2,87.4786,0.33508,4.7633,0.969078
50,F1,43.6535,3,130.545,0.305953,4.46898,0.980678
50,F1,43.6535,4,173.611,0.267063,3.14394,0.906575
50,F1,43.6535,5,218.024,0.209852,3.59461,0.702744
50,F1,43.6535,6,261.09,0.250201,3.36955,0.945266
50,F1,43.6535,7,305.502,0.206674,2.27332,0.711019
50,F1,43.6535,9,392.981,0.148251,2.55722,0.611884
50,F1,43.6535,11,480.46,0.245803,0.91968,0.836109
50,F1,43.6535,12,524.872,0.149182,1.83071,0.524937
50,F1,43.6535,13,567.938,0.242276,1.30584,0.765606
50,F1,43.6535,14,612.35,0.24611,0.545344,0.569343
50,F1,43.6535,15,656.763,0.321422,2.03376,0.844809
50,F1,43.6535,16,701.175,0.24704,-0.465729,0.752423
50,F1,43.6535,17,745.587,0.263214,0.826704,0.785585
50,F1,43.6535,18,791.345,0.166561,1.21278,0.767084
50,F1,43.6535,19,835.757,0.179267,1.27319,0.652119
50,F1,43.6535,20,880.17,0.208709,0.00300744,0.71124
50,F1,43.6535,21,925.928,0.272382,0.37733,0.865039
50,F1,43.6535,22,971.686,0.35481,1.1529,0.884639
50,F1,43.6535,23,1018.79,0.344987,0.619608,0.945036
50,F1,43.6535,34,1580,0.559347,-1.30977,0.921086
50,F1,43.6535,35,1628.45,0.670382,-0.11701,0.914614
50,F1,43.6535,36,1678.24,0.539721,-0.845306,0.919622
50,F1,43.6535,37,1726.69,0.576843,-2.08616,0.952981
50,F1,43.6535,38,1776.49,0.520341,-2.47123,0.969271
50,F1,43.6535,39,1826.28,0.597143,-2.64413,0.907742
50,F1,43.6535,41,1927.22,0.59303,-2.0641,0.969224
50,F1,43.6535,42,1977.02,0.620213,-1.48112,0.967405
50,F1,43.6535,49,2395.57,0.816048,-2.63414,0.922295
50,F1,43.6535,61,3127.7,2.23063,-3.69746,0.877817
50,A0,27.5,1,26.9165,0.210059,0.337787,0.901565
50,A0,27.5,2,55.1788,0.247832,2.30102,0.950366
50,A0,27.5,3,82.0953,0.217993,4.9367,0.925498
50,A0,27.5,4,109.012,0.135036,3.62135,0.619121
50,A0,27.5,5,135.928,0.157295,3.31715,0.763335
50,A0,27.5,6,164.191,0.195159,2.64565,0.869744
50,A0,27.5,10,274.548,0.124318,1.41402,0.508007
50,A0,27.5,11,302.811,0.118069,3.28385,0.572167
50,A0,27.5,12,331.073,0.11208,3.0102,0.542097
50,A0,27.5,13,357.99,0.176078,3.45491,0.864889
50,A0,27.5,14,386.252,0.207556,3.16131,0.904037
50,A0,27.5,15,415.86,0.300965,1.89591,0.731941
50,A0,27.5,16,442.776,0.191901,-0.21722,0.78386
50,A0,27.5,17,472.385,0.173097,0.939315,0.747497
50,A0,27.5,18,501.993,0.186732,1.76415,0.755384
50,A0,27.5,19,530.255,0.173895,2.43742,0.797018
50,A0,27.5,20,559.863,0.197628,1.45898,0.792758
50,A0,27.5,21,589.471,0.130421,2.2649,0.635265
50,A0,27.5,22,619.08,0.211278,1.69795,0.923765
50,A0,27.5,23,648.688,0.225853,1.56627,0.944216
50,A0,27.5,24,679.642,0.264044,-0.431658,0.967582
50,A0,27.5,25,710.596,0.248947,-0.0954984,0.934817
50,A0,27.5,26,741.55,0.242749,1.19461,0.943178
50,A0,27.5,27,771.158,0.27263,0.918713,0.971466
50,A0,27.5,28,803.458,0.275676,1.84164,0.948374
50,A0,27.5,29,834.412,0.355608,2.06156,0.988635
50,A0,27.5,30,866.711,0.335731,1.86454,0.987146
50,A0,27.5,31,899.011,0.332632,-0.649572,0.954018
50,A0,27.5,32,931.311,0.358994,-1.23523,0.905028
50,A0,27.5,34,997.256,0.501385,-0.911907,0.99481
50,A0,27.5,35,1030.9,0.432827,1.22663,0.993726
50,A0,27.5,36,1064.55,0.452755,1.49219,0.993077
50,A0,27.5,37,1096.85,0.486923,0.831683,0.998592
50,A0,27.5,42,1240.85,0.660877,-0.859983,0.985987
50,A0,27.5,43,1275.84,0.750681,0.577962,0.989791
50,A0,27.5,44,1312.18,0.75241,0.349945,0.986965
50,A0,27.5,45,1349.86,0.898036,0.601024,0.990981
50,A0,27.5,46,1386.2,0.907207,-0.872242,0.994817
50,A0,27.5,47,1423.88,0.99915,-0.204897,0.999386
50,A0,27.5,48,1462.91,1.02209,-0.576725,0.98625
50,A0,27.5,49,1500.6,1.18353,-0.790287,0.990661
50,A0,27.5,52,1620.37,1.20029,-1.08786,0.966898
50,A0,27.5,54,1699.78,1.32656,-0.272608,0.992775
50,A0,27.5,56,1776.49,1.60995,-0.842476,0.999872
50,Fs2,92.4986,1,92.8619,0.374448,4.19065,0.976224
50,Fs2,92.4986,2,184.378,0.195075,2.60961,0.73166
50,Fs2,92.4986,3,277.24,0.174007,3.29604,0.560923
50,Fs2,92.4986,5,461.618,0.212744,1.8,0.706795
50,Fs2,92.4986,6,554.48,0.182972,2.42747,0.641842
50,Fs2,92.4986,7,647.342,0.197276,2.30942,0.728701
50,Fs2,92.4986,9,834.412,0.273805,2.01158,0.893577
50,Fs2,92.4986,10,927.274,0.205693,0.490115,0.712268
50,Fs2,92.4986,11,1021.48,0.343104,0.467228,0.886003
50,Fs2,92.4986,12,1114.34,0.270207,0.138127,0.740536
50,Fs2,92.4986,13,1208.55,0.204369,-0.174801,0.69976
50,Fs2,92.4986,14,1302.76,0.274878,0.85082,0.801072
50,Fs2,92.4986,15,1396.97,0.369522,0.574895,0.813193
50,Fs2,92.4986,16,1492.52,0.327234,-1.19936,0.889102
50,Fs2,92.4986,17,1586.73,0.484073,-0.747385,0.979916
50,Fs2,92.4986,18,1682.28,0.439933,0.0117112,0.943537
50,Fs2,92.4986,19,1777.84,0.382929,-1.39486,0.896187
50,Fs2,92.4986,20,1874.73,0.394789,-1.60947,0.896386
50,Fs2,92.4986,21,1972.98,0.466519,-1.53412,0.922992
50,Gs1,51.9131,1,52.4872,0.198202,0.780215,0.777556
50,Gs1,51.9131,2,103.629,0.27891,4.18727,0.931839
50,Gs1,51.9131,3,154.77,0.178195,3.14621,0.798163
50,Gs1,51.9131,4,207.257,0.204142,3.77888,0.786463
50,Gs1,51.9131,8,414.514,0.120102,0.273032,0.617947
50,Gs1,51.9131,10,519.489,0.176288,2.56421,0.703998
50,Gs1,51.9131,11,570.63,0.161367,1.521,0.701047
50,Gs1,51.9131,12,623.117,0.224805,0.118763,0.857472
50,Gs1,51.9131,13,675.604,0.276283,1.67504,0.793216
50,Gs1,51.9131,14,728.091,0.221868,0.655345,0.676644
50,Gs1,51.9131,15,780.579,0.225474,0.797601,0.759739
50,Gs1,51.9131,16,833.066,0.239772,-0.374509,0.777898
50,Gs1,51.9131,17,886.899,0.213603,0.206224,0.731695
50,Gs1,51.9131,18,939.386,0.262186,0.488844,0.918863
50,Gs1,51.9131,19,991.873,0.316204,1.06967,0.865253
50,Gs1,51.9131,20,1047.05,0.217371,-0.84362,0.794371
50,Gs1,51.9131,27,1441.38,13.2795,-0.280869,0.997704
50,Gs1,51.9131,34,1868.01,0.482759,-1.86295,0.980974
50,Gs1,51.9131,35,1925.88,0.492039,-1.00777,0.993076
50,Gs1,51.9131,36,1981.05,0.479225,-2.21271,0.954723
50,Gs1,51.9131,37,2037.58,0.478293,-2.0139,0.988369
50,Gs1,51.9131,44,2505.93,0.757244,-2.5757,0.95984
50,F6,1396.91,1,1401,1.57761,2.26703,0.931938
50,F6,1396.91,2,2824.89,2.62024,-1.06029,0.975659
50,G3,195.998,1,196.49,0.292318,3.99366,0.938352
50,G3,195.998,2,391.635,0.21154,2.74836,0.75785
50,G3,195.998,4,784.616,0.270028,1.97542,0.715943
50,G3,195.998,5,982.452,0.368008,1.02933,0.909289
50,G3,195.998,6,1180.29,0.359797,1.85814,0.85424
50,G3,195.998,7,1378.12,0.297115,0.820682,0.790598
50,G3,195.998,8,1577.31,0.369313,-1.04501,0.897519
50,G3,195.998,9,1779.18,0.410634,0.166817,0.931641
50,G3,195.998,10,1979.71,0.491573,0.190782,0.97198
50,G3,195.998,11,2184.27,0.540489,-2.28328,0.92447
50,G3,195.998,12,2388.84,0.60079,-2.31628,0.959696
50,G3,195.998,13,2594.75,0.87905,-2.65841,0.940611
50,G3,195.998,15,3011.96,1.08207,-2.21924,0.907393
50,G3,195.998,16,3225.94,1.56753,-2.84614,0.780727
50,G3,195.998,19,3873.28,3.66639,-3.05741,0.898027
50,A7,3520,1,3526.06,3.77872,-10.0411,0.789453
50,Gs6,1661.22,1,1670.17,1.77985,2.9943,0.951183
50,Gs6,1661.22,2,3353.8,3.85251,-4.5264,0.987433
50,Cs7,2217.46,1,2234.07,2.40898,1.87885,0.995902
50,Cs7,2217.46,2,4468.14,2.55151,-7.59468,0.862306
50,Fs5,739.989,1,740.204,0.42823,2.9244,0.537293
50,Fs5,739.989,2,1485.79,0.616916,0.385619,0.799307
50,Fs5,739.989,3,2238.11,0.872275,-0.931157,0.921553
50,Fs4,369.994,1,370.102,0.47892,3.9534,0.821152
50,Fs4,369.994,2,740.204,0.287948,1.60511,0.673583
50,Fs4,369.994,3,1111.65,0.287777,-0.032565,0.532826
50,Fs4,369.994,4,1485.79,0.371914,0.431478,0.844915
50,Fs4,369.994,5,1863.97,0.452443,-1.23322,0.914183
50,Fs4,369.994,6,2242.14,0.491544,-1.14623,0.941779
50,Fs4,369.994,7,2627.05,0.656183,-2.07401,0.963941
50,Fs4,369.994,8,3015.99,1.22358,-3.38778,0.889449
50,Cs6,1108.73,1,1110.31,1.28907,3.34273,0.864413
50,Cs6,1108.73,2,2232.72,1.61953,-0.403474,0.944558
50,Cs6,1108.73,3,3376.68,3.93103,-2.40637,0.971838
50,Gs7,3322.44,1,3348.41,4.07683,-1.73227,0.995358
50,Gs7,3322.44,2,6680.68,17.4385,-8.98505,0.999966
50,G2,97.9989,1,98.2452,0.240683,4.06679,0.940149
50,G2,97.9989,4,391.635,0.244774,3.09816,0.727712
50,G2,97.9989,5,489.88,0.229874,1.85112,0.885112
50,G2,97.9989,6,588.126,0.240963,1.1734,0.792018
50,G2,97.9989,7,686.371,0.217162,2.97074,0.855066
50,G2,97.9989,8,784.616,0.133359,0.174376,0.621363
50,G2,97.9989,9,884.207,0.185623,0.883258,0.646146
50,G2,97.9989,10,982.452,0.253685,0.488207,0.693169
50,G2,97.9989,11,1082.04,0.221037,-0.091711,0.725807
50,G2,97.9989,12,1181.63,0.275555,0.761279,0.811617
50,G2,97.9989,13,1281.23,0.27758,0.714182,0.770725
50,G2,97.9989,14,1380.82,0.286687,-0.769204,0.861953
50,G2,97.9989,15,1481.75,0.347135,-0.981477,0.902207
50,G2,97.9989,16,1582.69,0.36608,-1.7429,0.935091
50,G2,97.9989,17,1683.63,0.370342,0.0384094,0.957564
50,G2,97.9989,18,1784.56,0.427208,-0.0721528,0.923495
50,G2,97.9989,19,1886.85,0.440177,-1.17558,0.939811
50,G2,97.9989,21,2091.41,0.480344,-0.89014,0.967285
50,G2,97.9989,22,2195.04,0.597594,-1.79756,0.883082
50,F7,2793.83,1,2818.16,4.40141,0.751304,0.991962
50,A6,1760,1,1769.76,1.69389,2.64312,0.959813
50,A6,1760,2,3570.47,4.55602,-1.70817,0.952565
50,Cs1,34.6478,1,34.9915,0.155666,0.584502,0.750632
50,Cs1,34.6478,2,68.6371,0.182656,4.15357,0.873916
50,Cs1,34.6478,3,103.629,0.15064,5.24283,0.801226
50,Cs1,34.6478,4,137.274,0.167218,4.28481,0.849403
50,Cs1,34.6478,5,172.266,0.158729,3.269,0.819688
50,Cs1,34.6478,7,240.903,0.179821,2.62627,0.845431
50,Cs1,34.6478,8,275.894,0.152732,-1.49769,0.769232
50,Cs1,34.6478,9,310.886,0.125568,2.57674,0.679787
50,Cs1,34.6478,11,380.869,0.149892,3.57527,0.678518
50,Cs1,34.6478,13,450.851,0.177882,2.61751,0.849257
50,Cs1,34.6478,14,499.301,4.46031,2.91596,0.999737
50,Cs1,34.6478,15,520.834,0.209613,2.16254,0.91158
50,Cs1,34.6478,16,557.172,0.125704,0.169966,0.607683
50,Cs1,34.6478,17,592.163,0.180762,1.34302,0.835535
50,Cs1,34.6478,18,627.155,0.227012,-0.0867957,0.859313
50,Cs1,34.6478,19,663.492,0.210085,1.91957,0.851881
50,Cs1,34.6478,20,699.829,0.216972,0.566225,0.770664
50,Cs1,34.6478,21,734.821,0.161553,0.845407,0.801851
50,Cs1,34.6478,22,772.504,0.198147,2.23359,0.873397
50,Cs1,34.6478,23,808.841,0.212373,1.18654,0.918402
50,Cs1,34.6478,24,845.178,0.241078,-0.356654,0.91195
50,Cs1,34.6478,25,881.516,0.23102,-0.132927,0.90413
50,Cs1,34.6478,26,919.199,0.304264,0.112397,0.974897
50,Cs1,34.6478,27,956.882,0.307496,0.194598,0.953831
50,Cs1,34.6478,28,998.602,0.445091,-2.06826,0.943482
50,Cs1,34.6478,37,1379.47,0.43852,-0.594704,0.969134
50,Cs1,34.6478,38,1421.19,0.48345,-0.834608,0.991609
50,Cs1,34.6478,39,1460.22,0.5,-1.85753,0.990335
50,Cs1,34.6478,40,1497.9,0.680176,-1.68671,0.768648
50,Cs1,34.6478,41,1543.66,0.547573,-1.70481,0.977816
50,Cs1,34.6478,42,1584.04,0.654381,-1.86037,0.936934
50,Cs1,34.6478,43,1625.76,0.594295,-1.84632,0.979084
50,Cs1,34.6478,45,1710.54,0.663987,-1.45793,0.976667
50,Fs3,184.997,1,184.378,0.336628,3.65592,0.931926
50,Fs3,184.997,2,370.102,0.21333,3.4844,0.593783
50,Fs3,184.997,3,554.48,0.189025,1.9299,0.605177
50,Fs3,184.997,4,740.204,0.311021,2.34978,0.632525
50,Fs3,184.997,5,925.928,0.292032,1.37365,0.891285
50,Fs3,184.997,6,1113,0.293967,0.793549,0.758958
50,Fs3,184.997,7,1300.07,0.371625,1.05407,0.963285
50,Fs3,184.997,8,1488.48,0.416302,-0.58915,0.871085
50,Fs3,184.997,9,1676.9,0.444058,0.062181,0.962993
50,Fs3,184.997,10,1866.66,0.524701,-0.822121,0.97586
50,Fs3,184.997,11,2057.77,0.609071,-1.72502,0.927618
50,Fs3,184.997,12,2250.22,0.617085,-1.81525,0.964083
50,Fs3,184.997,13,2444.02,0.673412,-1.48704,0.935058
50,G5,783.991,2,1573.27,0.827533,-0.615345,0.949269
50,G5,783.991,3,2372.69,1.31401,-0.259509,0.966775
50,A1,55,1,55.1788,0.281531,3.09916,0.78115
50,A1,55,2,110.358,0.314673,4.14821,0.949538
50,A1,55,3,164.191,0.239054,2.65288,0.829757
50,A1,55,4,219.37,0.286001,3.99839,0.932333
50,A1,55,5,274.548,0.218028,3.33337,0.822805
50,A1,55,6,329.727,0.19815,2.94895,0.713581
50,A1,55,7,384.906,0.314441,3.3079,0.828052
50,A1,55,8,440.085,0.150765,0.358128,0.537433
50,A1,55,10,550.443,0.197096,2.386,0.738082
50,A1,55,11,605.621,0.168324,2.50401,0.630953
50,A1,55,12,660.8,0.227771,0.818439,0.79712
50,A1,55,13,715.979,0.286895,1.85777,0.799053
50,A1,55,14,771.158,0.200995,0.545193,0.725892
50,A1,55,15,827.682,0.216471,1.90799,0.76485
50,A1,55,16,882.861,0.203279,-1.34732,0.820334
50,A1,55,17,938.04,0.230552,0.43263,0.7339
50,A1,55,18,994.565,0.298885,0.300804,0.899674
50,A1,55,19,1051.09,0.214765,1.05142,0.804372
50,A1,55,31,1796.68,0.487856,-1.32567,0.99836
50,A1,55,32,1857.24,0.48023,-2.75319,0.961008
50,A1,55,35,2036.23,0.460952,-1.75549,0.971945
50,A1,55,36,2096.8,0.523408,-2.15274,0.975971
50,A1,55,37,2157.36,0.472732,-2.04973,0.937529
65,Fs6,1479.98,1,1484.45,1.61863,3.55158,0.958522
65,Fs6,1479.98,2,2991.77,2.20141,0.0893151,0.992979
65,Cs4,277.183,1,277.24,0.357488,4.582,0.879334
65,Cs4,277.183,3,833.066,0.247495,1.67345,0.605623
65,Cs4,277.183,4,1111.65,0.428938,2.00435,0.876979
65,Cs4,277.183,5,1391.58,0.308132,2.09687,0.724327
65,Cs4,277.183,6,1674.21,0.463445,2.39742,0.871959
65,Cs4,277.183,7,1958.18,0.504103,1.65121,0.916707
65,Gs5,830.609,1,831.72,0.508972,3.80405,0.787812
65,Gs5,830.609,2,1668.82,0.910073,1.51223,0.967284
65,Gs5,830.609,3,2516.69,1.61925,0.597917,0.971176
65,Gs5,830.609,4,3353.8,3.25587,-5.11052,0.96823
65,F5,698.456,1,699.829,0.567883,4.10081,0.510399
65,F5,698.456,2,1401,0.633182,1.52834,0.782023
65,F5,698.456,3,2110.25,0.935946,1.01828,0.916097
65,F5,698.456,4,2830.27,1.72132,-0.603053,0.961017
65,F5,698.456,5,3558.36,2.82089,-3.96726,0.952183
65,F5,698.456,6,4294.53,3.29162,-5.53201,0.974283
65,A4,440,1,440.085,0.395775,2.97227,0.750283
65,A4,440,2,881.516,0.442465,3.28395,0.83529
65,A4,440,3,1324.29,0.443621,2.15033,0.77115
65,A4,440,4,1771.11,0.499226,1.50354,0.918672
65,A4,440,5,2220.61,0.658174,0.575379,0.951501
65,A4,440,7,3155.96,0.325871,-8.52705,0.322384
65,Gs2,103.826,1,103.629,0.32311,3.96969,0.834718
65,Gs2,103.826,4,414.514,0.171683,2.60382,0.635853
65,Gs2,103.826,5,519.489,0.165706,1.82391,0.518415
65,Gs2,103.826,6,623.117,0.260527,3.04066,0.889882
65,Gs2,103.826,7,728.091,0.245546,1.98956,0.800733
65,Gs2,103.826,8,831.72,0.229173,1.82484,0.841682
65,Gs2,103.826,9,936.694,0.343578,2.94669,0.841212
65,Gs2,103.826,10,1041.67,0.226656,2.41062,0.773829
65,Gs2,103.826,11,1146.64,0.205255,0.702047,0.834694
65,Gs2,103.826,12,1251.62,0.272195,1.46971,0.816654
65,Gs2,103.826,13,1357.94,0.300921,1.3534,0.94099
65,Gs2,103.826,14,1464.26,0.415014,1.37616,0.9469
65,Gs2,103.826,15,1570.58,0.333355,0.399567,0.817386
65,Gs2,103.826,16,1676.9,0.361405,-1.38968,0.857939
65,Gs2,103.826,17,1784.56,0.342994,0.330041,0.886939
65,Gs2,103.826,18,1892.23,0.407392,-0.28949,0.933102
65,Gs2,103.826,19,2001.24,0.410051,-0.860702,0.912598
65,Gs2,103.826,20,2110.25,0.475581,-3.12318,0.888747
65,Gs2,103.826,21,2217.92,0.522287,-1.02926,0.904781
65,Gs2,103.826,22,2328.28,0.51297,-1.8177,0.964977
65,Gs2,103.826,23,2438.64,0.470848,-0.660827,0.977092
65,Gs2,103.826,24,2550.34,0.622612,-1.74479,0.932237
65,Cs3,138.591,1,138.62,0.243198,3.34867,0.566448
65,Cs3,138.591,2,277.24,0.288062,4.12862,0.869291
65,Cs3,138.591,3,415.86,0.204952,3.16269,0.686268
65,Cs3,138.591,4,554.48,0.258821,2.99274,0.676133
65,Cs3,138.591,5,693.1,0.227185,2.93646,0.742273
65,Cs3,138.591,6,833.066,0.273435,2.63328,0.727713
65,Cs3,138.591,7,971.686,0.414463,2.80708,0.911253
65,Cs3,138.591,8,1111.65,0.256208,0.531652,0.80992
65,Cs3,138.591,9,1252.96,0.295183,1.92361,0.741788
65,Cs3,138.591,10,1392.93,0.306522,0.612537,0.863193
65,Cs3,138.591,11,1535.59,0.35991,0.909021,0.881138
65,Cs3,138.591,26,3910.97,1.05115,-2.75928,0.797334
65,Cs3,138.591,28,4228.58,1.26471,-2.61497,0.797064
65,Fs1,46.2493,1,45.7581,0.252655,2.06261,0.905702
65,Fs1,46.2493,2,91.5161,0.265894,4.14032,0.950654
65,Fs1,46.2493,3,138.62,0.233386,5.18053,0.936166
65,Fs1,46.2493,4,184.378,0.227978,4.40552,0.803965
65,Fs1,46.2493,5,230.136,0.258508,3.72818,0.854907
65,Fs1,46.2493,6,277.24,0.269292,3.51274,0.889384
65,Fs1,46.2493,9,415.86,0.21112,3.23627,0.862434
65,Fs1,46.2493,10,461.618,0.209515,2.83437,0.742473
65,Fs1,46.2493,11,508.722,0.165877,3.28478,0.752586
65,Fs1,46.2493,12,555.826,0.277551,2.38423,0.831956
65,Fs1,46.2493,13,601.584,0.2532,1.27244,0.840683
65,Fs1,46.2493,14,648.688,0.232155,2.9304,0.719297
65,Fs1,46.2493,16,742.896,0.186936,0.769993,0.663042
65,Fs1,46.2493,18,837.103,0.261371,2.2177,0.811728
65,Fs1,46.2493,19,885.553,0.252612,1.99613,0.77986
65,Fs1,46.2493,20,932.657,0.21534,-0.306296,0.580173
65,Fs1,46.2493,21,981.107,0.379939,2.24477,0.864749
65,Fs1,46.2493,22,1029.56,0.194046,1.69511,0.737424
65,Fs1,46.2493,23,1079.35,0.302512,0.328812,0.863011
65,Fs1,46.2493,26,1250.27,0.63285,-3.06342,0.858743
65,Fs1,46.2493,27,1297.38,0.657402,-2.88458,0.837481
65,Fs1,46.2493,33,1619.03,0.552416,-0.707924,0.940069
65,Fs1,46.2493,34,1670.17,0.526322,-0.242486,0.906822
65,Fs1,46.2493,35,1721.31,0.492567,0.6205,0.968954
65,Fs1,46.2493,36,1773.8,0.526238,0.648146,0.908635
65,Fs1,46.2493,37,1824.94,0.474859,-1.25928,0.980424
65,Fs1,46.2493,38,1877.43,0.547575,-1.17918,0.956712
65,Fs1,46.2493,39,1929.91,0.50114,-1.63385,0.900178
65,Fs1,46.2493,50,2581.29,0.926062,-1.79844,0.962468
65,Fs1,46.2493,51,2639.16,0.905728,-1.32046,0.987305
65,Fs1,46.2493,57,3046.95,1.35578,-2.53427,0.905975
65,Fs1,46.2493,58,3108.86,1.29643,-3.21099,0.872345
65,Fs1,46.2493,59,3165.38,1.81257,-1.82254,0.868877
65,Fs1,46.2493,60,3228.63,1.6021,-2.00215,0.845624
65,Fs1,46.2493,61,3290.54,1.52062,-2.39231,0.893258
65,Fs1,46.2493,66,3664.68,2.50068,-2.46002,0.890859
65,Fs1,46.2493,68,3793.88,2.89441,-3.2552,0.833496
65,F2,87.3071,1,87.4786,0.193206,4.43919,0.889139
65,F2,87.3071,2,174.957,0.289014,2.85514,0.736295
65,F2,87.3071,3,261.09,0.161731,2.20191,0.812325
65,F2,87.3071,4,348.569,0.770322,5.09775,0.954194
65,F2,87.3071,5,436.047,0.21761,2.54241,0.635019
65,F2,87.3071,6,523.526,0.209276,1.7994,0.760726
65,F2,87.3071,7,611.005,0.216046,2.80581,0.644168
65,F2,87.3071,8,698.483,0.171646,0.846379,0.528804
65,F2,87.3071,9,787.308,0.178765,1.89573,0.698869
65,F2,87.3071,10,874.786,0.172279,1.85033,0.565497
65,F2,87.3071,11,963.611,0.24416,1.08473,0.811285
65,F2,87.3071,12,1051.09,0.282996,1.5329,0.790776
65,F2,87.3071,13,1139.91,0.287627,2.77495,0.849365
65,F2,87.3071,14,1228.74,0.254664,2.04905,0.795471
65,F2,87.3071,15,1317.56,0.320162,1.7375,0.819143
65,F2,87.3071,16,1407.73,0.373189,-0.152184,0.918021
65,F2,87.3071,17,1496.56,0.314926,-0.227996,0.867669
65,F2,87.3071,18,1586.73,0.335531,1.05599,0.873524
65,F2,87.3071,19,1676.9,0.371926,1.38356,0.902366
65,F2,87.3071,20,1768.41,0.502621,-1.51377,0.928544
65,F2,87.3071,44,4184.17,2.89726,-1.15114,0.891927
65,G7,3135.96,1,3160,3.87892,-0.444094,0.999993
65,G7,3135.96,2,6340.18,5.7116,-7.90677,0.817462
65,A3,220,2,440.085,0.231184,3.77103,0.753657
65,A3,220,3,660.8,0.319712,2.20552,0.860483
65,A3,220,4,881.516,0.313491,0.871189,0.914482
65,A3,220,5,1103.58,0.285448,2.47021,0.795573
65,A3,220,6,1325.64,0.303205,1.16323,0.740905
65,A3,220,7,1550.39,0.442948,1.57594,0.958559
65,A3,220,20,4908.22,3.21159,-2.65375,0.708006
65,G6,1567.98,1,1574.62,1.82566,3.34709,0.980924
65,G6,1567.98,2,3160,3.0976,-3.1085,0.960176
65,G6,1567.98,3,4748.07,4.25478,-5.35184,0.999303
65,F3,174.614,1,174.957,0.196858,3.54874,0.768396
65,F3,174.614,2,348.569,0.232035,4.2283,0.643037
65,F3,174.614,3,523.526,0.217337,3.62838,0.661438
65,F3,174.614,4,698.483,0.28228,3.63968,0.864009
65,F3,174.614,5,874.786,0.217313,1.86357,0.625052
65,F3,174.614,6,1049.74,0.372018,1.67931,0.940784
65,F3,174.614,7,1227.39,0.293973,1.8779,0.792847
65,F3,174.614,8,1403.7,0.323848,0.198138,0.813939
65,F3,174.614,9,1581.34,0.342075,1.27455,0.83363
65,F3,174.614,10,1760.34,0.379028,1.32748,0.912182
65,F3,174.614,11,1939.33,0.564753,-0.451115,0.892031
65,F3,174.614,12,2121.02,0.519358,0.129336,0.923209
65,F3,174.614,13,2304.05,0.553609,-0.454254,0.953394
65,A2,110,1,110.358,0.254307,3.79204,0.921273
65,A2,110,2,219.37,0.213866,2.5504,0.597325
65,A2,110,3,329.727,0.140808,3.27107,0.56249
65,A2,110,4,440.085,0.185023,2.75224,0.627362
65,A2,110,5,550.443,0.227915,2.16252,0.79864
65,A2,110,6,660.8,0.1464,1.03834,0.624299
65,A2,110,7,771.158,0.195615,0.430707,0.654618
65,A2,110,8,881.516,0.198434,0.818763,0.595908
65,A2,110,9,991.873,0.291369,1.87769,0.867858
65,A2,110,10,1103.58,0.238441,2.22841,0.759366
65,A2,110,11,1216.63,0.27977,0.936806,0.82828
65,A2,110,12,1331.02,0.340713,1.04593,0.894254
65,A2,110,28,3382.06,5.38538,-2.10983,0.950965
65,A2,110,31,3793.88,1.95287,-3.72427,0.886482
65,A2,110,36,4558.31,2.79861,-3.44933,0.92302
65,Cs2,69.2957,1,68.6371,0.196565,3.11002,0.723929
65,Cs2,69.2957,4,277.24,0.277741,2.08872,0.812347
65,Cs2,69.2957,5,345.877,0.196223,3.47653,0.809374
65,Cs2,69.2957,7,484.497,0.226724,3.04206,0.900987
65,Cs2,69.2957,8,554.48,0.205346,1.24233,0.74303
65,Cs2,69.2957,9,624.463,0.189717,2.60738,0.585254
65,Cs2,69.2957,10,693.1,0.223018,2.87077,0.883209
65,Cs2,69.2957,11,763.083,0.177757,1.8636,0.760788
65,Cs2,69.2957,12,833.066,0.200836,2.56607,0.726275
65,Cs2,69.2957,13,903.049,0.194021,-0.100639,0.814603
65,Cs2,69.2957,14,974.377,0.193705,1.02847,0.600992
65,Cs2,69.2957,15,1044.36,0.269606,0.713602,0.815494
65,Cs2,69.2957,16,1114.34,0.267523,0.0874473,0.842726
65,Cs2,69.2957,17,1185.67,0.248957,1.5046,0.813203
65,Cs2,69.2957,18,1255.65,0.29109,0.987996,0.893561
65,Cs2,69.2957,19,1328.33,0.350289,1.64121,0.930509
65,Cs2,69.2957,35,2575.91,0.569314,-1.07507,0.957959
65,Cs2,69.2957,36,2651.28,0.567869,-1.05374,0.895646
65,Cs2,69.2957,37,2729.33,0.600151,-0.671563,0.972843
65,Cs2,69.2957,38,2806.05,0.561395,-1.15199,0.966403
65,Gs3,207.652,1,207.257,0.313489,4.21873,0.677129
65,Gs3,207.652,2,415.86,0.222967,3.43975,0.750773
65,Gs3,207.652,3,623.117,0.285053,3.50767,0.777336
65,Gs3,207.652,4,831.72,0.356957,2.58921,0.800841
65,Gs3,207.652,5,1040.32,0.354532,2.69811,0.877415
65,Gs3,207.652,6,1250.27,0.349484,2.11462,0.788368
65,Gs3,207.652,7,1461.57,0.474011,1.9525,0.886585
65,Gs3,207.652,8,1674.21,0.477068,-0.642913,0.964738
65,Gs3,207.652,9,1886.85,0.483305,0.77752,0.948469
65,Gs3,207.652,10,2100.83,0.543479,0.0846437,0.929013
65,Gs3,207.652,12,2535.53,0.857901,-0.182095,0.989698
65,Gs3,207.652,13,2756.25,0.833026,-0.181236,0.961926
65,Gs3,207.652,14,2976.97,0.860433,-1.51264,0.927827
65,Gs3,207.652,15,3201.72,1.03525,-1.58567,0.950168
65,Gs3,207.652,16,3427.82,1.49221,-2.57937,0.920839
65,Gs3,207.652,17,3657.95,0.52832,-6.46389,0.427854
65,Gs3,207.652,18,3889.43,1.77772,-3.10212,0.893964
65,Gs3,207.652,19,4122.26,1.5438,-2.59926,0.793765
65,Gs3,207.652,20,4360.47,2.68347,-1.81886,0.853929
65,Gs3,207.652,22,4844.97,3.67653,-2.07088,0.832364
65,Gs3,207.652,23,5091.26,2.42333,-2.88487,0.885976
65,F4,349.228,1,348.569,0.343442,4.46838,0.894367
65,F4,349.228,3,1049.74,0.260447,2.27789,0.653163
65,F4,349.228,4,1402.35,0.588625,1.95506,0.916444
65,F4,349.228,5,1757.65,0.486508,0.838119,0.830636
65,F4,349.228,6,2115.64,0.552418,0.505969,0.882535
65,F4,349.228,7,2476.32,0.642568,-0.183343,0.926559
65,F4,349.228,8,2841.04,0.874509,-1.25353,0.89829
65,F4,349.228,9,3212.48,1.05716,-2.75262,0.880499
65,F4,349.228,10,3586.62,2.39283,-2.43119,0.817694
65,F4,349.228,11,3967.49,0.914809,-4.92147,0.557301
65,G1,48.9994,1,48.4497,0.237896,2.55895,0.817798
65,G1,48.9994,2,98.2452,0.271806,4.37144,0.776413
65,G1,48.9994,3,146.695,0.300713,5.40798,0.939873
65,G1,48.9994,4,195.145,0.163632,3.66768,0.764491
65,G1,48.9994,5,244.94,0.187269,3.18876,0.808319
65,G1,48.9994,7,341.84,0.161582,2.66713,0.595843
65,G1,48.9994,8,391.635,0.232464,1.79056,0.945462
65,G1,48.9994,10,489.88,0.283985,3.42774,0.813856
65,G1,48.9994,11,539.676,0.156907,1.14674,0.718098
65,G1,48.9994,12,588.126,0.219001,1.82854,0.686424
65,G1,48.9994,13,637.921,0.234685,2.72975,0.770971
65,G1,48.9994,14,687.717,0.187496,2.36133,0.853898
65,G1,48.9994,15,737.512,0.224072,1.76005,0.811404
65,G1,48.9994,16,787.308,0.172817,0.881601,0.581306
65,G1,48.9994,17,837.103,0.224271,2.11911,0.765937
65,G1,48.9994,18,886.899,0.234624,1.99476,0.814017
65,G1,48.9994,19,936.694,0.367118,2.90852,0.892969
65,G1,48.9994,20,987.836,0.264848,0.64053,0.851042
65,G1,48.9994,21,1038.98,0.278767,2.56429,0.817142
65,G1,48.9994,22,1091.46,0.278154,2.29277,0.876473
65,G1,48.9994,23,1143.95,0.257772,0.752573,0.785125
65,G1,48.9994,26,1325.64,0.688703,-2.6616,0.920848
65,G1,48.9994,27,1375.43,0.568528,-2.96539,0.919802
65,G1,48.9994,28,1425.23,0.609719,-3.05054,0.810469
65,G1,48.9994,33,1713.24,0.411468,-0.548658,0.918859
65,G1,48.9994,34,1765.72,0.503635,0.0446337,0.939682
65,G1,48.9994,35,1819.56,0.451478,0.383427,0.89555
65,G1,48.9994,36,1873.39,0.460047,-0.190687,0.936962
65,G1,48.9994,37,1928.57,0.5097,0.638928,0.912568
65,G1,48.9994,38,1983.75,0.472174,-0.160647,0.977154
65,G1,48.9994,39,2038.93,0.490303,-1.59242,0.920663
65,G1,48.9994,46,2488.43,0.733497,-1.37808,0.953542
65,G1,48.9994,56,3146.54,2.1617,-1.58455,0.910211
65,G1,48.9994,57,3208.45,1.34684,-2.82212,0.878835
65,G1,48.9994,59,3360.53,1.2414,-3.28122,0.871115
65,G1,48.9994,68,4033.44,2.14453,-3.29024,0.859561
65,A5,880,1,881.516,0.734975,3.84548,0.811131
65,A5,880,2,1768.41,1.025,0.899782,0.937271
65,A5,880,3,2670.12,1.86245,-0.146647,0.967478
65,A5,880,4,3590.66,3.6326,-0.249638,0.985092
65,A5,880,5,4534.08,4.98351,-1.52172,0.907509
65,A5,880,6,5509.81,8.90663,-2.77487,0.952023
65,Gs4,415.305,1,415.86,0.34084,3.99586,0.879523
65,Gs4,415.305,2,831.72,0.339213,1.65659,0.712631
65,Gs4,415.305,3,1248.93,0.247263,1.01123,0.558304
65,Gs4,415.305,4,1670.17,0.523874,1.5704,0.882065
65,Gs4,415.305,5,2095.45,0.607098,0.0394923,0.91235
65,Gs4,415.305,6,2523.42,0.803686,-0.272709,0.948883
65,Gs4,415.305,7,2958.12,0.98556,-0.530706,0.961349
65,Gs4,415.305,8,3399.55,1.57903,-1.97704,0.869125
65,Cs5,554.365,1,554.48,0.357656,3.10801,0.532667
65,Cs5,554.365,2,1110.31,0.456955,2.77244,0.67619
65,Cs5,554.365,3,1671.51,0.777528,1.73646,0.867795
65,Cs5,554.365,4,2238.11,0.880768,1.27063,0.927067
65,Cs5,554.365,5,2811.43,1.36664,-0.544149,0.926422
65,Cs5,554.365,6,3395.52,2.17179,-0.199953,0.967429
65,Cs5,554.365,7,3993.06,2.81492,-1.61344,0.946725
65,Cs5,554.365,8,4602.72,5.38195,-1.94021,0.866924
65,Cs5,554.365,9,5228.53,3.87218,-5.97296,0.757393
65,Cs5,554.365,10,5869.14,3.16306,-8.09161,0.60063
65,Fs7,2959.96,1,2982.35,4.26116,-0.693337,0.998672
65,Fs7,2959.96,2,5964.7,4.72112,-8.50868,0.770294
65,A7,3520,1,3526.06,3.59674,-9.51369,0.730125
65,A7,3520,2,7080.39,5.22569,-10.8721,0.756921
65,F6,1396.91,1,1401,1.58856,2.63925,0.93241
65,F6,1396.91,2,2823.54,2.6013,-0.171177,0.986275
65,G3,195.998,1,196.49,0.306173,4.37257,0.943904
65,G3,195.998,2,391.635,0.212428,3.17119,0.774923
65,G3,195.998,4,784.616,0.27621,2.53917,0.713192
65,G3,195.998,5,982.452,0.360827,1.63183,0.912707
65,G3,195.998,6,1180.29,0.365214,2.56975,0.860048
65,G3,195.998,7,1378.12,0.310194,1.58412,0.813272
65,G3,195.998,8,1577.31,0.369239,-0.0906435,0.884115
65,G3,195.998,9,1779.18,0.419248,1.23657,0.937893
65,G3,195.998,10,1982.4,0.497021,1.39671,0.97154
65,G3,195.998,11,2184.27,0.572979,-0.84318,0.886391
65,G3,195.998,12,2388.84,0.614503,-0.925978,0.958571
65,G3,195.998,13,2594.75,0.841427,-1.19005,0.948646
65,G3,195.998,14,2803.35,0.918706,-1.2016,0.963681
65,G3,195.998,15,3011.96,0.995931,-0.432512,0.947295
65,G3,195.998,16,3225.94,1.00602,-1.88205,0.924717
65,G3,195.998,17,3439.93,0.58994,-6.58675,0.385957
65,G3,195.998,18,3655.26,1.66349,-2.86499,0.831704
65,G3,195.998,19,3873.28,1.93541,-2.02699,0.851258
65,G3,195.998,20,4096.69,1.56907,-2.86193,0.796703
65,Fs5,739.989,1,740.204,0.433781,3.30342,0.541862
65,Fs5,739.989,2,1485.79,0.630656,1.2462,0.801087
65,Fs5,739.989,3,2238.11,0.858133,0.142573,0.919867
65,Fs5,739.989,4,3001.19,1.70048,-1.0901,0.950558
65,Gs6,1661.22,1,1670.17,1.7771,3.35819,0.946228
65,Gs6,1661.22,2,3353.8,3.74621,-3.69192,0.990718
65,Cs7,2217.46,1,2234.07,2.42614,2.31622,0.997218
65,Cs7,2217.46,2,4468.14,3.98545,-4.84975,0.99935
65,A0,27.5,1,26.9165,0.209513,0.748886,0.923293
65,A0,27.5,2,55.1788,0.244205,2.66798,0.954436
65,A0,27.5,3,82.0953,0.211084,5.18862,0.901182
65,A0,27.5,4,109.012,0.138329,4.02407,0.651808
65,A0,27.5,5,135.928,0.182306,3.95486,0.873279
65,A0,27.5,6,164.191,0.216971,2.97201,0.857491
65,A0,27.5,8,219.37,0.0972714,-0.0928883,0.512125
65,A0,27.5,10,274.548,0.128678,1.81101,0.54359
65,A0,27.5,11,302.811,0.117579,3.6907,0.570631
65,A0,27.5,12,331.073,0.11581,3.45162,0.551286
65,A0,27.5,13,357.99,0.179896,4.01814,0.864296
65,A0,27.5,14,386.252,0.212206,3.81046,0.918594
65,A0,27.5,15,415.86,0.322882,2.62693,0.866068
65,A0,27.5,16,442.776,0.194126,0.343544,0.784693
65,A0,27.5,17,472.385,0.174664,1.5116,0.750839
65,A0,27.5,18,501.993,0.18617,2.35641,0.757618
65,A0,27.5,19,530.255,0.177475,3.05322,0.809747
65,A0,27.5,20,559.863,0.198474,2.0906,0.794877
65,A0,27.5,21,589.471,0.12978,2.91877,0.636476
65,A0,27.5,22,619.08,0.215702,2.37557,0.924182
65,A0,27.5,23,648.688,0.22744,2.26141,0.943844
65,A0,27.5,24,679.642,0.273961,0.315443,0.970452
65,A0,27.5,25,710.596,0.25175,0.647695,0.928928
65,A0,27.5,26,741.55,0.244527,1.95446,0.94383
65,A0,27.5,27,771.158,0.278226,1.696,0.971234
65,A0,27.5,28,803.458,0.280051,2.63423,0.952305
65,A0,27.5,29,834.412,0.361516,2.88344,0.989246
65,A0,27.5,30,866.711,0.33801,2.70874,0.987212
65,A0,27.5,31,899.011,0.3486,0.262749,0.971758
65,A0,27.5,32,931.311,0.378943,-0.285072,0.944065
65,A0,27.5,34,997.256,0.507438,0.00372781,0.994746
65,A0,27.5,35,1030.9,0.446705,2.22946,0.99741
65,A0,27.5,36,1064.55,0.464092,2.51046,0.995347
65,A0,27.5,37,1096.85,0.49593,1.85095,0.998559
65,A0,27.5,40,1178.94,1.02751,-0.998928,0.998338
65,A0,27.5,41,1205.86,0.606385,-0.243348,0.980228
65,A0,27.5,42,1240.85,0.67452,0.29098,0.986315
65,A0,27.5,43,1275.84,0.75934,1.75948,0.989785
65,A0,27.5,44,1312.18,0.761236,1.55824,0.986825
65,A0,27.5,45,1349.86,0.916143,1.85352,0.990887
65,A0,27.5,46,1386.2,0.9172,0.399659,0.994773
65,A0,27.5,47,1423.88,1.01245,1.10582,0.999414
65,A0,27.5,48,1462.91,1.02697,0.750909,0.985875
65,A0,27.5,49,1500.6,1.18773,0.549142,0.993607
65,A0,27.5,50,1539.62,1.20804,-1.032,0.975575
65,A0,27.5,51,1580,1.2656,-0.837825,0.963682
65,A0,27.5,52,1620.37,1.23031,0.377688,0.966621
65,A0,27.5,53,1659.4,1.40224,-1.0268,0.993141
65,A0,27.5,54,1699.78,1.34393,1.22614,0.992636
65,A0,27.5,56,1776.49,1.6289,0.698983,0.999876
65,A0,27.5,61,1955.48,2.47525,-1.17434,0.989513
65,A0,27.5,62,1998.55,2.39943,-0.913073,0.999909
65,A0,27.5,64,2088.72,2.50407,-0.737336,0.999806
65,A0,27.5,86,3110.2,5.38876,-3.70937,0.918378
65,A0,27.5,87,3157.31,4.44115,-2.32362,0.996545
65,G4,391.995,1,391.635,0.484773,3.73193,0.784725
65,G4,391.995,2,784.616,0.300116,1.41429,0.689824
65,G4,391.995,3,1178.94,0.397412,0.534692,0.781643
65,G4,391.995,4,1575.96,0.418605,1.54454,0.862641
65,G4,391.995,5,1974.33,0.496568,0.84612,0.85942
65,G4,391.995,6,2380.76,0.619251,0.136843,0.945602
65,G4,391.995,7,2787.2,0.759807,-1.52228,0.940418
65,G4,391.995,8,3201.72,1.19206,-1.5615,0.900221
65,G4,391.995,9,3621.62,1.88714,-2.74877,0.801806
65,G4,391.995,10,4050.93,2.57298,-2.97557,0.834277
65,F1,43.6535,1,43.0664,0.284103,1.63014,0.902543
65,F1,43.6535,2,87.4786,0.227575,4.71963,0.929723
65,F1,43.6535,3,130.545,0.235729,4.52907,0.922155
65,F1,43.6535,4,173.611,0.25723,3.47221,0.881314
65,F1,43.6535,5,218.024,0.193976,3.94601,0.647902
65,F1,43.6535,6,261.09,0.210286,3.64933,0.920034
65,F1,43.6535,7,305.502,0.230624,2.84659,0.79769
65,F1,43.6535,9,392.981,0.141199,3.02455,0.619853
65,F1,43.6535,11,480.46,0.249209,1.49825,0.837067
65,F1,43.6535,12,524.872,0.152081,2.39222,0.534576
65,F1,43.6535,13,567.938,0.247465,1.94615,0.809426
65,F1,43.6535,14,612.35,0.308983,1.72218,0.84609
65,F1,43.6535,15,656.763,0.317641,2.60456,0.82999
65,F1,43.6535,16,701.175,0.249532,0.243095,0.786414
65,F1,43.6535,17,745.587,0.264236,1.45394,0.850409
65,F1,43.6535,18,789.999,0.173223,1.95559,0.770615
65,F1,43.6535,19,835.757,0.193803,2.12099,0.725665
65,F1,43.6535,20,880.17,0.211471,0.796374,0.740795
65,F1,43.6535,21,925.928,0.291239,1.0803,0.814267
65,F1,43.6535,22,971.686,0.384293,2.02895,0.84158
65,F1,43.6535,23,1018.79,0.323315,1.39255,0.940354
65,F1,43.6535,24,1065.89,0.320539,0.944211,0.911731
65,F1,43.6535,27,1224.7,0.824919,-3.18493,0.838656
65,F1,43.6535,28,1257,0.611848,-3.8738,0.795977
65,F1,43.6535,34,1580,0.611366,0.0993094,0.896216
65,F1,43.6535,35,1628.45,0.56663,0.669312,0.912407
65,F1,43.6535,36,1678.24,0.54542,0.503381,0.906731
65,F1,43.6535,37,1726.69,0.587714,-0.700522,0.956316
65,F1,43.6535,38,1776.49,0.513714,-1.14045,0.972732
65,F1,43.6535,39,1826.28,0.590335,-1.25105,0.943819
65,F1,43.6535,40,1882.81,1.28184,-1.75613,0.999765
65,F1,43.6535,41,1927.22,0.617048,-0.518601,0.947595
65,F1,43.6535,42,1977.02,0.639246,0.08449,0.967241
65,F1,43.6535,49,2395.57,0.763311,-1.06125,0.933891
65,F1,43.6535,50,2449.4,0.790992,-0.835185,0.91872
65,F1,43.6535,51,2503.23,0.889254,-2.02785,0.978667
65,F1,43.6535,52,2558.41,0.933845,-1.81074,0.926591
65,F1,43.6535,53,2613.59,0.958466,-2.17445,0.826642
65,F1,43.6535,54,2668.77,1.02282,-2.19499,0.958274
65,F1,43.6535,60,3067.14,1.77528,-2.91648,0.872247
65,F1,43.6535,61,3127.7,1.58616,-2.26564,0.957206
65,F1,43.6535,62,3186.91,1.89194,-3.78778,0.910577
65,F1,43.6535,64,3308.04,2.23985,-3.09282,0.927536
65,F1,43.6535,73,3932.5,2.49509,-5.20159,0.813327
65,F1,43.6535,79,4388.74,2.38497,-3.32551,0.897907
65,Gs1,51.9131,1,52.4872,0.18853,1.14657,0.629896
65,Gs1,51.9131,2,103.629,0.212028,4.52378,0.91784
65,Gs1,51.9131,3,154.77,0.16052,3.42309,0.666957
65,Gs1,51.9131,4,207.257,0.173095,4.11521,0.753067
65,Gs1,51.9131,8,414.514,0.129749,0.864133,0.679754
65,Gs1,51.9131,9,467.001,0.149553,1.75947,0.543789
65,Gs1,51.9131,10,519.489,0.18379,3.23614,0.711044
65,Gs1,51.9131,11,570.63,0.161066,2.17722,0.70871
65,Gs1,51.9131,12,623.117,0.192996,0.521568,0.804669
65,Gs1,51.9131,13,675.604,0.284499,2.3617,0.78594
65,Gs1,51.9131,14,728.091,0.215066,1.34095,0.66238
65,Gs1,51.9131,15,780.579,0.230042,1.51345,0.797497
65,Gs1,51.9131,16,833.066,0.233115,0.353262,0.79639
65,Gs1,51.9131,17,886.899,0.202232,0.893541,0.650105
65,Gs1,51.9131,18,939.386,0.236721,1.18362,0.878754
65,Gs1,51.9131,19,991.873,0.315402,1.86147,0.85979
65,Gs1,51.9131,20,1047.05,0.224223,0.0814813,0.802287
65,Gs1,51.9131,21,1102.23,0.266278,1.09429,0.839593
65,Gs1,51.9131,27,1441.38,13.7376,0.844148,0.997676
65,Gs1,51.9131,32,1754.96,0.46903,-1.75036,0.963808
65,Gs1,51.9131,33,1810.13,0.408183,-1.64674,0.919702
65,Gs1,51.9131,34,1868.01,0.452945,-0.677813,0.957504
65,Gs1,51.9131,35,1925.88,0.477801,0.0492954,0.959672
65,Gs1,51.9131,36,1981.05,0.498179,-0.479586,0.979918
65,Gs1,51.9131,37,2037.58,0.477968,-0.444094,0.990929
65,Gs1,51.9131,38,2098.14,0.539776,-1.82538,0.962445
65,Gs1,51.9131,43,2444.02,0.640409,-1.69838,0.965556
65,Gs1,51.9131,44,2505.93,0.707254,-0.819324,0.978064
65,Gs1,51.9131,45,2565.14,0.740504,-1.95144,0.964852
65,Gs1,51.9131,46,2629.74,0.767178,-1.95189,0.923191
65,Gs1,51.9131,52,3056.37,1.85923,-3.07,0.913639
65,Gs1,51.9131,61,3715.82,2.6068,-2.62308,0.917947
65,Gs1,51.9131,62,3773.69,2.5674,-3.2184,0.923996
65,Gs1,51.9131,67,4188.21,2.02468,-5.47481,0.796423
65,Fs2,92.4986,1,92.8619,0.341636,4.55268,0.960186
65,Fs2,92.4986,2,184.378,0.191633,3.0215,0.763802
65,Fs2,92.4986,3,277.24,0.211356,3.70394,0.610917
65,Fs2,92.4986,4,370.102,0.196533,2.56148,0.51184
65,Fs2,92.4986,5,461.618,0.201511,2.2606,0.693137
65,Fs2,92.4986,6,554.48,0.201667,3.07187,0.684827
65,Fs2,92.4986,7,647.342,0.194939,2.8295,0.701557
65,Fs2,92.4986,9,834.412,0.277115,2.57042,0.872414
65,Fs2,92.4986,10,927.274,0.216471,1.22888,0.730233
65,Fs2,92.4986,11,1021.48,0.349834,1.22606,0.903268
65,Fs2,92.4986,12,1114.34,0.266793,1.00009,0.789893
65,Fs2,92.4986,13,1208.55,0.209964,0.750432,0.710788
65,Fs2,92.4986,14,1302.76,0.271763,1.75454,0.771991
65,Fs2,92.4986,15,1396.97,0.372601,1.54237,0.865856
65,Fs2,92.4986,16,1492.52,0.33612,-0.0877643,0.868417
65,Fs2,92.4986,17,1586.73,0.483817,0.304621,0.965178
65,Fs2,92.4986,18,1682.28,0.475798,1.30383,0.916025
65,Fs2,92.4986,19,1777.84,0.391323,-0.129764,0.921609
65,Fs2,92.4986,20,1874.73,0.414171,-0.254726,0.926743
65,Fs2,92.4986,21,1972.98,0.474646,-0.205683,0.905265
65,Fs2,92.4986,43,4344.32,2.62557,-2.52113,0.785991
65,Fs2,92.4986,44,4457.37,2.35745,-2.19739,0.741648
65,Fs2,92.4986,45,4570.42,1.63916,-3.11769,0.754922
65,Fs2,92.4986,46,4680.78,2.53253,-3.38032,0.742297
65,Fs3,184.997,1,184.378,0.303585,4.12628,0.948607
65,Fs3,184.997,2,370.102,0.202794,3.86641,0.564669
65,Fs3,184.997,3,554.48,0.202687,2.4024,0.688095
65,Fs3,184.997,4,740.204,0.29521,3.04001,0.668687
65,Fs3,184.997,5,925.928,0.299089,2.01817,0.904647
65,Fs3,184.997,6,1113,0.279466,1.42139,0.759591
65,Fs3,184.997,7,1300.07,0.375648,1.72002,0.955023
65,Fs3,184.997,8,1488.48,0.422466,0.398356,0.87852
65,Fs3,184.997,9,1678.24,0.450896,1.11797,0.963383
65,Fs3,184.997,10,1866.66,0.527485,0.299678,0.971892
65,Fs3,184.997,11,2057.77,0.62283,-0.368135,0.909395
65,Fs3,184.997,12,2250.22,0.622342,-0.362143,0.961033
65,Fs3,184.997,13,2444.02,0.690775,0.0781121,0.918982
65,Fs3,184.997,14,2639.16,0.739019,-1.44681,0.928762
65,Cs1,34.6478,1,34.9915,0.189322,1.28509,0.900913
65,Cs1,34.6478,2,68.6371,0.182844,4.53639,0.876357
65,Cs1,34.6478,3,103.629,0.155049,5.62597,0.799836
65,Cs1,34.6478,4,137.274,0.150468,4.76123,0.789192
65,Cs1,34.6478,5,172.266,0.1729,3.64671,0.865854
65,Cs1,34.6478,7,240.903,0.149416,2.74822,0.666743
65,Cs1,34.6478,8,275.894,0.146353,-1.06482,0.8836
65,Cs1,34.6478,9,310.886,0.130972,3.06309,0.705556
65,Cs1,34.6478,11,380.869,0.151898,4.08932,0.690062
65,Cs1,34.6478,13,450.851,0.177228,3.2317,0.850269
65,Cs1,34.6478,14,499.301,4.51,3.46079,0.999732
65,Cs1,34.6478,15,520.834,0.211895,2.75805,0.921501
65,Cs1,34.6478,16,557.172,0.125058,0.801327,0.621565
65,Cs1,34.6478,17,592.163,0.184034,1.99473,0.850242
65,Cs1,34.6478,18,627.155,0.22841,0.585183,0.87442
65,Cs1,34.6478,19,663.492,0.214415,2.6234,0.857511
65,Cs1,34.6478,20,699.829,0.223036,1.30066,0.780175
65,Cs1,34.6478,21,734.821,0.167151,1.60752,0.808104
65,Cs1,34.6478,22,772.504,0.199734,3.00505,0.878368
65,Cs1,34.6478,23,808.841,0.212852,1.97289,0.924675
65,Cs1,34.6478,24,845.178,0.246958,0.463214,0.914516
65,Cs1,34.6478,25,881.516,0.235128,0.706376,0.906404
65,Cs1,34.6478,26,919.199,0.304902,0.9465,0.974166
65,Cs1,34.6478,27,956.882,0.310933,1.08232,0.954249
65,Cs1,34.6478,28,998.602,0.45136,-1.16323,0.945248
65,Cs1,34.6478,29,1033.59,0.31274,1.73378,0.964868
65,Cs1,34.6478,37,1379.47,0.473994,0.800883,0.999138
65,Cs1,34.6478,38,1421.19,0.488721,0.465696,0.991754
65,Cs1,34.6478,39,1460.22,0.501763,-0.532201,0.992281
65,Cs1,34.6478,40,1497.9,0.680356,-0.345391,0.772823
65,Cs1,34.6478,41,1543.66,0.551223,-0.320182,0.980358
65,Cs1,34.6478,42,1584.04,0.663575,-0.439082,0.925915
65,Cs1,34.6478,43,1625.76,0.598669,-0.397837,0.978588
65,Cs1,34.6478,44,1668.82,0.607018,-1.22824,0.998646
65,Cs1,34.6478,45,1710.54,0.673224,0.0606307,0.976248
65,Cs1,34.6478,48,1838.4,0.810802,-0.67473,0.989408
65,Cs1,34.6478,49,1882.81,0.790188,-1.04882,0.994608
65,Cs1,34.6478,50,1925.88,0.85665,-0.621546,0.999681
65,Cs1,34.6478,75,3262.28,2.60295,-3.20067,0.867938
65,A1,55,1,55.1788,0.236982,3.19586,0.813425
65,A1,55,2,110.358,0.229904,4.10229,0.774829
65,A1,55,3,164.191,0.232352,3.13573,0.862672
65,A1,55,4,219.37,0.253623,4.2809,0.917453
65,A1,55,5,274.548,0.226297,3.7323,0.788133
65,A1,55,6,329.727,0.21529,3.49464,0.711345
65,A1,55,7,384.906,0.299795,3.81301,0.867915
65,A1,55,8,440.085,0.151877,0.890718,0.618251
65,A1,55,10,550.443,0.201937,3.03771,0.727916
65,A1,55,11,605.621,0.200346,3.20814,0.67257
65,A1,55,12,660.8,0.243313,1.54879,0.799638
65,A1,55,13,715.979,0.289388,2.55861,0.811415
65,A1,55,14,771.158,0.209203,1.33272,0.744385
65,A1,55,15,827.682,0.189974,2.42905,0.700025
65,A1,55,16,882.861,0.202121,-0.584763,0.78735
65,A1,55,17,938.04,0.224993,1.18013,0.714915
65,A1,55,18,994.565,0.298567,1.12296,0.902003
65,A1,55,19,1051.09,0.197211,1.75833,0.726839
65,A1,55,20,1110.31,0.30278,0.0906114,0.915503
65,A1,55,31,1796.68,0.467476,-0.340931,0.967642
65,A1,55,32,1857.24,0.461392,-1.40659,0.962655
65,A1,55,33,1915.11,0.488905,-1.90738,0.972196
65,A1,55,34,1975.67,0.436121,-1.47628,0.994046
65,A1,55,35,2033.54,0.456557,-0.368128,0.974179
65,A1,55,36,2096.8,0.488327,-0.729198,0.981497
65,A1,55,37,2157.36,0.471382,-0.423097,0.966093
65,A1,55,42,2519.38,0.659583,-1.68451,0.931163
65,A1,55,43,2588.02,0.617826,-1.87166,0.881201
65,A1,55,44,2649.93,0.822343,-1.19133,0.995665
65,A1,55,51,3157.31,1.71875,-3.85176,0.87452
65,A1,55,57,3597.39,1.39943,-2.7515,0.885519
65,A1,55,59,3761.58,1.36366,-4.20734,0.65777
65,A1,55,61,3915.01,1.35586,-4.41658,0.678232
65,G5,783.991,2,1573.27,0.853612,0.353873,0.940344
65,G5,783.991,3,2372.69,1.29334,0.874255,0.96637
65,G5,783.991,4,3174.8,2.21161,-5.83961,0.841574
65,Cs6,1108.73,1,1110.31,1.29749,3.68517,0.864484
65,Cs6,1108.73,2,2232.72,1.64179,0.471145,0.938639
65,Cs6,1108.73,3,3376.68,3.80513,-1.19968,0.952101
65,Cs6,1108.73,4,4544.85,4.96212,-2.89941,0.98918
65,Gs7,3322.44,1,3348.41,4.07737,-1.18103,0.995295
65,Gs7,3322.44,2,6680.68,17.3384,-7.78145,0.99996
65,Fs4,369.994,1,370.102,0.489391,4.46727,0.865678
65,Fs4,369.994,2,740.204,0.296071,2.19527,0.690563
65,Fs4,369.994,3,1111.65,0.311496,0.77143,0.571075
65,Fs4,369.994,4,1487.14,0.382955,1.27099,0.837735
65,Fs4,369.994,5,1862.62,0.463825,-0.23689,0.915006
65,Fs4,369.994,6,2242.14,0.504046,0.0563287,0.945415
65,Fs4,369.994,7,2627.05,0.68207,-0.672954,0.96803
65,Fs4,369.994,8,3015.99,1.11731,-1.57577,0.950767
65,Fs4,369.994,9,3410.32,1.53968,-3.83554,0.910844
65,Fs4,369.994,10,3812.72,3.70537,-0.511045,0.874907
65,Fs4,369.994,11,4217.82,1.55367,-4.72829,0.818918
65,Fs4,369.994,12,4630.98,3.75919,-2.87828,0.869575
65,A6,1760,1,1769.76,1.711,3.06447,0.965981
65,A6,1760,2,3570.47,4.33981,-0.800523,0.961621
65,G2,97.9989,1,98.2452,0.33712,4.50599,0.850255
65,G2,97.9989,2,196.49,0.195441,2.70701,0.530444
65,G2,97.9989,4,391.635,0.237803,3.52845,0.731863
65,G2,97.9989,5,489.88,0.339287,2.63192,0.916064
65,G2,97.9989,6,588.126,0.196602,1.41395,0.687395
65,G2,97.9989,7,686.371,0.230443,3.52808,0.855414
65,G2,97.9989,8,784.616,0.131336,0.740667,0.605378
65,G2,97.9989,9,884.207,0.201614,1.70718,0.699067
65,G2,97.9989,10,982.452,0.247204,1.14861,0.654679
65,G2,97.9989,11,1082.04,0.233781,0.721845,0.71959
65,G2,97.9989,12,1181.63,0.282134,1.65666,0.810911
65,G2,97.9989,13,1279.88,0.290688,1.73093,0.810762
65,G2,97.9989,14,1380.82,0.305148,0.250899,0.877535
65,G2,97.9989,15,1481.75,0.362764,0.114619,0.908241
65,G2,97.9989,16,1582.69,0.375089,-0.635715,0.935213
65,G2,97.9989,17,1683.63,0.380677,1.1564,0.955906
65,G2,97.9989,18,1784.56,0.446835,1.19541,0.906502
65,G2,97.9989,19,1886.85,0.433259,0.0431238,0.929435
65,G2,97.9989,20,1989.13,0.390738,-1.24617,0.898704
65,G2,97.9989,21,2091.41,0.489536,0.445257,0.973419
65,G2,97.9989,22,2195.04,0.524179,-0.636974,0.909836
65,F7,2793.83,1,2818.16,4.43512,1.19009,0.990991
65,As3,233.082,1,232.828,0.266103,3.73638,0.597559
65,As3,233.082,2,465.656,0.271417,3.16488,0.759571
65,As3,233.082,3,699.829,0.352292,3.00988,0.922071
65,As3,233.082,4,934.003,0.340365,2.29057,0.820798
65,As3,233.082,5,1169.52,0.348276,1.93238,0.780499
65,As3,233.082,6,1405.04,0.38599,1.86843,0.873832
65,As3,233.082,7,1643.25,0.448673,2.03824,0.93978
65,B2,123.471,1,123.816,0.303161,4.55252,0.979682
65,B2,123.471,2,246.286,0.217763,2.44362,0.539864
65,B2,123.471,4,493.918,0.189081,2.43007,0.532053
65,B2,123.471,6,741.55,0.202151,2.0499,0.70277
65,B2,123.471,7,865.366,0.259207,3.1258,0.803431
65,B2,123.471,8,990.527,0.239106,0.72925,0.704835
65,B2,123.471,9,1114.34,0.205795,2.0187,0.734767
65,B2,123.471,10,1239.51,0.272455,1.51256,0.904322
65,B2,123.471,11,1366.01,0.354928,2.02405,0.958103
65,B2,123.471,24,3182.88,0.950473,-3.24191,0.82439
65,B2,123.471,25,3320.15,1.05311,-3.82963,0.933259
65,B2,123.471,26,3457.42,1.41999,-2.6415,0.846964
65,C7,2093,1,2106.22,2.31108,2.40115,0.982005
65,Ds1,38.8909,1,39.0289,0.185587,1.92931,0.847447
65,Ds1,38.8909,2,78.0579,0.17034,4.77003,0.831721
65,Ds1,38.8909,3,115.741,0.158926,5.1462,0.807989
65,Ds1,38.8909,4,154.77,0.121551,3.06913,0.679571
65,Ds1,38.8909,5,193.799,0.159963,4.03784,0.821527
65,Ds1,38.8909,6,232.828,0.177548,3.90252,0.837392
65,Ds1,38.8909,7,271.857,0.165984,3.25224,0.817993
65,Ds1,38.8909,8,310.886,0.103535,1.61702,0.574563
65,Ds1,38.8909,9,349.915,0.141699,3.4075,0.692618
65,Ds1,38.8909,10,388.943,0.180603,4.43716,0.84178
65,Ds1,38.8909,11,427.972,0.142183,2.25518,0.737856
65,Ds1,38.8909,12,467.001,0.221109,3.31299,0.910638
65,Ds1,38.8909,13,506.03,0.176006,2.92426,0.841753
65,Ds1,38.8909,14,545.059,0.193383,1.84374,0.879065
65,Ds1,38.8909,15,585.434,0.229679,2.03535,0.941754
65,Ds1,38.8909,16,624.463,0.176894,0.624682,0.777517
65,Ds1,38.8909,17,664.838,0.186515,0.778573,0.777576
65,Ds1,38.8909,18,703.867,0.193563,0.572847,0.87545
65,Ds1,38.8909,19,744.241,0.202202,1.82305,0.918337
65,Ds1,38.8909,20,784.616,0.233531,0.815062,0.909415
65,Ds1,38.8909,21,824.991,0.215033,2.57478,0.826413
65,Ds1,38.8909,22,865.366,0.229981,2.8887,0.888274
65,Ds1,38.8909,23,907.086,0.301572,1.81774,0.981439
65,Ds1,38.8909,24,947.461,0.262019,-0.190577,0.906061
65,Ds1,38.8909,25,990.527,0.308911,1.00167,0.950535
65,Ds1,38.8909,26,1032.25,0.343089,0.45363,0.960626
65,Ds1,38.8909,27,1099.54,2.63261,3.06414,0.970384
65,Ds1,38.8909,28,1118.38,0.354058,0.7796,0.988401
65,Ds1,38.8909,35,1454.84,0.519448,-1.14711,0.97529
65,Ds1,38.8909,36,1499.25,0.511847,0.543735,0.96491
65,Ds1,38.8909,37,1545.01,0.572182,1.10565,0.974272
65,Ds1,38.8909,38,1588.07,0.551127,-0.478224,0.983275
65,Ds1,38.8909,39,1633.83,0.668726,-1.47609,0.977677
65,Ds1,38.8909,40,1678.24,0.628804,-2.06003,0.989199
65,Ds1,38.8909,41,1724,0.669165,-0.844372,0.999482
65,Ds1,38.8909,42,1769.76,0.732129,-0.319926,0.987035
65,Ds1,38.8909,43,1816.86,0.779102,0.56906,0.99452
65,Ds1,38.8909,44,1862.62,0.802881,0.21531,0.982936
65,Ds1,38.8909,45,1909.73,0.828723,-0.725469,0.952256
65,Ds1,38.8909,53,2345.77,1.01099,-1.12394,0.984535
65,Ds1,38.8909,54,2396.91,1.20839,-0.839785,0.998489
65,Ds1,38.8909,59,2653.97,1.12852,-1.81379,0.963223
65,Ds1,38.8909,66,3088.67,2.86443,-2.35629,0.922862
65,Ds1,38.8909,68,3201.72,1.73453,-2.81777,0.894649
65,Ds1,38.8909,71,3376.68,2.8647,-3.29934,0.896184
65,D6,1174.66,1,1176.25,1.40686,3.79158,0.921865
65,D6,1174.66,2,2367.31,2.4956,0.92085,0.995819
65,D6,1174.66,3,3581.24,3.37542,-1.1745,0.986486
65,E3,164.814,1,164.191,0.392651,4.0098,0.811598
65,E3,164.814,2,329.727,0.21006,3.6957,0.63697
65,E3,164.814,3,493.918,0.181475,1.32996,0.644425
65,E3,164.814,4,659.454,0.333231,2.9057,0.789615
65,E3,164.814,5,824.991,0.242137,1.98895,0.756232
65,E3,164.814,6,990.527,0.30224,1.85503,0.919699
65,E3,164.814,7,1157.41,0.218399,2.13738,0.526645
65,E3,164.814,8,1324.29,0.40586,0.118245,0.884716
65,E3,164.814,9,1491.17,0.398235,1.90504,0.905629
65,E3,164.814,10,1659.4,0.381383,1.59613,0.853688
65,E3,164.814,11,1828.98,0.412507,-1.16876,0.938837
65,E3,164.814,12,2001.24,0.375454,0.378691,0.919393
65,E3,164.814,30,5488.28,4.13848,-1.94888,0.82743
65,C8,4186.01,1,4200.32,3.24665,-4.80283,0.999383
65,C8,4186.01,2,8474.66,13.6094,-7.74892,0.999757
65,Ds6,1244.51,1,1247.58,1.19696,2.85123,0.838988
65,Ds6,1244.51,2,2512.66,2.16447,0.0363794,0.95181
65,Ds6,1244.51,3,3787.15,3.55869,-4.42332,0.996438
65,B5,987.767,1,989.182,0.798947,2.10263,0.849355
65,B5,987.767,2,1986.44,1.21941,0.903867,0.959422
65,B5,987.767,3,3003.88,2.1585,0.214212,0.937101
65,B5,987.767,4,4041.51,3.8597,-0.581867,0.964161
65,B5,987.767,5,5112.79,6.71589,-1.37521,0.892887
65,As4,466.164,1,465.656,0.300632,3.45201,0.768513
65,As4,466.164,2,934.003,0.335111,2.46464,0.58625
65,As4,466.164,3,1403.7,0.373201,2.1109,0.698756
65,As4,466.164,4,1877.43,0.468865,-0.248274,0.794422
65,As4,466.164,5,2355.19,0.738887,-0.193252,0.969537
65,As4,466.164,6,2843.73,1.15711,-0.613066,0.958656
65,E4,329.628,1,329.727,0.424755,4.58014,0.897187
65,E4,329.628,2,659.454,0.383245,2.93866,0.711091
65,E4,329.628,4,1322.95,0.340075,1.15599,0.672306
65,E4,329.628,5,1658.06,0.431307,1.66818,0.853919
65,E4,329.628,6,1994.51,0.541192,1.16166,0.854198
65,E4,329.628,7,2335.01,0.629102,-0.0603361,0.953918
65,E4,329.628,8,2678.19,0.858798,0.0932949,0.964501
65,E4,329.628,9,3026.76,1.17313,-2.22238,0.933249
65,D1,36.7081,1,36.3373,0.155795,1.30947,0.725686
65,D1,36.7081,2,72.6746,0.187494,4.98879,0.874583
65,D1,36.7081,3,109.012,0.136594,4.7148,0.634782
65,D1,36.7081,4,146.695,0.129544,4.753,0.664209
65,D1,36.7081,6,219.37,0.147155,2.98546,0.639602
65,D1,36.7081,7,255.707,0.145091,4.69515,0.784795
65,D1,36.7081,8,293.39,0.172117,1.35696,0.886242
65,D1,36.7081,9,329.727,0.105077,2.74534,0.558876
65,D1,36.7081,10,366.064,0.144637,3.61943,0.718523
65,D1,36.7081,11,403.748,0.151584,3.57112,0.620974
65,D1,36.7081,12,440.085,0.174858,2.80318,0.671488
65,D1,36.7081,13,477.768,0.220441,3.67337,0.930284
65,D1,36.7081,14,514.105,0.168269,2.51705,0.847588
65,D1,36.7081,15,551.788,0.150784,1.67713,0.677015
65,D1,36.7081,16,589.471,0.166783,1.29737,0.760444
65,D1,36.7081,17,627.155,0.226268,1.91801,0.921232
65,D1,36.7081,18,664.838,0.212431,2.16124,0.861029
65,D1,36.7081,19,702.521,0.195751,1.18936,0.798798
65,D1,36.7081,20,740.204,0.185455,2.45104,0.856519
65,D1,36.7081,21,777.887,0.195253,2.96144,0.851063
65,D1,36.7081,22,815.57,0.211656,3.01933,0.898199
65,D1,36.7081,23,854.599,0.229072,1.88369,0.922404
65,D1,36.7081,24,893.628,0.255139,-0.284823,0.92868
65,D1,36.7081,25,934.003,0.285186,-0.0971186,0.927965
65,D1,36.7081,27,1028.21,3.51508,1.58127,0.943518
65,D1,36.7081,34,1329.68,0.404716,-0.0585841,0.935569
65,D1,36.7081,35,1371.4,0.459823,1.13966,0.984878
65,D1,36.7081,36,1413.12,0.510724,0.873078,0.984417
65,D1,36.7081,37,1454.84,0.532209,0.0729771,0.963213
65,D1,36.7081,38,1496.56,0.504595,0.848093,0.995874
65,D1,36.7081,39,1540.97,0.486667,-0.485852,0.812572
65,D1,36.7081,40,1581.34,0.701257,-0.897104,0.948927
65,D1,36.7081,41,1624.41,0.633734,-0.361029,0.961327
65,D1,36.7081,42,1667.48,0.617307,-0.556685,0.975991
65,D1,36.7081,43,1710.54,0.675848,-0.214269,0.992872
65,D1,36.7081,44,1753.61,0.781937,-0.455828,0.926832
65,D1,36.7081,45,1799.37,0.807344,-0.812495,0.937968
65,D1,36.7081,50,2055.08,2.75129,-0.359855,0.978795
65,D1,36.7081,51,2112.95,0.936074,-0.265593,0.981979
65,D1,36.7081,52,2160.05,1.00777,-0.739365,0.953966
65,D1,36.7081,53,2207.15,0.945301,-1.17672,0.972221
65,D1,36.7081,54,2254.26,1.06065,-1.37273,0.94194
65,D1,36.7081,55,2301.36,1.12214,-2.10286,0.947783
65,D1,36.7081,57,2396.91,1.13733,-1.83866,0.96881
65,D1,36.7081,60,2570.53,1.30245,-0.535266,0.987874
65,D1,36.7081,68,3009.27,1.84205,-2.01955,0.923483
65,D1,36.7081,69,3084.63,1.88707,-1.54071,0.958778
65,As5,932.328,1,934.003,0.831713,3.68792,0.863119
65,As5,932.328,2,1874.73,1.39813,1.72966,0.983402
65,As5,932.328,3,2830.27,2.7949,0.231213,0.966339
65,As5,932.328,4,3811.38,3.68484,-1.47548,0.890508
65,As5,932.328,5,4808.63,6.38175,-1.84624,0.972293
65,As5,932.328,6,5861.07,8.51507,-2.99252,0.958336
65,B4,493.883,1,493.918,0.289843,2.95405,0.641883
65,B4,493.883,2,989.182,0.367036,2.2056,0.775459
65,B4,493.883,3,1487.14,0.400937,1.02438,0.764802
65,B4,493.883,4,1990.48,0.554065,1.61185,0.958379
65,B4,493.883,5,2499.2,0.829387,0.69817,0.908317
65,B4,493.883,6,3014.65,1.49746,0.310327,0.967609
65,B4,493.883,7,3543.56,2.14921,-0.513083,0.917494
65,C1,32.7032,1,32.2998,0.223594,1.66538,0.961712
65,C1,32.7032,2,64.5996,0.202187,2.48465,0.903546
65,C1,32.7032,3,96.8994,0.119039,4.20488,0.549785
65,C1,32.7032,4,130.545,0.164906,4.37411,0.802929
65,C1,32.7032,5,162.845,0.153791,2.27172,0.798778
65,C1,32.7032,6,195.145,0.132616,4.30194,0.608014
65,C1,32.7032,7,227.444,0.163486,3.40049,0.834
65,C1,32.7032,9,293.39,0.159223,3.25899,0.779893
65,C1,32.7032,10,325.69,0.15162,3.39693,0.810122
65,C1,32.7032,11,359.335,0.141428,3.26624,0.653001
65,C1,32.7032,13,425.281,0.138285,2.27058,0.611864
65,C1,32.7032,14,458.926,0.146184,2.31182,0.563291
65,C1,32.7032,15,492.572,0.16848,0.171492,0.727996
65,C1,32.7032,16,526.218,0.15899,1.14396,0.772922
65,C1,32.7032,17,559.863,0.173643,1.27907,0.711503
65,C1,32.7032,18,593.509,0.188896,1.8196,0.811596
65,C1,32.7032,19,627.155,0.162623,1.56902,0.70344
65,C1,32.7032,20,660.8,0.180085,1.58329,0.738085
65,C1,32.7032,21,695.792,0.189967,2.54143,0.837664
65,C1,32.7032,22,729.437,0.201683,2.3865,0.847992
65,C1,32.7032,23,764.429,0.204694,1.61467,0.836049
65,C1,32.7032,24,799.42,0.215353,-0.738903,0.866502
65,C1,32.7032,25,834.412,0.226459,0.844592,0.807415
65,C1,32.7032,26,869.403,0.252555,0.630152,0.924025
65,C1,32.7032,27,904.395,0.247141,0.31304,0.951719
65,C1,32.7032,28,940.732,0.282261,1.54787,0.941376
65,C1,32.7032,29,977.069,0.287206,1.39158,0.962165
65,C1,32.7032,30,1013.41,0.302476,1.40148,0.94458
65,C1,32.7032,31,1049.74,0.346049,0.817616,0.991861
65,C1,32.7032,32,1086.08,0.350947,0.216086,0.990964
65,C1,32.7032,41,1460.22,0.893915,-1.43221,0.998102
65,C1,32.7032,46,1667.48,0.633772,-1.1371,0.971977
65,C1,32.7032,47,1710.54,0.761304,-1.38449,0.952594
65,C1,32.7032,48,1753.61,0.736727,-1.90324,0.957954
65,C1,32.7032,49,1795.33,0.888852,-0.968645,0.999427
65,C1,32.7032,50,1838.4,0.835652,-1.49859,0.949187
65,C1,32.7032,51,1880.12,0.838609,-0.610609,0.992367
65,C1,32.7032,52,1924.53,0.850506,0.669517,0.996292
65,C1,32.7032,53,1967.6,0.889965,0.00333967,0.988778
65,C1,32.7032,54,2010.66,0.94915,-1.21483,0.990127
65,C1,32.7032,55,2056.42,0.956021,-1.7702,0.998887
65,C1,32.7032,59,2238.11,1.00598,-2.27813,0.943885
65,C1,32.7032,60,2285.21,0.942557,-1.7254,0.958092
65,C1,32.7032,71,2855.84,1.66726,-1.53393,0.996969
65,C1,32.7032,83,3536.83,4.53246,-3.58248,0.944583
65,C1,32.7032,84,3594.7,4.69496,-2.29584,0.903234
65,C1,32.7032,86,3713.13,1.87474,-7.32583,0.671412
65,C1,32.7032,95,4285.11,5.20399,-2.6827,0.873559
65,Ds7,2489.02,1,2509.96,3.62922,1.69106,0.998175
65,E5,659.255,2,1322.95,0.583304,2.62411,0.806778
65,E5,659.255,3,1991.82,0.728993,1.54214,0.853885
65,E5,659.255,4,2668.77,1.11033,0.571887,0.968838
65,E5,659.255,5,3357.83,2.56975,-1.03988,0.885966
65,E5,659.255,8,5461.36,2.59064,-8.92433,0.704199
65,C6,1046.5,1,1048.4,1.05946,3.69162,0.825246
65,C6,1046.5,2,2106.22,1.80575,2.02444,0.982065
65,C6,1046.5,3,3188.26,2.99402,-0.234814,0.961445
65,C6,1046.5,4,4289.15,5.24132,-0.846836,0.956579
65,B3,246.942,1,246.286,0.318186,4.50815,0.750457
65,B3,246.942,2,493.918,0.239013,2.96454,0.550478
65,B3,246.942,3,741.55,0.234466,2.42483,0.627235
65,B3,246.942,4,989.182,0.330152,2.28865,0.79926
65,B3,246.942,5,1238.16,0.345098,2.51146,0.817427
65,B3,246.942,6,1489.83,0.396041,1.90539,0.931057
65,B3,246.942,7,1741.5,0.551323,1.90044,0.963639
65,As2,116.541,1,117.087,0.200701,3.62859,0.89113
65,As2,116.541,3,349.915,0.158632,2.70708,0.559062
65,As2,116.541,4,465.656,0.226278,2.83693,0.725109
65,As2,116.541,5,582.742,0.19512,1.96525,0.694527
65,As2,116.541,6,699.829,0.172876,1.66421,0.691272
65,As2,116.541,7,816.916,0.211302,2.33979,0.772614
65,As2,116.541,8,934.003,0.209602,1.29002,0.773385
65,As2,116.541,9,1052.44,0.268385,1.38859,0.850886
65,As2,116.541,10,1169.52,0.340076,1.98349,0.892687
65,As2,116.541,11,1289.3,0.33144,1.34338,0.846743
65,As2,116.541,24,2995.81,0.713662,-1.97235,0.943011
65,As2,116.541,25,3122.31,0.908008,-1.83899,0.922418
65,As2,116.541,32,4170.71,2.51887,-3.26237,0.807555
65,As2,116.541,37,5001.09,3.78128,-2.78317,0.901876
65,E2,82.4069,1,82.0953,0.209534,4.6056,0.921801
65,E2,82.4069,2,165.536,0.2099,2.0921,0.778138
65,E2,82.4069,3,247.632,0.327199,2.8433,0.940306
65,E2,82.4069,4,329.727,0.19196,3.72803,0.64252
65,E2,82.4069,5,411.823,0.157732,3.32751,0.777423
65,E2,82.4069,6,493.918,0.249843,2.80834,0.709907
65,E2,82.4069,7,577.359,0.204636,2.53995,0.832142
65,E2,82.4069,8,659.454,0.227116,0.478406,0.794363
65,E2,82.4069,9,742.896,0.291696,2.64567,0.846748
65,E2,82.4069,10,824.991,0.195513,2.28485,0.697539
65,E2,82.4069,11,908.432,0.249121,2.36647,0.827429
65,E2,82.4069,12,991.873,0.271619,1.65705,0.897225
65,E2,82.4069,13,1075.31,0.255243,2.57756,0.811684
65,E2,82.4069,14,1158.76,0.369289,0.546439,0.851469
65,E2,82.4069,15,1243.54,0.261404,1.07698,0.792977
65,E2,82.4069,16,1326.98,0.575593,-0.214047,0.918166
65,E2,82.4069,17,1411.77,0.257021,-0.330592,0.734782
65,E2,82.4069,18,1496.56,0.303057,1.61351,0.846728
65,E2,82.4069,19,1581.34,0.302678,0.694196,0.846237
65,E2,82.4069,37,3264.97,0.76108,-2.38475,0.781266
65,E2,82.4069,38,3360.53,1.3952,-1.71633,0.891492
65,E2,82.4069,39,3453.39,1.54269,-2.46866,0.875612
65,E2,82.4069,42,3740.05,2.1213,-2.37014,0.827448
65,D7,2349.32,1,2367.31,3.07469,1.53847,0.99121
65,D7,2349.32,2,4754.8,4.10615,-4.59054,0.999967
65,D5,587.33,1,586.78,0.4364,3.51985,0.582433
65,D5,587.33,2,1177.6,0.584591,2.07215,0.783541
65,D5,587.33,3,1771.11,0.845387,1.28157,0.945522
65,D5,587.33,4,2372.69,1.18215,0.255512,0.949665
65,D5,587.33,5,2983.69,1.59336,-0.0619494,0.99563
65,D5,587.33,6,3604.12,2.46424,-1.4361,0.94267
65,D5,587.33,7,4239.35,3.44942,-1.56248,0.932369
65,D5,587.33,8,4888.04,6.26436,-2.82457,0.939597
65,As0,29.1352,1,28.2623,0.206488,0.882673,0.899032
65,As0,29.1352,2,57.8705,0.218335,3.20322,0.908608
65,As0,29.1352,3,86.1328,0.187067,5.1123,0.892183
65,As0,29.1352,4,115.741,0.170346,5.03357,0.853293
65,As0,29.1352,5,145.349,0.167952,4.51466,0.853284
65,As0,29.1352,8,232.828,0.14575,1.28852,0.849814
65,As0,29.1352,9,261.09,0.141224,3.33918,0.704068
65,As0,29.1352,10,290.698,0.14545,1.85143,0.604219
65,As0,29.1352,11,320.306,0.117911,3.62484,0.630471
65,As0,29.1352,12,349.915,0.111854,3.61209,0.534259
65,As0,29.1352,13,380.869,0.178571,3.90143,0.868887
65,As0,29.1352,14,410.477,0.150181,2.7518,0.628845
65,As0,29.1352,15,440.085,0.182633,2.82263,0.873938
65,As0,29.1352,16,471.039,0.174528,0.707779,0.693259
65,As0,29.1352,17,501.993,0.157245,1.79152,0.751825
65,As0,29.1352,18,532.947,0.208773,2.96452,0.923763
65,As0,29.1352,19,563.901,0.183923,1.20379,0.841091
65,As0,29.1352,20,594.855,0.272371,2.28933,0.905781
65,As0,29.1352,21,625.809,0.224829,3.02235,0.922453
65,As0,29.1352,22,658.109,0.231435,3.53724,0.936309
65,As0,29.1352,23,689.062,0.23049,0.561857,0.920219
65,As0,29.1352,24,721.362,0.20764,-1.17006,0.875827
65,As0,29.1352,25,753.662,0.231194,0.317197,0.927848
65,As0,29.1352,26,787.308,0.245966,1.11633,0.921083
65,As0,29.1352,27,820.953,0.274502,2.01956,0.950269
65,As0,29.1352,28,853.253,0.282786,2.56661,0.954482
65,As0,29.1352,29,886.899,0.340168,2.30209,0.992516
65,As0,29.1352,30,921.89,0.305922,2.1166,0.966523
65,As0,29.1352,31,955.536,0.337014,1.38045,0.972276
65,As0,29.1352,32,990.527,0.385867,-0.353222,0.894537
65,As0,29.1352,37,1157.41,0.951745,-1.44813,0.996016
65,As0,29.1352,38,1172.21,0.51589,1.32106,0.970244
65,As0,29.1352,39,1207.21,0.530674,0.686572,0.977997
65,As0,29.1352,40,1244.89,0.661404,0.361186,0.960429
65,As0,29.1352,41,1282.57,0.619158,-0.320184,0.988654
65,As0,29.1352,42,1320.25,0.672275,0.242201,0.956219
65,As0,29.1352,43,1359.28,0.756311,0.705793,0.958797
65,As0,29.1352,44,1398.31,0.748185,1.00409,0.998801
65,As0,29.1352,45,1437.34,0.802049,0.699378,0.989456
65,As0,29.1352,46,1477.72,0.974119,-0.263555,0.961715
65,As0,29.1352,47,1518.09,0.885643,0.277178,0.967613
65,As0,29.1352,48,1559.81,0.893113,0.408327,0.982142
65,As0,29.1352,49,1600.19,1.63606,0.39016,0.991678
65,As0,29.1352,55,1816.86,1.33697,0.640726,0.995907
65,As0,29.1352,56,1858.58,1.41034,-0.23631,0.961417
65,As0,29.1352,57,1904.34,1.73824,0.0585206,0.978355
65,As0,29.1352,58,1950.1,1.53412,-0.415215,0.928122
65,As0,29.1352,62,2135.82,1.78588,-1.27054,0.97839
65,As0,29.1352,68,2382.11,2.08777,-1.27856,0.965899
65,As0,29.1352,72,2588.02,2.56753,-0.932488,0.993853
65,As0,29.1352,74,2693,2.58714,-1.18857,0.986565
65,As0,29.1352,76,2793.93,4.08348,-1.2266,0.994058
65,As0,29.1352,81,3030.8,5.11742,-1.08405,0.927795
65,As0,29.1352,82,3083.29,3.89275,-1.9844,0.923463
65,As0,29.1352,83,3146.54,5.01096,-2.65922,0.954617
65,As0,29.1352,85,3262.28,5.05849,-3.24264,0.943134
65,C4,261.626,2,523.526,0.234156,1.69826,0.525543
65,C4,261.626,3,785.962,0.27293,2.44916,0.527532
65,C4,261.626,4,1048.4,0.35206,2.57699,0.787519
65,C4,261.626,5,1313.53,0.436141,2.18138,0.779807
65,C4,261.626,6,1578.65,0.453829,2.01222,0.918612
65,C4,261.626,7,1846.47,0.546522,1.28065,0.894364
65,B1,61.7354,2,123.816,0.266419,4.85839,0.973237
65,B1,61.7354,3,184.378,0.273659,4.04009,0.758347
65,B1,61.7354,4,246.286,0.232502,1.92234,0.713544
65,B1,61.7354,5,308.194,0.219225,3.85328,0.806072
65,B1,61.7354,6,370.102,0.167252,3.50272,0.737879
65,B1,61.7354,9,555.826,0.212817,2.5232,0.773283
65,B1,61.7354,10,617.734,0.248096,2.36642,0.868894
65,B1,61.7354,12,742.896,0.182667,1.71634,0.672784
65,B1,61.7354,13,804.803,0.252204,2.16333,0.693906
65,B1,61.7354,14,866.711,0.173372,2.24012,0.687808
65,B1,61.7354,15,929.965,0.176515,1.94279,0.658867
65,B1,61.7354,16,993.219,0.234267,0.479169,0.777057
65,B1,61.7354,17,1056.47,0.283439,1.00943,0.87398
65,B1,61.7354,18,1118.38,0.268478,0.963795,0.860089
65,B1,61.7354,19,1182.98,0.27366,0.824105,0.812986
65,B1,61.7354,20,1247.58,0.272,0.815603,0.759192
65,B1,61.7354,21,1312.18,0.351307,1.29494,0.951988
65,B1,61.7354,34,2227.34,0.376285,-1.16872,0.932935
65,B1,61.7354,35,2295.98,0.428399,-0.489099,0.960312
65,B1,61.7354,37,2433.25,0.520356,-0.697776,0.950604
65,B1,61.7354,38,2501.89,0.536222,-0.703866,0.983921
65,B1,61.7354,46,3139.81,1.25345,-2.83031,0.897589
65,B1,61.7354,48,3287.85,1.38373,-2.22394,0.838474
65,B1,61.7354,49,3364.56,1.42933,-1.87121,0.800982
65,B1,61.7354,50,3437.24,1.3935,-2.44209,0.821178
65,B1,61.7354,59,4225.89,1.28376,-2.4645,0.887254
65,B1,61.7354,68,5071.07,3.36091,-1.37255,0.8299
65,Ds2,77.7817,1,78.0579,0.241568,4.3327,0.931094
65,Ds2,77.7817,2,154.77,0.264626,3.42915,0.951276
65,Ds2,77.7817,3,232.828,0.172768,2.14894,0.72745
65,Ds2,77.7817,4,310.886,0.165764,3.61192,0.712511
65,Ds2,77.7817,5,388.943,0.229221,3.4634,0.698101
65,Ds2,77.7817,6,467.001,0.224279,2.19861,0.694654
65,Ds2,77.7817,7,545.059,0.217477,2.35001,0.844424
65,Ds2,77.7817,8,623.117,0.242256,0.824931,0.764688
65,Ds2,77.7817,10,779.233,0.221037,1.98965,0.771059
65,Ds2,77.7817,11,857.291,0.221503,2.2018,0.750852
65,Ds2,77.7817,12,936.694,0.236283,1.23188,0.78371
65,Ds2,77.7817,13,1014.75,0.246596,1.71329,0.802413
65,Ds2,77.7817,14,1094.16,0.198986,1.29402,0.704258
65,Ds2,77.7817,15,1172.21,0.361418,1.67908,0.928889
65,Ds2,77.7817,16,1251.62,0.297853,-0.362482,0.670913
65,Ds2,77.7817,17,1332.37,0.503648,0.743865,0.964258
65,Ds2,77.7817,18,1411.77,0.310661,1.14792,0.881786
65,Ds2,77.7817,19,1492.52,0.296714,0.108762,0.897157
65,Ds2,77.7817,37,3076.56,0.604585,-0.949296,0.974259
65,Ds2,77.7817,38,3162.69,0.633617,-1.81872,0.916523
65,Ds2,77.7817,39,3252.86,0.808333,-3.11017,0.7963
65,D2,73.4162,2,146.695,0.220673,3.96287,0.71416
65,D2,73.4162,3,219.37,0.17559,1.90134,0.680314
65,D2,73.4162,7,514.105,0.184013,2.42229,0.711385
65,D2,73.4162,8,588.126,0.20576,0.368053,0.744139
65,D2,73.4162,9,660.8,0.211758,3.15724,0.676267
65,D2,73.4162,10,734.821,0.226445,2.89443,0.786747
65,D2,73.4162,11,808.841,0.197265,1.24207,0.639232
65,D2,73.4162,12,882.861,0.232611,1.00313,0.758486
65,D2,73.4162,13,956.882,0.249482,2.00477,0.809675
65,D2,73.4162,14,1032.25,0.227935,1.61215,0.739577
65,D2,73.4162,15,1106.27,0.231217,0.82315,0.715759
65,D2,73.4162,16,1181.63,0.375804,0.978626,0.892132
65,D2,73.4162,17,1257,0.300037,1.24989,0.826931
65,D2,73.4162,18,1331.02,0.434053,1.07269,0.916338
65,D2,73.4162,19,1407.73,0.355752,0.822583,0.969768
65,D2,73.4162,35,2733.37,0.539139,-1.49426,0.956353
65,D2,73.4162,37,2897.56,0.539015,-1.39492,0.956521
65,D2,73.4162,39,3063.1,0.771027,-2.47636,0.913572
65,D2,73.4162,49,4002.48,1.73347,-2.46176,0.780627
65,E7,2637.02,1,2659.35,3.51425,2.08157,0.991428
65,Ds5,622.254,2,1247.58,0.620643,2.00273,0.749921
65,Ds5,622.254,3,1877.43,0.909816,1.06335,0.930454
65,Ds5,622.254,4,2516.69,1.19739,-0.909175,0.939614
65,Ds5,622.254,5,3165.38,2.0668,-0.736389,0.957757
65,Ds5,622.254,6,3827.53,2.76385,-1.34025,0.892731
65,B6,1975.53,1,1989.13,2.20871,3.06812,0.991282
65,C3,130.813,1,130.545,0.235073,4.2034,0.856516
65,C3,130.813,2,261.09,0.192002,2.48881,0.61543
65,C3,130.813,3,392.981,0.190937,1.86164,0.58257
65,C3,130.813,4,523.526,0.396656,3.49993,0.881399
65,C3,130.813,5,654.071,0.279634,2.85591,0.825291
65,C3,130.813,7,917.853,0.228007,1.42942,0.537582
65,C3,130.813,8,1049.74,0.35732,-0.199346,0.907772
65,C3,130.813,9,1181.63,0.548661,2.13417,0.891085
65,C3,130.813,10,1314.87,0.339446,1.09889,0.788573
65,C3,130.813,11,1448.11,0.435643,1.09452,0.882808
65,C3,130.813,25,3530.1,1.58341,-2.46484,0.862344
65,C3,130.813,26,3675.45,1.32766,-1.82363,0.900629
65,As7,3729.31,1,3719.86,3.55677,-2.98634,0.996974
65,As7,3729.31,2,7504.32,14.6573,-7.51258,0.999884
65,E6,1318.51,1,1321.6,1.43934,3.89901,0.913904
65,E6,1318.51,2,2662.04,2.34897,0.706516,0.9836
65,E6,1318.51,3,4018.63,3.5421,-5.13277,0.989572
65,D3,146.832,1,146.695,0.407277,4.61017,0.963016
65,D3,146.832,5,734.821,0.201128,2.57739,0.520019
65,D3,146.832,6,882.861,0.362489,3.50502,0.895899
65,D3,146.832,7,1030.9,0.341241,2.66487,0.768511
65,D3,146.832,8,1178.94,0.332485,0.340394,0.685067
65,D3,146.832,9,1328.33,0.35715,2.54049,0.903113
65,D3,146.832,10,1477.72,0.378605,1.81809,0.857422
65,D3,146.832,11,1627.1,0.354231,0.758413,0.850862
65,D3,146.832,28,4503.13,3.59428,-2.15475,0.891002
65,D3,146.832,29,4678.09,2.51786,-2.36682,0.823591
65,As6,1864.66,1,1876.08,1.66637,2.60204,0.968067
65,As6,1864.66,2,3781.77,3.66978,-2.28625,0.999904
65,C2,65.4064,1,65.9454,0.20257,0.940786,0.864489
65,C2,65.4064,2,130.545,0.236167,4.4464,0.809395
65,C2,65.4064,3,196.49,0.190787,3.87265,0.859098
65,C2,65.4064,4,261.09,0.182027,1.91695,0.552121
65,C2,65.4064,5,327.036,0.17268,3.62378,0.707985
65,C2,65.4064,6,391.635,0.210938,3.29749,0.837219
65,C2,65.4064,7,457.581,0.21717,2.10639,0.756528
65,C2,65.4064,8,523.526,0.19447,0.84806,0.562183
65,C2,65.4064,9,588.126,0.190561,0.83406,0.74933
65,C2,65.4064,10,654.071,0.168118,2.2431,0.55573
65,C2,65.4064,11,720.016,0.253174,3.56386,0.924511
65,C2,65.4064,12,785.962,0.196953,2.42919,0.743496
65,C2,65.4064,14,919.199,0.166259,1.87617,0.66657
65,C2,65.4064,15,985.144,0.164087,0.987442,0.517472
65,C2,65.4064,16,1051.09,0.296268,0.724912,0.888443
65,C2,65.4064,17,1118.38,0.235087,1.52732,0.821707
65,C2,65.4064,18,1184.33,0.235282,0.355991,0.785379
65,C2,65.4064,19,1252.96,0.325466,0.719267,0.867148
65,C2,65.4064,33,2283.87,0.427172,-2.24302,0.90471
65,C2,65.4064,34,2356.54,0.502167,-1.25182,0.94582
65,C2,65.4064,35,2426.52,0.585469,-0.531869,0.954157
65,C2,65.4064,36,2499.2,0.562801,-0.870715,0.953466
65,C2,65.4064,37,2570.53,0.536129,-1.45489,0.934762
65,C2,65.4064,45,3235.36,1.07844,-2.87674,0.811405
65,C2,65.4064,58,4390.08,1.61368,-3.02604,0.804852
65,B7,3951.07,1,3960.76,3.82902,-3.00843,0.989946
65,Ds4,311.127,1,310.886,0.41091,4.66308,0.883868
65,Ds4,311.127,3,934.003,0.305941,1.95204,0.621317
65,Ds4,311.127,5,1563.85,0.372736,1.48754,0.822753
65,Ds4,311.127,6,1881.46,0.50235,1.65927,0.900509
65,Ds4,311.127,7,2201.77,0.470681,-1.02791,0.902999
65,Ds4,311.127,8,2524.77,0.730778,-0.9994,0.950726
65,D4,293.665,1,293.39,0.330904,4.59117,0.864443
65,D4,293.665,4,1177.6,0.500376,1.98613,0.821902
65,D4,293.665,5,1475.02,0.497812,1.80278,0.913048
65,D4,293.665,6,1773.8,0.525276,1.18805,0.866216
65,D4,293.665,7,2075.26,0.551189,0.594737,0.927213
65,D4,293.665,8,2380.76,0.641284,-0.587773,0.950304
65,E1,41.2034,1,40.3748,0.194775,2.66817,0.904946
65,E1,41.2034,2,82.0953,0.165764,5.77619,0.824192
65,E1,41.2034,3,122.47,0.17017,4.99999,0.825796
65,E1,41.2034,4,164.191,0.203103,2.82866,0.939019
65,E1,41.2034,6,246.286,0.144444,3.34143,0.76534
65,E1,41.2034,7,288.007,0.12974,3.45713,0.579308
65,E1,41.2034,8,328.381,0.150186,2.20113,0.758439
65,E1,41.2034,9,370.102,0.164504,3.91192,0.846279
65,E1,41.2034,10,411.823,0.126763,3.10203,0.500931
65,E1,41.2034,11,453.543,0.122544,2.9804,0.597171
65,E1,41.2034,12,495.264,0.158761,3.89697,0.785468
65,E1,41.2034,13,536.984,0.196,2.76994,0.860713
65,E1,41.2034,14,578.705,0.188563,1.8952,0.810798
65,E1,41.2034,15,620.425,0.20378,2.28184,0.85548
65,E1,41.2034,16,662.146,0.175167,1.47292,0.701383
65,E1,41.2034,17,705.212,0.184153,0.61682,0.888645
65,E1,41.2034,18,746.933,0.186935,1.65256,0.843235
65,E1,41.2034,19,789.999,0.248386,0.667249,0.953107
65,E1,41.2034,20,831.72,0.232223,1.31648,0.889612
65,E1,41.2034,21,874.786,0.250648,2.13467,0.916737
65,E1,41.2034,22,917.853,0.282879,2.81593,0.960187
65,E1,41.2034,23,960.919,0.284807,1.46625,0.939679
65,E1,41.2034,24,1005.33,0.304606,0.1453,0.912638
65,E1,41.2034,25,1049.74,0.31424,0.87452,0.979976
65,E1,41.2034,26,1094.16,0.311651,0.0496357,0.939928
65,E1,41.2034,27,1154.72,1.54224,4.10143,0.993166
65,E1,41.2034,37,1637.87,0.644715,0.894042,0.939573
65,E1,41.2034,38,1687.66,0.763039,0.577067,0.987338
65,E1,41.2034,39,1733.42,0.673002,-1.31814,0.873822
65,E1,41.2034,40,1783.22,0.693772,-0.463477,0.972848
65,E1,41.2034,41,1831.67,0.693216,-0.00907611,0.950354
65,E1,41.2034,42,1880.12,0.854547,-0.00245396,0.999271
65,E1,41.2034,43,1928.57,0.780137,-0.0267594,0.96719
65,E1,41.2034,44,1978.36,0.795915,-0.607008,0.999957
65,E1,41.2034,45,2028.16,0.817171,-0.972099,0.993621
65,E1,41.2034,46,2079.3,0.873158,-1.32122,0.989663
65,E1,41.2034,50,2310.78,2.77949,0.712234,0.983419
65,E1,41.2034,60,2888.14,2.49466,0.633616,0.967574
65,E1,41.2034,62,2994.46,1.71,-3.56072,0.92042
65,E1,41.2034,69,3465.5,2.59352,-1.10876,0.947894
65,E1,41.2034,71,3596.04,2.44281,-2.73246,0.896396
65,Ds3,155.563,1,156.116,0.252286,3.54858,0.599799
65,Ds3,155.563,2,310.886,0.207761,3.98007,0.641011
65,Ds3,155.563,3,467.001,0.176803,2.47413,0.546634
65,Ds3,155.563,4,621.771,0.193035,3.08843,0.714434
65,Ds3,155.563,5,777.887,0.229302,2.56305,0.770968
65,Ds3,155.563,6,935.349,0.301296,1.74816,0.698062
65,Ds3,155.563,7,1091.46,0.336198,2.49697,0.858972
65,Ds3,155.563,8,1248.93,0.263349,-0.771246,0.67582
65,Ds3,155.563,9,1406.39,0.354027,1.47211,0.9194
65,Ds3,155.563,10,1565.19,0.330426,1.44002,0.84024
65,Ds3,155.563,11,1725.35,0.505108,1.21679,0.996552
65,Ds3,155.563,12,1888.19,0.49067,-0.274471,0.906439
65,Ds3,155.563,29,4956.67,3.14817,-2.67321,0.842929
65,B0,30.8677,1,30.954,0.223705,1.26903,0.961238
65,B0,30.8677,2,61.908,0.221075,2.97186,0.928858
65,B0,30.8677,3,91.5161,0.186527,4.82315,0.878243
65,B0,30.8677,4,122.47,0.157717,4.67761,0.742458
65,B0,30.8677,5,153.424,0.146239,3.52053,0.784742
65,B0,30.8677,6,184.378,0.136717,4.16446,0.605647
65,B0,30.8677,11,339.148,0.119732,3.1216,0.657819
65,B0,30.8677,13,402.402,0.140057,3.22147,0.617565
65,B0,30.8677,14,433.356,0.138311,2.72814,0.682385
65,B0,30.8677,15,469.693,0.175607,0.0325001,0.775496
65,B0,30.8677,16,497.955,0.153504,0.787572,0.775511
65,B0,30.8677,17,528.909,0.186536,2.40471,0.855097
65,B0,30.8677,18,561.209,0.169856,1.56707,0.809387
65,B0,30.8677,19,593.509,0.198963,2.70293,0.853376
65,B0,30.8677,20,625.809,0.186388,2.31224,0.858164
65,B0,30.8677,21,659.454,0.191968,3.44254,0.835101
65,B0,30.8677,22,693.1,0.204291,2.37031,0.816987
65,B0,30.8677,23,725.4,0.21336,1.54553,0.847968
65,B0,30.8677,24,759.045,0.215293,0.0567769,0.885906
65,B0,30.8677,25,792.691,0.237597,0.216392,0.925446
65,B0,30.8677,26,826.337,0.238005,2.37396,0.942888
65,B0,30.8677,27,861.328,0.254726,2.82738,0.903613
65,B0,30.8677,28,894.974,0.260844,1.69243,0.930226
65,B0,30.8677,29,929.965,0.303548,1.81151,0.943024
65,B0,30.8677,30,964.957,0.368084,2.78639,0.994534
65,B0,30.8677,31,999.948,0.406037,1.46129,0.951788
65,B0,30.8677,32,1034.94,0.344114,1.14326,0.988239
65,B0,30.8677,33,1071.28,0.385702,-0.750988,0.978015
65,B0,30.8677,34,1108.96,0.411541,1.42826,0.993929
65,B0,30.8677,35,1143.95,0.448464,1.86919,0.989889
65,B0,30.8677,36,1181.63,0.514393,1.06949,0.966237
65,B0,30.8677,37,1217.97,0.486097,1.59685,0.977605
65,B0,30.8677,38,1255.65,0.574138,1.45171,0.98761
65,B0,30.8677,39,1293.34,0.528304,1.46688,0.974326
65,B0,30.8677,40,1331.02,0.583664,-0.771409,0.980778
65,B0,30.8677,41,1370.05,0.625443,-0.13253,0.98869
65,B0,30.8677,42,1409.08,0.611305,0.229221,0.988258
65,B0,30.8677,43,1449.45,0.647353,0.925845,0.987143
65,B0,30.8677,44,1488.48,0.645933,-0.810963,0.97217
65,B0,30.8677,45,1528.86,0.732797,-0.26497,0.936055
65,B0,30.8677,46,1569.23,0.772323,0.903365,0.983886
65,B0,30.8677,47,1608.26,0.802269,0.818856,0.998599
65,B0,30.8677,48,1651.33,0.776856,-0.120236,0.986307
65,B0,30.8677,49,1693.05,0.818091,-1.52909,0.998917
65,B0,30.8677,50,1734.77,0.902646,-0.722153,0.988584
65,B0,30.8677,51,1776.49,0.964981,-0.515634,0.978455
65,B0,30.8677,52,1820.9,1.0906,-0.987568,0.967658
65,B0,30.8677,53,1863.97,1.05616,-0.329546,0.918642
65,B0,30.8677,54,1907.03,1.1824,0.378131,0.977397
65,B0,30.8677,55,1950.1,1.2229,-0.651534,0.999117
65,B0,30.8677,64,2345.77,3.88255,-1.59562,0.996899
65,B0,30.8677,78,3046.95,2.92685,-2.50275,0.917036
65,B0,30.8677,79,3102.13,3.98165,-2.00887,0.904895
65,B0,30.8677,80,3160,3.55348,-3.23695,0.92583
65,B0,30.8677,81,3217.87,3.69511,-3.86963,0.917082
65,B0,30.8677,82,3283.81,3.31896,-1.54037,0.936451
65,B0,30.8677,83,3332.26,2.48977,-5.85526,0.763981
65,B0,30.8677,85,3450.7,2.70157,-6.08822,0.745652
65,B0,30.8677,86,3508.57,2.55052,-6.33795,0.769403
65,B0,30.8677,87,3570.47,4.7773,-2.84461,0.91454
65,C5,523.251,1,523.526,0.611908,4.12397,0.872043
65,C5,523.251,3,1577.31,0.46072,1.42003,0.65963
65,C5,523.251,4,2110.25,0.719845,1.21944,0.813408
65,C5,523.251,5,2649.93,0.926733,-1.12423,0.950155
65,C5,523.251,6,3199.03,1.4365,-0.699954,0.970885
65,C5,523.251,7,3757.54,2.26374,-1.53222,0.937334
65,C5,523.251,8,4329.52,3.15963,-3.03976,0.897297
65,As1,58.2705,1,57.8705,0.187987,1.51535,0.723339
65,As1,58.2705,3,174.957,0.295902,3.29914,0.662501
65,As1,58.2705,4,232.828,0.223056,3.22998,0.927548
65,As1,58.2705,5,290.698,0.153183,1.73716,0.699513
65,As1,58.2705,7,407.785,0.193192,3.26895,0.833201
65,As1,58.2705,8,465.656,0.149835,0.0660614,0.63749
65,As1,58.2705,9,523.526,0.278596,3.3116,0.828059
65,As1,58.2705,10,582.742,0.140889,1.51911,0.578496
65,As1,58.2705,11,640.613,0.150682,2.20422,0.620951
65,As1,58.2705,12,699.829,0.198527,2.623,0.620203
65,As1,58.2705,13,757.7,0.181695,2.07873,0.723469
65,As1,58.2705,14,816.916,0.19391,1.94486,0.656052
65,As1,58.2705,15,876.132,0.177611,2.51163,0.698013
65,As1,58.2705,16,935.349,0.25438,0.872641,0.70949
65,As1,58.2705,17,994.565,0.181567,1.27791,0.686334
65,As1,58.2705,18,1053.78,0.214583,1.42864,0.67359
65,As1,58.2705,19,1114.34,0.250441,2.29587,0.834581
65,As1,58.2705,30,1837.05,0.319109,0.256712,0.819723
65,As1,58.2705,31,1898.96,0.388707,-0.616279,0.942884
65,As1,58.2705,32,1960.87,0.372909,-1.44261,0.941036
65,As1,58.2705,33,2022.78,0.391376,-1.40156,0.926066
65,As1,58.2705,34,2084.68,0.420242,-1.04169,0.930801
65,As1,58.2705,35,2149.28,0.404757,-0.455458,0.91203
65,As1,58.2705,41,2593.41,0.555621,-1.59994,0.951012
65,As1,58.2705,42,2658,0.520605,-1.0651,0.946432
65,As1,58.2705,43,2719.91,0.525837,-1.04784,0.962162
65,As1,58.2705,48,3115.59,0.678205,-2.06193,0.928446
65,As1,58.2705,49,3184.22,0.786517,-3.27477,0.813433
65,As1,58.2705,50,3250.17,1.28211,-2.4104,0.899312
65,As1,58.2705,55,3663.34,0.968762,-2.93493,0.838408
65,As1,58.2705,56,3734.67,1.70504,-2.61378,0.922944
65,As1,58.2705,57,3832.91,1.87375,-1.65772,0.85229
65,As1,58.2705,66,4598.68,2.43473,-3.85992,0.928158
80,Ds5,622.254,2,1247.58,0.617926,2.44243,0.774338
80,Ds5,622.254,3,1877.43,0.931424,1.74432,0.935024
80,Ds5,622.254,4,2516.69,1.2393,0.00752453,0.942233
80,Ds5,622.254,5,3165.38,2.06296,0.227423,0.970274
80,Ds5,622.254,6,3827.53,2.62874,-0.346423,0.930179
80,C3,130.813,1,130.545,0.321501,4.52768,0.931716
80,C3,130.813,2,261.09,0.211593,2.75054,0.688325
80,C3,130.813,3,391.635,0.233049,2.23115,0.787161
80,C3,130.813,4,523.526,0.443608,4.06943,0.896354
80,C3,130.813,5,654.071,0.304718,3.4832,0.831606
80,C3,130.813,7,917.853,0.231443,1.83871,0.517785
80,C3,130.813,8,1049.74,0.396697,0.452891,0.902186
80,C3,130.813,9,1181.63,0.482067,2.52893,0.887967
80,C3,130.813,10,1314.87,0.334732,1.80548,0.780096
80,C3,130.813,11,1448.11,0.456779,1.92142,0.899998
80,C3,130.813,25,3530.1,1.38816,-1.05071,0.93052
80,C3,130.813,26,3675.45,1.13378,-0.437445,0.933248
80,C3,130.813,27,3826.18,1.53353,-1.39531,0.822401
80,C3,130.813,34,5049.54,2.66231,-1.86845,0.934326
80,B6,1975.53,1,1989.13,2.25036,3.47431,0.99305
80,As7,3729.31,1,3719.86,3.55681,-2.43184,0.99697
80,As7,3729.31,2,7504.32,14.3024,-6.62416,0.999147
80,E7,2637.02,1,2658,3.53667,2.41126,0.994659
80,D2,73.4162,1,72.6746,0.188805,3.1402,0.507912
80,D2,73.4162,2,146.695,0.150095,3.78146,0.586623
80,D2,73.4162,3,219.37,0.191909,2.13145,0.642897
80,D2,73.4162,7,514.105,0.184325,2.65461,0.62784
80,D2,73.4162,8,588.126,0.217015,0.790331,0.743831
80,D2,73.4162,9,660.8,0.205146,3.71751,0.703899
80,D2,73.4162,10,734.821,0.224088,3.35351,0.763756
80,D2,73.4162,11,808.841,0.199489,1.69903,0.633919
80,D2,73.4162,12,882.861,0.22838,1.57727,0.75308
80,D2,73.4162,13,956.882,0.244006,2.64644,0.825681
80,D2,73.4162,14,1032.25,0.246697,2.28903,0.697861
80,D2,73.4162,15,1106.27,0.224297,1.4351,0.719169
80,D2,73.4162,16,1181.63,0.357119,1.64666,0.904079
80,D2,73.4162,17,1255.65,0.294156,1.86502,0.858466
80,D2,73.4162,18,1331.02,0.437991,1.65263,0.876888
80,D2,73.4162,19,1407.73,0.36409,1.68168,0.959468
80,D2,73.4162,35,2733.37,0.525271,-0.161603,0.954373
80,D2,73.4162,36,2814.12,0.590035,-0.541926,0.962268
80,D2,73.4162,37,2897.56,0.535196,0.167377,0.936593
80,D2,73.4162,38,2978.31,0.595818,-0.254431,0.974341
80,D2,73.4162,39,3061.75,0.664953,-1.10077,0.962592
80,D2,73.4162,48,3917.7,1.66179,-2.4702,0.902904
80,D2,73.4162,49,4002.48,1.12531,-1.16072,0.933264
80,D2,73.4162,50,4091.31,1.70577,-1.97974,0.891302
80,D2,73.4162,57,4828.82,1.98318,-2.78109,0.826547
80,D2,73.4162,58,4916.3,2.42645,-1.76012,0.905777
80,D2,73.4162,59,5018.58,2.26778,-2.60102,0.892821
80,As0,29.1352,1,28.2623,0.204699,1.23486,0.879685
80,As0,29.1352,2,57.8705,0.222322,3.58533,0.921225
80,As0,29.1352,3,86.1328,0.190821,5.49993,0.898581
80,As0,29.1352,4,115.741,0.188832,5.40552,0.890154
80,As0,29.1352,5,145.349,0.169465,4.90124,0.851814
80,As0,29.1352,8,232.828,0.145617,1.66008,0.849784
80,As0,29.1352,9,261.09,0.140003,3.70904,0.707809
80,As0,29.1352,10,290.698,0.130992,2.13421,0.512304
80,As0,29.1352,11,320.306,0.122249,4.04754,0.645708
80,As0,29.1352,12,349.915,0.116012,4.0572,0.555421
80,As0,29.1352,13,380.869,0.174958,4.4443,0.865355
80,As0,29.1352,14,410.477,0.15384,3.37038,0.638442
80,As0,29.1352,15,440.085,0.189013,3.33123,0.87601
80,As0,29.1352,16,471.039,0.172034,1.19865,0.68386
80,As0,29.1352,17,501.993,0.159558,2.3336,0.747087
80,As0,29.1352,18,532.947,0.214376,3.51588,0.93168
80,As0,29.1352,19,563.901,0.185975,1.76856,0.844956
80,As0,29.1352,20,594.855,0.272004,2.8217,0.898561
80,As0,29.1352,21,625.809,0.23109,3.61615,0.92469
80,As0,29.1352,22,658.109,0.234263,4.1168,0.94511
80,As0,29.1352,23,689.062,0.236041,1.17295,0.924367
80,As0,29.1352,24,721.362,0.213506,-0.54339,0.885926
80,As0,29.1352,25,753.662,0.235712,0.955909,0.930505
80,As0,29.1352,26,787.308,0.252487,1.77498,0.924364
80,As0,29.1352,27,820.953,0.279461,2.67982,0.954592
80,As0,29.1352,28,853.253,0.287613,3.2388,0.95662
80,As0,29.1352,29,886.899,0.34894,2.98444,0.993294
80,As0,29.1352,30,921.89,0.314128,2.81373,0.970282
80,As0,29.1352,31,955.536,0.346089,2.09383,0.974787
80,As0,29.1352,32,990.527,0.437373,0.573851,0.968654
80,As0,29.1352,36,1126.46,0.655933,-1.38211,0.983199
80,As0,29.1352,37,1157.41,0.956636,-0.0774552,0.999773
80,As0,29.1352,38,1172.21,0.526281,2.18349,0.97081
80,As0,29.1352,39,1207.21,0.541099,1.57476,0.977484
80,As0,29.1352,40,1244.89,0.678761,1.28993,0.958615
80,As0,29.1352,41,1283.92,0.633636,0.611744,0.986749
80,As0,29.1352,42,1320.25,0.688389,1.21136,0.955666
80,As0,29.1352,43,1359.28,0.772985,1.705,0.958997
80,As0,29.1352,44,1398.31,0.762787,2.02127,0.998886
80,As0,29.1352,45,1437.34,0.823712,1.75453,0.989201
80,As0,29.1352,46,1477.72,1.01463,0.841521,0.960939
80,As0,29.1352,47,1518.09,0.906062,1.37196,0.968375
80,As0,29.1352,48,1559.81,0.917114,1.53785,0.981209
80,As0,29.1352,49,1600.19,1.65262,1.51772,0.992053
80,As0,29.1352,50,1640.56,1.2569,0.420608,0.998511
80,As0,29.1352,52,1707.85,1.2178,-0.896483,0.999948
80,As0,29.1352,55,1816.86,1.36657,1.87731,0.995901
80,As0,29.1352,56,1859.93,1.41969,0.962512,0.959488
80,As0,29.1352,57,1904.34,1.77765,1.33953,0.978099
80,As0,29.1352,58,1950.1,1.56859,0.880508,0.92811
80,As0,29.1352,59,1995.86,1.53855,-0.0844559,0.968436
80,As0,29.1352,60,2041.62,1.76147,-1.06521,0.97391
80,As0,29.1352,62,2135.82,1.79407,0.0807113,0.978571
80,As0,29.1352,68,2382.11,2.09573,0.179583,0.968435
80,As0,29.1352,69,2433.25,2.20325,-0.760365,0.9814
80,As0,29.1352,71,2535.53,2.23188,-1.56686,0.961104
80,As0,29.1352,72,2588.02,2.56641,0.587214,0.992231
80,As0,29.1352,73,2641.85,2.66093,0.151983,0.992424
80,As0,29.1352,74,2693,2.54331,0.35941,0.996843
80,As0,29.1352,76,2793.93,3.46501,-0.00154384,0.983868
80,As0,29.1352,81,3030.8,4.1421,0.115007,0.94826
80,As0,29.1352,82,3084.63,3.59675,-0.376113,0.963751
80,As0,29.1352,83,3146.54,4.50788,-1.00286,0.940906
80,As0,29.1352,84,3205.76,5.02726,-1.77343,0.95843
80,As0,29.1352,85,3262.28,4.59966,-1.38343,0.943453
80,As0,29.1352,91,3571.82,6.0078,-1.6681,0.952775
80,As0,29.1352,93,3695.64,4.49978,-4.44606,0.866507
80,As0,29.1352,95,3807.34,3.82929,-4.71934,0.824887
80,B1,61.7354,1,61.908,0.231854,1.16973,0.723137
80,B1,61.7354,2,123.816,0.322144,5.09658,0.891208
80,B1,61.7354,3,184.378,0.254291,4.15989,0.718292
80,B1,61.7354,4,246.286,0.203965,2.27755,0.646915
80,B1,61.7354,5,308.194,0.208005,4.07389,0.815154
80,B1,61.7354,6,370.102,0.162828,3.73501,0.662492
80,B1,61.7354,8,493.918,0.146474,1.3796,0.6008
80,B1,61.7354,9,555.826,0.218963,2.91712,0.801028
80,B1,61.7354,10,617.734,0.254516,2.88547,0.841209
80,B1,61.7354,11,679.642,0.131176,2.74308,0.522295
80,B1,61.7354,12,742.896,0.168935,2.27878,0.679406
80,B1,61.7354,13,804.803,0.241823,2.56609,0.692637
80,B1,61.7354,14,866.711,0.187742,2.83513,0.690456
80,B1,61.7354,15,929.965,0.17627,2.5164,0.643783
80,B1,61.7354,16,993.219,0.225197,1.06425,0.790582
80,B1,61.7354,17,1056.47,0.286127,1.7009,0.888433
80,B1,61.7354,18,1118.38,0.263553,1.71258,0.836992
80,B1,61.7354,19,1182.98,0.316321,1.7852,0.844411
80,B1,61.7354,20,1247.58,0.271854,1.56539,0.664035
80,B1,61.7354,21,1312.18,0.357966,2.08874,0.949607
80,B1,61.7354,34,2227.34,0.415336,0.192695,0.946837
80,B1,61.7354,35,2295.98,0.445114,0.773893,0.973325
80,B1,61.7354,36,2364.61,0.491764,0.139381,0.957101
80,B1,61.7354,37,2433.25,0.525423,0.67417,0.951284
80,B1,61.7354,38,2503.23,0.562147,0.699556,0.96172
80,B1,61.7354,39,2571.87,0.53449,-0.81229,0.966724
80,B1,61.7354,46,3139.81,1.08123,-1.14038,0.848061
80,B1,61.7354,48,3287.85,0.886823,-1.65778,0.87884
80,B1,61.7354,49,3364.56,1.05119,-0.787852,0.830679
80,B1,61.7354,50,3437.24,0.867753,-1.71021,0.893286
80,B1,61.7354,56,3972.88,1.03788,-2.21141,0.899903
80,B1,61.7354,57,4054.97,1.5602,-2.26254,0.883955
80,B1,61.7354,58,4128.99,1.56365,-1.17718,0.849259
80,B1,61.7354,59,4225.89,1.21715,-0.623319,0.954578
80,B1,61.7354,63,4612.14,2.17866,-2.47021,0.880802
80,B1,61.7354,64,4695.58,1.56017,-4.8152,0.839503
80,B1,61.7354,65,4783.06,2.49625,-2.23871,0.862109
80,B1,61.7354,66,4867.85,1.88424,-2.25405,0.885072
80,B1,61.7354,68,5069.72,1.75833,-0.948299,0.916747
80,B1,61.7354,71,5379.26,2.4983,-3.33355,0.896728
80,B1,61.7354,72,5468.09,2.00342,-4.75057,0.802425
80,C4,261.626,1,261.09,0.32902,4.46547,0.560418
80,C4,261.626,2,523.526,0.320263,2.41915,0.774033
80,C4,261.626,3,784.616,0.288049,2.90552,0.537455
80,C4,261.626,4,1048.4,0.345335,2.85114,0.724561
80,C4,261.626,5,1313.53,0.446265,2.69763,0.801526
80,C4,261.626,6,1578.65,0.46835,2.42462,0.916086
80,C4,261.626,7,1846.47,0.565275,1.94414,0.891944
80,Ds2,77.7817,1,78.0579,0.365966,4.84317,0.933542
80,Ds2,77.7817,2,154.77,0.30137,3.36643,0.905279
80,Ds2,77.7817,3,232.828,0.236469,2.39764,0.718781
80,Ds2,77.7817,4,310.886,0.157123,3.86063,0.666039
80,Ds2,77.7817,5,388.943,0.185263,3.61423,0.612291
80,Ds2,77.7817,6,467.001,0.213506,2.39545,0.6315
80,Ds2,77.7817,7,545.059,0.279753,2.93928,0.844464
80,Ds2,77.7817,8,623.117,0.253819,1.43548,0.768844
80,Ds2,77.7817,10,779.233,0.208864,2.44865,0.74263
80,Ds2,77.7817,11,857.291,0.231221,2.80485,0.769978
80,Ds2,77.7817,12,936.694,0.254288,1.88608,0.84105
80,Ds2,77.7817,13,1014.75,0.273015,2.45082,0.818927
80,Ds2,77.7817,14,1094.16,0.21373,2.01121,0.748099
80,Ds2,77.7817,15,1173.56,0.381707,2.4325,0.907455
80,Ds2,77.7817,16,1251.62,0.296353,0.446531,0.827576
80,Ds2,77.7817,17,1332.37,0.523596,1.37239,0.955687
80,Ds2,77.7817,18,1411.77,0.304135,1.96371,0.885964
80,Ds2,77.7817,19,1492.52,0.319991,1.10578,0.90534
80,Ds2,77.7817,20,1574.62,0.306151,1.17228,0.879198
80,Ds2,77.7817,37,3076.56,0.544804,0.276795,0.962459
80,Ds2,77.7817,38,3162.69,0.580859,-0.327717,0.94837
80,Ds2,77.7817,39,3252.86,0.682965,-1.64453,0.939107
80,Ds2,77.7817,40,3341.68,1.3882,-1.83126,0.79436
80,Ds2,77.7817,49,4259.54,1.12266,-2.52476,0.867092
80,Ds2,77.7817,50,4349.71,1.90598,-3.10093,0.93269
80,Ds2,77.7817,51,4446.61,2.16779,-1.58399,0.923749
80,Ds2,77.7817,52,4547.54,1.66326,-3.43603,0.918818
80,Ds2,77.7817,61,5550.18,3.06739,-2.40451,0.751626
80,D5,587.33,1,586.78,0.500519,3.84572,0.648198
80,D5,587.33,2,1177.6,0.621384,2.66996,0.816706
80,D5,587.33,3,1771.11,0.860203,1.90659,0.955905
80,D5,587.33,4,2372.69,1.20896,1.09886,0.955407
80,D5,587.33,5,2983.69,1.60652,0.835509,0.996552
80,D5,587.33,6,3604.12,2.31054,-0.581815,0.974345
80,D5,587.33,7,4239.35,3.3132,-0.443988,0.946286
80,D5,587.33,8,4888.04,4.9913,-1.70387,0.909804
80,D5,587.33,9,5552.88,8.51428,-2.18961,0.982454
80,Ds3,155.563,1,156.116,0.388578,4.16205,0.858841
80,Ds3,155.563,2,310.886,0.245083,4.35431,0.578027
80,Ds3,155.563,4,621.771,0.194287,3.35843,0.642575
80,Ds3,155.563,5,777.887,0.250136,3.03589,0.81061
80,Ds3,155.563,6,935.349,0.307786,2.16612,0.687208
80,Ds3,155.563,7,1091.46,0.331284,2.80831,0.803852
80,Ds3,155.563,8,1248.93,0.285733,-0.0799412,0.712285
80,Ds3,155.563,9,1406.39,0.366364,2.10334,0.905366
80,Ds3,155.563,10,1565.19,0.321785,2.20868,0.761677
80,Ds3,155.563,11,1725.35,0.52947,2.17254,0.997248
80,Ds3,155.563,12,1888.19,0.556488,0.768773,0.893965
80,Ds3,155.563,28,4770.95,2.4462,-2.20203,0.917087
80,Ds3,155.563,29,4956.67,2.10937,-1.75886,0.889622
80,C5,523.251,1,523.526,0.692213,4.15179,0.806948
80,C5,523.251,3,1577.31,0.445959,1.64689,0.598719
80,C5,523.251,4,2110.25,0.737031,1.82098,0.810945
80,C5,523.251,5,2649.93,0.944853,-0.421564,0.955534
80,C5,523.251,6,3199.03,1.39588,0.0552705,0.976231
80,C5,523.251,7,3757.54,2.19236,-0.647069,0.944689
80,C5,523.251,8,4329.52,3.08185,-1.81818,0.937102
80,B0,30.8677,1,30.954,0.23127,1.66555,0.967571
80,B0,30.8677,2,61.908,0.226208,3.29128,0.929381
80,B0,30.8677,3,91.5161,0.188707,5.12329,0.880454
80,B0,30.8677,4,122.47,0.155975,5.02389,0.72286
80,B0,30.8677,5,153.424,0.142731,3.85673,0.754111
80,B0,30.8677,6,184.378,0.140321,4.55093,0.644922
80,B0,30.8677,11,339.148,0.121947,3.56212,0.646516
80,B0,30.8677,13,402.402,0.140781,3.76279,0.621652
80,B0,30.8677,14,433.356,0.139857,3.36699,0.684191
80,B0,30.8677,15,469.693,0.179088,0.537271,0.786984
80,B0,30.8677,16,497.955,0.153767,1.31741,0.804469
80,B0,30.8677,17,528.909,0.190021,2.94659,0.865481
80,B0,30.8677,18,561.209,0.174204,2.11742,0.818952
80,B0,30.8677,19,593.509,0.20534,3.27597,0.856846
80,B0,30.8677,20,625.809,0.189878,2.89285,0.866849
80,B0,30.8677,21,659.454,0.195244,4.0327,0.843237
80,B0,30.8677,22,693.1,0.208455,2.96795,0.827101
80,B0,30.8677,23,725.4,0.219608,2.18007,0.849103
80,B0,30.8677,24,759.045,0.211303,0.64556,0.918085
80,B0,30.8677,25,792.691,0.230333,0.80885,0.937943
80,B0,30.8677,26,826.337,0.24435,3.04201,0.941067
80,B0,30.8677,27,861.328,0.259543,3.49885,0.911246
80,B0,30.8677,28,894.974,0.267259,2.38188,0.93213
80,B0,30.8677,29,929.965,0.31077,2.51861,0.945503
80,B0,30.8677,30,964.957,0.375032,3.48116,0.995146
80,B0,30.8677,31,999.948,0.402045,2.12315,0.944572
80,B0,30.8677,32,1034.94,0.344537,1.85346,0.991095
80,B0,30.8677,33,1071.28,0.371237,-0.0764235,0.92307
80,B0,30.8677,34,1108.96,0.411836,2.18518,0.98793
80,B0,30.8677,35,1143.95,0.462145,2.71009,0.990058
80,B0,30.8677,36,1181.63,0.52901,1.94701,0.966365
80,B0,30.8677,37,1217.97,0.501004,2.48967,0.976644
80,B0,30.8677,38,1255.65,0.586429,2.36662,0.987402
80,B0,30.8677,39,1293.34,0.537372,2.40355,0.974703
80,B0,30.8677,40,1331.02,0.598428,0.197674,0.980899
80,B0,30.8677,41,1370.05,0.639858,0.864803,0.989326
80,B0,30.8677,42,1410.42,0.621164,1.244,0.988384
80,B0,30.8677,43,1449.45,0.661446,1.97236,0.98664
80,B0,30.8677,44,1488.48,0.658921,0.264711,0.972957
80,B0,30.8677,45,1528.86,0.749541,0.832916,0.936575
80,B0,30.8677,46,1569.23,0.790418,2.02479,0.983644
80,B0,30.8677,47,1608.26,0.818933,1.94909,0.998564
80,B0,30.8677,48,1651.33,0.793217,1.03164,0.985448
80,B0,30.8677,49,1693.05,0.831632,-0.369333,0.999137
80,B0,30.8677,50,1734.77,0.930417,0.486444,0.988478
80,B0,30.8677,51,1776.49,0.996655,0.70899,0.978211
80,B0,30.8677,52,1820.9,1.11123,0.24673,0.964881
80,B0,30.8677,53,1863.97,1.08121,0.926765,0.920196
80,B0,30.8677,54,1907.03,1.20364,1.63856,0.974049
80,B0,30.8677,55,1950.1,1.2531,0.652712,0.999091
80,B0,30.8677,64,2345.77,3.87307,-0.200161,0.999404
80,B0,30.8677,71,2674.15,1.9471,-0.678397,0.992591
80,B0,30.8677,72,2726.64,1.83498,-1.19029,0.993754
80,B0,30.8677,73,2776.44,1.97241,-0.559926,0.985611
80,B0,30.8677,74,2831.62,2.11792,-1.45621,0.991759
80,B0,30.8677,75,2884.1,2.66709,-1.40052,0.998711
80,B0,30.8677,78,3046.95,2.71343,-0.891091,0.957466
80,B0,30.8677,79,3102.13,2.94302,-0.998476,0.929516
80,B0,30.8677,80,3160,3.76046,-0.887719,0.964669
80,B0,30.8677,81,3217.87,3.88386,-1.37273,0.949405
80,B0,30.8677,82,3283.81,2.92419,-0.0695317,0.967918
80,B0,30.8677,83,3332.26,4.68905,-1.15702,0.972904
80,B0,30.8677,84,3388.79,3.70079,-2.81949,0.890532
80,B0,30.8677,85,3450.7,4.31324,-1.92615,0.926797
80,B0,30.8677,86,3508.57,4.91498,-1.51304,0.931639
80,B0,30.8677,87,3570.47,4.09504,-0.972251,0.920444
80,B0,30.8677,89,3688.91,5.57351,-1.84025,0.960303
80,B0,30.8677,90,3750.81,5.68357,-2.35475,0.939598
80,As1,58.2705,1,57.8705,0.278033,2.23604,0.921138
80,As1,58.2705,2,115.741,0.213509,4.24226,0.7535
80,As1,58.2705,3,174.957,0.210084,3.41155,0.733042
80,As1,58.2705,4,232.828,0.236393,3.42016,0.917881
80,As1,58.2705,5,290.698,0.166687,2.10405,0.661745
80,As1,58.2705,7,407.785,0.25832,3.79091,0.875284
80,As1,58.2705,8,465.656,0.155568,0.552384,0.624868
80,As1,58.2705,9,523.526,0.278675,3.71171,0.816696
80,As1,58.2705,10,582.742,0.139181,1.95726,0.535748
80,As1,58.2705,11,640.613,0.146528,2.74899,0.62198
80,As1,58.2705,12,699.829,0.201813,3.12958,0.626172
80,As1,58.2705,13,757.7,0.186683,2.65434,0.764274
80,As1,58.2705,14,816.916,0.223097,2.71031,0.741399
80,As1,58.2705,15,876.132,0.170525,3.03053,0.595349
80,As1,58.2705,16,935.349,0.243373,1.35742,0.633083
80,As1,58.2705,17,994.565,0.19636,1.99719,0.718567
80,As1,58.2705,18,1053.78,0.220786,2.1021,0.662578
80,As1,58.2705,19,1114.34,0.257243,2.97495,0.79325
80,As1,58.2705,20,1176.25,0.330704,2.17196,0.877464
80,As1,58.2705,30,1837.05,0.358992,1.70288,0.915403
80,As1,58.2705,31,1898.96,0.397514,0.57913,0.961789
80,As1,58.2705,32,1960.87,0.378502,-0.337615,0.920195
80,As1,58.2705,33,2022.78,0.394686,-0.225201,0.943989
80,As1,58.2705,34,2084.68,0.422499,0.0834021,0.95505
80,As1,58.2705,35,2149.28,0.413107,0.70336,0.942435
80,As1,58.2705,37,2302.71,6.66932,-0.276759,0.991973
80,As1,58.2705,41,2590.71,0.576529,0.0226374,0.961108
80,As1,58.2705,42,2658,0.52699,0.493063,0.973646
80,As1,58.2705,43,2719.91,0.557935,0.609265,0.960649
80,As1,58.2705,44,2788.55,0.562399,-0.579135,0.974559
80,As1,58.2705,48,3115.59,0.650188,-0.479306,0.963342
80,As1,58.2705,49,3184.22,0.723287,-1.42701,0.972546
80,As1,58.2705,50,3250.17,0.846839,-1.55794,0.878396
80,As1,58.2705,51,3322.84,1.2725,-1.53538,0.883515
80,As1,58.2705,52,3427.82,1.20619,-2.56172,0.949398
80,As1,58.2705,53,3489.72,1.33018,-2.67984,0.930915
80,As1,58.2705,55,3667.37,0.82533,-0.972295,0.933572
80,As1,58.2705,56,3734.67,1.30715,-0.988847,0.878562
80,As1,58.2705,57,3832.91,1.39547,-0.531939,0.911211
80,As1,58.2705,61,4162.64,1.71866,-2.68966,0.894997
80,As1,58.2705,62,4239.35,1.66157,-2.64207,0.900364
80,As1,58.2705,66,4604.07,2.39193,-1.27242,0.931093
80,As1,58.2705,70,4979.55,2.2563,-2.37492,0.891376
80,As1,58.2705,71,5069.72,2.62226,-1.62646,0.853007
80,As1,58.2705,74,5371.19,2.53796,-4.04777,0.866632
80,As1,58.2705,80,5956.62,2.86112,-2.10728,0.873082
80,E1,41.2034,1,40.3748,0.199746,3.24883,0.920007
80,E1,41.2034,2,82.0953,0.160565,6.16445,0.811596
80,E1,41.2034,3,122.47,0.168431,5.41458,0.825369
80,E1,41.2034,4,164.191,0.253588,3.37935,0.967723
80,E1,41.2034,6,246.286,0.142581,3.77486,0.770093
80,E1,41.2034,7,288.007,0.139884,3.95645,0.646366
80,E1,41.2034,8,328.381,0.153784,2.69434,0.803198
80,E1,41.2034,9,370.102,0.168376,4.40151,0.845209
80,E1,41.2034,11,453.543,0.124816,3.50692,0.628724
80,E1,41.2034,12,495.264,0.16426,4.45793,0.799006
80,E1,41.2034,13,536.984,0.196911,3.39003,0.869147
80,E1,41.2034,14,578.705,0.192554,2.57433,0.812754
80,E1,41.2034,15,620.425,0.204977,2.8808,0.860065
80,E1,41.2034,16,662.146,0.178547,2.07077,0.704322
80,E1,41.2034,17,705.212,0.189704,1.2709,0.876097
80,E1,41.2034,18,746.933,0.191192,2.28982,0.854209
80,E1,41.2034,19,789.999,0.258106,1.34572,0.954386
80,E1,41.2034,20,833.066,0.239742,2.00118,0.895285
80,E1,41.2034,21,874.786,0.254252,2.81519,0.923976
80,E1,41.2034,22,917.853,0.289459,3.51667,0.963361
80,E1,41.2034,23,960.919,0.293019,2.18848,0.943669
80,E1,41.2034,24,1005.33,0.320149,0.924868,0.934439
80,E1,41.2034,25,1049.74,0.328236,1.68026,0.984959
80,E1,41.2034,26,1094.16,0.330014,0.90218,0.962392
80,E1,41.2034,27,1154.72,1.56042,4.92502,0.993584
80,E1,41.2034,37,1637.87,0.674526,2.09568,0.920339
80,E1,41.2034,38,1687.66,0.777841,1.74652,0.988719
80,E1,41.2034,39,1733.42,0.686877,-0.121654,0.879003
80,E1,41.2034,40,1783.22,0.70544,0.75549,0.972224
80,E1,41.2034,41,1831.67,0.70698,1.21959,0.949797
80,E1,41.2034,42,1880.12,0.880979,1.28109,0.999958
80,E1,41.2034,43,1928.57,0.800658,1.26091,0.967516
80,E1,41.2034,44,1978.36,0.812724,0.697908,0.999982
80,E1,41.2034,45,2028.16,0.837304,0.378317,0.994233
80,E1,41.2034,46,2079.3,0.884806,0.0357649,0.990908
80,E1,41.2034,47,2129.1,1.03738,-0.776152,0.994665
80,E1,41.2034,48,2181.58,0.991399,-0.549413,0.98077
80,E1,41.2034,50,2310.78,2.81993,2.27094,0.984812
80,E1,41.2034,57,2711.84,1.31888,-1.06101,0.964414
80,E1,41.2034,58,2768.36,1.19845,-1.31304,0.958779
80,E1,41.2034,59,2824.89,1.29605,-0.626152,0.970859
80,E1,41.2034,60,2888.14,2.50994,2.37175,0.970747
80,E1,41.2034,61,2937.94,1.2811,-0.349264,0.964971
80,E1,41.2034,62,2995.81,1.46578,-1.99194,0.954024
80,E1,41.2034,69,3465.5,2.12527,0.315635,0.925182
80,E1,41.2034,70,3534.14,2.72831,-1.90231,0.915995
80,E1,41.2034,71,3596.04,2.17313,-0.92779,0.969763
80,E1,41.2034,73,3721.21,2.64013,-1.67055,0.935087
80,E1,41.2034,75,3850.41,3.49899,-0.888401,0.89711
80,D4,293.665,1,293.39,0.368362,4.75464,0.895412
80,D4,293.665,4,1177.6,0.533852,2.54731,0.832619
80,D4,293.665,5,1475.02,0.52853,2.24199,0.890839
80,D4,293.665,6,1773.8,0.547485,1.78185,0.884673
80,D4,293.665,7,2075.26,0.565988,1.21331,0.908803
80,D4,293.665,8,2380.76,0.67714,0.401397,0.963329
80,As6,1864.66,1,1876.08,1.72258,3.03794,0.977953
80,As6,1864.66,2,3781.77,3.67515,-1.41717,0.999923
80,B7,3951.07,1,3960.76,3.82914,-2.4829,0.989951
80,C2,65.4064,1,65.9454,0.261219,1.10096,0.819898
80,C2,65.4064,2,130.545,0.24528,4.96229,0.925709
80,C2,65.4064,3,196.49,0.199479,4.2158,0.89181
80,C2,65.4064,4,261.09,0.257896,2.5745,0.74576
80,C2,65.4064,5,327.036,0.182061,3.91486,0.777002
80,C2,65.4064,6,391.635,0.196025,3.63115,0.787741
80,C2,65.4064,7,457.581,0.237099,2.57101,0.8103
80,C2,65.4064,8,523.526,0.199358,1.2458,0.575651
80,C2,65.4064,9,588.126,0.167055,1.01488,0.615901
80,C2,65.4064,10,654.071,0.174263,2.81501,0.596272
80,C2,65.4064,11,720.016,0.264284,4.09684,0.931477
80,C2,65.4064,12,785.962,0.186947,2.90262,0.717695
80,C2,65.4064,13,851.907,0.149174,1.90316,0.539745
80,C2,65.4064,14,917.853,0.232297,2.82628,0.596817
80,C2,65.4064,15,985.144,0.178448,1.83845,0.651247
80,C2,65.4064,16,1051.09,0.296674,1.27456,0.863342
80,C2,65.4064,17,1118.38,0.228282,2.13632,0.813051
80,C2,65.4064,18,1184.33,0.23658,1.06761,0.776541
80,C2,65.4064,19,1252.96,0.299259,1.14381,0.811353
80,C2,65.4064,20,1321.6,0.306109,1.11106,0.801367
80,C2,65.4064,33,2283.87,0.461338,-0.818479,0.87034
80,C2,65.4064,34,2356.54,0.523332,-0.115756,0.885532
80,C2,65.4064,35,2426.52,0.537556,0.457479,0.956667
80,C2,65.4064,36,2499.2,0.627849,0.73391,0.955362
80,C2,65.4064,37,2570.53,0.577955,0.0429414,0.909047
80,C2,65.4064,38,2645.89,0.553111,0.547386,0.926196
80,C2,65.4064,45,3236.71,0.694144,-2.15535,0.923859
80,C2,65.4064,46,3313.42,1.68694,-1.59728,0.858442
80,C2,65.4064,56,4182.82,1.1368,-2.26513,0.884079
80,C2,65.4064,58,4390.08,1.63977,-0.861792,0.858777
80,C2,65.4064,67,5270.25,1.70474,-1.97942,0.867345
80,Ds4,311.127,1,310.886,0.454928,4.79414,0.870679
80,Ds4,311.127,2,621.771,0.206753,3.04125,0.579517
80,Ds4,311.127,3,934.003,0.362354,2.54635,0.696501
80,Ds4,311.127,4,1247.58,0.273046,1.16551,0.506214
80,Ds4,311.127,5,1563.85,0.384092,1.88523,0.832686
80,Ds4,311.127,6,1881.46,0.524031,2.17114,0.885117
80,Ds4,311.127,7,2203.12,0.507578,-0.301988,0.912675
80,Ds4,311.127,8,2524.77,0.745469,-0.026783,0.93591
80,D3,146.832,1,146.695,0.289856,4.38279,0.904173
80,D3,146.832,5,734.821,0.20193,3.0303,0.617462
80,D3,146.832,6,882.861,0.356624,3.96536,0.88824
80,D3,146.832,7,1030.9,0.350955,3.08566,0.841689
80,D3,146.832,8,1178.94,0.354535,1.08203,0.712312
80,D3,146.832,9,1328.33,0.364217,3.03281,0.872647
80,D3,146.832,10,1479.06,0.391134,2.59834,0.844236
80,D3,146.832,11,1627.1,0.360866,1.62818,0.854113
80,D3,146.832,12,1781.87,0.416564,2.15539,0.857458
80,D3,146.832,22,3406.28,0.621482,-8.18545,0.513205
80,D3,146.832,28,4504.48,2.43485,-0.880952,0.802076
80,D3,146.832,29,4678.09,2.07294,-0.642742,0.909827
80,D3,146.832,38,6511.1,4.54989,-1.79198,0.920784
80,E6,1318.51,1,1321.6,1.41701,3.9959,0.911494
80,E6,1318.51,2,2662.04,2.32023,1.33212,0.987856
80,E6,1318.51,3,4018.63,3.67231,-4.16321,0.96917
80,D1,36.7081,1,36.3373,0.212841,2.26329,0.911935
80,D1,36.7081,2,72.6746,0.187277,5.36702,0.885443
80,D1,36.7081,3,109.012,0.1418,5.16254,0.650152
80,D1,36.7081,4,146.695,0.145627,5.25628,0.769765
80,D1,36.7081,6,219.37,0.14797,3.4072,0.64729
80,D1,36.7081,7,255.707,0.153437,5.11753,0.804725
80,D1,36.7081,8,293.39,0.178147,1.78389,0.859191
80,D1,36.7081,9,329.727,0.106782,3.20276,0.588224
80,D1,36.7081,10,366.064,0.140747,4.0578,0.692045
80,D1,36.7081,11,403.748,0.155808,4.072,0.640581
80,D1,36.7081,12,440.085,0.17486,3.30838,0.677206
80,D1,36.7081,13,477.768,0.225658,4.25975,0.939309
80,D1,36.7081,14,514.105,0.174065,3.21403,0.866401
80,D1,36.7081,15,551.788,0.156174,2.24862,0.698289
80,D1,36.7081,16,589.471,0.171654,1.88494,0.767416
80,D1,36.7081,17,627.155,0.229951,2.50538,0.927113
80,D1,36.7081,18,664.838,0.215717,2.77246,0.869626
80,D1,36.7081,19,702.521,0.200813,1.81315,0.790872
80,D1,36.7081,20,740.204,0.186416,3.08707,0.86361
80,D1,36.7081,21,777.887,0.200463,3.61616,0.861932
80,D1,36.7081,22,816.916,0.215203,3.67813,0.911659
80,D1,36.7081,23,854.599,0.234351,2.56561,0.925422
80,D1,36.7081,24,893.628,0.274861,0.485735,0.932856
80,D1,36.7081,25,934.003,0.301509,0.665295,0.9436
80,D1,36.7081,27,1028.21,3.00121,1.92859,0.967279
80,D1,36.7081,34,1329.68,0.443105,1.04496,0.979064
80,D1,36.7081,35,1371.4,0.469856,2.13331,0.984981
80,D1,36.7081,36,1413.12,0.526881,1.92931,0.983679
80,D1,36.7081,37,1454.84,0.542329,1.13874,0.964332
80,D1,36.7081,38,1496.56,0.518917,1.95249,0.995571
80,D1,36.7081,39,1540.97,0.505685,0.696475,0.830005
80,D1,36.7081,40,1581.34,0.71979,0.258519,0.950615
80,D1,36.7081,41,1624.41,0.645583,0.803385,0.955146
80,D1,36.7081,42,1667.48,0.630933,0.633743,0.975248
80,D1,36.7081,43,1710.54,0.689477,1.00078,0.99285
80,D1,36.7081,44,1753.61,0.792972,0.760476,0.926129
80,D1,36.7081,45,1799.37,0.849995,0.504334,0.917485
80,D1,36.7081,50,2055.08,2.81416,1.04072,0.979378
80,D1,36.7081,51,2112.95,0.949178,1.13491,0.982766
80,D1,36.7081,52,2160.05,1.04238,0.716541,0.954583
80,D1,36.7081,53,2207.15,0.974237,0.3017,0.972632
80,D1,36.7081,54,2254.26,1.10922,0.163484,0.942467
80,D1,36.7081,55,2301.36,1.14951,-0.589584,0.957799
80,D1,36.7081,56,2348.46,1.02124,-0.893763,0.976569
80,D1,36.7081,57,2398.26,1.11644,-0.346561,0.984012
80,D1,36.7081,60,2570.53,1.32776,1.09397,0.988173
80,D1,36.7081,67,2955.43,1.72474,-1.18152,0.999214
80,D1,36.7081,68,3009.27,1.76656,-0.274509,0.968836
80,D1,36.7081,69,3084.63,1.89275,0.318109,0.98215
80,D1,36.7081,74,3392.83,3.15579,-2.15293,0.910742
80,D1,36.7081,75,3449.35,2.80416,-2.61075,0.855823
80,D1,36.7081,76,3504.53,3.01806,-2.92458,0.866744
80,D1,36.7081,77,3561.05,3.39445,-1.74752,0.952227
80,D1,36.7081,78,3618.92,3.97503,-2.30619,0.963403
80,D1,36.7081,85,4110.15,5.86072,-1.80653,0.992635
80,E4,329.628,1,329.727,0.434523,4.76445,0.892008
80,E4,329.628,2,659.454,0.363843,3.132,0.662232
80,E4,329.628,3,990.527,0.278717,2.09493,0.500527
80,E4,329.628,4,1322.95,0.367506,1.6042,0.669074
80,E4,329.628,5,1658.06,0.44257,2.08382,0.842269
80,E4,329.628,6,1994.51,0.594323,1.90866,0.903511
80,E4,329.628,7,2335.01,0.639609,0.621074,0.951541
80,E4,329.628,8,2678.19,0.891184,1.23673,0.962235
80,E4,329.628,9,3026.76,1.03421,-1.1377,0.923782
80,E4,329.628,10,3380.71,1.53004,-1.81138,0.826227
80,Ds6,1244.51,1,1247.58,1.21258,3.02792,0.833329
80,Ds6,1244.51,2,2512.66,2.19373,0.787049,0.964443
80,Ds6,1244.51,3,3787.15,3.45088,-3.59884,0.998536
80,B5,987.767,1,989.182,0.810943,2.27929,0.859076
80,B5,987.767,2,1986.44,1.22596,1.70362,0.960158
80,B5,987.767,3,3003.88,2.09958,1.14139,0.948877
80,B5,987.767,4,4041.51,3.60307,0.428731,0.956257
80,B5,987.767,5,5112.79,5.8047,-0.369676,0.923282
80,As4,466.164,1,465.656,0.327677,3.54719,0.810437
80,As4,466.164,2,934.003,0.336267,2.75273,0.571107
80,As4,466.164,3,1403.7,0.394773,2.62685,0.692795
80,As4,466.164,4,1877.43,0.465212,0.131838,0.809221
80,As4,466.164,5,2355.19,0.781386,0.604352,0.969446
80,As4,466.164,6,2843.73,1.14288,0.103276,0.950133
80,As4,466.164,7,3353.8,0.422545,-7.88854,0.336043
80,C8,4186.01,1,4200.32,3.24669,-4.25475,0.999383
80,C8,4186.01,2,8474.66,13.5522,-6.59077,0.999947
80,E3,164.814,1,164.191,0.321368,3.91229,0.83929
80,E3,164.814,2,329.727,0.25159,4.27816,0.84131
80,E3,164.814,3,493.918,0.231578,1.89669,0.786461
80,E3,164.814,4,659.454,0.367097,3.51518,0.779653
80,E3,164.814,5,824.991,0.257475,2.57241,0.764499
80,E3,164.814,6,990.527,0.310993,2.08992,0.907278
80,E3,164.814,8,1324.29,0.422528,0.541549,0.882091
80,E3,164.814,9,1491.17,0.387083,2.57429,0.906145
80,E3,164.814,10,1659.4,0.385982,2.44568,0.863695
80,E3,164.814,11,1828.98,0.396377,-0.605072,0.892625
80,E3,164.814,12,2001.24,0.383789,1.19385,0.907289
80,E3,164.814,30,5488.28,2.30027,-1.2464,0.882612
80,E3,164.814,31,5688.8,2.69049,-3.15568,0.87702
80,E3,164.814,38,7298.41,3.21485,-5.93048,0.704081
80,D6,1174.66,1,1176.25,1.40605,4.05163,0.932381
80,D6,1174.66,2,2367.31,2.57257,1.75559,0.999479
80,D6,1174.66,3,3581.24,3.28748,-0.287178,0.987963
80,As3,233.082,1,232.828,0.305156,4.036,0.760257
80,As3,233.082,2,465.656,0.272416,3.63266,0.84227
80,As3,233.082,3,699.829,0.434894,3.44312,0.842566
80,As3,233.082,4,934.003,0.347846,2.71088,0.824738
80,As3,233.082,5,1169.52,0.351536,2.39757,0.726945
80,As3,233.082,6,1405.04,0.399995,2.36437,0.880816
80,As3,233.082,7,1643.25,0.468229,2.68911,0.93568
80,As3,233.082,20,5196.23,3.22359,-1.85298,0.879718
80,C7,2093,1,2106.22,2.36197,2.78992,0.986996
80,B2,123.471,1,123.816,0.223952,4.51324,0.920005
80,B2,123.471,4,493.918,0.198136,2.89388,0.657597
80,B2,123.471,6,741.55,0.214008,2.45088,0.723925
80,B2,123.471,7,865.366,0.255695,3.44754,0.760071
80,B2,123.471,8,990.527,0.239609,1.31906,0.722165
80,B2,123.471,9,1114.34,0.20111,2.44804,0.742124
80,B2,123.471,10,1239.51,0.284822,2.16059,0.902713
80,B2,123.471,11,1366.01,0.366316,2.7092,0.952042
80,B2,123.471,24,3182.88,0.838195,-1.95726,0.89169
80,B2,123.471,25,3320.15,0.945938,-2.48598,0.965282
80,B2,123.471,26,3457.42,1.05431,-1.70316,0.919936
80,B2,123.471,27,3616.23,1.19327,-5.54599,0.72781
80,B2,123.471,32,4442.57,1.64252,-2.78605,0.892552
80,B2,123.471,33,4590.61,2.18424,-1.75586,0.799358
80,B2,123.471,38,5489.62,3.60176,-1.40954,0.919956
80,Ds1,38.8909,1,39.0289,0.184881,2.31257,0.861527
80,Ds1,38.8909,2,78.0579,0.16844,5.17068,0.838566
80,Ds1,38.8909,3,115.741,0.175436,5.57339,0.854678
80,Ds1,38.8909,4,154.77,0.118362,3.50923,0.666372
80,Ds1,38.8909,5,193.799,0.161192,4.27728,0.820939
80,Ds1,38.8909,6,232.828,0.174358,4.30183,0.843872
80,Ds1,38.8909,7,271.857,0.167538,3.70779,0.815315
80,Ds1,38.8909,8,310.886,0.104259,2.05874,0.55926
80,Ds1,38.8909,9,349.915,0.146079,3.89578,0.724853
80,Ds1,38.8909,10,388.943,0.177556,4.86432,0.835052
80,Ds1,38.8909,11,427.972,0.143887,2.77406,0.751679
80,Ds1,38.8909,12,467.001,0.221387,3.84032,0.911444
80,Ds1,38.8909,13,506.03,0.177153,3.53542,0.842152
80,Ds1,38.8909,14,545.059,0.196771,2.52131,0.882912
80,Ds1,38.8909,15,585.434,0.233703,2.60697,0.946788
80,Ds1,38.8909,16,624.463,0.182,1.22239,0.789933
80,Ds1,38.8909,17,664.838,0.190318,1.38618,0.796069
80,Ds1,38.8909,18,703.867,0.194078,1.18524,0.899399
80,Ds1,38.8909,19,744.241,0.207795,2.46689,0.921297
80,Ds1,38.8909,20,784.616,0.234685,1.44484,0.925923
80,Ds1,38.8909,21,824.991,0.220069,3.24472,0.839083
80,Ds1,38.8909,22,865.366,0.235576,3.57705,0.897282
80,Ds1,38.8909,23,907.086,0.30739,2.51399,0.980695
80,Ds1,38.8909,24,947.461,0.27632,0.571629,0.908244
80,Ds1,38.8909,25,990.527,0.315208,1.71736,0.952649
80,Ds1,38.8909,26,1032.25,0.353095,1.21007,0.963732
80,Ds1,38.8909,27,1099.54,2.75724,3.93286,0.962218
80,Ds1,38.8909,28,1118.38,0.368338,1.63895,0.994251
80,Ds1,38.8909,35,1454.84,0.530982,-0.121167,0.974335
80,Ds1,38.8909,36,1499.25,0.523783,1.62886,0.96512
80,Ds1,38.8909,37,1545.01,0.585593,2.22856,0.974482
80,Ds1,38.8909,38,1588.07,0.559213,0.651384,0.984144
80,Ds1,38.8909,39,1633.83,0.681626,-0.307525,0.977298
80,Ds1,38.8909,40,1678.24,0.64357,-0.866373,0.989608
80,Ds1,38.8909,41,1724,0.685867,0.374954,0.9995
80,Ds1,38.8909,42,1769.76,0.748848,0.909654,0.987632
80,Ds1,38.8909,43,1816.86,0.799838,1.8357,0.994225
80,Ds1,38.8909,44,1862.62,0.822222,1.49352,0.981824
80,Ds1,38.8909,45,1909.73,0.847368,0.56952,0.953665
80,Ds1,38.8909,46,1956.83,0.884528,-0.708293,0.972372
80,Ds1,38.8909,53,2345.77,1.02549,0.39788,0.986571
80,Ds1,38.8909,54,2396.91,1.20731,0.675573,0.999411
80,Ds1,38.8909,57,2550.34,1.12286,-1.13569,0.979297
80,Ds1,38.8909,58,2602.83,1.26373,-1.16767,0.954707
80,Ds1,38.8909,59,2653.97,1.17388,-0.126556,0.975484
80,Ds1,38.8909,60,2707.8,1.29373,-1.68677,0.961613
80,Ds1,38.8909,66,3088.67,1.9799,-1.28062,0.934092
80,Ds1,38.8909,67,3145.19,2.47097,-1.20058,0.902945
80,Ds1,38.8909,68,3201.72,1.64092,-1.02254,0.949069
80,Ds1,38.8909,69,3259.59,2.56631,-2.05165,0.882757
80,Ds1,38.8909,70,3317.46,2.70082,-1.86647,0.920861
80,Ds1,38.8909,71,3376.68,1.97788,-1.90465,0.853387
80,Ds1,38.8909,78,3857.14,4.57988,-1.34901,0.913086
80,Ds1,38.8909,79,3921.73,3.79625,-1.9262,0.89973
80,Ds1,38.8909,80,3983.64,4.52978,-1.84749,0.914643
80,Ds1,38.8909,81,4045.55,4.26267,-1.57493,0.884607
80,Ds1,38.8909,82,4111.5,3.99927,-2.24242,0.892434
80,Ds1,38.8909,86,4403.54,5.70307,-1.99001,0.92092
80,Ds1,38.8909,89,4643.1,4.85879,-1.68603,0.892324
80,D7,2349.32,1,2367.31,3.07754,1.87976,0.992537
80,D7,2349.32,2,4754.8,4.1084,-4.03961,0.99999
80,E2,82.4069,1,82.0953,0.242309,4.80077,0.912996
80,E2,82.4069,2,164.191,0.141349,2.02337,0.627544
80,E2,82.4069,3,247.632,0.346438,3.1615,0.949894
80,E2,82.4069,4,329.727,0.198979,4.24938,0.766007
80,E2,82.4069,5,411.823,0.163332,3.68428,0.800657
80,E2,82.4069,6,493.918,0.263757,3.21914,0.717143
80,E2,82.4069,7,577.359,0.212669,2.97769,0.828955
80,E2,82.4069,8,659.454,0.230157,1.01581,0.814963
80,E2,82.4069,9,742.896,0.268353,3.06926,0.868385
80,E2,82.4069,10,824.991,0.214113,2.92708,0.724603
80,E2,82.4069,11,908.432,0.254989,2.87511,0.819328
80,E2,82.4069,12,991.873,0.270282,2.34894,0.914608
80,E2,82.4069,13,1075.31,0.24626,3.24212,0.811666
80,E2,82.4069,14,1158.76,0.401905,1.46226,0.833841
80,E2,82.4069,15,1243.54,0.271765,1.81633,0.782516
80,E2,82.4069,16,1326.98,0.58267,0.380272,0.925312
80,E2,82.4069,17,1411.77,0.280144,0.758511,0.802992
80,E2,82.4069,18,1496.56,0.332412,2.64938,0.860408
80,E2,82.4069,19,1581.34,0.321581,1.79795,0.907235
80,E2,82.4069,37,3264.97,0.676789,-0.828887,0.93003
80,E2,82.4069,38,3360.53,0.73493,-1.60282,0.906824
80,E2,82.4069,39,3453.39,0.866389,-1.6458,0.901965
80,E2,82.4069,41,3644.49,0.870031,-5.12656,0.752935
80,E2,82.4069,42,3740.05,1.20522,-1.46584,0.797136
80,E2,82.4069,43,3847.71,0.869149,-5.93012,0.775241
80,E2,82.4069,51,4730.58,1.74014,-2.22156,0.934428
80,E2,82.4069,52,4830.17,2.66372,-1.17833,0.921523
80,E2,82.4069,53,4936.49,2.71321,-2.35425,0.9184
80,E2,82.4069,54,5046.84,2.86879,-1.77301,0.925776
80,B3,246.942,1,246.286,0.284968,4.52541,0.672755
80,B3,246.942,2,493.918,0.221785,3.28036,0.545904
80,B3,246.942,3,741.55,0.217434,2.61474,0.585524
80,B3,246.942,4,989.182,0.330201,2.66471,0.799084
80,B3,246.942,5,1238.16,0.36335,2.95588,0.810917
80,B3,246.942,6,1489.83,0.41187,2.35937,0.92746
80,B3,246.942,7,1741.5,0.578263,2.54223,0.948031
80,B3,246.942,21,5839.54,4.41656,-2.67578,0.897083
80,C6,1046.5,1,1048.4,1.09157,3.82163,0.836209
80,C6,1046.5,2,2106.22,1.85419,2.74171,0.984868
80,C6,1046.5,3,3188.26,2.95261,0.634539,0.969476
80,C6,1046.5,4,4289.15,4.81414,0.0489219,0.972783
80,C6,1046.5,5,5381.96,3.8957,-5.74831,0.941207
80,As2,116.541,1,117.087,0.18641,3.67912,0.818015
80,As2,116.541,3,349.915,0.242113,3.26502,0.840438
80,As2,116.541,4,465.656,0.253114,3.30111,0.745803
80,As2,116.541,5,582.742,0.199683,2.37741,0.67412
80,As2,116.541,6,699.829,0.175721,2.18253,0.673718
80,As2,116.541,7,816.916,0.228002,2.88554,0.81859
80,As2,116.541,8,934.003,0.218341,1.8506,0.769036
80,As2,116.541,9,1052.44,0.271373,1.97261,0.865074
80,As2,116.541,10,1169.52,0.369643,2.74054,0.907066
80,As2,116.541,11,1289.3,0.317907,1.96952,0.791708
80,As2,116.541,24,2995.81,0.71316,-0.569952,0.939106
80,As2,116.541,25,3123.66,0.829408,-0.56289,0.935526
80,As2,116.541,26,3289.2,0.835938,-7.19417,0.546364
80,As2,116.541,27,3410.32,0.931095,-6.72204,0.608269
80,As2,116.541,31,4038.82,2.07491,-1.68513,0.935988
80,As2,116.541,32,4170.71,2.01864,-1.90037,0.886794
80,As2,116.541,37,5001.09,2.44078,-1.57209,0.814374
80,As2,116.541,42,5874.53,3.01282,-1.89313,0.842345
80,E5,659.255,1,659.454,0.313049,3.10985,0.581361
80,E5,659.255,2,1322.95,0.612579,3.0893,0.814499
80,E5,659.255,3,1991.82,0.749022,2.19938,0.842035
80,E5,659.255,4,2668.77,1.12145,1.39998,0.971214
80,E5,659.255,5,3359.18,2.48318,-0.115088,0.93561
80,E5,659.255,6,4040.17,2.94604,-4.93703,0.981058
80,E5,659.255,7,4754.8,3.46918,-4.60762,0.991493
80,E5,659.255,8,5461.36,6.45322,-5.06504,0.89224
80,As5,932.328,1,934.003,0.841703,3.80139,0.866618
80,As5,932.328,2,1874.73,1.46879,2.62139,0.987456
80,As5,932.328,3,2830.27,2.736,1.1038,0.97939
80,As5,932.328,4,3810.03,3.5237,-0.514562,0.912817
80,As5,932.328,5,4808.63,5.75439,-0.711172,0.973408
80,As5,932.328,6,5861.07,7.58655,-1.62691,0.960984
80,As5,932.328,7,6933.69,12.4058,-2.37559,0.963752
80,As5,932.328,8,8049.38,8.40601,-6.13133,0.842283
80,C1,32.7032,1,32.2998,0.218768,1.86001,0.936407
80,C1,32.7032,2,64.5996,0.200386,2.82563,0.897419
80,C1,32.7032,3,96.8994,0.140156,4.74377,0.674715
80,C1,32.7032,4,130.545,0.18134,4.89832,0.865947
80,C1,32.7032,5,162.845,0.152701,2.61548,0.799267
80,C1,32.7032,6,195.145,0.147516,4.76887,0.694385
80,C1,32.7032,7,227.444,0.17921,3.79067,0.857033
80,C1,32.7032,9,293.39,0.162107,3.66333,0.797829
80,C1,32.7032,10,325.69,0.153157,3.84247,0.799834
80,C1,32.7032,11,359.335,0.14417,3.73369,0.688867
80,C1,32.7032,12,392.981,0.118866,4.24448,0.515155
80,C1,32.7032,13,425.281,0.139341,2.83374,0.617927
80,C1,32.7032,14,458.926,0.14843,2.95921,0.588228
80,C1,32.7032,15,492.572,0.168961,0.682932,0.741207
80,C1,32.7032,16,526.218,0.165006,1.69534,0.785646
80,C1,32.7032,17,559.863,0.176657,1.82892,0.715439
80,C1,32.7032,18,593.509,0.194636,2.38985,0.817797
80,C1,32.7032,19,627.155,0.163347,2.14306,0.70936
80,C1,32.7032,20,660.8,0.186667,2.19279,0.771644
80,C1,32.7032,21,695.792,0.195535,3.149,0.845052
80,C1,32.7032,22,729.437,0.206246,3.00264,0.861511
80,C1,32.7032,23,764.429,0.210235,2.24558,0.83939
80,C1,32.7032,24,799.42,0.213003,-0.134203,0.886811
80,C1,32.7032,25,834.412,0.234407,1.52172,0.813188
80,C1,32.7032,26,869.403,0.255843,1.29118,0.933347
80,C1,32.7032,27,904.395,0.255111,1.00986,0.946732
80,C1,32.7032,28,940.732,0.28766,2.24664,0.945648
80,C1,32.7032,29,977.069,0.293477,2.10817,0.962342
80,C1,32.7032,30,1013.41,0.306502,2.12261,0.948023
80,C1,32.7032,31,1049.74,0.349973,1.55974,0.994416
80,C1,32.7032,32,1086.08,0.353353,0.979535,0.991431
80,C1,32.7032,39,1356.59,0.633373,-1.87672,0.977917
80,C1,32.7032,41,1460.22,0.903445,0.0410832,0.999907
80,C1,32.7032,42,1493.87,0.942719,-1.09273,0.998416
80,C1,32.7032,43,1528.86,1.00447,-1.18024,0.989597
80,C1,32.7032,46,1667.48,0.648011,0.0182108,0.972332
80,C1,32.7032,47,1710.54,0.776863,-0.207348,0.954434
80,C1,32.7032,48,1753.61,0.743287,-0.72196,0.958704
80,C1,32.7032,49,1795.33,0.891758,0.224749,0.999679
80,C1,32.7032,50,1838.4,0.839449,-0.273413,0.950476
80,C1,32.7032,51,1880.12,0.84898,0.637083,0.993591
80,C1,32.7032,52,1924.53,0.873619,1.95268,0.996468
80,C1,32.7032,53,1967.6,0.911391,1.30822,0.988261
80,C1,32.7032,54,2010.66,0.97248,0.113982,0.990199
80,C1,32.7032,55,2056.42,0.976753,-0.430749,0.998728
80,C1,32.7032,57,2146.59,1.02009,-1.15636,0.987389
80,C1,32.7032,58,2192.35,1.09773,-1.12363,0.996906
80,C1,32.7032,59,2238.11,1.05634,-0.79647,0.945988
80,C1,32.7032,60,2285.21,0.985862,-0.236098,0.955963
80,C1,32.7032,61,2332.31,1.20402,-0.853141,0.955064
80,C1,32.7032,62,2380.76,1.16335,-1.45092,0.99289
80,C1,32.7032,64,2476.32,1.06162,-0.340031,0.988539
80,C1,32.7032,71,2855.84,1.70793,0.180254,0.997153
80,C1,32.7032,81,3419.74,3.78946,-2.66855,0.948037
80,C1,32.7032,82,3477.61,3.90455,-2.19024,0.930118
80,C1,32.7032,83,3536.83,4.52263,-0.979015,0.951417
80,C1,32.7032,84,3596.04,3.10432,-1.34623,0.902973
80,C1,32.7032,85,3655.26,4.4159,-2.24946,0.924099
80,C1,32.7032,86,3713.13,4.83019,-1.19624,0.936197
80,C1,32.7032,87,3773.69,1.61268,-6.8107,0.654459
80,C1,32.7032,90,3951.34,3.55114,-4.46263,0.873785
80,C1,32.7032,91,4017.29,4.59833,-3.2201,0.948571
80,C1,32.7032,92,4076.5,5.41612,-3.4202,0.941872
80,C1,32.7032,94,4204.36,6.01337,-2.63652,0.945868
80,C1,32.7032,95,4285.11,3.99608,-1.09172,0.945338
80,B4,493.883,1,493.918,0.304204,3.04173,0.615348
80,B4,493.883,2,989.182,0.391393,2.55568,0.697196
80,B4,493.883,3,1487.14,0.435835,1.7434,0.82471
80,B4,493.883,4,1990.48,0.562275,2.12984,0.95703
80,B4,493.883,5,2499.2,0.856486,1.51799,0.90302
80,B4,493.883,6,3014.65,1.5276,1.26006,0.976841
80,B4,493.883,7,3543.56,2.07978,0.423549,0.940045
80,Ds7,2489.02,1,2509.96,3.7108,2.15221,0.998349
80,Ds7,2489.02,2,5029.35,8.11183,-7.98514,0.928935
80,Gs1,51.9131,1,52.4872,0.205378,1.64439,0.755783
80,Gs1,51.9131,2,103.629,0.271882,4.90205,0.932555
80,Gs1,51.9131,3,154.77,0.26222,4.29707,0.791009
80,Gs1,51.9131,4,207.257,0.238738,4.72479,0.809423
80,Gs1,51.9131,7,363.373,0.177993,3.26151,0.543339
80,Gs1,51.9131,8,414.514,0.134673,1.41703,0.72891
80,Gs1,51.9131,9,467.001,0.164221,2.39276,0.633327
80,Gs1,51.9131,10,519.489,0.190317,3.78909,0.752935
80,Gs1,51.9131,11,570.63,0.171084,2.77005,0.719437
80,Gs1,51.9131,12,623.117,0.175989,0.806269,0.576908
80,Gs1,51.9131,13,675.604,0.286165,2.90377,0.834297
80,Gs1,51.9131,14,728.091,0.22784,2.09064,0.731184
80,Gs1,51.9131,15,780.579,0.241231,2.04337,0.816083
80,Gs1,51.9131,16,834.412,0.232939,0.981827,0.81548
80,Gs1,51.9131,17,886.899,0.197505,1.53969,0.714874
80,Gs1,51.9131,18,939.386,0.236637,1.80846,0.843478
80,Gs1,51.9131,19,991.873,0.314293,2.47258,0.860713
80,Gs1,51.9131,20,1047.05,0.234803,0.88503,0.840619
80,Gs1,51.9131,21,1102.23,0.284525,2.08058,0.818796
80,Gs1,51.9131,26,1403.7,0.674258,-2.40952,0.899109
80,Gs1,51.9131,27,1441.38,14.3986,1.70652,0.997991
80,Gs1,51.9131,28,1508.67,0.756027,-2.53895,0.897499
80,Gs1,51.9131,32,1754.96,0.47932,-0.562825,0.967104
80,Gs1,51.9131,33,1811.48,0.433548,-0.410613,0.928164
80,Gs1,51.9131,34,1868.01,0.433215,0.00369465,0.937842
80,Gs1,51.9131,35,1925.88,0.471856,1.07142,0.960857
80,Gs1,51.9131,36,1981.05,0.506809,0.749071,0.975166
80,Gs1,51.9131,37,2037.58,0.484942,0.802032,0.995972
80,Gs1,51.9131,38,2098.14,0.549025,-0.552029,0.967949
80,Gs1,51.9131,43,2444.02,0.650149,-0.218648,0.966921
80,Gs1,51.9131,44,2505.93,0.715495,0.687657,0.981853
80,Gs1,51.9131,45,2565.14,0.747708,-0.410356,0.980062
80,Gs1,51.9131,46,2629.74,0.745144,-0.458704,0.933705
80,Gs1,51.9131,52,3056.37,1.51291,-1.55759,0.881745
80,Gs1,51.9131,53,3119.62,1.57738,-2.46296,0.879238
80,Gs1,51.9131,54,3189.61,1.80034,-2.44379,0.926818
80,Gs1,51.9131,55,3247.48,1.9456,-2.98518,0.932104
80,Gs1,51.9131,56,3320.15,1.54871,-3.01339,0.801824
80,Gs1,51.9131,60,3640.46,1.95397,-1.86261,0.92299
80,Gs1,51.9131,61,3715.82,1.43126,-2.28611,0.869054
80,Gs1,51.9131,62,3773.69,1.87166,-1.96408,0.822029
80,Gs1,51.9131,63,3851.75,1.95163,-3.60044,0.89086
80,Gs1,51.9131,67,4186.86,2.52259,-1.44146,0.877897
80,Gs1,51.9131,68,4270.3,2.42193,-1.46807,0.881641
80,Gs1,51.9131,69,4342.98,2.24079,-4.20393,0.885118
80,Gs1,51.9131,72,4616.18,3.08401,-1.56266,0.85241
80,Gs1,51.9131,73,4703.66,3.55692,-1.84637,0.93201
80,Gs1,51.9131,74,4764.22,3.23957,-3.41002,0.931294
80,Gs1,51.9131,75,4855.74,3.90406,-2.21278,0.915983
80,Gs1,51.9131,80,5317.36,1.75216,-6.54336,0.714197
80,Gs1,51.9131,81,5396.76,4.09736,-3.03691,0.906867
80,Fs2,92.4986,1,92.8619,0.371669,4.76536,0.962001
80,Fs2,92.4986,2,184.378,0.211389,2.96555,0.717319
80,Fs2,92.4986,4,370.102,0.279087,3.23456,0.759739
80,Fs2,92.4986,5,461.618,0.172207,2.33242,0.543555
80,Fs2,92.4986,6,554.48,0.200281,3.49948,0.651749
80,Fs2,92.4986,7,647.342,0.192565,3.22408,0.675684
80,Fs2,92.4986,9,834.412,0.26299,2.88219,0.827414
80,Fs2,92.4986,10,927.274,0.212979,1.75366,0.700473
80,Fs2,92.4986,11,1021.48,0.320104,1.54329,0.907128
80,Fs2,92.4986,12,1114.34,0.271251,1.71368,0.842633
80,Fs2,92.4986,13,1208.55,0.22426,1.53215,0.738995
80,Fs2,92.4986,14,1302.76,0.277209,2.52942,0.802622
80,Fs2,92.4986,15,1396.97,0.386022,2.27629,0.880958
80,Fs2,92.4986,16,1492.52,0.344001,0.749809,0.858155
80,Fs2,92.4986,17,1586.73,0.442688,0.81415,0.914333
80,Fs2,92.4986,18,1682.28,0.463249,2.08148,0.897213
80,Fs2,92.4986,19,1777.84,0.399088,0.779025,0.930187
80,Fs2,92.4986,20,1874.73,0.443076,0.820154,0.970411
80,Fs2,92.4986,21,1972.98,0.506474,0.919469,0.893158
80,Fs2,92.4986,22,2071.23,0.521364,0.418651,0.926064
80,Fs2,92.4986,43,4344.32,1.56633,-1.68487,0.924709
80,Fs2,92.4986,44,4457.37,1.62074,-0.966505,0.898539
80,Fs2,92.4986,45,4570.42,1.58932,-1.07689,0.923934
80,Fs2,92.4986,46,4682.13,1.75686,-1.87672,0.833272
80,Fs2,92.4986,47,4797.87,2.40405,-3.49193,0.885537
80,Fs2,92.4986,61,6616.08,2.54434,-5.1362,0.727865
80,F1,43.6535,1,43.0664,0.302395,1.88274,0.89902
80,F1,43.6535,2,87.4786,0.248854,5.18381,0.949101
80,F1,43.6535,3,130.545,0.197059,4.95608,0.883743
80,F1,43.6535,4,173.611,0.290316,3.99459,0.899039
80,F1,43.6535,5,218.024,0.181084,4.28408,0.651988
80,F1,43.6535,6,261.09,0.278781,4.20564,0.96994
80,F1,43.6535,7,305.502,0.183344,2.9194,0.643674
80,F1,43.6535,9,392.981,0.153544,3.58533,0.68623
80,F1,43.6535,10,436.047,0.155146,3.45495,0.523812
80,F1,43.6535,11,480.46,0.254433,2.03103,0.847371
80,F1,43.6535,12,524.872,0.148039,2.85399,0.508789
80,F1,43.6535,13,567.938,0.247215,2.45709,0.84257
80,F1,43.6535,14,612.35,0.278991,2.39265,0.864245
80,F1,43.6535,15,656.763,0.314116,3.10062,0.828846
80,F1,43.6535,16,701.175,0.25621,0.885816,0.825719
80,F1,43.6535,17,745.587,0.237715,1.87638,0.815965
80,F1,43.6535,18,791.345,0.177149,2.54424,0.76449
80,F1,43.6535,19,835.757,0.197738,2.7756,0.761893
80,F1,43.6535,20,880.17,0.218386,1.48341,0.805489
80,F1,43.6535,21,925.928,0.350414,1.89398,0.829207
80,F1,43.6535,22,971.686,0.386231,2.65744,0.817474
80,F1,43.6535,23,1018.79,0.323873,2.02982,0.945282
80,F1,43.6535,24,1065.89,0.312257,1.4929,0.882419
80,F1,43.6535,25,1135.88,0.815067,-1.82392,0.914728
80,F1,43.6535,27,1224.7,0.846159,-1.86541,0.842988
80,F1,43.6535,28,1257,0.488644,-3.19813,0.835815
80,F1,43.6535,34,1580,0.612903,1.20615,0.970819
80,F1,43.6535,35,1628.45,0.580808,1.72882,0.927937
80,F1,43.6535,36,1678.24,0.54846,1.553,0.951403
80,F1,43.6535,37,1726.69,0.579892,0.322558,0.961271
80,F1,43.6535,38,1776.49,0.515165,-0.135751,0.973621
80,F1,43.6535,39,1826.28,0.594501,-0.254929,0.909961
80,F1,43.6535,40,1882.81,1.28216,-0.567231,0.999886
80,F1,43.6535,41,1925.88,0.611532,0.624406,0.964636
80,F1,43.6535,42,1977.02,0.648725,1.26308,0.974764
80,F1,43.6535,49,2395.57,0.934179,0.806596,0.97852
80,F1,43.6535,50,2449.4,0.775589,0.509674,0.967996
80,F1,43.6535,51,2503.23,0.906783,-0.577015,0.972784
80,F1,43.6535,52,2558.41,0.90848,-0.392502,0.955333
80,F1,43.6535,53,2613.59,1.01618,-0.546064,0.912935
80,F1,43.6535,54,2667.43,1.02843,-0.687317,0.976929
80,F1,43.6535,60,3067.14,1.59304,-1.7794,0.972074
80,F1,43.6535,61,3126.35,1.2867,-1.38984,0.936754
80,F1,43.6535,62,3188.26,1.9248,-1.5303,0.913291
80,F1,43.6535,64,3308.04,1.90326,-1.40761,0.872233
80,F1,43.6535,70,3738.7,1.77202,-2.58543,0.921443
80,F1,43.6535,72,3870.59,3.04702,-2.22364,0.908379
80,F1,43.6535,73,3932.5,3.24957,-1.56957,0.846024
80,F1,43.6535,78,4330.87,3.24157,-1.85116,0.92155
80,F1,43.6535,79,4388.74,2.17022,-1.54349,0.951024
80,F1,43.6535,80,4469.49,4.91938,-1.51416,0.950627
80,F1,43.6535,81,4543.51,4.22378,-3.42727,0.953848
80,F1,43.6535,82,4614.83,5.18359,-1.71842,0.923551
80,F1,43.6535,86,4966.09,4.58566,-2.20104,0.948742
80,F1,43.6535,94,5643.04,5.18289,-2.48114,0.894363
80,G4,391.995,1,391.635,0.497433,3.90922,0.747158
80,G4,391.995,2,784.616,0.340889,1.8391,0.71967
80,G4,391.995,3,1178.94,0.427848,0.988942,0.792802
80,G4,391.995,4,1575.96,0.437955,1.98254,0.874089
80,G4,391.995,5,1974.33,0.536595,1.54569,0.871035
80,G4,391.995,6,2380.76,0.636853,0.866973,0.938045
80,G4,391.995,7,2787.2,0.772095,-0.660916,0.939538
80,G4,391.995,8,3201.72,1.19649,-0.181944,0.941617
80,G4,391.995,9,3624.31,1.58727,-1.4886,0.899827
80,G4,391.995,10,4050.93,2.18129,-1.57646,0.908784
80,A0,27.5,1,26.9165,0.218913,1.14999,0.931365
80,A0,27.5,2,55.1788,0.239773,2.92564,0.937541
80,A0,27.5,3,82.0953,0.22138,5.75488,0.931444
80,A0,27.5,4,109.012,0.142783,4.41207,0.671262
80,A0,27.5,5,135.928,0.161898,4.07757,0.788429
80,A0,27.5,6,164.191,0.208657,3.36708,0.855369
80,A0,27.5,8,219.37,0.115611,0.382942,0.525763
80,A0,27.5,10,274.548,0.128675,2.1908,0.529713
80,A0,27.5,11,302.811,0.118677,4.09102,0.597606
80,A0,27.5,12,331.073,0.117014,3.8754,0.557953
80,A0,27.5,13,357.99,0.182063,4.51094,0.869805
80,A0,27.5,14,386.252,0.209178,4.35912,0.90824
80,A0,27.5,15,415.86,0.315843,3.00566,0.825259
80,A0,27.5,16,442.776,0.198186,0.838575,0.797989
80,A0,27.5,17,472.385,0.178775,2.02883,0.760251
80,A0,27.5,18,501.993,0.195333,2.92915,0.779537
80,A0,27.5,19,530.255,0.182361,3.593,0.820556
80,A0,27.5,20,559.863,0.201846,2.64099,0.801412
80,A0,27.5,21,589.471,0.133543,3.48267,0.647245
80,A0,27.5,22,619.08,0.220438,2.94909,0.930767
80,A0,27.5,23,648.688,0.232991,2.84824,0.941689
80,A0,27.5,24,679.642,0.275149,0.892203,0.973139
80,A0,27.5,25,710.596,0.254385,1.24522,0.941412
80,A0,27.5,26,741.55,0.247796,2.57495,0.950079
80,A0,27.5,27,771.158,0.282637,2.32556,0.974633
80,A0,27.5,28,803.458,0.285004,3.27984,0.955949
80,A0,27.5,29,834.412,0.367173,3.53414,0.989959
80,A0,27.5,30,866.711,0.346555,3.37865,0.988122
80,A0,27.5,31,899.011,0.350365,0.919567,0.968586
80,A0,27.5,32,931.311,0.379523,0.375593,0.934897
80,A0,27.5,33,964.957,0.51748,-1.40129,0.971476
80,A0,27.5,34,997.256,0.518536,0.717041,0.994763
80,A0,27.5,35,1030.9,0.455805,2.96862,0.997657
80,A0,27.5,36,1064.55,0.474428,3.28263,0.995343
80,A0,27.5,37,1096.85,0.506184,2.64907,0.998529
80,A0,27.5,39,1149.33,1.04236,-0.211767,0.998975
80,A0,27.5,40,1178.94,1.03669,0.383424,0.999911
80,A0,27.5,41,1205.86,0.621293,0.630857,0.979985
80,A0,27.5,42,1240.85,0.690011,1.19286,0.987149
80,A0,27.5,43,1275.84,0.778585,2.69148,0.989854
80,A0,27.5,44,1312.18,0.776423,2.5071,0.986965
80,A0,27.5,45,1349.86,0.936789,2.84049,0.990584
80,A0,27.5,46,1386.2,0.93956,1.39804,0.994727
80,A0,27.5,47,1423.88,1.03629,2.13549,0.999585
80,A0,27.5,48,1462.91,1.05146,1.80065,0.986032
80,A0,27.5,49,1500.6,1.21386,1.62059,0.993522
80,A0,27.5,50,1539.62,1.22359,0.0414803,0.975316
80,A0,27.5,51,1580,1.28715,0.264174,0.9629
80,A0,27.5,52,1620.37,1.26279,1.5151,0.963638
80,A0,27.5,53,1659.4,1.43038,0.119651,0.992912
80,A0,27.5,54,1699.78,1.37303,2.39162,0.992633
80,A0,27.5,55,1733.42,1.45999,-0.564557,0.999732
80,A0,27.5,56,1776.49,1.66986,1.90523,0.999866
80,A0,27.5,61,1955.48,2.51769,0.0978047,0.987627
80,A0,27.5,62,1998.55,2.41595,0.339964,0.999748
80,A0,27.5,64,2088.72,2.5273,0.570587,0.999945
80,A0,27.5,65,2135.82,2.46739,-0.330079,0.996563
80,A0,27.5,67,2227.34,2.39872,-0.64043,0.98066
80,A0,27.5,74,2519.38,3.22392,0.29562,0.995471
80,A0,27.5,75,2567.83,3.37791,-1.2229,0.982132
80,A0,27.5,76,2618.98,3.11391,-1.40248,0.975166
80,A0,27.5,77,2666.08,3.12317,-1.6788,0.936175
80,A0,27.5,86,3110.2,5.48644,-1.98451,0.922343
80,A0,27.5,87,3157.31,4.50757,-0.462248,0.997975
80,A0,27.5,88,3213.83,6.50717,-1.95161,0.945235
80,A0,27.5,89,3269.01,6.62902,-1.71648,0.980177
80,A0,27.5,90,3326.88,4.4894,-3.90487,0.933563
80,A0,27.5,91,3387.44,4.62597,-4.21543,0.91063
80,A0,27.5,92,3442.62,5.22318,-1.54895,0.902537
80,A0,27.5,93,3484.34,5.50797,-1.82251,0.903408
80,A0,27.5,94,3548.94,6.75703,-3.24205,0.934661
80,Fs5,739.989,1,740.204,0.46137,3.40864,0.552622
80,Fs5,739.989,2,1484.45,0.646754,1.77068,0.811614
80,Fs5,739.989,3,2238.11,0.869409,0.828381,0.912338
80,Fs5,739.989,4,3001.19,1.69745,-0.279877,0.955752
80,Cs7,2217.46,1,2234.07,2.48951,2.74088,0.997703
80,Cs7,2217.46,2,4468.14,4.0625,-3.64847,0.999917
80,Gs6,1661.22,1,1670.17,1.79241,3.6585,0.938972
80,Gs6,1661.22,2,3353.8,3.72422,-2.94484,0.992328
80,G3,195.998,1,196.49,0.293921,4.46214,0.938507
80,G3,195.998,2,391.635,0.243257,3.65965,0.823
80,G3,195.998,3,588.126,0.153167,1.40108,0.532876
80,G3,195.998,4,784.616,0.277952,2.88011,0.713249
80,G3,195.998,5,982.452,0.363275,2.03711,0.910167
80,G3,195.998,6,1180.29,0.37796,3.093,0.870455
80,G3,195.998,7,1378.12,0.337205,2.13002,0.830197
80,G3,195.998,8,1577.31,0.380751,0.646471,0.881714
80,G3,195.998,9,1779.18,0.439345,1.99371,0.930151
80,G3,195.998,10,1982.4,0.504927,2.22273,0.968989
80,G3,195.998,11,2184.27,0.577819,0.155189,0.896152
80,G3,195.998,12,2388.84,0.641358,0.0836573,0.957198
80,G3,195.998,13,2594.75,0.897345,0.058274,0.951016
80,G3,195.998,14,2803.35,0.898776,0.00982576,0.948067
80,G3,195.998,15,3013.3,0.997099,0.993294,0.971619
80,G3,195.998,16,3224.6,0.993647,-0.478199,0.962863
80,G3,195.998,17,3439.93,1.68907,-0.497649,0.883028
80,G3,195.998,18,3655.26,1.26977,-1.75487,0.86055
80,G3,195.998,19,3873.28,1.52714,-0.853762,0.850897
80,G3,195.998,20,4096.69,1.34641,-1.38577,0.90531
80,G3,195.998,21,4321.44,1.33527,-1.78724,0.811308
80,F6,1396.91,1,1401,1.58638,2.82096,0.932699
80,F6,1396.91,2,2823.54,2.64841,0.609531,0.989106
80,A7,3520,1,3526.06,4.17089,-8.82912,0.832259
80,A7,3520,2,7080.39,7.88148,-9.24607,0.828941
80,F7,2793.83,1,2818.16,4.54641,1.63553,0.991724
80,G2,97.9989,1,98.2452,0.291785,4.69754,0.941649
80,G2,97.9989,4,391.635,0.234464,3.84188,0.726733
80,G2,97.9989,5,489.88,0.280724,2.66554,0.851758
80,G2,97.9989,6,588.126,0.172763,1.7328,0.628585
80,G2,97.9989,7,686.371,0.239924,3.88498,0.855016
80,G2,97.9989,8,784.616,0.144712,1.22527,0.627957
80,G2,97.9989,9,884.207,0.228282,2.41213,0.744401
80,G2,97.9989,10,982.452,0.263144,1.83671,0.714381
80,G2,97.9989,11,1082.04,0.240034,1.3432,0.726058
80,G2,97.9989,12,1181.63,0.282331,2.29498,0.784784
80,G2,97.9989,13,1279.88,0.280372,2.39086,0.843761
80,G2,97.9989,14,1380.82,0.33714,1.04992,0.879476
80,G2,97.9989,15,1481.75,0.394402,1.04345,0.888764
80,G2,97.9989,16,1582.69,0.413772,0.305986,0.946314
80,G2,97.9989,17,1683.63,0.393854,1.93856,0.951745
80,G2,97.9989,18,1784.56,0.46929,2.11857,0.877617
80,G2,97.9989,19,1886.85,0.438343,0.984698,0.935954
80,G2,97.9989,20,1989.13,0.397094,-0.286401,0.913653
80,G2,97.9989,21,2091.41,0.526893,1.49902,0.965543
80,G2,97.9989,22,2195.04,0.515875,0.272196,0.844245
80,G2,97.9989,24,2404.99,0.53965,-0.570013,0.917607
80,G2,97.9989,51,5613.44,3.67062,-1.62217,0.76989
80,G2,97.9989,53,5870.49,4.08051,-1.56975,0.896119
80,A6,1760,1,1769.76,1.74506,3.42511,0.973552
80,A6,1760,2,3570.47,4.38666,0.0704945,0.966178
80,A6,1760,3,5381.96,4.89319,-5.6788,0.994058
80,Gs7,3322.44,1,3348.41,4.07716,-0.641296,0.995316
80,Gs7,3322.44,2,6680.68,17.3283,-6.71732,0.999979
80,Cs6,1108.73,1,1110.31,1.28215,3.73795,0.877219
80,Cs6,1108.73,2,2232.72,1.65891,1.11321,0.930441
80,Cs6,1108.73,3,3376.68,3.46007,-0.580835,0.968053
80,Cs6,1108.73,4,4544.85,4.81692,-1.81992,0.990241
80,Fs4,369.994,1,370.102,0.416159,4.35911,0.78784
80,Fs4,369.994,2,740.204,0.371092,2.78965,0.801913
80,Fs4,369.994,3,1111.65,0.345645,1.27216,0.623901
80,Fs4,369.994,4,1487.14,0.404561,1.72927,0.839796
80,Fs4,369.994,5,1862.62,0.479283,0.324337,0.920673
80,Fs4,369.994,6,2242.14,0.526131,0.776481,0.953906
80,Fs4,369.994,7,2627.05,0.690071,0.118792,0.968013
80,Fs4,369.994,8,3015.99,1.07717,-0.271981,0.962546
80,Fs4,369.994,9,3410.32,1.42233,-2.34739,0.934245
80,Fs4,369.994,10,3811.38,2.18788,-0.561179,0.832734
80,Fs4,369.994,11,4217.82,2.25335,-1.28865,0.895773
80,Fs4,369.994,12,4630.98,2.91249,-1.48309,0.904861
80,Fs4,369.994,14,5485.58,4.26923,-1.65567,0.835547
80,G5,783.991,2,1573.27,0.899122,1.10161,0.917023
80,G5,783.991,3,2372.69,1.34305,1.81441,0.959517
80,G5,783.991,4,3174.8,2.29493,-4.84262,0.851507
80,A1,55,1,55.1788,0.268126,3.79463,0.88376
80,A1,55,2,110.358,0.233911,4.54784,0.841085
80,A1,55,3,164.191,0.220276,3.32361,0.781703
80,A1,55,4,219.37,0.207539,4.40351,0.87065
80,A1,55,5,274.548,0.281398,4.33999,0.800421
80,A1,55,6,329.727,0.192183,3.88601,0.699535
80,A1,55,7,384.906,0.300278,4.22939,0.852654
80,A1,55,8,440.085,0.143761,1.28137,0.573209
80,A1,55,10,550.443,0.207822,3.63367,0.757259
80,A1,55,11,605.621,0.21527,3.80244,0.813062
80,A1,55,12,660.8,0.244277,2.11149,0.78881
80,A1,55,13,715.979,0.285626,3.11199,0.815663
80,A1,55,14,771.158,0.214223,1.99992,0.746004
80,A1,55,15,827.682,0.18922,2.94077,0.616883
80,A1,55,16,882.861,0.222385,0.105632,0.737197
80,A1,55,17,938.04,0.229482,1.87664,0.755124
80,A1,55,18,994.565,0.305735,1.80028,0.903662
80,A1,55,19,1051.09,0.185365,2.29583,0.608608
80,A1,55,20,1110.31,0.301805,0.718729,0.876028
80,A1,55,26,1487.14,0.859769,-1.53311,0.951484
80,A1,55,31,1796.68,0.47286,0.778751,0.969684
80,A1,55,32,1857.24,0.487025,0.055214,0.989927
80,A1,55,33,1915.11,0.515722,-0.642988,0.958048
80,A1,55,34,1975.67,0.425281,-0.462025,0.978206
80,A1,55,35,2033.54,0.47887,0.88996,0.985295
80,A1,55,36,2096.8,0.491368,0.478987,0.979512
80,A1,55,37,2157.36,0.484,0.892465,0.971472
80,A1,55,41,2441.33,0.622647,-1.14605,0.981353
80,A1,55,42,2519.38,0.73039,0.507634,0.999803
80,A1,55,43,2588.02,0.68369,-0.0474454,0.927386
80,A1,55,44,2649.93,0.774833,0.00852627,0.967704
80,A1,55,45,2707.8,0.729743,-1.34519,0.938186
80,A1,55,46,2777.78,0.825715,-1.13048,0.966758
80,A1,55,51,3157.31,1.33267,-2.55251,0.887051
80,A1,55,52,3232.67,1.71501,-3.04116,0.921221
80,A1,55,53,3301.31,1.84306,-2.87874,0.94081
80,A1,55,54,3363.22,1.4957,-2.35977,0.829247
80,A1,55,57,3597.39,1.27357,-1.03036,0.960101
80,A1,55,58,3692.94,2.18962,-1.50434,0.935902
80,A1,55,59,3761.58,1.26476,-2.24357,0.839433
80,A1,55,60,3845.02,1.67946,-4.39807,0.849523
80,A1,55,61,3916.35,1.28793,-2.38568,0.857731
80,A1,55,64,4182.82,2.43125,-3.49051,0.89097
80,A1,55,65,4274.34,2.27951,-4.08912,0.881932
80,A1,55,66,4347.02,3.04197,-1.39603,0.952118
80,A1,55,67,4421.04,1.9708,-2.47795,0.920051
80,A1,55,70,4694.24,1.93826,-5.01686,0.822672
80,A1,55,71,4796.52,2.41144,-4.49925,0.871385
80,A1,55,72,4873.23,2.13062,-2.36705,0.826511
80,A1,55,74,5075.11,3.75929,-1.97134,0.929533
80,A1,55,76,5262.18,4.05358,-2.76505,0.909905
80,A1,55,79,5547.49,2.73047,-4.92471,0.800187
80,A1,55,80,5628.24,3.59492,-2.3226,0.836871
80,A1,55,81,5749.37,3.30869,-2.99855,0.889184
80,Fs3,184.997,1,184.378,0.336251,4.26043,0.949561
80,Fs3,184.997,2,370.102,0.19928,4.17749,0.572395
80,Fs3,184.997,3,554.48,0.244026,2.94043,0.751283
80,Fs3,184.997,4,740.204,0.312651,3.62574,0.688217
80,Fs3,184.997,5,925.928,0.309725,2.4672,0.907387
80,Fs3,184.997,6,1113,0.26798,1.78947,0.752282
80,Fs3,184.997,7,1300.07,0.376083,2.06873,0.941107
80,Fs3,184.997,8,1488.48,0.439329,1.22024,0.908328
80,Fs3,184.997,9,1678.24,0.462073,1.91087,0.956606
80,Fs3,184.997,10,1866.66,0.539632,1.08505,0.961815
80,Fs3,184.997,11,2057.77,0.646299,0.689712,0.917277
80,Fs3,184.997,12,2250.22,0.623627,0.720364,0.960222
80,Fs3,184.997,13,2444.02,0.701836,1.19232,0.937491
80,Fs3,184.997,14,2639.16,0.774453,-0.133472,0.923085
80,Cs1,34.6478,1,34.9915,0.159381,1.36332,0.775692
80,Cs1,34.6478,2,68.6371,0.18384,4.94505,0.877238
80,Cs1,34.6478,3,103.629,0.162935,6.02255,0.839742
80,Cs1,34.6478,4,137.274,0.149265,5.13831,0.806084
80,Cs1,34.6478,5,172.266,0.160778,4.04471,0.831051
80,Cs1,34.6478,7,240.903,0.152913,3.19345,0.689655
80,Cs1,34.6478,8,275.894,0.158617,-0.716709,0.791023
80,Cs1,34.6478,9,310.886,0.137421,3.50635,0.74388
80,Cs1,34.6478,10,345.877,0.111089,4.00357,0.504216
80,Cs1,34.6478,11,380.869,0.150139,4.5352,0.679491
80,Cs1,34.6478,13,450.851,0.179655,3.82297,0.865623
80,Cs1,34.6478,14,499.301,4.6117,3.94776,0.999676
80,Cs1,34.6478,15,520.834,0.212578,3.30954,0.923986
80,Cs1,34.6478,16,557.172,0.129129,1.35751,0.642153
80,Cs1,34.6478,17,592.163,0.185633,2.57136,0.851339
80,Cs1,34.6478,18,627.155,0.23213,1.17537,0.873037
80,Cs1,34.6478,19,663.492,0.215208,3.21817,0.863155
80,Cs1,34.6478,20,699.829,0.226614,1.90529,0.793425
80,Cs1,34.6478,21,734.821,0.172423,2.23791,0.827085
80,Cs1,34.6478,22,772.504,0.20384,3.65327,0.889934
80,Cs1,34.6478,23,808.841,0.216176,2.62937,0.931728
80,Cs1,34.6478,24,845.178,0.247715,1.10845,0.921026
80,Cs1,34.6478,25,881.516,0.237804,1.3782,0.920778
80,Cs1,34.6478,26,919.199,0.310576,1.63622,0.977988
80,Cs1,34.6478,27,956.882,0.318523,1.78286,0.958939
80,Cs1,34.6478,28,998.602,0.455207,-0.455918,0.947798
80,Cs1,34.6478,29,1033.59,0.320207,2.49181,0.966536
80,Cs1,34.6478,35,1297.38,0.466216,2.82726,0.993329
80,Cs1,34.6478,36,1337.75,0.455921,2.71407,0.988708
80,Cs1,34.6478,37,1379.47,0.482998,1.81366,0.999128
80,Cs1,34.6478,38,1421.19,0.502831,1.50714,0.991504
80,Cs1,34.6478,39,1461.57,0.512428,0.527864,0.991923
80,Cs1,34.6478,40,1497.9,0.681201,0.699556,0.77919
80,Cs1,34.6478,41,1543.66,0.565783,0.795365,0.97912
80,Cs1,34.6478,42,1584.04,0.676816,0.697843,0.927171
80,Cs1,34.6478,43,1625.76,0.615392,0.764052,0.975948
80,Cs1,34.6478,44,1668.82,0.617584,-0.0480582,0.998634
80,Cs1,34.6478,45,1710.54,0.688992,1.26619,0.976098
80,Cs1,34.6478,46,1753.61,0.701452,-0.46218,0.984679
80,Cs1,34.6478,47,1796.68,0.742082,-0.326854,0.99672
80,Cs1,34.6478,48,1838.4,0.819231,0.567613,0.992466
80,Cs1,34.6478,49,1882.81,0.808959,0.23429,0.995209
80,Cs1,34.6478,50,1927.22,0.877971,0.681636,0.999785
80,Cs1,34.6478,51,1971.63,0.902289,0.235953,0.9967
80,Cs1,34.6478,59,2387.49,1.02985,-0.0834513,0.97661
80,Cs1,34.6478,60,2434.6,1.16305,0.0619944,0.999819
80,Cs1,34.6478,61,2483.05,1.10889,-0.819869,0.984141
80,Cs1,34.6478,63,2581.29,1.44326,-0.538863,0.99746
80,Cs1,34.6478,75,3262.28,2.31096,-1.49271,0.94141
80,Cs1,34.6478,78,3430.51,3.40035,-1.79497,0.878219
80,Cs1,34.6478,79,3496.45,5.37343,-2.63296,0.956793
80,Cs1,34.6478,80,3544.9,3.16668,-1.31793,0.890436
80,Cs1,34.6478,81,3601.43,3.64672,-0.505293,0.845878
80,Cs1,34.6478,82,3661.99,3.45615,-1.83346,0.859132
80,Cs1,34.6478,87,3995.75,5.38383,-4.48753,0.899682
80,Cs1,34.6478,93,4399.5,6.55813,-1.71255,0.935032
80,A3,220,2,440.085,0.27722,4.21553,0.785615
80,A3,220,3,660.8,0.303795,2.49953,0.824292
80,A3,220,4,881.516,0.322882,1.16074,0.886621
80,A3,220,5,1103.58,0.289113,2.90752,0.778275
80,A3,220,6,1325.64,0.323352,1.72341,0.79546
80,A3,220,7,1550.39,0.455155,2.13344,0.951065
80,A3,220,20,4908.22,2.24951,-1.49489,0.878882
80,G7,3135.96,1,3160,3.87688,0.0747263,0.999993
80,G7,3135.96,2,6340.18,10.9582,-4.35294,0.999993
80,F2,87.3071,1,87.4786,0.22749,4.61167,0.910278
80,F2,87.3071,2,174.957,0.215418,2.70094,0.749058
80,F2,87.3071,3,261.09,0.169389,2.42285,0.793279
80,F2,87.3071,4,348.569,0.247928,3.47461,0.585814
80,F2,87.3071,5,436.047,0.187242,2.6507,0.636705
80,F2,87.3071,6,523.526,0.175829,1.95525,0.592275
80,F2,87.3071,7,611.005,0.192361,3.27825,0.716288
80,F2,87.3071,9,787.308,0.211113,2.44836,0.784003
80,F2,87.3071,10,874.786,0.184931,2.36553,0.542575
80,F2,87.3071,11,963.611,0.260369,1.8233,0.793201
80,F2,87.3071,12,1051.09,0.286086,2.01532,0.796516
80,F2,87.3071,13,1139.91,0.257381,3.34022,0.784993
80,F2,87.3071,14,1228.74,0.262505,2.76049,0.817543
80,F2,87.3071,15,1317.56,0.313206,2.57255,0.850266
80,F2,87.3071,16,1407.73,0.406887,0.666682,0.92142
80,F2,87.3071,17,1496.56,0.324165,0.624019,0.848997
80,F2,87.3071,18,1586.73,0.332164,1.9269,0.897628
80,F2,87.3071,19,1676.9,0.383158,2.33342,0.889207
80,F2,87.3071,20,1768.41,0.581618,-0.418478,0.912246
80,F2,87.3071,41,3874.63,1.57286,-2.68729,0.781573
80,F2,87.3071,43,4083.23,1.44028,-2.28119,0.8195
80,F2,87.3071,44,4184.17,1.59275,-1.19309,0.796839
80,F2,87.3071,45,4293.18,1.57836,-0.896138,0.888928
80,F2,87.3071,58,5838.19,3.12635,-2.84874,0.89277
80,Cs3,138.591,2,277.24,0.318346,4.64095,0.824004
80,Cs3,138.591,3,415.86,0.199871,3.27265,0.647231
80,Cs3,138.591,4,554.48,0.259777,3.42111,0.692238
80,Cs3,138.591,5,693.1,0.232581,3.43531,0.732618
80,Cs3,138.591,6,833.066,0.299106,3.21293,0.773762
80,Cs3,138.591,7,971.686,0.384018,3.19521,0.918532
80,Cs3,138.591,8,1111.65,0.275974,1.12231,0.834687
80,Cs3,138.591,9,1252.96,0.317697,2.66888,0.809289
80,Cs3,138.591,10,1392.93,0.333659,1.36504,0.899833
80,Cs3,138.591,11,1535.59,0.361962,1.72209,0.880295
80,Cs3,138.591,26,3910.97,0.982506,-1.11906,0.911174
80,Cs3,138.591,27,4071.12,1.89097,-1.39369,0.827979
80,Cs3,138.591,28,4228.58,1.21416,-0.882626,0.935784
80,Cs3,138.591,35,5559.6,2.60408,-1.50552,0.910167
80,Cs3,138.591,36,5733.22,2.48225,-1.98619,0.874286
80,Gs2,103.826,1,103.629,0.231039,3.50581,0.530708
80,Gs2,103.826,2,207.257,0.159486,3.07845,0.608714
80,Gs2,103.826,3,310.886,0.139013,3.52827,0.525525
80,Gs2,103.826,4,414.514,0.190799,2.8749,0.586622
80,Gs2,103.826,5,519.489,0.198496,2.37787,0.610664
80,Gs2,103.826,6,623.117,0.257618,3.38529,0.843652
80,Gs2,103.826,7,728.091,0.255384,2.44016,0.844621
80,Gs2,103.826,8,831.72,0.236261,2.32621,0.770223
80,Gs2,103.826,9,936.694,0.264645,2.90632,0.707401
80,Gs2,103.826,10,1041.67,0.229936,2.9913,0.813153
80,Gs2,103.826,11,1146.64,0.21221,1.31467,0.824967
80,Gs2,103.826,12,1251.62,0.309584,2.34324,0.863971
80,Gs2,103.826,13,1357.94,0.314797,2.05711,0.930582
80,Gs2,103.826,14,1464.26,0.403321,2.0595,0.957357
80,Gs2,103.826,15,1570.58,0.352631,1.05515,0.878392
80,Gs2,103.826,16,1676.9,0.415863,-0.416892,0.788756
80,Gs2,103.826,17,1784.56,0.353223,1.28053,0.919894
80,Gs2,103.826,18,1892.23,0.420605,0.637016,0.943053
80,Gs2,103.826,19,2001.24,0.401558,0.0274825,0.913828
80,Gs2,103.826,20,2110.25,0.479368,-2.30319,0.869692
80,Gs2,103.826,21,2217.92,0.515623,-0.102382,0.90886
80,Gs2,103.826,22,2328.28,0.54013,-0.621236,0.960881
80,Gs2,103.826,23,2438.64,0.485569,0.565966,0.973489
80,Gs2,103.826,24,2550.34,0.628126,-0.485778,0.939757
80,Gs2,103.826,25,2662.04,0.565466,-1.59667,0.865662
80,Gs2,103.826,26,2776.44,0.731625,-0.429189,0.963901
80,Gs2,103.826,29,3141.16,1.7514,-4.1709,0.850272
80,Gs2,103.826,43,4846.32,4.69673,-1.79234,0.870253
80,Fs1,46.2493,1,45.7581,0.245569,2.20957,0.851785
80,Fs1,46.2493,2,91.5161,0.214931,4.34695,0.914021
80,Fs1,46.2493,3,138.62,0.216331,5.46472,0.91982
80,Fs1,46.2493,4,184.378,0.258073,4.95456,0.91978
80,Fs1,46.2493,5,230.136,0.227193,3.98029,0.894391
80,Fs1,46.2493,6,277.24,0.339009,4.23798,0.952169
80,Fs1,46.2493,9,415.86,0.200656,3.67148,0.871741
80,Fs1,46.2493,10,461.618,0.209696,3.21872,0.673063
80,Fs1,46.2493,11,508.722,0.181919,3.83522,0.804118
80,Fs1,46.2493,12,555.826,0.267856,2.8037,0.792322
80,Fs1,46.2493,13,601.584,0.250106,1.67132,0.77828
80,Fs1,46.2493,14,648.688,0.235614,3.55811,0.733052
80,Fs1,46.2493,16,742.896,0.178047,1.26464,0.612717
80,Fs1,46.2493,18,837.103,0.261052,2.8044,0.808402
80,Fs1,46.2493,19,885.553,0.260398,2.66312,0.780876
80,Fs1,46.2493,20,932.657,0.236849,0.618546,0.756168
80,Fs1,46.2493,21,981.107,0.378426,2.87227,0.893848
80,Fs1,46.2493,22,1029.56,0.194517,2.31419,0.717021
80,Fs1,46.2493,23,1079.35,0.303348,0.982216,0.844182
80,Fs1,46.2493,25,1204.51,0.777354,-2.70815,0.838944
80,Fs1,46.2493,26,1250.27,0.677956,-1.68345,0.879592
80,Fs1,46.2493,27,1297.38,0.687663,-1.36775,0.901308
80,Fs1,46.2493,33,1619.03,0.564402,0.338371,0.92846
80,Fs1,46.2493,34,1670.17,0.526135,0.816968,0.913532
80,Fs1,46.2493,35,1722.66,0.507511,1.65027,0.940713
80,Fs1,46.2493,36,1773.8,0.546179,1.84907,0.914622
80,Fs1,46.2493,37,1824.94,0.492008,-0.0661232,0.977298
80,Fs1,46.2493,38,1877.43,0.533519,-0.147236,0.954396
80,Fs1,46.2493,39,1929.91,0.527556,-0.314712,0.94489
80,Fs1,46.2493,41,2056.42,0.71727,-1.94337,0.955643
80,Fs1,46.2493,48,2469.59,0.736783,-1.03107,0.954162
80,Fs1,46.2493,50,2581.29,0.906874,-0.379737,0.974018
80,Fs1,46.2493,51,2639.16,0.970226,-0.216507,0.952841
80,Fs1,46.2493,52,2697.03,0.939023,-0.172477,0.961051
80,Fs1,46.2493,57,3046.95,1.21595,-1.04117,0.949372
80,Fs1,46.2493,58,3108.86,1.10058,-1.81379,0.928
80,Fs1,46.2493,59,3165.38,1.30227,-0.646917,0.955469
80,Fs1,46.2493,60,3228.63,1.18665,-0.946376,0.936022
80,Fs1,46.2493,61,3290.54,1.23773,-1.12953,0.931487
80,Fs1,46.2493,63,3443.97,1.69596,-3.19354,0.901676
80,Fs1,46.2493,65,3598.74,1.81998,-2.3759,0.925794
80,Fs1,46.2493,66,3664.68,1.61775,-1.54096,0.905074
80,Fs1,46.2493,67,3729.28,2.40175,-2.70575,0.932234
80,Fs1,46.2493,68,3793.88,2.14208,-1.53089,0.885246
80,Fs1,46.2493,69,3862.52,2.664,-1.36953,0.927483
80,Fs1,46.2493,70,3943.27,1.94512,-2.17938,0.96844
80,Fs1,46.2493,73,4193.59,3.2841,-1.86993,0.843278
80,Fs1,46.2493,74,4260.88,1.82484,-4.94375,0.80692
80,A4,440,1,440.085,0.396818,3.05317,0.802691
80,A4,440,2,881.516,0.510976,3.74014,0.8477
80,A4,440,3,1324.29,0.458144,2.63236,0.764525
80,A4,440,4,1771.11,0.512654,1.85921,0.925168
80,A4,440,5,2220.61,0.684572,1.2756,0.955044
80,A4,440,7,3155.96,0.427937,-7.81012,0.35774
80,F5,698.456,2,1401,0.669751,2.1551,0.792627
80,F5,698.456,3,2108.91,0.918179,1.61151,0.9184
80,F5,698.456,4,2830.27,1.75988,0.317141,0.963845
80,F5,698.456,5,3558.36,2.88663,-3.03027,0.912952
80,F5,698.456,6,4293.18,3.41842,-4.12735,0.982237
80,F5,698.456,8,5799.16,3.31699,-9.48588,0.671729
80,Fs6,1479.98,1,1484.45,1.58918,3.73362,0.954109
80,Fs6,1479.98,2,2991.77,2.2279,0.874544,0.994902
80,Fs6,1479.98,3,4469.49,3.20763,-5.05076,0.968826
80,Gs5,830.609,1,831.72,0.514953,3.89152,0.792571
80,Gs5,830.609,2,1670.17,0.937639,2.26141,0.96921
80,Gs5,830.609,3,2516.69,1.66125,1.55603,0.97127
80,Gs5,830.609,4,3353.8,2.7605,-4.53862,0.923279
80,Cs4,277.183,1,277.24,0.417033,4.75671,0.913927
80,Cs4,277.183,3,833.066,0.311907,2.28044,0.747437
80,Cs4,277.183,4,1111.65,0.514097,2.52139,0.813342
80,Cs4,277.183,5,1391.58,0.299173,2.25497,0.655204
80,Cs4,277.183,6,1674.21,0.500748,2.91938,0.89439
80,Cs4,277.183,7,1958.18,0.530581,2.26854,0.912233
80,Cs4,277.183,8,2246.18,0.51901,-0.075917,0.780932
80,Cs5,554.365,1,554.48,0.415285,3.52932,0.659346
80,Cs5,554.365,2,1110.31,0.486667,3.26305,0.721568
80,Cs5,554.365,3,1671.51,0.817437,2.35319,0.873785
80,Cs5,554.365,4,2238.11,0.891684,1.91474,0.930771
80,Cs5,554.365,5,2811.43,1.41967,0.341573,0.932399
80,Cs5,554.365,6,3396.86,2.1882,0.700164,0.970967
80,Cs5,554.365,7,3993.06,2.76768,-0.669174,0.958428
80,Cs5,554.365,8,4602.72,4.3122,-1.19636,0.901578
80,Cs5,554.365,9,5228.53,7.51715,-0.894385,0.920046
80,Cs5,554.365,10,5869.14,8.28427,-1.83663,0.904258
80,Cs5,554.365,11,6528.6,11.8983,-3.0217,0.947853
80,Gs4,415.305,1,415.86,0.363742,4.15323,0.88583
80,Gs4,415.305,2,831.72,0.347924,2.02835,0.632384
80,Gs4,415.305,3,1248.93,0.265365,1.48284,0.563054
80,Gs4,415.305,4,1670.17,0.54813,2.07462,0.883656
80,Gs4,415.305,5,2095.45,0.614975,0.6762,0.908664
80,Gs4,415.305,6,2523.42,0.815122,0.507861,0.94808
80,Gs4,415.305,7,2958.12,1.00495,0.43771,0.952753
80,Gs4,415.305,8,3399.55,1.53216,-0.62715,0.917192
80,Fs7,2959.96,1,2982.35,4.25672,-0.190434,0.998733
80,Fs7,2959.96,2,5964.7,10.6921,-4.77349,0.999958
80,A5,880,1,881.516,0.736594,3.8846,0.815324
80,A5,880,2,1768.41,1.05162,1.75297,0.93608
80,A5,880,3,2670.12,1.82385,0.635946,0.964329
80,A5,880,4,3590.66,3.56095,0.716539,0.989503
80,A5,880,5,4534.08,4.61729,-0.564281,0.964223
80,A5,880,6,5504.42,7.72364,-1.53552,0.950068
80,A5,880,7,6505.72,9.11826,-2.78722,0.998116
80,A5,880,8,7572.96,9.81407,-4.39224,0.878743
80,G1,48.9994,1,48.4497,0.274893,3.07319,0.846068
80,G1,48.9994,2,98.2452,0.216633,4.50231,0.792419
80,G1,48.9994,3,146.695,0.230919,5.43542,0.869888
80,G1,48.9994,4,195.145,0.218585,4.12937,0.877601
80,G1,48.9994,5,244.94,0.202836,3.56701,0.817298
80,G1,48.9994,7,341.84,0.183575,3.17667,0.713304
80,G1,48.9994,8,391.635,0.227108,2.18827,0.929046
80,G1,48.9994,9,440.085,0.1111,3.08427,0.62791
80,G1,48.9994,10,489.88,0.280425,3.88881,0.791412
80,G1,48.9994,11,539.676,0.152508,1.65929,0.716397
80,G1,48.9994,12,588.126,0.205255,2.25463,0.622937
80,G1,48.9994,13,637.921,0.281134,3.41522,0.766477
80,G1,48.9994,14,687.717,0.198366,3.05947,0.876105
80,G1,48.9994,15,737.512,0.222731,2.29164,0.820835
80,G1,48.9994,16,787.308,0.185083,1.49374,0.595474
80,G1,48.9994,17,837.103,0.227609,2.6878,0.757513
80,G1,48.9994,18,886.899,0.237807,2.61612,0.813448
80,G1,48.9994,19,936.694,0.315116,3.25096,0.905158
80,G1,48.9994,20,987.836,0.275312,1.34301,0.83675
80,G1,48.9994,21,1038.98,0.257738,3.02584,0.680435
80,G1,48.9994,22,1091.46,0.285505,2.9893,0.884551
80,G1,48.9994,23,1143.95,0.236769,1.2848,0.711585
80,G1,48.9994,25,1274.5,0.677734,-2.10552,0.844738
80,G1,48.9994,26,1325.64,0.660413,-1.48886,0.88799
80,G1,48.9994,27,1375.43,0.561286,-1.64902,0.918409
80,G1,48.9994,28,1425.23,0.568009,-1.98652,0.782913
80,G1,48.9994,29,1473.68,0.563699,-1.97054,0.888227
80,G1,48.9994,32,1658.06,0.459845,-0.698112,0.965613
80,G1,48.9994,33,1713.24,0.418173,0.561087,0.921549
80,G1,48.9994,34,1767.07,0.512871,1.08524,0.938448
80,G1,48.9994,35,1819.56,0.467301,1.62757,0.970098
80,G1,48.9994,36,1873.39,0.502329,1.23468,0.963194
80,G1,48.9994,37,1928.57,0.53052,1.88843,0.924303
80,G1,48.9994,38,1983.75,0.479884,1.07939,0.9801
80,G1,48.9994,39,2038.93,0.521566,0.237753,0.991652
80,G1,48.9994,41,2177.55,0.843493,-1.9398,0.940791
80,G1,48.9994,45,2431.91,0.760518,-0.297397,0.88844
80,G1,48.9994,46,2488.43,0.721899,-0.0107557,0.96968
80,G1,48.9994,48,2604.17,0.830528,-1.2619,0.965076
80,G1,48.9994,54,3002.54,1.44117,-3.8037,0.928596
80,G1,48.9994,55,3083.29,1.59174,-2.41971,0.880587
80,G1,48.9994,56,3146.54,1.38442,-1.1739,0.864477
80,G1,48.9994,57,3209.79,1.19811,-1.19134,0.940141
80,G1,48.9994,58,3271.7,1.37402,-1.73662,0.922708
80,G1,48.9994,59,3360.53,1.23182,-1.52789,0.921842
80,G1,48.9994,62,3587.97,1.98311,-1.0796,0.900804
80,G1,48.9994,63,3657.95,1.61692,-2.94315,0.807527
80,G1,48.9994,64,3719.86,2.07349,-2.87467,0.899186
80,G1,48.9994,65,3785.81,2.27738,-2.42294,0.915544
80,G1,48.9994,68,4033.44,1.94884,-1.37621,0.931695
80,G1,48.9994,71,4260.88,2.93364,-2.15805,0.924234
80,G1,48.9994,72,4336.25,3.27873,-2.88843,0.920356
80,G1,48.9994,77,4760.18,4.02012,-1.67115,0.939848
80,G1,48.9994,78,4834.2,3.9498,-3.27548,0.930573
80,G1,48.9994,83,5293.13,3.60234,-3.69422,0.881423
80,G1,48.9994,84,5377.92,2.21913,-6.29965,0.711235
80,F4,349.228,1,348.569,0.395908,4.60588,0.918218
80,F4,349.228,3,1049.74,0.285329,2.70148,0.719746
80,F4,349.228,4,1402.35,0.590133,2.35206,0.933562
80,F4,349.228,5,1757.65,0.509926,1.49221,0.863864
80,F4,349.228,6,2114.29,0.583762,1.23002,0.8877
80,F4,349.228,7,2476.32,0.644138,0.503156,0.920328
80,F4,349.228,8,2841.04,0.901271,0.145756,0.919895
80,F4,349.228,9,3212.48,1.00397,-1.33637,0.944283
80,F4,349.228,10,3586.62,1.79483,-1.38606,0.861133
80,F4,349.228,11,3967.49,1.66449,-1.03559,0.966613
80,F4,349.228,12,4356.44,2.19365,-2.0595,0.925519
80,F4,349.228,13,4749.42,4.53462,-1.39935,0.947048
80,Gs3,207.652,2,415.86,0.24489,3.79014,0.746471
80,Gs3,207.652,3,623.117,0.278735,3.83466,0.836716
80,Gs3,207.652,4,831.72,0.356353,2.96494,0.82201
80,Gs3,207.652,5,1040.32,0.3245,2.94548,0.796245
80,Gs3,207.652,6,1250.27,0.367969,2.62194,0.80669
80,Gs3,207.652,7,1461.57,0.474562,2.47315,0.877602
80,Gs3,207.652,8,1674.21,0.500255,0.161681,0.965019
80,Gs3,207.652,9,1886.85,0.510663,1.63122,0.945869
80,Gs3,207.652,10,2100.83,0.55087,0.963823,0.915096
80,Gs3,207.652,11,2317.51,0.621842,-0.787217,0.939338
80,Gs3,207.652,12,2535.53,0.874066,0.905023,0.986592
80,Gs3,207.652,13,2756.25,0.91423,1.21969,0.946369
80,Gs3,207.652,14,2976.97,0.872049,-0.201614,0.931763
80,Gs3,207.652,15,3201.72,1.01017,-0.198275,0.951209
80,Gs3,207.652,16,3427.82,1.37544,-1.26682,0.946312
80,Gs3,207.652,17,3657.95,1.35429,-2.18881,0.88784
80,Gs3,207.652,18,3889.43,1.51346,-1.87646,0.939979
80,Gs3,207.652,19,4122.26,1.56019,-0.81212,0.922589
80,Gs3,207.652,20,4360.47,1.91071,-0.861795,0.914078
80,Gs3,207.652,21,4601.38,2.86469,-1.92852,0.936488
80,Gs3,207.652,22,4844.97,2.20383,-1.41802,0.866341
80,Gs3,207.652,23,5091.26,2.18837,-1.18455,0.948675
80,Gs3,207.652,24,5338.89,2.43238,-2.32995,0.905841
80,Gs3,207.652,26,5851.65,3.77988,-1.93748,0.856306
80,Cs2,69.2957,1,68.6371,0.272701,3.5532,0.876134
80,Cs2,69.2957,2,138.62,0.201667,3.88201,0.638812
80,Cs2,69.2957,4,277.24,0.260537,2.35862,0.803076
80,Cs2,69.2957,5,345.877,0.194655,3.81589,0.836342
80,Cs2,69.2957,7,484.497,0.202611,3.26691,0.848557
80,Cs2,69.2957,8,554.48,0.217662,1.72414,0.737367
80,Cs2,69.2957,9,624.463,0.200468,3.05423,0.657192
80,Cs2,69.2957,10,693.1,0.23641,3.43821,0.890475
80,Cs2,69.2957,11,763.083,0.193386,2.30068,0.684989
80,Cs2,69.2957,12,833.066,0.215473,3.14962,0.763635
80,Cs2,69.2957,13,903.049,0.214386,0.538354,0.763601
80,Cs2,69.2957,14,974.377,0.197165,1.71222,0.64223
80,Cs2,69.2957,15,1044.36,0.249917,1.06515,0.663044
80,Cs2,69.2957,16,1114.34,0.278719,0.778815,0.847598
80,Cs2,69.2957,17,1185.67,0.258927,2.32935,0.828364
80,Cs2,69.2957,18,1255.65,0.305525,1.76922,0.887642
80,Cs2,69.2957,19,1328.33,0.35788,2.26535,0.905106
80,Cs2,69.2957,34,2497.85,0.622243,0.152983,0.956564
80,Cs2,69.2957,35,2575.91,0.568027,0.217455,0.951699
80,Cs2,69.2957,36,2651.28,0.565391,0.396517,0.961571
80,Cs2,69.2957,37,2729.33,0.618835,0.981216,0.977088
80,Cs2,69.2957,38,2806.05,0.583945,0.516613,0.976121
80,Cs2,69.2957,46,3519.33,1.54715,-1.09421,0.924519
80,Cs2,69.2957,48,3682.18,1.52699,-2.37047,0.900103
80,Cs2,69.2957,49,3768.31,1.04274,-2.32082,0.876271
80,Cs2,69.2957,55,4357.78,1.62946,-3.91703,0.85012
80,Cs2,69.2957,57,4538.12,1.95286,-2.32439,0.781683
80,A2,110,1,110.358,0.273946,3.96958,0.910203
80,A2,110,3,329.727,0.141866,3.47659,0.520551
80,A2,110,4,440.085,0.21187,3.05724,0.605753
80,A2,110,5,550.443,0.241288,2.70623,0.801269
80,A2,110,6,660.8,0.163843,1.68842,0.71492
80,A2,110,7,771.158,0.203056,0.970723,0.698808
80,A2,110,8,881.516,0.19108,1.33409,0.539011
80,A2,110,9,991.873,0.28676,2.45096,0.85168
80,A2,110,10,1103.58,0.240437,2.80761,0.720912
80,A2,110,11,1216.63,0.303211,1.67971,0.809216
80,A2,110,12,1331.02,0.36303,1.77388,0.792734
80,A2,110,23,2702.42,0.748008,-0.792478,0.958703
80,A2,110,26,3102.13,4.67298,-3.67407,0.965049
80,A2,110,28,3382.06,4.22983,-1.08687,0.943985
80,A2,110,30,3666.03,1.26672,-1.98296,0.954271
80,A2,110,31,3793.88,1.79201,-1.86267,0.851968
80,A2,110,36,4558.31,2.06886,-1.94288,0.867576
80,A2,110,41,5360.42,3.26006,-1.36759,0.850437
80,F3,174.614,1,174.957,0.257089,3.7829,0.849187
80,F3,174.614,2,348.569,0.304099,4.79282,0.781261
80,F3,174.614,3,523.526,0.228584,3.85194,0.589492
80,F3,174.614,4,698.483,0.301191,4.08779,0.871585
80,F3,174.614,6,1049.74,0.357834,1.98451,0.918516
80,F3,174.614,7,1227.39,0.32097,2.3926,0.865196
80,F3,174.614,8,1403.7,0.345397,0.840984,0.8332
80,F3,174.614,9,1581.34,0.351719,1.99656,0.842425
80,F3,174.614,10,1760.34,0.400283,2.10663,0.919931
80,F3,174.614,11,1939.33,0.570057,0.429777,0.903831
80,F3,174.614,12,2121.02,0.533535,1.15601,0.92138
80,F3,174.614,13,2304.05,0.556682,0.467746,0.933277
80,F3,174.614,34,6752,4.97699,-2.96238,0.899687
80,G6,1567.98,1,1574.62,1.84664,3.71093,0.981424
80,G6,1567.98,2,3160,3.17213,-2.23171,0.967988
80,G6,1567.98,3,4748.07,4.25843,-3.9854,0.999382
95,Cs7,2217.46,1,2234.07,2.58893,3.13873,0.998117
95,Cs7,2217.46,2,4468.14,4.04084,-2.58909,0.999989
95,Gs6,1661.22,1,1670.17,1.87536,4.10217,0.95549
95,Gs6,1661.22,2,3353.8,3.87513,-2.24109,0.983567
95,Gs6,1661.22,3,5050.88,4.15155,-4.72704,0.987573
95,Fs5,739.989,1,740.204,0.505415,3.43623,0.532491
95,Fs5,739.989,2,1484.45,0.700499,2.32635,0.859964
95,Fs5,739.989,3,2238.11,0.907285,1.44585,0.909268
95,Fs5,739.989,4,3001.19,1.7613,0.375984,0.961028
95,F6,1396.91,1,1401,1.5821,3.03336,0.940129
95,F6,1396.91,2,2823.54,2.75239,1.30652,0.991691
95,G3,195.998,1,196.49,0.299099,4.57844,0.927324
95,G3,195.998,2,391.635,0.274707,4.04985,0.874156
95,G3,195.998,3,588.126,0.215731,1.92699,0.658372
95,G3,195.998,4,784.616,0.264668,3.15386,0.731568
95,G3,195.998,5,982.452,0.379899,2.3697,0.895916
95,G3,195.998,6,1180.29,0.396525,3.51412,0.879314
95,G3,195.998,7,1378.12,0.386699,2.67322,0.885217
95,G3,195.998,8,1577.31,0.408616,1.33708,0.907027
95,G3,195.998,9,1779.18,0.47196,2.58587,0.917364
95,G3,195.998,10,1982.4,0.510372,2.85502,0.96479
95,G3,195.998,11,2184.27,0.599986,1.00158,0.920293
95,G3,195.998,12,2388.84,0.662436,0.855198,0.960128
95,G3,195.998,13,2594.75,1.04833,1.29675,0.965806
95,G3,195.998,14,2803.35,0.95884,1.08612,0.910532
95,G3,195.998,15,3013.3,0.997878,2.1041,0.97543
95,G3,195.998,16,3224.6,1.02658,0.691955,0.983666
95,G3,195.998,17,3439.93,1.59049,0.58377,0.932213
95,G3,195.998,18,3655.26,1.24846,-0.558448,0.919443
95,G3,195.998,19,3873.28,1.39562,0.305544,0.925825
95,G3,195.998,20,4096.69,1.32916,-0.0661339,0.947355
95,G3,195.998,21,4321.44,1.36498,-0.320721,0.880287
95,G3,195.998,29,6236.55,1.61292,-7.22062,0.713407
95,A7,3520,1,3526.06,4.32561,-8.23809,0.835918
95,A7,3520,2,7080.39,7.93756,-8.5625,0.82831
95,Fs2,92.4986,1,92.8619,0.254595,4.39725,0.853646
95,Fs2,92.4986,2,184.378,0.182339,2.92979,0.526581
95,Fs2,92.4986,3,277.24,0.173719,3.96491,0.616603
95,Fs2,92.4986,4,370.102,0.30635,3.7786,0.80557
95,Fs2,92.4986,6,554.48,0.207476,3.94923,0.713891
95,Fs2,92.4986,7,647.342,0.202209,3.61264,0.645508
95,Fs2,92.4986,9,834.412,0.250772,3.22882,0.811796
95,Fs2,92.4986,10,927.274,0.220963,2.26642,0.723477
95,Fs2,92.4986,11,1021.48,0.293962,1.81919,0.90461
95,Fs2,92.4986,12,1114.34,0.308688,2.4205,0.856697
95,Fs2,92.4986,13,1208.55,0.238557,2.21341,0.764273
95,Fs2,92.4986,14,1302.76,0.28995,3.16938,0.768577
95,Fs2,92.4986,15,1396.97,0.421997,2.91391,0.870069
95,Fs2,92.4986,16,1492.52,0.343806,1.45477,0.918002
95,Fs2,92.4986,17,1586.73,0.414642,1.36285,0.920718
95,Fs2,92.4986,18,1682.28,0.500972,3.05833,0.949932
95,Fs2,92.4986,19,1777.84,0.421774,1.5911,0.935203
95,Fs2,92.4986,20,1874.73,0.454912,1.61095,0.946327
95,Fs2,92.4986,21,1972.98,0.491457,1.66757,0.926259
95,Fs2,92.4986,22,2071.23,0.62897,1.77469,0.947287
95,Fs2,92.4986,28,2699.73,0.867477,-1.70123,0.926442
95,Fs2,92.4986,43,4344.32,1.39355,-0.397786,0.938805
95,Fs2,92.4986,44,4457.37,1.38445,0.251781,0.948083
95,Fs2,92.4986,45,4570.42,1.50167,0.322608,0.963045
95,Fs2,92.4986,46,4682.13,1.46341,-0.636767,0.946627
95,Fs2,92.4986,47,4797.87,2.40197,-0.984836,0.869491
95,Fs2,92.4986,61,6616.08,3.25502,-1.12831,0.866167
95,Fs2,92.4986,62,6749.31,4.99059,-1.29442,0.930083
95,Fs2,92.4986,64,7011.75,4.88712,-1.07827,0.886585
95,Gs1,51.9131,1,52.4872,0.227509,2.04382,0.834852
95,Gs1,51.9131,2,103.629,0.242257,5.19508,0.923239
95,Gs1,51.9131,3,154.77,0.291039,4.78447,0.843216
95,Gs1,51.9131,4,207.257,0.218194,4.99986,0.733972
95,Gs1,51.9131,8,414.514,0.148519,1.93751,0.780576
95,Gs1,51.9131,9,467.001,0.225453,3.18147,0.742921
95,Gs1,51.9131,10,519.489,0.188978,4.28035,0.769918
95,Gs1,51.9131,11,570.63,0.191007,3.34972,0.721099
95,Gs1,51.9131,12,623.117,0.194177,1.48064,0.744561
95,Gs1,51.9131,13,675.604,0.284164,3.35561,0.857017
95,Gs1,51.9131,14,728.091,0.242005,2.76728,0.805706
95,Gs1,51.9131,15,780.579,0.225543,2.38529,0.719111
95,Gs1,51.9131,16,834.412,0.239827,1.59109,0.870575
95,Gs1,51.9131,17,886.899,0.183117,1.94681,0.646436
95,Gs1,51.9131,18,939.386,0.260017,2.40068,0.832762
95,Gs1,51.9131,19,991.873,0.303304,2.8242,0.862227
95,Gs1,51.9131,20,1047.05,0.243084,1.50421,0.847427
95,Gs1,51.9131,21,1102.23,0.305154,2.90363,0.843175
95,Gs1,51.9131,26,1403.7,0.666793,-1.18081,0.942879
95,Gs1,51.9131,27,1441.38,12.1403,1.55042,0.959763
95,Gs1,51.9131,28,1508.67,0.718889,-1.383,0.930481
95,Gs1,51.9131,31,1697.09,0.522721,1.06443,0.938151
95,Gs1,51.9131,32,1754.96,0.497986,0.403659,0.974431
95,Gs1,51.9131,33,1811.48,0.445818,0.599098,0.939484
95,Gs1,51.9131,34,1869.35,0.439884,0.803867,0.943575
95,Gs1,51.9131,35,1925.88,0.497416,2.0065,0.958932
95,Gs1,51.9131,36,1979.71,0.52252,1.78242,0.980858
95,Gs1,51.9131,37,2037.58,0.481435,1.64877,0.991635
95,Gs1,51.9131,38,2098.14,0.571527,0.548923,0.980088
95,Gs1,51.9131,39,2161.4,0.659826,-3.33623,0.670876
95,Gs1,51.9131,41,2305.4,0.786397,-0.985457,0.974447
95,Gs1,51.9131,43,2444.02,0.681394,1.04061,0.95661
95,Gs1,51.9131,44,2504.58,0.734311,1.76606,0.98034
95,Gs1,51.9131,45,2569.18,0.76865,0.829332,0.974951
95,Gs1,51.9131,46,2625.71,0.960296,1.42591,0.993791
95,Gs1,51.9131,48,2752.21,0.829549,-0.396215,0.987195
95,Gs1,51.9131,52,3056.37,1.2902,-0.402956,0.952308
95,Gs1,51.9131,53,3119.62,1.21075,-1.83136,0.906696
95,Gs1,51.9131,54,3184.22,1.58119,-1.07327,0.888901
95,Gs1,51.9131,55,3247.48,1.73601,-2.10929,0.929971
95,Gs1,51.9131,56,3320.15,1.2583,-1.88769,0.871495
95,Gs1,51.9131,60,3640.46,1.50832,-1.00885,0.911991
95,Gs1,51.9131,61,3717.17,1.38862,-0.719669,0.947295
95,Gs1,51.9131,62,3784.46,1.58213,-0.799382,0.861541
95,Gs1,51.9131,63,3853.1,2.06144,-1.12418,0.926995
95,Gs1,51.9131,65,4017.29,2.03176,-3.0603,0.945194
95,Gs1,51.9131,66,4116.88,2.45008,-1.571,0.852706
95,Gs1,51.9131,67,4186.86,2.08799,-0.202106,0.937216
95,Gs1,51.9131,68,4256.85,1.91597,-0.432859,0.93418
95,Gs1,51.9131,69,4344.32,2.79186,-1.28015,0.952131
95,Gs1,51.9131,72,4616.18,2.25443,-0.601742,0.948014
95,Gs1,51.9131,73,4688.85,3.06429,-0.426548,0.915847
95,Gs1,51.9131,74,4764.22,3.52882,-0.768479,0.946815
95,Gs1,51.9131,75,4857.08,3.15588,-0.699565,0.898386
95,Gs1,51.9131,77,5044.15,4.12456,-2.93873,0.95667
95,Gs1,51.9131,78,5139.71,3.399,-3.33539,0.91366
95,Gs1,51.9131,79,5216.42,4.57842,-0.811184,0.918386
95,Gs1,51.9131,80,5318.7,4.37349,-0.682182,0.934149
95,Gs1,51.9131,81,5398.1,3.16505,-1.2699,0.910615
95,Gs1,51.9131,83,5608.05,4.74537,-1.93825,0.931601
95,Gs1,51.9131,84,5687.46,4.15246,-0.96979,0.880732
95,Gs1,51.9131,85,5800.51,4.81812,-1.60094,0.933573
95,Gs1,51.9131,86,5882.6,4.81771,-0.891353,0.935768
95,Gs1,51.9131,88,6095.24,4.10603,-3.27615,0.911254
95,Gs1,51.9131,89,6180.03,5.75712,-1.9329,0.926746
95,Gs1,51.9131,90,6301.15,5.23661,-1.80886,0.922707
95,Gs1,51.9131,91,6385.94,3.0592,-4.67545,0.83143
95,Gs1,51.9131,92,6482.84,3.79508,-1.69998,0.913751
95,G4,391.995,1,391.635,0.525335,4.11068,0.799879
95,G4,391.995,2,784.616,0.377054,2.19929,0.709966
95,G4,391.995,3,1178.94,0.486302,1.52051,0.832751
95,G4,391.995,4,1575.96,0.472765,2.29722,0.86719
95,G4,391.995,5,1974.33,0.592891,2.14777,0.903679
95,G4,391.995,6,2380.76,0.665759,1.41432,0.933182
95,G4,391.995,7,2788.55,0.810266,-0.00675757,0.942225
95,G4,391.995,8,3201.72,1.1988,0.907482,0.954361
95,G4,391.995,9,3624.31,1.58451,-0.234376,0.951356
95,G4,391.995,10,4050.93,2.10438,-0.359182,0.949433
95,G4,391.995,11,4480.25,2.83669,-0.719314,0.955872
95,F1,43.6535,1,43.0664,0.246612,2.01628,0.820976
95,F1,43.6535,2,87.4786,0.203415,5.25836,0.874642
95,F1,43.6535,3,130.545,0.266756,5.45821,0.960013
95,F1,43.6535,4,173.611,0.286098,4.29476,0.94674
95,F1,43.6535,5,218.024,0.229344,4.86045,0.785112
95,F1,43.6535,6,261.09,0.247809,4.50099,0.953466
95,F1,43.6535,7,305.502,0.198602,3.32204,0.632584
95,F1,43.6535,9,392.981,0.17358,4.08594,0.657399
95,F1,43.6535,10,436.047,0.14652,3.98316,0.540035
95,F1,43.6535,11,480.46,0.254001,2.4602,0.848679
95,F1,43.6535,12,524.872,0.151528,3.29702,0.521839
95,F1,43.6535,13,567.938,0.241405,2.83308,0.819605
95,F1,43.6535,14,612.35,0.241248,3.02825,0.874562
95,F1,43.6535,15,656.763,0.309632,3.48961,0.824233
95,F1,43.6535,16,701.175,0.262807,1.39106,0.85339
95,F1,43.6535,17,745.587,0.234046,2.20595,0.640749
95,F1,43.6535,18,791.345,0.16706,2.93921,0.714192
95,F1,43.6535,19,835.757,0.201629,3.28118,0.73872
95,F1,43.6535,20,881.516,0.223169,2.00068,0.821345
95,F1,43.6535,21,925.928,0.340885,2.65337,0.88978
95,F1,43.6535,22,971.686,0.390469,3.22375,0.86242
95,F1,43.6535,23,1018.79,0.376036,2.46544,0.91113
95,F1,43.6535,24,1065.89,0.311136,1.93648,0.818446
95,F1,43.6535,25,1135.88,0.80766,-0.70176,0.91317
95,F1,43.6535,26,1180.29,1.31916,-1.35842,0.908707
95,F1,43.6535,27,1224.7,1.0276,-0.268958,0.873238
95,F1,43.6535,28,1269.11,0.913103,-1.59003,0.868341
95,F1,43.6535,29,1313.53,0.983805,-1.27976,0.95088
95,F1,43.6535,34,1580,0.672943,2.09113,0.95752
95,F1,43.6535,35,1628.45,0.650361,2.74406,0.926946
95,F1,43.6535,36,1676.9,0.573746,2.47322,0.953561
95,F1,43.6535,37,1726.69,0.598121,1.20974,0.956787
95,F1,43.6535,38,1776.49,0.514051,0.607471,0.968897
95,F1,43.6535,39,1826.28,0.671862,1.06121,0.943543
95,F1,43.6535,40,1882.81,1.28106,0.379504,0.999928
95,F1,43.6535,41,1925.88,0.62512,1.53669,0.968684
95,F1,43.6535,42,1977.02,0.697299,2.39926,0.976411
95,F1,43.6535,43,2030.85,0.622293,1.00787,0.98966
95,F1,43.6535,49,2395.57,0.880565,2.02698,0.99858
95,F1,43.6535,50,2449.4,0.827888,1.76457,0.941883
95,F1,43.6535,51,2503.23,0.952456,0.677469,0.978677
95,F1,43.6535,52,2558.41,0.945015,0.850684,0.94122
95,F1,43.6535,53,2613.59,1.02317,0.634269,0.863663
95,F1,43.6535,54,2667.43,1.06158,0.53132,0.964846
95,F1,43.6535,60,3067.14,1.33777,-0.989756,0.959151
95,F1,43.6535,61,3126.35,1.37279,0.395913,0.984058
95,F1,43.6535,62,3188.26,1.6833,-0.359215,0.888746
95,F1,43.6535,63,3244.78,1.88095,-2.27959,0.952015
95,F1,43.6535,64,3308.04,1.26217,-1.00312,0.887001
95,F1,43.6535,65,3371.29,1.90786,-0.751748,0.953188
95,F1,43.6535,66,3453.39,1.50805,-4.02375,0.887202
95,F1,43.6535,69,3672.76,1.83481,-0.0102576,0.952051
95,F1,43.6535,70,3742.74,1.67858,-1.28727,0.958234
95,F1,43.6535,71,3803.3,2.36841,-2.26226,0.909087
95,F1,43.6535,72,3870.59,2.49029,-1.12566,0.961107
95,F1,43.6535,73,3932.5,2.71634,-0.451835,0.914638
95,F1,43.6535,74,4003.83,2.91388,-1.31345,0.938568
95,F1,43.6535,75,4107.46,1.97837,-3.59759,0.844062
95,F1,43.6535,76,4159.95,1.74394,-5.12285,0.817506
95,F1,43.6535,78,4330.87,2.83279,-0.621757,0.968431
95,F1,43.6535,79,4388.74,2.1013,-0.166693,0.983866
95,F1,43.6535,80,4469.49,3.79039,-0.72665,0.925073
95,F1,43.6535,81,4538.12,4.29351,-1.37709,0.964021
95,F1,43.6535,82,4614.83,3.94971,-1.17385,0.849382
95,F1,43.6535,86,4966.09,4.29881,-0.595548,0.979652
95,F1,43.6535,87,5019.93,3.90974,-3.5207,0.921018
95,F1,43.6535,88,5120.86,5.34245,-1.70659,0.930731
95,F1,43.6535,89,5188.16,5.60357,-1.88822,0.970607
95,F1,43.6535,94,5647.08,3.52864,-1.44655,0.936148
95,A0,27.5,1,26.9165,0.217956,1.4341,0.919481
95,A0,27.5,2,55.1788,0.251436,3.37154,0.959898
95,A0,27.5,3,82.0953,0.226442,6.10672,0.934779
95,A0,27.5,4,109.012,0.146022,4.73735,0.666048
95,A0,27.5,5,135.928,0.169906,4.45807,0.805602
95,A0,27.5,6,164.191,0.226164,3.70423,0.859728
95,A0,27.5,8,219.37,0.124428,0.768737,0.558644
95,A0,27.5,9,246.286,0.123231,2.85013,0.518928
95,A0,27.5,10,274.548,0.132948,2.56449,0.559331
95,A0,27.5,11,302.811,0.123808,4.45688,0.616149
95,A0,27.5,12,331.073,0.120576,4.24302,0.569279
95,A0,27.5,13,357.99,0.183877,4.98617,0.887527
95,A0,27.5,14,386.252,0.215785,4.9448,0.917618
95,A0,27.5,15,415.86,0.311416,3.35176,0.793305
95,A0,27.5,16,442.776,0.203614,1.27979,0.812505
95,A0,27.5,17,472.385,0.183625,2.47434,0.780648
95,A0,27.5,18,501.993,0.200791,3.38892,0.791659
95,A0,27.5,19,530.255,0.187297,4.05299,0.830141
95,A0,27.5,20,559.863,0.208816,3.10972,0.814541
95,A0,27.5,21,589.471,0.137062,3.94692,0.652969
95,A0,27.5,22,619.08,0.226834,3.42637,0.936317
95,A0,27.5,23,648.688,0.24013,3.32374,0.95274
95,A0,27.5,24,679.642,0.281919,1.39013,0.974906
95,A0,27.5,25,710.596,0.263223,1.74392,0.947258
95,A0,27.5,26,741.55,0.25752,3.08857,0.953197
95,A0,27.5,27,771.158,0.291869,2.82946,0.978831
95,A0,27.5,28,803.458,0.295001,3.79889,0.961419
95,A0,27.5,29,835.757,0.376825,4.05535,0.991309
95,A0,27.5,30,866.711,0.35834,3.91204,0.987897
95,A0,27.5,31,899.011,0.365436,1.46447,0.973209
95,A0,27.5,32,931.311,0.413854,1.00979,0.956996
95,A0,27.5,33,964.957,0.543345,-0.807728,0.971353
95,A0,27.5,34,997.256,0.536489,1.27847,0.99483
95,A0,27.5,35,1030.9,0.473145,3.564,0.997882
95,A0,27.5,36,1064.55,0.491385,3.88914,0.995353
95,A0,27.5,37,1096.85,0.522827,3.27516,0.998351
95,A0,27.5,38,1119.73,1.07369,-0.0496549,0.999029
95,A0,27.5,39,1149.33,1.07186,0.983012,0.999975
95,A0,27.5,40,1178.94,1.07144,1.60235,0.999966
95,A0,27.5,41,1208.55,0.734799,0.598629,0.990448
95,A0,27.5,42,1240.85,0.715261,1.91357,0.988323
95,A0,27.5,43,1275.84,0.807224,3.44016,0.990242
95,A0,27.5,44,1312.18,0.805424,3.26618,0.987416
95,A0,27.5,45,1349.86,0.975776,3.64532,0.989894
95,A0,27.5,46,1386.2,0.970138,2.19181,0.994777
95,A0,27.5,47,1425.23,1.0721,2.95414,0.999738
95,A0,27.5,48,1462.91,1.09324,2.6498,0.98571
95,A0,27.5,49,1500.6,1.25706,2.49078,0.993521
95,A0,27.5,50,1539.62,1.25488,0.89597,0.975532
95,A0,27.5,51,1580,1.33707,1.17318,0.961053
95,A0,27.5,52,1620.37,1.29782,2.41667,0.962241
95,A0,27.5,53,1659.4,1.48755,1.0635,0.99332
95,A0,27.5,54,1699.78,1.42057,3.318,0.992693
95,A0,27.5,55,1733.42,1.49967,0.747648,0.999957
95,A0,27.5,56,1776.49,1.73882,2.89492,0.999856
95,A0,27.5,60,1912.42,2.23816,-0.216935,0.973012
95,A0,27.5,61,1955.48,2.61308,1.14574,0.988256
95,A0,27.5,62,1999.9,2.5066,1.36668,0.999814
95,A0,27.5,63,2044.31,1.91841,-0.917398,0.938996
95,A0,27.5,64,2088.72,2.6089,1.62374,0.999976
95,A0,27.5,65,2135.82,2.55436,0.757515,0.997252
95,A0,27.5,66,2181.58,2.49832,0.349653,0.989906
95,A0,27.5,67,2227.34,2.49542,0.476194,0.981459
95,A0,27.5,68,2274.44,2.9937,-0.0156277,0.998526
95,A0,27.5,69,2318.86,2.81507,0.654334,0.99648
95,A0,27.5,74,2519.38,3.30699,1.47543,0.99559
95,A0,27.5,75,2567.83,3.50821,0.0322912,0.979173
95,A0,27.5,76,2618.98,3.17731,-0.193602,0.976986
95,A0,27.5,77,2666.08,2.63664,-0.5747,0.961003
95,A0,27.5,86,3106.16,4.8332,0.512812,0.99666
95,A0,27.5,87,3157.31,4.9503,1.13013,0.999139
95,A0,27.5,88,3213.83,6.38538,-0.516875,0.952072
95,A0,27.5,89,3269.01,5.85141,-0.598381,0.987982
95,A0,27.5,90,3328.23,4.94369,-2.12733,0.907414
95,A0,27.5,91,3387.44,4.21192,-3.2817,0.779533
95,A0,27.5,92,3442.62,4.22955,0.0637486,0.964232
95,A0,27.5,93,3484.34,4.48839,-0.123698,0.969515
95,A0,27.5,94,3550.29,6.51554,-1.99989,0.931669
95,G5,783.991,2,1573.27,0.978406,1.80407,0.890179
95,G5,783.991,3,2372.69,1.37526,2.53668,0.956516
95,G5,783.991,4,3174.8,2.43857,-4.02035,0.88969
95,A1,55,1,55.1788,0.221565,3.7628,0.754279
95,A1,55,2,110.358,0.262544,5.11767,0.928106
95,A1,55,3,164.191,0.193799,3.58095,0.683791
95,A1,55,4,219.37,0.212351,4.68097,0.877598
95,A1,55,5,274.548,0.249168,4.48967,0.744297
95,A1,55,6,329.727,0.203971,4.3226,0.702266
95,A1,55,7,384.906,0.300337,4.59883,0.819165
95,A1,55,8,440.085,0.138234,1.65778,0.541316
95,A1,55,9,495.264,0.128994,3.26003,0.506731
95,A1,55,10,550.443,0.217305,4.15105,0.774042
95,A1,55,11,605.621,0.212042,4.19939,0.801197
95,A1,55,12,660.8,0.236756,2.49468,0.777358
95,A1,55,13,715.979,0.284855,3.53821,0.811409
95,A1,55,14,771.158,0.226224,2.6466,0.804642
95,A1,55,15,827.682,0.191961,3.4609,0.651965
95,A1,55,16,882.861,0.234088,0.653423,0.715456
95,A1,55,17,938.04,0.262233,2.6051,0.784313
95,A1,55,18,994.565,0.316809,2.392,0.910967
95,A1,55,19,1051.09,0.211943,3.11567,0.805935
95,A1,55,20,1110.31,0.297233,1.19836,0.861127
95,A1,55,21,1168.18,0.277901,1.69833,0.817931
95,A1,55,26,1487.14,0.84816,-0.324489,0.967304
95,A1,55,27,1543.66,0.645891,-1.37445,0.952717
95,A1,55,28,1598.84,0.66745,-1.10731,0.965626
95,A1,55,30,1734.77,0.495598,2.48926,0.957469
95,A1,55,31,1796.68,0.494446,1.77688,0.97292
95,A1,55,32,1855.89,0.493363,0.815857,0.97293
95,A1,55,33,1913.76,0.532702,0.354958,0.970329
95,A1,55,34,1974.33,0.442044,0.460239,0.981781
95,A1,55,35,2036.23,0.494388,1.72876,0.982998
95,A1,55,36,2096.8,0.558971,2.07618,0.99986
95,A1,55,37,2157.36,0.505681,2.00603,0.985572
95,A1,55,40,2383.46,0.649662,-0.7917,0.984926
95,A1,55,41,2441.33,0.629484,0.420453,0.991063
95,A1,55,42,2519.38,0.690553,1.11683,0.943635
95,A1,55,43,2582.64,0.733721,1.30605,0.984464
95,A1,55,44,2651.28,0.760305,1.06173,0.957451
95,A1,55,45,2714.53,0.741844,-0.15715,0.997357
95,A1,55,46,2771.05,0.908011,0.261186,0.987534
95,A1,55,47,2842.38,0.900491,-1.18169,0.932126
95,A1,55,49,3011.96,2.37275,-2.6419,0.93996
95,A1,55,50,3069.83,1.45974,-3.19264,0.889669
95,A1,55,51,3157.31,1.2476,-1.22935,0.91596
95,A1,55,52,3232.67,1.57872,-1.71244,0.915216
95,A1,55,53,3301.31,1.89875,-0.497183,0.945917
95,A1,55,54,3364.56,0.957298,-1.39381,0.963036
95,A1,55,57,3598.74,1.2647,0.360114,0.98123
95,A1,55,58,3692.94,1.92639,-0.262596,0.928253
95,A1,55,59,3760.24,1.30407,-0.440142,0.940618
95,A1,55,60,3847.71,1.81754,-2.01521,0.913642
95,A1,55,61,3917.7,1.34148,-0.571433,0.958826
95,A1,55,63,4110.15,2.40631,-0.94754,0.877403
95,A1,55,64,4181.48,2.65231,-0.777294,0.88043
95,A1,55,65,4254.15,2.58053,-1.33135,0.897153
95,A1,55,66,4348.36,2.53564,0.160367,0.888456
95,A1,55,67,4422.38,1.92304,-0.843309,0.974724
95,A1,55,69,4618.87,2.79539,-2.09732,0.94117
95,A1,55,70,4692.89,2.94129,-1.08586,0.943689
95,A1,55,71,4797.87,2.93703,-1.43365,0.932154
95,A1,55,72,4874.58,2.08389,-0.407562,0.96824
95,A1,55,74,5073.76,3.11792,-0.355166,0.882561
95,A1,55,75,5150.47,3.50826,-1.44939,0.944427
95,A1,55,76,5264.87,2.9403,-1.38014,0.883821
95,A1,55,77,5345.62,3.42193,-1.70332,0.914106
95,A1,55,78,5426.37,3.15548,-2.45571,0.89593
95,A1,55,79,5544.8,3.71522,-0.939905,0.889955
95,A1,55,80,5625.55,3.00658,-0.683335,0.917471
95,A1,55,81,5749.37,2.84289,-1.43349,0.945874
95,A1,55,82,5835.5,3.59102,-1.64874,0.91263
95,A1,55,83,5918.94,4.15368,-2.15035,0.958581
95,A1,55,84,6037.37,4.5291,-2.05513,0.930047
95,A1,55,85,6120.81,4.5134,-2.23915,0.942141
95,A1,55,87,6345.57,4.70311,-2.86886,0.927451
95,A1,55,88,6433.04,4.64057,-3.16356,0.936349
95,A1,55,89,6546.09,3.34829,-4.7638,0.830126
95,A1,55,92,6875.82,4.70688,-3.58347,0.825058
95,A1,55,93,6987.52,8.0705,-2.3258,0.909808
95,Cs1,34.6478,1,34.9915,0.209284,2.10088,0.926944
95,Cs1,34.6478,2,68.6371,0.19392,5.32294,0.894755
95,Cs1,34.6478,3,103.629,0.16055,6.38386,0.831986
95,Cs1,34.6478,4,137.274,0.155002,5.48995,0.814832
95,Cs1,34.6478,5,172.266,0.165028,4.41083,0.846414
95,Cs1,34.6478,7,240.903,0.174698,3.70412,0.80947
95,Cs1,34.6478,8,275.894,0.160869,-0.357125,0.82629
95,Cs1,34.6478,9,310.886,0.131415,3.83889,0.696918
95,Cs1,34.6478,10,345.877,0.114085,4.41137,0.537233
95,Cs1,34.6478,11,380.869,0.154767,4.96233,0.701103
95,Cs1,34.6478,13,450.851,0.183124,4.33701,0.873684
95,Cs1,34.6478,14,499.301,4.77969,4.35573,0.99961
95,Cs1,34.6478,15,520.834,0.21608,3.77462,0.9301
95,Cs1,34.6478,16,557.172,0.13311,1.82369,0.654438
95,Cs1,34.6478,17,592.163,0.190768,3.06696,0.865686
95,Cs1,34.6478,18,627.155,0.23827,1.66293,0.889815
95,Cs1,34.6478,19,663.492,0.223524,3.72505,0.877617
95,Cs1,34.6478,20,699.829,0.232046,2.42364,0.808136
95,Cs1,34.6478,21,736.166,0.177403,2.74396,0.831904
95,Cs1,34.6478,22,772.504,0.211896,4.20169,0.905589
95,Cs1,34.6478,23,808.841,0.222841,3.18208,0.933672
95,Cs1,34.6478,24,845.178,0.258521,1.65798,0.930146
95,Cs1,34.6478,25,881.516,0.245681,1.94206,0.927107
95,Cs1,34.6478,26,919.199,0.317896,2.19151,0.978407
95,Cs1,34.6478,27,956.882,0.328227,2.34298,0.962116
95,Cs1,34.6478,28,998.602,0.473842,0.159657,0.950343
95,Cs1,34.6478,29,1033.59,0.32987,3.09583,0.971192
95,Cs1,34.6478,30,1072.62,0.336335,2.61851,0.973937
95,Cs1,34.6478,35,1297.38,0.480257,3.58337,0.99378
95,Cs1,34.6478,36,1337.75,0.469736,3.50789,0.988685
95,Cs1,34.6478,37,1379.47,0.499166,2.63291,0.999057
95,Cs1,34.6478,38,1421.19,0.51964,2.35674,0.991477
95,Cs1,34.6478,39,1461.57,0.532028,1.40962,0.991181
95,Cs1,34.6478,40,1499.25,0.546147,2.13503,0.956086
95,Cs1,34.6478,41,1543.66,0.586045,1.71612,0.979572
95,Cs1,34.6478,42,1584.04,0.698994,1.6191,0.929558
95,Cs1,34.6478,43,1625.76,0.637466,1.7161,0.976365
95,Cs1,34.6478,44,1668.82,0.641897,0.918907,0.998474
95,Cs1,34.6478,45,1710.54,0.717111,2.26278,0.976133
95,Cs1,34.6478,46,1753.61,0.726736,0.548399,0.984173
95,Cs1,34.6478,47,1796.68,0.769841,0.703618,0.996544
95,Cs1,34.6478,48,1838.4,0.850885,1.5855,0.992035
95,Cs1,34.6478,49,1882.81,0.841368,1.2999,0.995305
95,Cs1,34.6478,50,1927.22,0.912601,1.76008,0.999793
95,Cs1,34.6478,51,1971.63,0.935037,1.31563,0.996901
95,Cs1,34.6478,59,2387.49,1.0591,1.15541,0.974019
95,Cs1,34.6478,60,2434.6,1.19077,1.30049,0.999906
95,Cs1,34.6478,61,2483.05,1.13737,0.420361,0.985757
95,Cs1,34.6478,62,2531.5,1.18129,-0.614051,0.967089
95,Cs1,34.6478,63,2581.29,1.47778,0.753854,0.996916
95,Cs1,34.6478,64,2631.09,1.2244,-0.457363,0.957257
95,Cs1,34.6478,67,2784.51,1.50973,-0.377863,0.997235
95,Cs1,34.6478,75,3262.28,2.30469,-0.0155685,0.972129
95,Cs1,34.6478,76,3318.8,3.25448,-1.35138,0.935155
95,Cs1,34.6478,77,3372.64,3.17638,-0.615695,0.956102
95,Cs1,34.6478,78,3430.51,2.82297,-0.708469,0.944528
95,Cs1,34.6478,79,3496.45,4.51963,-1.23827,0.960397
95,Cs1,34.6478,80,3544.9,2.93115,0.0269624,0.951774
95,Cs1,34.6478,81,3601.43,2.84751,0.268186,0.930673
95,Cs1,34.6478,82,3661.99,2.81582,-0.682139,0.913512
95,Cs1,34.6478,87,3995.75,5.70682,-2.44807,0.941315
95,Cs1,34.6478,90,4208.4,5.09854,-1.16915,0.946972
95,Cs1,34.6478,92,4336.25,4.91089,-1.09277,0.89685
95,Cs1,34.6478,93,4399.5,4.82037,-0.728879,0.964616
95,Cs1,34.6478,94,4464.1,5.60806,-2.16044,0.920832
95,Cs1,34.6478,96,4597.34,5.41097,-0.580187,0.894323
95,Fs3,184.997,1,184.378,0.313489,4.40277,0.925343
95,Fs3,184.997,2,370.102,0.187146,4.47552,0.546611
95,Fs3,184.997,3,554.48,0.272803,3.38259,0.728689
95,Fs3,184.997,4,740.204,0.29795,3.97618,0.69262
95,Fs3,184.997,5,925.928,0.330233,2.85548,0.913779
95,Fs3,184.997,6,1113,0.265008,2.10974,0.755194
95,Fs3,184.997,7,1300.07,0.386363,2.28114,0.923048
95,Fs3,184.997,8,1488.48,0.484398,2.01973,0.93108
95,Fs3,184.997,9,1678.24,0.48944,2.63681,0.963661
95,Fs3,184.997,10,1866.66,0.560442,1.71117,0.941545
95,Fs3,184.997,11,2057.77,0.662092,1.50472,0.895772
95,Fs3,184.997,12,2250.22,0.641611,1.63012,0.95918
95,Fs3,184.997,13,2444.02,0.747602,2.19482,0.955544
95,Fs3,184.997,14,2639.16,0.803837,0.9802,0.939336
95,Fs3,184.997,15,2838.35,0.920731,0.572547,0.904489
95,Fs3,184.997,16,3040.22,0.815966,-0.963839,0.928203
95,G2,97.9989,1,98.2452,0.39571,5.05407,0.922973
95,G2,97.9989,2,196.49,0.209036,3.04309,0.642592
95,G2,97.9989,4,391.635,0.255292,4.17953,0.702286
95,G2,97.9989,5,489.88,0.2394,2.71611,0.760779
95,G2,97.9989,6,588.126,0.164936,2.11054,0.593897
95,G2,97.9989,7,686.371,0.252577,4.21208,0.852587
95,G2,97.9989,8,784.616,0.189417,1.85582,0.684905
95,G2,97.9989,9,884.207,0.237664,2.89344,0.76245
95,G2,97.9989,10,982.452,0.288306,2.46445,0.771831
95,G2,97.9989,11,1082.04,0.239368,1.88294,0.783694
95,G2,97.9989,12,1181.63,0.28897,2.83126,0.737349
95,G2,97.9989,13,1279.88,0.282704,2.99725,0.86455
95,G2,97.9989,14,1380.82,0.34809,1.57188,0.860925
95,G2,97.9989,15,1481.75,0.400427,1.72014,0.930001
95,G2,97.9989,16,1582.69,0.449892,1.07945,0.95757
95,G2,97.9989,17,1683.63,0.402631,2.54787,0.934457
95,G2,97.9989,18,1784.56,0.410406,2.47235,0.901595
95,G2,97.9989,19,1886.85,0.444543,1.75088,0.911446
95,G2,97.9989,20,1989.13,0.406029,0.485899,0.898497
95,G2,97.9989,21,2091.41,0.568453,2.31613,0.955184
95,G2,97.9989,22,2195.04,0.541198,1.19405,0.923344
95,G2,97.9989,23,2300.02,0.595447,0.462481,0.939072
95,G2,97.9989,24,2404.99,0.661582,1.1128,0.97287
95,G2,97.9989,30,3083.29,2.61495,-1.12676,0.966253
95,G2,97.9989,43,4595.99,1.28256,-5.98306,0.738397
95,G2,97.9989,49,5359.08,2.96205,-2.02571,0.909598
95,G2,97.9989,50,5486.93,2.83039,-1.74171,0.852424
95,G2,97.9989,51,5613.44,2.44852,-0.878018,0.860018
95,G2,97.9989,52,5743.98,2.23455,-1.76958,0.898778
95,G2,97.9989,53,5871.84,2.41161,-1.00395,0.885862
95,G2,97.9989,54,5998.34,3.87252,-0.565796,0.889274
95,F7,2793.83,1,2818.16,4.76347,2.0733,0.992487
95,F7,2793.83,2,5645.74,12.4365,-7.02326,0.901646
95,A6,1760,1,1769.76,1.79622,3.74548,0.981414
95,A6,1760,2,3570.47,4.51905,0.830292,0.973099
95,A6,1760,3,5381.96,5.33092,-4.24525,0.998267
95,Fs4,369.994,1,370.102,0.497685,4.50091,0.807106
95,Fs4,369.994,2,740.204,0.516509,3.52264,0.841128
95,Fs4,369.994,3,1111.65,0.384618,1.7093,0.689188
95,Fs4,369.994,4,1487.14,0.440968,2.09777,0.853679
95,Fs4,369.994,5,1862.62,0.532896,0.85657,0.943418
95,Fs4,369.994,6,2242.14,0.551057,1.28015,0.951571
95,Fs4,369.994,7,2627.05,0.732232,0.754066,0.960619
95,Fs4,369.994,8,3015.99,1.08217,0.828821,0.971567
95,Fs4,369.994,9,3410.32,1.41917,-1.02593,0.957424
95,Fs4,369.994,10,3811.38,2.07576,0.593015,0.916868
95,Fs4,369.994,11,4217.82,1.77397,-0.665112,0.944208
95,Fs4,369.994,12,4630.98,2.65325,-0.371397,0.951042
95,Fs4,369.994,13,5054.92,4.13387,-1.08868,0.9447
95,Fs4,369.994,14,5481.55,4.22269,-0.555269,0.920575
95,Fs4,369.994,15,5925.67,4.74172,-2.22977,0.88058
95,Gs7,3322.44,1,3348.41,4.07658,-0.135044,0.995296
95,Gs7,3322.44,2,6680.68,6.59945,-8.74009,0.760305
95,Cs6,1108.73,1,1110.31,1.2725,3.73746,0.889
95,Cs6,1108.73,2,2232.72,1.69752,1.71925,0.926363
95,Cs6,1108.73,3,3376.68,3.54472,0.13674,0.977018
95,Cs6,1108.73,4,4544.85,4.83391,-0.965957,0.995603
95,A4,440,1,440.085,0.422716,3.09942,0.796914
95,A4,440,2,881.516,0.519504,3.9805,0.875532
95,A4,440,3,1324.29,0.488271,3.0953,0.779457
95,A4,440,4,1771.11,0.542259,2.13334,0.916141
95,A4,440,5,2220.61,0.72835,1.83975,0.94656
95,A4,440,6,2683.58,0.85072,-0.468172,0.914965
95,A4,440,7,3155.96,0.528744,-7.17522,0.393111
95,F5,698.456,1,698.483,0.530656,3.99313,0.580378
95,F5,698.456,2,1401,0.722083,2.79179,0.840855
95,F5,698.456,3,2108.91,0.935148,2.16848,0.929809
95,F5,698.456,4,2830.27,1.82014,1.03481,0.970359
95,F5,698.456,5,3558.36,2.99373,-2.1315,0.923944
95,F5,698.456,6,4293.18,3.39409,-3.25809,0.987184
95,F5,698.456,8,5799.16,6.55192,-6.53725,0.864874
95,Gs5,830.609,1,831.72,0.561587,3.98031,0.8451
95,Gs5,830.609,2,1670.17,0.954794,2.87045,0.966592
95,Gs5,830.609,3,2516.69,1.74176,2.39819,0.972887
95,Gs5,830.609,4,3353.8,2.73288,-3.83443,0.91582
95,Cs4,277.183,1,277.24,0.420373,4.80524,0.874334
95,Cs4,277.183,2,554.48,0.339452,3.9836,0.606138
95,Cs4,277.183,3,833.066,0.362004,2.84011,0.830956
95,Cs4,277.183,4,1111.65,0.52831,2.72163,0.812197
95,Cs4,277.183,5,1391.58,0.303685,2.33577,0.620099
95,Cs4,277.183,6,1674.21,0.549107,3.31799,0.889356
95,Cs4,277.183,7,1958.18,0.588071,2.84514,0.922146
95,Cs4,277.183,8,2246.18,0.544902,0.570903,0.798414
95,Cs4,277.183,24,7723.69,4.99026,-4.6953,0.806688
95,Fs6,1479.98,1,1484.45,1.56825,3.90448,0.953785
95,Fs6,1479.98,2,2991.77,2.29959,1.57342,0.995745
95,Fs6,1479.98,3,4469.49,3.44478,-3.65139,0.976441
95,A3,220,1,219.37,0.247039,3.41636,0.594611
95,A3,220,2,440.085,0.330138,4.55462,0.717988
95,A3,220,3,660.8,0.29386,2.7209,0.686651
95,A3,220,4,881.516,0.336646,1.38409,0.846881
95,A3,220,5,1103.58,0.307791,3.30494,0.749887
95,A3,220,6,1325.64,0.353028,2.23709,0.86818
95,A3,220,7,1550.39,0.479782,2.60096,0.94769
95,A3,220,16,3776.39,0.95574,-8.10559,0.440279
95,A3,220,20,4908.22,1.97603,-0.310625,0.895637
95,A3,220,27,7122.11,7.23767,-1.3434,0.886631
95,F2,87.3071,1,87.4786,0.246383,4.55297,0.815372
95,F2,87.3071,2,174.957,0.261132,2.99111,0.771938
95,F2,87.3071,3,261.09,0.217819,2.86763,0.794332
95,F2,87.3071,4,348.569,0.307408,3.79446,0.67838
95,F2,87.3071,5,436.047,0.190017,2.8934,0.689019
95,F2,87.3071,7,611.005,0.198206,3.7848,0.767695
95,F2,87.3071,8,698.483,0.148516,1.69326,0.55415
95,F2,87.3071,9,787.308,0.264604,2.99403,0.837539
95,F2,87.3071,10,874.786,0.207326,2.94335,0.621833
95,F2,87.3071,11,962.265,0.267774,2.42491,0.81339
95,F2,87.3071,12,1051.09,0.317321,2.52341,0.806332
95,F2,87.3071,13,1139.91,0.266081,3.8742,0.801618
95,F2,87.3071,14,1228.74,0.238235,3.16763,0.712545
95,F2,87.3071,15,1317.56,0.28677,3.06852,0.851148
95,F2,87.3071,16,1407.73,0.431243,1.2903,0.890322
95,F2,87.3071,17,1496.56,0.408813,1.71682,0.870881
95,F2,87.3071,18,1586.73,0.349168,2.7088,0.924658
95,F2,87.3071,19,1678.24,0.382488,3.04945,0.891053
95,F2,87.3071,20,1768.41,0.590444,0.280298,0.90733
95,F2,87.3071,21,1861.28,0.352597,1.85675,0.870439
95,F2,87.3071,36,3353.8,1.26567,-3.01465,0.958191
95,F2,87.3071,37,3443.97,0.452834,-7.97815,0.428689
95,F2,87.3071,40,3773.69,1.76829,-1.88352,0.879654
95,F2,87.3071,41,3874.63,1.29081,-1.77796,0.850502
95,F2,87.3071,42,3979.6,1.33051,-1.5405,0.859735
95,F2,87.3071,43,4083.23,1.40004,-0.84379,0.930457
95,F2,87.3071,44,4184.17,1.19921,-0.426902,0.898749
95,F2,87.3071,45,4293.18,1.26921,0.00050928,0.948075
95,F2,87.3071,55,5490.97,3.06763,-2.59007,0.88679
95,F2,87.3071,56,5604.02,3.0867,-2.4844,0.914617
95,F2,87.3071,58,5839.54,3.09796,-0.497086,0.8674
95,F2,87.3071,66,6918.89,2.02804,-5.69342,0.740786
95,F2,87.3071,67,7050.78,1.96396,-5.96138,0.683228
95,F2,87.3071,68,7173.25,4.99982,-1.55251,0.910703
95,G7,3135.96,1,3160,3.87712,0.56238,0.999994
95,G7,3135.96,2,6340.18,11.0001,-3.17939,0.99999
95,Fs1,46.2493,1,45.7581,0.258085,2.96543,0.956376
95,Fs1,46.2493,2,91.5161,0.272667,4.68854,0.935185
95,Fs1,46.2493,3,138.62,0.252902,5.83974,0.947467
95,Fs1,46.2493,4,184.378,0.263795,5.21954,0.841856
95,Fs1,46.2493,5,230.136,0.233819,4.14191,0.849564
95,Fs1,46.2493,6,277.24,0.294016,4.26375,0.889977
95,Fs1,46.2493,9,415.86,0.201599,4.02655,0.869363
95,Fs1,46.2493,10,461.618,0.20903,3.63142,0.696409
95,Fs1,46.2493,11,508.722,0.170777,4.17219,0.764995
95,Fs1,46.2493,12,555.826,0.261157,3.23364,0.793556
95,Fs1,46.2493,13,601.584,0.219225,1.8986,0.6922
95,Fs1,46.2493,14,648.688,0.262372,4.20077,0.754114
95,Fs1,46.2493,16,742.896,0.179212,1.6892,0.611715
95,Fs1,46.2493,17,789.999,0.18028,1.45029,0.590806
95,Fs1,46.2493,18,837.103,0.259132,3.27593,0.841504
95,Fs1,46.2493,19,885.553,0.256203,3.11767,0.759452
95,Fs1,46.2493,20,932.657,0.303315,1.50071,0.887647
95,Fs1,46.2493,21,981.107,0.381271,3.40405,0.903263
95,Fs1,46.2493,22,1029.56,0.183725,2.68744,0.616861
95,Fs1,46.2493,23,1079.35,0.290409,1.42384,0.842917
95,Fs1,46.2493,25,1204.51,1.14361,-0.968946,0.842049
95,Fs1,46.2493,26,1250.27,0.824476,-0.221446,0.870292
95,Fs1,46.2493,27,1297.38,0.764323,0.088575,0.910651
95,Fs1,46.2493,28,1344.48,0.659899,-2.29192,0.89613
95,Fs1,46.2493,33,1619.03,0.601806,1.30013,0.927718
95,Fs1,46.2493,34,1670.17,0.588558,1.83489,0.920591
95,Fs1,46.2493,35,1722.66,0.556615,2.45015,0.913329
95,Fs1,46.2493,36,1773.8,0.566154,2.81691,0.938157
95,Fs1,46.2493,37,1824.94,0.515238,0.904882,0.978936
95,Fs1,46.2493,38,1877.43,0.542495,0.706102,0.949664
95,Fs1,46.2493,39,1929.91,0.554619,0.757295,0.953184
95,Fs1,46.2493,40,1982.4,0.623637,-1.41342,0.951223
95,Fs1,46.2493,41,2056.42,0.755751,-0.569666,0.955187
95,Fs1,46.2493,42,2104.87,0.818866,-1.25626,0.958101
95,Fs1,46.2493,47,2414.41,0.866855,-0.832649,0.959043
95,Fs1,46.2493,48,2469.59,0.683901,-0.314383,0.912107
95,Fs1,46.2493,49,2526.11,0.881111,-0.179047,0.966807
95,Fs1,46.2493,50,2581.29,0.942972,0.909837,0.982013
95,Fs1,46.2493,51,2639.16,0.897757,1.04915,0.961475
95,Fs1,46.2493,52,2697.03,0.960784,1.08418,0.954575
95,Fs1,46.2493,57,3048.29,1.20585,0.277571,0.969671
95,Fs1,46.2493,58,3108.86,1.21695,0.162677,0.987281
95,Fs1,46.2493,59,3166.73,1.26149,0.553706,0.969593
95,Fs1,46.2493,60,3229.98,1.09182,0.211937,0.955667
95,Fs1,46.2493,61,3290.54,1.18848,0.247687,0.97465
95,Fs1,46.2493,63,3442.62,1.93502,-0.243033,0.922024
95,Fs1,46.2493,65,3598.74,1.96011,-0.198557,0.916459
95,Fs1,46.2493,66,3664.68,1.40751,-0.432647,0.93867
95,Fs1,46.2493,67,3729.28,2.38762,-0.567826,0.953939
95,Fs1,46.2493,68,3793.88,1.83012,-0.0790685,0.974078
95,Fs1,46.2493,69,3863.86,2.3793,-0.0911029,0.919009
95,Fs1,46.2493,70,3943.27,1.9324,-0.599602,0.986039
95,Fs1,46.2493,73,4193.59,2.23906,-1.19896,0.916986
95,Fs1,46.2493,74,4260.88,3.20689,-0.720069,0.926434
95,Fs1,46.2493,76,4399.5,2.67671,-3.10907,0.923426
95,Fs1,46.2493,77,4497.75,3.55161,-1.51803,0.926897
95,Fs1,46.2493,80,4753.45,3.97016,-0.843028,0.918543
95,Fs1,46.2493,81,4824.78,3.8173,-1.91197,0.956756
95,Fs1,46.2493,82,4898.8,4.17995,-0.857636,0.950444
95,Fs1,46.2493,83,4979.55,4.48382,-0.904869,0.941098
95,Fs1,46.2493,86,5256.79,4.41655,-3.68641,0.948458
95,Fs1,46.2493,87,5346.96,4.87142,-2.06775,0.953621
95,Fs1,46.2493,88,5425.02,4.09671,-3.00937,0.906913
95,Fs1,46.2493,89,5511.15,1.80155,-6.30375,0.668827
95,Fs1,46.2493,90,5589.21,3.35188,-4.21894,0.836025
95,Cs3,138.591,1,138.62,0.280241,3.83826,0.589615
95,Cs3,138.591,2,277.24,0.364964,5.06055,0.821473
95,Cs3,138.591,4,554.48,0.265679,3.83712,0.694505
95,Cs3,138.591,5,693.1,0.234522,3.83492,0.661494
95,Cs3,138.591,6,833.066,0.312951,3.63454,0.780929
95,Cs3,138.591,7,973.032,0.378146,3.51543,0.916642
95,Cs3,138.591,8,1111.65,0.304731,1.62933,0.826947
95,Cs3,138.591,9,1252.96,0.335869,3.26971,0.823815
95,Cs3,138.591,10,1392.93,0.373075,2.06098,0.925597
95,Cs3,138.591,11,1535.59,0.37375,2.42742,0.869088
95,Cs3,138.591,12,1680.94,0.425978,2.73785,0.83249
95,Cs3,138.591,21,3069.83,1.66224,-1.64526,0.873072
95,Cs3,138.591,26,3910.97,0.996978,0.256557,0.947155
95,Cs3,138.591,27,4071.12,1.17182,-1.5168,0.905815
95,Cs3,138.591,28,4228.58,1.13014,0.328843,0.947965
95,Cs3,138.591,35,5559.6,2.48226,-0.0283499,0.949943
95,Cs3,138.591,36,5733.22,2.25012,-0.563237,0.940075
95,Cs3,138.591,42,7005.02,3.67867,-1.69185,0.897033
95,Cs3,138.591,43,7190.74,5.06181,-1.6446,0.864222
95,Cs3,138.591,49,8571.56,7.70205,-1.47737,0.945159
95,Gs2,103.826,1,103.629,0.334723,4.27532,0.855684
95,Gs2,103.826,2,207.257,0.239133,3.77655,0.843081
95,Gs2,103.826,3,310.886,0.147015,3.82064,0.599012
95,Gs2,103.826,4,414.514,0.206945,3.31583,0.743738
95,Gs2,103.826,5,519.489,0.189504,2.69748,0.734581
95,Gs2,103.826,6,623.117,0.252088,3.68899,0.763247
95,Gs2,103.826,7,728.091,0.249698,2.72004,0.776187
95,Gs2,103.826,8,831.72,0.255412,2.8223,0.71988
95,Gs2,103.826,9,936.694,0.234448,3.19606,0.69615
95,Gs2,103.826,10,1041.67,0.261749,3.56967,0.863626
95,Gs2,103.826,11,1146.64,0.216686,1.79665,0.821865
95,Gs2,103.826,12,1251.62,0.290395,2.83478,0.872503
95,Gs2,103.826,13,1357.94,0.34281,2.67071,0.911176
95,Gs2,103.826,14,1464.26,0.389428,2.5363,0.950425
95,Gs2,103.826,15,1570.58,0.400543,1.68657,0.915087
95,Gs2,103.826,16,1676.9,0.43557,0.117078,0.805418
95,Gs2,103.826,17,1784.56,0.37425,2.11662,0.948473
95,Gs2,103.826,18,1892.23,0.441757,1.37743,0.933423
95,Gs2,103.826,19,2001.24,0.415009,0.822858,0.922992
95,Gs2,103.826,20,2110.25,0.493581,-1.69994,0.838158
95,Gs2,103.826,21,2217.92,0.532114,0.628449,0.890026
95,Gs2,103.826,22,2328.28,0.557876,0.29929,0.961316
95,Gs2,103.826,23,2439.98,0.534067,1.62253,0.963879
95,Gs2,103.826,24,2550.34,0.658781,0.536725,0.893385
95,Gs2,103.826,25,2662.04,0.566904,-0.536211,0.927921
95,Gs2,103.826,26,2776.44,0.733601,0.702874,0.975568
95,Gs2,103.826,28,3005.23,0.797795,-0.777957,0.935638
95,Gs2,103.826,29,3141.16,1.84587,-2.06211,0.896088
95,Gs2,103.826,30,3242.09,0.879396,-6.05185,0.87267
95,Gs2,103.826,31,3356.49,0.562936,-5.93277,0.649901
95,Gs2,103.826,43,4846.32,4.43942,-0.31447,0.936514
95,Gs2,103.826,58,6978.1,4.93573,-1.71229,0.931996
95,Gs2,103.826,65,8035.92,5.92681,-1.4412,0.841648
95,Gs3,207.652,1,207.257,0.281022,4.08721,0.572735
95,Gs3,207.652,2,415.86,0.28043,4.15045,0.725052
95,Gs3,207.652,3,623.117,0.278744,4.17684,0.857279
95,Gs3,207.652,4,831.72,0.352866,3.32547,0.842939
95,Gs3,207.652,5,1040.32,0.34472,3.31113,0.808278
95,Gs3,207.652,6,1250.27,0.367912,2.97944,0.839368
95,Gs3,207.652,7,1461.57,0.478808,2.86816,0.869355
95,Gs3,207.652,8,1674.21,0.53934,0.864955,0.964509
95,Gs3,207.652,9,1886.85,0.554189,2.37711,0.939253
95,Gs3,207.652,10,2100.83,0.577483,1.75874,0.910591
95,Gs3,207.652,11,2317.51,0.652291,0.0347156,0.92832
95,Gs3,207.652,12,2535.53,0.902241,1.795,0.984574
95,Gs3,207.652,13,2756.25,0.957239,2.30561,0.955106
95,Gs3,207.652,14,2976.97,0.927212,0.998742,0.952767
95,Gs3,207.652,15,3201.72,1.01506,1.00979,0.972276
95,Gs3,207.652,16,3427.82,1.38116,-0.13041,0.950022
95,Gs3,207.652,17,3657.95,1.27254,-0.825138,0.890571
95,Gs3,207.652,18,3889.43,1.46502,-0.758041,0.969116
95,Gs3,207.652,19,4122.26,1.46349,0.424766,0.953523
95,Gs3,207.652,20,4360.47,1.88093,0.438699,0.967236
95,Gs3,207.652,21,4602.72,2.65312,-0.678476,0.973998
95,Gs3,207.652,22,4844.97,2.079,-0.19319,0.944054
95,Gs3,207.652,23,5092.6,2.16923,0.207012,0.974833
95,Gs3,207.652,24,5338.89,2.34976,-0.942224,0.947229
95,Gs3,207.652,25,5595.94,3.95752,-1.61549,0.926472
95,Gs3,207.652,26,5852.99,3.09983,-0.849771,0.918181
95,Gs3,207.652,27,6110.05,4.1599,-2.10064,0.933026
95,Gs3,207.652,28,6375.17,3.35149,-0.988478,0.914211
95,Gs3,207.652,30,6912.16,5.86375,-0.490881,0.950478
95,Cs2,69.2957,2,138.62,0.218728,4.02655,0.617803
95,Cs2,69.2957,3,207.257,0.213738,3.86887,0.559071
95,Cs2,69.2957,4,277.24,0.220928,2.58631,0.75809
95,Cs2,69.2957,5,345.877,0.225993,4.25733,0.83961
95,Cs2,69.2957,7,484.497,0.231535,3.55432,0.875946
95,Cs2,69.2957,8,554.48,0.209958,2.03893,0.741435
95,Cs2,69.2957,9,624.463,0.256022,3.62156,0.772431
95,Cs2,69.2957,10,693.1,0.253319,3.92822,0.912533
95,Cs2,69.2957,11,763.083,0.225493,2.78944,0.700853
95,Cs2,69.2957,12,833.066,0.212649,3.56561,0.766119
95,Cs2,69.2957,13,903.049,0.221906,0.968573,0.710253
95,Cs2,69.2957,14,974.377,0.224432,2.44269,0.750789
95,Cs2,69.2957,15,1044.36,0.253508,1.54477,0.708994
95,Cs2,69.2957,16,1114.34,0.292268,1.35132,0.854752
95,Cs2,69.2957,17,1185.67,0.270988,3.03296,0.860451
95,Cs2,69.2957,18,1255.65,0.321669,2.41116,0.905897
95,Cs2,69.2957,19,1328.33,0.350499,2.71165,0.838669
95,Cs2,69.2957,20,1401,0.427036,1.42835,0.904215
95,Cs2,69.2957,34,2497.85,0.660284,1.22942,0.950848
95,Cs2,69.2957,35,2575.91,0.57658,1.2376,0.960341
95,Cs2,69.2957,36,2651.28,0.5766,1.56529,0.935135
95,Cs2,69.2957,37,2729.33,0.612735,2.10135,0.960689
95,Cs2,69.2957,38,2807.39,0.594101,1.66117,0.942016
95,Cs2,69.2957,39,2886.79,0.579121,0.362223,0.967381
95,Cs2,69.2957,41,3081.94,0.944367,-1.97276,0.8386
95,Cs2,69.2957,42,3154.61,1.10888,-1.61809,0.862513
95,Cs2,69.2957,46,3519.33,0.945634,-0.815811,0.897124
95,Cs2,69.2957,47,3600.08,1.25578,-3.38272,0.835607
95,Cs2,69.2957,48,3682.18,1.60973,-0.125456,0.91016
95,Cs2,69.2957,49,3768.31,0.981005,-0.594349,0.949511
95,Cs2,69.2957,50,3881.36,0.824806,-5.39742,0.733583
95,Cs2,69.2957,54,4250.12,2.11397,-0.765227,0.910405
95,Cs2,69.2957,55,4357.78,1.70046,-1.09148,0.855366
95,Cs2,69.2957,56,4446.61,1.67915,-1.54216,0.82802
95,Cs2,69.2957,57,4538.12,1.43098,-0.492887,0.904865
95,Cs2,69.2957,62,5068.38,2.52946,-1.44234,0.92649
95,Cs2,69.2957,63,5159.89,2.55718,-1.05267,0.904181
95,Cs2,69.2957,65,5379.26,1.45339,-5.18818,0.825957
95,Cs2,69.2957,71,6023.91,3.78483,-1.31978,0.9083
95,Cs2,69.2957,81,7235.16,5.93565,-2.34433,0.941204
95,A2,110,1,110.358,0.308035,4.1158,0.902035
95,A2,110,2,219.37,0.258283,2.92831,0.792478
95,A2,110,4,440.085,0.215965,3.37196,0.658639
95,A2,110,5,550.443,0.250859,3.18282,0.779461
95,A2,110,6,660.8,0.174607,2.23205,0.777433
95,A2,110,7,771.158,0.216772,1.45999,0.735127
95,A2,110,8,881.516,0.195168,1.9535,0.637315
95,A2,110,9,991.873,0.274056,2.86641,0.825694
95,A2,110,10,1103.58,0.262484,3.3777,0.782122
95,A2,110,11,1216.63,0.288083,2.14227,0.784332
95,A2,110,12,1331.02,0.385158,2.49182,0.903659
95,A2,110,23,2702.42,0.68253,0.226426,0.969112
95,A2,110,26,3102.13,3.45061,-2.60314,0.89395
95,A2,110,27,3216.52,3.61997,-3.39942,0.849071
95,A2,110,28,3382.06,3.86242,-0.082819,0.932674
95,A2,110,30,3666.03,1.0516,-0.975652,0.959328
95,A2,110,31,3793.88,1.1216,-1.52627,0.877239
95,A2,110,36,4559.66,1.53066,-1.31722,0.862015
95,A2,110,41,5360.42,2.16958,-0.830613,0.914457
95,A2,110,48,6642.99,3.08456,-2.27332,0.870162
95,A2,110,52,7393.96,4.42182,-3.19245,0.912688
95,A2,110,55,8027.85,5.55455,-2.42816,0.903598
95,G6,1567.98,1,1574.62,1.87454,4.01803,0.984285
95,G6,1567.98,2,3160,3.29755,-1.47491,0.969469
95,G6,1567.98,3,4748.07,4.13193,-2.72892,0.999558
95,F3,174.614,1,174.957,0.250416,3.91705,0.803006
95,F3,174.614,2,348.569,0.291622,4.96658,0.803925
95,F3,174.614,3,523.526,0.233144,4.13467,0.59449
95,F3,174.614,4,698.483,0.30205,4.36943,0.851864
95,F3,174.614,6,1049.74,0.364351,2.18042,0.877508
95,F3,174.614,7,1227.39,0.362991,2.82163,0.903766
95,F3,174.614,8,1403.7,0.363344,1.31768,0.830793
95,F3,174.614,9,1581.34,0.365075,2.59433,0.850541
95,F3,174.614,10,1760.34,0.434429,2.75768,0.934245
95,F3,174.614,11,1939.33,0.56061,1.05519,0.902743
95,F3,174.614,12,2121.02,0.53533,1.94097,0.919099
95,F3,174.614,13,2304.05,0.588381,1.33679,0.925048
95,F3,174.614,14,2489.78,0.709447,0.996491,0.9041
95,F3,174.614,27,5126.25,1.69908,-7.42282,0.46544
95,F3,174.614,34,6752,4.09887,-1.08621,0.891165
95,F3,174.614,35,6983.49,5.15157,-1.39971,0.834533
95,F3,174.614,36,7214.97,4.62465,-1.70699,0.865403
95,Fs7,2959.96,1,2982.35,4.2616,0.281438,0.998814
95,Fs7,2959.96,2,5964.7,10.7092,-3.70564,0.999982
95,Cs5,554.365,1,554.48,0.499692,3.95541,0.784236
95,Cs5,554.365,2,1110.31,0.527177,3.73279,0.744898
95,Cs5,554.365,3,1671.51,0.851565,2.82543,0.875158
95,Cs5,554.365,4,2238.11,0.909617,2.42062,0.937257
95,Cs5,554.365,5,2811.43,1.48492,1.00032,0.936603
95,Cs5,554.365,6,3396.86,2.24451,1.33987,0.973286
95,Cs5,554.365,7,3993.06,2.88947,0.0220271,0.964067
95,Cs5,554.365,8,4602.72,4.13716,-0.391357,0.936261
95,Cs5,554.365,9,5228.53,5.67199,-0.35075,0.911352
95,Cs5,554.365,10,5869.14,7.65045,-0.630731,0.931567
95,Cs5,554.365,11,6528.6,9.36257,-2.07576,0.918023
95,Cs5,554.365,13,7891.92,14.0402,-2.47929,0.983955
95,Cs5,554.365,14,8630.78,17.8444,-2.43155,0.965534
95,Gs4,415.305,1,415.86,0.406241,4.33691,0.885438
95,Gs4,415.305,2,831.72,0.335029,2.30736,0.562879
95,Gs4,415.305,3,1248.93,0.293935,1.89912,0.593839
95,Gs4,415.305,4,1670.17,0.584273,2.4761,0.886553
95,Gs4,415.305,5,2095.45,0.639601,1.20399,0.878877
95,Gs4,415.305,6,2523.42,0.842795,1.10867,0.943969
95,Gs4,415.305,7,2958.12,1.05402,1.18818,0.943709
95,Gs4,415.305,8,3399.55,1.54966,0.461331,0.941867
95,A5,880,1,881.516,0.761403,3.86562,0.802917
95,A5,880,2,1768.41,1.08034,2.5419,0.936499
95,A5,880,3,2670.12,1.83899,1.34222,0.967295
95,A5,880,4,3590.66,3.4436,1.39351,0.986287
95,A5,880,5,4534.08,4.47198,0.134011,0.958688
95,A5,880,6,5504.42,7.11326,-0.753612,0.94296
95,A5,880,7,6505.72,7.47847,-2.12841,0.993295
95,A5,880,8,7572.96,12.0436,-1.70052,0.931314
95,A5,880,9,8671.15,14.3046,-2.72223,0.941094
95,F4,349.228,1,348.569,0.415375,4.7235,0.916462
95,F4,349.228,3,1049.74,0.294438,2.96719,0.732295
95,F4,349.228,4,1402.35,0.592687,2.60883,0.934194
95,F4,349.228,5,1757.65,0.542975,2.02715,0.897956
95,F4,349.228,6,2114.29,0.616881,1.78443,0.895441
95,F4,349.228,7,2476.32,0.65363,0.974005,0.92165
95,F4,349.228,8,2842.38,0.93874,1.31465,0.940412
95,F4,349.228,9,3212.48,0.995796,-0.139315,0.966108
95,F4,349.228,10,3587.97,1.5968,-0.315585,0.892034
95,F4,349.228,11,3968.84,1.57064,0.102476,0.965761
95,F4,349.228,12,4356.44,2.11536,-0.808886,0.950351
95,F4,349.228,13,4749.42,4.01376,-0.124716,0.910099
95,F4,349.228,14,5154.51,3.51281,-0.618779,0.908552
95,G1,48.9994,1,48.4497,0.272394,3.19268,0.808147
95,G1,48.9994,2,98.2452,0.263207,5.02947,0.829894
95,G1,48.9994,3,146.695,0.255717,5.90066,0.877413
95,G1,48.9994,4,195.145,0.231626,4.59643,0.897498
95,G1,48.9994,5,244.94,0.209515,3.9171,0.825917
95,G1,48.9994,7,341.84,0.22292,3.77464,0.791755
95,G1,48.9994,8,391.635,0.236633,2.58344,0.934498
95,G1,48.9994,9,440.085,0.157623,3.73856,0.827394
95,G1,48.9994,10,489.88,0.337463,4.69937,0.852598
95,G1,48.9994,11,539.676,0.147494,2.03427,0.677429
95,G1,48.9994,12,588.126,0.214324,2.70584,0.620564
95,G1,48.9994,13,637.921,0.257489,3.80583,0.754016
95,G1,48.9994,14,687.717,0.21275,3.65857,0.904162
95,G1,48.9994,15,737.512,0.214345,2.65429,0.799139
95,G1,48.9994,16,787.308,0.227624,2.25055,0.768673
95,G1,48.9994,17,837.103,0.211753,2.95264,0.622892
95,G1,48.9994,18,886.899,0.238538,3.05461,0.780724
95,G1,48.9994,19,936.694,0.276677,3.41872,0.822094
95,G1,48.9994,20,987.836,0.302694,1.91799,0.764807
95,G1,48.9994,21,1038.98,0.236531,3.45507,0.697796
95,G1,48.9994,22,1091.46,0.302203,3.56262,0.883187
95,G1,48.9994,23,1143.95,0.237023,1.8673,0.741825
95,G1,48.9994,25,1274.5,0.74723,-0.78953,0.875506
95,G1,48.9994,26,1325.64,0.748548,-0.184426,0.856447
95,G1,48.9994,27,1375.43,0.628717,-0.260698,0.914873
95,G1,48.9994,28,1425.23,0.665032,-0.485008,0.846853
95,G1,48.9994,29,1475.02,0.565281,-0.964347,0.865389
95,G1,48.9994,32,1658.06,0.471034,0.169813,0.968639
95,G1,48.9994,33,1713.24,0.435318,1.49259,0.931092
95,G1,48.9994,34,1767.07,0.568387,2.12449,0.946319
95,G1,48.9994,35,1819.56,0.484615,2.44732,0.950491
95,G1,48.9994,36,1874.73,0.503676,1.87935,0.945778
95,G1,48.9994,37,1928.57,0.543866,2.85548,0.944178
95,G1,48.9994,38,1983.75,0.489138,1.98913,0.979337
95,G1,48.9994,39,2038.93,0.550906,1.12243,0.969915
95,G1,48.9994,41,2177.55,0.789851,-0.728102,0.936971
95,G1,48.9994,43,2279.83,0.719118,-1.55619,0.914069
95,G1,48.9994,45,2431.91,0.775633,0.953233,0.951869
95,G1,48.9994,46,2488.43,0.692229,0.931244,0.939872
95,G1,48.9994,48,2604.17,0.83511,-0.0433774,0.969764
95,G1,48.9994,49,2664.73,0.728477,-1.10508,0.927827
95,G1,48.9994,50,2725.3,1.0216,0.0522049,0.998294
95,G1,48.9994,54,3002.54,1.5111,-1.23477,0.886491
95,G1,48.9994,55,3083.29,1.40753,-1.28026,0.921355
95,G1,48.9994,56,3146.54,1.27946,0.127593,0.920188
95,G1,48.9994,57,3207.1,1.11932,0.0107876,0.961078
95,G1,48.9994,58,3271.7,1.25194,-0.626479,0.963359
95,G1,48.9994,59,3361.87,1.26393,-0.101064,0.961677
95,G1,48.9994,60,3426.47,1.37987,-3.40787,0.809655
95,G1,48.9994,62,3587.97,1.49747,-0.365138,0.937907
95,G1,48.9994,63,3657.95,1.3284,-1.84976,0.92196
95,G1,48.9994,64,3719.86,2.15808,-1.00818,0.954289
95,G1,48.9994,65,3801.96,1.90569,0.0806293,0.866787
95,G1,48.9994,66,3859.83,1.70886,-0.115144,0.914988
95,G1,48.9994,67,3966.15,2.18456,-1.99006,0.92059
95,G1,48.9994,68,4032.09,1.95567,0.247664,0.962528
95,G1,48.9994,70,4196.28,3.05751,-2.13884,0.973577
95,G1,48.9994,71,4260.88,2.59594,-0.695183,0.97489
95,G1,48.9994,72,4336.25,3.16461,-0.0331509,0.901385
95,G1,48.9994,74,4521.97,2.67851,-2.47983,0.937285
95,G1,48.9994,75,4578.5,1.851,-4.02807,0.853603
95,G1,48.9994,76,4687.51,3.40797,-0.718309,0.925237
95,G1,48.9994,77,4760.18,3.26456,-0.298691,0.901388
95,G1,48.9994,78,4834.2,3.74661,-0.787714,0.938068
95,G1,48.9994,82,5208.34,4.92154,-1.61636,0.968714
95,G1,48.9994,83,5294.48,4.50385,-0.421946,0.882034
95,G1,48.9994,84,5377.92,5.66814,-0.125146,0.961282
95,G1,48.9994,85,5450.59,3.72207,-0.66749,0.906137
95,G1,48.9994,96,6513.79,6.01597,-2.49702,0.912132
95,Ds2,77.7817,1,78.0579,0.377866,5.13297,0.935493
95,Ds2,77.7817,2,154.77,0.226964,3.13579,0.724813
95,Ds2,77.7817,3,232.828,0.232672,3.1689,0.814328
95,Ds2,77.7817,4,310.886,0.165723,4.10722,0.641802
95,Ds2,77.7817,5,388.943,0.18423,3.9567,0.569311
95,Ds2,77.7817,6,467.001,0.166204,2.53089,0.65048
95,Ds2,77.7817,7,545.059,0.281801,3.1938,0.875903
95,Ds2,77.7817,8,623.117,0.228513,1.82777,0.776849
95,Ds2,77.7817,10,779.233,0.208894,2.8521,0.716059
95,Ds2,77.7817,11,857.291,0.250889,3.39438,0.772206
95,Ds2,77.7817,12,936.694,0.266725,2.34622,0.86637
95,Ds2,77.7817,13,1014.75,0.265365,2.97581,0.853965
95,Ds2,77.7817,14,1094.16,0.245859,2.64782,0.765563
95,Ds2,77.7817,15,1173.56,0.398414,3.02553,0.875507
95,Ds2,77.7817,16,1251.62,0.320756,1.11892,0.787686
95,Ds2,77.7817,17,1332.37,0.560903,1.86309,0.931783
95,Ds2,77.7817,18,1411.77,0.299578,2.59021,0.87192
95,Ds2,77.7817,19,1492.52,0.345602,1.89959,0.877202
95,Ds2,77.7817,20,1574.62,0.325089,2.01629,0.900849
95,Ds2,77.7817,27,2186.97,0.749587,-1.82429,0.907589
95,Ds2,77.7817,36,2987.73,0.616556,-0.316479,0.976789
95,Ds2,77.7817,37,3077.9,0.581936,1.87957,0.977488
95,Ds2,77.7817,38,3162.69,0.597147,1.13283,0.971695
95,Ds2,77.7817,39,3252.86,0.685528,-0.218818,0.970109
95,Ds2,77.7817,40,3341.68,1.00967,-1.02957,0.78236
95,Ds2,77.7817,41,3433.2,1.17365,-0.623667,0.809296
95,Ds2,77.7817,42,3547.6,1.73401,-2.3083,0.846797
95,Ds2,77.7817,43,3628.34,1.89492,-1.48183,0.813449
95,Ds2,77.7817,49,4255.5,1.11608,-1.06644,0.946275
95,Ds2,77.7817,50,4352.4,1.93167,-0.83654,0.9116
95,Ds2,77.7817,51,4447.95,1.61291,-0.463761,0.884657
95,Ds2,77.7817,52,4547.54,1.33491,-2.03885,0.905653
95,Ds2,77.7817,59,5344.27,2.64575,-1.30747,0.82886
95,Ds2,77.7817,60,5437.13,3.4462,-1.40761,0.94624
95,Ds2,77.7817,61,5550.18,2.17826,-1.04553,0.909933
95,Ds2,77.7817,66,6149.08,2.91841,-2.87752,0.895644
95,Ds2,77.7817,67,6282.31,4.03324,-2.46035,0.944682
95,Ds2,77.7817,69,6507.06,5.08536,-1.36984,0.952134
95,C4,261.626,1,261.09,0.390223,5.01824,0.804173
95,C4,261.626,2,523.526,0.414429,3.06333,0.899279
95,C4,261.626,3,784.616,0.30173,3.38561,0.591483
95,C4,261.626,4,1048.4,0.354813,3.09178,0.686874
95,C4,261.626,5,1313.53,0.470979,3.14283,0.841886
95,C4,261.626,6,1578.65,0.507208,2.73771,0.924413
95,C4,261.626,7,1846.47,0.591566,2.42437,0.887578
95,C4,261.626,22,6550.13,6.50996,-1.00476,0.930395
95,C4,261.626,23,6889.28,5.28403,-1.20695,0.897852
95,B1,61.7354,1,61.908,0.277384,1.62266,0.86593
95,B1,61.7354,2,123.816,0.306054,5.17586,0.916938
95,B1,61.7354,3,184.378,0.31751,4.71219,0.89371
95,B1,61.7354,4,246.286,0.209847,2.74446,0.72701
95,B1,61.7354,5,308.194,0.221912,4.31637,0.767879
95,B1,61.7354,6,370.102,0.16048,3.9522,0.569509
95,B1,61.7354,8,493.918,0.12069,1.61391,0.502373
95,B1,61.7354,9,555.826,0.1979,3.17183,0.760656
95,B1,61.7354,10,617.734,0.215125,3.07104,0.857902
95,B1,61.7354,12,742.896,0.178392,2.81396,0.717524
95,B1,61.7354,13,804.803,0.2505,3.07946,0.695844
95,B1,61.7354,14,866.711,0.19374,3.30946,0.74293
95,B1,61.7354,15,929.965,0.214987,3.11738,0.685276
95,B1,61.7354,16,993.219,0.236755,1.54661,0.825555
95,B1,61.7354,17,1056.47,0.275255,2.11232,0.877755
95,B1,61.7354,18,1119.73,0.231819,2.20555,0.821234
95,B1,61.7354,19,1182.98,0.315914,2.58268,0.894083
95,B1,61.7354,20,1247.58,0.282237,2.19778,0.793108
95,B1,61.7354,21,1312.18,0.38302,2.84708,0.958545
95,B1,61.7354,27,1734.77,0.495754,-1.27754,0.963277
95,B1,61.7354,34,2227.34,0.433043,1.11424,0.945108
95,B1,61.7354,35,2295.98,0.466335,1.70179,0.965982
95,B1,61.7354,36,2364.61,0.505964,1.20733,0.964507
95,B1,61.7354,37,2433.25,0.563103,1.83883,0.932692
95,B1,61.7354,38,2503.23,0.622529,2.10945,0.980268
95,B1,61.7354,39,2571.87,0.557113,0.414933,0.953281
95,B1,61.7354,46,3139.81,0.782226,-0.688645,0.92781
95,B1,61.7354,48,3287.85,0.794534,-0.490524,0.969567
95,B1,61.7354,49,3365.91,0.75591,-0.320951,0.907477
95,B1,61.7354,50,3437.24,0.812558,-0.351889,0.958955
95,B1,61.7354,51,3524.72,1.33492,-2.05732,0.847207
95,B1,61.7354,54,3788.5,1.64601,-1.68073,0.906048
95,B1,61.7354,56,3972.88,0.975649,-0.762302,0.958664
95,B1,61.7354,57,4054.97,1.07451,-1.48215,0.961278
95,B1,61.7354,58,4130.34,1.09063,-0.35957,0.953679
95,B1,61.7354,59,4225.89,1.19929,0.817169,0.97742
95,B1,61.7354,63,4612.14,1.66011,-1.04421,0.960313
95,B1,61.7354,64,4700.97,2.25628,-0.75793,0.942234
95,B1,61.7354,65,4783.06,1.92034,-1.00892,0.881152
95,B1,61.7354,66,4873.23,1.60669,-0.630022,0.959872
95,B1,61.7354,68,5069.72,1.72457,0.674022,0.959336
95,B1,61.7354,70,5291.78,2.63417,-2.20144,0.928293
95,B1,61.7354,71,5379.26,2.82247,-0.406491,0.915747
95,B1,61.7354,72,5468.09,3.13488,-0.590958,0.927998
95,B1,61.7354,73,5570.37,2.88591,-1.35344,0.841752
95,B1,61.7354,80,6309.23,3.96919,-1.61601,0.849656
95,B1,61.7354,91,7605.26,4.41565,-1.22665,0.815216
95,As0,29.1352,1,28.2623,0.205777,1.48331,0.886362
95,As0,29.1352,2,57.8705,0.245845,4.10569,0.943707
95,As0,29.1352,3,86.1328,0.19956,5.86184,0.912872
95,As0,29.1352,4,115.741,0.18361,5.78251,0.877308
95,As0,29.1352,5,145.349,0.168494,5.24725,0.860489
95,As0,29.1352,8,232.828,0.153485,2.02516,0.8406
95,As0,29.1352,9,261.09,0.145385,4.09393,0.725599
95,As0,29.1352,10,290.698,0.136096,2.50941,0.542662
95,As0,29.1352,11,320.306,0.123571,4.4193,0.652432
95,As0,29.1352,12,349.915,0.120694,4.44201,0.569048
95,As0,29.1352,13,380.869,0.180514,4.92019,0.881998
95,As0,29.1352,14,410.477,0.159122,3.95261,0.658797
95,As0,29.1352,15,440.085,0.190553,3.7704,0.892918
95,As0,29.1352,16,471.039,0.17948,1.66104,0.697841
95,As0,29.1352,17,501.993,0.16333,2.78963,0.774559
95,As0,29.1352,18,532.947,0.217916,3.9641,0.938107
95,As0,29.1352,19,563.901,0.195414,2.24863,0.864488
95,As0,29.1352,20,594.855,0.281399,3.33229,0.915857
95,As0,29.1352,21,625.809,0.23685,4.10019,0.935413
95,As0,29.1352,22,658.109,0.241072,4.61332,0.946864
95,As0,29.1352,23,690.408,0.245713,1.69076,0.926661
95,As0,29.1352,24,721.362,0.227316,0.00286253,0.918269
95,As0,29.1352,25,753.662,0.246969,1.49294,0.93369
95,As0,29.1352,26,787.308,0.26311,2.32664,0.917747
95,As0,29.1352,27,820.953,0.290709,3.21871,0.960206
95,As0,29.1352,28,853.253,0.297321,3.77329,0.961952
95,As0,29.1352,29,886.899,0.360283,3.53211,0.993139
95,As0,29.1352,30,921.89,0.323353,3.36357,0.973515
95,As0,29.1352,31,955.536,0.358262,2.66677,0.977309
95,As0,29.1352,32,990.527,0.451539,1.14585,0.968432
95,As0,29.1352,34,1033.59,0.919096,-0.725112,0.994916
95,As0,29.1352,36,1126.46,0.790447,0.0256204,0.984117
95,As0,29.1352,37,1157.41,0.988155,1.13154,0.999985
95,As0,29.1352,38,1188.36,1.02617,1.51098,0.999984
95,As0,29.1352,39,1207.21,0.562376,2.29138,0.976403
95,As0,29.1352,40,1244.89,0.701112,2.02679,0.959455
95,As0,29.1352,41,1282.57,0.655311,1.34929,0.98323
95,As0,29.1352,42,1320.25,0.712167,1.98184,0.955772
95,As0,29.1352,43,1359.28,0.804781,2.52208,0.958386
95,As0,29.1352,44,1398.31,0.789111,2.83705,0.998822
95,As0,29.1352,45,1437.34,0.84946,2.59977,0.988864
95,As0,29.1352,46,1477.72,1.05428,1.7249,0.961972
95,As0,29.1352,47,1518.09,0.946433,2.27715,0.967466
95,As0,29.1352,48,1559.81,0.949627,2.43854,0.980929
95,As0,29.1352,49,1600.19,1.68916,2.41788,0.9922
95,As0,29.1352,50,1640.56,1.29032,1.36867,0.998331
95,As0,29.1352,51,1674.21,1.25884,-0.09448,0.999946
95,As0,29.1352,52,1707.85,1.26465,0.46831,0.999985
95,As0,29.1352,53,1741.5,1.30429,-0.855923,0.999967
95,As0,29.1352,55,1816.86,1.42058,2.88314,0.995754
95,As0,29.1352,56,1859.93,1.49333,2.03615,0.963764
95,As0,29.1352,57,1904.34,1.85047,2.39675,0.978188
95,As0,29.1352,58,1950.1,1.63083,1.94127,0.928783
95,As0,29.1352,59,1995.86,1.58431,0.951695,0.968413
95,As0,29.1352,60,2042.96,1.80817,-0.00753733,0.976526
95,As0,29.1352,61,2088.72,2.38061,0.0759575,0.991807
95,As0,29.1352,62,2135.82,1.85172,1.18601,0.975708
95,As0,29.1352,68,2382.11,2.17715,1.38964,0.969095
95,As0,29.1352,69,2433.25,2.21347,0.377244,0.989024
95,As0,29.1352,70,2485.74,1.81877,-0.211506,0.992497
95,As0,29.1352,71,2535.53,2.28869,-0.329947,0.96836
95,As0,29.1352,72,2588.02,2.70961,1.90885,0.995541
95,As0,29.1352,73,2643.2,2.71134,1.39742,0.994076
95,As0,29.1352,74,2693,2.61811,1.65923,0.998048
95,As0,29.1352,75,2718.57,1.89728,-0.605988,0.987661
95,As0,29.1352,76,2793.93,2.86126,0.880731,0.95305
95,As0,29.1352,81,3030.8,3.84372,1.22323,0.966481
95,As0,29.1352,82,3084.63,3.70141,1.07439,0.985875
95,As0,29.1352,83,3146.54,4.28391,0.258448,0.976566
95,As0,29.1352,84,3205.76,3.98808,-0.909626,0.974199
95,As0,29.1352,85,3262.28,4.28548,-0.151791,0.963992
95,As0,29.1352,88,3413.01,2.38588,-5.02081,0.832807
95,As0,29.1352,89,3457.42,4.16404,-1.58602,0.913659
95,As0,29.1352,90,3540.87,5.10297,-0.987058,0.893805
95,As0,29.1352,91,3571.82,5.70789,-0.163871,0.968414
95,As0,29.1352,92,3629.69,4.58597,-2.02023,0.923279
95,As0,29.1352,93,3695.64,5.83881,-1.62084,0.981141
95,As0,29.1352,94,3764.27,5.90663,-1.0729,0.928543
95,As0,29.1352,95,3808.69,5.33849,-0.513229,0.923752
95,As0,29.1352,96,3892.13,6.04601,-1.3383,0.983995
95,D5,587.33,1,586.78,0.531225,4.1525,0.783166
95,D5,587.33,2,1177.6,0.678576,3.25365,0.863547
95,D5,587.33,3,1771.11,0.890063,2.45363,0.962188
95,D5,587.33,4,2372.69,1.2514,1.77888,0.959344
95,D5,587.33,5,2983.69,1.66546,1.54945,0.996852
95,D5,587.33,6,3604.12,2.41302,0.227781,0.983629
95,D5,587.33,7,4239.35,3.37996,0.368811,0.961845
95,D5,587.33,8,4888.04,4.55961,-0.813822,0.954958
95,D5,587.33,9,5552.88,8.05481,-0.759083,0.982969
95,As7,3729.31,1,3719.86,3.55682,-1.90597,0.996963
95,As7,3729.31,2,7504.32,12.2301,-6.37608,0.960781
95,B6,1975.53,1,1989.13,2.33006,3.88606,0.994921
95,C3,130.813,1,130.545,0.356746,4.72137,0.919277
95,C3,130.813,2,261.09,0.282462,3.41613,0.862023
95,C3,130.813,3,391.635,0.284338,2.78831,0.87621
95,C3,130.813,4,523.526,0.46832,4.53425,0.939999
95,C3,130.813,5,654.071,0.296208,3.9668,0.818387
95,C3,130.813,7,917.853,0.254884,2.29521,0.61799
95,C3,130.813,8,1049.74,0.434801,1.00751,0.896324
95,C3,130.813,9,1181.63,0.458601,2.96415,0.877296
95,C3,130.813,10,1314.87,0.334716,2.40822,0.775168
95,C3,130.813,11,1448.11,0.498609,2.65269,0.913746
95,C3,130.813,12,1585.38,0.355319,2.90346,0.767232
95,C3,130.813,25,3530.1,1.31572,0.112294,0.944338
95,C3,130.813,26,3675.45,1.16253,0.929057,0.966562
95,C3,130.813,27,3826.18,1.04732,-1.12261,0.810237
95,C3,130.813,34,5049.54,2.35421,-0.576341,0.943264
95,C3,130.813,40,6198.87,3.03878,-1.73343,0.886756
95,Ds5,622.254,2,1247.58,0.622069,2.87856,0.819679
95,Ds5,622.254,3,1877.43,0.95975,2.3034,0.940402
95,Ds5,622.254,4,2516.69,1.30984,0.758342,0.942977
95,Ds5,622.254,5,3165.38,2.15673,0.990603,0.976254
95,Ds5,622.254,6,3827.53,2.66835,0.386343,0.941723
95,D2,73.4162,1,72.6746,0.238281,3.74199,0.716966
95,D2,73.4162,2,146.695,0.184441,4.13622,0.722798
95,D2,73.4162,3,219.37,0.210233,2.54903,0.659967
95,D2,73.4162,7,514.105,0.191217,2.92531,0.581111
95,D2,73.4162,8,588.126,0.199906,0.97095,0.538082
95,D2,73.4162,9,660.8,0.197669,4.08051,0.702168
95,D2,73.4162,10,734.821,0.236956,3.79396,0.760593
95,D2,73.4162,11,808.841,0.155627,1.82692,0.528264
95,D2,73.4162,12,882.861,0.227516,2.0265,0.739072
95,D2,73.4162,13,956.882,0.270532,3.31145,0.854241
95,D2,73.4162,14,1032.25,0.24,2.84194,0.713539
95,D2,73.4162,15,1106.27,0.23058,2.01616,0.745626
95,D2,73.4162,16,1181.63,0.389847,2.36186,0.900335
95,D2,73.4162,17,1255.65,0.317908,2.62048,0.881294
95,D2,73.4162,18,1331.02,0.436525,2.12909,0.895407
95,D2,73.4162,19,1407.73,0.363209,2.33236,0.961742
95,D2,73.4162,20,1485.79,0.314267,1.64448,0.922398
95,D2,73.4162,27,2063.15,0.717602,-1.31474,0.888286
95,D2,73.4162,28,2138.52,0.803771,-1.74434,0.924671
95,D2,73.4162,35,2733.37,0.557218,1.1308,0.962911
95,D2,73.4162,36,2814.12,0.613383,0.773072,0.951282
95,D2,73.4162,37,2897.56,0.54667,1.51512,0.961882
95,D2,73.4162,38,2978.31,0.613952,1.13749,0.974335
95,D2,73.4162,39,3061.75,0.680682,0.212098,0.969399
95,D2,73.4162,42,3344.38,1.99693,-1.63642,0.88543
95,D2,73.4162,43,3422.43,2.64543,-1.85278,0.924491
95,D2,73.4162,47,3827.53,0.861506,-5.0755,0.744512
95,D2,73.4162,48,3917.7,1.24786,-1.16123,0.815305
95,D2,73.4162,49,4002.48,1.03877,0.267835,0.960864
95,D2,73.4162,50,4092.65,1.46359,-0.458923,0.892253
95,D2,73.4162,51,4194.94,0.937224,-4.84195,0.729364
95,D2,73.4162,54,4507.17,2.15488,-2.00659,0.9468
95,D2,73.4162,56,4726.54,2.17834,-0.879984,0.893312
95,D2,73.4162,57,4824.78,1.50489,-1.33157,0.938469
95,D2,73.4162,58,4916.3,1.80838,-0.506186,0.926298
95,D2,73.4162,59,5019.93,2.02546,-0.996274,0.91641
95,D2,73.4162,64,5593.25,3.23393,-1.61095,0.934218
95,D2,73.4162,65,5692.84,3.53367,-2.07503,0.947506
95,D2,73.4162,66,5792.43,3.3517,-1.3761,0.868633
95,D2,73.4162,76,7005.02,2.87296,-5.45683,0.771339
95,E7,2637.02,1,2658,3.69231,2.77538,0.995896
95,Ds4,311.127,1,310.886,0.472788,4.7666,0.749725
95,Ds4,311.127,2,621.771,0.252505,3.47756,0.65073
95,Ds4,311.127,3,934.003,0.435116,3.20337,0.812008
95,Ds4,311.127,4,1247.58,0.311402,1.51406,0.557575
95,Ds4,311.127,5,1563.85,0.436496,2.33574,0.890315
95,Ds4,311.127,6,1881.46,0.55543,2.54939,0.866071
95,Ds4,311.127,7,2200.42,0.556715,0.264933,0.922554
95,Ds4,311.127,8,2524.77,0.773264,0.768054,0.922758
95,Ds4,311.127,9,2854.5,0.946969,1.46745,0.925433
95,C2,65.4064,1,65.9454,0.260106,1.36462,0.895005
95,C2,65.4064,2,130.545,0.260762,5.16472,0.91349
95,C2,65.4064,3,196.49,0.19355,4.48613,0.873483
95,C2,65.4064,4,261.09,0.299453,3.14029,0.866191
95,C2,65.4064,5,327.036,0.202906,4.31811,0.795472
95,C2,65.4064,6,391.635,0.204512,4.04979,0.808856
95,C2,65.4064,7,457.581,0.231761,2.95618,0.822517
95,C2,65.4064,8,523.526,0.220892,1.70748,0.576647
95,C2,65.4064,9,588.126,0.14467,1.21876,0.523525
95,C2,65.4064,10,654.071,0.172695,3.25434,0.585384
95,C2,65.4064,11,720.016,0.29417,4.59634,0.927747
95,C2,65.4064,12,785.962,0.201529,3.3427,0.719527
95,C2,65.4064,13,851.907,0.162859,2.57123,0.696402
95,C2,65.4064,14,917.853,0.217818,3.31874,0.807383
95,C2,65.4064,15,985.144,0.216358,2.59711,0.767005
95,C2,65.4064,16,1051.09,0.301723,1.65861,0.807062
95,C2,65.4064,17,1117.03,0.222752,2.55793,0.738289
95,C2,65.4064,18,1184.33,0.266385,1.73275,0.817893
95,C2,65.4064,19,1252.96,0.265633,1.42748,0.758333
95,C2,65.4064,20,1321.6,0.318303,1.67583,0.785429
95,C2,65.4064,33,2283.87,0.462981,0.244698,0.93435
95,C2,65.4064,34,2356.54,0.505524,0.78062,0.951667
95,C2,65.4064,35,2426.52,0.54835,1.33963,0.954664
95,C2,65.4064,36,2499.2,0.566033,1.75653,0.966265
95,C2,65.4064,37,2570.53,0.56491,1.19014,0.944495
95,C2,65.4064,38,2645.89,0.630477,2.00943,0.916418
95,C2,65.4064,45,3236.71,0.697572,-0.724976,0.963474
95,C2,65.4064,46,3313.42,0.99401,-1.19221,0.8267
95,C2,65.4064,50,3659.3,0.718264,-6.10876,0.532442
95,C2,65.4064,53,3936.54,1.72285,-2.59856,0.86382
95,C2,65.4064,54,4005.18,1.82681,-1.16764,0.900382
95,C2,65.4064,55,4100.73,1.3795,-1.14895,0.821229
95,C2,65.4064,56,4182.82,1.00424,-0.676348,0.931153
95,C2,65.4064,58,4392.77,1.56337,0.681585,0.943544
95,C2,65.4064,60,4591.96,1.86942,-0.824155,0.915549
95,C2,65.4064,61,4679.43,1.83789,-2.51049,0.8996
95,C2,65.4064,62,4764.22,2.02695,-2.1941,0.918674
95,C2,65.4064,67,5270.25,1.56087,-0.477467,0.939343
95,C2,65.4064,68,5373.88,2.8834,-1.51746,0.911807
95,C2,65.4064,69,5468.09,3.32068,-1.56006,0.910691
95,C2,65.4064,73,5917.59,3.84497,-1.13199,0.938856
95,C2,65.4064,79,6589.16,2.89606,-4.19669,0.836414
95,C2,65.4064,80,6692.79,3.41149,-3.20392,0.847287
95,C2,65.4064,85,7282.26,3.11253,-4.76255,0.77635
95,C2,65.4064,90,7906.72,4.36297,-1.91695,0.809356
95,B7,3951.07,1,3960.76,3.82912,-1.99469,0.989941
95,B7,3951.07,2,7959.21,8.85146,-10.4057,0.686311
95,As6,1864.66,1,1872.04,1.81922,3.46669,0.986234
95,As6,1864.66,2,3781.77,3.69106,-0.723605,0.999928
95,E6,1318.51,1,1321.6,1.44804,4.17159,0.920708
95,E6,1318.51,2,2662.04,2.35346,1.90014,0.988421
95,E6,1318.51,3,4018.63,3.52666,-3.44547,0.987727
95,D3,146.832,1,146.695,0.337525,4.54815,0.909093
95,D3,146.832,3,440.085,0.177654,3.47368,0.57131
95,D3,146.832,5,734.821,0.229443,3.54482,0.648152
95,D3,146.832,6,882.861,0.36041,4.31195,0.898947
95,D3,146.832,7,1030.9,0.371471,3.43502,0.87704
95,D3,146.832,8,1178.94,0.386,1.82867,0.806273
95,D3,146.832,9,1328.33,0.394933,3.52299,0.88361
95,D3,146.832,10,1479.06,0.400071,3.22087,0.825489
95,D3,146.832,11,1627.1,0.384257,2.40648,0.852112
95,D3,146.832,12,1781.87,0.439898,2.80511,0.86794
95,D3,146.832,22,3406.28,1.41792,-3.58444,0.766394
95,D3,146.832,28,4504.48,1.82792,-0.0573887,0.890936
95,D3,146.832,29,4678.09,1.77857,0.659241,0.936766
95,D3,146.832,38,6511.1,3.44657,-0.59939,0.898811
95,D3,146.832,45,8122.06,5.88527,-3.31169,0.904857
95,As1,58.2705,1,57.8705,0.286025,2.37366,0.867837
95,As1,58.2705,2,115.741,0.193231,4.42038,0.767858
95,As1,58.2705,3,174.957,0.249697,3.73122,0.78706
95,As1,58.2705,4,232.828,0.233233,3.63603,0.910561
95,As1,58.2705,5,290.698,0.285748,2.89659,0.877481
95,As1,58.2705,7,407.785,0.272988,3.91978,0.882436
95,As1,58.2705,8,465.656,0.154416,1.11343,0.650495
95,As1,58.2705,9,524.872,0.22216,3.92045,0.721353
95,As1,58.2705,10,582.742,0.135212,2.33526,0.562555
95,As1,58.2705,11,640.613,0.148656,3.26521,0.627608
95,As1,58.2705,12,699.829,0.202797,3.49768,0.641502
95,As1,58.2705,13,757.7,0.181736,3.03909,0.677483
95,As1,58.2705,14,816.916,0.227996,3.27056,0.766683
95,As1,58.2705,15,876.132,0.16834,3.4309,0.561632
95,As1,58.2705,16,935.349,0.228746,1.85637,0.737399
95,As1,58.2705,17,994.565,0.201547,2.52647,0.762407
95,As1,58.2705,18,1053.78,0.229104,2.6524,0.712384
95,As1,58.2705,19,1114.34,0.307182,3.64236,0.846998
95,As1,58.2705,20,1176.25,0.327526,2.87702,0.911139
95,As1,58.2705,26,1575.96,0.513829,-1.92757,0.901343
95,As1,58.2705,28,1693.05,0.494673,-1.58095,0.919596
95,As1,58.2705,30,1837.05,0.373917,2.62482,0.938637
95,As1,58.2705,31,1898.96,0.428859,1.44427,0.926785
95,As1,58.2705,32,1960.87,0.403377,0.707423,0.950676
95,As1,58.2705,33,2022.78,0.416159,0.826609,0.956949
95,As1,58.2705,34,2084.68,0.440414,0.945541,0.939943
95,As1,58.2705,35,2149.28,0.425805,1.55393,0.934565
95,As1,58.2705,36,2224.65,0.567667,-1.8312,0.904485
95,As1,58.2705,37,2302.71,6.95313,0.777846,0.994725
95,As1,58.2705,40,2523.42,0.575555,-0.318804,0.930043
95,As1,58.2705,41,2590.71,0.564957,0.986299,0.946237
95,As1,58.2705,42,2658,0.553765,1.66682,0.949424
95,As1,58.2705,43,2719.91,0.560159,1.82113,0.977809
95,As1,58.2705,44,2788.55,0.577335,0.670077,0.974413
95,As1,58.2705,48,3115.59,0.6523,0.844979,0.973584
95,As1,58.2705,49,3184.22,0.720506,-0.153404,0.985012
95,As1,58.2705,50,3250.17,0.745831,-0.51157,0.945259
95,As1,58.2705,51,3322.84,0.950067,-0.832037,0.870293
95,As1,58.2705,52,3427.82,1.02071,-0.795162,0.889302
95,As1,58.2705,53,3489.72,1.03792,-1.25147,0.866616
95,As1,58.2705,55,3663.34,0.857882,0.134864,0.976544
95,As1,58.2705,56,3734.67,0.944156,-0.273874,0.972568
95,As1,58.2705,57,3832.91,1.2276,0.574848,0.981428
95,As1,58.2705,60,4089.96,0.967627,-4.5711,0.789281
95,As1,58.2705,61,4162.64,1.07755,-2.01475,0.879855
95,As1,58.2705,62,4239.35,1.64722,-0.555506,0.857815
95,As1,58.2705,64,4419.69,1.31536,-4.41984,0.826568
95,As1,58.2705,65,4530.05,1.25259,-2.18141,0.928001
95,As1,58.2705,66,4604.07,1.95108,0.00481018,0.975488
95,As1,58.2705,67,4686.16,1.33933,-3.9877,0.850581
95,As1,58.2705,69,4900.15,1.77856,-0.978575,0.893392
95,As1,58.2705,70,4979.55,2.05836,-0.70206,0.945661
95,As1,58.2705,71,5069.72,2.18953,-0.0672555,0.894977
95,As1,58.2705,74,5367.15,3.03945,-0.992067,0.935938
95,As1,58.2705,76,5547.49,3.10088,-1.73457,0.913409
95,As1,58.2705,78,5773.59,3.55794,-2.28737,0.908417
95,As1,58.2705,79,5855.69,3.59816,-1.23099,0.938636
95,As1,58.2705,80,5957.97,2.53652,-0.409855,0.946836
95,As1,58.2705,83,6274.24,3.87888,-2.62978,0.947486
95,As1,58.2705,88,6816.6,3.56325,-1.77988,0.909308
95,B0,30.8677,1,30.954,0.23323,2.00479,0.971001
95,B0,30.8677,2,61.908,0.221695,3.59705,0.9409
95,B0,30.8677,3,91.5161,0.180996,5.57174,0.883643
95,B0,30.8677,4,122.47,0.16357,5.41565,0.762788
95,B0,30.8677,5,153.424,0.149818,4.25881,0.804358
95,B0,30.8677,6,184.378,0.139692,4.89052,0.63509
95,B0,30.8677,10,308.194,0.100162,4.34914,0.507855
95,B0,30.8677,11,339.148,0.124788,3.94651,0.671507
95,B0,30.8677,12,371.448,0.116453,4.81646,0.525903
95,B0,30.8677,13,402.402,0.143546,4.25979,0.645193
95,B0,30.8677,14,433.356,0.143212,3.96237,0.705896
95,B0,30.8677,15,465.656,0.161651,1.77392,0.636005
95,B0,30.8677,16,497.955,0.15923,1.78278,0.813941
95,B0,30.8677,17,528.909,0.195116,3.41671,0.872737
95,B0,30.8677,18,561.209,0.178985,2.59072,0.834076
95,B0,30.8677,19,593.509,0.209361,3.75111,0.871303
95,B0,30.8677,20,625.809,0.196325,3.37783,0.876104
95,B0,30.8677,21,659.454,0.201264,4.52331,0.854958
95,B0,30.8677,22,693.1,0.216583,3.46883,0.841583
95,B0,30.8677,23,725.4,0.221544,2.6608,0.879236
95,B0,30.8677,24,772.504,0.602774,1.42798,0.999989
95,B0,30.8677,25,804.803,0.644594,1.24306,0.999945
95,B0,30.8677,26,826.337,0.253678,3.56338,0.950613
95,B0,30.8677,27,861.328,0.266188,4.04443,0.919264
95,B0,30.8677,28,894.974,0.276386,2.92584,0.940311
95,B0,30.8677,29,929.965,0.319977,3.05834,0.951365
95,B0,30.8677,30,964.957,0.385462,4.04217,0.995447
95,B0,30.8677,31,999.948,0.423669,2.72999,0.955054
95,B0,30.8677,32,1034.94,0.360198,2.4657,0.992718
95,B0,30.8677,33,1071.28,0.400679,0.614063,0.966456
95,B0,30.8677,34,1108.96,0.43503,2.86973,0.994621
95,B0,30.8677,35,1143.95,0.478308,3.38283,0.990582
95,B0,30.8677,36,1181.63,0.551912,2.67588,0.964391
95,B0,30.8677,37,1217.97,0.518793,3.20892,0.976438
95,B0,30.8677,38,1255.65,0.611312,3.1245,0.988157
95,B0,30.8677,39,1293.34,0.55682,3.15848,0.975056
95,B0,30.8677,40,1331.02,0.620517,0.978462,0.980959
95,B0,30.8677,41,1370.05,0.663493,1.67569,0.989769
95,B0,30.8677,42,1410.42,0.643693,2.07745,0.9884
95,B0,30.8677,43,1449.45,0.682998,2.81125,0.985176
95,B0,30.8677,44,1488.48,0.679445,1.12211,0.969645
95,B0,30.8677,45,1528.86,0.778099,1.73541,0.940054
95,B0,30.8677,46,1569.23,0.825834,2.95383,0.982094
95,B0,30.8677,47,1608.26,0.848304,2.86865,0.998351
95,B0,30.8677,48,1651.33,0.820126,1.97102,0.984899
95,B0,30.8677,49,1693.05,0.860246,0.568118,0.999139
95,B0,30.8677,50,1734.77,0.96971,1.46903,0.988468
95,B0,30.8677,51,1776.49,1.02895,1.68556,0.979258
95,B0,30.8677,52,1820.9,1.15732,1.26339,0.963108
95,B0,30.8677,53,1863.97,1.12142,1.94307,0.923577
95,B0,30.8677,54,1907.03,1.24262,2.6558,0.97423
95,B0,30.8677,55,1950.1,1.30871,1.72426,0.999062
95,B0,30.8677,57,2036.23,1.28102,-0.955081,0.99807
95,B0,30.8677,64,2345.77,3.99212,0.957021,0.999756
95,B0,30.8677,69,2588.02,1.45424,-0.987288,0.997348
95,B0,30.8677,71,2674.15,2.01882,0.641536,0.994838
95,B0,30.8677,72,2726.64,1.871,0.0908119,0.994025
95,B0,30.8677,73,2777.78,2.06418,0.805682,0.983968
95,B0,30.8677,74,2831.62,2.16796,-0.105757,0.998405
95,B0,30.8677,75,2884.1,2.6918,-0.124883,0.998124
95,B0,30.8677,76,2936.59,2.07272,0.00382153,0.987335
95,B0,30.8677,77,2994.46,2.6894,-0.814122,0.982499
95,B0,30.8677,78,3046.95,2.74538,0.546984,0.975187
95,B0,30.8677,79,3102.13,2.83626,0.29192,0.983108
95,B0,30.8677,80,3161.34,3.43417,0.28907,0.982641
95,B0,30.8677,81,3217.87,3.24191,-0.208343,0.94378
95,B0,30.8677,82,3283.81,2.84106,1.24216,0.992821
95,B0,30.8677,83,3332.26,4.6258,0.417109,0.923359
95,B0,30.8677,84,3388.79,3.63811,-1.29156,0.871605
95,B0,30.8677,85,3450.7,4.16332,-0.245395,0.935606
95,B0,30.8677,86,3508.57,3.83206,-0.587086,0.902435
95,B0,30.8677,87,3571.82,3.86151,0.393668,0.963274
95,B0,30.8677,88,3631.04,5.24357,-1.60338,0.948191
95,B0,30.8677,89,3688.91,5.2418,-0.330984,0.935236
95,B0,30.8677,90,3750.81,4.96417,-1.01018,0.949627
95,B0,30.8677,92,3859.83,4.82088,-0.992255,0.945847
95,B0,30.8677,93,3905.58,4.65305,-2.01171,0.921768
95,B0,30.8677,94,3993.06,5.07698,-2.10958,0.925348
95,C5,523.251,1,523.526,0.605013,4.05127,0.649096
95,C5,523.251,3,1577.31,0.486791,1.92745,0.648188
95,C5,523.251,4,2110.25,0.771321,2.35975,0.855051
95,C5,523.251,5,2649.93,0.979315,0.101585,0.962587
95,C5,523.251,6,3199.03,1.5022,0.803777,0.976103
95,C5,523.251,7,3757.54,2.27359,0.0367799,0.947748
95,C5,523.251,8,4329.52,3.06988,-0.953082,0.951396
95,Ds3,155.563,1,156.116,0.270256,3.55382,0.504687
95,Ds3,155.563,2,310.886,0.236332,4.55004,0.564057
95,Ds3,155.563,3,467.001,0.183973,3.09629,0.572507
95,Ds3,155.563,4,621.771,0.193008,3.57904,0.556633
95,Ds3,155.563,5,777.887,0.275156,3.45089,0.76746
95,Ds3,155.563,6,935.349,0.309218,2.49723,0.691468
95,Ds3,155.563,7,1091.46,0.342664,3.1118,0.805852
95,Ds3,155.563,8,1248.93,0.319776,0.590384,0.766038
95,Ds3,155.563,9,1406.39,0.383138,2.57375,0.876105
95,Ds3,155.563,10,1565.19,0.334253,2.93749,0.777678
95,Ds3,155.563,11,1725.35,0.571989,3.00079,0.997288
95,Ds3,155.563,12,1888.19,0.64552,1.63523,0.894066
95,Ds3,155.563,22,3609.5,3.05636,-2.29188,0.753227
95,Ds3,155.563,27,4574.46,1.05142,-7.13461,0.781836
95,Ds3,155.563,28,4770.95,2.16796,-1.14737,0.962231
95,Ds3,155.563,29,4956.67,1.91547,-0.501389,0.940989
95,Ds3,155.563,35,6224.44,1.26863,-7.53606,0.693297
95,Ds3,155.563,38,6897.35,3.86876,-2.04758,0.881257
95,D4,293.665,1,293.39,0.406051,4.84714,0.901315
95,D4,293.665,4,1177.6,0.556838,2.9579,0.827206
95,D4,293.665,5,1475.02,0.571509,2.66155,0.906084
95,D4,293.665,6,1773.8,0.582029,2.29261,0.927249
95,D4,293.665,7,2075.26,0.601134,1.7252,0.889021
95,D4,293.665,8,2380.76,0.725896,1.21448,0.961637
95,D4,293.665,27,9498.83,10.8032,-2.61896,0.917622
95,E1,41.2034,1,40.3748,0.199497,3.66577,0.902811
95,E1,41.2034,2,82.0953,0.170561,6.57542,0.839567
95,E1,41.2034,3,122.47,0.164914,5.91076,0.830145
95,E1,41.2034,4,164.191,0.189034,3.60076,0.907657
95,E1,41.2034,6,246.286,0.141573,4.14864,0.752355
95,E1,41.2034,7,288.007,0.13941,4.33099,0.658703
95,E1,41.2034,8,328.381,0.153625,3.0821,0.785554
95,E1,41.2034,9,370.102,0.170081,4.82792,0.854071
95,E1,41.2034,11,453.543,0.130036,3.98456,0.658905
95,E1,41.2034,12,495.264,0.169632,4.94989,0.812533
95,E1,41.2034,13,536.984,0.206851,3.95135,0.881039
95,E1,41.2034,14,578.705,0.195454,3.14904,0.806261
95,E1,41.2034,15,620.425,0.213479,3.39514,0.877662
95,E1,41.2034,16,662.146,0.180719,2.56552,0.70976
95,E1,41.2034,17,705.212,0.200506,1.81731,0.892551
95,E1,41.2034,18,746.933,0.195297,2.82022,0.866397
95,E1,41.2034,19,789.999,0.264061,1.87407,0.962777
95,E1,41.2034,20,833.066,0.250077,2.57171,0.908324
95,E1,41.2034,21,874.786,0.263204,3.36867,0.937635
95,E1,41.2034,22,917.853,0.29884,4.07892,0.968524
95,E1,41.2034,23,962.265,0.30084,2.75251,0.951927
95,E1,41.2034,24,1005.33,0.329402,1.50883,0.939774
95,E1,41.2034,25,1049.74,0.342458,2.30491,0.987904
95,E1,41.2034,26,1094.16,0.340726,1.5477,0.964476
95,E1,41.2034,27,1156.06,1.58299,5.5617,0.99424
95,E1,41.2034,37,1637.87,0.689379,3.00184,0.926095
95,E1,41.2034,38,1687.66,0.805672,2.71231,0.989551
95,E1,41.2034,39,1733.42,0.712239,0.852222,0.881398
95,E1,41.2034,40,1783.22,0.734562,1.76478,0.971366
95,E1,41.2034,41,1831.67,0.736201,2.24387,0.949596
95,E1,41.2034,42,1880.12,0.90738,2.29411,0.999964
95,E1,41.2034,43,1928.57,0.820987,2.27543,0.969446
95,E1,41.2034,44,1978.36,0.838927,1.73742,0.99999
95,E1,41.2034,45,2028.16,0.870864,1.4844,0.994549
95,E1,41.2034,46,2079.3,0.921567,1.1655,0.989075
95,E1,41.2034,47,2130.44,1.05876,0.297264,0.994436
95,E1,41.2034,48,2181.58,1.01008,0.552349,0.983995
95,E1,41.2034,50,2310.78,2.8754,3.54803,0.986945
95,E1,41.2034,52,2407.68,1.26403,0.289872,0.999255
95,E1,41.2034,56,2656.66,1.33888,-0.0103693,0.976433
95,E1,41.2034,57,2713.18,1.32766,0.228736,0.97665
95,E1,41.2034,58,2768.36,1.23685,0.0693465,0.970505
95,E1,41.2034,59,2824.89,1.34251,0.7726,0.96961
95,E1,41.2034,60,2888.14,2.53492,3.76237,0.974204
95,E1,41.2034,61,2937.94,1.34861,1.13078,0.964005
95,E1,41.2034,62,2995.81,1.46296,-0.579762,0.966587
95,E1,41.2034,63,3055.02,2.27396,-0.953685,0.883196
95,E1,41.2034,64,3138.46,2.04653,-1.79121,0.880948
95,E1,41.2034,65,3185.57,1.80559,-1.30143,0.908449
95,E1,41.2034,67,3326.88,2.39183,-1.07523,0.925617
95,E1,41.2034,68,3375.33,2.25916,-0.950424,0.938582
95,E1,41.2034,69,3466.85,2.01321,1.6441,0.929133
95,E1,41.2034,70,3534.14,1.9951,-0.952557,0.920967
95,E1,41.2034,71,3596.04,2.15657,0.646461,0.989528
95,E1,41.2034,72,3660.64,2.44101,-0.829237,0.889787
95,E1,41.2034,73,3721.21,2.41859,-0.239231,0.947319
95,E1,41.2034,75,3850.41,2.59266,0.0334058,0.887715
95,E1,41.2034,77,4007.87,2.40376,-3.25856,0.88227
95,E1,41.2034,82,4384.7,3.57988,-0.84197,0.901555
95,E1,41.2034,83,4454.68,4.23335,-0.978486,0.917596
95,E1,41.2034,84,4521.97,4.90976,-0.581619,0.937422
95,E1,41.2034,85,4595.99,3.74396,-1.73288,0.821061
95,E1,41.2034,86,4667.32,4.66447,-0.130001,0.878344
95,E1,41.2034,95,5406.18,7.71181,-0.305057,0.940574
95,E1,41.2034,96,5482.89,6.71909,-2.35108,0.895572
95,D6,1174.66,1,1176.25,1.41784,4.27658,0.93057
95,D6,1174.66,2,2367.31,2.57302,2.33416,0.998742
95,D6,1174.66,3,3581.24,3.38173,0.513409,0.989341
95,E3,164.814,1,165.536,0.281571,3.96932,0.850687
95,E3,164.814,2,329.727,0.392566,5.13798,0.875166
95,E3,164.814,3,493.918,0.301179,2.55159,0.820585
95,E3,164.814,4,659.454,0.379352,4.0618,0.724609
95,E3,164.814,5,824.991,0.266049,3.06114,0.744079
95,E3,164.814,6,990.527,0.327485,2.15023,0.876414
95,E3,164.814,8,1324.29,0.455502,0.88284,0.882341
95,E3,164.814,9,1491.17,0.370462,3.09032,0.883479
95,E3,164.814,10,1659.4,0.353948,2.80109,0.863526
95,E3,164.814,11,1828.98,0.406781,-0.0850762,0.885374
95,E3,164.814,12,2001.24,0.407288,1.9098,0.913957
95,E3,164.814,22,3827.53,0.444701,-9.40892,0.405098
95,E3,164.814,30,5488.28,2.13673,0.162666,0.941132
95,E3,164.814,31,5688.8,2.48393,-1.69189,0.943597
95,E3,164.814,38,7298.41,6.60676,-0.33886,0.918841
95,Ds1,38.8909,1,39.0289,0.177257,2.54799,0.813069
95,Ds1,38.8909,2,78.0579,0.166341,5.5092,0.79886
95,Ds1,38.8909,3,115.741,0.160728,5.91126,0.818593
95,Ds1,38.8909,4,154.77,0.127264,3.8819,0.703837
95,Ds1,38.8909,5,193.799,0.16263,4.67936,0.814577
95,Ds1,38.8909,6,232.828,0.168302,4.65895,0.823121
95,Ds1,38.8909,7,271.857,0.173518,4.13755,0.856288
95,Ds1,38.8909,8,310.886,0.113128,2.48728,0.621465
95,Ds1,38.8909,9,349.915,0.147216,4.30332,0.719603
95,Ds1,38.8909,10,388.943,0.179929,5.31741,0.848872
95,Ds1,38.8909,11,427.972,0.150301,3.23503,0.764927
95,Ds1,38.8909,12,467.001,0.22438,4.29519,0.916181
95,Ds1,38.8909,13,506.03,0.186055,4.08194,0.867516
95,Ds1,38.8909,14,545.059,0.201419,3.12704,0.89084
95,Ds1,38.8909,15,585.434,0.240175,3.09896,0.950762
95,Ds1,38.8909,16,624.463,0.187796,1.73229,0.802917
95,Ds1,38.8909,17,664.838,0.195433,1.9034,0.815913
95,Ds1,38.8909,18,703.867,0.201306,1.70528,0.89825
95,Ds1,38.8909,19,745.587,0.213669,3.00582,0.924294
95,Ds1,38.8909,20,784.616,0.242313,1.96927,0.930841
95,Ds1,38.8909,21,824.991,0.229254,3.79733,0.857091
95,Ds1,38.8909,22,866.711,0.244217,4.13723,0.912503
95,Ds1,38.8909,23,907.086,0.315997,3.06819,0.983879
95,Ds1,38.8909,24,947.461,0.285347,1.14076,0.924345
95,Ds1,38.8909,25,990.527,0.325057,2.29559,0.956034
95,Ds1,38.8909,26,1032.25,0.364346,1.81327,0.965903
95,Ds1,38.8909,27,1099.54,2.83478,4.53957,0.96333
95,Ds1,38.8909,28,1118.38,0.388442,2.36267,0.992524
95,Ds1,38.8909,35,1454.84,0.548464,0.701734,0.975786
95,Ds1,38.8909,36,1500.6,0.539225,2.51304,0.967488
95,Ds1,38.8909,37,1545.01,0.603992,3.14125,0.971631
95,Ds1,38.8909,38,1588.07,0.581559,1.5788,0.985495
95,Ds1,38.8909,39,1633.83,0.7102,0.656997,0.97776
95,Ds1,38.8909,40,1678.24,0.66692,0.0844955,0.989802
95,Ds1,38.8909,41,1724,0.713265,1.37033,0.999521
95,Ds1,38.8909,42,1769.76,0.77721,1.91317,0.988635
95,Ds1,38.8909,43,1816.86,0.834686,2.87895,0.993696
95,Ds1,38.8909,44,1862.62,0.854162,2.53411,0.98239
95,Ds1,38.8909,45,1909.73,0.87936,1.62653,0.954423
95,Ds1,38.8909,46,1956.83,0.919404,0.363489,0.973498
95,Ds1,38.8909,53,2345.77,1.06281,1.64454,0.986218
95,Ds1,38.8909,54,2396.91,1.23832,1.91958,0.999619
95,Ds1,38.8909,55,2437.29,1.20434,-0.0684081,0.998397
95,Ds1,38.8909,56,2499.2,1.26969,-0.810535,0.984755
95,Ds1,38.8909,57,2550.34,1.16852,0.180274,0.984079
95,Ds1,38.8909,58,2602.83,1.28804,0.126183,0.966658
95,Ds1,38.8909,59,2655.31,1.22515,1.21411,0.973147
95,Ds1,38.8909,60,2707.8,1.34631,-0.29765,0.970162
95,Ds1,38.8909,65,3001.19,1.52713,-1.856,0.879948
95,Ds1,38.8909,66,3088.67,1.64015,-0.139948,0.964549
95,Ds1,38.8909,67,3145.19,1.77085,-0.74504,0.951156
95,Ds1,38.8909,68,3201.72,1.66244,0.478561,0.975551
95,Ds1,38.8909,69,3259.59,1.92309,-1.19845,0.923474
95,Ds1,38.8909,70,3318.8,2.15769,-0.89231,0.948398
95,Ds1,38.8909,71,3376.68,1.86108,-0.461191,0.930871
95,Ds1,38.8909,72,3449.35,2.29798,-2.56016,0.946563
95,Ds1,38.8909,74,3586.62,2.97876,-1.42661,0.955659
95,Ds1,38.8909,75,3633.73,2.99303,-1.05212,0.963342
95,Ds1,38.8909,76,3725.24,3.17131,-1.61419,0.955296
95,Ds1,38.8909,77,3772.35,3.36499,-1.94207,0.957986
95,Ds1,38.8909,78,3857.14,3.98714,-0.0743749,0.944393
95,Ds1,38.8909,79,3921.73,2.97032,-0.840246,0.901869
95,Ds1,38.8909,80,3983.64,3.30596,-0.974345,0.945413
95,Ds1,38.8909,81,4045.55,3.035,-0.728916,0.912342
95,Ds1,38.8909,82,4112.84,3.3477,-0.975181,0.920111
95,Ds1,38.8909,86,4403.54,4.58085,-0.790541,0.951569
95,Ds1,38.8909,87,4493.71,4.90811,-1.59276,0.949234
95,Ds1,38.8909,89,4643.1,4.35182,0.0497252,0.952029
95,Ds1,38.8909,90,4710.39,4.8245,-1.79815,0.942087
95,Ds1,38.8909,92,4851.7,5.21964,-1.28799,0.890525
95,Ds1,38.8909,93,4953.98,4.70882,-2.20798,0.970579
95,B2,123.471,1,123.816,0.251345,4.64089,0.922268
95,B2,123.471,2,246.286,0.199803,2.91469,0.53136
95,B2,123.471,4,493.918,0.21443,3.32217,0.761837
95,B2,123.471,6,741.55,0.222158,2.7675,0.732172
95,B2,123.471,7,865.366,0.238904,3.6234,0.710825
95,B2,123.471,8,990.527,0.254448,1.86138,0.768402
95,B2,123.471,9,1114.34,0.222772,2.98885,0.813555
95,B2,123.471,10,1239.51,0.287226,2.6466,0.896647
95,B2,123.471,11,1366.01,0.384489,3.23508,0.939976
95,B2,123.471,12,1496.56,0.390544,0.80622,0.921048
95,B2,123.471,21,2730.68,0.879648,-1.18181,0.905432
95,B2,123.471,24,3182.88,0.856074,-0.603214,0.945819
95,B2,123.471,25,3320.15,0.917809,-1.38127,0.975603
95,B2,123.471,26,3457.42,1.05791,-0.417913,0.968758
95,B2,123.471,27,3616.23,2.04763,-1.54938,0.860332
95,B2,123.471,32,4442.57,1.47242,-1.5463,0.922297
95,B2,123.471,33,4590.61,1.56556,-1.02876,0.887135
95,B2,123.471,38,5489.62,2.46971,-0.77298,0.908313
95,B2,123.471,39,5645.74,3.46184,-0.896185,0.861959
95,B2,123.471,44,6606.66,4.24892,-1.98975,0.831204
95,B2,123.471,48,7451.83,4.89375,-2.09858,0.903561
95,C7,2093,1,2106.22,2.4486,3.17384,0.991003
95,As3,233.082,1,232.828,0.257116,3.82883,0.562279
95,As3,233.082,2,465.656,0.299084,4.14704,0.896109
95,As3,233.082,3,699.829,0.348154,3.40552,0.850708
95,As3,233.082,4,934.003,0.352777,3.05595,0.850763
95,As3,233.082,5,1169.52,0.695779,3.80176,0.795529
95,As3,233.082,6,1405.04,0.426066,2.77763,0.898435
95,As3,233.082,7,1643.25,0.520351,3.28656,0.918202
95,As3,233.082,8,1888.19,0.926758,-0.0192084,0.992314
95,As3,233.082,20,5196.23,2.85234,-0.613507,0.923663
95,As3,233.082,27,7546.04,2.35724,-6.86813,0.658161
95,E4,329.628,1,329.727,0.465933,4.95868,0.902544
95,E4,329.628,2,659.454,0.354467,3.37567,0.670665
95,E4,329.628,3,990.527,0.306821,2.5071,0.537276
95,E4,329.628,4,1322.95,0.396545,1.98788,0.715909
95,E4,329.628,5,1658.06,0.464125,2.38488,0.843632
95,E4,329.628,6,1994.51,0.638721,2.41304,0.92494
95,E4,329.628,7,2335.01,0.662804,1.1415,0.937846
95,E4,329.628,8,2678.19,0.935572,2.19877,0.95786
95,E4,329.628,9,3025.42,1.02567,-0.00562272,0.946159
95,E4,329.628,10,3380.71,1.43014,-0.800735,0.883638
95,D1,36.7081,1,36.3373,0.216404,2.63388,0.911866
95,D1,36.7081,2,72.6746,0.184114,5.69231,0.877016
95,D1,36.7081,3,109.012,0.147553,5.55799,0.691455
95,D1,36.7081,4,146.695,0.146851,5.64667,0.778716
95,D1,36.7081,6,219.37,0.145497,3.76614,0.623427
95,D1,36.7081,7,255.707,0.157126,5.50291,0.813993
95,D1,36.7081,8,293.39,0.195078,2.1989,0.918907
95,D1,36.7081,9,329.727,0.110356,3.61079,0.611464
95,D1,36.7081,10,366.064,0.147431,4.50765,0.728199
95,D1,36.7081,11,403.748,0.160372,4.51644,0.666483
95,D1,36.7081,12,440.085,0.179829,3.76621,0.701771
95,D1,36.7081,13,477.768,0.229154,4.78706,0.943894
95,D1,36.7081,14,515.451,0.184605,3.89253,0.893733
95,D1,36.7081,15,551.788,0.161334,2.74487,0.719263
95,D1,36.7081,16,589.471,0.177729,2.38375,0.781952
95,D1,36.7081,17,627.155,0.235809,3.01014,0.935301
95,D1,36.7081,18,664.838,0.221753,3.28791,0.883655
95,D1,36.7081,19,702.521,0.204513,2.3166,0.797354
95,D1,36.7081,20,740.204,0.194641,3.61957,0.879761
95,D1,36.7081,21,777.887,0.205315,4.1589,0.873812
95,D1,36.7081,22,816.916,0.221572,4.22521,0.919122
95,D1,36.7081,23,854.599,0.242763,3.12514,0.933683
95,D1,36.7081,24,893.628,0.279986,1.03294,0.947356
95,D1,36.7081,25,934.003,0.3096,1.22657,0.947667
95,D1,36.7081,27,1028.21,1.77692,1.48753,0.933814
95,D1,36.7081,28,1065.89,0.8845,-0.667543,0.993881
95,D1,36.7081,34,1331.02,0.463236,1.83515,0.978906
95,D1,36.7081,35,1371.4,0.487801,2.94781,0.985863
95,D1,36.7081,36,1413.12,0.543994,2.79103,0.983681
95,D1,36.7081,37,1454.84,0.564784,2.03468,0.965544
95,D1,36.7081,38,1496.56,0.536092,2.86998,0.99584
95,D1,36.7081,39,1538.28,0.559318,1.7536,0.859177
95,D1,36.7081,40,1581.34,0.753196,1.22702,0.947165
95,D1,36.7081,41,1624.41,0.665319,1.76199,0.956031
95,D1,36.7081,42,1667.48,0.656378,1.62443,0.974732
95,D1,36.7081,43,1710.54,0.716979,2.00068,0.992886
95,D1,36.7081,44,1753.61,0.814097,1.75317,0.926792
95,D1,36.7081,45,1799.37,0.868312,1.50613,0.92064
95,D1,36.7081,50,2055.08,2.91277,2.18144,0.980232
95,D1,36.7081,51,2112.95,0.988914,2.29958,0.982493
95,D1,36.7081,52,2160.05,1.07652,1.86522,0.956578
95,D1,36.7081,53,2207.15,1.00432,1.48106,0.973609
95,D1,36.7081,54,2254.26,1.15117,1.38528,0.934094
95,D1,36.7081,55,2301.36,1.17198,0.609855,0.955249
95,D1,36.7081,56,2349.81,1.05057,0.335474,0.984605
95,D1,36.7081,57,2398.26,1.16018,0.914368,0.98589
95,D1,36.7081,58,2448.06,1.1847,0.449359,0.994646
95,D1,36.7081,60,2570.53,1.38405,2.43568,0.98924
95,D1,36.7081,63,2744.14,1.15898,-0.435291,0.998275
95,D1,36.7081,65,2849.11,1.42492,0.189573,0.982304
95,D1,36.7081,66,2901.6,1.46648,-0.918283,0.973576
95,D1,36.7081,67,2955.43,1.78385,0.322468,0.999844
95,D1,36.7081,68,3010.61,1.78575,1.18456,0.984404
95,D1,36.7081,69,3084.63,1.9133,1.79418,0.991859
95,D1,36.7081,72,3247.48,1.92603,-3.16907,0.926182
95,D1,36.7081,74,3392.83,2.37491,-1.30851,0.896524
95,D1,36.7081,75,3449.35,2.19808,-1.62246,0.938987
95,D1,36.7081,76,3505.87,2.38794,-1.80296,0.918761
95,D1,36.7081,77,3561.05,3.00639,-0.5262,0.956717
95,D1,36.7081,78,3618.92,3.74917,-0.567172,0.951838
95,D1,36.7081,79,3682.18,2.92647,-0.281868,0.923331
95,D1,36.7081,84,4038.82,3.48234,-2.71718,0.978578
95,D1,36.7081,85,4110.15,5.40963,-0.398932,0.980917
95,D1,36.7081,88,4289.15,4.33202,-1.93861,0.895497
95,D1,36.7081,93,4675.4,5.54868,-1.8653,0.863174
95,D1,36.7081,94,4744.03,4.501,-2.6428,0.849247
95,D1,36.7081,95,4811.33,3.20928,-4.81411,0.77418
95,As4,466.164,1,465.656,0.362795,3.62859,0.837542
95,As4,466.164,2,934.003,0.336565,3.02033,0.556542
95,As4,466.164,3,1403.7,0.436034,3.12657,0.709287
95,As4,466.164,4,1877.43,0.475402,0.438828,0.835872
95,As4,466.164,5,2355.19,0.850333,1.25764,0.962247
95,As4,466.164,6,2843.73,1.17518,0.71973,0.950184
95,As4,466.164,7,3353.8,0.499853,-7.26325,0.376452
95,B5,987.767,1,989.182,0.84319,2.45629,0.865178
95,B5,987.767,2,1986.44,1.23315,2.39749,0.958255
95,B5,987.767,3,3003.88,2.13001,1.94482,0.962034
95,B5,987.767,4,4041.51,3.52621,1.21456,0.962628
95,B5,987.767,5,5112.79,5.7187,0.497553,0.938425
95,B5,987.767,6,6212.33,9.97151,-0.515109,0.988039
95,Ds6,1244.51,1,1247.58,1.26233,3.29821,0.858906
95,Ds6,1244.51,2,2508.62,2.27567,1.47987,0.972888
95,Ds6,1244.51,3,3787.15,3.90785,-2.56954,0.998561
95,C8,4186.01,1,4200.32,3.24659,-3.74249,0.999382
95,C8,4186.01,2,8474.66,13.3055,-5.69025,0.999806
95,E5,659.255,1,659.454,0.379399,3.35669,0.704794
95,E5,659.255,2,1322.95,0.668364,3.55977,0.846805
95,E5,659.255,3,1991.82,0.785337,2.8007,0.872953
95,E5,659.255,4,2668.77,1.16521,2.10444,0.976065
95,E5,659.255,5,3359.18,2.59755,0.669153,0.952289
95,E5,659.255,6,4040.17,3.00258,-4.0608,0.977905
95,E5,659.255,7,4754.8,3.36905,-3.66715,0.984459
95,E5,659.255,8,5461.36,6.66862,-3.88299,0.893055
95,Ds7,2489.02,1,2511.31,3.87216,2.5953,0.998451
95,Ds7,2489.02,2,5029.35,9.64851,-6.90797,0.910463
95,B4,493.883,1,493.918,0.316832,3.13854,0.619123
95,B4,493.883,2,989.182,0.371013,2.6576,0.578305
95,B4,493.883,3,1487.14,0.511094,2.58281,0.89458
95,B4,493.883,4,1990.48,0.596825,2.58384,0.968391
95,B4,493.883,5,2499.2,0.842838,2.09651,0.856355
95,B4,493.883,6,3014.65,1.5795,1.96475,0.980344
95,B4,493.883,7,3543.56,2.16081,1.14192,0.948489
95,B4,493.883,8,4087.27,1.78052,-5.98883,0.713392
95,C1,32.7032,1,32.2998,0.2313,2.39694,0.961189
95,C1,32.7032,2,64.5996,0.205128,3.18325,0.897817
95,C1,32.7032,3,96.8994,0.129319,5.01498,0.606738
95,C1,32.7032,4,130.545,0.174102,5.19007,0.833449
95,C1,32.7032,5,162.845,0.155294,2.85633,0.804187
95,C1,32.7032,6,195.145,0.150564,5.15141,0.708301
95,C1,32.7032,7,227.444,0.17016,4.12911,0.85211
95,C1,32.7032,9,293.39,0.165602,4.03874,0.792053
95,C1,32.7032,10,327.036,0.154245,4.19314,0.8096
95,C1,32.7032,11,359.335,0.148757,4.13422,0.708611
95,C1,32.7032,12,392.981,0.120551,4.66653,0.529826
95,C1,32.7032,13,425.281,0.14287,3.34634,0.636957
95,C1,32.7032,14,458.926,0.152704,3.55624,0.598413
95,C1,32.7032,15,492.572,0.174836,1.14454,0.747547
95,C1,32.7032,16,526.218,0.170065,2.1682,0.801181
95,C1,32.7032,17,559.863,0.180095,2.29156,0.712611
95,C1,32.7032,18,593.509,0.199806,2.87665,0.830073
95,C1,32.7032,19,627.155,0.167887,2.63063,0.730906
95,C1,32.7032,20,660.8,0.194783,2.72285,0.815492
95,C1,32.7032,21,695.792,0.203925,3.65488,0.866404
95,C1,32.7032,22,729.437,0.211899,3.51915,0.869331
95,C1,32.7032,23,764.429,0.21424,2.74351,0.848511
95,C1,32.7032,24,799.42,0.225214,0.417839,0.892911
95,C1,32.7032,25,834.412,0.244751,2.08469,0.828768
95,C1,32.7032,26,869.403,0.264606,1.83779,0.942147
95,C1,32.7032,27,905.74,0.260497,1.54696,0.962377
95,C1,32.7032,28,940.732,0.29714,2.80195,0.952296
95,C1,32.7032,29,977.069,0.301455,2.663,0.971773
95,C1,32.7032,30,1013.41,0.315649,2.69528,0.951897
95,C1,32.7032,31,1049.74,0.364333,2.1714,0.995123
95,C1,32.7032,32,1086.08,0.371633,1.62619,0.985143
95,C1,32.7032,33,1123.76,0.39403,-1.04162,0.962478
95,C1,32.7032,34,1187.02,0.874744,-0.771365,0.995139
95,C1,32.7032,35,1200.48,0.420654,2.009,0.978582
95,C1,32.7032,37,1287.95,0.949611,-0.957992,0.993286
95,C1,32.7032,39,1356.59,0.749186,-0.460298,0.979804
95,C1,32.7032,41,1460.22,0.93968,1.33209,0.999946
95,C1,32.7032,42,1495.21,0.96678,0.164425,0.999926
95,C1,32.7032,43,1528.86,1.01662,0.0577731,0.998099
95,C1,32.7032,45,1625.76,0.805767,2.53897,0.923218
95,C1,32.7032,46,1667.48,0.670327,0.960238,0.973801
95,C1,32.7032,47,1710.54,0.803472,0.748855,0.95733
95,C1,32.7032,48,1753.61,0.768964,0.250025,0.955413
95,C1,32.7032,49,1795.33,0.913855,1.19372,0.999834
95,C1,32.7032,50,1838.4,0.869137,0.750321,0.946869
95,C1,32.7032,51,1880.12,0.882994,1.67009,0.993734
95,C1,32.7032,52,1925.88,0.904234,2.99757,0.996784
95,C1,32.7032,53,1967.6,0.949311,2.37777,0.987749
95,C1,32.7032,54,2012.01,1.01288,1.2055,0.989834
95,C1,32.7032,55,2056.42,1.01736,0.674745,0.998344
95,C1,32.7032,56,2102.18,1.03277,-0.820593,0.982759
95,C1,32.7032,57,2147.94,1.05622,-0.0284165,0.99093
95,C1,32.7032,58,2192.35,1.1116,-0.0362712,0.999487
95,C1,32.7032,59,2239.45,1.07917,0.335844,0.934644
95,C1,32.7032,60,2285.21,1.00392,0.892578,0.951319
95,C1,32.7032,61,2332.31,1.22417,0.299649,0.942977
95,C1,32.7032,62,2380.76,1.21372,-0.208163,0.993503
95,C1,32.7032,63,2427.87,1.12459,-0.667668,0.985489
95,C1,32.7032,64,2476.32,1.09617,0.903815,0.988935
95,C1,32.7032,65,2524.77,1.1014,-0.948447,0.973133
95,C1,32.7032,71,2855.84,1.78239,1.59254,0.997508
95,C1,32.7032,74,3014.65,1.98663,-1.78568,0.827299
95,C1,32.7032,75,3055.02,1.89421,-3.195,0.937373
95,C1,32.7032,79,3298.62,2.52357,-1.18263,0.861974
95,C1,32.7032,80,3340.34,2.75397,-0.886393,0.923721
95,C1,32.7032,81,3419.74,3.64043,-1.12963,0.931552
95,C1,32.7032,82,3477.61,3.13268,-1.23364,0.922064
95,C1,32.7032,83,3536.83,3.98485,0.313811,0.941937
95,C1,32.7032,84,3596.04,3.01001,0.112574,0.947144
95,C1,32.7032,85,3655.26,3.90676,-0.927444,0.934511
95,C1,32.7032,86,3714.48,4.36933,0.235739,0.92293
95,C1,32.7032,87,3773.69,3.98321,-1.66109,0.944426
95,C1,32.7032,88,3831.56,3.56489,-3.2405,0.933999
95,C1,32.7032,89,3892.13,3.99356,-1.38835,0.907583
95,C1,32.7032,90,3951.34,5.05266,-1.09769,0.963827
95,C1,32.7032,91,4017.29,5.11875,-0.889527,0.960915
95,C1,32.7032,92,4077.85,4.59931,-2.11922,0.935248
95,C1,32.7032,93,4142.45,4.04174,-3.06282,0.929506
95,C1,32.7032,94,4204.36,5.38297,-1.13646,0.933272
95,C1,32.7032,95,4285.11,3.83411,0.436705,0.979164
95,As5,932.328,1,934.003,0.890601,3.84411,0.904524
95,As5,932.328,2,1874.73,1.57009,3.47698,0.990534
95,As5,932.328,3,2830.27,2.72268,1.84138,0.981247
95,As5,932.328,4,3810.03,3.62179,0.293531,0.933759
95,As5,932.328,5,4808.63,5.62161,0.161401,0.974908
95,As5,932.328,6,5861.07,7.13037,-0.739585,0.961361
95,As5,932.328,7,6933.69,10.6522,-1.49641,0.96205
95,As5,932.328,8,8049.38,15.5128,-2.06805,0.987239
95,As5,932.328,9,9222.94,4.53877,-8.01839,0.61759
95,E2,82.4069,1,82.0953,0.314699,5.31838,0.950925
95,E2,82.4069,2,164.191,0.219217,2.628,0.85439
95,E2,82.4069,3,247.632,0.289855,3.24952,0.900723
95,E2,82.4069,4,329.727,0.217961,4.76262,0.904196
95,E2,82.4069,5,411.823,0.173348,3.98983,0.814858
95,E2,82.4069,6,493.918,0.256582,3.47991,0.72036
95,E2,82.4069,7,577.359,0.204803,3.33164,0.809341
95,E2,82.4069,8,659.454,0.226073,1.43082,0.80974
95,E2,82.4069,9,742.896,0.256389,3.38725,0.860236
95,E2,82.4069,10,824.991,0.218878,3.49735,0.768525
95,E2,82.4069,11,908.432,0.275879,3.38351,0.82842
95,E2,82.4069,12,991.873,0.252057,2.83987,0.909491
95,E2,82.4069,13,1075.31,0.240914,3.79887,0.847118
95,E2,82.4069,14,1158.76,0.431693,2.29275,0.938565
95,E2,82.4069,15,1243.54,0.306739,2.5781,0.80164
95,E2,82.4069,16,1326.98,0.599021,0.828596,0.903921
95,E2,82.4069,17,1411.77,0.283183,1.55209,0.892772
95,E2,82.4069,18,1496.56,0.296083,3.2041,0.878341
95,E2,82.4069,19,1581.34,0.328721,2.55968,0.882105
95,E2,82.4069,36,3162.69,0.861143,-3.618,0.848842
95,E2,82.4069,37,3264.97,0.64762,0.493783,0.970231
95,E2,82.4069,38,3360.53,0.689976,-0.347432,0.949102
95,E2,82.4069,39,3452.04,0.820415,-0.284122,0.955405
95,E2,82.4069,41,3644.49,1.47859,-1.16804,0.913455
95,E2,82.4069,42,3738.7,0.978507,-0.328746,0.956315
95,E2,82.4069,43,3847.71,1.47098,-1.63931,0.911513
95,E2,82.4069,51,4730.58,1.48413,-0.633176,0.965033
95,E2,82.4069,52,4830.17,2.01631,0.127627,0.897476
95,E2,82.4069,53,4936.49,2.19794,-0.783826,0.846017
95,E2,82.4069,54,5046.84,2.46874,0.0294897,0.881355
95,E2,82.4069,61,5900.1,3.95747,-1.14827,0.912766
95,E2,82.4069,62,6022.57,4.31478,-1.35291,0.921954
95,D7,2349.32,1,2367.31,3.18012,2.27076,0.99408
95,D7,2349.32,2,4754.8,3.78298,-4.29354,0.988111
95,As2,116.541,1,117.087,0.247556,3.94847,0.880506
95,As2,116.541,2,232.828,0.200061,2.45726,0.584769
95,As2,116.541,3,349.915,0.316165,3.86886,0.739098
95,As2,116.541,4,465.656,0.256619,3.61718,0.740551
95,As2,116.541,5,582.742,0.22354,2.85516,0.662877
95,As2,116.541,6,699.829,0.182911,2.6632,0.67629
95,As2,116.541,7,816.916,0.249692,3.35224,0.864702
95,As2,116.541,8,934.003,0.225621,2.30845,0.793283
95,As2,116.541,9,1052.44,0.289258,2.54686,0.888235
95,As2,116.541,10,1169.52,0.398081,3.31263,0.918497
95,As2,116.541,11,1289.3,0.310798,2.51642,0.768045
95,As2,116.541,12,1411.77,0.414771,0.945364,0.96286
95,As2,116.541,20,2457.48,1.04951,-1.91682,0.899977
95,As2,116.541,24,2995.81,0.906568,0.992292,0.916556
95,As2,116.541,25,3123.66,0.842277,0.604762,0.948303
95,As2,116.541,26,3289.2,2.31175,-1.98534,0.831581
95,As2,116.541,27,3410.32,2.2717,-1.58688,0.886823
95,As2,116.541,28,3559.71,0.698183,-7.88759,0.557418
95,As2,116.541,31,4038.82,1.51959,-0.893551,0.858873
95,As2,116.541,32,4172.06,1.26678,-1.75897,0.864939
95,As2,116.541,37,5001.09,1.86907,-0.5849,0.93071
95,As2,116.541,42,5874.53,2.49387,-0.597472,0.933701
95,As2,116.541,46,6638.96,4.24706,-1.28956,0.916727
95,C6,1046.5,1,1048.4,1.15995,3.94413,0.853477
95,C6,1046.5,2,2106.22,1.91252,3.37218,0.987198
95,C6,1046.5,3,3186.91,3.01439,1.37315,0.975344
95,C6,1046.5,4,4289.15,4.91564,0.902233,0.979184
95,C6,1046.5,5,5371.19,6.79404,-4.49678,0.907172
95,B3,246.942,1,246.286,0.312274,4.42789,0.530157
95,B3,246.942,2,493.918,0.2289,3.86087,0.636718
95,B3,246.942,3,741.55,0.214886,2.87573,0.640651
95,B3,246.942,4,989.182,0.333726,3.00697,0.812541
95,B3,246.942,5,1238.16,0.391885,3.37091,0.836211
95,B3,246.942,6,1489.83,0.437377,2.69849,0.917549
95,B3,246.942,7,1741.5,0.60881,3.0605,0.949818
95,B3,246.942,21,5839.54,4.85327,-0.331886,0.863517
110,C7,2093,1,2106.22,2.59843,3.56486,0.992882
110,Cs3,138.591,1,138.62,0.307467,4.33167,0.716418
110,Cs3,138.591,2,277.24,0.352812,5.31383,0.845673
110,Cs3,138.591,4,554.48,0.266796,4.19262,0.702978
110,Cs3,138.591,5,693.1,0.249965,4.24659,0.661761
110,Cs3,138.591,6,833.066,0.31955,3.97615,0.76752
110,Cs3,138.591,7,973.032,0.38262,3.86658,0.924719
110,Cs3,138.591,8,1111.65,0.325903,2.04932,0.845249
110,Cs3,138.591,9,1252.96,0.353157,3.71249,0.844918
110,Cs3,138.591,10,1392.93,0.407715,2.63291,0.923878
110,Cs3,138.591,11,1535.59,0.39735,2.94751,0.88845
110,Cs3,138.591,12,1680.94,0.389794,3.0832,0.844142
110,Cs3,138.591,21,3069.83,1.08358,-1.2971,0.871594
110,Cs3,138.591,26,3910.97,1.00159,1.21335,0.951747
110,Cs3,138.591,27,4071.12,1.35026,-0.421068,0.961509
110,Cs3,138.591,28,4228.58,1.18932,1.43436,0.965871
110,Cs3,138.591,35,5559.6,2.47166,1.06881,0.973902
110,Cs3,138.591,36,5733.22,2.25242,0.562157,0.961886
110,Cs3,138.591,38,6130.23,3.44587,-1.40967,0.912981
110,Cs3,138.591,42,7005.02,3.52978,-0.453106,0.934946
110,Cs3,138.591,43,7194.78,3.87468,-0.95309,0.90917
110,Cs3,138.591,48,8367,6.61343,-1.21926,0.952046
110,Cs3,138.591,49,8571.56,5.88168,-0.962929,0.962543
110,Cs3,138.591,54,9850.09,10.3431,-0.966024,0.911313
110,Gs4,415.305,1,415.86,0.434292,4.54178,0.8746
110,Gs4,415.305,2,831.72,0.330275,2.59598,0.583941
110,Gs4,415.305,3,1248.93,0.316738,2.20635,0.617585
110,Gs4,415.305,4,1670.17,0.625767,2.90399,0.908473
110,Gs4,415.305,5,2095.45,0.669408,1.66308,0.882417
110,Gs4,415.305,6,2523.42,0.920201,1.74298,0.926698
110,Gs4,415.305,7,2958.12,1.14397,1.92716,0.943433
110,Gs4,415.305,8,3399.55,1.61957,1.23006,0.955561
110,E4,329.628,1,329.727,0.473017,5.1605,0.89784
110,E4,329.628,2,659.454,0.357251,3.63777,0.686352
110,E4,329.628,3,990.527,0.318406,2.83795,0.550213
110,E4,329.628,4,1322.95,0.417954,2.33394,0.750606
110,E4,329.628,5,1658.06,0.491848,2.74454,0.850142
110,E4,329.628,6,1994.51,0.653543,2.78218,0.916371
110,E4,329.628,7,2335.01,0.691708,1.65266,0.942496
110,E4,329.628,8,2678.19,0.990498,2.89756,0.961592
110,E4,329.628,9,3025.42,1.07326,0.839792,0.956826
110,E4,329.628,10,3380.71,1.39417,-0.0685029,0.900576
110,E4,329.628,11,3740.05,1.46849,-0.0455421,0.964298
110,A3,220,1,219.37,0.317957,3.83214,0.727799
110,A3,220,2,440.085,0.317597,4.77028,0.737037
110,A3,220,3,660.8,0.275417,2.95847,0.649674
110,A3,220,4,881.516,0.341836,1.72882,0.849134
110,A3,220,5,1103.58,0.347115,3.84685,0.816259
110,A3,220,6,1325.64,0.368877,2.64138,0.887461
110,A3,220,7,1550.39,0.497233,3.06599,0.945944
110,A3,220,16,3776.39,5.0725,-1.59595,0.840281
110,A3,220,20,4904.19,2.2625,0.905194,0.921556
110,A3,220,27,7122.11,5.39483,-0.789829,0.917745
110,Ds5,622.254,2,1247.58,0.630989,3.20649,0.828956
110,Ds5,622.254,3,1877.43,0.999598,2.77028,0.948642
110,Ds5,622.254,4,2516.69,1.40611,1.38705,0.938048
110,Ds5,622.254,5,3165.38,2.29363,1.61985,0.982809
110,Ds5,622.254,6,3827.53,2.80957,1.05599,0.956139
110,Ds5,622.254,7,4468.14,3.97911,-2.64911,0.998501
110,F6,1396.91,1,1401,1.61603,3.32515,0.954458
110,F6,1396.91,2,2823.54,2.90159,1.80535,0.991589
110,F6,1396.91,3,4224.55,2.01205,-8.62632,0.766876
110,B1,61.7354,1,61.908,0.313576,2.04015,0.888559
110,B1,61.7354,2,123.816,0.309187,5.48496,0.976864
110,B1,61.7354,3,184.378,0.311086,4.94622,0.883579
110,B1,61.7354,4,246.286,0.202791,3.06327,0.691308
110,B1,61.7354,5,308.194,0.198376,4.48056,0.752059
110,B1,61.7354,6,370.102,0.171554,4.23435,0.564349
110,B1,61.7354,7,432.01,0.139819,3.56422,0.582684
110,B1,61.7354,8,493.918,0.136911,2.02614,0.551577
110,B1,61.7354,9,555.826,0.200882,3.48683,0.686784
110,B1,61.7354,10,617.734,0.216527,3.40485,0.817324
110,B1,61.7354,11,679.642,0.132882,3.48931,0.510384
110,B1,61.7354,12,742.896,0.225727,3.34732,0.797126
110,B1,61.7354,13,804.803,0.21327,3.42517,0.735841
110,B1,61.7354,14,866.711,0.186778,3.66248,0.772539
110,B1,61.7354,15,929.965,0.230573,3.53966,0.665383
110,B1,61.7354,16,993.219,0.262066,1.83638,0.790022
110,B1,61.7354,17,1056.47,0.295877,2.47576,0.843744
110,B1,61.7354,18,1119.73,0.255954,2.60688,0.801864
110,B1,61.7354,19,1182.98,0.306842,3.06338,0.882607
110,B1,61.7354,20,1247.58,0.295641,2.70287,0.81099
110,B1,61.7354,21,1312.18,0.410775,3.47806,0.965076
110,B1,61.7354,22,1378.12,0.409762,2.88796,0.942034
110,B1,61.7354,27,1734.77,0.525202,-0.181692,0.971492
110,B1,61.7354,29,1859.93,0.692476,-1.29002,0.938462
110,B1,61.7354,34,2227.34,0.444488,1.75221,0.948363
110,B1,61.7354,35,2295.98,0.506497,2.48962,0.967877
110,B1,61.7354,36,2364.61,0.54904,2.14386,0.962719
110,B1,61.7354,37,2434.6,0.593871,2.72894,0.95493
110,B1,61.7354,38,2503.23,0.610525,2.68675,0.94176
110,B1,61.7354,39,2573.22,0.586537,1.29625,0.952979
110,B1,61.7354,41,2746.83,0.855673,-0.221532,0.970412
110,B1,61.7354,42,2811.43,0.828267,-0.768151,0.954395
110,B1,61.7354,46,3139.81,0.80918,0.379273,0.956897
110,B1,61.7354,47,3217.87,1.08801,-2.15728,0.819302
110,B1,61.7354,48,3287.85,0.83108,0.608575,0.977642
110,B1,61.7354,49,3382.06,2.41073,1.61836,0.958468
110,B1,61.7354,50,3437.24,0.829403,0.696172,0.973767
110,B1,61.7354,51,3524.72,1.11489,-0.90808,0.956924
110,B1,61.7354,54,3788.5,1.23314,-0.819175,0.944595
110,B1,61.7354,55,3859.83,1.44881,0.774594,0.910692
110,B1,61.7354,56,3972.88,1.00236,0.303946,0.982367
110,B1,61.7354,57,4052.28,0.96381,-0.866303,0.926776
110,B1,61.7354,58,4130.34,1.12369,0.704583,0.985296
110,B1,61.7354,59,4225.89,1.24582,1.90208,0.990253
110,B1,61.7354,63,4612.14,1.42787,-0.331052,0.909408
110,B1,61.7354,64,4700.97,2.11273,0.333316,0.925256
110,B1,61.7354,65,4783.06,1.63039,-0.229023,0.939185
110,B1,61.7354,66,4867.85,1.68759,0.467758,0.987838
110,B1,61.7354,68,5071.07,1.81045,1.98678,0.975662
110,B1,61.7354,70,5291.78,3.0109,-0.179052,0.935882
110,B1,61.7354,71,5379.26,2.5278,0.55887,0.951545
110,B1,61.7354,72,5468.09,2.74789,0.454441,0.939568
110,B1,61.7354,73,5571.72,2.30842,-0.629197,0.916017
110,B1,61.7354,77,6010.46,3.52086,-1.49848,0.982064
110,B1,61.7354,78,6103.32,3.90427,-1.10129,0.91396
110,B1,61.7354,79,6205.6,3.9775,-1.10456,0.948225
110,B1,61.7354,80,6310.57,3.30866,-0.546253,0.91128
110,B1,61.7354,84,6761.43,4.26946,-1.14523,0.887114
110,B1,61.7354,85,6893.32,5.05483,-0.768983,0.960227
110,B1,61.7354,86,6992.91,5.20566,-1.59638,0.939798
110,B1,61.7354,91,7606.6,3.40085,-0.360149,0.929293
110,B1,61.7354,92,7708.89,4.74476,-2.69477,0.899899
110,Fs3,184.997,1,184.378,0.317996,4.6094,0.906122
110,Fs3,184.997,2,370.102,0.178255,4.72639,0.511501
110,Fs3,184.997,3,554.48,0.303992,3.86743,0.747037
110,Fs3,184.997,4,740.204,0.288885,4.2645,0.688361
110,Fs3,184.997,5,925.928,0.343003,3.20988,0.924483
110,Fs3,184.997,6,1113,0.282646,2.54707,0.803344
110,Fs3,184.997,7,1300.07,0.413108,2.68351,0.932942
110,Fs3,184.997,8,1488.48,0.498925,2.52579,0.920266
110,Fs3,184.997,9,1678.24,0.52967,3.2768,0.963749
110,Fs3,184.997,10,1868.01,0.589988,2.29923,0.942368
110,Fs3,184.997,11,2057.77,0.689397,2.18097,0.92981
110,Fs3,184.997,12,2250.22,0.676714,2.35651,0.954117
110,Fs3,184.997,13,2444.02,0.789111,2.89746,0.961469
110,Fs3,184.997,14,2639.16,0.807158,1.74431,0.937822
110,Fs3,184.997,15,2838.35,0.905824,1.40655,0.957895
110,Fs3,184.997,16,3040.22,0.898358,0.153076,0.937825
110,Fs3,184.997,22,4309.33,0.958759,-6.83444,0.484308
110,Fs3,184.997,28,5671.31,3.72881,-2.2925,0.899483
110,Fs3,184.997,42,9334.64,5.44169,-4.42791,0.806737
110,Fs3,184.997,43,9619.96,10.4445,-0.645219,0.937541
110,C8,4186.01,1,4200.32,3.24543,-3.26098,0.999376
110,C8,4186.01,2,8474.66,13.4993,-4.73217,0.999981
110,D2,73.4162,1,72.6746,0.61281,5.01966,0.934668
110,D2,73.4162,2,146.695,0.173442,4.29731,0.653825
110,D2,73.4162,3,219.37,0.215142,2.90861,0.629133
110,D2,73.4162,5,367.41,0.150538,3.55049,0.526022
110,D2,73.4162,7,514.105,0.199893,3.353,0.668751
110,D2,73.4162,9,660.8,0.184715,4.3784,0.71364
110,D2,73.4162,10,734.821,0.252702,4.07238,0.688717
110,D2,73.4162,11,808.841,0.144165,2.1744,0.544117
110,D2,73.4162,12,882.861,0.23445,2.3799,0.688011
110,D2,73.4162,13,956.882,0.290639,3.87235,0.87685
110,D2,73.4162,14,1032.25,0.241706,3.32891,0.742245
110,D2,73.4162,15,1106.27,0.245769,2.52098,0.773653
110,D2,73.4162,16,1181.63,0.468212,3.00076,0.903139
110,D2,73.4162,17,1257,0.320059,3.09499,0.940616
110,D2,73.4162,18,1331.02,0.475405,2.83929,0.946021
110,D2,73.4162,19,1407.73,0.410372,3.08243,0.969643
110,D2,73.4162,20,1485.79,0.338871,2.27337,0.921708
110,D2,73.4162,21,1563.85,0.247797,1.04155,0.937622
110,D2,73.4162,27,2063.15,0.771325,-0.130866,0.886929
110,D2,73.4162,28,2138.52,0.731494,-0.841719,0.909442
110,D2,73.4162,34,2649.93,0.612718,1.08071,0.892588
110,D2,73.4162,35,2733.37,0.578831,2.05097,0.975501
110,D2,73.4162,36,2815.47,0.640719,1.78291,0.971507
110,D2,73.4162,37,2897.56,0.586675,2.59718,0.973802
110,D2,73.4162,38,2978.31,0.643436,2.14572,0.966128
110,D2,73.4162,39,3061.75,0.692417,1.1715,0.976916
110,D2,73.4162,40,3149.23,0.696294,-0.527408,0.905946
110,D2,73.4162,42,3345.72,1.36556,-0.984809,0.925318
110,D2,73.4162,43,3422.43,1.71497,-1.24024,0.891794
110,D2,73.4162,47,3827.53,1.31678,-2.26835,0.828275
110,D2,73.4162,48,3913.66,1.47145,0.503163,0.896314
110,D2,73.4162,49,4006.52,1.03372,1.32882,0.975448
110,D2,73.4162,50,4094,1.2041,0.115765,0.909387
110,D2,73.4162,51,4188.21,1.02386,1.19674,0.95262
110,D2,73.4162,54,4508.51,2.17193,0.222978,0.914297
110,D2,73.4162,56,4726.54,1.91137,0.731927,0.906011
110,D2,73.4162,57,4826.13,1.4546,-0.0297684,0.964319
110,D2,73.4162,58,4916.3,1.7853,0.886494,0.977399
110,D2,73.4162,59,5019.93,1.77121,-0.0142913,0.957986
110,D2,73.4162,64,5593.25,2.79437,-0.478554,0.931133
110,D2,73.4162,65,5692.84,3.11351,-0.966096,0.970892
110,D2,73.4162,66,5792.43,1.84538,-0.762565,0.931659
110,D2,73.4162,67,5908.17,3.23984,-1.26437,0.958117
110,D2,73.4162,68,6040.06,2.56748,-2.6059,0.919351
110,D2,73.4162,71,6408.82,3.95589,-1.21967,0.944426
110,D2,73.4162,72,6523.21,4.70858,-1.29046,0.942509
110,D2,73.4162,73,6621.46,4.58502,-1.73456,0.955929
110,D2,73.4162,74,6745.28,4.84144,-1.00632,0.931004
110,D2,73.4162,75,6877.17,1.75389,-5.02928,0.738063
110,D2,73.4162,76,7005.02,5.34673,-1.47632,0.934187
110,D2,73.4162,78,7274.19,2.2327,-5.24603,0.750113
110,D2,73.4162,80,7520.47,5.62065,-1.62245,0.913805
110,D2,73.4162,85,8189.35,4.00727,-3.93068,0.813299
110,D2,73.4162,93,9315.8,1.84177,-7.32129,0.568635
110,As5,932.328,1,934.003,0.93603,4.01258,0.926142
110,As5,932.328,2,1874.73,1.64323,3.95782,0.994245
110,As5,932.328,3,2830.27,2.88387,2.42372,0.985758
110,As5,932.328,4,3810.03,3.79952,0.940689,0.948126
110,As5,932.328,5,4808.63,5.74422,0.907547,0.978107
110,As5,932.328,6,5861.07,7.20834,0.0739419,0.969678
110,As5,932.328,7,6933.69,10.5509,-0.587633,0.974463
110,As5,932.328,8,8048.03,15.4801,-1.02506,0.978709
110,As5,932.328,9,9222.94,15.0109,-3.0485,0.918694
110,As2,116.541,1,117.087,0.24133,3.78723,0.690021
110,As2,116.541,2,232.828,0.221809,2.67592,0.5763
110,As2,116.541,3,349.915,0.274373,3.98382,0.724937
110,As2,116.541,4,465.656,0.263699,3.93232,0.737797
110,As2,116.541,5,582.742,0.205882,3.11154,0.659752
110,As2,116.541,6,699.829,0.196022,3.09241,0.685095
110,As2,116.541,7,816.916,0.24766,3.64068,0.848388
110,As2,116.541,8,934.003,0.234368,2.6463,0.763956
110,As2,116.541,9,1052.44,0.306715,3.03815,0.905234
110,As2,116.541,10,1169.52,0.359885,3.50897,0.913031
110,As2,116.541,11,1289.3,0.320463,3.0527,0.813029
110,As2,116.541,12,1411.77,0.55346,1.62911,0.953049
110,As2,116.541,20,2457.48,0.962511,-0.961576,0.908051
110,As2,116.541,21,2575.91,0.964385,-1.37283,0.903608
110,As2,116.541,24,2995.81,0.867942,2.00613,0.969717
110,As2,116.541,25,3123.66,0.870373,1.61945,0.955999
110,As2,116.541,26,3289.2,1.8116,-1.10397,0.877228
110,As2,116.541,27,3410.32,1.47188,-1.0983,0.910417
110,As2,116.541,28,3559.71,0.680299,-7.13911,0.51081
110,As2,116.541,31,4038.82,1.38529,-0.0692891,0.910251
110,As2,116.541,32,4172.06,1.36398,-0.220293,0.956052
110,As2,116.541,34,4499.09,1.49435,-5.84207,0.689892
110,As2,116.541,37,5002.43,1.8798,0.566714,0.960186
110,As2,116.541,42,5875.87,2.44877,0.546896,0.967875
110,As2,116.541,46,6638.96,3.90946,0.110178,0.875426
110,D5,587.33,1,586.78,0.54982,4.43524,0.827879
110,D5,587.33,2,1177.6,0.728017,3.68578,0.886469
110,D5,587.33,3,1771.11,0.94192,2.93133,0.965478
110,D5,587.33,4,2372.69,1.32114,2.32483,0.955619
110,D5,587.33,5,2983.69,1.75725,2.15241,0.997078
110,D5,587.33,6,3604.12,2.58885,0.994209,0.989784
110,D5,587.33,7,4239.35,3.59043,1.1999,0.976821
110,D5,587.33,8,4886.69,4.96629,0.252727,0.977668
110,D5,587.33,9,5552.88,8.00876,0.160649,0.990498
110,Fs4,369.994,1,370.102,0.470265,4.64662,0.79277
110,Fs4,369.994,2,740.204,0.506054,3.71377,0.852516
110,Fs4,369.994,3,1111.65,0.406888,2.02395,0.72666
110,Fs4,369.994,4,1487.14,0.465116,2.43471,0.854766
110,Fs4,369.994,5,1862.62,0.568177,1.27551,0.945869
110,Fs4,369.994,6,2242.14,0.585538,1.77628,0.960167
110,Fs4,369.994,7,2627.05,0.775544,1.3772,0.961254
110,Fs4,369.994,8,3015.99,1.13151,1.64998,0.974104
110,Fs4,369.994,9,3410.32,1.4896,-0.062062,0.972265
110,Fs4,369.994,10,3811.38,2.04154,1.41041,0.949984
110,Fs4,369.994,11,4217.82,1.78715,0.292555,0.956411
110,Fs4,369.994,12,4630.98,2.61041,0.563324,0.967402
110,Fs4,369.994,13,5054.92,4.01482,-0.169399,0.948375
110,Fs4,369.994,14,5482.89,3.59197,0.560997,0.93512
110,Fs4,369.994,15,5925.67,4.57247,-1.11936,0.913231
110,Fs4,369.994,16,6372.48,4.58755,-1.74659,0.916656
110,Fs4,369.994,18,7294.37,6.21991,-1.64803,0.910169
110,Fs4,369.994,19,7768.1,10.0117,-1.4783,0.98222
110,B6,1975.53,1,1989.13,2.46877,4.30163,0.996541
110,F1,43.6535,1,43.0664,0.313211,2.37216,0.779149
110,F1,43.6535,2,87.4786,0.33403,6.0276,0.978724
110,F1,43.6535,3,130.545,0.275582,5.80114,0.965911
110,F1,43.6535,4,173.611,0.2925,4.61516,0.903744
110,F1,43.6535,5,218.024,0.272992,5.425,0.805568
110,F1,43.6535,6,261.09,0.256386,4.86452,0.961668
110,F1,43.6535,7,305.502,0.199184,3.64914,0.629797
110,F1,43.6535,9,392.981,0.183769,4.55387,0.690373
110,F1,43.6535,10,436.047,0.149649,4.4083,0.531883
110,F1,43.6535,11,480.46,0.261792,2.861,0.856661
110,F1,43.6535,13,567.938,0.24554,3.11792,0.752322
110,F1,43.6535,14,612.35,0.275509,3.72637,0.942514
110,F1,43.6535,15,656.763,0.311141,3.80664,0.816867
110,F1,43.6535,16,701.175,0.275796,1.85097,0.892516
110,F1,43.6535,17,745.587,0.273439,2.97274,0.884281
110,F1,43.6535,18,791.345,0.183851,3.35151,0.690332
110,F1,43.6535,19,835.757,0.207432,3.64216,0.721683
110,F1,43.6535,20,881.516,0.214547,2.1889,0.720858
110,F1,43.6535,21,925.928,0.337183,3.24551,0.901147
110,F1,43.6535,22,971.686,0.41983,3.67651,0.84444
110,F1,43.6535,23,1018.79,0.328128,2.63032,0.921637
110,F1,43.6535,24,1065.89,0.315989,2.36849,0.862505
110,F1,43.6535,25,1135.88,0.864996,0.346881,0.901541
110,F1,43.6535,26,1180.29,1.41735,-0.275918,0.89926
110,F1,43.6535,27,1224.7,1.16548,0.912298,0.882085
110,F1,43.6535,28,1269.11,0.985518,-0.486288,0.893309
110,F1,43.6535,29,1314.87,0.971576,-0.406247,0.95115
110,F1,43.6535,34,1580,0.691602,2.79528,0.970277
110,F1,43.6535,35,1629.79,0.65244,3.28823,0.936289
110,F1,43.6535,36,1676.9,0.625054,3.2711,0.955493
110,F1,43.6535,37,1729.39,0.624584,1.90713,0.962592
110,F1,43.6535,38,1776.49,0.549429,1.39424,0.967138
110,F1,43.6535,39,1827.63,0.685847,1.65225,0.955383
110,F1,43.6535,40,1881.46,0.706003,0.360504,0.944935
110,F1,43.6535,41,1927.22,0.652783,2.24761,0.972288
110,F1,43.6535,42,1977.02,0.737873,3.29399,0.97222
110,F1,43.6535,43,2030.85,0.65667,1.82852,0.991751
110,F1,43.6535,49,2395.57,0.810631,2.14769,0.912299
110,F1,43.6535,50,2449.4,0.8664,2.65892,0.968757
110,F1,43.6535,51,2504.58,0.960097,1.31952,0.948705
110,F1,43.6535,52,2558.41,1.02938,1.88784,0.966679
110,F1,43.6535,53,2614.94,1.08789,1.6518,0.935859
110,F1,43.6535,54,2667.43,1.1037,1.46119,0.971585
110,F1,43.6535,60,3067.14,1.37252,-0.0593237,0.969574
110,F1,43.6535,61,3126.35,1.44327,1.36606,0.976705
110,F1,43.6535,62,3189.61,1.37191,-0.0578209,0.852929
110,F1,43.6535,63,3244.78,1.912,-1.20427,0.964923
110,F1,43.6535,64,3309.38,1.37197,0.534925,0.954509
110,F1,43.6535,65,3371.29,1.89114,0.358176,0.955897
110,F1,43.6535,66,3454.73,1.83923,-1.487,0.926149
110,F1,43.6535,67,3507.22,1.71796,-1.53212,0.910346
110,F1,43.6535,69,3652.57,1.50598,-3.02531,0.859007
110,F1,43.6535,70,3744.09,1.72124,-0.317975,0.979302
110,F1,43.6535,71,3808.69,2.23935,-1.33335,0.93944
110,F1,43.6535,72,3871.94,2.5918,0.00971796,0.978273
110,F1,43.6535,73,3937.88,2.77941,0.575391,0.972415
110,F1,43.6535,74,4003.83,2.43049,-0.27677,0.94162
110,F1,43.6535,75,4107.46,2.9144,0.105,0.916592
110,F1,43.6535,76,4159.95,3.06683,-0.790959,0.92248
110,F1,43.6535,78,4332.21,2.64715,0.24716,0.971803
110,F1,43.6535,79,4388.74,2.19692,0.890196,0.993694
110,F1,43.6535,80,4476.21,3.34063,0.211943,0.939453
110,F1,43.6535,81,4538.12,3.87425,-0.536409,0.959484
110,F1,43.6535,82,4616.18,3.8483,0.189575,0.891636
110,F1,43.6535,84,4789.79,1.95858,-4.39532,0.770863
110,F1,43.6535,86,4966.09,4.33494,0.588155,0.986989
110,F1,43.6535,87,5021.27,3.72275,-2.39529,0.92184
110,F1,43.6535,88,5122.21,4.50336,-0.784198,0.915578
110,F1,43.6535,89,5188.16,5.54797,-0.537502,0.975021
110,F1,43.6535,90,5272.94,4.22006,-2.44658,0.93155
110,F1,43.6535,94,5648.43,3.56383,-0.131501,0.957027
110,F1,43.6535,96,5801.85,3.91859,-3.95707,0.852918
110,Ds2,77.7817,1,78.0579,0.33312,4.89748,0.908006
110,Ds2,77.7817,2,154.77,0.210333,3.39912,0.6864
110,Ds2,77.7817,3,232.828,0.215794,3.46823,0.836368
110,Ds2,77.7817,4,310.886,0.180841,4.42189,0.655186
110,Ds2,77.7817,5,388.943,0.178948,4.2427,0.520965
110,Ds2,77.7817,6,467.001,0.162398,2.8174,0.694263
110,Ds2,77.7817,7,545.059,0.28995,3.50366,0.881651
110,Ds2,77.7817,8,623.117,0.234974,2.24686,0.78586
110,Ds2,77.7817,10,779.233,0.223018,3.25236,0.747898
110,Ds2,77.7817,11,857.291,0.24544,3.77357,0.783739
110,Ds2,77.7817,12,936.694,0.240975,2.562,0.825083
110,Ds2,77.7817,13,1014.75,0.280632,3.4425,0.869842
110,Ds2,77.7817,14,1094.16,0.28546,3.26601,0.800087
110,Ds2,77.7817,15,1173.56,0.394218,3.48058,0.958971
110,Ds2,77.7817,16,1252.96,0.344268,1.91053,0.873922
110,Ds2,77.7817,17,1332.37,0.610847,2.34354,0.915057
110,Ds2,77.7817,18,1411.77,0.319119,3.17382,0.899216
110,Ds2,77.7817,19,1492.52,0.358767,2.70644,0.936103
110,Ds2,77.7817,20,1574.62,0.329511,2.5887,0.886846
110,Ds2,77.7817,27,2186.97,0.714816,-0.81627,0.920374
110,Ds2,77.7817,29,2345.77,1.21708,-1.40348,0.933011
110,Ds2,77.7817,36,2987.73,0.643495,0.648376,0.963186
110,Ds2,77.7817,37,3077.9,0.609845,2.97914,0.989683
110,Ds2,77.7817,38,3162.69,0.616923,2.1261,0.972426
110,Ds2,77.7817,39,3252.86,0.703315,0.86266,0.984736
110,Ds2,77.7817,40,3338.99,0.81836,-0.652575,0.922793
110,Ds2,77.7817,41,3433.2,0.890595,-0.2069,0.922782
110,Ds2,77.7817,42,3547.6,1.59145,-0.8971,0.921959
110,Ds2,77.7817,43,3628.34,1.35323,-0.646042,0.936204
110,Ds2,77.7817,49,4256.85,1.11953,0.218184,0.970715
110,Ds2,77.7817,50,4352.4,1.69696,0.156188,0.866845
110,Ds2,77.7817,51,4447.95,1.34232,0.309547,0.967549
110,Ds2,77.7817,52,4548.89,1.33257,-0.845498,0.941575
110,Ds2,77.7817,54,4783.06,1.45925,-4.41895,0.807739
110,Ds2,77.7817,55,4867.85,2.44904,-1.20169,0.948106
110,Ds2,77.7817,58,5229.88,2.44109,0.358184,0.945539
110,Ds2,77.7817,59,5338.89,2.52521,-0.336423,0.93245
110,Ds2,77.7817,60,5437.13,3.11901,-0.232055,0.955232
110,Ds2,77.7817,61,5551.53,2.13868,0.244868,0.944406
110,Ds2,77.7817,62,5657.85,3.37425,0.365783,0.920043
110,Ds2,77.7817,66,6150.42,1.90779,-0.866587,0.908672
110,Ds2,77.7817,67,6282.31,3.40272,-1.37597,0.965407
110,Ds2,77.7817,68,6391.32,3.50993,-2.15619,0.949684
110,Ds2,77.7817,69,6508.41,4.24814,-0.464867,0.949327
110,Ds2,77.7817,70,6629.54,3.09029,-2.74846,0.867635
110,Ds2,77.7817,74,7177.29,5.26668,-1.85497,0.919131
110,Ds2,77.7817,77,7564.88,5.86693,-2.59413,0.936581
110,Ds2,77.7817,82,8262.02,6.31008,-2.48403,0.941228
110,Ds2,77.7817,89,9280.81,3.95295,-5.10266,0.722286
110,A4,440,1,440.085,0.414017,3.1195,0.687102
110,A4,440,2,881.516,0.534321,4.25358,0.906771
110,A4,440,3,1324.29,0.504915,3.42008,0.793575
110,A4,440,4,1771.11,0.566223,2.47135,0.897099
110,A4,440,5,2220.61,0.776135,2.30448,0.93767
110,A4,440,6,2683.58,0.968541,0.304809,0.935836
110,A4,440,7,3155.96,3.40405,-1.86933,0.987821
110,E3,164.814,1,165.536,0.267555,4.21458,0.850371
110,E3,164.814,2,329.727,0.395341,5.46977,0.877183
110,E3,164.814,3,493.918,0.32475,2.96458,0.801478
110,E3,164.814,4,659.454,0.358043,4.39435,0.705369
110,E3,164.814,5,824.991,0.283439,3.45903,0.716187
110,E3,164.814,6,990.527,0.343869,2.32698,0.862465
110,E3,164.814,7,1157.41,0.215202,3.16382,0.573475
110,E3,164.814,8,1324.29,0.492831,1.25891,0.901469
110,E3,164.814,9,1491.17,0.36909,3.52654,0.863471
110,E3,164.814,10,1660.75,0.378621,3.35783,0.859451
110,E3,164.814,11,1828.98,0.399259,0.444924,0.91481
110,E3,164.814,12,2001.24,0.428449,2.51401,0.92569
110,E3,164.814,13,2174.85,0.475101,1.2537,0.92443
110,E3,164.814,22,3827.53,0.6997,-7.08148,0.491581
110,E3,164.814,28,5032.04,4.25185,-0.866375,0.877306
110,E3,164.814,30,5488.28,2.15249,1.30485,0.96839
110,E3,164.814,31,5690.15,2.51812,-0.460362,0.968979
110,E3,164.814,32,5896.06,3.4014,-2.84252,0.87173
110,E3,164.814,38,7298.41,6.0108,0.872844,0.895239
110,E3,164.814,42,8306.43,5.37319,-2.2241,0.894548
110,E3,164.814,50,10523,7.06576,-4.05667,0.845712
110,Gs3,207.652,1,207.257,0.252722,4.35609,0.573371
110,Gs3,207.652,2,415.86,0.293395,4.45412,0.693041
110,Gs3,207.652,3,623.117,0.287354,4.53158,0.8294
110,Gs3,207.652,4,831.72,0.349543,3.70832,0.856205
110,Gs3,207.652,5,1040.32,0.36407,3.73402,0.812785
110,Gs3,207.652,6,1250.27,0.378273,3.3656,0.838572
110,Gs3,207.652,7,1461.57,0.505294,3.30108,0.874641
110,Gs3,207.652,8,1674.21,0.562757,1.4258,0.964688
110,Gs3,207.652,9,1886.85,0.598263,2.90401,0.946057
110,Gs3,207.652,10,2100.83,0.630793,2.44428,0.918263
110,Gs3,207.652,11,2317.51,0.70618,0.789347,0.951742
110,Gs3,207.652,12,2535.53,0.946498,2.53082,0.985911
110,Gs3,207.652,13,2756.25,0.979679,3.05708,0.949846
110,Gs3,207.652,14,2978.31,1.00647,1.95538,0.95941
110,Gs3,207.652,15,3203.06,1.07073,1.97671,0.970562
110,Gs3,207.652,16,3427.82,1.49775,0.909197,0.959601
110,Gs3,207.652,17,3657.95,1.25603,-0.0393145,0.880553
110,Gs3,207.652,18,3889.43,1.5515,0.265073,0.97283
110,Gs3,207.652,19,4123.61,1.43936,1.39013,0.964736
110,Gs3,207.652,20,4360.47,1.94019,1.47566,0.975193
110,Gs3,207.652,21,4600.03,2.31076,0.182618,0.974848
110,Gs3,207.652,22,4844.97,2.38536,1.00408,0.985408
110,Gs3,207.652,23,5092.6,2.24149,1.33508,0.987338
110,Gs3,207.652,24,5340.23,2.36949,0.191909,0.968812
110,Gs3,207.652,25,5595.94,3.55143,-0.60311,0.844178
110,Gs3,207.652,26,5852.99,3.03251,0.263508,0.954713
110,Gs3,207.652,27,6111.39,3.7531,-0.913746,0.963181
110,Gs3,207.652,28,6375.17,3.31584,0.166192,0.946171
110,Gs3,207.652,29,6640.3,5.05012,-1.39352,0.954615
110,Gs3,207.652,30,6912.16,5.33552,0.338406,0.986985
110,G7,3135.96,1,3160,3.8763,1.01263,0.999995
110,G7,3135.96,2,6340.18,10.9745,-2.12951,0.999997
110,Cs4,277.183,1,277.24,0.453161,5.06355,0.873016
110,Cs4,277.183,2,554.48,0.371655,4.41991,0.66308
110,Cs4,277.183,3,833.066,0.371526,3.21922,0.84457
110,Cs4,277.183,4,1111.65,0.523964,2.9473,0.792098
110,Cs4,277.183,5,1391.58,0.337297,2.7228,0.702932
110,Cs4,277.183,6,1674.21,0.582718,3.70794,0.893417
110,Cs4,277.183,7,1958.18,0.638361,3.36898,0.942043
110,Cs4,277.183,8,2246.18,0.581867,1.14413,0.856637
110,Cs4,277.183,11,3154.61,3.24624,-3.00448,0.98461
110,Cs4,277.183,24,7725.04,7.78045,-1.2721,0.936413
110,As3,233.082,1,232.828,0.258264,4.01023,0.54025
110,As3,233.082,2,465.656,0.326627,4.59899,0.909883
110,As3,233.082,3,699.829,0.384269,4.03348,0.949735
110,As3,233.082,4,934.003,0.356395,3.44519,0.86633
110,As3,233.082,5,1169.52,0.372922,3.29505,0.788485
110,As3,233.082,6,1405.04,0.455262,3.19531,0.896315
110,As3,233.082,7,1643.25,0.546009,3.72548,0.923038
110,As3,233.082,8,1888.19,0.945566,0.685427,0.993762
110,As3,233.082,20,5197.58,2.68199,0.551752,0.951538
110,As3,233.082,27,7546.04,6.99977,-1.43372,0.925828
110,D4,293.665,1,293.39,0.463968,5.05907,0.908577
110,D4,293.665,2,586.78,0.335922,2.85184,0.589624
110,D4,293.665,3,882.861,0.204589,2.72737,0.516549
110,D4,293.665,4,1177.6,0.579432,3.35174,0.795039
110,D4,293.665,5,1475.02,0.601414,3.06411,0.915189
110,D4,293.665,6,1773.8,0.626056,2.76467,0.948027
110,D4,293.665,7,2075.26,0.644264,2.24235,0.907913
110,D4,293.665,8,2380.76,0.76813,1.80632,0.951592
110,D4,293.665,27,9498.83,10.2238,-0.780096,0.907128
110,Fs5,739.989,2,1485.79,0.752551,2.6109,0.889366
110,Fs5,739.989,3,2238.11,0.927,1.88485,0.905421
110,Fs5,739.989,4,3001.19,1.86494,0.960802,0.964928
110,Fs5,739.989,6,4544.85,3.79784,-2.93658,0.993662
110,B7,3951.07,1,3960.76,3.82922,-1.57213,0.989932
110,B7,3951.07,2,7959.21,11.5003,-8.99607,0.791152
110,E2,82.4069,1,82.0953,0.290001,5.4211,0.947453
110,E2,82.4069,2,165.536,0.20764,2.91431,0.867749
110,E2,82.4069,3,247.632,0.239063,3.26326,0.779404
110,E2,82.4069,4,329.727,0.240815,5.18665,0.942044
110,E2,82.4069,5,411.823,0.205347,4.41373,0.875982
110,E2,82.4069,6,493.918,0.279943,3.83471,0.7496
110,E2,82.4069,7,577.359,0.20803,3.69129,0.813371
110,E2,82.4069,8,659.454,0.225035,1.75941,0.774836
110,E2,82.4069,9,742.896,0.272088,3.7919,0.891899
110,E2,82.4069,10,824.991,0.212958,3.97833,0.795145
110,E2,82.4069,11,908.432,0.29537,3.85224,0.865655
110,E2,82.4069,12,991.873,0.258866,3.2207,0.912732
110,E2,82.4069,13,1075.31,0.24985,4.23095,0.825644
110,E2,82.4069,14,1158.76,0.485295,2.90211,0.906052
110,E2,82.4069,15,1243.54,0.301666,3.0706,0.841613
110,E2,82.4069,16,1326.98,0.612877,1.13346,0.868521
110,E2,82.4069,17,1411.77,0.298048,2.0757,0.81656
110,E2,82.4069,18,1496.56,0.334089,3.96079,0.8914
110,E2,82.4069,19,1581.34,0.372838,3.35928,0.898239
110,E2,82.4069,20,1668.82,0.818066,1.51469,0.930217
110,E2,82.4069,21,1756.3,0.948548,2.6846,0.977449
110,E2,82.4069,36,3162.69,1.0464,-1.20947,0.875768
110,E2,82.4069,37,3264.97,0.67431,1.57767,0.97683
110,E2,82.4069,38,3357.83,0.731249,0.769884,0.969073
110,E2,82.4069,39,3452.04,0.850464,0.853414,0.979529
110,E2,82.4069,40,3546.25,0.919685,-2.50028,0.975517
110,E2,82.4069,41,3644.49,1.19759,-0.296378,0.847617
110,E2,82.4069,42,3738.7,1.00206,0.820178,0.979204
110,E2,82.4069,43,3847.71,1.66265,0.597618,0.948235
110,E2,82.4069,51,4730.58,1.47251,0.514316,0.976887
110,E2,82.4069,52,4831.51,1.57463,0.632533,0.938942
110,E2,82.4069,53,4937.83,1.53211,-0.395101,0.918219
110,E2,82.4069,54,5048.19,1.90355,0.615669,0.937936
110,E2,82.4069,55,5163.93,1.74991,-3.95018,0.848221
110,E2,82.4069,61,5900.1,3.13598,-0.344138,0.928327
110,E2,82.4069,62,6023.91,3.41301,-0.575969,0.876679
110,E2,82.4069,63,6136.96,4.26482,-1.12357,0.921371
110,E2,82.4069,71,7170.56,3.81008,-3.23997,0.860082
110,Gs2,103.826,1,103.629,0.253112,4.10883,0.656796
110,Gs2,103.826,2,207.257,0.24159,3.85794,0.847277
110,Gs2,103.826,3,310.886,0.160045,4.13959,0.641058
110,Gs2,103.826,4,414.514,0.213228,3.69669,0.815518
110,Gs2,103.826,5,519.489,0.218068,3.1559,0.805429
110,Gs2,103.826,6,623.117,0.251417,4.05674,0.733009
110,Gs2,103.826,7,728.091,0.240649,3.04588,0.758918
110,Gs2,103.826,8,831.72,0.252549,3.23376,0.785657
110,Gs2,103.826,9,936.694,0.224617,3.51427,0.655537
110,Gs2,103.826,10,1041.67,0.286429,4.07973,0.869373
110,Gs2,103.826,11,1146.64,0.225288,2.18469,0.812385
110,Gs2,103.826,12,1251.62,0.329911,3.38793,0.909145
110,Gs2,103.826,13,1357.94,0.370518,3.2089,0.903919
110,Gs2,103.826,14,1464.26,0.388341,2.97317,0.944235
110,Gs2,103.826,15,1570.58,0.442162,2.30413,0.939002
110,Gs2,103.826,16,1676.9,0.459259,0.60247,0.790603
110,Gs2,103.826,17,1784.56,0.476886,3.19429,0.948714
110,Gs2,103.826,18,1892.23,0.479202,2.04632,0.934093
110,Gs2,103.826,19,2001.24,0.441014,1.506,0.934824
110,Gs2,103.826,20,2110.25,0.512286,-1.09715,0.810926
110,Gs2,103.826,21,2217.92,0.629496,1.64268,0.915002
110,Gs2,103.826,22,2328.28,0.565105,0.922102,0.94219
110,Gs2,103.826,23,2439.98,0.586046,2.38585,0.964091
110,Gs2,103.826,24,2550.34,0.676842,1.38393,0.925157
110,Gs2,103.826,25,2662.04,0.573814,0.280458,0.944259
110,Gs2,103.826,26,2776.44,0.85177,1.65908,0.952132
110,Gs2,103.826,27,2890.83,0.862369,1.40208,0.905882
110,Gs2,103.826,28,3005.23,0.89388,0.492048,0.939128
110,Gs2,103.826,29,3141.16,1.72174,-0.892795,0.924972
110,Gs2,103.826,30,3240.75,0.919714,-4.58297,0.887703
110,Gs2,103.826,31,3356.49,0.662463,-4.62556,0.685751
110,Gs2,103.826,43,4846.32,4.85578,1.07617,0.936849
110,Gs2,103.826,44,4990.32,1.32118,-5.7276,0.720186
110,Gs2,103.826,53,6229.82,3.53395,-0.7435,0.94387
110,Gs2,103.826,57,6808.53,1.60194,-6.25901,0.742839
110,Gs2,103.826,58,6978.1,4.18684,-0.728369,0.918746
110,Gs2,103.826,59,7126.14,3.35376,-1.88623,0.883359
110,Gs2,103.826,60,7272.84,4.68269,-1.62397,0.919477
110,Gs2,103.826,61,7427.61,5.27748,-1.558,0.948297
110,Gs2,103.826,62,7578.34,5.46147,-0.873266,0.917361
110,Gs2,103.826,63,7723.69,5.52624,-1.74799,0.930511
110,Gs2,103.826,65,8037.27,4.11172,-0.824221,0.899001
110,Gs2,103.826,66,8193.38,5.90303,-1.50771,0.926654
110,Ds3,155.563,1,156.116,0.264055,3.91183,0.574526
110,Ds3,155.563,2,310.886,0.24325,4.85601,0.596069
110,Ds3,155.563,3,467.001,0.192513,3.48863,0.603845
110,Ds3,155.563,5,777.887,0.276539,3.72468,0.679043
110,Ds3,155.563,6,935.349,0.307871,2.80526,0.692177
110,Ds3,155.563,7,1091.46,0.359556,3.5104,0.820698
110,Ds3,155.563,8,1248.93,0.344179,1.12763,0.822899
110,Ds3,155.563,9,1407.73,0.401442,3.00694,0.875841
110,Ds3,155.563,10,1565.19,0.389424,3.69075,0.87147
110,Ds3,155.563,11,1725.35,0.662959,3.71614,0.995159
110,Ds3,155.563,12,1888.19,0.728897,2.24254,0.918866
110,Ds3,155.563,19,3096.74,1.09055,-6.62542,0.655815
110,Ds3,155.563,21,3449.35,2.3732,-2.61587,0.89977
110,Ds3,155.563,22,3609.5,1.92174,-1.66943,0.809847
110,Ds3,155.563,27,4575.81,2.06758,-3.42593,0.867582
110,Ds3,155.563,28,4772.3,1.90978,-0.308108,0.936072
110,Ds3,155.563,29,4956.67,1.86597,0.498707,0.967378
110,Ds3,155.563,35,6224.44,3.77244,-1.31181,0.956145
110,Ds3,155.563,38,6898.7,3.5962,-0.918926,0.935735
110,Ds3,155.563,45,8606.55,5.00467,-3.17978,0.868599
110,Ds3,155.563,52,10489.4,5.43009,-4.73307,0.765363
110,A5,880,1,881.516,0.793172,3.9916,0.782445
110,A5,880,2,1768.41,1.13077,2.97596,0.941903
110,A5,880,3,2670.12,1.93046,1.86778,0.973392
110,A5,880,4,3590.66,3.24276,1.85749,0.981286
110,A5,880,5,4534.08,4.36284,0.679751,0.959723
110,A5,880,6,5504.42,7.00454,-0.0139336,0.954512
110,A5,880,7,6505.72,7.88062,-1.1888,0.985329
110,A5,880,8,7572.96,11.6281,-0.748315,0.944039
110,A5,880,9,8671.15,15.8616,-0.874875,0.948554
110,C1,32.7032,1,32.2998,0.248579,2.78058,0.957442
110,C1,32.7032,2,64.5996,0.211487,3.57356,0.909029
110,C1,32.7032,3,96.8994,0.15186,5.48999,0.735114
110,C1,32.7032,4,130.545,0.177861,5.55095,0.850444
110,C1,32.7032,5,162.845,0.162479,3.17051,0.823914
110,C1,32.7032,6,195.145,0.145523,5.45077,0.67485
110,C1,32.7032,7,227.444,0.181509,4.48712,0.865406
110,C1,32.7032,9,293.39,0.164591,4.35474,0.796749
110,C1,32.7032,10,327.036,0.159156,4.56123,0.837892
110,C1,32.7032,11,359.335,0.154803,4.52409,0.72357
110,C1,32.7032,12,392.981,0.130526,5.07336,0.581032
110,C1,32.7032,13,425.281,0.148272,3.75035,0.671952
110,C1,32.7032,14,458.926,0.154783,3.93485,0.575208
110,C1,32.7032,15,492.572,0.181741,1.54403,0.768889
110,C1,32.7032,16,526.218,0.176153,2.59547,0.826314
110,C1,32.7032,17,559.863,0.190287,2.72596,0.75238
110,C1,32.7032,18,593.509,0.208898,3.30504,0.854434
110,C1,32.7032,19,627.155,0.1772,3.05891,0.764086
110,C1,32.7032,20,660.8,0.209305,3.21281,0.881599
110,C1,32.7032,21,695.792,0.214639,4.1035,0.883157
110,C1,32.7032,22,730.783,0.220539,3.95558,0.893824
110,C1,32.7032,23,764.429,0.219038,3.13906,0.836213
110,C1,32.7032,24,818.262,0.636184,1.89203,0.999992
110,C1,32.7032,25,834.412,0.261623,2.59497,0.849537
110,C1,32.7032,26,869.403,0.275465,2.28782,0.949631
110,C1,32.7032,27,905.74,0.275856,2.01483,0.972016
110,C1,32.7032,28,940.732,0.312535,3.25639,0.964141
110,C1,32.7032,29,978.415,0.320464,3.13688,0.977072
110,C1,32.7032,30,1013.41,0.332566,3.16234,0.958198
110,C1,32.7032,31,1049.74,0.379548,2.67001,0.995729
110,C1,32.7032,32,1086.08,0.378726,2.04717,0.970926
110,C1,32.7032,33,1123.76,0.427723,-0.472032,0.983767
110,C1,32.7032,34,1187.02,0.984497,0.461297,0.999443
110,C1,32.7032,35,1220.66,0.961522,-0.0195431,0.998224
110,C1,32.7032,36,1254.31,0.927138,-0.336358,0.996866
110,C1,32.7032,37,1289.3,0.949278,0.00176675,0.997418
110,C1,32.7032,38,1322.95,0.975718,-0.648027,0.999268
110,C1,32.7032,39,1356.59,0.895482,0.856935,0.990191
110,C1,32.7032,41,1460.22,0.996279,2.46995,0.999956
110,C1,32.7032,42,1495.21,1.03106,1.31658,0.999836
110,C1,32.7032,43,1530.2,1.05462,1.12204,0.999669
110,C1,32.7032,45,1625.76,0.837792,3.23689,0.925
110,C1,32.7032,46,1667.48,0.706821,1.72369,0.973547
110,C1,32.7032,47,1710.54,0.856885,1.54912,0.951924
110,C1,32.7032,48,1753.61,0.81475,1.04876,0.954082
110,C1,32.7032,49,1795.33,0.957671,1.96243,0.999916
110,C1,32.7032,50,1838.4,0.933622,1.62129,0.949382
110,C1,32.7032,51,1880.12,0.935055,2.49122,0.994393
110,C1,32.7032,52,1925.88,0.957545,3.84173,0.99748
110,C1,32.7032,53,1967.6,1.00737,3.2372,0.989372
110,C1,32.7032,54,2012.01,1.07632,2.08551,0.988358
110,C1,32.7032,55,2056.42,1.08553,1.59187,0.998392
110,C1,32.7032,56,2102.18,1.09289,0.0835883,0.985075
110,C1,32.7032,57,2147.94,1.11816,0.867706,0.992066
110,C1,32.7032,58,2193.7,1.16842,0.843672,0.999877
110,C1,32.7032,59,2239.45,1.1373,1.28155,0.947403
110,C1,32.7032,60,2286.56,1.03632,1.76776,0.953175
110,C1,32.7032,61,2332.31,1.28806,1.23551,0.949843
110,C1,32.7032,62,2379.42,1.30574,0.829637,0.993425
110,C1,32.7032,63,2429.21,1.19172,0.301215,0.987946
110,C1,32.7032,64,2476.32,1.16895,1.91807,0.99048
110,C1,32.7032,65,2524.77,1.17267,0.0783438,0.976373
110,C1,32.7032,67,2624.36,1.31459,-0.602966,0.982892
110,C1,32.7032,68,2675.5,1.40824,-0.285465,0.985621
110,C1,32.7032,71,2855.84,1.90124,2.70544,0.997875
110,C1,32.7032,74,3014.65,1.47171,-0.818615,0.941024
110,C1,32.7032,75,3055.02,2.19869,-0.704737,0.884824
110,C1,32.7032,76,3135.77,2.06099,-1.76998,0.955327
110,C1,32.7032,77,3176.15,2.35908,-0.951304,0.946796
110,C1,32.7032,79,3299.96,1.94042,-0.11757,0.911424
110,C1,32.7032,80,3340.34,2.14699,0.274577,0.888406
110,C1,32.7032,81,3421.09,3.13835,-0.358299,0.948311
110,C1,32.7032,82,3478.96,3.08735,-0.180667,0.956243
110,C1,32.7032,83,3538.17,3.47658,0.99773,0.965413
110,C1,32.7032,84,3596.04,3.05903,1.16925,0.96568
110,C1,32.7032,85,3656.61,3.63257,-0.00351518,0.927635
110,C1,32.7032,86,3714.48,3.62902,0.796943,0.951322
110,C1,32.7032,87,3773.69,4.29613,-0.0779878,0.973544
110,C1,32.7032,88,3832.91,3.62499,-2.05485,0.87624
110,C1,32.7032,89,3893.47,3.21304,-0.152662,0.930427
110,C1,32.7032,90,3952.69,4.53364,-0.269014,0.975188
110,C1,32.7032,91,4018.63,4.6814,-0.0887899,0.970077
110,C1,32.7032,92,4077.85,4.52528,-1.03056,0.963737
110,C1,32.7032,93,4143.8,5.33346,-0.683646,0.964453
110,C1,32.7032,94,4204.36,5.23684,-0.0151704,0.96661
110,C1,32.7032,95,4286.45,4.00101,1.64711,0.986186
110,G6,1567.98,1,1574.62,1.95038,4.35191,0.987146
110,G6,1567.98,2,3160,3.4106,-0.882993,0.980413
110,G6,1567.98,3,4748.07,4.15528,-1.50594,0.999946
110,Cs5,554.365,1,554.48,0.538701,4.33361,0.83776
110,Cs5,554.365,2,1110.31,0.556298,4.07295,0.763158
110,Cs5,554.365,3,1671.51,0.878925,3.23309,0.878471
110,Cs5,554.365,4,2238.11,0.948354,2.89661,0.944544
110,Cs5,554.365,5,2811.43,1.57393,1.5912,0.932507
110,Cs5,554.365,6,3396.86,2.3056,1.92301,0.97481
110,Cs5,554.365,7,3993.06,3.05094,0.764312,0.96807
110,Cs5,554.365,8,4602.72,4.21637,0.409848,0.950204
110,Cs5,554.365,9,5228.53,5.61061,0.580796,0.934357
110,Cs5,554.365,10,5869.14,7.54345,0.313772,0.948167
110,Cs5,554.365,11,6528.6,9.14497,-1.0236,0.927919
110,Cs5,554.365,12,7208.24,13.5404,-1.99421,0.949873
110,Cs5,554.365,13,7891.92,13.3865,-1.37722,0.989151
110,Cs5,554.365,14,8630.78,15.5204,-1.49593,0.936071
110,Cs5,554.365,15,9353.49,14.051,-3.23713,0.92398
110,Cs2,69.2957,1,68.6371,0.329837,3.76009,0.833489
110,Cs2,69.2957,2,138.62,0.459899,5.23389,0.959082
110,Cs2,69.2957,3,207.257,0.225595,4.03296,0.607835
110,Cs2,69.2957,4,277.24,0.248943,3.07639,0.804498
110,Cs2,69.2957,5,345.877,0.309799,4.80393,0.809308
110,Cs2,69.2957,7,484.497,0.228138,3.81434,0.843423
110,Cs2,69.2957,8,554.48,0.208034,2.34688,0.728365
110,Cs2,69.2957,9,624.463,0.205536,3.61243,0.661634
110,Cs2,69.2957,10,693.1,0.271481,4.20623,0.855076
110,Cs2,69.2957,11,763.083,0.222316,3.46702,0.82683
110,Cs2,69.2957,12,833.066,0.198546,3.83813,0.752754
110,Cs2,69.2957,13,903.049,0.219811,1.3014,0.696696
110,Cs2,69.2957,14,974.377,0.238329,2.92329,0.773481
110,Cs2,69.2957,15,1044.36,0.289382,2.19642,0.808275
110,Cs2,69.2957,16,1114.34,0.307258,1.71531,0.787267
110,Cs2,69.2957,17,1185.67,0.302939,3.63973,0.868093
110,Cs2,69.2957,18,1255.65,0.333611,2.87685,0.910671
110,Cs2,69.2957,19,1328.33,0.380866,3.24723,0.806752
110,Cs2,69.2957,20,1401,0.3738,1.61708,0.865814
110,Cs2,69.2957,21,1475.02,0.348983,2.14495,0.917035
110,Cs2,69.2957,27,1947.41,0.727482,-0.244087,0.932039
110,Cs2,69.2957,28,2017.39,0.709119,-0.811952,0.897075
110,Cs2,69.2957,33,2421.14,0.628702,2.26891,0.927004
110,Cs2,69.2957,34,2499.2,0.651327,1.82802,0.93871
110,Cs2,69.2957,35,2575.91,0.608694,2.13139,0.958806
110,Cs2,69.2957,36,2651.28,0.623018,2.51734,0.917151
110,Cs2,69.2957,37,2729.33,0.667464,3.15623,0.962514
110,Cs2,69.2957,38,2807.39,0.628012,2.69709,0.959714
110,Cs2,69.2957,39,2886.79,0.624992,1.50766,0.975635
110,Cs2,69.2957,41,3081.94,0.675299,-1.25971,0.916451
110,Cs2,69.2957,42,3154.61,0.828182,-0.901364,0.879796
110,Cs2,69.2957,43,3229.98,0.783956,-1.0076,0.911725
110,Cs2,69.2957,46,3519.33,0.995111,0.426926,0.961576
110,Cs2,69.2957,47,3600.08,1.26922,-2.09698,0.899428
110,Cs2,69.2957,48,3682.18,1.13262,0.0552642,0.936782
110,Cs2,69.2957,49,3769.66,0.971205,0.165279,0.968216
110,Cs2,69.2957,50,3881.36,1.16094,-2.5749,0.77926
110,Cs2,69.2957,51,3955.38,1.16937,-2.40873,0.767226
110,Cs2,69.2957,54,4250.12,1.42232,-0.174463,0.953513
110,Cs2,69.2957,55,4357.78,1.33757,-0.412841,0.934792
110,Cs2,69.2957,56,4446.61,1.3244,-0.972465,0.922
110,Cs2,69.2957,57,4532.74,1.51381,0.397092,0.962758
110,Cs2,69.2957,58,4630.98,1.24467,-0.926785,0.912383
110,Cs2,69.2957,62,5068.38,2.37768,-0.1886,0.937677
110,Cs2,69.2957,63,5163.93,2.11201,-0.178037,0.95336
110,Cs2,69.2957,64,5251.41,2.80745,-1.34365,0.956566
110,Cs2,69.2957,65,5379.26,2.61591,-0.50847,0.946974
110,Cs2,69.2957,68,5687.46,2.34547,-0.578427,0.913825
110,Cs2,69.2957,70,5921.63,2.20177,-3.50869,0.869931
110,Cs2,69.2957,71,6025.26,2.74025,-0.823261,0.922327
110,Cs2,69.2957,75,6509.76,3.84034,-2.36233,0.97487
110,Cs2,69.2957,76,6610.69,4.52343,-1.64272,0.966836
110,Cs2,69.2957,81,7235.16,5.60343,-0.683631,0.936862
110,Cs2,69.2957,82,7350.9,1.73943,-6.09023,0.656378
110,Cs2,69.2957,88,8108.6,3.69035,-4.54399,0.790562
110,G1,48.9994,1,48.4497,0.26006,3.46209,0.789742
110,G1,48.9994,2,98.2452,0.246264,5.1567,0.769052
110,G1,48.9994,3,146.695,0.25992,6.19386,0.917974
110,G1,48.9994,4,195.145,0.217298,4.7987,0.858456
110,G1,48.9994,5,244.94,0.235514,4.22766,0.831283
110,G1,48.9994,7,341.84,0.229643,4.03897,0.813632
110,G1,48.9994,8,391.635,0.247775,2.95406,0.935083
110,G1,48.9994,9,441.431,0.157678,4.03223,0.735481
110,G1,48.9994,10,489.88,0.337839,5.11395,0.890719
110,G1,48.9994,11,539.676,0.150102,2.3793,0.665387
110,G1,48.9994,12,588.126,0.251701,3.25652,0.70214
110,G1,48.9994,13,637.921,0.251703,4.19475,0.80941
110,G1,48.9994,14,687.717,0.226435,4.12268,0.928583
110,G1,48.9994,15,737.512,0.203064,2.87642,0.756045
110,G1,48.9994,16,787.308,0.228432,2.82878,0.812916
110,G1,48.9994,17,837.103,0.20328,3.27528,0.630794
110,G1,48.9994,18,886.899,0.24514,3.41343,0.759692
110,G1,48.9994,19,938.04,0.293223,3.64778,0.76209
110,G1,48.9994,20,987.836,0.316369,2.46153,0.836583
110,G1,48.9994,21,1038.98,0.25067,4.01213,0.793546
110,G1,48.9994,22,1091.46,0.274528,3.72389,0.830018
110,G1,48.9994,23,1143.95,0.270816,2.48493,0.789741
110,G1,48.9994,25,1274.5,0.859807,0.397261,0.871285
110,G1,48.9994,26,1325.64,0.864075,0.974501,0.82593
110,G1,48.9994,27,1375.43,0.707684,0.923651,0.911461
110,G1,48.9994,28,1425.23,0.77254,0.813016,0.876303
110,G1,48.9994,29,1475.02,0.628567,0.112911,0.831702
110,G1,48.9994,30,1524.82,0.833738,-1.02621,0.881602
110,G1,48.9994,32,1658.06,0.49825,0.850009,0.970549
110,G1,48.9994,33,1713.24,0.474847,2.28938,0.931021
110,G1,48.9994,34,1767.07,0.554728,2.59929,0.936825
110,G1,48.9994,35,1819.56,0.515674,3.19138,0.940855
110,G1,48.9994,36,1874.73,0.546447,3.25908,0.992403
110,G1,48.9994,37,1928.57,0.589597,3.65967,0.936279
110,G1,48.9994,38,1983.75,0.5013,2.61887,0.978004
110,G1,48.9994,39,2040.27,0.513805,1.45893,0.953186
110,G1,48.9994,41,2177.55,0.828295,0.475828,0.944607
110,G1,48.9994,42,2228.69,0.716026,-0.920235,0.944507
110,G1,48.9994,43,2279.83,0.705554,-0.388273,0.944728
110,G1,48.9994,45,2431.91,0.796204,1.79088,0.949559
110,G1,48.9994,46,2489.78,0.778776,2.10921,0.960254
110,G1,48.9994,47,2548.99,0.844963,-1.06624,0.947175
110,G1,48.9994,48,2605.52,0.919807,1.12375,0.976636
110,G1,48.9994,49,2666.08,0.912935,0.788169,0.991197
110,G1,48.9994,50,2725.3,1.06884,0.580104,0.956999
110,G1,48.9994,51,2793.93,0.801445,-0.950969,0.963325
110,G1,48.9994,54,3002.54,1.10944,-0.461447,0.949465
110,G1,48.9994,55,3084.63,1.27672,-0.543201,0.959255
110,G1,48.9994,56,3149.23,1.22048,0.908585,0.970536
110,G1,48.9994,57,3207.1,1.20625,1.222,0.973162
110,G1,48.9994,58,3273.05,1.25253,0.33377,0.973405
110,G1,48.9994,59,3363.22,1.31363,0.951635,0.975611
110,G1,48.9994,60,3426.47,1.56623,-0.881994,0.927977
110,G1,48.9994,62,3587.97,1.52456,0.744117,0.95572
110,G1,48.9994,63,3659.3,1.49845,-0.0698526,0.98775
110,G1,48.9994,64,3719.86,1.8535,-0.390204,0.911807
110,G1,48.9994,65,3803.3,1.49941,1.18093,0.967008
110,G1,48.9994,66,3859.83,1.53764,1.19194,0.969478
110,G1,48.9994,67,3966.15,1.82843,-0.618627,0.901654
110,G1,48.9994,68,4033.44,2.09196,1.58243,0.973817
110,G1,48.9994,70,4197.63,2.6825,-1.28999,0.922462
110,G1,48.9994,71,4260.88,2.49817,0.329185,0.962949
110,G1,48.9994,72,4337.59,2.56838,0.0780449,0.89866
110,G1,48.9994,74,4523.32,2.88308,0.132638,0.902031
110,G1,48.9994,75,4578.5,2.90277,0.0314521,0.877105
110,G1,48.9994,76,4687.51,2.84447,-0.191059,0.969736
110,G1,48.9994,77,4760.18,3.01931,0.730513,0.957465
110,G1,48.9994,78,4834.2,3.14439,-0.419443,0.908015
110,G1,48.9994,79,4918.99,4.01407,0.160565,0.976096
110,G1,48.9994,82,5208.34,4.75138,-0.290193,0.969882
110,G1,48.9994,83,5295.82,3.50011,0.28774,0.921801
110,G1,48.9994,84,5379.26,4.96188,0.574489,0.965026
110,G1,48.9994,85,5450.59,3.4762,0.487041,0.941978
110,G1,48.9994,88,5756.09,4.15956,-2.97478,0.917132
110,G1,48.9994,89,5848.96,5.22828,-1.3243,0.901494
110,G1,48.9994,90,5916.25,5.39451,-1.42677,0.948727
110,G1,48.9994,91,6013.15,4.78719,-0.675164,0.952106
110,G1,48.9994,94,6329.42,7.33969,-1.77784,0.958428
110,G1,48.9994,95,6414.2,7.11468,-1.22646,0.948412
110,G1,48.9994,96,6516.49,6.56654,-0.424278,0.895468
110,C6,1046.5,1,1048.4,1.22452,4.17481,0.866453
110,C6,1046.5,2,2106.22,1.98983,3.78317,0.990206
110,C6,1046.5,3,3186.91,3.12769,1.91923,0.978766
110,C6,1046.5,4,4289.15,5.12084,1.56865,0.985595
110,C6,1046.5,5,5371.19,7.76904,-3.58526,0.925981
110,A2,110,1,110.358,0.510725,4.63026,0.813197
110,A2,110,2,219.37,0.278899,3.03496,0.797725
110,A2,110,4,440.085,0.234786,3.80801,0.701097
110,A2,110,5,550.443,0.262835,3.54672,0.774862
110,A2,110,6,660.8,0.184377,2.66514,0.808523
110,A2,110,7,771.158,0.216962,1.91905,0.768871
110,A2,110,8,881.516,0.223743,2.57317,0.71423
110,A2,110,9,991.873,0.279599,3.28646,0.852405
110,A2,110,10,1103.58,0.310262,4.01361,0.824609
110,A2,110,11,1216.63,0.291041,2.58675,0.800866
110,A2,110,12,1331.02,0.367101,2.89127,0.839147
110,A2,110,20,2318.86,0.823271,-1.81109,0.905663
110,A2,110,23,2702.42,0.67692,0.993335,0.970639
110,A2,110,24,2820.85,1.11392,-1.2032,0.951904
110,A2,110,25,2943.32,1.03123,2.89464,0.953327
110,A2,110,26,3102.13,2.31756,-2.10076,0.817626
110,A2,110,27,3216.52,2.44873,-2.83907,0.837906
110,A2,110,28,3382.06,3.9475,0.807637,0.933565
110,A2,110,30,3666.03,1.11258,-0.0139643,0.964387
110,A2,110,31,3795.23,1.2196,-0.318443,0.942116
110,A2,110,36,4559.66,1.71897,0.333171,0.978388
110,A2,110,39,5054.92,1.16328,-5.75246,0.798035
110,A2,110,41,5360.42,2.12218,0.316076,0.954234
110,A2,110,45,6062.94,3.75877,-1.33327,0.89122
110,A2,110,48,6644.34,2.81867,-1.13942,0.936156
110,A2,110,51,7213.62,3.41429,-3.75165,0.930442
110,A2,110,52,7393.96,4.93857,-0.882533,0.954116
110,A2,110,55,8025.16,4.9314,-0.763043,0.839709
110,Ds4,311.127,1,310.886,0.419055,4.74738,0.636675
110,Ds4,311.127,2,621.771,0.247364,3.6587,0.563926
110,Ds4,311.127,3,934.003,0.452511,3.57375,0.818714
110,Ds4,311.127,4,1247.58,0.33276,1.86696,0.587477
110,Ds4,311.127,5,1563.85,0.474445,2.76734,0.92474
110,Ds4,311.127,6,1881.46,0.609179,3.03326,0.846587
110,Ds4,311.127,7,2200.42,0.594604,0.750321,0.93004
110,Ds4,311.127,8,2524.77,0.827095,1.41445,0.894833
110,Ds4,311.127,9,2854.5,1.00196,2.2551,0.934677
110,Ds4,311.127,10,3189.61,0.912561,-3.84011,0.80653
110,Gs5,830.609,1,831.72,0.589712,4.21052,0.856769
110,Gs5,830.609,2,1670.17,1.00195,3.26578,0.96871
110,Gs5,830.609,3,2516.69,1.83613,2.923,0.972999
110,Gs5,830.609,4,3353.8,3.07092,-2.91515,0.944702
110,E5,659.255,1,659.454,0.412921,3.60349,0.742455
110,E5,659.255,2,1322.95,0.727926,4.04312,0.912787
110,E5,659.255,3,1991.82,0.819247,3.27295,0.89461
110,E5,659.255,4,2668.77,1.24254,2.71643,0.978887
110,E5,659.255,5,3359.18,2.7519,1.3511,0.958723
110,E5,659.255,6,4040.17,2.96878,-3.26118,0.984226
110,E5,659.255,7,4754.8,3.75538,-2.37515,0.993297
110,E5,659.255,8,5461.36,7.021,-3.1351,0.859523
110,B0,30.8677,1,30.954,0.226063,2.07548,0.951055
110,B0,30.8677,2,61.908,0.233288,3.93467,0.946145
110,B0,30.8677,3,91.5161,0.199586,5.86433,0.896462
110,B0,30.8677,4,122.47,0.168021,5.7502,0.772528
110,B0,30.8677,5,153.424,0.1543,4.60056,0.817109
110,B0,30.8677,6,184.378,0.147657,5.25324,0.665709
110,B0,30.8677,10,308.194,0.10476,4.7056,0.534748
110,B0,30.8677,11,339.148,0.130106,4.30974,0.678503
110,B0,30.8677,12,371.448,0.125606,5.21256,0.576226
110,B0,30.8677,13,402.402,0.151155,4.66075,0.666837
110,B0,30.8677,14,433.356,0.149082,4.37226,0.734695
110,B0,30.8677,15,465.656,0.166077,2.14549,0.640156
110,B0,30.8677,16,497.955,0.168593,2.19302,0.847075
110,B0,30.8677,17,530.255,0.204808,3.82958,0.895849
110,B0,30.8677,18,562.555,0.189189,3.00635,0.853432
110,B0,30.8677,19,593.509,0.21942,4.16584,0.885183
110,B0,30.8677,20,627.155,0.205701,3.79359,0.894598
110,B0,30.8677,21,659.454,0.210561,4.94021,0.872193
110,B0,30.8677,22,693.1,0.226638,3.89537,0.850453
110,B0,30.8677,23,725.4,0.232148,3.09507,0.893594
110,B0,30.8677,24,772.504,0.634161,2.44384,0.999969
110,B0,30.8677,25,804.803,0.684543,2.30393,0.999965
110,B0,30.8677,26,826.337,0.262856,3.90299,0.955305
110,B0,30.8677,27,861.328,0.28195,4.49804,0.93268
110,B0,30.8677,28,896.32,0.290703,3.37082,0.955161
110,B0,30.8677,29,929.965,0.33611,3.49562,0.959751
110,B0,30.8677,30,964.957,0.401388,4.4857,0.995997
110,B0,30.8677,31,999.948,0.433004,3.1257,0.956261
110,B0,30.8677,32,1036.29,0.376303,2.92438,0.993729
110,B0,30.8677,33,1071.28,0.448817,1.22347,0.994114
110,B0,30.8677,34,1108.96,0.464739,3.41351,0.995472
110,B0,30.8677,35,1145.3,0.505795,3.91392,0.991465
110,B0,30.8677,36,1181.63,0.583959,3.25557,0.965839
110,B0,30.8677,37,1217.97,0.546384,3.77656,0.975601
110,B0,30.8677,38,1255.65,0.649317,3.73916,0.990117
110,B0,30.8677,39,1294.68,0.589366,3.7628,0.975059
110,B0,30.8677,40,1332.37,0.655638,1.61152,0.97965
110,B0,30.8677,41,1370.05,0.696659,2.29787,0.988046
110,B0,30.8677,42,1410.42,0.682723,2.74635,0.987389
110,B0,30.8677,43,1449.45,0.722202,3.49522,0.985279
110,B0,30.8677,44,1489.83,0.713523,1.79053,0.969626
110,B0,30.8677,45,1528.86,0.841235,2.53111,0.930094
110,B0,30.8677,46,1569.23,0.888143,3.72413,0.979653
110,B0,30.8677,47,1608.26,0.896549,3.60213,0.997771
110,B0,30.8677,48,1651.33,0.874379,2.74381,0.985207
110,B0,30.8677,49,1694.39,0.912864,1.34414,0.999155
110,B0,30.8677,50,1734.77,1.02053,2.23113,0.989072
110,B0,30.8677,51,1777.84,1.08932,2.4627,0.979463
110,B0,30.8677,52,1820.9,1.25314,2.13411,0.965351
110,B0,30.8677,53,1863.97,1.19055,2.74835,0.930958
110,B0,30.8677,54,1907.03,1.30912,3.45056,0.975594
110,B0,30.8677,55,1950.1,1.39049,2.58347,0.999142
110,B0,30.8677,57,2036.23,1.32149,0.217785,0.997906
110,B0,30.8677,63,2289.25,1.49937,-0.78781,0.994313
110,B0,30.8677,64,2349.81,4.28895,1.84946,0.999856
110,B0,30.8677,65,2399.61,1.44031,-0.199586,0.999727
110,B0,30.8677,66,2437.29,1.47088,-0.471605,0.99904
110,B0,30.8677,68,2550.34,1.53986,-0.288718,0.999425
110,B0,30.8677,69,2588.02,1.52599,0.498142,0.999755
110,B0,30.8677,70,2624.36,2.26301,1.0301,0.905339
110,B0,30.8677,71,2674.15,2.15316,1.70062,0.996263
110,B0,30.8677,72,2726.64,1.97399,1.1171,0.99422
110,B0,30.8677,73,2777.78,2.1795,1.84871,0.975531
110,B0,30.8677,74,2832.96,2.25941,0.934523,0.999238
110,B0,30.8677,75,2885.45,2.86233,0.926904,0.999113
110,B0,30.8677,76,2937.94,1.83929,0.979139,0.988266
110,B0,30.8677,77,2994.46,2.77342,0.199439,0.986281
110,B0,30.8677,78,3046.95,2.77407,1.50611,0.988137
110,B0,30.8677,79,3103.47,2.93444,1.33768,0.977228
110,B0,30.8677,80,3161.34,3.35037,1.28546,0.988142
110,B0,30.8677,81,3217.87,2.45268,0.307117,0.951398
110,B0,30.8677,82,3285.16,2.8364,2.19359,0.9973
110,B0,30.8677,83,3333.61,4.29083,1.22486,0.976213
110,B0,30.8677,84,3390.13,4.7326,1.0263,0.957934
110,B0,30.8677,85,3452.04,4.15119,0.782304,0.965583
110,B0,30.8677,86,3509.91,3.77353,0.460326,0.936331
110,B0,30.8677,87,3571.82,3.98803,1.52808,0.976654
110,B0,30.8677,88,3632.38,4.7847,-0.754116,0.91535
110,B0,30.8677,89,3690.25,4.96713,0.610495,0.956338
110,B0,30.8677,90,3729.28,3.51448,-0.27863,0.933376
110,B0,30.8677,91,3812.72,3.64334,1.16505,0.948544
110,B0,30.8677,92,3861.17,4.31385,0.658479,0.94187
110,B0,30.8677,93,3905.58,4.91193,0.371509,0.923875
110,B0,30.8677,94,3994.41,4.45904,-0.318796,0.930203
110,B0,30.8677,95,4040.17,4.84547,-1.70948,0.946736
110,Fs2,92.4986,1,92.8619,0.33506,4.70075,0.858675
110,Fs2,92.4986,2,184.378,0.215167,3.35456,0.634861
110,Fs2,92.4986,3,277.24,0.177987,4.21581,0.634787
110,Fs2,92.4986,4,370.102,0.242345,4.00628,0.758781
110,Fs2,92.4986,6,554.48,0.206027,4.3879,0.685645
110,Fs2,92.4986,7,647.342,0.191319,3.85312,0.596127
110,Fs2,92.4986,9,834.412,0.240093,3.53987,0.751766
110,Fs2,92.4986,10,927.274,0.240778,2.73982,0.800652
110,Fs2,92.4986,11,1021.48,0.265913,1.94621,0.810683
110,Fs2,92.4986,12,1114.34,0.31411,2.8707,0.883566
110,Fs2,92.4986,13,1208.55,0.249953,2.7675,0.820049
110,Fs2,92.4986,14,1302.76,0.293269,3.65877,0.781392
110,Fs2,92.4986,15,1396.97,0.420377,3.26359,0.914903
110,Fs2,92.4986,16,1492.52,0.42396,2.26365,0.873076
110,Fs2,92.4986,17,1586.73,0.439804,1.90119,0.859803
110,Fs2,92.4986,18,1682.28,0.519493,3.62523,0.927078
110,Fs2,92.4986,19,1779.18,0.445378,2.17716,0.901529
110,Fs2,92.4986,20,1874.73,0.469784,2.27489,0.916924
110,Fs2,92.4986,21,1972.98,0.534669,2.38337,0.858535
110,Fs2,92.4986,22,2071.23,0.587309,2.38195,0.963958
110,Fs2,92.4986,23,2170.82,0.635394,1.21823,0.874396
110,Fs2,92.4986,28,2699.73,0.84314,-0.528802,0.954063
110,Fs2,92.4986,29,2793.93,1.14976,-1.98105,0.853133
110,Fs2,92.4986,43,4344.32,1.37743,0.724022,0.967847
110,Fs2,92.4986,44,4458.72,1.43122,1.40284,0.963594
110,Fs2,92.4986,45,4570.42,1.47852,1.45092,0.975261
110,Fs2,92.4986,46,4683.47,1.52803,0.576639,0.964438
110,Fs2,92.4986,47,4799.21,1.88214,-0.0515579,0.877188
110,Fs2,92.4986,48,4921.68,2.34907,-3.21288,0.899347
110,Fs2,92.4986,49,5032.04,1.91951,-0.215879,0.938754
110,Fs2,92.4986,52,5420.98,2.10053,-3.27991,0.867471
110,Fs2,92.4986,61,6616.08,2.90667,-0.0228495,0.936613
110,Fs2,92.4986,62,6749.31,4.45223,0.0369139,0.898025
110,Fs2,92.4986,63,6877.17,3.08768,-3.50704,0.883574
110,Fs2,92.4986,64,7011.75,3.39124,-0.46453,0.879468
110,Fs2,92.4986,65,7173.25,1.47457,-7.0396,0.688285
110,Fs2,92.4986,74,8532.53,7.72192,-1.0898,0.902923
110,Fs2,92.4986,75,8669.81,5.4167,-1.44566,0.89965
110,Fs2,92.4986,76,8817.85,7.09314,-1.22545,0.915149
110,Fs2,92.4986,77,8972.62,5.27119,-1.61951,0.850319
110,F7,2793.83,1,2818.16,5.01047,2.42351,0.993527
110,F7,2793.83,2,5645.74,14.4984,-5.9295,0.920538
110,D3,146.832,1,146.695,0.351963,4.53413,0.803302
110,D3,146.832,3,440.085,0.196239,3.87413,0.662196
110,D3,146.832,4,586.78,0.205852,3.82067,0.50329
110,D3,146.832,5,734.821,0.247229,4.02111,0.70384
110,D3,146.832,6,882.861,0.378384,4.71128,0.898012
110,D3,146.832,7,1030.9,0.392147,3.79318,0.887713
110,D3,146.832,8,1178.94,0.418934,2.42644,0.862665
110,D3,146.832,9,1328.33,0.431743,4.00314,0.897722
110,D3,146.832,10,1479.06,0.406781,3.66149,0.832575
110,D3,146.832,11,1627.1,0.40967,3.007,0.870932
110,D3,146.832,12,1781.87,0.455822,3.26837,0.901776
110,D3,146.832,21,3255.55,1.84896,-1.72442,0.826823
110,D3,146.832,22,3406.28,1.88715,-0.554164,0.841797
110,D3,146.832,27,4318.75,1.16341,-5.03448,0.757618
110,D3,146.832,28,4504.48,1.86289,1.07183,0.951466
110,D3,146.832,29,4678.09,1.72306,1.73985,0.956267
110,D3,146.832,35,5875.87,2.78077,-3.34491,0.862438
110,D3,146.832,38,6511.1,3.05867,0.437017,0.929316
110,D3,146.832,41,7162.48,4.33918,-3.23074,0.908097
110,D3,146.832,45,8123.4,6.72944,-0.752836,0.947292
110,D3,146.832,46,8336.04,6.49246,-2.30232,0.950798
110,As4,466.164,1,465.656,0.407231,3.86773,0.867337
110,As4,466.164,2,934.003,0.345233,3.24482,0.546076
110,As4,466.164,3,1403.7,0.488672,3.63312,0.809317
110,As4,466.164,4,1877.43,0.506021,0.859938,0.860094
110,As4,466.164,5,2355.19,0.898218,1.76286,0.964756
110,As4,466.164,6,2843.73,1.28529,1.48942,0.9494
110,As4,466.164,7,3353.8,0.863292,-5.77596,0.615576
110,F2,87.3071,1,87.4786,0.295222,4.91759,0.858766
110,F2,87.3071,2,174.957,0.262417,3.17314,0.665772
110,F2,87.3071,3,261.09,0.20379,2.99469,0.765422
110,F2,87.3071,4,348.569,0.275259,4.00661,0.637416
110,F2,87.3071,5,436.047,0.201448,3.18394,0.766838
110,F2,87.3071,7,611.005,0.20402,4.14752,0.738279
110,F2,87.3071,8,699.829,0.159162,2.17021,0.64802
110,F2,87.3071,9,787.308,0.223561,3.08086,0.69714
110,F2,87.3071,10,874.786,0.226611,3.55713,0.746242
110,F2,87.3071,11,963.611,0.240306,2.71978,0.767798
110,F2,87.3071,12,1051.09,0.337525,2.94202,0.799064
110,F2,87.3071,13,1139.91,0.294953,4.16443,0.706648
110,F2,87.3071,14,1228.74,0.268797,3.76651,0.734869
110,F2,87.3071,15,1317.56,0.306108,3.62109,0.861765
110,F2,87.3071,16,1407.73,0.446276,1.77094,0.877034
110,F2,87.3071,17,1496.56,0.337367,1.94675,0.911977
110,F2,87.3071,18,1586.73,0.355756,3.21634,0.912487
110,F2,87.3071,19,1678.24,0.413221,3.78132,0.907519
110,F2,87.3071,20,1768.41,0.606883,0.864583,0.89282
110,F2,87.3071,21,1861.28,0.371444,2.54789,0.906535
110,F2,87.3071,28,2546.3,0.675683,-0.560156,0.904439
110,F2,87.3071,29,2635.13,0.703134,-0.438949,0.880633
110,F2,87.3071,36,3353.8,1.27857,-1.3586,0.936852
110,F2,87.3071,37,3445.31,0.897188,-4.96789,0.574488
110,F2,87.3071,39,3668.72,1.07011,0.192472,0.912341
110,F2,87.3071,40,3773.69,1.62751,-0.948152,0.830862
110,F2,87.3071,41,3875.98,1.49929,-0.468184,0.951524
110,F2,87.3071,42,3979.6,1.54316,-0.255731,0.953043
110,F2,87.3071,43,4080.54,1.34774,0.141767,0.950177
110,F2,87.3071,44,4184.17,1.20183,0.655533,0.938909
110,F2,87.3071,45,4293.18,1.2896,0.974171,0.935108
110,F2,87.3071,48,4636.37,1.33646,-4.85209,0.836233
110,F2,87.3071,55,5490.97,3.45686,-0.442124,0.927309
110,F2,87.3071,56,5606.71,3.57836,-0.22141,0.918163
110,F2,87.3071,57,5723.79,2.18807,-1.90088,0.929955
110,F2,87.3071,58,5839.54,2.84717,0.639813,0.893497
110,F2,87.3071,66,6918.89,4.73509,-0.757985,0.953879
110,F2,87.3071,67,7050.78,5.11635,-0.335971,0.916189
110,F2,87.3071,68,7173.25,3.8748,-0.560984,0.900939
110,F2,87.3071,69,7306.48,4.81653,-1.73716,0.901558
110,F2,87.3071,76,8353.54,5.61918,-1.30892,0.914628
110,F2,87.3071,77,8500.23,6.40701,-1.31882,0.889263
110,F2,87.3071,78,8630.78,6.9355,-0.800028,0.928469
110,F2,87.3071,86,9914.69,8.50426,-1.39562,0.964791
110,F2,87.3071,88,10226.9,8.21151,-0.937533,0.936334
110,B5,987.767,1,989.182,0.865722,2.66534,0.866296
110,B5,987.767,2,1986.44,1.28853,2.81241,0.957523
110,B5,987.767,3,3003.88,2.23406,2.54167,0.965881
110,B5,987.767,4,4041.51,3.6259,1.86082,0.971331
110,B5,987.767,5,5112.79,5.7847,1.1928,0.953382
110,B5,987.767,6,6212.33,9.73948,0.30245,0.990673
110,Fs7,2959.96,1,2982.35,4.23243,0.678364,0.999004
110,Fs7,2959.96,2,5964.7,10.7386,-2.69427,0.99999
110,Fs7,2959.96,3,9057.4,3.61438,-10.6654,0.558958
110,As1,58.2705,1,57.8705,0.264857,2.3524,0.811396
110,As1,58.2705,2,117.087,0.231448,4.75263,0.841834
110,As1,58.2705,3,174.957,0.332622,4.21297,0.875675
110,As1,58.2705,4,232.828,0.207857,3.69145,0.833967
110,As1,58.2705,5,290.698,0.265728,3.14303,0.868819
110,As1,58.2705,6,348.569,0.142312,3.31693,0.511467
110,As1,58.2705,7,407.785,0.272189,4.11832,0.875649
110,As1,58.2705,8,465.656,0.159799,1.52177,0.672969
110,As1,58.2705,10,582.742,0.145262,2.71719,0.552211
110,As1,58.2705,11,640.613,0.156639,3.67561,0.662077
110,As1,58.2705,12,699.829,0.210457,3.78477,0.635424
110,As1,58.2705,13,757.7,0.176935,3.3439,0.65001
110,As1,58.2705,14,816.916,0.225292,3.74538,0.775954
110,As1,58.2705,15,876.132,0.160821,3.67208,0.524691
110,As1,58.2705,16,935.349,0.237584,2.31507,0.831705
110,As1,58.2705,17,994.565,0.214828,2.97322,0.786695
110,As1,58.2705,18,1053.78,0.238146,3.09336,0.751358
110,As1,58.2705,19,1114.34,0.282832,3.73542,0.800986
110,As1,58.2705,20,1176.25,0.327245,3.30602,0.917859
110,As1,58.2705,26,1575.96,0.525803,-0.943048,0.915471
110,As1,58.2705,27,1635.18,0.426009,-1.27771,0.86824
110,As1,58.2705,28,1693.05,0.504132,-0.552574,0.935058
110,As1,58.2705,29,1752.26,0.547365,-0.642903,0.956038
110,As1,58.2705,30,1837.05,0.393957,3.31708,0.921668
110,As1,58.2705,31,1898.96,0.405084,1.78188,0.920917
110,As1,58.2705,32,1960.87,0.431756,1.45938,0.948913
110,As1,58.2705,33,2022.78,0.440762,1.53883,0.960258
110,As1,58.2705,34,2084.68,0.459696,1.69173,0.972961
110,As1,58.2705,35,2149.28,0.46785,2.46024,0.939071
110,As1,58.2705,36,2225.99,0.55901,-0.771485,0.924971
110,As1,58.2705,37,2302.71,7.57648,1.63668,0.997238
110,As1,58.2705,40,2523.42,0.607772,0.566449,0.928769
110,As1,58.2705,41,2592.06,0.6052,1.92912,0.945982
110,As1,58.2705,42,2658,0.589086,2.69351,0.980186
110,As1,58.2705,43,2721.26,0.624162,2.85798,0.957467
110,As1,58.2705,44,2788.55,0.608365,1.59876,0.969175
110,As1,58.2705,48,3115.59,0.68327,1.84289,0.978366
110,As1,58.2705,49,3184.22,0.737275,0.821975,0.98973
110,As1,58.2705,50,3251.51,0.758207,0.547457,0.97186
110,As1,58.2705,51,3322.84,0.940648,0.17532,0.919988
110,As1,58.2705,52,3429.16,0.832314,0.218737,0.94767
110,As1,58.2705,53,3489.72,0.821377,-0.330817,0.970484
110,As1,58.2705,54,3589.32,1.11813,1.24667,0.970918
110,As1,58.2705,55,3664.68,0.81802,1.2411,0.97046
110,As1,58.2705,56,3734.67,0.939282,0.789775,0.980442
110,As1,58.2705,57,3832.91,1.29077,1.70821,0.988441
110,As1,58.2705,60,4089.96,1.24878,-2.2837,0.841097
110,As1,58.2705,61,4162.64,1.08591,-0.924485,0.933764
110,As1,58.2705,62,4240.7,1.26357,-0.171202,0.893758
110,As1,58.2705,64,4419.69,1.78002,-1.19739,0.889101
110,As1,58.2705,65,4530.05,1.28348,-0.956683,0.964251
110,As1,58.2705,66,4600.03,1.88533,1.03677,0.982113
110,As1,58.2705,67,4687.51,1.62893,-1.9291,0.908532
110,As1,58.2705,69,4900.15,1.79311,0.41923,0.933242
110,As1,58.2705,70,4979.55,2.02978,0.38615,0.975624
110,As1,58.2705,71,5071.07,1.933,0.752651,0.963841
110,As1,58.2705,72,5184.12,1.20256,-5.02253,0.791735
110,As1,58.2705,74,5372.53,2.66613,0.0031967,0.923056
110,As1,58.2705,75,5447.9,2.43632,-0.959198,0.850096
110,As1,58.2705,76,5548.84,2.72492,-0.559167,0.901414
110,As1,58.2705,78,5773.59,3.29792,-1.1599,0.944949
110,As1,58.2705,79,5855.69,3.28055,-0.0777656,0.925473
110,As1,58.2705,80,5959.31,2.55437,0.975356,0.970452
110,As1,58.2705,83,6274.24,3.76109,-1.10454,0.929995
110,As1,58.2705,84,6381.9,3.98614,-1.1071,0.915175
110,As1,58.2705,87,6703.56,2.59106,-4.7254,0.775082
110,As1,58.2705,88,6819.3,3.44713,-0.362498,0.944575
110,As1,58.2705,90,7070.97,4.08386,-3.03977,0.881999
110,As1,58.2705,91,7177.29,1.53696,-6.77063,0.662031
110,As1,58.2705,94,7528.55,4.14819,-3.04391,0.854633
110,D6,1174.66,1,1176.25,1.46316,4.60286,0.941931
110,D6,1174.66,2,2367.31,2.69674,2.76895,0.997832
110,D6,1174.66,3,3581.24,3.60278,1.1658,0.98991
110,C3,130.813,1,130.545,0.334065,4.83673,0.866756
110,C3,130.813,2,261.09,0.260428,3.57899,0.743658
110,C3,130.813,3,391.635,0.440521,3.53733,0.814313
110,C3,130.813,4,523.526,0.459701,4.78069,0.912974
110,C3,130.813,5,654.071,0.328704,4.36704,0.81103
110,C3,130.813,7,917.853,0.279974,2.76323,0.720465
110,C3,130.813,8,1049.74,0.464985,1.43038,0.869667
110,C3,130.813,9,1181.63,0.460125,3.36257,0.865192
110,C3,130.813,10,1314.87,0.33625,2.884,0.790514
110,C3,130.813,11,1448.11,0.653939,3.54962,0.913069
110,C3,130.813,12,1585.38,0.348591,3.31243,0.756414
110,C3,130.813,21,2894.87,1.4379,-1.64239,0.905019
110,C3,130.813,25,3530.1,1.40419,1.11243,0.950207
110,C3,130.813,26,3676.79,1.15383,1.85729,0.967731
110,C3,130.813,27,3826.18,0.95045,-0.301883,0.880445
110,C3,130.813,34,5049.54,2.29525,0.50649,0.956541
110,C3,130.813,40,6198.87,2.84891,-0.617875,0.925053
110,C3,130.813,41,6375.17,2.90813,-0.665867,0.906884
110,C3,130.813,46,7435.68,5.33467,-1.75207,0.839219
110,C3,130.813,51,8556.76,6.9791,-1.75251,0.962169
110,C3,130.813,55,9552.67,7.89417,-1.3589,0.910852
110,C3,130.813,56,9766.65,9.40944,-0.833129,0.930119
110,G4,391.995,1,391.635,0.501127,4.21239,0.755707
110,G4,391.995,2,784.616,0.376255,2.38209,0.705997
110,G4,391.995,3,1178.94,0.541058,1.99142,0.883669
110,G4,391.995,4,1575.96,0.510526,2.68475,0.868061
110,G4,391.995,5,1974.33,0.631198,2.63193,0.942648
110,G4,391.995,6,2380.76,0.701856,1.96243,0.945398
110,G4,391.995,7,2788.55,0.86585,0.660363,0.943166
110,G4,391.995,8,3201.72,1.27043,1.74846,0.960599
110,G4,391.995,9,3624.31,1.61724,0.66061,0.964757
110,G4,391.995,10,4050.93,2.17223,0.569538,0.967803
110,G4,391.995,11,4480.25,2.97328,0.31226,0.964994
110,Cs7,2217.46,1,2234.07,2.75671,3.53616,0.998167
110,Cs7,2217.46,2,4468.14,4.04842,-1.53614,0.999995
110,A7,3520,1,3526.06,4.85137,-7.5453,0.885324
110,A7,3520,2,7080.39,8.80606,-7.27313,0.896561
110,Ds1,38.8909,1,39.0289,0.207738,3.12318,0.89899
110,Ds1,38.8909,2,78.0579,0.175007,5.81733,0.843622
110,Ds1,38.8909,3,115.741,0.162381,6.23244,0.838103
110,Ds1,38.8909,4,154.77,0.121741,4.2425,0.678607
110,Ds1,38.8909,5,193.799,0.161596,5.00463,0.822663
110,Ds1,38.8909,6,232.828,0.168728,4.99593,0.824017
110,Ds1,38.8909,7,271.857,0.175206,4.49724,0.84763
110,Ds1,38.8909,8,310.886,0.116898,2.85484,0.640884
110,Ds1,38.8909,9,349.915,0.152045,4.68071,0.755652
110,Ds1,38.8909,10,388.943,0.185319,5.67823,0.848724
110,Ds1,38.8909,11,427.972,0.159959,3.64459,0.803332
110,Ds1,38.8909,12,467.001,0.230412,4.68792,0.924598
110,Ds1,38.8909,13,506.03,0.192492,4.50738,0.883336
110,Ds1,38.8909,14,546.405,0.209269,3.54372,0.91516
110,Ds1,38.8909,15,585.434,0.250476,3.51135,0.954736
110,Ds1,38.8909,16,624.463,0.195797,2.1456,0.837482
110,Ds1,38.8909,17,664.838,0.207104,2.35,0.848831
110,Ds1,38.8909,18,705.212,0.20848,2.12081,0.925786
110,Ds1,38.8909,19,745.587,0.226356,3.45247,0.942095
110,Ds1,38.8909,20,784.616,0.245322,2.34959,0.950076
110,Ds1,38.8909,21,824.991,0.240742,4.23808,0.881698
110,Ds1,38.8909,22,866.711,0.260552,4.60126,0.932725
110,Ds1,38.8909,23,907.086,0.330062,3.50957,0.987065
110,Ds1,38.8909,24,947.461,0.29806,1.56827,0.942509
110,Ds1,38.8909,25,990.527,0.337542,2.72914,0.961328
110,Ds1,38.8909,26,1032.25,0.377069,2.26366,0.962045
110,Ds1,38.8909,27,1099.54,2.94505,4.97077,0.964568
110,Ds1,38.8909,28,1130.49,1.02495,0.944933,0.997919
110,Ds1,38.8909,29,1170.87,0.881727,-0.739084,0.978954
110,Ds1,38.8909,35,1454.84,0.575328,1.34197,0.979209
110,Ds1,38.8909,36,1500.6,0.576132,3.23006,0.96866
110,Ds1,38.8909,37,1545.01,0.64258,3.87145,0.971643
110,Ds1,38.8909,38,1589.42,0.612931,2.27663,0.983749
110,Ds1,38.8909,39,1633.83,0.752893,1.40144,0.978574
110,Ds1,38.8909,40,1679.59,0.698379,0.802571,0.989404
110,Ds1,38.8909,41,1724,0.755106,2.13768,0.999518
110,Ds1,38.8909,42,1771.11,0.821485,2.66613,0.990736
110,Ds1,38.8909,43,1816.86,0.893764,3.71269,0.993421
110,Ds1,38.8909,44,1862.62,0.90596,3.3502,0.985278
110,Ds1,38.8909,45,1909.73,0.941269,2.46077,0.944383
110,Ds1,38.8909,46,1958.18,0.961258,1.13733,0.971963
110,Ds1,38.8909,51,2227.34,1.32115,-0.275423,0.999819
110,Ds1,38.8909,52,2269.06,1.27446,-0.120077,0.999976
110,Ds1,38.8909,53,2345.77,1.13028,2.60974,0.98454
110,Ds1,38.8909,54,2396.91,1.3051,2.87443,0.999106
110,Ds1,38.8909,55,2438.64,1.2463,1.24746,0.99984
110,Ds1,38.8909,56,2500.54,1.3399,0.164402,0.990494
110,Ds1,38.8909,57,2550.34,1.24449,1.19083,0.980291
110,Ds1,38.8909,58,2604.17,1.34484,1.08977,0.971011
110,Ds1,38.8909,59,2655.31,1.2882,2.22082,0.967128
110,Ds1,38.8909,60,2707.8,1.4284,0.76663,0.970383
110,Ds1,38.8909,64,2956.78,1.2903,-0.119724,0.998966
110,Ds1,38.8909,65,3001.19,1.31999,-0.629275,0.965612
110,Ds1,38.8909,66,3088.67,1.5256,0.916453,0.972202
110,Ds1,38.8909,67,3146.54,1.84934,0.395452,0.964481
110,Ds1,38.8909,68,3203.06,1.72665,1.5698,0.985568
110,Ds1,38.8909,69,3260.93,1.99668,-0.00930943,0.95014
110,Ds1,38.8909,70,3309.38,2.08727,2.36589,0.998782
110,Ds1,38.8909,71,3378.02,1.92037,0.667089,0.952972
110,Ds1,38.8909,72,3437.24,2.12097,-0.381173,0.923314
110,Ds1,38.8909,74,3587.97,2.8563,0.282632,0.92815
110,Ds1,38.8909,75,3633.73,2.88491,0.698507,0.941004
110,Ds1,38.8909,76,3725.24,2.87905,-0.0752397,0.95478
110,Ds1,38.8909,77,3773.69,3.02589,-0.359111,0.912975
110,Ds1,38.8909,78,3858.48,3.8244,0.883085,0.981034
110,Ds1,38.8909,79,3923.08,2.99365,0.285867,0.938161
110,Ds1,38.8909,80,3984.99,3.27868,0.14118,0.968381
110,Ds1,38.8909,81,4046.9,3.05451,0.483643,0.947647
110,Ds1,38.8909,82,4112.84,3.18345,0.0402457,0.956664
110,Ds1,38.8909,85,4347.02,3.7427,-2.16155,0.956148
110,Ds1,38.8909,86,4404.89,4.3306,0.220292,0.97405
110,Ds1,38.8909,87,4495.06,3.86521,-0.144569,0.93717
110,Ds1,38.8909,88,4544.85,4.80409,-0.475816,0.919233
110,Ds1,38.8909,89,4644.44,4.26512,1.28113,0.968769
110,Ds1,38.8909,90,4694.24,5.35954,-0.167676,0.951107
110,Ds1,38.8909,92,4853.05,4.7378,-0.195494,0.938515
110,Ds1,38.8909,93,4953.98,4.91646,-0.794289,0.98531
110,Ds6,1244.51,1,1247.58,1.33167,3.64824,0.891004
110,Ds6,1244.51,2,2508.62,2.41602,2.00468,0.976711
110,Ds6,1244.51,3,3787.15,3.7467,-2.01844,0.998608
110,A0,27.5,1,26.9165,0.246591,1.93942,0.940684
110,A0,27.5,2,55.1788,0.254747,3.53522,0.959511
110,A0,27.5,3,82.0953,0.235134,6.3997,0.948071
110,A0,27.5,4,109.012,0.153678,5.07364,0.723205
110,A0,27.5,5,135.928,0.185042,4.87561,0.861693
110,A0,27.5,6,164.191,0.219087,4.05605,0.883364
110,A0,27.5,8,219.37,0.128385,1.08739,0.600562
110,A0,27.5,9,246.286,0.132831,3.19539,0.569755
110,A0,27.5,10,274.548,0.138666,2.88452,0.58074
110,A0,27.5,11,302.811,0.128586,4.78826,0.634197
110,A0,27.5,12,331.073,0.127214,4.57922,0.600521
110,A0,27.5,13,357.99,0.191551,5.32831,0.892758
110,A0,27.5,14,387.598,0.222291,5.30899,0.928365
110,A0,27.5,15,415.86,0.319992,3.75959,0.848688
110,A0,27.5,16,444.122,0.208724,1.65381,0.831805
110,A0,27.5,17,472.385,0.194272,2.8558,0.807176
110,A0,27.5,18,501.993,0.211419,3.7785,0.814723
110,A0,27.5,19,531.601,0.196738,4.43526,0.855591
110,A0,27.5,20,559.863,0.222299,3.496,0.837773
110,A0,27.5,21,589.471,0.148481,4.30546,0.694259
110,A0,27.5,22,620.425,0.240653,3.82077,0.948789
110,A0,27.5,23,650.034,0.250769,3.70122,0.953907
110,A0,27.5,24,679.642,0.29684,1.78208,0.978708
110,A0,27.5,25,710.596,0.277158,2.14752,0.954705
110,A0,27.5,26,741.55,0.272608,3.49392,0.963717
110,A0,27.5,27,772.504,0.305933,3.2232,0.981891
110,A0,27.5,28,803.458,0.310971,4.21541,0.967179
110,A0,27.5,29,835.757,0.396513,4.46074,0.992536
110,A0,27.5,30,866.711,0.379747,4.32928,0.979292
110,A0,27.5,31,899.011,0.386177,1.87938,0.977685
110,A0,27.5,32,931.311,0.436529,1.41738,0.957218
110,A0,27.5,33,964.957,0.59204,-0.279076,0.972861
110,A0,27.5,34,998.602,0.564432,1.6901,0.994474
110,A0,27.5,35,1030.9,0.497852,4.00433,0.998206
110,A0,27.5,36,1064.55,0.52101,4.35615,0.99547
110,A0,27.5,37,1091.46,0.982214,1.6966,0.992883
110,A0,27.5,38,1119.73,1.12428,0.984999,0.999838
110,A0,27.5,39,1149.33,1.12368,2.03169,0.999938
110,A0,27.5,40,1178.94,1.13034,2.65639,0.999921
110,A0,27.5,41,1209.9,1.16264,2.20821,0.999536
110,A0,27.5,42,1240.85,0.754824,2.47039,0.989538
110,A0,27.5,43,1275.84,0.855866,4.01694,0.991507
110,A0,27.5,44,1313.53,0.858525,3.88446,0.986341
110,A0,27.5,45,1349.86,1.04138,4.28491,0.989003
110,A0,27.5,46,1387.55,1.02096,2.78886,0.99432
110,A0,27.5,47,1425.23,1.13768,3.60976,0.999616
110,A0,27.5,48,1462.91,1.16207,3.3064,0.986259
110,A0,27.5,49,1500.6,1.33715,3.1702,0.993747
110,A0,27.5,50,1540.97,1.32237,1.54987,0.974101
110,A0,27.5,51,1580,1.41986,1.87262,0.95934
110,A0,27.5,52,1620.37,1.37092,3.11521,0.962755
110,A0,27.5,53,1659.4,1.59137,1.81878,0.99422
110,A0,27.5,54,1699.78,1.493,3.99981,0.992073
110,A0,27.5,55,1734.77,1.57076,1.81758,0.999845
110,A0,27.5,56,1776.49,1.85176,3.68009,0.999805
110,A0,27.5,60,1912.42,2.35397,0.515329,0.974993
110,A0,27.5,61,1955.48,2.76693,1.94344,0.989248
110,A0,27.5,62,1999.9,2.68012,2.19629,0.999237
110,A0,27.5,63,2044.31,2.022,-0.118975,0.934819
110,A0,27.5,64,2090.07,2.7192,2.35384,0.999965
110,A0,27.5,65,2135.82,2.72142,1.61043,0.997564
110,A0,27.5,66,2181.58,2.65347,1.21084,0.989369
110,A0,27.5,67,2228.69,2.66891,1.36166,0.984499
110,A0,27.5,68,2274.44,3.12253,0.838071,0.999471
110,A0,27.5,69,2318.86,2.94339,1.47483,0.997379
110,A0,27.5,74,2520.73,3.46426,2.35971,0.993153
110,A0,27.5,75,2567.83,3.86139,1.16017,0.979766
110,A0,27.5,76,2618.98,3.30347,0.666457,0.975976
110,A0,27.5,77,2667.43,4.50011,1.00455,0.975886
110,A0,27.5,78,2722.6,4.21023,0.491036,0.99704
110,A0,27.5,79,2772.4,2.98054,-0.236514,0.966667
110,A0,27.5,82,2925.82,2.56156,0.238303,0.992939
110,A0,27.5,84,3003.88,3.94098,-0.796288,0.926561
110,A0,27.5,86,3111.55,6.23073,0.445316,0.934579
110,A0,27.5,87,3157.31,5.57591,2.14596,0.998699
110,A0,27.5,88,3215.18,5.77522,0.0656947,0.97443
110,A0,27.5,89,3270.36,6.15216,0.47965,0.968431
110,A0,27.5,90,3321.5,4.18005,0.722851,0.942673
110,A0,27.5,91,3387.44,3.90259,-2.65377,0.759478
110,A0,27.5,92,3443.97,4.11794,1.56689,0.985449
110,A0,27.5,93,3485.69,4.43683,1.44365,0.985534
110,A0,27.5,94,3550.29,7.63077,-0.464886,0.950565
110,A0,27.5,95,3610.85,5.64982,-1.70245,0.937054
110,A0,27.5,96,3652.57,3.48052,-4.35768,0.801012
110,Gs7,3322.44,1,3348.41,4.07657,0.343225,0.995265
110,Gs7,3322.44,2,6680.68,17.3921,-4.83677,0.999988
110,E7,2637.02,1,2658,3.97937,3.17927,0.996223
110,G3,195.998,1,196.49,0.319112,4.81721,0.932266
110,G3,195.998,2,391.635,0.271628,4.30666,0.865413
110,G3,195.998,3,588.126,0.223466,2.29648,0.66615
110,G3,195.998,4,784.616,0.273847,3.51649,0.751789
110,G3,195.998,5,982.452,0.382892,2.67343,0.897136
110,G3,195.998,6,1180.29,0.410992,3.92429,0.894219
110,G3,195.998,7,1379.47,0.427013,3.19704,0.906961
110,G3,195.998,8,1577.31,0.443165,1.91133,0.93172
110,G3,195.998,9,1779.18,0.500072,3.07733,0.925698
110,G3,195.998,10,1982.4,0.526535,3.40792,0.968127
110,G3,195.998,11,2184.27,0.63044,1.66096,0.939431
110,G3,195.998,12,2390.19,0.683367,1.47683,0.966455
110,G3,195.998,13,2594.75,1.10235,2.13836,0.981232
110,G3,195.998,14,2803.35,1.11389,2.14547,0.915457
110,G3,195.998,15,3013.3,1.05292,3.00037,0.975139
110,G3,195.998,16,3224.6,1.14788,1.65326,0.989769
110,G3,195.998,17,3439.93,1.55503,1.44405,0.934732
110,G3,195.998,18,3655.26,1.25774,0.391331,0.941124
110,G3,195.998,19,3873.28,1.43933,1.32356,0.922904
110,G3,195.998,20,4096.69,1.35797,0.970451,0.96392
110,G3,195.998,21,4321.44,1.64524,1.12935,0.923358
110,G3,195.998,22,4573.11,1.17404,-7.24614,0.592852
110,G3,195.998,29,6237.9,4.67725,-0.847788,0.966046
110,C4,261.626,1,261.09,0.41292,5.43515,0.871003
110,C4,261.626,2,523.526,0.479148,3.58186,0.929235
110,C4,261.626,3,784.616,0.29482,3.75677,0.617029
110,C4,261.626,4,1048.4,0.381742,3.53767,0.724344
110,C4,261.626,5,1313.53,0.487457,3.546,0.857026
110,C4,261.626,6,1578.65,0.543864,3.13897,0.94208
110,C4,261.626,7,1846.47,0.62172,2.83971,0.88506
110,C4,261.626,22,6550.13,5.48568,-0.304951,0.970361
110,C4,261.626,23,6889.28,5.0745,0.000339357,0.95043
110,C4,261.626,30,9758.58,12.8983,-1.19313,0.962414
110,D1,36.7081,1,36.3373,0.223684,2.97588,0.926074
110,D1,36.7081,2,72.6746,0.182889,5.99289,0.871789
110,D1,36.7081,3,109.012,0.156381,5.95516,0.73347
110,D1,36.7081,4,146.695,0.152428,6.022,0.79639
110,D1,36.7081,6,219.37,0.16456,4.22625,0.759002
110,D1,36.7081,7,255.707,0.157044,5.84827,0.812217
110,D1,36.7081,8,293.39,0.194376,2.53679,0.918425
110,D1,36.7081,9,329.727,0.115935,3.99687,0.633554
110,D1,36.7081,10,366.064,0.151394,4.89241,0.744132
110,D1,36.7081,11,403.748,0.166349,4.9299,0.697857
110,D1,36.7081,12,440.085,0.187395,4.17257,0.734273
110,D1,36.7081,13,477.768,0.234367,5.19803,0.94526
110,D1,36.7081,14,515.451,0.203591,4.43683,0.930453
110,D1,36.7081,15,551.788,0.170562,3.17355,0.765882
110,D1,36.7081,16,589.471,0.186236,2.80849,0.806792
110,D1,36.7081,17,627.155,0.246038,3.4485,0.941577
110,D1,36.7081,18,664.838,0.232592,3.7359,0.897539
110,D1,36.7081,19,702.521,0.211496,2.73212,0.80631
110,D1,36.7081,20,740.204,0.204514,4.06411,0.889627
110,D1,36.7081,21,777.887,0.216368,4.60016,0.889819
110,D1,36.7081,22,816.916,0.234992,4.68383,0.932681
110,D1,36.7081,23,854.599,0.253154,3.57262,0.936094
110,D1,36.7081,24,893.628,0.294783,1.50011,0.957349
110,D1,36.7081,25,934.003,0.324674,1.67627,0.952716
110,D1,36.7081,27,1028.21,1.32857,1.53925,0.945416
110,D1,36.7081,28,1067.24,0.922047,0.391371,0.998933
110,D1,36.7081,29,1103.58,0.923524,-0.358558,0.994085
110,D1,36.7081,34,1331.02,0.48838,2.47731,0.980296
110,D1,36.7081,35,1371.4,0.517879,3.61677,0.987625
110,D1,36.7081,36,1413.12,0.575922,3.48101,0.984412
110,D1,36.7081,37,1454.84,0.599335,2.7515,0.960726
110,D1,36.7081,38,1496.56,0.572482,3.6286,0.996162
110,D1,36.7081,39,1538.28,0.641906,2.82561,0.945205
110,D1,36.7081,40,1581.34,0.873217,2.2288,0.942121
110,D1,36.7081,41,1624.41,0.707691,2.53359,0.957768
110,D1,36.7081,42,1667.48,0.701135,2.42451,0.974514
110,D1,36.7081,43,1710.54,0.759213,2.77544,0.992654
110,D1,36.7081,44,1753.61,0.854845,2.53204,0.931037
110,D1,36.7081,45,1799.37,0.915142,2.31196,0.926641
110,D1,36.7081,50,2055.08,3.06075,3.02634,0.980358
110,D1,36.7081,51,2112.95,1.04554,3.19017,0.982361
110,D1,36.7081,52,2161.4,1.12834,2.72982,0.956641
110,D1,36.7081,53,2207.15,1.06864,2.42063,0.969922
110,D1,36.7081,54,2254.26,1.20596,2.31311,0.938423
110,D1,36.7081,55,2302.71,1.23342,1.54,0.957572
110,D1,36.7081,56,2349.81,1.11617,1.30386,0.983628
110,D1,36.7081,57,2398.26,1.2352,1.89435,0.982449
110,D1,36.7081,58,2448.06,1.24954,1.42425,0.993067
110,D1,36.7081,60,2570.53,1.48042,3.49738,0.989473
110,D1,36.7081,63,2744.14,1.23297,1.17544,0.999542
110,D1,36.7081,64,2785.86,1.2236,-0.398421,0.998902
110,D1,36.7081,65,2850.46,1.50787,1.29286,0.986394
110,D1,36.7081,66,2902.94,1.50776,0.129269,0.982635
110,D1,36.7081,67,2955.43,1.91264,1.55006,0.999741
110,D1,36.7081,68,3010.61,1.86689,2.30207,0.991825
110,D1,36.7081,69,3085.98,1.99054,2.90776,0.997514
110,D1,36.7081,71,3205.76,2.21504,-2.0483,0.944861
110,D1,36.7081,72,3248.82,2.39359,-0.43497,0.936982
110,D1,36.7081,74,3392.83,2.27144,-0.300326,0.958272
110,D1,36.7081,75,3450.7,2.25746,-0.435201,0.965973
110,D1,36.7081,76,3505.87,2.27219,-0.536798,0.971388
110,D1,36.7081,77,3562.4,2.87439,0.414955,0.964459
110,D1,36.7081,78,3620.27,3.50917,0.291463,0.958478
110,D1,36.7081,79,3682.18,2.99833,0.97088,0.943534
110,D1,36.7081,80,3773.69,2.1033,-3.68568,0.880867
110,D1,36.7081,83,3954.03,2.41915,-4.06702,0.878911
110,D1,36.7081,84,4038.82,3.28918,-1.85527,0.959901
110,D1,36.7081,85,4099.38,3.71175,0.161703,0.91835
110,D1,36.7081,86,4161.29,4.50357,-0.980231,0.934226
110,D1,36.7081,87,4225.89,4.24309,-2.59448,0.907768
110,D1,36.7081,88,4287.8,4.15175,-0.746777,0.936814
110,D1,36.7081,93,4676.74,4.94912,-0.853522,0.911589
110,D1,36.7081,94,4745.38,6.33723,0.365477,0.938838
110,D1,36.7081,95,4812.67,6.07599,-0.794434,0.936526
110,D1,36.7081,96,4875.92,6.479,-1.37621,0.978304
110,As6,1864.66,1,1872.04,1.93204,3.87959,0.991262
110,As6,1864.66,2,3781.77,3.69,-0.221184,0.999943
110,As6,1864.66,3,5729.18,5.99596,-4.91334,0.995724
110,B2,123.471,1,123.816,0.269611,4.72776,0.88804
110,B2,123.471,2,246.286,0.185578,3.24193,0.533246
110,B2,123.471,4,493.918,0.223093,3.63348,0.770482
110,B2,123.471,5,617.734,0.149361,3.60044,0.558295
110,B2,123.471,6,741.55,0.236935,3.08342,0.757189
110,B2,123.471,7,865.366,0.231265,3.94424,0.706441
110,B2,123.471,8,990.527,0.264555,2.24064,0.795699
110,B2,123.471,9,1114.34,0.236713,3.38474,0.814874
110,B2,123.471,10,1239.51,0.277549,3.02793,0.896882
110,B2,123.471,11,1366.01,0.3925,3.60742,0.93261
110,B2,123.471,12,1496.56,0.426323,1.55982,0.816987
110,B2,123.471,21,2730.68,0.85663,-0.0892881,0.916672
110,B2,123.471,24,3182.88,0.916858,0.594417,0.966445
110,B2,123.471,25,3320.15,0.930032,-0.625025,0.955804
110,B2,123.471,26,3457.42,1.09205,0.572531,0.97089
110,B2,123.471,27,3617.58,1.40169,-0.956048,0.916853
110,B2,123.471,32,4442.57,1.60972,-0.380011,0.956046
110,B2,123.471,33,4591.96,1.82414,0.363617,0.972005
110,B2,123.471,34,4776.33,1.71592,-4.3958,0.822792
110,B2,123.471,37,5299.86,2.45194,-4.09206,0.856224
110,B2,123.471,38,5489.62,2.3732,0.326153,0.951643
110,B2,123.471,39,5645.74,2.53063,-0.480221,0.914216
110,B2,123.471,44,6608,3.16595,-1.41542,0.889703
110,B2,123.471,48,7451.83,4.39502,-0.589595,0.860527
110,B2,123.471,50,7886.54,6.23596,-1.54933,0.950516
110,B2,123.471,53,8520.42,7.29886,-1.52902,0.852219
110,F5,698.456,1,698.483,0.528766,4.32423,0.674008
110,F5,698.456,2,1401,0.761616,3.16979,0.856267
110,F5,698.456,3,2108.91,0.999908,2.69487,0.941314
110,F5,698.456,4,2830.27,1.91652,1.64976,0.976418
110,F5,698.456,5,3558.36,3.18976,-1.30937,0.94912
110,F5,698.456,6,4293.18,4.00899,-1.94805,0.987577
110,F5,698.456,8,5799.16,8.25481,-5.20252,0.843909
110,Gs6,1661.22,1,1670.17,1.98458,4.50714,0.966021
110,Gs6,1661.22,2,3353.8,3.90733,-1.98308,0.992992
110,Gs6,1661.22,3,5050.88,4.66441,-3.32826,0.999302
110,E6,1318.51,1,1321.6,1.49389,4.46185,0.938435
110,E6,1318.51,2,2662.04,2.44152,2.30123,0.986412
110,E6,1318.51,3,4018.63,3.55164,-2.82111,0.98884
110,Ds7,2489.02,1,2511.31,4.0203,2.91182,0.997978
110,Ds7,2489.02,2,5029.35,11.6685,-5.78273,0.905285
110,A1,55,1,55.1788,0.291458,4.55803,0.869294
110,A1,55,2,110.358,0.218533,5.1885,0.820279
110,A1,55,3,164.191,0.186633,3.93368,0.684801
110,A1,55,4,219.37,0.18511,4.83733,0.823173
110,A1,55,5,274.548,0.256321,4.84875,0.754324
110,A1,55,6,329.727,0.182759,4.64566,0.630576
110,A1,55,7,384.906,0.326394,4.99326,0.810635
110,A1,55,9,495.264,0.148537,3.827,0.617782
110,A1,55,10,550.443,0.231808,4.60774,0.795579
110,A1,55,11,605.621,0.172992,4.29641,0.576814
110,A1,55,12,660.8,0.23285,2.78855,0.753494
110,A1,55,13,715.979,0.278169,3.74748,0.772588
110,A1,55,14,771.158,0.247994,3.18249,0.829531
110,A1,55,15,827.682,0.210539,4.02901,0.713397
110,A1,55,16,882.861,0.243571,1.22984,0.872447
110,A1,55,17,939.386,0.278195,3.33902,0.866361
110,A1,55,18,994.565,0.331152,2.84961,0.920892
110,A1,55,19,1051.09,0.22292,3.56041,0.815924
110,A1,55,20,1110.31,0.327433,1.86832,0.91883
110,A1,55,21,1168.18,0.293782,2.24264,0.843193
110,A1,55,26,1487.14,0.865464,0.69462,0.974074
110,A1,55,27,1543.66,0.651204,-0.353909,0.959016
110,A1,55,28,1598.84,0.683753,-0.0444092,0.976022
110,A1,55,29,1655.36,0.629327,-0.43107,0.994599
110,A1,55,30,1734.77,0.524433,3.28309,0.95899
110,A1,55,31,1796.68,0.52639,2.53123,0.977202
110,A1,55,32,1858.58,0.528765,1.58077,0.976134
110,A1,55,33,1915.11,0.561083,1.12967,0.981028
110,A1,55,34,1974.33,0.487206,1.27492,0.995057
110,A1,55,35,2037.58,0.519162,2.46671,0.987676
110,A1,55,36,2096.8,0.546149,2.36462,0.975659
110,A1,55,37,2157.36,0.532784,2.79967,0.982446
110,A1,55,40,2383.46,0.663343,0.453269,0.995933
110,A1,55,41,2441.33,0.664945,1.77005,0.993807
110,A1,55,42,2519.38,0.753381,2.21167,0.963075
110,A1,55,43,2582.64,0.786678,2.27317,0.992237
110,A1,55,44,2644.55,0.856902,2.10014,0.996992
110,A1,55,45,2707.8,0.832103,1.11133,0.978384
110,A1,55,46,2771.05,0.967167,1.24684,0.993614
110,A1,55,47,2843.73,0.991588,0.099451,0.963752
110,A1,55,49,3011.96,1.75062,-1.82426,0.922687
110,A1,55,50,3069.83,1.3007,-1.76343,0.926087
110,A1,55,51,3155.96,1.20981,-0.288922,0.972576
110,A1,55,52,3235.36,1.39192,-1.06474,0.956874
110,A1,55,53,3301.31,1.66373,0.570351,0.992028
110,A1,55,54,3365.91,0.978207,0.29477,0.982875
110,A1,55,55,3438.58,1.52828,-0.338348,0.957384
110,A1,55,56,3535.48,1.55705,-1.81896,0.966573
110,A1,55,57,3598.74,1.34544,1.45897,0.992037
110,A1,55,58,3691.6,1.62636,0.205469,0.915672
110,A1,55,59,3760.24,1.32114,0.653246,0.982549
110,A1,55,60,3849.06,2.07259,-0.359591,0.899817
110,A1,55,61,3919.04,1.44841,0.628832,0.991201
110,A1,55,62,4007.87,1.66248,-2.75022,0.896763
110,A1,55,63,4110.15,2.16401,-0.0311138,0.909202
110,A1,55,64,4181.48,2.00632,-0.382194,0.913666
110,A1,55,65,4252.81,2.07458,-0.729364,0.948288
110,A1,55,66,4351.05,2.10149,0.616976,0.974461
110,A1,55,67,4425.07,2.26495,0.767555,0.98389
110,A1,55,69,4618.87,2.74158,-0.816926,0.959285
110,A1,55,70,4691.55,2.94351,0.192243,0.967734
110,A1,55,71,4800.56,3.02706,-0.0321806,0.9384
110,A1,55,72,4878.62,2.525,1.18464,0.983838
110,A1,55,73,4956.67,2.97203,-0.225342,0.941725
110,A1,55,74,5071.07,2.93484,0.817092,0.928956
110,A1,55,75,5163.93,3.05112,0.130102,0.895387
110,A1,55,76,5266.21,2.71109,-0.303851,0.945127
110,A1,55,77,5348.31,3.60994,0.283467,0.941053
110,A1,55,78,5430.4,3.1856,-0.0362113,0.864952
110,A1,55,79,5543.45,3.14175,-0.0293099,0.948276
110,A1,55,80,5624.2,2.99756,0.597875,0.963142
110,A1,55,81,5749.37,2.83204,-0.0804172,0.974358
110,A1,55,82,5839.54,3.01452,-0.589105,0.947714
110,A1,55,83,5924.32,4.00308,-0.732575,0.955381
110,A1,55,84,6034.68,3.99225,-0.79432,0.92568
110,A1,55,85,6119.47,4.48725,-0.666926,0.935756
110,A1,55,86,6247.32,2.8492,-4.05407,0.867902
110,A1,55,87,6350.95,4.93151,-0.889879,0.942855
110,A1,55,88,6438.43,4.51232,-1.59885,0.938005
110,A1,55,89,6542.06,5.04844,-1.69033,0.891456
110,A1,55,92,6882.55,6.57078,-0.324216,0.920458
110,A1,55,93,6983.49,7.44078,-1.07226,0.947446
110,C5,523.251,1,523.526,0.637324,4.67697,0.778457
110,C5,523.251,3,1577.31,0.52634,2.33822,0.685463
110,C5,523.251,4,2110.25,0.811057,2.85976,0.889803
110,C5,523.251,5,2649.93,1.02815,0.61579,0.964681
110,C5,523.251,6,3199.03,1.60894,1.4643,0.978695
110,C5,523.251,7,3757.54,2.36876,0.708216,0.957289
110,C5,523.251,8,4329.52,3.17432,-0.181822,0.959091
110,C5,523.251,9,4917.65,3.74113,-0.0129924,0.917592
110,Cs1,34.6478,1,34.9915,0.213863,2.42544,0.934422
110,Cs1,34.6478,2,68.6371,0.200239,5.66279,0.894027
110,Cs1,34.6478,3,103.629,0.167291,6.74181,0.845662
110,Cs1,34.6478,4,137.274,0.167954,5.8471,0.857176
110,Cs1,34.6478,5,172.266,0.181077,4.78231,0.876172
110,Cs1,34.6478,7,242.249,0.176458,4.04751,0.818846
110,Cs1,34.6478,8,275.894,0.154842,-0.0372668,0.857553
110,Cs1,34.6478,9,310.886,0.137843,4.22584,0.748911
110,Cs1,34.6478,10,345.877,0.121429,4.81035,0.575137
110,Cs1,34.6478,11,380.869,0.159768,5.34592,0.728386
110,Cs1,34.6478,13,450.851,0.191494,4.75524,0.881528
110,Cs1,34.6478,14,499.301,5.07734,4.69513,0.999334
110,Cs1,34.6478,15,520.834,0.224269,4.17911,0.935042
110,Cs1,34.6478,16,557.172,0.134403,2.16326,0.67992
110,Cs1,34.6478,17,592.163,0.201149,3.50037,0.885385
110,Cs1,34.6478,18,628.5,0.23726,2.04521,0.898666
110,Cs1,34.6478,19,663.492,0.229268,4.15884,0.89474
110,Cs1,34.6478,20,699.829,0.242856,2.87033,0.834664
110,Cs1,34.6478,21,736.166,0.18947,3.21722,0.86872
110,Cs1,34.6478,22,772.504,0.228573,4.68405,0.927301
110,Cs1,34.6478,23,808.841,0.237477,3.64737,0.948423
110,Cs1,34.6478,24,845.178,0.271695,2.11309,0.938191
110,Cs1,34.6478,25,881.516,0.26232,2.40802,0.941225
110,Cs1,34.6478,26,919.199,0.329225,2.63982,0.979844
110,Cs1,34.6478,27,956.882,0.336017,2.76476,0.965741
110,Cs1,34.6478,28,999.948,0.528009,0.375606,0.954169
110,Cs1,34.6478,29,1033.59,0.350596,3.58948,0.978505
110,Cs1,34.6478,30,1072.62,0.358749,3.15623,0.981407
110,Cs1,34.6478,34,1255.65,0.6888,-0.0470299,0.97063
110,Cs1,34.6478,35,1291.99,0.668947,-0.0409914,0.980379
110,Cs1,34.6478,36,1326.98,0.970856,1.02995,0.999177
110,Cs1,34.6478,37,1379.47,0.527288,3.29161,0.998947
110,Cs1,34.6478,38,1421.19,0.549679,3.04611,0.991218
110,Cs1,34.6478,39,1461.57,0.563181,2.12578,0.989713
110,Cs1,34.6478,40,1499.25,0.573144,2.8217,0.953595
110,Cs1,34.6478,41,1543.66,0.623338,2.4641,0.979695
110,Cs1,34.6478,42,1585.38,0.731672,2.32447,0.93057
110,Cs1,34.6478,43,1625.76,0.675819,2.47893,0.976747
110,Cs1,34.6478,44,1668.82,0.676985,1.67839,0.998047
110,Cs1,34.6478,45,1710.54,0.766549,3.07064,0.976343
110,Cs1,34.6478,46,1753.61,0.772539,1.36324,0.984029
110,Cs1,34.6478,47,1796.68,0.81816,1.52582,0.996096
110,Cs1,34.6478,48,1838.4,0.902149,2.41991,0.992829
110,Cs1,34.6478,49,1882.81,0.900765,2.17863,0.995988
110,Cs1,34.6478,50,1927.22,0.97491,2.64121,0.99939
110,Cs1,34.6478,51,1971.63,0.993202,2.19455,0.997966
110,Cs1,34.6478,59,2387.49,1.12112,2.13967,0.972088
110,Cs1,34.6478,60,2435.94,1.24157,2.21803,0.999885
110,Cs1,34.6478,61,2484.39,1.18124,1.33009,0.98438
110,Cs1,34.6478,62,2532.84,1.24309,0.367042,0.967245
110,Cs1,34.6478,63,2582.64,1.56469,1.76225,0.998366
110,Cs1,34.6478,64,2641.85,1.25158,1.27894,0.99991
110,Cs1,34.6478,65,2680.88,1.22251,0.573376,0.979693
110,Cs1,34.6478,67,2784.51,1.59142,0.695475,0.99525
110,Cs1,34.6478,68,2835.65,1.65386,1.17726,0.987925
110,Cs1,34.6478,72,3085.98,1.88804,-1.78056,0.94621
110,Cs1,34.6478,73,3127.7,2.24106,-0.640648,0.92087
110,Cs1,34.6478,75,3262.28,2.39255,1.12406,0.979785
110,Cs1,34.6478,76,3320.15,2.90007,-0.543157,0.937857
110,Cs1,34.6478,77,3372.64,2.67425,-0.118197,0.968529
110,Cs1,34.6478,78,3430.51,2.59864,0.169967,0.95533
110,Cs1,34.6478,79,3497.8,4.47782,0.0297393,0.998846
110,Cs1,34.6478,80,3546.25,2.9643,1.18299,0.971091
110,Cs1,34.6478,81,3602.77,2.72206,1.12221,0.952892
110,Cs1,34.6478,82,3661.99,2.82035,0.469993,0.947822
110,Cs1,34.6478,85,3854.44,3.97509,-1.08265,0.946561
110,Cs1,34.6478,87,3997.1,8.23115,-0.183186,0.968385
110,Cs1,34.6478,89,4122.26,4.2499,-0.273364,0.907485
110,Cs1,34.6478,90,4209.74,4.6061,-0.276592,0.969788
110,Cs1,34.6478,91,4270.3,4.39516,-1.56894,0.984034
110,Cs1,34.6478,92,4337.59,4.59745,-0.05424,0.944453
110,Cs1,34.6478,93,4400.85,4.77393,0.470491,0.980472
110,Cs1,34.6478,94,4465.45,5.40821,-0.919415,0.928354
110,Cs1,34.6478,96,4598.68,4.81217,0.353849,0.948945
110,G2,97.9989,1,98.2452,0.343584,5.03941,0.868628
110,G2,97.9989,2,196.49,0.229221,3.36551,0.726476
110,G2,97.9989,3,293.39,0.140708,3.2621,0.502284
110,G2,97.9989,4,391.635,0.245319,4.41284,0.697445
110,G2,97.9989,5,489.88,0.221893,2.98027,0.76586
110,G2,97.9989,6,588.126,0.178209,2.59953,0.646115
110,G2,97.9989,7,686.371,0.285231,4.63281,0.847854
110,G2,97.9989,8,784.616,0.177325,2.08706,0.628387
110,G2,97.9989,9,884.207,0.242421,3.2866,0.770749
110,G2,97.9989,10,982.452,0.319711,2.95558,0.816934
110,G2,97.9989,11,1082.04,0.268338,2.42698,0.794753
110,G2,97.9989,12,1181.63,0.324312,3.53511,0.846633
110,G2,97.9989,13,1281.23,0.294302,3.52945,0.876437
110,G2,97.9989,14,1380.82,0.357122,2.09976,0.901928
110,G2,97.9989,15,1481.75,0.388761,2.13571,0.947284
110,G2,97.9989,16,1582.69,0.523555,1.88892,0.963779
110,G2,97.9989,17,1683.63,0.42541,3.21186,0.93404
110,G2,97.9989,18,1784.56,0.433548,3.15293,0.930049
110,G2,97.9989,19,1886.85,0.435748,2.30859,0.917596
110,G2,97.9989,20,1989.13,0.446309,1.24957,0.908461
110,G2,97.9989,21,2091.41,0.664217,3.12156,0.944572
110,G2,97.9989,22,2195.04,0.56973,1.87896,0.932719
110,G2,97.9989,23,2300.02,0.615576,1.22111,0.903332
110,G2,97.9989,24,2404.99,0.628024,1.68486,0.965327
110,G2,97.9989,29,2962.16,1.07171,-1.34392,0.878019
110,G2,97.9989,30,3083.29,2.87791,-0.107713,0.959167
110,G2,97.9989,43,4597.34,2.65355,-1.49786,0.844419
110,G2,97.9989,44,4700.97,1.21373,-5.76753,0.691261
110,G2,97.9989,48,5224.49,2.8488,-1.46989,0.927696
110,G2,97.9989,49,5360.42,2.64828,-0.68273,0.842619
110,G2,97.9989,50,5488.28,2.45175,-0.808737,0.904059
110,G2,97.9989,51,5614.78,2.26805,0.181261,0.923532
110,G2,97.9989,52,5743.98,2.19693,-0.538922,0.949567
110,G2,97.9989,53,5871.84,2.33814,0.257348,0.940778
110,G2,97.9989,54,5998.34,3.12774,0.0229568,0.876719
110,G2,97.9989,69,8229.72,4.56055,-2.14808,0.913993
110,G2,97.9989,73,8843.42,5.89495,-2.03647,0.90179
110,As7,3729.31,1,3719.86,3.55699,-1.38173,0.996939
110,As7,3729.31,2,7527.2,15.4338,-4.59008,0.996709
110,F4,349.228,1,348.569,0.45495,4.90649,0.91629
110,F4,349.228,3,1049.74,0.3061,3.23584,0.733753
110,F4,349.228,4,1402.35,0.61203,2.85374,0.905674
110,F4,349.228,5,1757.65,0.557972,2.42069,0.837684
110,F4,349.228,6,2114.29,0.622156,2.19256,0.877341
110,F4,349.228,7,2476.32,0.69332,1.5229,0.923845
110,F4,349.228,8,2842.38,0.990148,2.17304,0.953933
110,F4,349.228,9,3212.48,1.04744,0.782651,0.975039
110,F4,349.228,10,3587.97,1.59216,0.565083,0.914171
110,F4,349.228,11,3968.84,1.56495,1.03056,0.964582
110,F4,349.228,12,4356.44,2.17098,0.275954,0.971126
110,F4,349.228,13,4749.42,3.7411,0.776826,0.901871
110,F4,349.228,14,5154.51,3.30578,0.309619,0.93818
110,Fs1,46.2493,1,45.7581,0.251724,3.26213,0.956324
110,Fs1,46.2493,2,91.5161,0.239238,4.96403,0.916167
110,Fs1,46.2493,3,138.62,0.212764,5.90332,0.878351
110,Fs1,46.2493,4,184.378,0.273227,5.47923,0.844402
110,Fs1,46.2493,5,230.136,0.17004,4.22777,0.700367
110,Fs1,46.2493,6,277.24,0.314343,4.74283,0.948948
110,Fs1,46.2493,7,322.998,0.191381,4.04549,0.579961
110,Fs1,46.2493,8,370.102,0.176649,2.00139,0.585858
110,Fs1,46.2493,9,415.86,0.195169,4.27204,0.84185
110,Fs1,46.2493,10,462.964,0.216971,4.0145,0.785006
110,Fs1,46.2493,11,508.722,0.159402,4.43563,0.676135
110,Fs1,46.2493,12,555.826,0.234371,3.54784,0.808027
110,Fs1,46.2493,13,601.584,0.22692,2.31382,0.705445
110,Fs1,46.2493,14,648.688,0.320171,4.97469,0.847992
110,Fs1,46.2493,15,695.792,0.153827,2.49269,0.577116
110,Fs1,46.2493,16,742.896,0.189434,2.03502,0.619411
110,Fs1,46.2493,17,789.999,0.21679,2.15181,0.754662
110,Fs1,46.2493,18,837.103,0.255689,3.58506,0.843788
110,Fs1,46.2493,19,885.553,0.223669,3.25523,0.711727
110,Fs1,46.2493,20,932.657,0.330007,2.09404,0.87267
110,Fs1,46.2493,21,981.107,0.392563,3.82322,0.915263
110,Fs1,46.2493,22,1029.56,0.209658,3.22703,0.684754
110,Fs1,46.2493,23,1079.35,0.324615,1.95087,0.859167
110,Fs1,46.2493,25,1204.51,1.57465,0.636777,0.893209
110,Fs1,46.2493,26,1251.62,0.94693,0.91963,0.853314
110,Fs1,46.2493,27,1297.38,0.821948,1.19549,0.912058
110,Fs1,46.2493,28,1344.48,0.681679,-1.24409,0.938405
110,Fs1,46.2493,29,1391.58,0.887108,-0.921011,0.954826
110,Fs1,46.2493,33,1619.03,0.641195,2.09261,0.94303
110,Fs1,46.2493,34,1671.51,0.62208,2.53118,0.949965
110,Fs1,46.2493,35,1722.66,0.52696,3.00758,0.941102
110,Fs1,46.2493,36,1773.8,0.599246,3.5948,0.951277
110,Fs1,46.2493,37,1824.94,0.547654,1.69751,0.984703
110,Fs1,46.2493,38,1877.43,0.54996,1.25654,0.928345
110,Fs1,46.2493,39,1929.91,0.581488,1.4594,0.922886
110,Fs1,46.2493,40,1982.4,0.652628,-0.588046,0.962239
110,Fs1,46.2493,41,2056.42,0.80426,0.607569,0.953723
110,Fs1,46.2493,42,2104.87,0.847696,-0.10432,0.963921
110,Fs1,46.2493,47,2414.41,0.913584,0.0656417,0.957749
110,Fs1,46.2493,48,2470.94,0.844256,1.08476,0.991257
110,Fs1,46.2493,49,2526.11,0.921466,0.727953,0.959987
110,Fs1,46.2493,50,2582.64,0.964073,1.67736,0.95489
110,Fs1,46.2493,51,2640.51,0.917678,1.95443,0.972077
110,Fs1,46.2493,52,2697.03,1.01981,2.10238,0.962885
110,Fs1,46.2493,57,3048.29,1.24272,1.3336,0.979928
110,Fs1,46.2493,58,3108.86,1.14985,0.623169,0.964749
110,Fs1,46.2493,59,3166.73,1.26686,1.48521,0.980254
110,Fs1,46.2493,60,3229.98,1.22445,1.92063,0.98965
110,Fs1,46.2493,61,3290.54,1.188,1.15456,0.981348
110,Fs1,46.2493,63,3443.97,1.42969,0.617018,0.909664
110,Fs1,46.2493,65,3598.74,1.83857,0.993769,0.914224
110,Fs1,46.2493,66,3666.03,1.43161,0.709445,0.975922
110,Fs1,46.2493,67,3729.28,2.3174,0.244049,0.934244
110,Fs1,46.2493,68,3793.88,1.73025,0.507227,0.973086
110,Fs1,46.2493,69,3865.21,2.025,0.468693,0.968944
110,Fs1,46.2493,70,3943.27,2.00672,0.633015,0.992347
110,Fs1,46.2493,73,4193.59,2.17229,-0.176869,0.94432
110,Fs1,46.2493,74,4262.23,2.86902,0.227517,0.943056
110,Fs1,46.2493,75,4336.25,2.57961,-1.25778,0.930099
110,Fs1,46.2493,76,4407.58,3.23704,-1.14197,0.97586
110,Fs1,46.2493,77,4499.09,2.40519,-0.493283,0.92916
110,Fs1,46.2493,80,4753.45,3.534,0.741402,0.953674
110,Fs1,46.2493,81,4826.13,3.72858,-0.553418,0.944647
110,Fs1,46.2493,82,4906.88,2.90283,-0.479855,0.891454
110,Fs1,46.2493,83,4980.9,3.90437,0.092532,0.910222
110,Fs1,46.2493,85,5162.59,3.40601,-2.80326,0.94543
110,Fs1,46.2493,86,5258.14,4.7472,-2.20756,0.959541
110,Fs1,46.2493,87,5348.31,5.42586,-0.139102,0.96645
110,Fs1,46.2493,88,5425.02,4.88144,-0.812208,0.956931
110,Fs1,46.2493,89,5513.85,5.73362,-0.616292,0.941933
110,Fs1,46.2493,90,5590.56,5.52539,-0.64282,0.947503
110,Fs1,46.2493,94,5976.81,3.18054,-4.67923,0.717736
110,B3,246.942,2,493.918,0.250716,4.29141,0.699004
110,B3,246.942,3,741.55,0.211614,3.14243,0.616925
110,B3,246.942,4,989.182,0.356017,3.44894,0.832354
110,B3,246.942,5,1239.51,0.43503,3.93236,0.911922
110,B3,246.942,6,1489.83,0.460738,3.08782,0.924689
110,B3,246.942,7,1741.5,0.647845,3.54214,0.956031
110,B3,246.942,21,5835.5,4.03239,-0.086134,0.953042
110,B4,493.883,1,493.918,0.324886,3.47863,0.702196
110,B4,493.883,2,989.182,0.376018,2.92192,0.573267
110,B4,493.883,3,1487.14,0.550712,3.06108,0.913829
110,B4,493.883,4,1990.48,0.639449,3.05657,0.973431
110,B4,493.883,5,2499.2,0.873917,2.63318,0.87695
110,B4,493.883,6,3014.65,1.65194,2.60033,0.983033
110,B4,493.883,7,3543.56,2.28362,1.85649,0.962253
110,B4,493.883,8,4087.27,1.89467,-5.1172,0.742606
110,Fs6,1479.98,1,1484.45,1.59795,4.17714,0.958516
110,Fs6,1479.98,2,2991.77,2.41338,2.06742,0.995087
110,Fs6,1479.98,3,4469.49,3.71683,-2.36166,0.989204
110,F3,174.614,1,174.957,0.279377,4.13977,0.800638
110,F3,174.614,2,348.569,0.286804,5.17971,0.806399
110,F3,174.614,3,523.526,0.231648,4.47267,0.625007
110,F3,174.614,4,698.483,0.330053,4.78898,0.853461
110,F3,174.614,5,874.786,0.205306,2.52649,0.528902
110,F3,174.614,6,1049.74,0.360207,2.49992,0.872137
110,F3,174.614,7,1227.39,0.384948,3.19439,0.907951
110,F3,174.614,8,1403.7,0.38513,1.72505,0.845183
110,F3,174.614,9,1581.34,0.390583,3.19024,0.876699
110,F3,174.614,10,1760.34,0.459843,3.28378,0.940002
110,F3,174.614,11,1940.68,0.569805,1.54405,0.88475
110,F3,174.614,12,2121.02,0.544693,2.53046,0.905294
110,F3,174.614,13,2304.05,0.645283,2.18327,0.93214
110,F3,174.614,14,2489.78,0.739768,1.74113,0.897956
110,F3,174.614,27,5127.59,11.3482,-0.61941,0.953976
110,F3,174.614,28,5340.23,2.01612,-5.43307,0.727832
110,F3,174.614,34,6753.35,3.68799,0.191286,0.910987
110,F3,174.614,35,6984.83,4.11712,-0.535796,0.913222
110,F3,174.614,36,7214.97,4.06665,-0.611639,0.911888
110,As0,29.1352,1,28.2623,0.230072,1.88173,0.921548
110,As0,29.1352,2,57.8705,0.255402,4.48097,0.956636
110,As0,29.1352,3,86.1328,0.203255,6.16817,0.913196
110,As0,29.1352,4,115.741,0.196896,6.099,0.904988
110,As0,29.1352,5,145.349,0.181806,5.54514,0.878535
110,As0,29.1352,7,203.22,0.12021,5.34134,0.513433
110,As0,29.1352,8,232.828,0.155338,2.33053,0.882512
110,As0,29.1352,9,261.09,0.152365,4.42881,0.743617
110,As0,29.1352,10,290.698,0.142901,2.87082,0.571108
110,As0,29.1352,11,320.306,0.128612,4.76469,0.676847
110,As0,29.1352,12,351.26,0.126488,4.79726,0.603913
110,As0,29.1352,13,380.869,0.185074,5.29926,0.878848
110,As0,29.1352,14,410.477,0.164949,4.33934,0.680105
110,As0,29.1352,15,440.085,0.20201,4.14751,0.895367
110,As0,29.1352,16,471.039,0.183803,2.02222,0.722486
110,As0,29.1352,17,501.993,0.175253,3.19434,0.801863
110,As0,29.1352,18,532.947,0.228613,4.35962,0.943415
110,As0,29.1352,19,563.901,0.205734,2.65399,0.883913
110,As0,29.1352,20,594.855,0.291064,3.73069,0.921929
110,As0,29.1352,21,625.809,0.25079,4.50948,0.946065
110,As0,29.1352,22,658.109,0.25096,5.02323,0.953497
110,As0,29.1352,23,690.408,0.252588,2.09578,0.935255
110,As0,29.1352,24,721.362,0.235872,0.390429,0.911442
110,As0,29.1352,25,755.008,0.258589,1.88115,0.949997
110,As0,29.1352,26,787.308,0.273207,2.71336,0.905916
110,As0,29.1352,27,820.953,0.306705,3.65002,0.968123
110,As0,29.1352,28,854.599,0.310455,4.18737,0.970603
110,As0,29.1352,29,888.245,0.374983,3.94377,0.995572
110,As0,29.1352,30,921.89,0.338708,3.78271,0.980367
110,As0,29.1352,31,955.536,0.368987,3.05,0.978179
110,As0,29.1352,32,990.527,0.478504,1.59256,0.967999
110,As0,29.1352,34,1033.59,0.958345,0.310552,0.998456
110,As0,29.1352,36,1126.46,0.968514,1.40963,0.997032
110,As0,29.1352,37,1157.41,1.03881,2.19013,0.999922
110,As0,29.1352,38,1189.71,1.08193,2.57181,0.999942
110,As0,29.1352,39,1207.21,0.59394,2.85455,0.975287
110,As0,29.1352,40,1244.89,0.745265,2.62304,0.960673
110,As0,29.1352,41,1283.92,0.689711,1.92929,0.979946
110,As0,29.1352,42,1321.6,0.749683,2.57762,0.957834
110,As0,29.1352,43,1359.28,0.857644,3.17798,0.959415
110,As0,29.1352,44,1398.31,0.834485,3.48053,0.998165
110,As0,29.1352,45,1437.34,0.90026,3.26293,0.988936
110,As0,29.1352,46,1477.72,1.12839,2.43143,0.962977
110,As0,29.1352,47,1518.09,1.00001,2.97804,0.960496
110,As0,29.1352,48,1559.81,1.00163,3.13989,0.981934
110,As0,29.1352,49,1601.53,1.72614,3.09338,0.994592
110,As0,29.1352,50,1640.56,1.3633,2.14153,0.996583
110,As0,29.1352,51,1674.21,1.33798,1.04247,0.999855
110,As0,29.1352,52,1707.85,1.34515,1.63635,0.99996
110,As0,29.1352,53,1741.5,1.37855,0.294777,0.999986
110,As0,29.1352,55,1816.86,1.50292,3.64626,0.995507
110,As0,29.1352,56,1859.93,1.61443,2.89338,0.96302
110,As0,29.1352,57,1904.34,1.97529,3.23635,0.978365
110,As0,29.1352,58,1950.1,1.74213,2.78119,0.930932
110,As0,29.1352,59,1995.86,1.65439,1.70563,0.96642
110,As0,29.1352,60,2042.96,1.92082,0.836098,0.975358
110,As0,29.1352,61,2088.72,2.47012,0.894806,0.992156
110,As0,29.1352,62,2135.82,1.96816,2.0553,0.974123
110,As0,29.1352,63,2158.7,1.64344,0.104259,0.996314
110,As0,29.1352,66,2304.05,1.71391,-0.362517,0.997787
110,As0,29.1352,67,2340.39,1.76015,-0.0301119,0.999067
110,As0,29.1352,68,2382.11,2.30787,2.31873,0.974704
110,As0,29.1352,69,2433.25,2.31556,1.26544,0.991916
110,As0,29.1352,70,2489.78,1.7351,0.814883,0.998906
110,As0,29.1352,71,2535.53,2.40949,0.616844,0.967084
110,As0,29.1352,72,2589.37,2.86129,2.85057,0.998054
110,As0,29.1352,73,2643.2,2.86745,2.34893,0.996274
110,As0,29.1352,74,2694.34,2.77535,2.66282,0.998367
110,As0,29.1352,75,2718.57,1.921,0.857786,0.998412
110,As0,29.1352,76,2793.93,2.46714,1.64772,0.966204
110,As0,29.1352,77,2837,1.93846,0.348002,0.998621
110,As0,29.1352,78,2877.37,1.93596,0.653945,0.997046
110,As0,29.1352,80,2997.15,1.97747,0.643357,0.997171
110,As0,29.1352,81,3030.8,4.0731,2.32815,0.992485
110,As0,29.1352,82,3084.63,3.71463,1.98676,0.99025
110,As0,29.1352,83,3146.54,4.10224,1.02671,0.980053
110,As0,29.1352,84,3203.06,2.93999,-0.150255,0.950493
110,As0,29.1352,85,3263.63,4.35727,0.866586,0.976085
110,As0,29.1352,87,3369.95,1.84492,-5.03021,0.808145
110,As0,29.1352,88,3413.01,4.1848,-1.15582,0.941161
110,As0,29.1352,89,3457.42,4.04023,0.428213,0.932044
110,As0,29.1352,90,3540.87,3.71268,-0.0960196,0.938921
110,As0,29.1352,91,3573.17,5.35086,0.60101,0.97922
110,As0,29.1352,92,3631.04,4.07214,-0.649698,0.978446
110,As0,29.1352,93,3696.98,5.58684,-0.793253,0.935155
110,As0,29.1352,94,3764.27,4.80438,0.169762,0.963972
110,As0,29.1352,95,3808.69,4.93845,1.16482,0.977725
110,As0,29.1352,96,3892.13,5.65952,-0.460216,0.982491
110,D7,2349.32,1,2367.31,3.38325,2.67271,0.993562
110,D7,2349.32,2,4748.07,4.26866,-2.43219,0.999115
110,G5,783.991,2,1573.27,1.04885,2.21541,0.887294
110,G5,783.991,3,2372.69,1.44238,3.07019,0.960475
110,G5,783.991,4,3174.8,2.6837,-3.12642,0.913643
110,G5,783.991,6,4819.4,2.51067,-6.97079,0.644482
110,Cs6,1108.73,1,1110.31,1.26886,3.83346,0.888171
110,Cs6,1108.73,2,2232.72,1.76407,2.14423,0.936358
110,Cs6,1108.73,3,3376.68,3.74337,0.71507,0.978486
110,Cs6,1108.73,4,4544.85,4.80114,-0.444817,0.995366
110,C2,65.4064,1,65.9454,0.314498,1.76889,0.939825
110,C2,65.4064,2,130.545,0.271053,5.42487,0.906834
110,C2,65.4064,3,196.49,0.215074,4.76827,0.88706
110,C2,65.4064,4,261.09,0.253485,3.28912,0.846457
110,C2,65.4064,5,327.036,0.214802,4.65159,0.836683
110,C2,65.4064,6,391.635,0.195528,4.30694,0.783494
110,C2,65.4064,7,457.581,0.193966,3.23672,0.812045
110,C2,65.4064,8,523.526,0.238328,2.06125,0.547156
110,C2,65.4064,9,588.126,0.144623,1.60776,0.598596
110,C2,65.4064,10,654.071,0.17182,3.62558,0.575421
110,C2,65.4064,11,720.016,0.334776,5.0525,0.952804
110,C2,65.4064,12,785.962,0.195778,3.6622,0.699714
110,C2,65.4064,13,851.907,0.159288,2.95114,0.634409
110,C2,65.4064,14,917.853,0.233262,3.71528,0.699087
110,C2,65.4064,15,985.144,0.23021,3.15347,0.755046
110,C2,65.4064,16,1051.09,0.335377,2.07284,0.793694
110,C2,65.4064,17,1117.03,0.272574,3.14751,0.773643
110,C2,65.4064,18,1184.33,0.26901,2.17204,0.824486
110,C2,65.4064,19,1252.96,0.286424,1.89493,0.811612
110,C2,65.4064,20,1321.6,0.307223,2.01839,0.760238
110,C2,65.4064,27,1837.05,0.601843,-1.58751,0.917708
110,C2,65.4064,33,2283.87,0.583204,1.65019,0.962311
110,C2,65.4064,34,2356.54,0.555605,1.71212,0.953098
110,C2,65.4064,35,2426.52,0.562427,2.02694,0.953068
110,C2,65.4064,36,2499.2,0.628935,2.47618,0.962269
110,C2,65.4064,37,2570.53,0.636403,2.1816,0.904911
110,C2,65.4064,38,2645.89,0.663861,3.01889,0.959275
110,C2,65.4064,41,2908.33,0.937054,0.203846,0.978108
110,C2,65.4064,45,3236.71,0.700294,0.197986,0.967316
110,C2,65.4064,46,3313.42,0.97275,-0.116314,0.930117
110,C2,65.4064,47,3390.13,1.62388,-1.82318,0.924701
110,C2,65.4064,48,3469.54,0.890117,-1.55604,0.899244
110,C2,65.4064,50,3659.3,1.83378,-1.12223,0.834672
110,C2,65.4064,53,3936.54,1.22917,-1.92116,0.946154
110,C2,65.4064,54,4005.18,1.28245,-0.434887,0.936639
110,C2,65.4064,55,4100.73,1.05721,-0.541886,0.904329
110,C2,65.4064,56,4182.82,0.994524,0.33441,0.96403
110,C2,65.4064,58,4392.77,1.54936,1.6153,0.96429
110,C2,65.4064,60,4591.96,1.64529,0.118262,0.894461
110,C2,65.4064,61,4679.43,1.97541,-0.757211,0.918579
110,C2,65.4064,62,4764.22,2.12033,-0.453906,0.873473
110,C2,65.4064,65,5068.38,1.95684,-2.86301,0.878381
110,C2,65.4064,67,5268.91,1.64004,0.769312,0.964864
110,C2,65.4064,68,5373.88,2.64573,-0.432795,0.921924
110,C2,65.4064,69,5468.09,3.0009,-0.310734,0.914744
110,C2,65.4064,73,5917.59,3.19083,-0.289277,0.950552
110,C2,65.4064,74,6015.84,2.65792,-1.56017,0.931702
110,C2,65.4064,75,6147.73,2.84158,-0.959963,0.885308
110,C2,65.4064,78,6486.88,4.24882,-1.6322,0.970885
110,C2,65.4064,79,6589.16,4.12827,-1.10228,0.94083
110,C2,65.4064,80,6692.79,4.2802,-0.353412,0.924461
110,C2,65.4064,84,7179.98,5.17081,-1.80872,0.932737
110,C2,65.4064,85,7282.26,6.18009,-0.421519,0.968873
110,C2,65.4064,90,7906.72,3.86418,-0.589524,0.887563
110,A6,1760,1,1769.76,1.87674,4.09671,0.986591
110,A6,1760,2,3570.47,4.77902,1.37688,0.981507
110,A6,1760,3,5381.96,5.11218,-3.38495,0.998845
110,E1,41.2034,1,40.3748,0.199628,3.8986,0.924439
110,E1,41.2034,2,82.0953,0.173124,6.91313,0.863607
110,E1,41.2034,3,122.47,0.177704,6.24826,0.856605
110,E1,41.2034,4,164.191,0.217437,3.99157,0.939772
110,E1,41.2034,5,205.911,0.119997,5.61376,0.559125
110,E1,41.2034,6,246.286,0.143027,4.50388,0.743553
110,E1,41.2034,7,288.007,0.139884,4.68811,0.649641
110,E1,41.2034,8,328.381,0.159641,3.46924,0.809937
110,E1,41.2034,9,370.102,0.17892,5.20545,0.867673
110,E1,41.2034,11,453.543,0.137926,4.40512,0.682558
110,E1,41.2034,12,495.264,0.178451,5.38546,0.845512
110,E1,41.2034,13,536.984,0.216825,4.38871,0.900024
110,E1,41.2034,14,578.705,0.192454,3.44352,0.676536
110,E1,41.2034,15,620.425,0.223766,3.83086,0.895657
110,E1,41.2034,16,662.146,0.187819,2.97662,0.736656
110,E1,41.2034,17,705.212,0.210518,2.25708,0.917479
110,E1,41.2034,18,746.933,0.207168,3.2475,0.884271
110,E1,41.2034,19,789.999,0.280938,2.34338,0.970047
110,E1,41.2034,20,833.066,0.267379,3.04409,0.923898
110,E1,41.2034,21,876.132,0.276131,3.80854,0.95169
110,E1,41.2034,22,919.199,0.312629,4.52346,0.975525
110,E1,41.2034,23,962.265,0.320182,3.22301,0.960449
110,E1,41.2034,24,1005.33,0.350044,1.97132,0.94992
110,E1,41.2034,25,1049.74,0.360373,2.79236,0.990227
110,E1,41.2034,26,1094.16,0.364792,2.08682,0.974663
110,E1,41.2034,27,1156.06,1.64122,6.07196,0.996931
110,E1,41.2034,28,1199.13,1.07939,0.694012,0.999292
110,E1,41.2034,29,1240.85,1.04332,0.115557,0.996681
110,E1,41.2034,30,1283.92,1.07733,0.0885356,0.996979
110,E1,41.2034,37,1637.87,0.724366,3.72856,0.931032
110,E1,41.2034,38,1687.66,0.84841,3.475,0.986984
110,E1,41.2034,39,1733.42,0.757561,1.61377,0.890032
110,E1,41.2034,40,1783.22,0.786271,2.5849,0.97378
110,E1,41.2034,41,1831.67,0.784467,3.05237,0.949258
110,E1,41.2034,42,1880.12,0.948011,3.06358,0.999906
110,E1,41.2034,43,1929.91,0.858511,3.05003,0.963465
110,E1,41.2034,44,1979.71,0.880405,2.50536,0.999896
110,E1,41.2034,45,2028.16,0.921193,2.31978,0.995029
110,E1,41.2034,46,2079.3,0.985445,2.07406,0.989061
110,E1,41.2034,47,2130.44,1.15137,1.26988,0.994828
110,E1,41.2034,48,2181.58,1.06271,1.39908,0.987489
110,E1,41.2034,50,2310.78,2.93753,4.4775,0.987374
110,E1,41.2034,51,2363.27,1.3976,0.719941,0.999622
110,E1,41.2034,52,2407.68,1.33611,1.69737,0.99997
110,E1,41.2034,54,2542.26,1.22307,0.374106,0.999584
110,E1,41.2034,55,2588.02,1.23508,0.495466,0.998749
110,E1,41.2034,56,2658,1.39814,0.941856,0.981777
110,E1,41.2034,57,2713.18,1.39992,1.25576,0.975265
110,E1,41.2034,58,2769.71,1.29357,1.08203,0.977497
110,E1,41.2034,59,2826.23,1.41957,1.83656,0.972334
110,E1,41.2034,60,2889.49,2.5621,4.73826,0.976409
110,E1,41.2034,61,2939.28,1.41957,2.23711,0.97027
110,E1,41.2034,62,2995.81,1.54982,0.534044,0.967483
110,E1,41.2034,63,3055.02,1.77205,-0.583997,0.914592
110,E1,41.2034,64,3138.46,1.63103,-0.72528,0.943344
110,E1,41.2034,65,3185.57,1.69163,0.203188,0.934462
110,E1,41.2034,67,3328.23,1.94877,0.042492,0.904751
110,E1,41.2034,68,3375.33,1.88887,0.332741,0.916668
110,E1,41.2034,69,3466.85,2.08931,2.81111,0.934454
110,E1,41.2034,70,3534.14,2.01492,0.201057,0.946244
110,E1,41.2034,71,3597.39,2.2097,1.80448,0.994537
110,E1,41.2034,72,3661.99,2.23797,0.040269,0.940081
110,E1,41.2034,73,3722.55,2.30264,0.700204,0.965526
110,E1,41.2034,74,3787.15,3.05158,-1.28511,0.937757
110,E1,41.2034,75,3851.75,2.51059,1.05658,0.941085
110,E1,41.2034,76,3919.04,2.91043,0.93224,0.984022
110,E1,41.2034,77,4007.87,3.41423,-0.0273434,0.964688
110,E1,41.2034,82,4384.7,3.36859,0.207605,0.957599
110,E1,41.2034,83,4454.68,3.61823,-0.119909,0.937295
110,E1,41.2034,84,4523.32,4.00647,0.084262,0.926126
110,E1,41.2034,85,4597.34,4.97898,0.670879,0.937984
110,E1,41.2034,86,4668.67,3.83848,0.540094,0.911067
110,E1,41.2034,87,4740,3.82453,-2.21085,0.878166
110,E1,41.2034,94,5330.81,6.50504,-2.16424,0.947355
110,E1,41.2034,95,5406.18,6.88447,0.716045,0.93799
110,E1,41.2034,96,5484.24,7.71091,-0.156343,0.936647
110,Gs1,51.9131,1,52.4872,0.24563,2.61553,0.889956
110,Gs1,51.9131,2,103.629,0.321601,5.81729,0.967182
110,Gs1,51.9131,3,154.77,0.269524,4.97124,0.868514
110,Gs1,51.9131,4,207.257,0.233433,5.35277,0.790002
110,Gs1,51.9131,7,363.373,0.195542,4.23949,0.686595
110,Gs1,51.9131,8,414.514,0.167852,2.47506,0.813298
110,Gs1,51.9131,9,467.001,0.279581,3.8273,0.738151
110,Gs1,51.9131,10,519.489,0.192074,4.69611,0.793786
110,Gs1,51.9131,11,570.63,0.21111,3.82846,0.750005
110,Gs1,51.9131,12,623.117,0.244043,2.27368,0.802635
110,Gs1,51.9131,13,675.604,0.255234,3.5436,0.809175
110,Gs1,51.9131,14,728.091,0.256241,3.1847,0.770131
110,Gs1,51.9131,15,781.924,0.201183,2.67887,0.700529
110,Gs1,51.9131,16,834.412,0.257982,2.1387,0.874944
110,Gs1,51.9131,17,886.899,0.192756,2.37821,0.655693
110,Gs1,51.9131,18,939.386,0.255585,2.83298,0.885455
110,Gs1,51.9131,19,993.219,0.289328,2.95729,0.810325
110,Gs1,51.9131,20,1047.05,0.237684,1.77897,0.848519
110,Gs1,51.9131,21,1102.23,0.333254,3.5151,0.918072
110,Gs1,51.9131,22,1157.41,0.352239,2.75338,0.981999
110,Gs1,51.9131,26,1403.7,0.683079,-0.151836,0.957069
110,Gs1,51.9131,27,1441.38,10.6683,1.36898,0.940345
110,Gs1,51.9131,28,1510.02,0.72206,-0.377881,0.941869
110,Gs1,51.9131,29,1562.5,0.602366,-1.80932,0.937604
110,Gs1,51.9131,31,1697.09,0.442927,1.13452,0.93878
110,Gs1,51.9131,32,1756.3,0.526018,1.14683,0.980632
110,Gs1,51.9131,33,1812.83,0.488102,1.43711,0.941899
110,Gs1,51.9131,34,1869.35,0.471332,1.63182,0.962442
110,Gs1,51.9131,35,1925.88,0.520135,2.75581,0.961891
110,Gs1,51.9131,36,1981.05,0.579846,2.77721,0.975478
110,Gs1,51.9131,37,2040.27,0.532024,2.64175,0.993353
110,Gs1,51.9131,38,2098.14,0.618044,1.4394,0.972768
110,Gs1,51.9131,39,2161.4,0.748575,-2.34187,0.878779
110,Gs1,51.9131,41,2305.4,0.791717,0.230202,0.986461
110,Gs1,51.9131,42,2359.23,0.824657,-0.633814,0.979582
110,Gs1,51.9131,43,2444.02,0.838153,2.64323,0.998953
110,Gs1,51.9131,44,2508.62,0.771999,2.77313,0.992183
110,Gs1,51.9131,45,2565.14,0.810539,1.76169,0.986491
110,Gs1,51.9131,46,2625.71,0.873318,1.8819,0.936743
110,Gs1,51.9131,47,2686.27,1.03117,-0.307326,0.994381
110,Gs1,51.9131,48,2752.21,0.873351,0.584396,0.991512
110,Gs1,51.9131,52,3056.37,1.16605,0.150802,0.927699
110,Gs1,51.9131,53,3120.97,1.24554,-0.589396,0.976792
110,Gs1,51.9131,54,3184.22,1.43863,-0.34284,0.934232
110,Gs1,51.9131,55,3247.48,1.59122,-1.02365,0.885862
110,Gs1,51.9131,56,3321.5,1.1798,-0.921022,0.957422
110,Gs1,51.9131,59,3569.13,1.52074,1.2465,0.985786
110,Gs1,51.9131,60,3639.11,1.49008,0.0155771,0.946762
110,Gs1,51.9131,61,3717.17,1.43893,0.416144,0.97762
110,Gs1,51.9131,62,3772.35,1.55864,0.449671,0.949945
110,Gs1,51.9131,63,3854.44,2.20032,0.643789,0.912226
110,Gs1,51.9131,64,3959.42,2.40122,-0.396639,0.940045
110,Gs1,51.9131,65,4018.63,2.24952,-0.655667,0.906268
110,Gs1,51.9131,66,4116.88,1.95824,-1.22761,0.946144
110,Gs1,51.9131,67,4185.52,2.13558,0.943488,0.970222
110,Gs1,51.9131,68,4255.5,1.91327,0.693209,0.979206
110,Gs1,51.9131,69,4345.67,2.51041,-0.442469,0.971214
110,Gs1,51.9131,72,4614.83,2.27325,0.651242,0.975918
110,Gs1,51.9131,73,4705,2.73545,0.765912,0.896841
110,Gs1,51.9131,74,4766.91,3.23527,0.120706,0.939017
110,Gs1,51.9131,75,4859.77,2.99012,0.345259,0.976936
110,Gs1,51.9131,76,4951.29,3.28378,-1.4504,0.969933
110,Gs1,51.9131,77,5045.5,4.18702,-1.66573,0.923474
110,Gs1,51.9131,78,5138.36,4.06922,-1.01265,0.949201
110,Gs1,51.9131,79,5215.07,4.3168,0.475847,0.918272
110,Gs1,51.9131,80,5322.74,4.12818,0.577702,0.917384
110,Gs1,51.9131,81,5400.8,3.04265,-0.156556,0.948536
110,Gs1,51.9131,83,5606.71,4.04378,-0.97688,0.905983
110,Gs1,51.9131,84,5687.46,3.5111,-0.103805,0.939862
110,Gs1,51.9131,85,5803.2,4.04497,-0.572182,0.900059
110,Gs1,51.9131,86,5885.29,4.43826,0.440148,0.902921
110,Gs1,51.9131,87,5970.08,4.89501,-0.878277,0.91486
110,Gs1,51.9131,88,6093.9,4.95785,-0.784899,0.970125
110,Gs1,51.9131,89,6177.34,4.85879,-0.791913,0.886722
110,Gs1,51.9131,91,6389.98,5.80312,-0.901114,0.946357
110,Gs1,51.9131,92,6482.84,3.75386,-0.28688,0.949454
110,Gs1,51.9131,93,6602.62,6.27593,-2.13339,0.921764
110,Gs1,51.9131,94,6687.41,7.43816,-1.3515,0.943887
