frame,time_sec,midi,velocity,F,dy,v_in,dv,sigma,sample
0,0.000000000000,69,80.000000000000,702.802439235434,0.002363482757,154.687812250677,48.459179204915,0.316001814079,0.000000000000
1,0.000022675737,69,80.000000000000,677.140177545479,0.002296863651,149.569594733326,41.658542552655,0.311516434972,0.000000000000
2,0.000045351474,69,80.000000000000,654.118829597993,0.002224973876,144.625385892828,33.371802662604,0.306602586842,0.000000000000
3,0.000068027211,69,80.000000000000,633.130637999698,0.002153119103,139.839817956322,24.906432128146,0.301611143856,0.000000000000
4,0.000090702948,69,80.000000000000,613.593353025121,0.002085591222,135.201924131491,17.229683244865,0.296843778999,0.000000000000
5,0.000113378685,69,80.000000000000,594.992440733660,0.002025320660,130.704626771448,10.942369033187,0.292523157861,0.000000000000
6,0.000136054422,69,80.000000000000,576.916672004885,0.001973525077,126.343956537096,6.273182019268,0.288758436235,0.000000000000
7,0.000158730159,69,80.000000000000,559.107113606948,0.001929754809,122.117901256620,3.126173886340,0.285538334843,0.000000000000
8,0.000181405896,69,80.000000000000,541.470998090778,0.001892447492,118.025149948299,1.196981047702,0.282764754798,0.000000000000
9,0.000204081633,69,80.000000000000,524.041649552488,0.001859696682,114.064139747600,0.115301732104,0.280307304265,0.000000000000
10,0.000226757370,69,80.000000000000,506.911351624509,0.001829844296,110.232610256863,-0.445691077790,0.278048415773,0.000000000000
11,0.000249433107,69,80.000000000000,490.174143726096,0.001801728181,106.527590274051,-0.720464731975,0.275903997143,0.000000000000
12,0.000272108844,69,80.000000000000,473.896449118817,0.001774657750,102.945606531656,-0.852063730832,0.273823464906,0.000000000000
13,0.000294784580,69,80.000000000000,458.112371959007,0.001748273854,99.482927983213,-0.916642526733,0.271780371482,0.000000000000
14,0.000317460317,69,80.000000000000,442.831570320968,0.001722407725,96.135750580938,-0.950367934355,0.269762351686,0.000000000000
15,0.000340136054,69,80.000000000000,428.049373869187,0.001696984034,92.900305578148,-0.969026364130,0.267764029402,0.000000000000
16,0.000362811791,69,80.000000000000,413.754286654656,0.001671967903,89.772911121196,-0.979292280385,0.265783076740,0.000000000000
17,0.000385487528,69,80.000000000000,399.932198458109,0.001647340537,86.749992009646,-0.984145590170,0.263818380094,0.000000000000
18,0.000408163265,69,80.000000000000,386.525922790688,0.001622933427,83.828405291651,-0.998889266579,0.261856711378,0.000000000000
19,0.000430839002,69,80.000000000000,368.444675196256,0.001579624369,81.043487111786,-2.701792487700,0.258339175494,0.000000000000
20,0.000453514739,69,80.000000000000,538.518162689432,0.002133933092,76.973055043082,49.380800842933,0.300264338796,0.000000000000
21,0.000476190476,69,80.000000000000,546.996854325637,0.002024918637,72.838536113939,24.234257419502,0.292494123726,0.000000307560
22,0.000498866213,69,80.000000000000,531.133979186337,0.001924297302,68.823917979500,9.776876535882,0.285134285952,1.027228593826
23,0.000521541950,69,80.000000000000,511.814121446598,0.001852710144,64.955330515807,2.241973657340,0.279780277314,154.406082153320
24,0.000544217687,69,80.000000000000,491.037767639088,0.001800778310,61.243782763433,-1.130370928409,0.275831259273,149.936172485352
25,0.000566893424,69,80.000000000000,469.750815569665,0.001759239632,57.693134119671,-2.364813035842,0.272631389313,144.847061157227
26,0.000589569161,69,80.000000000000,448.603783462368,0.001722222206,54.302326988436,-2.690653689888,0.269747823341,140.202636718750
27,0.000612244898,69,80.000000000000,427.955465540512,0.001686897845,51.067591799165,-2.705767204467,0.266967102728,135.875518798828
28,0.000634920635,69,80.000000000000,407.957283198355,0.001652224158,47.984014450727,-2.639000315911,0.264209141944,131.753326416016
29,0.000657596372,69,80.000000000000,388.661468368142,0.001617940824,45.046286042805,-2.556128710945,0.261453628432,127.746582031250
30,0.000680272109,69,80.000000000000,370.087279022177,0.001584042009,42.248952112176,-2.470015206639,0.258700164016,123.799118041992
31,0.000702947846,69,80.000000000000,352.243775947433,0.001550570443,39.586489708945,-2.382888612325,0.255952341711,119.891029357910
32,0.000725623583,69,80.000000000000,335.131809820641,0.001517559595,37.053369453309,-2.296743421635,0.253213137295,116.029830932617
33,0.000748299320,69,80.000000000000,318.742717831978,0.001485026896,34.644127443997,-2.213734986017,0.250484303601,112.235687255859
34,0.000770975057,69,80.000000000000,303.059542793624,0.001452979095,32.353427951982,-2.135263055680,0.247766758764,108.529190063477
35,0.000793650794,69,80.000000000000,288.059785710004,0.001421416376,30.176105308671,-2.061877825153,0.245060894263,104.924758911133
36,0.000816326531,69,80.000000000000,273.718324374956,0.001390335890,28.107183733653,-1.993489791717,0.242366852846,101.429763793945
37,0.000839002268,69,80.000000000000,260.009684809479,0.001359734988,26.141879993596,-1.929538978283,0.239684799768,98.046310424805
38,0.000861678005,69,80.000000000000,246.919180659576,0.001329658311,24.275521863139,-1.865305339779,0.237019120850,94.773277282715
39,0.000884353741,69,80.000000000000,232.655914054832,0.001291345897,22.516973759927,-2.576583575902,0.233579460026,91.608108520508
40,0.000907029478,69,80.000000000000,250.007098197885,0.001408821006,20.627275360850,11.148436214100,0.243972718790,88.547645568848
41,0.000929705215,69,80.000000000000,269.355026175436,0.001395761140,18.591334119917,0.675774458160,0.242839264014,85.574401855469
42,0.000952380952,69,80.000000000000,260.777230218742,0.001361712605,16.620228827259,-1.891174790826,0.239859036875,82.058715820312
43,0.000975056689,69,80.000000000000,246.733136559040,0.001326787303,14.755276925830,-2.289433683783,0.236763095875,125.881881713867
44,0.000997732426,69,80.000000000000,232.058349473678,0.001290981784,13.001245561705,-2.385997819157,0.233546527188,-23.186290740967
45,0.001020408163,69,80.000000000000,217.531500002277,0.001254730830,11.357016536745,-2.401834072201,0.230244169467,-32.166515350342
46,0.001043083900,69,80.000000000000,203.422368789325,0.001218454935,9.819432494497,-2.371243503889,0.226891429973,-31.959636688232
47,0.001065759637,69,80.000000000000,189.880075281291,0.001182409557,8.384208947398,-2.316965779367,0.223510187226,-31.918018341064
48,0.001088435374,69,80.000000000000,176.970305330197,0.001146717735,7.046564916179,-2.254543502741,0.220110936366,-32.280845642090
49,0.001111111111,69,80.000000000000,164.707073806413,0.001111431886,5.801613489071,-2.191295435839,0.216697939959,-32.825214385986
50,0.001133786848,69,80.000000000000,153.081370226608,0.001076577725,4.644535860752,-2.129448861147,0.213273085252,-33.382534027100
51,0.001156462585,69,80.000000000000,142.076697848238,0.001042172626,3.570637917833,-2.069412780884,0.209837540644,-33.859855651855
52,0.001179138322,69,80.000000000000,131.674092975225,0.001008228647,2.575368885518,-2.011406549341,0.206392006464,-34.222042083740
53,0.001201814059,69,80.000000000000,121.852547466048,0.000974750424,1.654336780710,-1.955800165115,0.202936456554,-34.469772338867
54,0.001224489796,69,80.000000000000,112.589092777182,0.000941734871,0.803323229862,-1.902936297856,0.199470043617,-34.565757751465
55,0.001247165533,69,80.000000000000,103.859350063990,0.000909171942,0.018294128850,-1.853035705180,0.195991108369,-27.512622833252
56,0.001269841270,69,80.000000000000,95.638373524705,0.000877046368,-0.704596071639,-1.806174273807,0.192497296239,-179.016113281250
57,0.001292517007,69,80.000000000000,87.901426103919,0.000845339473,-1.369005943929,-1.762303555272,0.188985694535,-184.475784301758
58,0.001315192744,69,80.000000000000,80.631737029666,0.000814095545,-1.978467297139,-1.715565273209,0.185460337513,-179.900604248047
59,0.001337868481,69,80.000000000000,73.554721249997,0.000780813135,-2.534436467585,-1.892732473003,0.181629719306,-175.139862060547
60,0.001360544218,69,80.000000000000,68.957513146961,0.000771648444,-3.055657277464,0.338521694288,0.180560645667,-170.644073486328
61,0.001383219955,69,80.000000000000,70.528568741558,0.000784011713,-3.588753035147,1.189120883566,0.182001359567,-166.333007812500
62,0.001405895692,69,80.000000000000,71.870561901911,0.000780038789,-4.131992354134,-0.644767794467,0.181539634287,-162.521301269531
63,0.001428571429,69,80.000000000000,67.958311846927,0.000756043588,-4.645660622062,-1.544279436459,0.178725604169,-149.080291748047
64,0.001451247166,69,80.000000000000,61.903129876499,0.000724030245,-5.113560318786,-1.821332041682,0.174900765685,-176.689880371094
65,0.001473922902,69,80.000000000000,55.460258475040,0.000689282512,-5.532761063117,-1.903201246456,0.170652237407,-179.582092285156
66,0.001496598639,69,80.000000000000,49.170700625990,0.000653445880,-5.904421687652,-1.925619819323,0.166156818818,-175.963790893555
67,0.001519274376,69,80.000000000000,43.200630199853,0.000617071377,-6.230957063312,-1.926325307525,0.161465989169,-171.306198120117
68,0.001541950113,69,80.000000000000,37.608219373974,0.000580362766,-6.515221760016,-1.919388519923,0.156589676688,-166.332687377930
69,0.001564625850,69,80.000000000000,32.411083940699,0.000543367820,-6.760203498041,-1.911998607823,0.151516634011,-161.243347167969
70,0.001587301587,69,80.000000000000,27.608624581885,0.000506043792,-6.968885467670,-1.908228816283,0.146220211345,-156.159210205078
71,0.001609977324,69,80.000000000000,23.192767884568,0.000468288466,-7.144189835656,-1.910599519708,0.140659829704,-151.149612426758
72,0.001632653061,69,80.000000000000,19.153571649022,0.000429952629,-7.288963619852,-1.921110302692,0.134779444131,-146.246154785156
73,0.001655328798,69,80.000000000000,15.482022374498,0.000390838576,-7.405985708850,-1.941957076087,0.128502645327,-141.461685180664
74,0.001678004535,69,80.000000000000,12.171633234289,0.000350689220,-7.497985960054,-1.975891575592,0.121723537412,-136.820587158203
75,0.001700680272,69,80.000000000000,9.219979265207,0.000309169743,-7.567675901590,-2.026560282218,0.114290951737,-129.149963378906
76,0.001723356009,69,80.000000000000,6.630650430262,0.000265841122,-7.617794196603,-2.098856233252,0.105980127447,-178.391433715820
77,0.001746031746,69,80.000000000000,4.415960170234,0.000220122014,-7.651172580354,-2.199513491978,0.096437311819,-33.105773925781
78,0.001768707483,69,80.000000000000,2.598464751742,0.000171092989,-7.670813281425,-2.350323516378,0.085021637086,-13.495479583740
79,0.001791383220,69,80.000000000000,1.060556437514,0.000098011616,-7.678829581029,-4.277037125223,0.064350530413,-11.076466560364
80,0.001814058957,69,80.000000000000,17.744828064212,0.000575669394,-7.812955265565,46.205887789255,0.155955223976,-9.605862617493
81,0.001836734694,69,80.000000000000,163.405025543603,0.001217895588,-9.048065058034,18.368081628398,0.226839345327,-7.835870742798
82,0.001859410431,69,80.000000000000,203.184796867589,0.001219161872,-10.583853394146,-2.139275227904,0.226957240643,-5.980114936829
83,0.001882086168,69,80.000000000000,189.584870457324,0.001179939000,-12.016845612266,-2.605748221592,0.223276561156,-2.938136100769
84,0.001904761905,69,80.000000000000,175.219578495431,0.001139370203,-13.341256636419,-2.661894791536,0.219404628682,-5.436600685120
85,0.001927437642,69,80.000000000000,161.247366076600,0.001098638202,-14.560057589379,-2.619586195418,0.215447125888,-9.319246292114
86,0.001950113379,69,80.000000000000,147.925099394416,0.001057957942,-15.678161137334,-2.566843824676,0.211420725249,-8.502623558044
87,0.001972789116,69,80.000000000000,135.260363945719,0.001017257109,-16.700537282048,-2.524536147437,0.207314044054,-6.686568260193
88,0.001995464853,69,80.000000000000,123.215328703976,0.000976450108,-17.631870076485,-2.490224114154,0.203113310894,-4.797641754150
89,0.002018140590,69,80.000000000000,111.768934145451,0.000935512201,-18.476684393533,-2.457868809997,0.198809935580,-2.949058532715
90,0.002040816327,69,80.000000000000,100.920023174957,0.000894469135,-19.239496360086,-2.423936344966,0.194399899570,-1.164322853088
91,0.002063492063,69,80.000000000000,90.675010701479,0.000853362713,-19.924870590634,-2.388069457574,0.189880421873,0.541079521179
92,0.002086167800,69,80.000000000000,81.037050995787,0.000812221212,-20.537395541471,-2.351860594146,0.185246717147,2.159625053406
93,0.002108843537,69,80.000000000000,72.001333223982,0.000771044199,-21.081623305825,-2.317445743307,0.180489937180,3.690378189087
94,0.002131519274,69,80.000000000000,63.555591423192,0.000729800724,-21.562013263672,-2.286606071497,0.175596356967,5.112963676453
95,0.002154195011,69,80.000000000000,55.682985317093,0.000688433828,-21.982897506432,-2.260541226325,0.170547146668,7.367250442505
96,0.002176870748,69,80.000000000000,48.365215270944,0.000646867307,-22.348469806288,-2.239881435311,0.165318310314,-2.141542911530
97,0.002199546485,69,80.000000000000,41.585213358925,0.000605014267,-22.662794926159,-2.224655242060,0.159880745436,29.421630859375
98,0.002222222222,69,80.000000000000,35.331765923131,0.000562823048,-22.929852869644,-2.211118510962,0.154205297506,39.424114227295
99,0.002244897959,69,80.000000000000,28.946588838550,0.000509531856,-23.148647947789,-3.145731612112,0.146723280049,41.564361572266
100,0.002267573696,69,80.000000000000,39.041181552116,0.000694106312,-23.443743802302,18.530827839525,0.171248333382,42.092971801758
101,0.002290249433,69,80.000000000000,40.436767095240,0.000000000000,-23.749388300377,-82.159877176776,0.000000000000,42.103340148926
102,0.002312925170,69,80.000000000000,0.000000000000,0.000000000000,-23.749388300377,-69.251562677818,0.000000000000,41.821018218994
103,0.002335600907,69,80.000000000000,0.000000000000,0.000000000000,-23.749388300377,-68.776220880943,0.000000000000,45.436820983887
104,0.002358276644,69,80.000000000000,0.000000000000,0.000000000000,-23.749388300377,-68.256941400962,0.000000000000,77.087646484375
105,0.002380952381,69,80.000000000000,0.000000000000,0.000000000000,-23.749388300377,-67.947226129966,0.000000000000,83.911262512207
106,0.002403628118,69,80.000000000000,0.000000000000,0.000000000000,-23.749388300377,-67.730730616050,0.000000000000,78.830123901367
107,0.002426303855,69,80.000000000000,0.000000000000,0.000000000000,-23.749388300377,-67.516901575523,0.000000000000,74.718246459961
108,0.002448979592,69,80.000000000000,0.000000000000,0.000000000000,-23.749388300377,-67.254774652916,0.000000000000,71.256843566895
109,0.002471655329,69,80.000000000000,0.000000000000,0.000000000000,-23.749388300377,-66.924376093345,0.000000000000,68.092391967773
110,0.002494331066,69,80.000000000000,0.000000000000,0.000000000000,-23.749388300377,-66.526568018394,0.000000000000,65.087463378906
111,0.002517006803,69,80.000000000000,0.000000000000,0.000000000000,-23.749388300377,-66.072561823326,0.000000000000,62.191104888916
112,0.002539682540,69,80.000000000000,0.000000000000,0.000000000000,-23.749388300377,-65.575846277671,0.000000000000,59.384101867676
113,0.002562358277,69,80.000000000000,0.000000000000,0.000000000000,-23.749388300377,-65.047712885337,0.000000000000,56.661514282227
114,0.002585034014,69,80.000000000000,0.000000000000,0.000000000000,-23.749388300377,-64.495920740562,0.000000000000,54.018341064453
115,0.002607709751,69,80.000000000000,0.000000000000,0.000000000000,-23.749388300377,-63.925272547203,0.000000000000,51.601280212402
116,0.002630385488,69,80.000000000000,0.000000000000,0.000000000000,-23.749388300377,-63.338553034263,0.000000000000,47.811279296875
117,0.002653061224,69,80.000000000000,0.000000000000,0.000000000000,-23.749388300377,-62.737379633384,0.000000000000,49.319660186768
118,0.002675736961,69,80.000000000000,0.000000000000,0.000000000000,-23.749388300377,-62.114779077964,0.000000000000,52.722419738770
119,0.002698412698,69,80.000000000000,0.000000000000,0.000000000000,-23.749388300377,-61.862391077476,0.000000000000,51.582431793213
120,0.002721088435,69,80.000000000000,0.000000000000,0.000000000000,-23.749388300377,-55.226317011314,0.000000000000,49.110809326172
121,0.002743764172,69,80.000000000000,0.000000000000,0.000000000000,-23.749388300377,-85.574263178306,0.000000000000,46.438488006592
122,0.002766439909,69,80.000000000000,0.000000000000,0.000000000000,-23.749388300377,-41.573387705284,0.000000000000,43.614944458008
123,0.002789115646,69,80.000000000000,0.000000000000,0.000000000000,-23.749388300377,-34.663624369102,0.000000000000,44.936279296875
124,0.002811791383,69,80.000000000000,0.000000000000,0.000000000000,-23.749388300377,-33.952874742942,0.000000000000,17.540832519531
125,0.002834467120,69,80.000000000000,0.000000000000,0.000000000000,-23.749388300377,-33.514196001487,0.000000000000,132.816558837891
126,0.002857142857,69,80.000000000000,0.000000000000,0.000000000000,-23.749388300377,-32.887204729515,0.000000000000,135.392791748047
127,0.002879818594,69,80.000000000000,0.000000000000,0.000000000000,-23.749388300377,-32.152233683067,0.000000000000,132.615203857422
128,0.002902494331,69,80.000000000000,0.000000000000,0.000000000000,-23.749388300377,-31.391752802330,0.000000000000,129.592056274414
129,0.002925170068,69,80.000000000000,0.000000000000,0.000000000000,-23.749388300377,-30.652502619224,0.000000000000,126.805358886719
130,0.002947845805,69,80.000000000000,0.000000000000,0.000000000000,-23.749388300377,-29.954351984459,0.000000000000,124.151626586914
131,0.002970521542,69,80.000000000000,0.000000000000,0.000000000000,-23.749388300377,-29.301610552269,0.000000000000,121.531478881836
132,0.002993197279,69,80.000000000000,0.000000000000,0.000000000000,-23.749388300377,-28.691391550499,0.000000000000,118.882781982422
133,0.003015873016,69,80.000000000000,0.000000000000,0.000000000000,-23.749388300377,-28.118653856712,0.000000000000,116.174751281738
134,0.003038548753,69,80.000000000000,0.000000000000,0.000000000000,-23.749388300377,-27.578663431602,0.000000000000,113.397781372070
135,0.003061224490,69,80.000000000000,0.000000000000,0.000000000000,-23.749388300377,-27.067872606712,0.000000000000,110.808341979980
136,0.003083900227,69,80.000000000000,0.000000000000,0.000000000000,-23.749388300377,-26.583803736168,0.000000000000,105.701278686523
137,0.003106575964,69,80.000000000000,0.000000000000,0.000000000000,-23.749388300377,-26.124761187034,0.000000000000,71.313674926758
138,0.003129251701,69,80.000000000000,0.000000000000,0.000000000000,-23.749388300377,-25.687731348472,0.000000000000,58.960998535156
139,0.003151927438,69,80.000000000000,0.000000000000,0.000000000000,-23.749388300377,-25.327464662986,0.000000000000,59.844985961914
140,0.003174603175,69,80.000000000000,0.000000000000,0.000000000000,-23.749388300377,-24.161928736168,0.000000000000,60.645584106445
141,0.003197278912,69,80.000000000000,0.000000000000,0.000000000000,-23.749388300377,-28.815077387291,0.000000000000,60.823051452637
142,0.003219954649,69,80.000000000000,0.000000000000,0.000000000000,-23.749388300377,-20.474392496544,0.000000000000,60.687309265137
143,0.003242630385,69,80.000000000000,0.000000000000,0.000000000000,-23.749388300377,-17.311384760337,0.000000000000,60.924667358398
144,0.003265306122,69,80.000000000000,0.000000000000,0.000000000000,-23.749388300377,-16.461559854942,0.000000000000,50.852706909180
145,0.003287981859,69,80.000000000000,0.000000000000,0.000000000000,-23.749388300377,-16.121528231102,0.000000000000,117.892440795898
146,0.003310657596,69,80.000000000000,0.000000000000,0.000000000000,-23.749388300377,-15.945544802147,0.000000000000,-17.774469375610
147,0.003333333333,69,80.000000000000,0.000000000000,0.000000000000,-23.749388300377,-15.858212076622,0.000000000000,-43.104999542236
148,0.003356009070,69,80.000000000000,0.000000000000,0.000000000000,-23.749388300377,-15.823926531273,0.000000000000,-44.506874084473
149,0.003378684807,69,80.000000000000,0.000000000000,0.000000000000,-23.749388300377,-15.821434580284,0.000000000000,-43.540046691895
150,0.003401360544,69,80.000000000000,0.000000000000,0.000000000000,-23.749388300377,-15.839484774070,0.000000000000,-42.793773651123
151,0.003424036281,69,80.000000000000,0.000000000000,0.000000000000,-23.749388300377,-15.872418962913,0.000000000000,-42.301963806152
152,0.003446712018,69,80.000000000000,0.000000000000,0.000000000000,-23.749388300377,-15.916734301048,0.000000000000,-41.900180816650
153,0.003469387755,69,80.000000000000,0.000000000000,0.000000000000,-23.749388300377,-15.969503008323,0.000000000000,-41.476455688477
154,0.003492063492,69,80.000000000000,0.000000000000,0.000000000000,-23.749388300377,-16.027929865318,0.000000000000,-40.986213684082
155,0.003514739229,69,80.000000000000,0.000000000000,0.000000000000,-23.749388300377,-16.089347444969,0.000000000000,-40.047939300537
156,0.003537414966,69,80.000000000000,0.000000000000,0.000000000000,-23.749388300377,-16.151062571006,0.000000000000,-44.633522033691
157,0.003560090703,69,80.000000000000,0.000000000000,0.000000000000,-23.749388300377,-16.210129343467,0.000000000000,-13.468108177185
158,0.003582766440,69,80.000000000000,0.000000000000,0.000000000000,-23.749388300377,-16.262507521110,0.000000000000,-126.948036193848
159,0.003605442177,69,80.000000000000,0.000000000000,0.000000000000,-23.749388300377,-16.373605333763,0.000000000000,-138.410598754883
160,0.003628117914,69,80.000000000000,0.000000000000,0.000000000000,-23.749388300377,-15.473515116172,0.000000000000,-137.987869262695
161,0.003650793651,69,80.000000000000,0.000000000000,0.000000000000,-23.749388300377,-5.427496515709,0.000000000000,-136.489776611328
162,0.003673469388,69,80.000000000000,0.000000000000,0.000000000000,-23.749388300377,-1.208941065269,0.000000000000,-135.070861816406
163,0.003696145125,69,80.000000000000,0.000000000000,0.000000000000,-23.749388300377,-0.643976770836,0.000000000000,-133.639450073242
164,0.003718820862,69,80.000000000000,0.000000000000,0.000000000000,-23.749388300377,-1.481999002891,0.000000000000,-133.705856323242
165,0.003741496599,69,80.000000000000,0.000000000000,0.000000000000,-23.749388300377,-2.600378595787,0.000000000000,-120.038208007812
166,0.003764172336,69,80.000000000000,0.000000000000,0.000000000000,-23.749388300377,-3.710680567222,0.000000000000,-147.205123901367
167,0.003786848073,69,80.000000000000,0.000000000000,0.000000000000,-23.749388300377,-4.790100656944,0.000000000000,-156.034515380859
168,0.003809523810,69,80.000000000000,0.000000000000,0.000000000000,-23.749388300377,-5.841753565269,0.000000000000,-155.970733642578
169,0.003832199546,69,80.000000000000,0.000000000000,0.000000000000,-23.749388300377,-6.864452921348,0.000000000000,-153.758972167969
170,0.003854875283,69,80.000000000000,0.000000000000,0.000000000000,-23.749388300377,-7.855523668724,0.000000000000,-150.899307250977
171,0.003877551020,69,80.000000000000,0.000000000000,0.000000000000,-23.749388300377,-8.812909685569,0.000000000000,-147.738082885742
172,0.003900226757,69,80.000000000000,0.000000000000,0.000000000000,-23.749388300377,-9.735577188926,0.000000000000,-144.427322387695
173,0.003922902494,69,80.000000000000,0.000000000000,0.000000000000,-23.749388300377,-10.623477541404,0.000000000000,-141.053039550781
174,0.003945578231,69,80.000000000000,0.000000000000,0.000000000000,-23.749388300377,-11.477433763939,0.000000000000,-137.658935546875
175,0.003968253968,69,80.000000000000,0.000000000000,0.000000000000,-23.749388300377,-12.299137674766,0.000000000000,-134.226562500000
176,0.003990929705,69,80.000000000000,0.000000000000,0.000000000000,-23.749388300377,-13.091094576316,0.000000000000,-131.873199462891
177,0.004013605442,69,80.000000000000,0.000000000000,0.000000000000,-23.749388300377,-13.856690966087,0.000000000000,-115.339958190918
178,0.004036281179,69,80.000000000000,0.000000000000,0.000000000000,-23.749388300377,-14.598226152855,0.000000000000,-185.012710571289
179,0.004058956916,69,80.000000000000,0.000000000000,0.000000000000,-23.749388300377,-15.425671183067,0.000000000000,-54.032295227051
180,0.004081632653,69,80.000000000000,0.000000000000,0.000000000000,-23.749388300377,-14.526725374656,0.000000000000,-18.140230178833
181,0.004104308390,69,80.000000000000,0.000000000000,0.000000000000,-23.749388300377,-24.224177919822,0.000000000000,-11.926640510559
182,0.004126984127,69,80.000000000000,0.034532115117,0.000038219411,-23.749649314096,3.370952046913,0.040184202284,-10.026526451111
183,0.004149659864,69,80.000000000000,0.441818684918,0.000093855465,-23.752988835524,1.551699989216,0.062971369574,-8.264875411987
184,0.004172335601,69,80.000000000000,0.976774784365,0.000129968444,-23.760371864884,1.681359959022,0.074102407175,-6.562215805054
185,0.004195011338,69,80.000000000000,1.829092216340,0.000168720524,-23.774197202876,1.818962386205,0.084430102073,-3.129796981812
186,0.004217687075,69,80.000000000000,3.039634556427,0.000207665675,-23.797172520763,1.744472991169,0.093668963764,-4.732634544373
187,0.004240362812,69,80.000000000000,4.477647302305,0.000242901373,-23.831017171574,1.530362765029,0.101304407667,-8.827246665955
188,0.004263038549,69,80.000000000000,5.949172929271,0.000272152358,-23.875984465068,1.236513824792,0.107230765674,-8.727105140686
189,0.004285714286,69,80.000000000000,7.262817202420,0.000294395712,-23.930881042562,0.909223912629,0.111526762856,-7.113093376160
190,0.004308390023,69,80.000000000000,8.277641148531,0.000309524662,-23.993448247011,0.585475891358,0.114356534480,-5.250266075134
191,0.004331065760,69,80.000000000000,8.924655745998,0.000318055699,-24.060905962400,0.290388596080,0.115921754949,-3.395321846008
192,0.004353741497,69,80.000000000000,9.200443087839,0.000320834353,-24.130448238196,0.036108966034,0.116427021899,-1.596751213074
193,0.004376417234,69,80.000000000000,9.144867956067,0.000318787299,-24.199570444969,-0.175854739389,0.116055001501,0.125976562500
194,0.004399092971,69,80.000000000000,8.817265788339,0.000312758076,-24.266216444881,-0.350643820082,0.114952288795,1.763278007507
195,0.004421768707,69,80.000000000000,8.279341598757,0.000303425968,-24.328796502317,-0.496319037661,0.113224322320,3.318223953247
196,0.004444444444,69,80.000000000000,7.586339560715,0.000291285843,-24.386138449110,-0.621272883445,0.110936138603,4.631966590881
197,0.004467120181,69,80.000000000000,6.784470201656,0.000276661892,-24.437419403015,-0.732961210385,0.108115516719,8.101194381714
198,0.004489795918,69,80.000000000000,5.911830368892,0.000259735266,-24.482104439817,-0.837406375022,0.104755978235,-4.035192012787
199,0.004512471655,69,80.000000000000,4.997190742514,0.000240413641,-24.519876100758,-0.953360626117,0.100784306077,24.203403472900
200,0.004535147392,69,80.000000000000,4.155616628881,0.000223148155,-24.551286657288,-0.663342164149,0.097097937980,37.400688171387
201,0.004557823129,69,80.000000000000,2.616591102120,0.000146325249,-24.571064367810,-6.167443808018,0.078627233101,40.994331359863
202,0.004580498866,69,80.000000000000,7.029866224329,0.000380759800,-24.624200166936,26.362226325339,0.126834938182,41.910919189453
203,0.004603174603,69,80.000000000000,23.022479884494,0.000000000000,-24.798217399623,-65.950521774165,0.000000000000,42.062961578369
204,0.004625850340,69,80.000000000000,0.000000000000,0.000000000000,-24.798217399623,-69.056460960414,0.000000000000,41.515449523926
205,0.004648526077,69,80.000000000000,0.000000000000,0.000000000000,-24.798217399623,-69.644004447963,0.000000000000,41.686771392822
206,0.004671201814,69,80.000000000000,0.000000000000,0.000000000000,-24.798217399623,-69.096973045375,0.000000000000,72.026130676270
207,0.004693877551,69,80.000000000000,0.000000000000,0.000000000000,-24.798217399623,-68.657558067348,0.000000000000,83.189620971680
208,0.004716553288,69,80.000000000000,0.000000000000,0.000000000000,-24.798217399623,-68.321200950648,0.000000000000,80.091766357422
209,0.004739229025,69,80.000000000000,0.000000000000,0.000000000000,-24.798217399623,-68.011981590297,0.000000000000,76.222846984863
210,0.004761904762,69,80.000000000000,0.000000000000,0.000000000000,-24.798217399623,-67.683410270717,0.000000000000,72.968612670898
211,0.004784580499,69,80.000000000000,0.000000000000,0.000000000000,-24.798217399623,-67.315963371303,0.000000000000,70.070983886719
212,0.004807256236,69,80.000000000000,0.000000000000,0.000000000000,-24.798217399623,-66.907912834193,0.000000000000,67.325103759766
213,0.004829931973,69,80.000000000000,0.000000000000,0.000000000000,-24.798217399623,-66.466304405238,0.000000000000,64.632293701172
214,0.004852607710,69,80.000000000000,0.000000000000,0.000000000000,-24.798217399623,-66.000159843471,0.000000000000,61.951126098633
215,0.004875283447,69,80.000000000000,0.000000000000,0.000000000000,-24.798217399623,-65.516685112025,0.000000000000,59.273994445801
216,0.004897959184,69,80.000000000000,0.000000000000,0.000000000000,-24.798217399623,-65.020118339564,0.000000000000,56.583419799805
217,0.004920634921,69,80.000000000000,0.000000000000,0.000000000000,-24.798217399623,-64.512260063197,0.000000000000,54.223022460938
218,0.004943310658,69,80.000000000000,0.000000000000,0.000000000000,-24.798217399623,-63.993346794154,0.000000000000,49.974189758301
219,0.004965986395,69,80.000000000000,0.000000000000,0.000000000000,-24.798217399623,-63.464545829799,0.000000000000,50.417675018311
220,0.004988662132,69,80.000000000000,0.000000000000,0.000000000000,-24.798217399623,-62.866500480678,0.000000000000,53.769577026367
221,0.005011337868,69,80.000000000000,0.000000000000,0.000000000000,-24.798217399623,-63.259986503627,0.000000000000,53.158935546875
222,0.005034013605,69,80.000000000000,0.000000000000,0.000000000000,-24.798217399623,-53.974910362269,0.000000000000,50.744094848633
223,0.005056689342,69,80.000000000000,0.000000000000,0.000000000000,-24.798217399623,-86.747398002650,0.000000000000,47.966266632080
224,0.005079365079,69,80.000000000000,0.000000000000,0.000000000000,-24.798217399623,-47.563583000209,0.000000000000,44.319023132324
225,0.005102040816,69,80.000000000000,0.000000000000,0.000000000000,-24.798217399623,-36.779683692958,0.000000000000,49.450378417969
226,0.005124716553,69,80.000000000000,0.000000000000,0.000000000000,-24.798217399623,-35.159762008693,0.000000000000,9.572561264038
227,0.005147392290,69,80.000000000000,0.000000000000,0.000000000000,-24.798217399623,-34.649933441188,0.000000000000,116.948120117188
228,0.005170068027,69,80.000000000000,0.000000000000,0.000000000000,-24.798217399623,-34.047028167750,0.000000000000,133.469055175781
229,0.005192743764,69,80.000000000000,0.000000000000,0.000000000000,-24.798217399623,-33.327723129298,0.000000000000,132.538360595703
230,0.005215419501,69,80.000000000000,0.000000000000,0.000000000000,-24.798217399623,-32.570408447291,0.000000000000,129.449874877930
231,0.005238095238,69,80.000000000000,0.000000000000,0.000000000000,-24.798217399623,-31.827215774562,0.000000000000,126.327102661133
232,0.005260770975,69,80.000000000000,0.000000000000,0.000000000000,-24.798217399623,-31.122252090480,0.000000000000,123.328125000000
233,0.005283446712,69,80.000000000000,0.000000000000,0.000000000000,-24.798217399623,-30.462220771815,0.000000000000,120.412155151367
234,0.005306122449,69,80.000000000000,0.000000000000,0.000000000000,-24.798217399623,-29.845295532252,0.000000000000,117.543449401855
235,0.005328798186,69,80.000000000000,0.000000000000,0.000000000000,-24.798217399623,-29.266704185512,0.000000000000,114.702499389648
236,0.005351473923,69,80.000000000000,0.000000000000,0.000000000000,-24.798217399623,-28.721613510158,0.000000000000,111.842468261719
237,0.005374149660,69,80.000000000000,0.000000000000,0.000000000000,-24.798217399623,-28.206275566127,0.000000000000,109.400245666504
238,0.005396825397,69,80.000000000000,0.000000000000,0.000000000000,-24.798217399623,-27.718032463099,0.000000000000,107.741859436035
239,0.005419501134,69,80.000000000000,0.000000000000,0.000000000000,-24.798217399623,-27.255298240687,0.000000000000,75.245330810547
240,0.005442176871,69,80.000000000000,0.000000000000,0.000000000000,-24.798217399623,-26.809192283656,0.000000000000,58.983928680420
241,0.005464852608,69,80.000000000000,0.000000000000,0.000000000000,-24.798217399623,-26.513223274257,0.000000000000,57.833480834961
242,0.005487528345,69,80.000000000000,0.000000000000,0.000000000000,-24.798217399623,-24.960799797084,0.000000000000,58.455574035645
243,0.005510204082,69,80.000000000000,0.000000000000,0.000000000000,-24.798217399623,-30.015840633418,0.000000000000,58.625022888184
244,0.005532879819,69,80.000000000000,0.000000000000,0.000000000000,-24.798217399623,-22.621523483302,0.000000000000,58.319286346436
245,0.005555555556,69,80.000000000000,0.000000000000,0.000000000000,-24.798217399623,-18.827632530238,0.000000000000,59.919574737549
246,0.005578231293,69,80.000000000000,0.000000000000,0.000000000000,-24.798217399623,-17.663835151698,0.000000000000,41.488681793213
247,0.005600907029,69,80.000000000000,0.000000000000,0.000000000000,-24.798217399623,-17.239619834926,0.000000000000,120.262924194336
248,0.005623582766,69,80.000000000000,0.000000000000,0.000000000000,-24.798217399623,-17.035126312282,0.000000000000,0.356969118118
249,0.005646258503,69,80.000000000000,0.000000000000,0.000000000000,-24.798217399623,-16.933070762660,0.000000000000,-39.809295654297
250,0.005668934240,69,80.000000000000,0.000000000000,0.000000000000,-24.798217399623,-16.890089614894,0.000000000000,-45.828994750977
251,0.005691609977,69,80.000000000000,0.000000000000,0.000000000000,-24.798217399623,-16.882252319362,0.000000000000,-45.463016510010
252,0.005714285714,69,80.000000000000,0.000000000000,0.000000000000,-24.798217399623,-16.896713836696,0.000000000000,-44.579669952393
253,0.005736961451,69,80.000000000000,0.000000000000,0.000000000000,-24.798217399623,-16.926990135219,0.000000000000,-43.873165130615
254,0.005759637188,69,80.000000000000,0.000000000000,0.000000000000,-24.798217399623,-16.969270332362,0.000000000000,-43.267417907715
255,0.005782312925,69,80.000000000000,0.000000000000,0.000000000000,-24.798217399623,-17.020539863612,0.000000000000,-42.648708343506
256,0.005804988662,69,80.000000000000,0.000000000000,0.000000000000,-24.798217399623,-17.077974899318,0.000000000000,-42.052726745605
257,0.005827664399,69,80.000000000000,0.000000000000,0.000000000000,-24.798217399623,-17.138906581904,0.000000000000,-40.094863891602
258,0.005850340136,69,80.000000000000,0.000000000000,0.000000000000,-24.798217399623,-17.200661762263,0.000000000000,-49.087806701660
259,0.005873015873,69,80.000000000000,0.000000000000,0.000000000000,-24.798217399623,-17.260524852778,0.000000000000,-6.328792572021
260,0.005895691610,69,80.000000000000,0.000000000000,0.000000000000,-24.798217399623,-17.307347400691,0.000000000000,-110.496879577637
261,0.005918367347,69,80.000000000000,0.000000000000,0.000000000000,-24.798217399623,-17.476040466334,0.000000000000,-135.057617187500
262,0.005941043084,69,80.000000000000,0.000000000000,0.000000000000,-24.798217399623,-17.402836902644,0.000000000000,-137.340057373047
263,0.005963718821,69,80.000000000000,0.000000000000,0.000000000000,-24.798217399623,-7.871062858607,0.000000000000,-135.989532470703
264,0.005986394558,69,80.000000000000,0.000000000000,0.000000000000,-24.798217399623,-2.789409263637,0.000000000000,-134.296630859375
265,0.006009070295,69,80.000000000000,0.000000000000,0.000000000000,-24.798217399623,-1.632590873744,0.000000000000,-132.345474243164
266,0.006031746032,69,80.000000000000,0.000000000000,0.000000000000,-24.798217399623,-2.183955772426,0.000000000000,-133.441146850586
267,0.006054421769,69,80.000000000000,0.000000000000,0.000000000000,-24.798217399623,-3.154918296840,0.000000000000,-117.213829040527
268,0.006077097506,69,80.000000000000,0.000000000000,0.000000000000,-24.798217399623,-4.155179603602,0.000000000000,-140.617034912109
269,0.006099773243,69,80.000000000000,0.000000000000,0.000000000000,-24.798217399623,-5.139781578090,0.000000000000,-152.222839355469
270,0.006122448980,69,80.000000000000,0.000000000000,0.000000000000,-24.798217399623,-6.117984397914,0.000000000000,-153.768127441406
271,0.006145124717,69,80.000000000000,0.000000000000,0.000000000000,-24.798217399623,-7.094428642299,0.000000000000,-152.106048583984
272,0.006167800454,69,80.000000000000,0.000000000000,0.000000000000,-24.798217399623,-8.067206962611,0.000000000000,-149.516448974609
273,0.006190476190,69,80.000000000000,0.000000000000,0.000000000000,-24.798217399623,-9.031436546351,0.000000000000,-146.573394775391
274,0.006213151927,69,80.000000000000,0.000000000000,0.000000000000,-24.798217399623,-9.981613739039,0.000000000000,-143.471466064453
275,0.006235827664,69,80.000000000000,0.000000000000,0.000000000000,-24.798217399623,-10.912952049281,0.000000000000,-140.304946899414
276,0.006258503401,69,80.000000000000,0.000000000000,0.000000000000,-24.798217399623,-11.821983917262,0.000000000000,-137.130432128906
277,0.006281179138,69,80.000000000000,0.000000000000,0.000000000000,-24.798217399623,-12.706769569423,0.000000000000,-133.718414306641
278,0.006303854875,69,80.000000000000,0.000000000000,0.000000000000,-24.798217399623,-13.566777809169,0.000000000000,-133.428115844727
279,0.006326530612,69,80.000000000000,0.000000000000,0.000000000000,-24.798217399623,-14.403648002650,0.000000000000,-108.328117370605
280,0.006349206349,69,80.000000000000,0.000000000000,0.000000000000,-24.798217399623,-15.197527511622,0.000000000000,-188.302062988281
281,0.006371882086,69,80.000000000000,0.000000000000,0.000000000000,-24.798217399623,-16.294530494716,0.000000000000,-74.444694519043
282,0.006394557823,69,80.000000000000,0.000000000000,0.000000000000,-24.798217399623,-14.358039482142,0.000000000000,-25.245212554932
283,0.006417233560,69,80.000000000000,0.000000000000,0.000000000000,-24.798217399623,-26.375292404201,0.000000000000,-13.555294990540
284,0.006439909297,69,80.000000000000,0.000000000000,0.000000000000,-24.798217399623,-0.484004600551,0.000000000000,-10.576520919800
285,0.006462585034,69,80.000000000000,0.000237470216,0.000004385479,-24.798219194560,0.386799232457,0.013611997664,-8.686720848083
286,0.006485260771,69,80.000000000000,0.004747451969,0.000014263454,-24.798255078551,0.484545159656,0.024548542674,-7.160861968994
287,0.006507936508,69,80.000000000000,0.022859475858,0.000026826916,-24.798427863705,0.624646022890,0.033666558788,-3.468634605408
288,0.006530612245,69,80.000000000000,0.066514764197,0.000040901734,-24.798930620804,0.620295895109,0.041570401234,-4.140378952026
289,0.006553287982,69,80.000000000000,0.133779016434,0.000053809783,-24.799941800066,0.524791299992,0.047680848491,-8.244316101074
290,0.006575963719,69,80.000000000000,0.209658912145,0.000064110338,-24.801526523514,0.392225824948,0.052044805556,-8.828141212463
291,0.006598639456,69,80.000000000000,0.277008241477,0.000071328297,-24.803620312188,0.252913472412,0.054896452845,-7.498148918152
292,0.006621315193,69,80.000000000000,0.323729820693,0.000075505156,-24.806067249608,0.122365422398,0.056480906725,-5.695566177368
293,0.006643990930,69,80.000000000000,0.344675508198,0.000076922385,-24.808672506661,0.006940578265,0.057008514992,-3.842498779297
294,0.006666666667,69,80.000000000000,0.340325432731,0.000075930341,-24.811244883326,-0.092955096816,0.056639711338,-2.032220840454
295,0.006689342404,69,80.000000000000,0.314452571752,0.000072844054,-24.813621697927,-0.180378271859,0.055476673477,-0.292973518372
296,0.006712018141,69,80.000000000000,0.272189631506,0.000067887660,-24.815679064757,-0.260057281181,0.053556079468,1.361749649048
297,0.006734693878,69,80.000000000000,0.218975451775,0.000061171316,-24.817334208005,-0.337234045935,0.050837861005,2.958758354187
298,0.006757369615,69,80.000000000000,0.160313071987,0.000052687895,-24.818545947022,-0.416983539898,0.047181177878,4.029162406921
299,0.006780045351,69,80.000000000000,0.102064664018,0.000042318546,-24.819317410847,-0.504039043973,0.042284259275,8.928746223450
300,0.006802721088,69,80.000000000000,0.051011061995,0.000029881317,-24.819702981988,-0.599131951823,0.035531474131,-5.213956356049
301,0.006825396825,69,80.000000000000,0.014457307532,0.000014233936,-24.819812258689,-0.786043551013,0.024523128034,19.164129257202
302,0.006848072562,69,80.000000000000,0.000930838183,0.000006340061,-24.819819294503,0.086582896869,0.016366660922,34.830478668213
303,0.006870748299,69,80.000000000000,0.000771707614,0.000000000000,-24.819825127516,-8.692202825616,0.000000000000,40.142150878906
304,0.006893424036,69,80.000000000000,4.892448491427,0.000329331411,-24.856805085879,29.047030493822,0.117958688258,41.635692596436
305,0.006916099773,69,80.000000000000,22.043099285509,0.000000000000,-25.023419592950,-56.229622479963,0.000000000000,42.012222290039
306,0.006938775510,69,80.000000000000,0.000000000000,0.000000000000,-25.023419592950,-67.189172003839,0.000000000000,41.603569030762
307,0.006961451247,69,80.000000000000,0.000000000000,0.000000000000,-25.023419592950,-69.647961829278,0.000000000000,38.571640014648
308,0.006984126984,69,80.000000000000,0.000000000000,0.000000000000,-25.023419592950,-69.326276038263,0.000000000000,66.653434753418
309,0.007006802721,69,80.000000000000,0.000000000000,0.000000000000,-25.023419592950,-68.877976630304,0.000000000000,81.461669921875
310,0.007029478458,69,80.000000000000,0.000000000000,0.000000000000,-25.023419592950,-68.523587439630,0.000000000000,80.596206665039
311,0.007052154195,69,80.000000000000,0.000000000000,0.000000000000,-25.023419592950,-68.207642767999,0.000000000000,76.983703613281
312,0.007074829932,69,80.000000000000,0.000000000000,0.000000000000,-25.023419592950,-67.880765174005,0.000000000000,73.656829833984
313,0.007097505669,69,80.000000000000,0.000000000000,0.000000000000,-25.023419592950,-67.519520972345,0.000000000000,70.711448669434
314,0.007120181406,69,80.000000000000,0.000000000000,0.000000000000,-25.023419592950,-67.119427893732,0.000000000000,67.953994750977
315,0.007142857143,69,80.000000000000,0.000000000000,0.000000000000,-25.023419592950,-66.686036322687,0.000000000000,65.265174865723
316,0.007165532880,69,80.000000000000,0.000000000000,0.000000000000,-25.023419592950,-66.227833960626,0.000000000000,62.590065002441
317,0.007188208617,69,80.000000000000,0.000000000000,0.000000000000,-25.023419592950,-65.752019141290,0.000000000000,59.918067932129
318,0.007210884354,69,80.000000000000,0.000000000000,0.000000000000,-25.023419592950,-65.262932990167,0.000000000000,57.187431335449
319,0.007233560091,69,80.000000000000,0.000000000000,0.000000000000,-25.023419592950,-64.762341712091,0.000000000000,54.984855651855
320,0.007256235828,69,80.000000000000,0.000000000000,0.000000000000,-25.023419592950,-64.250020239923,0.000000000000,50.522949218750
321,0.007278911565,69,80.000000000000,0.000000000000,0.000000000000,-25.023419592950,-63.733006690118,0.000000000000,50.031044006348
322,0.007301587302,69,80.000000000000,0.000000000000,0.000000000000,-25.023419592950,-63.051732276056,0.000000000000,53.300971984863
323,0.007324263039,69,80.000000000000,0.000000000000,0.000000000000,-25.023419592950,-64.175225470636,0.000000000000,53.355155944824
324,0.007346938776,69,80.000000000000,0.000000000000,0.000000000000,-25.023419592950,-52.164199088190,0.000000000000,51.263084411621
325,0.007369614512,69,80.000000000000,0.000000000000,0.000000000000,-25.023419592950,-86.486771796319,0.000000000000,48.682270050049
326,0.007392290249,69,80.000000000000,0.000000000000,0.000000000000,-25.023419592950,-52.497182105157,0.000000000000,44.114738464355
327,0.007414965986,69,80.000000000000,0.000000000000,0.000000000000,-25.023419592950,-38.515069220636,0.000000000000,54.239990234375
328,0.007437641723,69,80.000000000000,0.000000000000,0.000000000000,-25.023419592950,-35.669897292230,0.000000000000,4.189403533936
329,0.007460317460,69,80.000000000000,0.000000000000,0.000000000000,-25.023419592950,-34.975501273248,0.000000000000,101.006629943848
330,0.007482993197,69,80.000000000000,0.000000000000,0.000000000000,-25.023419592950,-34.380241606805,0.000000000000,129.720336914062
331,0.007505668934,69,80.000000000000,0.000000000000,0.000000000000,-25.023419592950,-33.677353118036,0.000000000000,132.400115966797
332,0.007528344671,69,80.000000000000,0.000000000000,0.000000000000,-25.023419592950,-32.925073836420,0.000000000000,129.930343627930
333,0.007551020408,69,80.000000000000,0.000000000000,0.000000000000,-25.023419592950,-32.179007742975,0.000000000000,126.849349975586
334,0.007573696145,69,80.000000000000,0.000000000000,0.000000000000,-25.023419592950,-31.467636321161,0.000000000000,123.819267272949
335,0.007596371882,69,80.000000000000,0.000000000000,0.000000000000,-25.023419592950,-30.800360892389,0.000000000000,120.875633239746
336,0.007619047619,69,80.000000000000,0.000000000000,0.000000000000,-25.023419592950,-30.176613066766,0.000000000000,117.990066528320
337,0.007641723356,69,80.000000000000,0.000000000000,0.000000000000,-25.023419592950,-29.592025015924,0.000000000000,115.147293090820
338,0.007664399093,69,80.000000000000,0.000000000000,0.000000000000,-25.023419592950,-29.041714881036,0.000000000000,112.255020141602
339,0.007687074830,69,80.000000000000,0.000000000000,0.000000000000,-25.023419592950,-28.521745894525,0.000000000000,109.575897216797
340,0.007709750567,69,80.000000000000,0.000000000000,0.000000000000,-25.023419592950,-28.029247496698,0.000000000000,110.986221313477
341,0.007732426304,69,80.000000000000,0.000000000000,0.000000000000,-25.023419592950,-27.563308928583,0.000000000000,81.147705078125
342,0.007755102041,69,80.000000000000,0.000000000000,0.000000000000,-25.023419592950,-27.102273200128,0.000000000000,61.596122741699
343,0.007777777778,69,80.000000000000,0.000000000000,0.000000000000,-25.023419592950,-26.899128172967,0.000000000000,58.050628662109
344,0.007800453515,69,80.000000000000,0.000000000000,0.000000000000,-25.023419592950,-24.947151396844,0.000000000000,58.268516540527
345,0.007823129252,69,80.000000000000,0.000000000000,0.000000000000,-25.023419592950,-30.278417800043,0.000000000000,58.507442474365
346,0.007845804989,69,80.000000000000,0.000000000000,0.000000000000,-25.023419592950,-23.889111731622,0.000000000000,57.988967895508
347,0.007868480726,69,80.000000000000,0.000000000000,0.000000000000,-25.023419592950,-19.603535864923,0.000000000000,61.767635345459
348,0.007891156463,69,80.000000000000,0.000000000000,0.000000000000,-25.023419592950,-18.085991118524,0.000000000000,34.365989685059
349,0.007913832200,69,80.000000000000,0.000000000000,0.000000000000,-25.023419592950,-17.547524664972,0.000000000000,121.312553405762
350,0.007936507937,69,80.000000000000,0.000000000000,0.000000000000,-25.023419592950,-17.305896018121,0.000000000000,19.590278625488
351,0.007959183673,69,80.000000000000,0.000000000000,0.000000000000,-25.023419592950,-17.186722968194,0.000000000000,-32.232124328613
352,0.007981859410,69,80.000000000000,0.000000000000,0.000000000000,-25.023419592950,-17.134041998956,0.000000000000,-44.352363586426
353,0.008004535147,69,80.000000000000,0.000000000000,0.000000000000,-25.023419592950,-17.120331023309,0.000000000000,-45.431819915771
354,0.008027210884,69,80.000000000000,0.000000000000,0.000000000000,-25.023419592950,-17.130927298639,0.000000000000,-44.725074768066
355,0.008049886621,69,80.000000000000,0.000000000000,0.000000000000,-25.023419592950,-17.158390257928,0.000000000000,-43.991912841797
356,0.008072562358,69,80.000000000000,0.000000000000,0.000000000000,-25.023419592950,-17.198518012140,0.000000000000,-43.362640380859
357,0.008095238095,69,80.000000000000,0.000000000000,0.000000000000,-25.023419592950,-17.248192999933,0.000000000000,-42.729476928711
358,0.008117913832,69,80.000000000000,0.000000000000,0.000000000000,-25.023419592950,-17.304545615289,0.000000000000,-42.305656433105
359,0.008140589569,69,80.000000000000,0.000000000000,0.000000000000,-25.023419592950,-17.364893649194,0.000000000000,-39.173099517822
360,0.008163265306,69,80.000000000000,0.000000000000,0.000000000000,-25.023419592950,-17.426562045190,0.000000000000,-53.600128173828
361,0.008185941043,69,80.000000000000,0.000000000000,0.000000000000,-25.023419592950,-17.487730239007,0.000000000000,-1.750458717346
362,0.008208616780,69,80.000000000000,0.000000000000,0.000000000000,-25.023419592950,-17.526004527185,0.000000000000,-94.244842529297
363,0.008231292517,69,80.000000000000,0.000000000000,0.000000000000,-25.023419592950,-17.685173247430,0.000000000000,-129.913772583008
364,0.008253968254,69,80.000000000000,0.000000000000,0.000000000000,-25.023419592950,-18.379193995569,0.000000000000,-136.473861694336
365,0.008276643991,69,80.000000000000,0.000000000000,0.000000000000,-25.023419592950,-9.524077628229,0.000000000000,-136.029830932617
366,0.008299319728,69,80.000000000000,0.000000000000,0.000000000000,-25.023419592950,-3.745213721368,0.000000000000,-134.495651245117
367,0.008321995465,69,80.000000000000,0.000000000000,0.000000000000,-25.023419592950,-2.014577124689,0.000000000000,-132.204223632812
368,0.008344671202,69,80.000000000000,0.000000000000,0.000000000000,-25.023419592950,-2.319493506525,0.000000000000,-134.772186279297
369,0.008367346939,69,80.000000000000,0.000000000000,0.000000000000,-25.023419592950,-3.223603461359,0.000000000000,-116.853256225586
370,0.008390022676,69,80.000000000000,0.000000000000,0.000000000000,-25.023419592950,-4.211013053033,0.000000000000,-136.184875488281
371,0.008412698413,69,80.000000000000,0.000000000000,0.000000000000,-25.023419592950,-5.190699790094,0.000000000000,-149.865310668945
372,0.008435374150,69,80.000000000000,0.000000000000,0.000000000000,-25.023419592950,-6.164618704889,0.000000000000,-153.211456298828
373,0.008458049887,69,80.000000000000,0.000000000000,0.000000000000,-25.023419592950,-7.138268683527,0.000000000000,-152.234283447266
374,0.008480725624,69,80.000000000000,0.000000000000,0.000000000000,-25.023419592950,-8.110676978204,0.000000000000,-149.877746582031
375,0.008503401361,69,80.000000000000,0.000000000000,0.000000000000,-25.023419592950,-9.077115271661,0.000000000000,-147.033721923828
376,0.008526077098,69,80.000000000000,0.000000000000,0.000000000000,-25.023419592950,-10.031753752801,0.000000000000,-143.984283447266
377,0.008548752834,69,80.000000000000,0.000000000000,0.000000000000,-25.023419592950,-10.969239447687,0.000000000000,-140.846099853516
378,0.008571428571,69,80.000000000000,0.000000000000,0.000000000000,-25.023419592950,-11.885449622247,0.000000000000,-137.724029541016
379,0.008594104308,69,80.000000000000,0.000000000000,0.000000000000,-25.023419592950,-12.777743552301,0.000000000000,-133.938476562500
380,0.008616780045,69,80.000000000000,0.000000000000,0.000000000000,-25.023419592950,-13.644726965997,0.000000000000,-136.263732910156
381,0.008639455782,69,80.000000000000,0.000000000000,0.000000000000,-25.023419592950,-14.489529822443,0.000000000000,-102.033302307129
382,0.008662131519,69,80.000000000000,0.000000000000,0.000000000000,-25.023419592950,-15.259509299371,0.000000000000,-188.487533569336
383,0.008684807256,69,80.000000000000,0.000000000000,0.000000000000,-25.023419592950,-16.596004698846,0.000000000000,-93.660842895508
384,0.008707482993,69,80.000000000000,0.000000000000,0.000000000000,-25.023419592950,-13.464148734186,0.000000000000,-34.521293640137
385,0.008730158730,69,80.000000000000,0.000000000000,0.000000000000,-25.023419592950,-27.334857199762,0.000000000000,-16.226785659790
386,0.008752834467,69,80.000000000000,0.000000000000,0.000000000000,-25.023419592950,-3.465682242486,0.000000000000,-11.384300231934
387,0.008775510204,69,80.000000000000,0.000000000000,0.000000000000,-25.023419592950,-0.157933447931,0.000000000000,-9.130388259888
388,0.008798185941,69,80.000000000000,0.000040119181,0.000002024198,-25.023419896194,0.178534294989,0.009247831126,-7.761350631714
389,0.008820861678,69,80.000000000000,0.001106522760,0.000007860869,-25.023428259934,0.336278122640,0.018224206829,-3.938652992249
390,0.008843537415,69,80.000000000000,0.006690540137,0.000015658684,-25.023478830910,0.351811018684,0.025721185431,-3.684741973877
391,0.008866213152,69,80.000000000000,0.017884667955,0.000022701049,-25.023614013585,0.270324338797,0.030969651591,-7.603944778442
392,0.008888888889,69,80.000000000000,0.030018623509,0.000027424224,-25.023840911722,0.147647255523,0.034039292837,-8.804794311523
393,0.008911564626,69,80.000000000000,0.037137258940,0.000029280269,-25.024121616627,0.017138702295,0.035172309730,-7.827064514160
394,0.008934240363,69,80.000000000000,0.036271621872,0.000028283757,-25.024395778546,-0.104763727650,0.034568609072,-6.126643180847
395,0.008956916100,69,80.000000000000,0.028316142449,0.000024699458,-25.024609808346,-0.212000103920,0.032304057115,-4.288579940796
396,0.008979591837,69,80.000000000000,0.016809359149,0.000018853121,-25.024736863215,-0.304885165985,0.028223117887,-2.470163345337
397,0.009002267574,69,80.000000000000,0.006253620668,0.000011021633,-25.024784131700,-0.387224014094,0.021579249558,-0.715394020081
398,0.009024943311,69,80.000000000000,0.000633671685,0.000001377740,-25.024788921358,-0.464370224438,0.007629515446,0.952797889709
399,0.009047619048,69,80.000000000000,0.000000000000,0.000000000000,-25.024788921358,-0.541695659639,0.000000000000,2.624872207642
400,0.009070294785,69,80.000000000000,0.000000000000,0.000000000000,-25.024788921358,-0.622979228975,0.000000000000,3.302928924561
401,0.009092970522,69,80.000000000000,0.000000000000,0.000000000000,-25.024788921358,-0.712912624361,0.000000000000,9.751227378845
402,0.009115646259,69,80.000000000000,0.000000000000,0.000000000000,-25.024788921358,-0.803856914522,0.000000000000,-5.716238498688
403,0.009138321995,69,80.000000000000,0.000000000000,0.000000000000,-25.024788921358,-1.086739604952,0.000000000000,14.451028823853
404,0.009160997732,69,80.000000000000,0.000537926159,0.000006257692,-25.024792987315,0.551928455351,0.016259996834,31.798013687134
405,0.009183673469,69,80.000000000000,0.002647722139,0.000000000000,-25.024813000332,-11.758714389531,0.000000000000,38.961204528809
406,0.009206349206,69,80.000000000000,5.506770248676,0.000346711495,-25.066436358221,30.579953845371,0.121031238353,41.229824066162
407,0.009229024943,69,80.000000000000,25.115687962487,0.000117819734,-25.256275269502,-48.288144900041,0.070554119524,41.893074035645
408,0.009251700680,69,80.000000000000,0.000000000000,0.000000000000,-25.256275269502,-64.453857514375,0.000000000000,41.995635986328
409,0.009274376417,69,80.000000000000,0.000000000000,0.000000000000,-25.256275269502,-69.396259400361,0.000000000000,36.157360076904
410,0.009297052154,69,80.000000000000,0.000000000000,0.000000000000,-25.256275269502,-69.528011414521,0.000000000000,61.274665832520
411,0.009319727891,69,80.000000000000,0.000000000000,0.000000000000,-25.256275269502,-69.114002320283,0.000000000000,79.026580810547
412,0.009342403628,69,80.000000000000,0.000000000000,0.000000000000,-25.256275269502,-68.748828980439,0.000000000000,80.708755493164
413,0.009365079365,69,80.000000000000,0.000000000000,0.000000000000,-25.256275269502,-68.429027649873,0.000000000000,77.667160034180
414,0.009387755102,69,80.000000000000,0.000000000000,0.000000000000,-25.256275269502,-68.106144043916,0.000000000000,74.327026367188
415,0.009410430839,69,80.000000000000,0.000000000000,0.000000000000,-25.256275269502,-67.752681824678,0.000000000000,71.319641113281
416,0.009433106576,69,80.000000000000,0.000000000000,0.000000000000,-25.256275269502,-67.360977265351,0.000000000000,68.530853271484
417,0.009455782313,69,80.000000000000,0.000000000000,0.000000000000,-25.256275269502,-66.934787842744,0.000000000000,65.832580566406
418,0.009478458050,69,80.000000000000,0.000000000000,0.000000000000,-25.256275269502,-66.481994721406,0.000000000000,63.156433105469
419,0.009501133787,69,80.000000000000,0.000000000000,0.000000000000,-25.256275269502,-66.010078522676,0.000000000000,60.493541717529
420,0.009523809524,69,80.000000000000,0.000000000000,0.000000000000,-25.256275269502,-65.524200531953,0.000000000000,57.710380554199
421,0.009546485261,69,80.000000000000,0.000000000000,0.000000000000,-25.256275269502,-65.026638123506,0.000000000000,55.682067871094
422,0.009569160998,69,80.000000000000,0.000000000000,0.000000000000,-25.256275269502,-64.516567322724,0.000000000000,51.147220611572
423,0.009591836735,69,80.000000000000,0.000000000000,0.000000000000,-25.256275269502,-64.016658875459,0.000000000000,49.754852294922
424,0.009614512472,69,80.000000000000,0.000000000000,0.000000000000,-25.256275269502,-63.192333313935,0.000000000000,52.767490386963
425,0.009637188209,69,80.000000000000,0.000000000000,0.000000000000,-25.256275269502,-65.236694428437,0.000000000000,53.415935516357
426,0.009659863946,69,80.000000000000,0.000000000000,0.000000000000,-25.256275269502,-50.564876648896,0.000000000000,51.699409484863
427,0.009682539683,69,80.000000000000,0.000000000000,0.000000000000,-25.256275269502,-83.848938080781,0.000000000000,49.479248046875
428,0.009705215420,69,80.000000000000,0.000000000000,0.000000000000,-25.256275269502,-57.026062104219,0.000000000000,43.476230621338
429,0.009727891156,69,80.000000000000,0.000000000000,0.000000000000,-25.256275269502,-40.647040459626,0.000000000000,59.489959716797
430,0.009750566893,69,80.000000000000,0.000000000000,0.000000000000,-25.256275269502,-36.351436707490,0.000000000000,6.881970405579
431,0.009773242630,69,80.000000000000,0.000000000000,0.000000000000,-25.256275269502,-35.337380501741,0.000000000000,85.453056335449
432,0.009795918367,69,80.000000000000,0.000000000000,0.000000000000,-25.256275269502,-34.720730874055,0.000000000000,124.055458068848
433,0.009818594104,69,80.000000000000,0.000000000000,0.000000000000,-25.256275269502,-34.032362076753,0.000000000000,131.537231445312
434,0.009841269841,69,80.000000000000,0.000000000000,0.000000000000,-25.256275269502,-33.286748024934,0.000000000000,130.263992309570
435,0.009863945578,69,80.000000000000,0.000000000000,0.000000000000,-25.256275269502,-32.538995835298,0.000000000000,127.376785278320
436,0.009886621315,69,80.000000000000,0.000000000000,0.000000000000,-25.256275269502,-31.821726891511,0.000000000000,124.352714538574
437,0.009909297052,69,80.000000000000,0.000000000000,0.000000000000,-25.256275269502,-31.147303673738,0.000000000000,121.395729064941
438,0.009931972789,69,80.000000000000,0.000000000000,0.000000000000,-25.256275269502,-30.516645524018,0.000000000000,118.501235961914
439,0.009954648526,69,80.000000000000,0.000000000000,0.000000000000,-25.256275269502,-29.925920578950,0.000000000000,115.663772583008
440,0.009977324263,69,80.000000000000,0.000000000000,0.000000000000,-25.256275269502,-29.370267006868,0.000000000000,112.779815673828
441,0.010000000000,69,80.000000000000,0.000000000000,0.000000000000,-25.256275269502,-28.845580193513,0.000000000000,109.543029785156
442,0.010022675737,69,80.000000000000,0.000000000000,0.000000000000,-25.256275269502,-28.348682496064,0.000000000000,113.569526672363
443,0.010045351474,69,80.000000000000,0.000000000000,0.000000000000,-25.256275269502,-27.880519005769,0.000000000000,87.010833740234
444,0.010068027211,69,80.000000000000,0.000000000000,0.000000000000,-25.256275269502,-27.396638962739,0.000000000000,64.911529541016
445,0.010090702948,69,80.000000000000,0.000000000000,0.000000000000,-25.256275269502,-27.314233872407,0.000000000000,58.715957641602
446,0.010113378685,69,80.000000000000,0.000000000000,0.000000000000,-25.256275269502,-24.963250252717,0.000000000000,58.191944122314
447,0.010136054422,69,80.000000000000,0.000000000000,0.000000000000,-25.256275269502,-30.443295094484,0.000000000000,58.448196411133
448,0.010158730159,69,80.000000000000,0.000000000000,0.000000000000,-25.256275269502,-25.092349144929,0.000000000000,57.463478088379
449,0.010181405896,69,80.000000000000,0.000000000000,0.000000000000,-25.256275269502,-20.458214852327,0.000000000000,64.336761474609
450,0.010204081633,69,80.000000000000,0.000000000000,0.000000000000,-25.256275269502,-18.564749810212,0.000000000000,27.930776596069
451,0.010226757370,69,80.000000000000,0.000000000000,0.000000000000,-25.256275269502,-17.880569550508,0.000000000000,113.976142883301
452,0.010249433107,69,80.000000000000,0.000000000000,0.000000000000,-25.256275269502,-17.590443703645,0.000000000000,37.042442321777
453,0.010272108844,69,80.000000000000,0.000000000000,0.000000000000,-25.256275269502,-17.450856301301,0.000000000000,-22.621532440186
454,0.010294784580,69,80.000000000000,0.000000000000,0.000000000000,-25.256275269502,-17.387231919282,0.000000000000,-41.668773651123
455,0.010317460317,69,80.000000000000,0.000000000000,0.000000000000,-25.256275269502,-17.367035004609,0.000000000000,-45.027366638184
456,0.010340136054,69,80.000000000000,0.000000000000,0.000000000000,-25.256275269502,-17.373447510713,0.000000000000,-44.780349731445
457,0.010362811791,69,80.000000000000,0.000000000000,0.000000000000,-25.256275269502,-17.397924515718,0.000000000000,-44.086944580078
458,0.010385487528,69,80.000000000000,0.000000000000,0.000000000000,-25.256275269502,-17.435787293428,0.000000000000,-43.450454711914
459,0.010408163265,69,80.000000000000,0.000000000000,0.000000000000,-25.256275269502,-17.483765694612,0.000000000000,-42.785789489746
460,0.010430839002,69,80.000000000000,0.000000000000,0.000000000000,-25.256275269502,-17.538939568513,0.000000000000,-42.678291320801
461,0.010453514739,69,80.000000000000,0.000000000000,0.000000000000,-25.256275269502,-17.598613354676,0.000000000000,-37.805458068848
462,0.010476190476,69,80.000000000000,0.000000000000,0.000000000000,-25.256275269502,-17.660013291352,0.000000000000,-58.095504760742
463,0.010498866213,69,80.000000000000,0.000000000000,0.000000000000,-25.256275269502,-17.723100754731,0.000000000000,-5.129512786865
464,0.010521541950,69,80.000000000000,0.000000000000,0.000000000000,-25.256275269502,-17.755199524873,0.000000000000,-78.994644165039
465,0.010544217687,69,80.000000000000,0.000000000000,0.000000000000,-25.256275269502,-17.844505879396,0.000000000000,-122.976654052734
466,0.010566893424,69,80.000000000000,0.000000000000,0.000000000000,-25.256275269502,-19.227288338655,0.000000000000,-134.775634765625
467,0.010589569161,69,80.000000000000,0.000000000000,0.000000000000,-25.256275269502,-11.158785912507,0.000000000000,-135.859420776367
468,0.010612244898,69,80.000000000000,0.000000000000,0.000000000000,-25.256275269502,-4.820514771455,0.000000000000,-134.715560913086
469,0.010634920635,69,80.000000000000,0.000000000000,0.000000000000,-25.256275269502,-2.489715668672,0.000000000000,-131.981948852539
470,0.010657596372,69,80.000000000000,0.000000000000,0.000000000000,-25.256275269502,-2.502477738374,0.000000000000,-136.107192993164
471,0.010680272109,69,80.000000000000,0.000000000000,0.000000000000,-25.256275269502,-3.318378540986,0.000000000000,-117.204147338867
472,0.010702947846,69,80.000000000000,0.000000000000,0.000000000000,-25.256275269502,-4.289907547944,0.000000000000,-132.215209960938
473,0.010725623583,69,80.000000000000,0.000000000000,0.000000000000,-25.256275269502,-5.267826172822,0.000000000000,-147.167846679688
474,0.010748299320,69,80.000000000000,0.000000000000,0.000000000000,-25.256275269502,-6.240820023530,0.000000000000,-152.377593994141
475,0.010770975057,69,80.000000000000,0.000000000000,0.000000000000,-25.256275269502,-7.213604065889,0.000000000000,-152.276245117188
476,0.010793650794,69,80.000000000000,0.000000000000,0.000000000000,-25.256275269502,-8.185859772676,0.000000000000,-150.234497070312
477,0.010816326531,69,80.000000000000,0.000000000000,0.000000000000,-25.256275269502,-9.153064820283,0.000000000000,-147.508255004883
478,0.010839002268,69,80.000000000000,0.000000000000,0.000000000000,-25.256275269502,-10.109199616426,0.000000000000,-144.510070800781
479,0.010861678005,69,80.000000000000,0.000000000000,0.000000000000,-25.256275269502,-11.048755738252,0.000000000000,-141.388381958008
480,0.010884353741,69,80.000000000000,0.000000000000,0.000000000000,-25.256275269502,-11.967681977266,0.000000000000,-138.363647460938
481,0.010907029478,69,80.000000000000,0.000000000000,0.000000000000,-25.256275269502,-12.863153550141,0.000000000000,-133.899063110352
482,0.010929705215,69,80.000000000000,0.000000000000,0.000000000000,-25.256275269502,-13.733194443696,0.000000000000,-139.707489013672
483,0.010952380952,69,80.000000000000,0.000000000000,0.000000000000,-25.256275269502,-14.585901352876,0.000000000000,-96.854324340820
484,0.010975056689,69,80.000000000000,0.000000000000,0.000000000000,-25.256275269502,-15.311416718476,0.000000000000,-180.489486694336
485,0.010997732426,69,80.000000000000,0.000000000000,0.000000000000,-25.256275269502,-16.977614495271,0.000000000000,-110.403038024902
486,0.011020408163,69,80.000000000000,0.000000000000,0.000000000000,-25.256275269502,-12.593233201020,0.000000000000,-45.511623382568
487,0.011043083900,69,80.000000000000,0.000000000000,0.000000000000,-25.256275269502,-26.120325657838,0.000000000000,-20.128360748291
488,0.011065759637,69,80.000000000000,0.000000000000,0.000000000000,-25.256275269502,-6.320558640474,0.000000000000,-12.599777221680
489,0.011088435374,69,80.000000000000,0.000000000000,0.000000000000,-25.256275269502,-0.966243836396,0.000000000000,-9.645592689514
490,0.011111111111,69,80.000000000000,0.000000000000,0.000000000000,-25.256275269502,-0.175609681123,0.000000000000,-8.357419967651
491,0.011133786848,69,80.000000000000,0.000001250338,0.000000448053,-25.256275278953,0.039518263823,0.004350888885,-4.520363807678
492,0.011156462585,69,80.000000000000,0.000036721270,0.000001798403,-25.256275556513,0.079583154070,0.008716794956,-3.383551597595
493,0.011179138322,69,80.000000000000,0.000165970596,0.000002849739,-25.256276811015,0.013155777558,0.010972761186,-6.941458702087
494,0.011201814059,69,80.000000000000,0.000131476579,0.000001844650,-25.256277804791,-0.101799488696,0.008828162128,-8.662573814392
495,0.011224489796,69,80.000000000000,0.000003384304,0.000000000000,-25.256277830372,-0.229162553454,0.000000000000,-8.086880683899
496,0.011247165533,69,80.000000000000,0.000000000000,0.000000000000,-25.256277830372,-0.350950987110,0.000000000000,-6.535174369812
497,0.011269841270,69,80.000000000000,0.000000000000,0.000000000000,-25.256277830372,-0.460011274586,0.000000000000,-4.730588912964
498,0.011292517007,69,80.000000000000,0.000000000000,0.000000000000,-25.256277830372,-0.555750639210,0.000000000000,-2.909711837769
499,0.011315192744,69,80.000000000000,0.000000000000,0.000000000000,-25.256277830372,-0.641112119923,0.000000000000,-1.140492439270
500,0.011337868481,69,80.000000000000,0.000000000000,0.000000000000,-25.256277830372,-0.720360548267,0.000000000000,0.532833099365
501,0.011360544218,69,80.000000000000,0.000000000000,0.000000000000,-25.256277830372,-0.797716886768,0.000000000000,2.328463554382
502,0.011383219955,69,80.000000000000,0.000000000000,0.000000000000,-25.256277830372,-0.877817899952,0.000000000000,2.464638710022
503,0.011405895692,69,80.000000000000,0.000000000000,0.000000000000,-25.256277830372,-0.966898710499,0.000000000000,10.478690147400
504,0.011428571429,69,80.000000000000,0.000000000000,0.000000000000,-25.256277830372,-1.039494306812,0.000000000000,-5.608709335327
505,0.011451247166,69,80.000000000000,0.000000000000,0.000000000000,-25.256277830372,-1.474926740894,0.000000000000,10.189325332642
506,0.011473922902,69,80.000000000000,0.003159968022,0.000013512778,-25.256301715240,1.191827028027,0.023893825029,28.408664703369
507,0.011496598639,69,80.000000000000,0.015540147177,0.000000000000,-25.256419176670,-14.623599579914,0.000000000000,37.423957824707
508,0.011519274376,69,80.000000000000,4.283374152417,0.000310834130,-25.288795398532,27.415570264248,0.114598176214,40.658836364746
509,0.011541950113,69,80.000000000000,20.554319679533,0.000174047516,-25.444156847357,-37.551063400504,0.085752595122,41.654777526855
510,0.011564625850,69,80.000000000000,0.000000000000,0.000000000000,-25.444156847357,-60.894813738226,0.000000000000,42.590583801270
511,0.011587301587,69,80.000000000000,0.000000000000,0.000000000000,-25.444156847357,-68.762302599310,0.000000000000,34.453933715820
512,0.011609977324,69,80.000000000000,0.000000000000,0.000000000000,-25.444156847357,-69.614681444525,0.000000000000,56.062538146973
513,0.011632653061,69,80.000000000000,0.000000000000,0.000000000000,-25.444156847357,-69.299129686712,0.000000000000,75.964279174805
514,0.011655328798,69,80.000000000000,0.000000000000,0.000000000000,-25.444156847357,-68.932193956732,0.000000000000,80.366394042969
515,0.011678004535,69,80.000000000000,0.000000000000,0.000000000000,-25.444156847357,-68.608326158880,0.000000000000,78.229576110840
516,0.011700680272,69,80.000000000000,0.000000000000,0.000000000000,-25.444156847357,-68.288280687689,0.000000000000,74.988731384277
517,0.011723356009,69,80.000000000000,0.000000000000,0.000000000000,-25.444156847357,-67.941536150336,0.000000000000,71.931343078613
518,0.011746031746,69,80.000000000000,0.000000000000,0.000000000000,-25.444156847357,-67.557357988714,0.000000000000,69.104797363281
519,0.011768707483,69,80.000000000000,0.000000000000,0.000000000000,-25.444156847357,-67.137821398138,0.000000000000,66.393066406250
520,0.011791383220,69,80.000000000000,0.000000000000,0.000000000000,-25.444156847357,-66.690296373724,0.000000000000,63.714794158936
521,0.011814058957,69,80.000000000000,0.000000000000,0.000000000000,-25.444156847357,-66.222431383490,0.000000000000,61.069396972656
522,0.011836734694,69,80.000000000000,0.000000000000,0.000000000000,-25.444156847357,-65.739841661810,0.000000000000,58.219932556152
523,0.011859410431,69,80.000000000000,0.000000000000,0.000000000000,-25.444156847357,-65.245422563910,0.000000000000,56.357753753662
524,0.011882086168,69,80.000000000000,0.000000000000,0.000000000000,-25.444156847357,-64.736267290472,0.000000000000,51.870574951172
525,0.011904761905,69,80.000000000000,0.000000000000,0.000000000000,-25.444156847357,-64.266044817328,0.000000000000,49.636047363281
526,0.011927437642,69,80.000000000000,0.000000000000,0.000000000000,-25.444156847357,-63.227028093695,0.000000000000,52.224483489990
527,0.011950113379,69,80.000000000000,0.000000000000,0.000000000000,-25.444156847357,-66.357097826361,0.000000000000,53.360740661621
528,0.011972789116,69,80.000000000000,0.000000000000,0.000000000000,-25.444156847357,-49.366033754706,0.000000000000,52.030471801758
529,0.011995464853,69,80.000000000000,0.000000000000,0.000000000000,-25.444156847357,-81.074882707953,0.000000000000,50.392623901367
530,0.012018140590,69,80.000000000000,0.000000000000,0.000000000000,-25.444156847357,-60.955394945502,0.000000000000,42.405239105225
531,0.012040816327,69,80.000000000000,0.000000000000,0.000000000000,-25.444156847357,-43.046694002508,0.000000000000,63.859645843506
532,0.012063492063,69,80.000000000000,0.000000000000,0.000000000000,-25.444156847357,-37.179478845953,0.000000000000,10.789303779602
533,0.012086167800,69,80.000000000000,0.000000000000,0.000000000000,-25.444156847357,-35.700661859869,0.000000000000,71.500045776367
534,0.012108843537,69,80.000000000000,0.000000000000,0.000000000000,-25.444156847357,-35.020117006659,0.000000000000,116.773902893066
535,0.012131519274,69,80.000000000000,0.000000000000,0.000000000000,-25.444156847357,-34.340458116888,0.000000000000,129.755691528320
536,0.012154195011,69,80.000000000000,0.000000000000,0.000000000000,-25.444156847357,-33.602572641730,0.000000000000,130.326782226562
537,0.012176870748,69,80.000000000000,0.000000000000,0.000000000000,-25.444156847357,-32.854377947211,0.000000000000,127.853126525879
538,0.012199546485,69,80.000000000000,0.000000000000,0.000000000000,-25.444156847357,-32.131822786688,0.000000000000,124.886764526367
539,0.012222222222,69,80.000000000000,0.000000000000,0.000000000000,-25.444156847357,-31.450412950873,0.000000000000,121.925354003906
540,0.012244897959,69,80.000000000000,0.000000000000,0.000000000000,-25.444156847357,-30.812784395575,0.000000000000,119.020645141602
541,0.012267573696,69,80.000000000000,0.000000000000,0.000000000000,-25.444156847357,-30.215787134527,0.000000000000,116.182144165039
542,0.012290249433,69,80.000000000000,0.000000000000,0.000000000000,-25.444156847357,-29.654662332892,0.000000000000,113.375961303711
543,0.012312925170,69,80.000000000000,0.000000000000,0.000000000000,-25.444156847357,-29.125169954657,0.000000000000,109.331756591797
544,0.012335600907,69,80.000000000000,0.000000000000,0.000000000000,-25.444156847357,-28.623644075751,0.000000000000,115.437423706055
545,0.012358276644,69,80.000000000000,0.000000000000,0.000000000000,-25.444156847357,-28.154859743475,0.000000000000,92.620895385742
546,0.012380952381,69,80.000000000000,0.000000000000,0.000000000000,-25.444156847357,-27.638332567572,0.000000000000,68.801589965820
547,0.012403628118,69,80.000000000000,0.000000000000,0.000000000000,-25.444156847357,-27.702738008856,0.000000000000,59.861850738525
548,0.012426303855,69,80.000000000000,0.000000000000,0.000000000000,-25.444156847357,-24.966139994024,0.000000000000,58.258346557617
549,0.012448979592,69,80.000000000000,0.000000000000,0.000000000000,-25.444156847357,-30.469100675940,0.000000000000,58.466979980469
550,0.012471655329,69,80.000000000000,0.000000000000,0.000000000000,-25.444156847357,-26.164945803045,0.000000000000,56.649536132812
551,0.012494331066,69,80.000000000000,0.000000000000,0.000000000000,-25.444156847357,-21.325292787909,0.000000000000,67.404693603516
552,0.012517006803,69,80.000000000000,0.000000000000,0.000000000000,-25.444156847357,-19.051149568915,0.000000000000,23.136837005615
553,0.012539682540,69,80.000000000000,0.000000000000,0.000000000000,-25.444156847357,-18.190396509527,0.000000000000,105.303535461426
554,0.012562358277,69,80.000000000000,0.000000000000,0.000000000000,-25.444156847357,-17.837821207403,0.000000000000,51.863964080811
555,0.012585034014,69,80.000000000000,0.000000000000,0.000000000000,-25.444156847357,-17.673374376654,0.000000000000,-11.562274932861
556,0.012607709751,69,80.000000000000,0.000000000000,0.000000000000,-25.444156847357,-17.597233972906,0.000000000000,-37.695365905762
557,0.012630385488,69,80.000000000000,0.000000000000,0.000000000000,-25.444156847357,-17.569835863470,0.000000000000,-44.142879486084
558,0.012653061224,69,80.000000000000,0.000000000000,0.000000000000,-25.444156847357,-17.571701250433,0.000000000000,-44.721431732178
559,0.012675736961,69,80.000000000000,0.000000000000,0.000000000000,-25.444156847357,-17.592994890570,0.000000000000,-44.165538787842
560,0.012698412698,69,80.000000000000,0.000000000000,0.000000000000,-25.444156847357,-17.628470621466,0.000000000000,-43.542114257812
561,0.012721088435,69,80.000000000000,0.000000000000,0.000000000000,-25.444156847357,-17.674643717169,0.000000000000,-42.805862426758
562,0.012743764172,69,80.000000000000,0.000000000000,0.000000000000,-25.444156847357,-17.728545389532,0.000000000000,-43.213699340820
563,0.012766439909,69,80.000000000000,0.000000000000,0.000000000000,-25.444156847357,-17.787459574103,0.000000000000,-36.074417114258
564,0.012789115646,69,80.000000000000,0.000000000000,0.000000000000,-25.444156847357,-17.848364076971,0.000000000000,-61.619770050049
565,0.012811791383,69,80.000000000000,0.000000000000,0.000000000000,-25.444156847357,-17.913657389044,0.000000000000,-9.548270225525
566,0.012834467120,69,80.000000000000,0.000000000000,0.000000000000,-25.444156847357,-17.946607313513,0.000000000000,-65.486724853516
567,0.012857142857,69,80.000000000000,0.000000000000,0.000000000000,-25.444156847357,-17.914138040899,0.000000000000,-114.607009887695
568,0.012879818594,69,80.000000000000,0.000000000000,0.000000000000,-25.444156847357,-19.895108423590,0.000000000000,-132.086029052734
569,0.012902494331,69,80.000000000000,0.000000000000,0.000000000000,-25.444156847357,-12.700811586737,0.000000000000,-135.343551635742
570,0.012925170068,69,80.000000000000,0.000000000000,0.000000000000,-25.444156847357,-5.948887071966,0.000000000000,-134.904693603516
571,0.012947845805,69,80.000000000000,0.000000000000,0.000000000000,-25.444156847357,-3.009155474066,0.000000000000,-131.652877807617
572,0.012970521542,69,80.000000000000,0.000000000000,0.000000000000,-25.444156847357,-2.683174333929,0.000000000000,-137.315887451172
573,0.012993197279,69,80.000000000000,0.000000000000,0.000000000000,-25.444156847357,-3.382511339544,0.000000000000,-118.132171630859
574,0.013015873016,69,80.000000000000,0.000000000000,0.000000000000,-25.444156847357,-4.328783235907,0.000000000000,-128.757080078125
575,0.013038548753,69,80.000000000000,0.000000000000,0.000000000000,-25.444156847357,-5.303356371283,0.000000000000,-144.176757812500
576,0.013061224490,69,80.000000000000,0.000000000000,0.000000000000,-25.444156847357,-6.275186739325,0.000000000000,-151.182723999023
577,0.013083900227,69,80.000000000000,0.000000000000,0.000000000000,-25.444156847357,-7.246483049750,0.000000000000,-152.133956909180
578,0.013106575964,69,80.000000000000,0.000000000000,0.000000000000,-25.444156847357,-8.217605791449,0.000000000000,-150.518463134766
579,0.013129251701,69,80.000000000000,0.000000000000,0.000000000000,-25.444156847357,-9.184620104193,0.000000000000,-147.953948974609
580,0.013151927438,69,80.000000000000,0.000000000000,0.000000000000,-25.444156847357,-10.141675196051,0.000000000000,-145.024169921875
581,0.013174603175,69,80.000000000000,0.000000000000,0.000000000000,-25.444156847357,-11.083112917303,0.000000000000,-141.913299560547
582,0.013197278912,69,80.000000000000,0.000000000000,0.000000000000,-25.444156847357,-12.004640779852,0.000000000000,-139.074874877930
583,0.013219954649,69,80.000000000000,0.000000000000,0.000000000000,-25.444156847357,-12.903248033880,0.000000000000,-133.552413940430
584,0.013242630385,69,80.000000000000,0.000000000000,0.000000000000,-25.444156847357,-13.775887689947,0.000000000000,-143.527175903320
585,0.013265306122,69,80.000000000000,0.000000000000,0.000000000000,-25.444156847357,-14.640657625555,0.000000000000,-93.395111083984
586,0.013287981859,69,80.000000000000,0.000000000000,0.000000000000,-25.444156847357,-15.295438967108,0.000000000000,-171.429443359375
587,0.013310657596,69,80.000000000000,0.000000000000,0.000000000000,-25.444156847357,-17.372658930182,0.000000000000,-124.384216308594
588,0.013333333333,69,80.000000000000,0.000000000000,0.000000000000,-25.444156847357,-11.917997560858,0.000000000000,-57.671455383301
589,0.013356009070,69,80.000000000000,0.000000000000,0.000000000000,-25.444156847357,-24.925423822760,0.000000000000,-25.352739334106
590,0.013378684807,69,80.000000000000,0.000000000000,0.000000000000,-25.444156847357,-8.874664507269,0.000000000000,-14.378723144531
591,0.013401360544,69,80.000000000000,0.000000000000,0.000000000000,-25.444156847357,-1.952041826605,0.000000000000,-10.302576065063
592,0.013424036281,69,80.000000000000,0.000000000000,0.000000000000,-25.444156847357,-0.549812517523,0.000000000000,-8.954277992249
593,0.013446712018,69,80.000000000000,0.000000000000,0.000000000000,-25.444156847357,-0.223324022650,0.000000000000,-5.193235397339
594,0.013469387755,69,80.000000000000,0.000000000000,0.000000000000,-25.444156847357,-0.150432787298,0.000000000000,-3.247341156006
595,0.013492063492,69,80.000000000000,0.000000000000,0.000000000000,-25.444156847357,-0.200132570624,0.000000000000,-6.292238235474
596,0.013514739229,69,80.000000000000,0.000000000000,0.000000000000,-25.444156847357,-0.307914934515,0.000000000000,-8.413146018982
597,0.013537414966,69,80.000000000000,0.000000000000,0.000000000000,-25.444156847357,-0.433819017767,0.000000000000,-8.267328262329
598,0.013560090703,69,80.000000000000,0.000000000000,0.000000000000,-25.444156847357,-0.556867800116,0.000000000000,-6.911912918091
599,0.013582766440,69,80.000000000000,0.000000000000,0.000000000000,-25.444156847357,-0.668148241400,0.000000000000,-5.164474487305
600,0.013605442177,69,80.000000000000,0.000000000000,0.000000000000,-25.444156847357,-0.766027651190,0.000000000000,-3.349602699280
601,0.013628117914,69,80.000000000000,0.000000000000,0.000000000000,-25.444156847357,-0.852920732855,0.000000000000,-1.566870689392
602,0.013650793651,69,80.000000000000,0.000000000000,0.000000000000,-25.444156847357,-0.932916841864,0.000000000000,0.097187042236
603,0.013673469388,69,80.000000000000,0.000000000000,0.000000000000,-25.444156847357,-1.010200701117,0.000000000000,2.078791618347
604,0.013696145125,69,80.000000000000,0.000000000000,0.000000000000,-25.444156847357,-1.089170656561,0.000000000000,1.536849021912
605,0.013718820862,69,80.000000000000,0.000000000000,0.000000000000,-25.444156847357,-1.179012499212,0.000000000000,11.034568786621
606,0.013741496599,69,80.000000000000,0.000000000000,0.000000000000,-25.444156847357,-1.219913683294,0.000000000000,-4.981163024902
607,0.013764172336,69,80.000000000000,0.000000000000,0.000000000000,-25.444156847357,-1.888912401556,0.000000000000,6.477049827576
608,0.013786848073,69,80.000000000000,0.010689997023,0.000022954766,-25.444237648544,2.024610318781,0.031142235681,24.782238006592
609,0.013809523810,69,80.000000000000,0.052499870264,0.000000000000,-25.444634472960,-16.924949295882,0.000000000000,35.523307800293
610,0.013832199546,69,80.000000000000,3.191290096285,0.000273498472,-25.468756091224,24.122565234071,0.107495629882,39.893051147461
611,0.013854875283,69,80.000000000000,16.511386479093,0.000215858860,-25.593558710113,-27.769130388878,0.095498883952,41.255420684814
612,0.013877551020,69,80.000000000000,0.000000000000,0.000000000000,-25.593558710113,-56.641208093658,0.000000000000,43.283462524414
613,0.013900226757,69,80.000000000000,0.000000000000,0.000000000000,-25.593558710113,-67.696246545807,0.000000000000,33.437290191650
614,0.013922902494,69,80.000000000000,0.000000000000,0.000000000000,-25.593558710113,-69.556731622711,0.000000000000,51.173545837402
615,0.013945578231,69,80.000000000000,0.000000000000,0.000000000000,-25.593558710113,-69.429126184479,0.000000000000,72.380599975586
616,0.013968253968,69,80.000000000000,0.000000000000,0.000000000000,-25.593558710113,-69.076552789703,0.000000000000,79.522323608398
617,0.013990929705,69,80.000000000000,0.000000000000,0.000000000000,-25.593558710113,-68.749335687652,0.000000000000,78.610885620117
618,0.014013605442,69,80.000000000000,0.000000000000,0.000000000000,-25.593558710113,-68.431163232818,0.000000000000,75.623069763184
619,0.014036281179,69,80.000000000000,0.000000000000,0.000000000000,-25.593558710113,-68.090609949127,0.000000000000,72.549865722656
620,0.014058956916,69,80.000000000000,0.000000000000,0.000000000000,-25.593558710113,-67.713897150055,0.000000000000,69.685012817383
621,0.014081632653,69,80.000000000000,0.000000000000,0.000000000000,-25.593558710113,-67.301188867584,0.000000000000,66.955482482910
622,0.014104308390,69,80.000000000000,0.000000000000,0.000000000000,-25.593558710113,-66.859168451324,0.000000000000,64.270721435547
623,0.014126984127,69,80.000000000000,0.000000000000,0.000000000000,-25.593558710113,-66.395545404449,0.000000000000,61.649642944336
624,0.014149659864,69,80.000000000000,0.000000000000,0.000000000000,-25.593558710113,-65.916343133941,0.000000000000,58.720825195312
625,0.014172335601,69,80.000000000000,0.000000000000,0.000000000000,-25.593558710113,-65.425292413727,0.000000000000,57.000797271729
626,0.014195011338,69,80.000000000000,0.000000000000,0.000000000000,-25.593558710113,-64.914660852447,0.000000000000,52.668514251709
627,0.014217687075,69,80.000000000000,0.000000000000,0.000000000000,-25.593558710113,-64.492171686188,0.000000000000,49.681495666504
628,0.014240362812,69,80.000000000000,0.000000000000,0.000000000000,-25.593558710113,-63.157271783844,0.000000000000,51.706516265869
629,0.014263038549,69,80.000000000000,0.000000000000,0.000000000000,-25.593558710113,-67.498801630035,0.000000000000,53.207496643066
630,0.014285714286,69,80.000000000000,0.000000000000,0.000000000000,-25.593558710113,-48.569163721100,0.000000000000,52.230514526367
631,0.014308390023,69,80.000000000000,0.000000000000,0.000000000000,-25.593558710113,-78.224616449371,0.000000000000,51.449398040771
632,0.014331065760,69,80.000000000000,0.000000000000,0.000000000000,-25.593558710113,-64.275634210602,0.000000000000,41.033832550049
633,0.014353741497,69,80.000000000000,0.000000000000,0.000000000000,-25.593558710113,-45.641011636749,0.000000000000,67.217742919922
634,0.014376417234,69,80.000000000000,0.000000000000,0.000000000000,-25.593558710113,-38.178261201874,0.000000000000,15.674087524414
635,0.014399092971,69,80.000000000000,0.000000000000,0.000000000000,-25.593558710113,-36.090904634491,0.000000000000,59.416419982910
636,0.014421768707,69,80.000000000000,0.000000000000,0.000000000000,-25.593558710113,-35.290896814361,0.000000000000,108.264877319336
637,0.014444444444,69,80.000000000000,0.000000000000,0.000000000000,-25.593558710113,-34.609038751617,0.000000000000,126.935554504395
638,0.014467120181,69,80.000000000000,0.000000000000,0.000000000000,-25.593558710113,-33.878898065582,0.000000000000,129.994522094727
639,0.014489795918,69,80.000000000000,0.000000000000,0.000000000000,-25.593558710113,-33.131461542145,0.000000000000,128.226806640625
640,0.014512471655,69,80.000000000000,0.000000000000,0.000000000000,-25.593558710113,-32.404334466949,0.000000000000,125.402198791504
641,0.014535147392,69,80.000000000000,0.000000000000,0.000000000000,-25.593558710113,-31.716159265533,0.000000000000,122.453979492188
642,0.014557823129,69,80.000000000000,0.000000000000,0.000000000000,-25.593558710113,-31.071534555450,0.000000000000,119.541061401367
643,0.014580498866,69,80.000000000000,0.000000000000,0.000000000000,-25.593558710113,-30.468142908111,0.000000000000,116.688171386719
644,0.014603174603,69,80.000000000000,0.000000000000,0.000000000000,-25.593558710113,-29.901412408844,0.000000000000,114.053840637207
645,0.014625850340,69,80.000000000000,0.000000000000,0.000000000000,-25.593558710113,-29.367038171783,0.000000000000,109.035598754883
646,0.014648526077,69,80.000000000000,0.000000000000,0.000000000000,-25.593558710113,-28.860505502716,0.000000000000,116.625991821289
647,0.014671201814,69,80.000000000000,0.000000000000,0.000000000000,-25.593558710113,-28.393455904022,0.000000000000,97.830551147461
648,0.014693877551,69,80.000000000000,0.000000000000,0.000000000000,-25.593558710113,-27.832880418793,0.000000000000,73.148155212402
649,0.014716553288,69,80.000000000000,0.000000000000,0.000000000000,-25.593558710113,-28.067170541778,0.000000000000,61.523796081543
650,0.014739229025,69,80.000000000000,0.000000000000,0.000000000000,-25.593558710113,-24.970463197723,0.000000000000,58.520530700684
651,0.014761904762,69,80.000000000000,0.000000000000,0.000000000000,-25.593558710113,-30.375248353973,0.000000000000,58.617858886719
652,0.014784580499,69,80.000000000000,0.000000000000,0.000000000000,-25.593558710113,-27.102404993072,0.000000000000,55.514316558838
653,0.014807256236,69,80.000000000000,0.000000000000,0.000000000000,-25.593558710113,-22.196373384491,0.000000000000,70.720840454102
654,0.014829931973,69,80.000000000000,0.000000000000,0.000000000000,-25.593558710113,-19.553461473480,0.000000000000,20.098545074463
655,0.014852607710,69,80.000000000000,0.000000000000,0.000000000000,-25.593558710113,-18.487782876983,0.000000000000,95.745445251465
656,0.014875283447,69,80.000000000000,0.000000000000,0.000000000000,-25.593558710113,-18.056549470917,0.000000000000,63.831695556641
657,0.014897959184,69,80.000000000000,0.000000000000,0.000000000000,-25.593558710113,-17.861469667450,0.000000000000,0.385473251343
658,0.014920634921,69,80.000000000000,0.000000000000,0.000000000000,-25.593558710113,-17.770804803863,0.000000000000,-32.387363433838
659,0.014943310658,69,80.000000000000,0.000000000000,0.000000000000,-25.593558710113,-17.735342424408,0.000000000000,-42.626354217529
660,0.014965986395,69,80.000000000000,0.000000000000,0.000000000000,-25.593558710113,-17.732238214508,0.000000000000,-44.472572326660
661,0.014988662132,69,80.000000000000,0.000000000000,0.000000000000,-25.593558710113,-17.750130098358,0.000000000000,-44.204162597656
662,0.015011337868,69,80.000000000000,0.000000000000,0.000000000000,-25.593558710113,-17.783081453338,0.000000000000,-43.637649536133
663,0.015034013605,69,80.000000000000,0.000000000000,0.000000000000,-25.593558710113,-17.827348154083,0.000000000000,-42.771080017090
664,0.015056689342,69,80.000000000000,0.000000000000,0.000000000000,-25.593558710113,-17.879878442779,0.000000000000,-43.939311981201
665,0.015079365079,69,80.000000000000,0.000000000000,0.000000000000,-25.593558710113,-17.937959115997,0.000000000000,-34.125354766846
666,0.015102040816,69,80.000000000000,0.000000000000,0.000000000000,-25.593558710113,-17.998123090759,0.000000000000,-64.069305419922
667,0.015124716553,69,80.000000000000,0.000000000000,0.000000000000,-25.593558710113,-18.065239351288,0.000000000000,-14.748829841614
668,0.015147392290,69,80.000000000000,0.000000000000,0.000000000000,-25.593558710113,-18.109856527344,0.000000000000,-53.945541381836
669,0.015170068027,69,80.000000000000,0.000000000000,0.000000000000,-25.593558710113,-17.913253229156,0.000000000000,-105.212020874023
670,0.015192743764,69,80.000000000000,0.000000000000,0.000000000000,-25.593558710113,-20.392726343170,0.000000000000,-128.322998046875
671,0.015215419501,69,80.000000000000,0.000000000000,0.000000000000,-25.593558710113,-14.136792581573,0.000000000000,-134.351654052734
672,0.015238095238,69,80.000000000000,0.000000000000,0.000000000000,-25.593558710113,-7.121293466583,0.000000000000,-135.011840820312
673,0.015260770975,69,80.000000000000,0.000000000000,0.000000000000,-25.593558710113,-3.582621973053,0.000000000000,-131.221710205078
674,0.015283446712,69,80.000000000000,0.000000000000,0.000000000000,-25.593558710113,-2.874682825104,0.000000000000,-138.318161010742
675,0.015306122449,69,80.000000000000,0.000000000000,0.000000000000,-25.593558710113,-3.425309579864,0.000000000000,-119.529739379883
676,0.015328798186,69,80.000000000000,0.000000000000,0.000000000000,-25.593558710113,-4.333335321441,0.000000000000,-125.887260437012
677,0.015351473923,69,80.000000000000,0.000000000000,0.000000000000,-25.593558710113,-5.301326196686,0.000000000000,-141.012832641602
678,0.015374149660,69,80.000000000000,0.000000000000,0.000000000000,-25.593558710113,-6.271592538849,0.000000000000,-149.629608154297
679,0.015396825397,69,80.000000000000,0.000000000000,0.000000000000,-25.593558710113,-7.241389673248,0.000000000000,-151.772338867188
680,0.015419501134,69,80.000000000000,0.000000000000,0.000000000000,-25.593558710113,-8.211268823639,0.000000000000,-150.706329345703
681,0.015442176871,69,80.000000000000,0.000000000000,0.000000000000,-25.593558710113,-9.177909296051,0.000000000000,-148.360595703125
682,0.015464852608,69,80.000000000000,0.000000000000,0.000000000000,-25.593558710113,-10.135683458343,0.000000000000,-145.524261474609
683,0.015487528345,69,80.000000000000,0.000000000000,0.000000000000,-25.593558710113,-11.078833978668,0.000000000000,-142.409988403320
684,0.015510204082,69,80.000000000000,0.000000000000,0.000000000000,-25.593558710113,-12.002834718719,0.000000000000,-139.888916015625
685,0.015532879819,69,80.000000000000,0.000000000000,0.000000000000,-25.593558710113,-12.904567163482,0.000000000000,-132.883377075195
686,0.015555555556,69,80.000000000000,0.000000000000,0.000000000000,-25.593558710113,-13.778987329498,0.000000000000,-147.474975585938
687,0.015578231293,69,80.000000000000,0.000000000000,0.000000000000,-25.593558710113,-14.662038248077,0.000000000000,-91.732749938965
688,0.015600907029,69,80.000000000000,0.000000000000,0.000000000000,-25.593558710113,-15.214470308319,0.000000000000,-161.777923583984
689,0.015623582766,69,80.000000000000,0.000000000000,0.000000000000,-25.593558710113,-17.765055578247,0.000000000000,-135.453094482422
690,0.015646258503,69,80.000000000000,0.000000000000,0.000000000000,-25.593558710113,-11.429864328399,0.000000000000,-70.435287475586
691,0.015668934240,69,80.000000000000,0.000000000000,0.000000000000,-25.593558710113,-23.761233251587,0.000000000000,-31.895500183105
692,0.015691609977,69,80.000000000000,0.000000000000,0.000000000000,-25.593558710113,-11.130555551544,0.000000000000,-16.866733551025
693,0.015714285714,69,80.000000000000,0.000000000000,0.000000000000,-25.593558710113,-3.085349481598,0.000000000000,-11.189280509949
694,0.015736961451,69,80.000000000000,0.000000000000,0.000000000000,-25.593558710113,-0.968099039093,0.000000000000,-9.570975303650
695,0.015759637188,69,80.000000000000,0.000000000000,0.000000000000,-25.593558710113,-0.466750543609,0.000000000000,-5.938422203064
696,0.015782312925,69,80.000000000000,0.000000000000,0.000000000000,-25.593558710113,-0.347705286041,0.000000000000,-3.279685020447
697,0.015804988662,69,80.000000000000,0.000000000000,0.000000000000,-25.593558710113,-0.377526681915,0.000000000000,-5.689995765686
698,0.015827664399,69,80.000000000000,0.000000000000,0.000000000000,-25.593558710113,-0.476577203766,0.000000000000,-8.073653221130
699,0.015850340136,69,80.000000000000,0.000000000000,0.000000000000,-25.593558710113,-0.600100915924,0.000000000000,-8.361650466919
700,0.015873015873,69,80.000000000000,0.000000000000,0.000000000000,-25.593558710113,-0.723987024322,0.000000000000,-7.247290611267
701,0.015895691610,69,80.000000000000,0.000000000000,0.000000000000,-25.593558710113,-0.837365549103,0.000000000000,-5.585148811340
702,0.015918367347,69,80.000000000000,0.000000000000,0.000000000000,-25.593558710113,-0.937432687774,0.000000000000,-3.788124084473
703,0.015941043084,69,80.000000000000,0.000000000000,0.000000000000,-25.593558710113,-1.025975626007,0.000000000000,-1.992355346680
704,0.015963718821,69,80.000000000000,0.000000000000,0.000000000000,-25.593558710113,-1.106872003570,0.000000000000,-0.359376907349
705,0.015986394558,69,80.000000000000,0.000000000000,0.000000000000,-25.593558710113,-1.184253137604,0.000000000000,1.881195068359
706,0.016009070295,69,80.000000000000,0.000000000000,0.000000000000,-25.593558710113,-1.262019556061,0.000000000000,0.550805091858
707,0.016031746032,69,80.000000000000,0.000000000000,0.000000000000,-25.593558710113,-1.355378549591,0.000000000000,11.359254837036
708,0.016054421769,69,80.000000000000,0.000000000000,0.000000000000,-25.593558710113,-1.344954889313,0.000000000000,-3.940378665924
709,0.016077097506,69,80.000000000000,0.000000000000,0.000000000000,-25.593558710113,-2.342376153961,0.000000000000,3.381574630737
710,0.016099773243,69,80.000000000000,0.026266964909,0.000033933295,-25.593757251042,2.992916662201,0.037863989944,21.046012878418
711,0.016122448980,69,80.000000000000,0.128766490261,0.000000000000,-25.594730542730,-18.676573445453,0.000000000000,33.272762298584
712,0.016145124717,69,80.000000000000,2.254881601761,0.000235164191,-25.611774243423,20.741481615473,0.099677916587,38.909301757812
713,0.016167800454,69,80.000000000000,12.914905538380,0.000242757691,-25.709392577047,-19.056212829693,0.101274441218,40.662918090820
714,0.016190476190,69,80.000000000000,0.125474196313,0.000000000000,-25.710340983671,-51.884073583568,0.000000000000,43.970901489258
715,0.016213151927,69,80.000000000000,0.000000000000,0.000000000000,-25.710340983671,-66.164686686796,0.000000000000,33.052150726318
716,0.016235827664,69,80.000000000000,0.000000000000,0.000000000000,-25.710340983671,-69.321600444120,0.000000000000,46.740974426270
717,0.016258503401,69,80.000000000000,0.000000000000,0.000000000000,-25.710340983671,-69.497030741971,0.000000000000,68.402656555176
718,0.016281179138,69,80.000000000000,0.000000000000,0.000000000000,-25.710340983671,-69.185221202176,0.000000000000,78.154312133789
719,0.016303854875,69,80.000000000000,0.000000000000,0.000000000000,-25.710340983671,-68.857748515409,0.000000000000,78.749664306641
720,0.016326530612,69,80.000000000000,0.000000000000,0.000000000000,-25.710340983671,-68.540777690214,0.000000000000,76.199302673340
721,0.016349206349,69,80.000000000000,0.000000000000,0.000000000000,-25.710340983671,-68.205828196805,0.000000000000,73.167434692383
722,0.016371882086,69,80.000000000000,0.000000000000,0.000000000000,-25.710340983671,-67.836451060575,0.000000000000,70.271186828613
723,0.016394557823,69,80.000000000000,0.000000000000,0.000000000000,-25.710340983671,-67.430719859403,0.000000000000,67.520896911621
724,0.016417233560,69,80.000000000000,0.000000000000,0.000000000000,-25.710340983671,-66.994429118436,0.000000000000,64.824111938477
725,0.016439909297,69,80.000000000000,0.000000000000,0.000000000000,-25.710340983671,-66.535254008573,0.000000000000,62.234649658203
726,0.016462585034,69,80.000000000000,0.000000000000,0.000000000000,-25.710340983671,-66.059530741971,0.000000000000,59.217987060547
727,0.016485260771,69,80.000000000000,0.000000000000,0.000000000000,-25.710340983671,-65.572302348417,0.000000000000,57.603923797607
728,0.016507936508,69,80.000000000000,0.000000000000,0.000000000000,-25.710340983671,-65.056330210966,0.000000000000,53.515468597412
729,0.016530612245,69,80.000000000000,0.000000000000,0.000000000000,-25.710340983671,-64.705523021024,0.000000000000,49.890491485596
730,0.016553287982,69,80.000000000000,0.000000000000,0.000000000000,-25.710340983671,-62.987730510038,0.000000000000,51.245121002197
731,0.016575963719,69,80.000000000000,0.000000000000,0.000000000000,-25.710340983671,-68.624926097196,0.000000000000,52.981147766113
732,0.016598639456,69,80.000000000000,0.000000000000,0.000000000000,-25.710340983671,-48.164635188383,0.000000000000,52.275070190430
733,0.016621315193,69,80.000000000000,0.000000000000,0.000000000000,-25.710340983671,-75.361422068876,0.000000000000,52.657413482666
734,0.016643990930,69,80.000000000000,0.000000000000,0.000000000000,-25.710340983671,-66.988920695585,0.000000000000,39.507553100586
735,0.016666666667,69,80.000000000000,0.000000000000,0.000000000000,-25.710340983671,-48.356096751493,0.000000000000,69.491226196289
736,0.016689342404,69,80.000000000000,0.000000000000,0.000000000000,-25.710340983671,-39.361429698270,0.000000000000,21.245689392090
737,0.016712018141,69,80.000000000000,0.000000000000,0.000000000000,-25.710340983671,-36.533206469816,0.000000000000,49.380325317383
738,0.016734693878,69,80.000000000000,0.000000000000,0.000000000000,-25.710340983671,-35.546648509305,0.000000000000,98.948211669922
739,0.016757369615,69,80.000000000000,0.000000000000,0.000000000000,-25.710340983671,-34.845569140714,0.000000000000,123.031082153320
740,0.016780045351,69,80.000000000000,0.000000000000,0.000000000000,-25.710340983671,-34.121592051786,0.000000000000,129.145111083984
741,0.016802721088,69,80.000000000000,0.000000000000,0.000000000000,-25.710340983671,-33.375934130948,0.000000000000,128.436309814453
742,0.016825396825,69,80.000000000000,0.000000000000,0.000000000000,-25.710340983671,-32.645017154020,0.000000000000,125.879165649414
743,0.016848072562,69,80.000000000000,0.000000000000,0.000000000000,-25.710340983671,-31.950380809110,0.000000000000,122.976837158203
744,0.016870748299,69,80.000000000000,0.000000000000,0.000000000000,-25.710340983671,-31.298764712613,0.000000000000,120.063583374023
745,0.016893424036,69,80.000000000000,0.000000000000,0.000000000000,-25.710340983671,-30.688867099088,0.000000000000,117.172790527344
746,0.016916099773,69,80.000000000000,0.000000000000,0.000000000000,-25.710340983671,-30.116398341459,0.000000000000,114.814872741699
747,0.016938775510,69,80.000000000000,0.000000000000,0.000000000000,-25.710340983671,-29.577087886136,0.000000000000,108.742431640625
748,0.016961451247,69,80.000000000000,0.000000000000,0.000000000000,-25.710340983671,-29.064965731901,0.000000000000,117.199142456055
749,0.016984126984,69,80.000000000000,0.000000000000,0.000000000000,-25.710340983671,-28.602842814725,0.000000000000,102.518127441406
750,0.017006802721,69,80.000000000000,0.000000000000,0.000000000000,-25.710340983671,-27.985591418546,0.000000000000,77.815010070801
751,0.017029478458,69,80.000000000000,0.000000000000,0.000000000000,-25.710340983671,-28.408836848539,0.000000000000,63.712509155273
752,0.017052154195,69,80.000000000000,0.000000000000,0.000000000000,-25.710340983671,-24.988549716276,0.000000000000,59.026847839355
753,0.017074829932,69,80.000000000000,0.000000000000,0.000000000000,-25.710340983671,-30.181759364408,0.000000000000,58.966316223145
754,0.017097505669,69,80.000000000000,0.000000000000,0.000000000000,-25.710340983671,-27.902431971830,0.000000000000,54.069194793701
755,0.017120181406,69,80.000000000000,0.000000000000,0.000000000000,-25.710340983671,-23.061736590665,0.000000000000,74.036994934082
756,0.017142857143,69,80.000000000000,0.000000000000,0.000000000000,-25.710340983671,-20.077398783964,0.000000000000,18.839662551880
757,0.017165532880,69,80.000000000000,0.000000000000,0.000000000000,-25.710340983671,-18.782644755643,0.000000000000,85.793045043945
758,0.017188208617,69,80.000000000000,0.000000000000,0.000000000000,-25.710340983671,-18.254820353788,0.000000000000,72.863746643066
759,0.017210884354,69,80.000000000000,0.000000000000,0.000000000000,-25.710340983671,-18.021883494657,0.000000000000,12.657648086548
760,0.017233560091,69,80.000000000000,0.000000000000,0.000000000000,-25.710340983671,-17.914122111600,0.000000000000,-25.795639038086
761,0.017256235828,69,80.000000000000,0.000000000000,0.000000000000,-25.710340983671,-17.869554049772,0.000000000000,-40.342971801758
762,0.017278911565,69,80.000000000000,0.000000000000,0.000000000000,-25.710340983671,-17.860987193387,0.000000000000,-43.943794250488
763,0.017301587302,69,80.000000000000,0.000000000000,0.000000000000,-25.710340983671,-17.875224597257,0.000000000000,-44.167869567871
764,0.017324263039,69,80.000000000000,0.000000000000,0.000000000000,-25.710340983671,-17.905501849454,0.000000000000,-43.734931945801
765,0.017346938776,69,80.000000000000,0.000000000000,0.000000000000,-25.710340983671,-17.947754390043,0.000000000000,-42.660499572754
766,0.017369614512,69,80.000000000000,0.000000000000,0.000000000000,-25.710340983671,-17.998810298246,0.000000000000,-44.862426757812
767,0.017392290249,69,80.000000000000,0.000000000000,0.000000000000,-25.710340983671,-18.055995471280,0.000000000000,-32.113044738770
768,0.017414965986,69,80.000000000000,0.000000000000,0.000000000000,-25.710340983671,-18.115223414701,0.000000000000,-65.402694702148
769,0.017437641723,69,80.000000000000,0.000000000000,0.000000000000,-25.710340983671,-18.182837970060,0.000000000000,-20.430776596069
770,0.017460317460,69,80.000000000000,0.000000000000,0.000000000000,-25.710340983671,-18.252783305448,0.000000000000,-44.501289367676
771,0.017482993197,69,80.000000000000,0.000000000000,0.000000000000,-25.710340983671,-17.860012061399,0.000000000000,-95.217765808105
772,0.017505668934,69,80.000000000000,0.000000000000,0.000000000000,-25.710340983671,-20.732296473783,0.000000000000,-123.479705810547
773,0.017528344671,69,80.000000000000,0.000000000000,0.000000000000,-25.710340983671,-15.454996592801,0.000000000000,-132.760711669922
774,0.017551020408,69,80.000000000000,0.000000000000,0.000000000000,-25.710340983671,-8.326345927518,0.000000000000,-134.972167968750
775,0.017573696145,69,80.000000000000,0.000000000000,0.000000000000,-25.710340983671,-4.216988093656,0.000000000000,-130.698806762695
776,0.017596371882,69,80.000000000000,0.000000000000,0.000000000000,-25.710340983671,-3.089697367948,0.000000000000,-139.057495117188
777,0.017619047619,69,80.000000000000,0.000000000000,0.000000000000,-25.710340983671,-3.457294947904,0.000000000000,-121.282913208008
778,0.017641723356,69,80.000000000000,0.000000000000,0.000000000000,-25.710340983671,-4.311277873319,0.000000000000,-123.656974792480
779,0.017664399093,69,80.000000000000,0.000000000000,0.000000000000,-25.710340983671,-5.268078334134,0.000000000000,-137.804412841797
780,0.017687074830,69,80.000000000000,0.000000000000,0.000000000000,-25.710340983671,-6.235975749296,0.000000000000,-147.743637084961
781,0.017709750567,69,80.000000000000,0.000000000000,0.000000000000,-25.710340983671,-7.204193599027,0.000000000000,-151.162933349609
782,0.017732426304,69,80.000000000000,0.000000000000,0.000000000000,-25.710340983671,-8.172739512723,0.000000000000,-150.772583007812
783,0.017755102041,69,80.000000000000,0.000000000000,0.000000000000,-25.710340983671,-9.138826854032,0.000000000000,-148.715042114258
784,0.017777777778,69,80.000000000000,0.000000000000,0.000000000000,-25.710340983671,-10.097120768827,0.000000000000,-146.007781982422
785,0.017800453515,69,80.000000000000,0.000000000000,0.000000000000,-25.710340983671,-11.041813380521,0.000000000000,-142.863800048828
786,0.017823129252,69,80.000000000000,0.000000000000,0.000000000000,-25.710340983671,-11.968139178556,0.000000000000,-140.835006713867
787,0.017845804989,69,80.000000000000,0.000000000000,0.000000000000,-25.710340983671,-12.873048312467,0.000000000000,-131.909713745117
788,0.017868480726,69,80.000000000000,0.000000000000,0.000000000000,-25.710340983671,-13.747904307645,0.000000000000,-151.304031372070
789,0.017891156463,69,80.000000000000,0.000000000000,0.000000000000,-25.710340983671,-14.657826907438,0.000000000000,-91.844787597656
790,0.017913832200,69,80.000000000000,0.000000000000,0.000000000000,-25.710340983671,-15.072582728666,0.000000000000,-152.024230957031
791,0.017936507937,69,80.000000000000,0.000000000000,0.000000000000,-25.710340983671,-18.139671809476,0.000000000000,-143.596221923828
792,0.017959183673,69,80.000000000000,0.000000000000,0.000000000000,-25.710340983671,-11.115463740629,0.000000000000,-83.248252868652
793,0.017981859410,69,80.000000000000,0.000000000000,0.000000000000,-25.710340983671,-22.641840464872,0.000000000000,-39.659473419189
794,0.018004535147,69,80.000000000000,0.000000000000,0.000000000000,-25.710340983671,-13.093809611600,0.000000000000,-20.184370040894
795,0.018027210884,69,80.000000000000,0.000000000000,0.000000000000,-25.710340983671,-4.334902293485,0.000000000000,-12.406185150146
796,0.018049886621,69,80.000000000000,0.000000000000,0.000000000000,-25.710340983671,-1.449007518094,0.000000000000,-10.241710662842
797,0.018072562358,69,80.000000000000,0.000000000000,0.000000000000,-25.710340983671,-0.704905040067,0.000000000000,-6.741637229919
798,0.018095238095,69,80.000000000000,0.000000000000,0.000000000000,-25.710340983671,-0.520243174833,0.000000000000,-3.478165626526
799,0.018117913832,69,80.000000000000,0.000000000000,0.000000000000,-25.710340983671,-0.525442607206,0.000000000000,-5.165337562561
800,0.018140589569,69,80.000000000000,0.000000000000,0.000000000000,-25.710340983671,-0.613863475126,0.000000000000,-7.665769577026
801,0.018163265306,69,80.000000000000,0.000000000000,0.000000000000,-25.710340983671,-0.733995921415,0.000000000000,-8.367200851440
802,0.018185941043,69,80.000000000000,0.000000000000,0.000000000000,-25.710340983671,-0.858234889310,0.000000000000,-7.532117843628
803,0.018208616780,69,80.000000000000,0.000000000000,0.000000000000,-25.710340983671,-0.973539836210,0.000000000000,-5.986570358276
804,0.018231292517,69,80.000000000000,0.000000000000,0.000000000000,-25.710340983671,-1.075808055204,0.000000000000,-4.223084449768
805,0.018253968254,69,80.000000000000,0.000000000000,0.000000000000,-25.710340983671,-1.166115290922,0.000000000000,-2.413921356201
806,0.018276643991,69,80.000000000000,0.000000000000,0.000000000000,-25.710340983671,-1.248049266141,0.000000000000,-0.842033386230
807,0.018299319728,69,80.000000000000,0.000000000000,0.000000000000,-25.710340983671,-1.325733668607,0.000000000000,1.736221313477
808,0.018321995465,69,80.000000000000,0.000000000000,0.000000000000,-25.710340983671,-1.401979930204,0.000000000000,-0.456523895264
809,0.018344671202,69,80.000000000000,0.000000000000,0.000000000000,-25.710340983671,-1.503241069120,0.000000000000,11.412370681763
810,0.018367346939,69,80.000000000000,0.000000000000,0.000000000000,-25.710340983671,-1.414804942411,0.000000000000,-2.603379249573
811,0.018390022676,69,80.000000000000,0.000000000000,0.000000000000,-25.710340983671,-2.845259196561,0.000000000000,0.938034057617
812,0.018412698413,69,80.000000000000,0.052364784799,0.000045803610,-25.710736787033,4.039878361422,0.043990936601,17.327713012695
813,0.018435374150,69,80.000000000000,0.256146550232,0.000000000000,-25.712672890965,-19.904655411661,0.000000000000,30.705476760864
814,0.018458049887,69,80.000000000000,1.490318850789,0.000196416473,-25.723937583715,17.323932943996,0.091096629995,37.692306518555
815,0.018480725624,69,80.000000000000,9.729829624177,0.000254877921,-25.797481269460,-11.496444242448,0.103771827497,39.855445861816
816,0.018503401361,69,80.000000000000,0.752164182737,0.000000000000,-25.803166561847,-46.931749335270,0.000000000000,44.556007385254
817,0.018526077098,69,80.000000000000,0.000000000000,0.000000000000,-25.803166561847,-64.154282742267,0.000000000000,33.216503143311
818,0.018548752834,69,80.000000000000,0.000000000000,0.000000000000,-25.803166561847,-68.878697567706,0.000000000000,42.869277954102
819,0.018571428571,69,80.000000000000,0.000000000000,0.000000000000,-25.803166561847,-69.495297604327,0.000000000000,64.171432495117
820,0.018594104308,69,80.000000000000,0.000000000000,0.000000000000,-25.803166561847,-69.262913876300,0.000000000000,76.266616821289
821,0.018616780045,69,80.000000000000,0.000000000000,0.000000000000,-25.803166561847,-68.941712551837,0.000000000000,78.589500427246
822,0.018639455782,69,80.000000000000,0.000000000000,0.000000000000,-25.803166561847,-68.625878506427,0.000000000000,76.680541992188
823,0.018662131519,69,80.000000000000,0.000000000000,0.000000000000,-25.803166561847,-68.295930081134,0.000000000000,73.771644592285
824,0.018684807256,69,80.000000000000,0.000000000000,0.000000000000,-25.803166561847,-67.933686428790,0.000000000000,70.861358642578
825,0.018707482993,69,80.000000000000,0.000000000000,0.000000000000,-25.803166561847,-67.535042935138,0.000000000000,68.090126037598
826,0.018730158730,69,80.000000000000,0.000000000000,0.000000000000,-25.803166561847,-67.104706936603,0.000000000000,65.374961853027
827,0.018752834467,69,80.000000000000,0.000000000000,0.000000000000,-25.803166561847,-66.650189572101,0.000000000000,62.824134826660
828,0.018775510204,69,80.000000000000,0.000000000000,0.000000000000,-25.803166561847,-66.178002529865,0.000000000000,59.716903686523
829,0.018798185941,69,80.000000000000,0.000000000000,0.000000000000,-25.803166561847,-65.695408993488,0.000000000000,58.163742065430
830,0.018820861678,69,80.000000000000,0.000000000000,0.000000000000,-25.803166561847,-65.168347531085,0.000000000000,54.386260986328
831,0.018843537415,69,80.000000000000,0.000000000000,0.000000000000,-25.803166561847,-64.919160061603,0.000000000000,50.255386352539
832,0.018866213152,69,80.000000000000,0.000000000000,0.000000000000,-25.803166561847,-62.729550534015,0.000000000000,50.867115020752
833,0.018888888889,69,80.000000000000,0.000000000000,0.000000000000,-25.803166561847,-69.703931027179,0.000000000000,52.712638854980
834,0.018911564626,69,80.000000000000,0.000000000000,0.000000000000,-25.803166561847,-48.136006527667,0.000000000000,52.144104003906
835,0.018934240363,69,80.000000000000,0.000000000000,0.000000000000,-25.803166561847,-72.550576382404,0.000000000000,54.004737854004
836,0.018956916100,69,80.000000000000,0.000000000000,0.000000000000,-25.803166561847,-69.112286740070,0.000000000000,37.975158691406
837,0.018979591837,69,80.000000000000,0.000000000000,0.000000000000,-25.803166561847,-51.122645550494,0.000000000000,70.668823242188
838,0.019002267574,69,80.000000000000,0.000000000000,0.000000000000,-25.803166561847,-40.735829525714,0.000000000000,27.189567565918
839,0.019024943311,69,80.000000000000,0.000000000000,0.000000000000,-25.803166561847,-37.054529362445,0.000000000000,41.473243713379
840,0.019047619048,69,80.000000000000,0.000000000000,0.000000000000,-25.803166561847,-35.805309468036,0.000000000000,89.251174926758
841,0.019070294785,69,80.000000000000,0.000000000000,0.000000000000,-25.803166561847,-35.061163120990,0.000000000000,118.070182800293
842,0.019092970522,69,80.000000000000,0.000000000000,0.000000000000,-25.803166561847,-34.339560681110,0.000000000000,127.668792724609
843,0.019115646259,69,80.000000000000,0.000000000000,0.000000000000,-25.803166561847,-33.596308880573,0.000000000000,128.408691406250
844,0.019138321995,69,80.000000000000,0.000000000000,0.000000000000,-25.803166561847,-32.862419300800,0.000000000000,126.289230346680
845,0.019160997732,69,80.000000000000,0.000000000000,0.000000000000,-25.803166561847,-32.161698513751,0.000000000000,123.485450744629
846,0.019183673469,69,80.000000000000,0.000000000000,0.000000000000,-25.803166561847,-31.503141575580,0.000000000000,120.589340209961
847,0.019206349206,69,80.000000000000,0.000000000000,0.000000000000,-25.803166561847,-30.886646443134,0.000000000000,117.627624511719
848,0.019229024943,69,80.000000000000,0.000000000000,0.000000000000,-25.803166561847,-30.308300190692,0.000000000000,115.649398803711
849,0.019251700680,69,80.000000000000,0.000000000000,0.000000000000,-25.803166561847,-29.764039211993,0.000000000000,108.528717041016
850,0.019274376417,69,80.000000000000,0.000000000000,0.000000000000,-25.803166561847,-29.245483570819,0.000000000000,117.243209838867
851,0.019297052154,69,80.000000000000,0.000000000000,0.000000000000,-25.803166561847,-28.792352848773,0.000000000000,106.592292785645
852,0.019319727891,69,80.000000000000,0.000000000000,0.000000000000,-25.803166561847,-28.105033093219,0.000000000000,82.655380249023
853,0.019342403628,69,80.000000000000,0.000000000000,0.000000000000,-25.803166561847,-28.731433087116,0.000000000000,66.413391113281
854,0.019365079365,69,80.000000000000,0.000000000000,0.000000000000,-25.803166561847,-25.033753567462,0.000000000000,59.815448760986
855,0.019387755102,69,80.000000000000,0.000000000000,0.000000000000,-25.803166561847,-29.912265473132,0.000000000000,59.579158782959
856,0.019410430839,69,80.000000000000,0.000000000000,0.000000000000,-25.803166561847,-28.568445378070,0.000000000000,52.362838745117
857,0.019433106576,69,80.000000000000,0.000000000000,0.000000000000,-25.803166561847,-23.914240055805,0.000000000000,77.116127014160
858,0.019455782313,69,80.000000000000,0.000000000000,0.000000000000,-25.803166561847,-20.629573994403,0.000000000000,19.287857055664
859,0.019478458050,69,80.000000000000,0.000000000000,0.000000000000,-25.803166561847,-19.087290936237,0.000000000000,75.932891845703
860,0.019501133787,69,80.000000000000,0.000000000000,0.000000000000,-25.803166561847,-18.443885021930,0.000000000000,79.013351440430
861,0.019523809524,69,80.000000000000,0.000000000000,0.000000000000,-25.803166561847,-18.164367848163,0.000000000000,24.715667724609
862,0.019546485261,69,80.000000000000,0.000000000000,0.000000000000,-25.803166561847,-18.036259823566,0.000000000000,-18.059444427490
863,0.019569160998,69,80.000000000000,0.000000000000,0.000000000000,-25.803166561847,-17.981299572711,0.000000000000,-37.188850402832
864,0.019591836735,69,80.000000000000,0.000000000000,0.000000000000,-25.803166561847,-17.966691189533,0.000000000000,-43.036586761475
865,0.019614512472,69,80.000000000000,0.000000000000,0.000000000000,-25.803166561847,-17.976983242755,0.000000000000,-44.009468078613
866,0.019637188209,69,80.000000000000,0.000000000000,0.000000000000,-25.803166561847,-18.004420452838,0.000000000000,-43.828208923340
867,0.019659863946,69,80.000000000000,0.000000000000,0.000000000000,-25.803166561847,-18.044541531329,0.000000000000,-42.452835083008
868,0.019682539683,69,80.000000000000,0.000000000000,0.000000000000,-25.803166561847,-18.094020062213,0.000000000000,-45.969543457031
869,0.019705215420,69,80.000000000000,0.000000000000,0.000000000000,-25.803166561847,-18.150252514606,0.000000000000,-30.190967559814
870,0.019727891156,69,80.000000000000,0.000000000000,0.000000000000,-25.803166561847,-18.208473377948,0.000000000000,-65.641586303711
871,0.019750566893,69,80.000000000000,0.000000000000,0.000000000000,-25.803166561847,-18.274148159747,0.000000000000,-26.280796051025
872,0.019773242630,69,80.000000000000,0.000000000000,0.000000000000,-25.803166561847,-18.384915524249,0.000000000000,-37.187431335449
873,0.019795918367,69,80.000000000000,0.000000000000,0.000000000000,-25.803166561847,-17.774678402667,0.000000000000,-85.046264648438
874,0.019818594104,69,80.000000000000,0.000000000000,0.000000000000,-25.803166561847,-20.931184941058,0.000000000000,-117.621536254883
875,0.019841269841,69,80.000000000000,0.000000000000,0.000000000000,-25.803166561847,-16.649086170917,0.000000000000,-130.465927124023
876,0.019863945578,69,80.000000000000,0.000000000000,0.000000000000,-25.803166561847,-9.554213696246,0.000000000000,-134.706298828125
877,0.019886621315,69,80.000000000000,0.000000000000,0.000000000000,-25.803166561847,-4.919547253375,0.000000000000,-130.089691162109
878,0.019909297052,69,80.000000000000,0.000000000000,0.000000000000,-25.803166561847,-3.343112164264,0.000000000000,-139.493209838867
879,0.019931972789,69,80.000000000000,0.000000000000,0.000000000000,-25.803166561847,-3.492190533405,0.000000000000,-123.269645690918
880,0.019954648526,69,80.000000000000,0.000000000000,0.000000000000,-25.803166561847,-4.273543530231,0.000000000000,-122.084808349609
881,0.019977324263,69,80.000000000000,0.000000000000,0.000000000000,-25.803166561847,-5.212947064166,0.000000000000,-134.676513671875
882,0.020000000000,69,80.000000000000,0.000000000000,0.000000000000,-25.803166561847,-6.177121334796,0.000000000000,-145.569900512695
883,0.020022675737,69,80.000000000000,0.000000000000,0.000000000000,-25.803166561847,-7.143582516437,0.000000000000,-150.286682128906
884,0.020045351474,69,80.000000000000,0.000000000000,0.000000000000,-25.803166561847,-8.110699826007,0.000000000000,-150.691009521484
885,0.020068027211,69,80.000000000000,0.000000000000,0.000000000000,-25.803166561847,-9.076070004230,0.000000000000,-149.001129150391
886,0.020090702948,69,80.000000000000,0.000000000000,0.000000000000,-25.803166561847,-10.034686260944,0.000000000000,-146.471923828125
887,0.020113378685,69,80.000000000000,0.000000000000,0.000000000000,-25.803166561847,-10.980738812213,0.000000000000,-143.256790161133
888,0.020136054422,69,80.000000000000,0.000000000000,0.000000000000,-25.803166561847,-11.909230404620,0.000000000000,-141.935974121094
889,0.020158730159,69,80.000000000000,0.000000000000,0.000000000000,-25.803166561847,-12.817469769244,0.000000000000,-130.680114746094
890,0.020181405896,69,80.000000000000,0.000000000000,0.000000000000,-25.803166561847,-13.690722637897,0.000000000000,-154.784637451172
891,0.020204081633,69,80.000000000000,0.000000000000,0.000000000000,-25.803166561847,-14.638624363666,0.000000000000,-93.614891052246
892,0.020226757370,69,80.000000000000,0.000000000000,0.000000000000,-25.803166561847,-14.878345661884,0.000000000000,-142.638336181641
893,0.020249433107,69,80.000000000000,0.000000000000,0.000000000000,-25.803166561847,-18.486214810138,0.000000000000,-148.930816650391
894,0.020272108844,69,80.000000000000,0.000000000000,0.000000000000,-25.803166561847,-10.960776501422,0.000000000000,-95.595245361328
895,0.020294784580,69,80.000000000000,0.000000000000,0.000000000000,-25.803166561847,-21.584307842975,0.000000000000,-48.464965820312
896,0.020317460317,69,80.000000000000,0.000000000000,0.000000000000,-25.803166561847,-14.776576214557,0.000000000000,-24.414581298828
897,0.020340136054,69,80.000000000000,0.000000000000,0.000000000000,-25.803166561847,-5.672364407306,0.000000000000,-14.059268951416
898,0.020362811791,69,80.000000000000,0.000000000000,0.000000000000,-25.803166561847,-2.009186917072,0.000000000000,-11.015827178955
899,0.020385487528,69,80.000000000000,0.000000000000,0.000000000000,-25.803166561847,-0.955292874103,0.000000000000,-7.595829010010
900,0.020408163265,69,80.000000000000,0.000000000000,0.000000000000,-25.803166561847,-0.679616146808,0.000000000000,-3.835872650146
901,0.020430839002,69,80.000000000000,0.000000000000,0.000000000000,-25.803166561847,-0.653357678180,0.000000000000,-4.744651794434
902,0.020453514739,69,80.000000000000,0.000000000000,0.000000000000,-25.803166561847,-0.728758984332,0.000000000000,-7.214537620544
903,0.020476190476,69,80.000000000000,0.000000000000,0.000000000000,-25.803166561847,-0.844327145343,0.000000000000,-8.285798072815
904,0.020498866213,69,80.000000000000,0.000000000000,0.000000000000,-25.803166561847,-0.968341046100,0.000000000000,-7.758285522461
905,0.020521541950,69,80.000000000000,0.000000000000,0.000000000000,-25.803166561847,-1.085354977374,0.000000000000,-6.361960411072
906,0.020544217687,69,80.000000000000,0.000000000000,0.000000000000,-25.803166561847,-1.189809017902,0.000000000000,-4.651834487915
907,0.020566893424,69,80.000000000000,0.000000000000,0.000000000000,-25.803166561847,-1.281975918536,0.000000000000,-2.827652931213
908,0.020589569161,69,80.000000000000,0.000000000000,0.000000000000,-25.803166561847,-1.365082913165,0.000000000000,-1.355172157288
909,0.020612244898,69,80.000000000000,0.000000000000,0.000000000000,-25.803166561847,-1.443305187946,0.000000000000,1.639265060425
910,0.020634920635,69,80.000000000000,0.000000000000,0.000000000000,-25.803166561847,-1.517365628009,0.000000000000,-1.445635795593
911,0.020657596372,69,80.000000000000,0.000000000000,0.000000000000,-25.803166561847,-1.633044415241,0.000000000000,11.173760414124
912,0.020680272109,69,80.000000000000,0.000000000000,0.000000000000,-25.803166561847,-1.432490521198,0.000000000000,-1.090538024902
913,0.020702947846,69,80.000000000000,0.000000000000,0.000000000000,-25.803166561847,-3.405976467853,0.000000000000,-0.850415706635
914,0.020725623583,69,80.000000000000,0.089835757029,0.000057918467,-25.803845592512,5.108408755536,0.049467718914,13.748718261719
915,0.020748299320,69,80.000000000000,0.438384083959,0.000000000000,-25.807159153238,-20.646495830240,0.000000000000,27.872066497803
916,0.020770975057,69,80.000000000000,0.901433011701,0.000157850143,-25.813972705858,13.922382625327,0.081664977486,36.235824584961
917,0.020793650794,69,80.000000000000,6.956404575793,0.000252872917,-25.866553239311,-5.135399197027,0.103362859535,38.821552276611
918,0.020816326531,69,80.000000000000,1.600238224235,0.000000000000,-25.878648766327,-41.800712806511,0.000000000000,44.952743530273
919,0.020839002268,69,80.000000000000,0.000000000000,0.000000000000,-25.878648766327,-61.666723259735,0.000000000000,33.827140808105
920,0.020861678005,69,80.000000000000,0.000000000000,0.000000000000,-25.878648766327,-68.196561821747,0.000000000000,39.630187988281
921,0.020884353741,69,80.000000000000,0.000000000000,0.000000000000,-25.878648766327,-69.411149987030,0.000000000000,59.833927154541
922,0.020907029478,69,80.000000000000,0.000000000000,0.000000000000,-25.878648766327,-69.310564049530,0.000000000000,73.889671325684
923,0.020929705215,69,80.000000000000,0.000000000000,0.000000000000,-25.878648766327,-69.006830223847,0.000000000000,78.083244323730
924,0.020952380952,69,80.000000000000,0.000000000000,0.000000000000,-25.878648766327,-68.693063744354,0.000000000000,77.025604248047
925,0.020975056689,69,80.000000000000,0.000000000000,0.000000000000,-25.878648766327,-68.367605217743,0.000000000000,74.345115661621
926,0.020997732426,69,80.000000000000,0.000000000000,0.000000000000,-25.878648766327,-68.012239464569,0.000000000000,71.451271057129
927,0.021020408163,69,80.000000000000,0.000000000000,0.000000000000,-25.878648766327,-67.620744713593,0.000000000000,68.663459777832
928,0.021043083900,69,80.000000000000,0.000000000000,0.000000000000,-25.878648766327,-67.196573265839,0.000000000000,65.923393249512
929,0.021065759637,69,80.000000000000,0.000000000000,0.000000000000,-25.878648766327,-66.746942528534,0.000000000000,63.417209625244
930,0.021088435374,69,80.000000000000,0.000000000000,0.000000000000,-25.878648766327,-66.278306969452,0.000000000000,60.223052978516
931,0.021111111111,69,80.000000000000,0.000000000000,0.000000000000,-25.878648766327,-65.801630028534,0.000000000000,58.680580139160
932,0.021133786848,69,80.000000000000,0.000000000000,0.000000000000,-25.878648766327,-65.255464562226,0.000000000000,55.257389068604
933,0.021156462585,69,80.000000000000,0.000000000000,0.000000000000,-25.878648766327,-65.143545159149,0.000000000000,50.762550354004
934,0.021179138322,69,80.000000000000,0.000000000000,0.000000000000,-25.878648766327,-62.395265587616,0.000000000000,50.593116760254
935,0.021201814059,69,80.000000000000,0.000000000000,0.000000000000,-25.878648766327,-70.705766686249,0.000000000000,52.437274932861
936,0.021224489796,69,80.000000000000,0.000000000000,0.000000000000,-25.878648766327,-48.456834801483,0.000000000000,51.824951171875
937,0.021247165533,69,80.000000000000,0.000000000000,0.000000000000,-25.878648766327,-69.850038536835,0.000000000000,55.460571289062
938,0.021269841270,69,80.000000000000,0.000000000000,0.000000000000,-25.878648766327,-70.672060021210,0.000000000000,36.578334808350
939,0.021292517007,69,80.000000000000,0.000000000000,0.000000000000,-25.878648766327,-53.872966774750,0.000000000000,70.798377990723
940,0.021315192744,69,80.000000000000,0.000000000000,0.000000000000,-25.878648766327,-42.297269829559,0.000000000000,33.196144104004
941,0.021337868481,69,80.000000000000,0.000000000000,0.000000000000,-25.878648766327,-37.677810677338,0.000000000000,35.680969238281
942,0.021360544218,69,80.000000000000,0.000000000000,0.000000000000,-25.878648766327,-36.084067353058,0.000000000000,79.586135864258
943,0.021383219955,69,80.000000000000,0.000000000000,0.000000000000,-25.878648766327,-35.265826233673,0.000000000000,112.149414062500
944,0.021405895692,69,80.000000000000,0.000000000000,0.000000000000,-25.878648766327,-34.539973267365,0.000000000000,125.478889465332
945,0.021428571429,69,80.000000000000,0.000000000000,0.000000000000,-25.878648766327,-33.799107559967,0.000000000000,128.063858032227
946,0.021451247166,69,80.000000000000,0.000000000000,0.000000000000,-25.878648766327,-33.063036927033,0.000000000000,126.594841003418
947,0.021473922902,69,80.000000000000,0.000000000000,0.000000000000,-25.878648766327,-32.356674202728,0.000000000000,123.966445922852
948,0.021496598639,69,80.000000000000,0.000000000000,0.000000000000,-25.878648766327,-31.691279419708,0.000000000000,121.118606567383
949,0.021519274376,69,80.000000000000,0.000000000000,0.000000000000,-25.878648766327,-31.068109520722,0.000000000000,118.046104431152
950,0.021541950113,69,80.000000000000,0.000000000000,0.000000000000,-25.878648766327,-30.483741768646,0.000000000000,116.538681030273
951,0.021564625850,69,80.000000000000,0.000000000000,0.000000000000,-25.878648766327,-29.934577950287,0.000000000000,108.456031799316
952,0.021587301587,69,80.000000000000,0.000000000000,0.000000000000,-25.878648766327,-29.408417710114,0.000000000000,116.860717773438
953,0.021609977324,69,80.000000000000,0.000000000000,0.000000000000,-25.878648766327,-28.969237335968,0.000000000000,109.994705200195
954,0.021632653061,69,80.000000000000,0.000000000000,0.000000000000,-25.878648766327,-28.198187836456,0.000000000000,87.519607543945
955,0.021655328798,69,80.000000000000,0.000000000000,0.000000000000,-25.878648766327,-29.036403664398,0.000000000000,69.587768554688
956,0.021678004535,69,80.000000000000,0.000000000000,0.000000000000,-25.878648766327,-25.115551956940,0.000000000000,60.911190032959
957,0.021700680272,69,80.000000000000,0.000000000000,0.000000000000,-25.878648766327,-29.588730820465,0.000000000000,60.518218994141
958,0.021723356009,69,80.000000000000,0.000000000000,0.000000000000,-25.878648766327,-29.104728707123,0.000000000000,50.478271484375
959,0.021746031746,69,80.000000000000,0.000000000000,0.000000000000,-25.878648766327,-24.744905480194,0.000000000000,79.748352050781
960,0.021768707483,69,80.000000000000,0.000000000000,0.000000000000,-25.878648766327,-21.212747582245,0.000000000000,21.284807205200
961,0.021791383220,69,80.000000000000,0.000000000000,0.000000000000,-25.878648766327,-19.411346443939,0.000000000000,66.610610961914
962,0.021814058957,69,80.000000000000,0.000000000000,0.000000000000,-25.878648766327,-18.633119591522,0.000000000000,82.457542419434
963,0.021836734694,69,80.000000000000,0.000000000000,0.000000000000,-25.878648766327,-18.296848305512,0.000000000000,36.073852539062
964,0.021859410431,69,80.000000000000,0.000000000000,0.000000000000,-25.878648766327,-18.144338616181,0.000000000000,-9.393678665161
965,0.021882086168,69,80.000000000000,0.000000000000,0.000000000000,-25.878648766327,-18.077399262238,0.000000000000,-33.102096557617
966,0.021904761905,69,80.000000000000,0.000000000000,0.000000000000,-25.878648766327,-18.056054123688,0.000000000000,-41.651123046875
967,0.021927437642,69,80.000000000000,0.000000000000,0.000000000000,-25.878648766327,-18.062067040253,0.000000000000,-43.669937133789
968,0.021950113379,69,80.000000000000,0.000000000000,0.000000000000,-25.878648766327,-18.086481102753,0.000000000000,-43.906471252441
969,0.021972789116,69,80.000000000000,0.000000000000,0.000000000000,-25.878648766327,-18.124347695160,0.000000000000,-42.128334045410
970,0.021995464853,69,80.000000000000,0.000000000000,0.000000000000,-25.878648766327,-18.172141083527,0.000000000000,-47.227081298828
971,0.022018140590,69,80.000000000000,0.000000000000,0.000000000000,-25.878648766327,-18.227353104401,0.000000000000,-28.501010894775
972,0.022040816327,69,80.000000000000,0.000000000000,0.000000000000,-25.878648766327,-18.284710892487,0.000000000000,-64.865753173828
973,0.022063492063,69,80.000000000000,0.000000000000,0.000000000000,-25.878648766327,-18.344807156372,0.000000000000,-32.000892639160
974,0.022086167800,69,80.000000000000,0.000000000000,0.000000000000,-25.878648766327,-18.512704857636,0.000000000000,-31.945110321045
975,0.022108843537,69,80.000000000000,0.000000000000,0.000000000000,-25.878648766327,-17.674488076019,0.000000000000,-75.093902587891
976,0.022131519274,69,80.000000000000,0.000000000000,0.000000000000,-25.878648766327,-21.006758698273,0.000000000000,-110.878982543945
977,0.022154195011,69,80.000000000000,0.000000000000,0.000000000000,-25.878648766327,-17.713518151093,0.000000000000,-127.391227722168
978,0.022176870748,69,80.000000000000,0.000000000000,0.000000000000,-25.878648766327,-10.792264946747,0.000000000000,-134.125122070312
979,0.022199546485,69,80.000000000000,0.000000000000,0.000000000000,-25.878648766327,-5.693181999970,0.000000000000,-129.391754150391
980,0.022222222222,69,80.000000000000,0.000000000000,0.000000000000,-25.878648766327,-3.646936425018,0.000000000000,-139.599884033203
981,0.022244897959,69,80.000000000000,0.000000000000,0.000000000000,-25.878648766327,-3.541940697479,0.000000000000,-125.366058349609
982,0.022267573696,69,80.000000000000,0.000000000000,0.000000000000,-25.878648766327,-4.229442604828,0.000000000000,-121.157707214355
983,0.022290249433,69,80.000000000000,0.000000000000,0.000000000000,-25.878648766327,-5.143449791718,0.000000000000,-131.744232177734
984,0.022312925170,69,80.000000000000,0.000000000000,0.000000000000,-25.878648766327,-6.101854332733,0.000000000000,-143.170181274414
985,0.022335600907,69,80.000000000000,0.000000000000,0.000000000000,-25.878648766327,-7.066205986786,0.000000000000,-149.136154174805
986,0.022358276644,69,80.000000000000,0.000000000000,0.000000000000,-25.878648766327,-8.031787880707,0.000000000000,-150.436767578125
987,0.022380952381,69,80.000000000000,0.000000000000,0.000000000000,-25.878648766327,-8.996282585907,0.000000000000,-149.199920654297
988,0.022403628118,69,80.000000000000,0.000000000000,0.000000000000,-25.878648766327,-9.955026634979,0.000000000000,-146.913635253906
989,0.022426303855,69,80.000000000000,0.000000000000,0.000000000000,-25.878648766327,-10.902262696076,0.000000000000,-143.568695068359
990,0.022448979592,69,80.000000000000,0.000000000000,0.000000000000,-25.878648766327,-11.832719811249,0.000000000000,-143.204467773438
991,0.022471655329,69,80.000000000000,0.000000000000,0.000000000000,-25.878648766327,-12.744604119110,0.000000000000,-129.269927978516
992,0.022494331066,69,80.000000000000,0.000000000000,0.000000000000,-25.878648766327,-13.613348969269,0.000000000000,-157.718460083008
993,0.022517006803,69,80.000000000000,0.000000000000,0.000000000000,-25.878648766327,-14.612848290253,0.000000000000,-96.845642089844
994,0.022539682540,69,80.000000000000,0.000000000000,0.000000000000,-25.878648766327,-14.639874466705,0.000000000000,-134.036407470703
995,0.022562358277,69,80.000000000000,0.000000000000,0.000000000000,-25.878648766327,-18.794723042298,0.000000000000,-151.689392089844
996,0.022585034014,69,80.000000000000,0.000000000000,0.000000000000,-25.878648766327,-10.947599419403,0.000000000000,-107.026214599609
997,0.022607709751,69,80.000000000000,0.000000000000,0.000000000000,-25.878648766327,-20.600669869232,0.000000000000,-58.064952850342
998,0.022630385488,69,80.000000000000,0.000000000000,0.000000000000,-25.878648766327,-16.192469605255,0.000000000000,-29.593341827393
999,0.022653061224,69,80.000000000000,0.000000000000,0.000000000000,-25.878648766327,-7.068222054291,0.000000000000,-16.251737594604
1000,0.022675736961,69,80.000000000000,0.000000000000,0.000000000000,-25.878648766327,-2.658689507294,0.000000000000,-11.956336975098
1001,0.022698412698,69,80.000000000000,0.000000000000,0.000000000000,-25.878648766327,-1.233442314911,0.000000000000,-8.503454208374
1002,0.022721088435,69,80.000000000000,0.000000000000,0.000000000000,-25.878648766327,-0.836092003632,0.000000000000,-4.343299865723
1003,0.022743764172,69,80.000000000000,0.000000000000,0.000000000000,-25.878648766327,-0.768993386078,0.000000000000,-4.449442863464
1004,0.022766439909,69,80.000000000000,0.000000000000,0.000000000000,-25.878648766327,-0.828271874237,0.000000000000,-6.747083663940
1005,0.022789115646,69,80.000000000000,0.000000000000,0.000000000000,-25.878648766327,-0.937898644257,0.000000000000,-8.123766899109
1006,0.022811791383,69,80.000000000000,0.000000000000,0.000000000000,-25.878648766327,-1.061008461762,0.000000000000,-7.919450759888
1007,0.022834467120,69,80.000000000000,0.000000000000,0.000000000000,-25.878648766327,-1.179449089813,0.000000000000,-6.704114913940
1008,0.022857142857,69,80.000000000000,0.000000000000,0.000000000000,-25.878648766327,-1.286046990204,0.000000000000,-5.071289062500
1009,0.022879818594,69,80.000000000000,0.000000000000,0.000000000000,-25.878648766327,-1.380157479096,0.000000000000,-3.228852272034
1010,0.022902494331,69,80.000000000000,0.000000000000,0.000000000000,-25.878648766327,-1.464550026703,0.000000000000,-1.901683807373
1011,0.022925170068,69,80.000000000000,0.000000000000,0.000000000000,-25.878648766327,-1.543622978974,0.000000000000,1.580712318420
1012,0.022947845805,69,80.000000000000,0.000000000000,0.000000000000,-25.878648766327,-1.614297875214,0.000000000000,-2.377698898315
1013,0.022970521542,69,80.000000000000,0.000000000000,0.000000000000,-25.878648766327,-1.753536232758,0.000000000000,10.643149375916
1014,0.022993197279,69,80.000000000000,0.000000000000,0.000000000000,-25.878648766327,-1.399415978241,0.000000000000,0.481045722961
1015,0.023015873016,69,80.000000000000,0.000000000000,0.000000000000,-25.878648766327,-4.026681908417,0.000000000000,-2.010571956635
1016,0.023038548753,69,80.000000000000,0.137516378134,0.000069696444,-25.879688194733,6.147226325226,0.054264857338,10.418006896973
1017,0.023061224490,69,80.000000000000,0.669389511920,0.000000000000,-25.884747828232,-20.942301216935,0.000000000000,24.837537765503
1018,0.023083900227,69,80.000000000000,0.480192083919,0.000120039426,-25.888377398028,10.587477360977,0.071215628500,34.543277740479
1019,0.023106575964,69,80.000000000000,4.625627558856,0.000237917474,-25.923340569296,0.025628693288,0.100259729110,37.559783935547
1020,0.023129251701,69,80.000000000000,2.317395578494,0.000000000000,-25.940856786821,-36.470182995551,0.000000000000,45.089340209961
1021,0.023151927438,69,80.000000000000,0.000000000000,0.000000000000,-25.940856786821,-58.717517706010,0.000000000000,34.766059875488
1022,0.023174603175,69,80.000000000000,0.000000000000,0.000000000000,-25.940856786821,-67.244243475053,0.000000000000,37.060798645020
1023,0.023197278912,69,80.000000000000,0.000000000000,0.000000000000,-25.940856786821,-69.226562353227,0.000000000000,55.535148620605
1024,0.023219954649,69,80.000000000000,0.000000000000,0.000000000000,-25.940856786821,-69.324672552202,0.000000000000,71.078163146973
1025,0.023242630385,69,80.000000000000,0.000000000000,0.000000000000,-25.940856786821,-69.055465551469,0.000000000000,77.196685791016
1026,0.023265306122,69,80.000000000000,0.000000000000,0.000000000000,-25.940856786821,-68.746234747026,0.000000000000,77.191482543945
1027,0.023287981859,69,80.000000000000,0.000000000000,0.000000000000,-25.940856786821,-68.424995275590,0.000000000000,74.865585327148
1028,0.023310657596,69,80.000000000000,0.000000000000,0.000000000000,-25.940856786821,-68.076213689897,0.000000000000,72.033805847168
1029,0.023333333333,69,80.000000000000,0.000000000000,0.000000000000,-25.940856786821,-67.691879125688,0.000000000000,69.240242004395
1030,0.023356009070,69,80.000000000000,0.000000000000,0.000000000000,-25.940856786821,-67.274059148881,0.000000000000,66.469604492188
1031,0.023378684807,69,80.000000000000,0.000000000000,0.000000000000,-25.940856786821,-66.829559179399,0.000000000000,64.012397766113
1032,0.023401360544,69,80.000000000000,0.000000000000,0.000000000000,-25.940856786821,-66.364391180131,0.000000000000,60.741394042969
1033,0.023424036281,69,80.000000000000,0.000000000000,0.000000000000,-25.940856786821,-65.895583959672,0.000000000000,59.158115386963
1034,0.023446712018,69,80.000000000000,0.000000000000,0.000000000000,-25.940856786821,-65.319694372270,0.000000000000,56.108169555664
1035,0.023469387755,69,80.000000000000,0.000000000000,0.000000000000,-25.940856786821,-65.385776373002,0.000000000000,51.393646240234
1036,0.023492063492,69,80.000000000000,0.000000000000,0.000000000000,-25.940856786821,-61.997978063676,0.000000000000,50.436611175537
1037,0.023514739229,69,80.000000000000,0.000000000000,0.000000000000,-25.940856786821,-71.602237554643,0.000000000000,52.192718505859
1038,0.023537414966,69,80.000000000000,0.000000000000,0.000000000000,-25.940856786821,-49.092170568559,0.000000000000,51.314704895020
1039,0.023560090703,69,80.000000000000,0.000000000000,0.000000000000,-25.940856786821,-67.306304784868,0.000000000000,56.977676391602
1040,0.023582766440,69,80.000000000000,0.000000000000,0.000000000000,-25.940856786821,-71.702026220415,0.000000000000,35.442424774170
1041,0.023605442177,69,80.000000000000,0.000000000000,0.000000000000,-25.940856786821,-56.542171331499,0.000000000000,69.979820251465
1042,0.023628117914,69,80.000000000000,0.000000000000,0.000000000000,-25.940856786821,-44.030889364335,0.000000000000,38.986900329590
1043,0.023650793651,69,80.000000000000,0.000000000000,0.000000000000,-25.940856786821,-38.420576902482,0.000000000000,31.901027679443
1044,0.023673469388,69,80.000000000000,0.000000000000,0.000000000000,-25.940856786821,-36.398487897966,0.000000000000,70.330101013184
1045,0.023696145125,69,80.000000000000,0.000000000000,0.000000000000,-25.940856786821,-35.468021246049,0.000000000000,105.424972534180
1046,0.023718820862,69,80.000000000000,0.000000000000,0.000000000000,-25.940856786821,-34.727858396623,0.000000000000,122.520629882812
1047,0.023741496599,69,80.000000000000,0.000000000000,0.000000000000,-25.940856786821,-33.988406034563,0.000000000000,127.320007324219
1048,0.023764172336,69,80.000000000000,0.000000000000,0.000000000000,-25.940856786821,-33.250820966813,0.000000000000,126.749893188477
1049,0.023786848073,69,80.000000000000,0.000000000000,0.000000000000,-25.940856786821,-32.539313169572,0.000000000000,124.400642395020
1050,0.023809523810,69,80.000000000000,0.000000000000,0.000000000000,-25.940856786821,-31.867231222246,0.000000000000,121.649810791016
1051,0.023832199546,69,80.000000000000,0.000000000000,0.000000000000,-25.940856786821,-31.237343641374,0.000000000000,118.424209594727
1052,0.023854875283,69,80.000000000000,0.000000000000,0.000000000000,-25.940856786821,-30.646803709123,0.000000000000,117.457336425781
1053,0.023877551020,69,80.000000000000,0.000000000000,0.000000000000,-25.940856786821,-30.092867704484,0.000000000000,108.568672180176
1054,0.023900226757,69,80.000000000000,0.000000000000,0.000000000000,-25.940856786821,-29.557560773942,0.000000000000,116.163711547852
1055,0.023922902494,69,80.000000000000,0.000000000000,0.000000000000,-25.940856786821,-29.138117643449,0.000000000000,112.700927734375
1056,0.023945578231,69,80.000000000000,0.000000000000,0.000000000000,-25.940856786821,-28.269963117692,0.000000000000,92.262817382812
1057,0.023968253968,69,80.000000000000,0.000000000000,0.000000000000,-25.940856786821,-29.322634550188,0.000000000000,73.175613403320
1058,0.023990929705,69,80.000000000000,0.000000000000,0.000000000000,-25.940856786821,-25.239066930864,0.000000000000,62.323745727539
1059,0.024013605442,69,80.000000000000,0.000000000000,0.000000000000,-25.940856786821,-29.230523916337,0.000000000000,61.834484100342
1060,0.024036281179,69,80.000000000000,0.000000000000,0.000000000000,-25.940856786821,-29.515847059343,0.000000000000,48.527515411377
1061,0.024058956916,69,80.000000000000,0.000000000000,0.000000000000,-25.940856786821,-25.542858930681,0.000000000000,81.764396667480
1062,0.024081632653,69,80.000000000000,0.000000000000,0.000000000000,-25.940856786821,-21.825462194536,0.000000000000,24.602199554443
1063,0.024104308390,69,80.000000000000,0.000000000000,0.000000000000,-25.940856786821,-19.761107297990,0.000000000000,58.200225830078
1064,0.024126984127,69,80.000000000000,0.000000000000,0.000000000000,-25.940856786821,-18.829448553178,0.000000000000,83.478233337402
1065,0.024149659864,69,80.000000000000,0.000000000000,0.000000000000,-25.940856786821,-18.424899908159,0.000000000000,46.322082519531
1066,0.024172335601,69,80.000000000000,0.000000000000,0.000000000000,-25.940856786821,-18.243047567460,0.000000000000,-0.071780204773
1067,0.024195011338,69,80.000000000000,0.000000000000,0.000000000000,-25.940856786821,-18.162173124406,0.000000000000,-28.070362091064
1068,0.024217687075,69,80.000000000000,0.000000000000,0.000000000000,-25.940856786821,-18.133254858110,0.000000000000,-39.694477081299
1069,0.024240362812,69,80.000000000000,0.000000000000,0.000000000000,-25.940856786821,-18.134597631547,0.000000000000,-43.080093383789
1070,0.024263038549,69,80.000000000000,0.000000000000,0.000000000000,-25.940856786821,-18.155780645463,0.000000000000,-43.951873779297
1071,0.024285714286,69,80.000000000000,0.000000000000,0.000000000000,-25.940856786821,-18.191264959428,0.000000000000,-41.670188903809
1072,0.024308390023,69,80.000000000000,0.000000000000,0.000000000000,-25.940856786821,-18.237256857011,0.000000000000,-48.583431243896
1073,0.024331065760,69,80.000000000000,0.000000000000,0.000000000000,-25.940856786821,-18.291352125261,0.000000000000,-27.164352416992
1074,0.024353741497,69,80.000000000000,0.000000000000,0.000000000000,-25.940856786821,-18.348296972368,0.000000000000,-63.203781127930
1075,0.024376417234,69,80.000000000000,0.000000000000,0.000000000000,-25.940856786821,-18.397984357927,0.000000000000,-37.333114624023
1076,0.024399092971,69,80.000000000000,0.000000000000,0.000000000000,-25.940856786821,-18.639145704362,0.000000000000,-28.633598327637
1077,0.024421768707,69,80.000000000000,0.000000000000,0.000000000000,-25.940856786821,-17.572921606157,0.000000000000,-65.712554931641
1078,0.024444444444,69,80.000000000000,0.000000000000,0.000000000000,-25.940856786821,-20.975504728410,0.000000000000,-103.436576843262
1079,0.024467120181,69,80.000000000000,0.000000000000,0.000000000000,-25.940856786821,-18.643216940019,0.000000000000,-123.497451782227
1080,0.024489795918,69,80.000000000000,0.000000000000,0.000000000000,-25.940856786821,-12.025076719377,0.000000000000,-133.135986328125
1081,0.024512471655,69,80.000000000000,0.000000000000,0.000000000000,-25.940856786821,-6.535945745561,0.000000000000,-128.591964721680
1082,0.024535147392,69,80.000000000000,0.000000000000,0.000000000000,-25.940856786821,-4.009551855180,0.000000000000,-139.365463256836
1083,0.024557823129,69,80.000000000000,0.000000000000,0.000000000000,-25.940856786821,-3.616075368974,0.000000000000,-127.452095031738
1084,0.024580498866,69,80.000000000000,0.000000000000,0.000000000000,-25.940856786821,-4.186145635698,0.000000000000,-120.833526611328
1085,0.024603174603,69,80.000000000000,0.000000000000,0.000000000000,-25.940856786821,-5.064819189165,0.000000000000,-129.106887817383
1086,0.024625850340,69,80.000000000000,0.000000000000,0.000000000000,-25.940856786821,-6.014552923295,0.000000000000,-140.619201660156
1087,0.024648526077,69,80.000000000000,0.000000000000,0.000000000000,-25.940856786821,-6.976196142290,0.000000000000,-147.716918945312
1088,0.024671201814,69,80.000000000000,0.000000000000,0.000000000000,-25.940856786821,-7.940097662065,0.000000000000,-149.988357543945
1089,0.024693877551,69,80.000000000000,0.000000000000,0.000000000000,-25.940856786821,-8.903568121049,0.000000000000,-149.290237426758
1090,0.024716553288,69,80.000000000000,0.000000000000,0.000000000000,-25.940856786821,-9.862247320268,0.000000000000,-147.329589843750
1091,0.024739229025,69,80.000000000000,0.000000000000,0.000000000000,-25.940856786821,-10.810487600419,0.000000000000,-143.778274536133
1092,0.024761904762,69,80.000000000000,0.000000000000,0.000000000000,-25.940856786821,-11.742673727128,0.000000000000,-144.639923095703
1093,0.024784580499,69,80.000000000000,0.000000000000,0.000000000000,-25.940856786821,-12.658737035844,0.000000000000,-127.775123596191
1094,0.024807256236,69,80.000000000000,0.000000000000,0.000000000000,-25.940856786821,-13.519043775651,0.000000000000,-159.949996948242
1095,0.024829931973,69,80.000000000000,0.000000000000,0.000000000000,-25.940856786821,-14.586097570512,0.000000000000,-101.276718139648
1096,0.024852607710,69,80.000000000000,0.000000000000,0.000000000000,-25.940856786821,-14.364229055498,0.000000000000,-126.552856445312
1097,0.024875283447,69,80.000000000000,0.000000000000,0.000000000000,-25.940856786821,-19.055302473161,0.000000000000,-152.197662353516
1098,0.024897959184,69,80.000000000000,0.000000000000,0.000000000000,-25.940856786821,-11.054551931474,0.000000000000,-117.175819396973
1099,0.024920634921,69,80.000000000000,0.000000000000,0.000000000000,-25.940856786821,-19.694861742113,0.000000000000,-68.163917541504
1100,0.024943310658,69,80.000000000000,0.000000000000,0.000000000000,-25.940856786821,-17.355476232622,0.000000000000,-35.704109191895
1101,0.024965986395,69,80.000000000000,0.000000000000,0.000000000000,-25.940856786821,-8.491931768510,0.000000000000,-19.075296401978
1102,0.024988662132,69,80.000000000000,0.000000000000,0.000000000000,-25.940856786821,-3.400710912797,0.000000000000,-13.137018203735
1103,0.025011337868,69,80.000000000000,0.000000000000,0.000000000000,-25.940856786821,-1.551874013994,0.000000000000,-9.478092193604
1104,0.025034013605,69,80.000000000000,0.000000000000,0.000000000000,-25.940856786821,-0.998105856035,0.000000000000,-4.990530014038
1105,0.025056689342,69,80.000000000000,0.000000000000,0.000000000000,-25.940856786821,-0.877868505571,0.000000000000,-4.296136856079
1106,0.025079365079,69,80.000000000000,0.000000000000,0.000000000000,-25.940856786821,-0.916980596635,0.000000000000,-6.291323661804
1107,0.025102040816,69,80.000000000000,0.000000000000,0.000000000000,-25.940856786821,-1.018998952959,0.000000000000,-7.891761779785
1108,0.025124716553,69,80.000000000000,0.000000000000,0.000000000000,-25.940856786821,-1.140413137529,0.000000000000,-8.011648178101
1109,0.025147392290,69,80.000000000000,0.000000000000,0.000000000000,-25.940856786821,-1.259937139604,0.000000000000,-7.005767822266
1110,0.025170068027,69,80.000000000000,0.000000000000,0.000000000000,-25.940856786821,-1.368594976518,0.000000000000,-5.478013038635
1111,0.025192743764,69,80.000000000000,0.000000000000,0.000000000000,-25.940856786821,-1.464706274126,0.000000000000,-3.612200737000
1112,0.025215419501,69,80.000000000000,0.000000000000,0.000000000000,-25.940856786821,-1.550481649492,0.000000000000,-2.482308387756
1113,0.025238095238,69,80.000000000000,0.000000000000,0.000000000000,-25.940856786821,-1.630830617998,0.000000000000,1.546537399292
1114,0.025260770975,69,80.000000000000,0.000000000000,0.000000000000,-25.940856786821,-1.696189733598,0.000000000000,-3.217500686646
1115,0.025283446712,69,80.000000000000,0.000000000000,0.000000000000,-25.940856786821,-1.871223302934,0.000000000000,9.838593482971
1116,0.025306122449,69,80.000000000000,0.000000000000,0.000000000000,-25.940856786821,-1.315240713212,0.000000000000,2.003549575806
1117,0.025328798186,69,80.000000000000,0.000000000000,0.000000000000,-25.940856786821,-4.702966543291,0.000000000000,-2.595626831055
1118,0.025351473923,69,80.000000000000,0.192314400651,0.000080638031,-25.942310410409,7.112274316695,0.058369142544,7.427073478699
1119,0.025374149660,69,80.000000000000,0.933856483838,0.000000000000,-25.949369038404,-20.831880826877,0.000000000000,21.677482604980
1120,0.025396825397,69,80.000000000000,0.208211948124,0.000083471311,-25.950942824860,7.362169657885,0.059385712954,32.627944946289
1121,0.025419501134,69,80.000000000000,2.777997828751,0.000211542312,-25.971940540875,4.027464152649,0.094539212311,36.078044891357
1122,0.025442176871,69,80.000000000000,2.673882572005,0.000000000000,-25.992151293498,-30.966517311476,0.000000000000,44.910827636719
1123,0.025464852608,69,80.000000000000,0.000000000000,0.000000000000,-25.992151293498,-55.335779223185,0.000000000000,35.907230377197
1124,0.025487528345,69,80.000000000000,0.000000000000,0.000000000000,-25.992151293498,-65.993883166056,0.000000000000,35.163578033447
1125,0.025510204082,69,80.000000000000,0.000000000000,0.000000000000,-25.992151293498,-68.919717821818,0.000000000000,51.410499572754
1126,0.025532879819,69,80.000000000000,0.000000000000,0.000000000000,-25.992151293498,-69.297948870402,0.000000000000,67.907722473145
1127,0.025555555556,69,80.000000000000,0.000000000000,0.000000000000,-25.992151293498,-69.087453875285,0.000000000000,75.911361694336
1128,0.025578231293,69,80.000000000000,0.000000000000,0.000000000000,-25.992151293498,-68.787366900187,0.000000000000,77.136032104492
1129,0.025600907029,69,80.000000000000,0.000000000000,0.000000000000,-25.992151293498,-68.470476183635,0.000000000000,75.306427001953
1130,0.025623582766,69,80.000000000000,0.000000000000,0.000000000000,-25.992151293498,-68.127992663127,0.000000000000,72.598571777344
1131,0.025646258503,69,80.000000000000,0.000000000000,0.000000000000,-25.992151293498,-67.750799212199,0.000000000000,69.818473815918
1132,0.025668934240,69,80.000000000000,0.000000000000,0.000000000000,-25.992151293498,-67.339494738322,0.000000000000,67.013740539551
1133,0.025691609977,69,80.000000000000,0.000000000000,0.000000000000,-25.992151293498,-66.900381121379,0.000000000000,64.607704162598
1134,0.025714285714,69,80.000000000000,0.000000000000,0.000000000000,-25.992151293498,-66.438459429484,0.000000000000,61.275939941406
1135,0.025736961451,69,80.000000000000,0.000000000000,0.000000000000,-25.992151293498,-65.980314287883,0.000000000000,59.602745056152
1136,0.025759637188,69,80.000000000000,0.000000000000,0.000000000000,-25.992151293498,-65.361219439250,0.000000000000,56.921535491943
1137,0.025782312925,69,80.000000000000,0.000000000000,0.000000000000,-25.992151293498,-65.650171313029,0.000000000000,52.127147674561
1138,0.025804988662,69,80.000000000000,0.000000000000,0.000000000000,-25.992151293498,-61.551843676310,0.000000000000,50.403381347656
1139,0.025827664399,69,80.000000000000,0.000000000000,0.000000000000,-25.992151293498,-72.368406328898,0.000000000000,52.016571044922
1140,0.025850340136,69,80.000000000000,0.000000000000,0.000000000000,-25.992151293498,-50.001527819377,0.000000000000,50.621894836426
1141,0.025873015873,69,80.000000000000,0.000000000000,0.000000000000,-25.992151293498,-64.953516039592,0.000000000000,58.496036529541
1142,0.025895691610,69,80.000000000000,0.000000000000,0.000000000000,-25.992151293498,-72.242593798381,0.000000000000,34.668724060059
1143,0.025918367347,69,80.000000000000,0.000000000000,0.000000000000,-25.992151293498,-59.070413622599,0.000000000000,68.354232788086
1144,0.025941043084,69,80.000000000000,0.000000000000,0.000000000000,-25.992151293498,-45.913042101603,0.000000000000,44.332618713379
1145,0.025963718821,69,80.000000000000,0.000000000000,0.000000000000,-25.992151293498,-39.295027765971,0.000000000000,29.955762863159
1146,0.025986394558,69,80.000000000000,0.000000000000,0.000000000000,-25.992151293498,-36.762923273783,0.000000000000,61.807811737061
1147,0.026009070295,69,80.000000000000,0.000000000000,0.000000000000,-25.992151293498,-35.675512346965,0.000000000000,98.100288391113
1148,0.026031746032,69,80.000000000000,0.000000000000,0.000000000000,-25.992151293498,-34.907020601970,0.000000000000,118.777206420898
1149,0.026054421769,69,80.000000000000,0.000000000000,0.000000000000,-25.992151293498,-34.166703257304,0.000000000000,126.099861145020
1150,0.026077097506,69,80.000000000000,0.000000000000,0.000000000000,-25.992151293498,-33.428037676554,0.000000000000,126.700958251953
1151,0.026099773243,69,80.000000000000,0.000000000000,0.000000000000,-25.992151293498,-32.711911234599,0.000000000000,124.762298583984
1152,0.026122448980,69,80.000000000000,0.000000000000,0.000000000000,-25.992151293498,-32.033343348246,0.000000000000,122.178382873535
1153,0.026145124717,69,80.000000000000,0.000000000000,0.000000000000,-25.992151293498,-31.396721873027,0.000000000000,118.760665893555
1154,0.026167800454,69,80.000000000000,0.000000000000,0.000000000000,-25.992151293498,-30.799850496989,0.000000000000,118.375968933105
1155,0.026190476190,69,80.000000000000,0.000000000000,0.000000000000,-25.992151293498,-30.241380724650,0.000000000000,108.892639160156
1156,0.026213151927,69,80.000000000000,0.000000000000,0.000000000000,-25.992151293498,-29.694959673625,0.000000000000,115.266921997070
1157,0.026235827664,69,80.000000000000,0.000000000000,0.000000000000,-25.992151293498,-29.301787409526,0.000000000000,114.719284057617
1158,0.026258503401,69,80.000000000000,0.000000000000,0.000000000000,-25.992151293498,-28.323998484355,0.000000000000,96.751785278320
1159,0.026281179138,69,80.000000000000,0.000000000000,0.000000000000,-25.992151293498,-29.587488207560,0.000000000000,77.099304199219
1160,0.026303854875,69,80.000000000000,0.000000000000,0.000000000000,-25.992151293498,-25.405961069804,0.000000000000,64.046859741211
1161,0.026326530612,69,80.000000000000,0.000000000000,0.000000000000,-25.992151293498,-28.854867014628,0.000000000000,63.562831878662
1162,0.026349206349,69,80.000000000000,0.000000000000,0.000000000000,-25.992151293498,-29.807334933024,0.000000000000,46.643856048584
1163,0.026371882086,69,80.000000000000,0.000000000000,0.000000000000,-25.992151293498,-26.296554598552,0.000000000000,83.045654296875
1164,0.026394557823,69,80.000000000000,0.000000000000,0.000000000000,-25.992151293498,-22.463084254008,0.000000000000,28.961778640747
1165,0.026417233560,69,80.000000000000,0.000000000000,0.000000000000,-25.992151293498,-20.140228304606,0.000000000000,50.984016418457
1166,0.026439909297,69,80.000000000000,0.000000000000,0.000000000000,-25.992151293498,-19.038050684672,0.000000000000,82.437850952148
1167,0.026462585034,69,80.000000000000,0.000000000000,0.000000000000,-25.992151293498,-18.552602801066,0.000000000000,55.142448425293
1168,0.026485260771,69,80.000000000000,0.000000000000,0.000000000000,-25.992151293498,-18.335515055400,0.000000000000,9.594293594360
1169,0.026507936508,69,80.000000000000,0.000000000000,0.000000000000,-25.992151293498,-18.238288912516,0.000000000000,-22.134435653687
1170,0.026530612245,69,80.000000000000,0.000000000000,0.000000000000,-25.992151293498,-18.200789484721,0.000000000000,-37.088989257812
1171,0.026553287982,69,80.000000000000,0.000000000000,0.000000000000,-25.992151293498,-18.196996721965,0.000000000000,-42.163677215576
1172,0.026575963719,69,80.000000000000,0.000000000000,0.000000000000,-25.992151293498,-18.214713129741,0.000000000000,-43.938365936279
1173,0.026598639456,69,80.000000000000,0.000000000000,0.000000000000,-25.992151293498,-18.247675928813,0.000000000000,-41.065383911133
1174,0.026621315193,69,80.000000000000,0.000000000000,0.000000000000,-25.992151293498,-18.291747126323,0.000000000000,-49.972221374512
1175,0.026643990930,69,80.000000000000,0.000000000000,0.000000000000,-25.992151293498,-18.344583544474,0.000000000000,-26.274173736572
1176,0.026666666667,69,80.000000000000,0.000000000000,0.000000000000,-25.992151293498,-18.401948961955,0.000000000000,-60.820533752441
1177,0.026689342404,69,80.000000000000,0.000000000000,0.000000000000,-25.992151293498,-18.435303244334,0.000000000000,-42.075965881348
1178,0.026712018141,69,80.000000000000,0.000000000000,0.000000000000,-25.992151293498,-18.764740977031,0.000000000000,-27.045475006104
1179,0.026734693878,69,80.000000000000,0.000000000000,0.000000000000,-25.992151293498,-17.480361971598,0.000000000000,-57.194740295410
1180,0.026757369615,69,80.000000000000,0.000000000000,0.000000000000,-25.992151293498,-20.853443178874,0.000000000000,-95.518981933594
1181,0.026780045351,69,80.000000000000,0.000000000000,0.000000000000,-25.992151293498,-19.434488329631,0.000000000000,-118.787681579590
1182,0.026802721088,69,80.000000000000,0.000000000000,0.000000000000,-25.992151293498,-13.235755953532,0.000000000000,-131.650039672852
1183,0.026825396825,69,80.000000000000,0.000000000000,0.000000000000,-25.992151293498,-7.442049059611,0.000000000000,-127.665969848633
1184,0.026848072562,69,80.000000000000,0.000000000000,0.000000000000,-25.992151293498,-4.436355623942,0.000000000000,-138.788742065430
1185,0.026870748299,69,80.000000000000,0.000000000000,0.000000000000,-25.992151293498,-3.722387346965,0.000000000000,-129.416336059570
1186,0.026893424036,69,80.000000000000,0.000000000000,0.000000000000,-25.992151293498,-4.149494204264,0.000000000000,-121.044860839844
1187,0.026916099773,69,80.000000000000,0.000000000000,0.000000000000,-25.992151293498,-4.980869326335,0.000000000000,-126.843490600586
1188,0.026938775510,69,80.000000000000,0.000000000000,0.000000000000,-25.992151293498,-5.918008837443,0.000000000000,-137.999908447266
1189,0.026961451247,69,80.000000000000,0.000000000000,0.000000000000,-25.992151293498,-6.876010927897,0.000000000000,-146.048034667969
1190,0.026984126984,69,80.000000000000,0.000000000000,0.000000000000,-25.992151293498,-7.838026079875,0.000000000000,-149.329742431641
1191,0.027006802721,69,80.000000000000,0.000000000000,0.000000000000,-25.992151293498,-8.800319704753,0.000000000000,-149.249450683594
1192,0.027029478458,69,80.000000000000,0.000000000000,0.000000000000,-25.992151293498,-9.758747133952,0.000000000000,-147.715881347656
1193,0.027052154195,69,80.000000000000,0.000000000000,0.000000000000,-25.992151293498,-10.707817110759,0.000000000000,-143.864974975586
1194,0.027074829932,69,80.000000000000,0.000000000000,0.000000000000,-25.992151293498,-11.641433748942,0.000000000000,-146.226806640625
1195,0.027097505669,69,80.000000000000,0.000000000000,0.000000000000,-25.992151293498,-12.562507662516,0.000000000000,-126.304595947266
1196,0.027120181406,69,80.000000000000,0.000000000000,0.000000000000,-25.992151293498,-13.409286532145,0.000000000000,-161.374374389648
1197,0.027142857143,69,80.000000000000,0.000000000000,0.000000000000,-25.992151293498,-14.561874422770,0.000000000000,-106.606010437012
1198,0.027165532880,69,80.000000000000,0.000000000000,0.000000000000,-25.992151293498,-14.058109316569,0.000000000000,-120.423164367676
1199,0.027188208617,69,80.000000000000,0.000000000000,0.000000000000,-25.992151293498,-19.259039435130,0.000000000000,-150.848312377930
1200,0.027210884354,69,80.000000000000,0.000000000000,0.000000000000,-25.992151293498,-11.259429964762,0.000000000000,-125.776786804199
1201,0.027233560091,69,80.000000000000,0.000000000000,0.000000000000,-25.992151293498,-18.862786326152,0.000000000000,-78.438873291016
1202,0.027256235828,69,80.000000000000,0.000000000000,0.000000000000,-25.992151293498,-18.279986891490,0.000000000000,-42.676399230957
1203,0.027278911565,69,80.000000000000,0.000000000000,0.000000000000,-25.992151293498,-9.913303408366,0.000000000000,-22.601684570312
1204,0.027301587302,69,80.000000000000,0.000000000000,0.000000000000,-25.992151293498,-4.232746157389,0.000000000000,-14.638157844543
1205,0.027324263039,69,80.000000000000,0.000000000000,0.000000000000,-25.992151293498,-1.920496020060,0.000000000000,-10.545158386230
1206,0.027346938776,69,80.000000000000,0.000000000000,0.000000000000,-25.992151293498,-1.172941241008,0.000000000000,-5.769514083862
1207,0.027369614512,69,80.000000000000,0.000000000000,0.000000000000,-25.992151293498,-0.984231981974,0.000000000000,-4.296371459961
1208,0.027392290249,69,80.000000000000,0.000000000000,0.000000000000,-25.992151293498,-0.997903856974,0.000000000000,-5.874771118164
1209,0.027414965986,69,80.000000000000,0.000000000000,0.000000000000,-25.992151293498,-1.090259585124,0.000000000000,-7.604325294495
1210,0.027437641723,69,80.000000000000,0.000000000000,0.000000000000,-25.992151293498,-1.209043535929,0.000000000000,-8.033777236938
1211,0.027460317460,69,80.000000000000,0.000000000000,0.000000000000,-25.992151293498,-1.329225573283,0.000000000000,-7.260025024414
1212,0.027482993197,69,80.000000000000,0.000000000000,0.000000000000,-25.992151293498,-1.439819369059,0.000000000000,-5.868344306946
1213,0.027505668934,69,80.000000000000,0.000000000000,0.000000000000,-25.992151293498,-1.537969622355,0.000000000000,-3.972027778625
1214,0.027528344671,69,80.000000000000,0.000000000000,0.000000000000,-25.992151293498,-1.625192675334,0.000000000000,-3.095138549805
1215,0.027551020408,69,80.000000000000,0.000000000000,0.000000000000,-25.992151293498,-1.707405123454,0.000000000000,1.519348144531
1216,0.027573696145,69,80.000000000000,0.000000000000,0.000000000000,-25.992151293498,-1.764581713420,0.000000000000,-3.935972213745
1217,0.027596371882,69,80.000000000000,0.000000000000,0.000000000000,-25.992151293498,-1.991090807658,0.000000000000,8.793898582458
1218,0.027619047619,69,80.000000000000,0.000000000000,0.000000000000,-25.992151293498,-1.179054293376,0.000000000000,3.383446693420
1219,0.027641723356,69,80.000000000000,0.000000000000,0.000000000000,-25.992151293498,-5.424987826091,0.000000000000,-2.680415153503
1220,0.027664399093,69,80.000000000000,0.249638534774,0.000090323489,-25.994038206081,7.966531720418,0.061775135821,4.846107482910
1221,0.027687074830,69,80.000000000000,1.209503798351,0.000000000000,-26.003180336076,-20.353390035816,0.000000000000,18.473731994629
1222,0.027709750567,69,80.000000000000,0.059743338059,0.000048505510,-26.003631910816,4.278186012190,0.045269833355,30.512615203857
1223,0.027732426304,69,80.000000000000,1.441614515074,0.000175449394,-26.014528467997,6.945170928610,0.086097252640,34.392639160156
1224,0.027755102041,69,80.000000000000,2.590542923780,0.000000000000,-26.034109291306,-25.374065369640,0.000000000000,44.380512237549
1225,0.027777777778,69,80.000000000000,0.000000000000,0.000000000000,-26.034109291306,-51.563642677537,0.000000000000,37.123394012451
1226,0.027800453515,69,80.000000000000,0.000000000000,0.000000000000,-26.034109291306,-64.423082527390,0.000000000000,33.908302307129
1227,0.027823129252,69,80.000000000000,0.000000000000,0.000000000000,-26.034109291306,-68.466753181687,0.000000000000,47.579063415527
1228,0.027845804989,69,80.000000000000,0.000000000000,0.000000000000,-26.034109291306,-69.220258888474,0.000000000000,64.470321655273
1229,0.027868480726,69,80.000000000000,0.000000000000,0.000000000000,-26.034109291306,-69.100805458298,0.000000000000,74.226425170898
1230,0.027891156463,69,80.000000000000,0.000000000000,0.000000000000,-26.034109291306,-68.817335304490,0.000000000000,76.820915222168
1231,0.027913832200,69,80.000000000000,0.000000000000,0.000000000000,-26.034109291306,-68.505598243943,0.000000000000,75.637619018555
1232,0.027936507937,69,80.000000000000,0.000000000000,0.000000000000,-26.034109291306,-68.169187721482,0.000000000000,73.131637573242
1233,0.027959183673,69,80.000000000000,0.000000000000,0.000000000000,-26.034109291306,-67.799066719285,0.000000000000,70.394325256348
1234,0.027981859410,69,80.000000000000,0.000000000000,0.000000000000,-26.034109291306,-67.394411262742,0.000000000000,67.555709838867
1235,0.028004535147,69,80.000000000000,0.000000000000,0.000000000000,-26.034109291306,-66.960981544724,0.000000000000,65.200790405273
1236,0.028027210884,69,80.000000000000,0.000000000000,0.000000000000,-26.034109291306,-66.501871284714,0.000000000000,61.829399108887
1237,0.028049886621,69,80.000000000000,0.000000000000,0.000000000000,-26.034109291306,-66.058218178025,0.000000000000,60.022937774658
1238,0.028072562358,69,80.000000000000,0.000000000000,0.000000000000,-26.034109291306,-65.379438575974,0.000000000000,57.684604644775
1239,0.028095238095,69,80.000000000000,0.000000000000,0.000000000000,-26.034109291306,-65.939001259080,0.000000000000,52.939880371094
1240,0.028117913832,69,80.000000000000,0.000000000000,0.000000000000,-26.034109291306,-61.072488960496,0.000000000000,50.491577148438
1241,0.028140589569,69,80.000000000000,0.000000000000,0.000000000000,-26.034109291306,-72.983923134080,0.000000000000,51.943897247314
1242,0.028163265306,69,80.000000000000,0.000000000000,0.000000000000,-26.034109291306,-51.141798195115,0.000000000000,49.767284393311
1243,0.028185941043,69,80.000000000000,0.000000000000,0.000000000000,-26.034109291306,-62.814592537156,0.000000000000,59.947708129883
1244,0.028208616780,69,80.000000000000,0.000000000000,0.000000000000,-26.034109291306,-72.339883980027,0.000000000000,34.329078674316
1245,0.028231292517,69,80.000000000000,0.000000000000,0.000000000000,-26.034109291306,-61.404916939011,0.000000000000,66.091041564941
1246,0.028253968254,69,80.000000000000,0.000000000000,0.000000000000,-26.034109291306,-47.913438972703,0.000000000000,49.062866210938
1247,0.028276643991,69,80.000000000000,0.000000000000,0.000000000000,-26.034109291306,-40.308378395310,0.000000000000,29.609153747559
1248,0.028299319728,69,80.000000000000,0.000000000000,0.000000000000,-26.034109291306,-37.190922912827,0.000000000000,54.278968811035
1249,0.028321995465,69,80.000000000000,0.000000000000,0.000000000000,-26.034109291306,-35.896240410081,0.000000000000,90.411239624023
1250,0.028344671202,69,80.000000000000,0.000000000000,0.000000000000,-26.034109291306,-35.081047233811,0.000000000000,114.273117065430
1251,0.028367346939,69,80.000000000000,0.000000000000,0.000000000000,-26.034109291306,-34.335904297104,0.000000000000,124.337127685547
1252,0.028390022676,69,80.000000000000,0.000000000000,0.000000000000,-26.034109291306,-33.596199211350,0.000000000000,126.389816284180
1253,0.028412698413,69,80.000000000000,0.000000000000,0.000000000000,-26.034109291306,-32.875964340439,0.000000000000,125.018997192383
1254,0.028435374150,69,80.000000000000,0.000000000000,0.000000000000,-26.034109291306,-32.191163238755,0.000000000000,122.695480346680
1255,0.028458049887,69,80.000000000000,0.000000000000,0.000000000000,-26.034109291306,-31.547835525742,0.000000000000,119.056724548340
1256,0.028480725624,69,80.000000000000,0.000000000000,0.000000000000,-26.034109291306,-30.944450554124,0.000000000000,119.263900756836
1257,0.028503401361,69,80.000000000000,0.000000000000,0.000000000000,-26.034109291306,-30.381833252183,0.000000000000,109.435684204102
1258,0.028526077098,69,80.000000000000,0.000000000000,0.000000000000,-26.034109291306,-29.821875747910,0.000000000000,114.281387329102
1259,0.028548752834,69,80.000000000000,0.000000000000,0.000000000000,-26.034109291306,-29.462106880417,0.000000000000,116.088111877441
1260,0.028571428571,69,80.000000000000,0.000000000000,0.000000000000,-26.034109291306,-28.363548454514,0.000000000000,100.870819091797
1261,0.028594104308,69,80.000000000000,0.000000000000,0.000000000000,-26.034109291306,-29.827898201218,0.000000000000,81.268257141113
1262,0.028616780045,69,80.000000000000,0.000000000000,0.000000000000,-26.034109291306,-25.615476783982,0.000000000000,66.058982849121
1263,0.028639455782,69,80.000000000000,0.000000000000,0.000000000000,-26.034109291306,-28.477378067246,0.000000000000,65.718132019043
1264,0.028662131519,69,80.000000000000,0.000000000000,0.000000000000,-26.034109291306,-29.986399826279,0.000000000000,44.972629547119
1265,0.028684807256,69,80.000000000000,0.000000000000,0.000000000000,-26.034109291306,-26.995043930283,0.000000000000,83.530334472656
1266,0.028707482993,69,80.000000000000,0.000000000000,0.000000000000,-26.034109291306,-23.118964370957,0.000000000000,34.057273864746
1267,0.028730158730,69,80.000000000000,0.000000000000,0.000000000000,-26.034109291306,-20.550540146103,0.000000000000,45.143722534180
1268,0.028752834467,69,80.000000000000,0.000000000000,0.000000000000,-26.034109291306,-19.263179001084,0.000000000000,79.751937866211
1269,0.028775510204,69,80.000000000000,0.000000000000,0.000000000000,-26.034109291306,-18.683422264329,0.000000000000,62.319129943848
1270,0.028798185941,69,80.000000000000,0.000000000000,0.000000000000,-26.034109291306,-18.424204048386,0.000000000000,19.275569915771
1271,0.028820861678,69,80.000000000000,0.000000000000,0.000000000000,-26.034109291306,-18.307702240220,0.000000000000,-15.387754440308
1272,0.028843537415,69,80.000000000000,0.000000000000,0.000000000000,-26.034109291306,-18.260392364731,0.000000000000,-33.780048370361
1273,0.028866213152,69,80.000000000000,0.000000000000,0.000000000000,-26.034109291306,-18.250919517747,0.000000000000,-40.841602325439
1274,0.028888888889,69,80.000000000000,0.000000000000,0.000000000000,-26.034109291306,-18.264899429551,0.000000000000,-43.830902099609
1275,0.028911564626,69,80.000000000000,0.000000000000,0.000000000000,-26.034109291306,-18.295180496445,0.000000000000,-40.305027008057
1276,0.028934240363,69,80.000000000000,0.000000000000,0.000000000000,-26.034109291306,-18.337216552964,0.000000000000,-51.316493988037
1277,0.028956916100,69,80.000000000000,0.000000000000,0.000000000000,-26.034109291306,-18.388564285508,0.000000000000,-25.890682220459
1278,0.028979591837,69,80.000000000000,0.000000000000,0.000000000000,-26.034109291306,-18.447638687363,0.000000000000,-57.903190612793
1279,0.029002267574,69,80.000000000000,0.000000000000,0.000000000000,-26.034109291306,-18.457816776505,0.000000000000,-46.091712951660
1280,0.029024943311,69,80.000000000000,0.000000000000,0.000000000000,-26.034109291306,-18.888580497971,0.000000000000,-26.924705505371
1281,0.029047619048,69,80.000000000000,0.000000000000,0.000000000000,-26.034109291306,-17.404890236130,0.000000000000,-49.763328552246
1282,0.029070294785,69,80.000000000000,0.000000000000,0.000000000000,-26.034109291306,-20.656639274827,0.000000000000,-87.375213623047
1283,0.029092970522,69,80.000000000000,0.000000000000,0.000000000000,-26.034109291306,-20.085949596634,0.000000000000,-113.309173583984
1284,0.029115646259,69,80.000000000000,0.000000000000,0.000000000000,-26.034109291306,-14.407350715867,0.000000000000,-129.589630126953
1285,0.029138321995,69,80.000000000000,0.000000000000,0.000000000000,-26.034109291306,-8.403001960984,0.000000000000,-126.578598022461
1286,0.029160997732,69,80.000000000000,0.000000000000,0.000000000000,-26.034109291306,-4.930502113572,0.000000000000,-137.876342773438
1287,0.029183673469,69,80.000000000000,0.000000000000,0.000000000000,-26.034109291306,-3.867681679001,0.000000000000,-131.159729003906
1288,0.029206349206,69,80.000000000000,0.000000000000,0.000000000000,-26.034109291306,-4.124885734788,0.000000000000,-121.703918457031
1289,0.029229024943,69,80.000000000000,0.000000000000,0.000000000000,-26.034109291306,-4.894926246873,0.000000000000,-125.009452819824
1290,0.029251700680,69,80.000000000000,0.000000000000,0.000000000000,-26.034109291306,-5.814378914109,0.000000000000,-135.398483276367
1291,0.029274376417,69,80.000000000000,0.000000000000,0.000000000000,-26.034109291306,-6.767378029099,0.000000000000,-144.161529541016
1292,0.029297052154,69,80.000000000000,0.000000000000,0.000000000000,-26.034109291306,-7.727186378708,0.000000000000,-148.452148437500
1293,0.029319727891,69,80.000000000000,0.000000000000,0.000000000000,-26.034109291306,-8.688144859543,0.000000000000,-149.054565429688
1294,0.029342403628,69,80.000000000000,0.000000000000,0.000000000000,-26.034109291306,-9.646131691208,0.000000000000,-148.067916870117
1295,0.029365079365,69,80.000000000000,0.000000000000,0.000000000000,-26.034109291306,-10.595867332688,0.000000000000,-143.810684204102
1296,0.029387755102,69,80.000000000000,0.000000000000,0.000000000000,-26.034109291306,-11.530534919968,0.000000000000,-147.933868408203
1297,0.029410430839,69,80.000000000000,0.000000000000,0.000000000000,-26.034109291306,-12.457828697434,0.000000000000,-124.971733093262
1298,0.029433106576,69,80.000000000000,0.000000000000,0.000000000000,-26.034109291306,-13.284740623704,0.000000000000,-161.941284179688
1299,0.029455782313,69,80.000000000000,0.000000000000,0.000000000000,-26.034109291306,-14.542401489487,0.000000000000,-112.511779785156
1300,0.029478458050,69,80.000000000000,0.000000000000,0.000000000000,-26.034109291306,-13.728601631394,0.000000000000,-115.778259277344
1301,0.029501133787,69,80.000000000000,0.000000000000,0.000000000000,-26.034109291306,-19.398886379471,0.000000000000,-148.072616577148
1302,0.029523809524,69,80.000000000000,0.000000000000,0.000000000000,-26.034109291306,-11.541378196946,0.000000000000,-132.666183471680
1303,0.029546485261,69,80.000000000000,0.000000000000,0.000000000000,-26.034109291306,-18.094303783646,0.000000000000,-88.561050415039
1304,0.029569160998,69,80.000000000000,0.000000000000,0.000000000000,-26.034109291306,-18.980925735703,0.000000000000,-50.388496398926
1305,0.029591836735,69,80.000000000000,0.000000000000,0.000000000000,-26.034109291306,-11.303852257004,0.000000000000,-26.875255584717
1306,0.029614512472,69,80.000000000000,0.000000000000,0.000000000000,-26.034109291306,-5.147939857712,0.000000000000,-16.541257858276
1307,0.029637188209,69,80.000000000000,0.000000000000,0.000000000000,-26.034109291306,-2.347120460740,0.000000000000,-11.741600036621
1308,0.029659863946,69,80.000000000000,0.000000000000,0.000000000000,-26.034109291306,-1.367517647019,0.000000000000,-6.676204681396
1309,0.029682539683,69,80.000000000000,0.000000000000,0.000000000000,-26.034109291306,-1.091936287156,0.000000000000,-4.457710266113
1310,0.029705215420,69,80.000000000000,0.000000000000,0.000000000000,-26.034109291306,-1.073452171555,0.000000000000,-5.523518562317
1311,0.029727891156,69,80.000000000000,0.000000000000,0.000000000000,-26.034109291306,-1.153589424363,0.000000000000,-7.279264450073
1312,0.029750566893,69,80.000000000000,0.000000000000,0.000000000000,-26.034109291306,-1.268612083665,0.000000000000,-7.987954139709
1313,0.029773242630,69,80.000000000000,0.000000000000,0.000000000000,-26.034109291306,-1.388954338303,0.000000000000,-7.460815429688
1314,0.029795918367,69,80.000000000000,0.000000000000,0.000000000000,-26.034109291306,-1.501310524216,0.000000000000,-6.238531112671
1315,0.029818594104,69,80.000000000000,0.000000000000,0.000000000000,-26.034109291306,-1.601526436082,0.000000000000,-4.302636146545
1316,0.029841269841,69,80.000000000000,0.000000000000,0.000000000000,-26.034109291306,-1.690200981370,0.000000000000,-3.735312461853
1317,0.029863945578,69,80.000000000000,0.000000000000,0.000000000000,-26.034109291306,-1.775112327805,0.000000000000,1.479698181152
1318,0.029886621315,69,80.000000000000,0.000000000000,0.000000000000,-26.034109291306,-1.820043739548,0.000000000000,-4.512119293213
1319,0.029909297052,69,80.000000000000,0.000000000000,0.000000000000,-26.034109291306,-2.117437538376,0.000000000000,7.555242538452
1320,0.029931972789,69,80.000000000000,0.000000000000,0.000000000000,-26.034109291306,-0.990596946946,0.000000000000,4.545326232910
1321,0.029954648526,69,80.000000000000,0.000000000000,0.000000000000,-26.034109291306,-6.178835090867,0.000000000000,-2.355733871460
1322,0.029977324263,69,80.000000000000,0.304036666094,0.000098406623,-26.036407376462,8.679464164504,0.064480073119,2.721582412720
1323,0.030000000000,69,80.000000000000,1.470227478422,0.000000000000,-26.047520206987,-19.543059862775,0.000000000000,15.309842109680
1324,0.030022675737,69,80.000000000000,0.004252090187,0.000015374349,-26.047552346746,1.356017543258,0.025486589156,28.228754043579
1325,0.030045351474,69,80.000000000000,0.612173934911,0.000131405941,-26.052179511787,8.879883912274,0.074511079780,32.527080535889
1326,0.030068027211,69,80.000000000000,2.125123149529,0.000004367420,-26.068242422970,-19.827651628851,0.013583941990,43.480476379395
1327,0.030090702948,69,80.000000000000,0.000000000000,0.000000000000,-26.068242422970,-47.455251089962,0.000000000000,38.292495727539
1328,0.030113378685,69,80.000000000000,0.000000000000,0.000000000000,-26.068242422970,-62.516873709591,0.000000000000,33.235534667969
1329,0.030136054422,69,80.000000000000,0.000000000000,0.000000000000,-26.068242422970,-67.843354575070,0.000000000000,44.138076782227
1330,0.030158730159,69,80.000000000000,0.000000000000,0.000000000000,-26.068242422970,-69.079369894894,0.000000000000,60.868804931641
1331,0.030181405896,69,80.000000000000,0.000000000000,0.000000000000,-26.068242422970,-69.092309348019,0.000000000000,72.159271240234
1332,0.030204081633,69,80.000000000000,0.000000000000,0.000000000000,-26.068242422970,-68.836526266964,0.000000000000,76.214378356934
1333,0.030226757370,69,80.000000000000,0.000000000000,0.000000000000,-26.068242422970,-68.531743399533,0.000000000000,75.827117919922
1334,0.030249433107,69,80.000000000000,0.000000000000,0.000000000000,-26.068242422970,-68.201333395870,0.000000000000,73.615516662598
1335,0.030272108844,69,80.000000000000,0.000000000000,0.000000000000,-26.068242422970,-67.838200919064,0.000000000000,70.961753845215
1336,0.030294784580,69,80.000000000000,0.000000000000,0.000000000000,-26.068242422970,-67.440289847287,0.000000000000,68.094940185547
1337,0.030317460317,69,80.000000000000,0.000000000000,0.000000000000,-26.068242422970,-67.012879721554,0.000000000000,65.789054870605
1338,0.030340136054,69,80.000000000000,0.000000000000,0.000000000000,-26.068242422970,-66.555863730343,0.000000000000,62.402976989746
1339,0.030362811791,69,80.000000000000,0.000000000000,0.000000000000,-26.068242422970,-66.131760947140,0.000000000000,60.428421020508
1340,0.030385487528,69,80.000000000000,0.000000000000,0.000000000000,-26.068242422970,-65.373799673947,0.000000000000,58.388862609863
1341,0.030408163265,69,80.000000000000,0.000000000000,0.000000000000,-26.068242422970,-66.253079764279,0.000000000000,53.808605194092
1342,0.030430839002,69,80.000000000000,0.000000000000,0.000000000000,-26.068242422970,-60.577180258663,0.000000000000,50.692226409912
1343,0.030453514739,69,80.000000000000,0.000000000000,0.000000000000,-26.068242422970,-73.433926932247,0.000000000000,52.004779815674
1344,0.030476190476,69,80.000000000000,0.000000000000,0.000000000000,-26.068242422970,-52.469645850094,0.000000000000,48.783683776855
1345,0.030498866213,69,80.000000000000,0.000000000000,0.000000000000,-26.068242422970,-60.910344473751,0.000000000000,61.262165069580
1346,0.030521541950,69,80.000000000000,0.000000000000,0.000000000000,-26.068242422970,-71.889897696408,0.000000000000,34.462890625000
1347,0.030544217687,69,80.000000000000,0.000000000000,0.000000000000,-26.068242422970,-63.493665091427,0.000000000000,63.374324798584
1348,0.030566893424,69,80.000000000000,0.000000000000,0.000000000000,-26.068242422970,-49.996861807736,0.000000000000,53.066703796387
1349,0.030589569161,69,80.000000000000,0.000000000000,0.000000000000,-26.068242422970,-41.463178984555,0.000000000000,31.056135177612
1350,0.030612244898,69,80.000000000000,0.000000000000,0.000000000000,-26.068242422970,-37.695446364315,0.000000000000,47.930366516113
1351,0.030634920635,69,80.000000000000,0.000000000000,0.000000000000,-26.068242422970,-36.138937346371,0.000000000000,82.610382080078
1352,0.030657596372,69,80.000000000000,0.000000000000,0.000000000000,-26.068242422970,-35.254071585568,0.000000000000,109.074310302734
1353,0.030680272109,69,80.000000000000,0.000000000000,0.000000000000,-26.068242422970,-34.498088232907,0.000000000000,121.982589721680
1354,0.030702947846,69,80.000000000000,0.000000000000,0.000000000000,-26.068242422970,-33.756809584530,0.000000000000,125.756530761719
1355,0.030725623583,69,80.000000000000,0.000000000000,0.000000000000,-26.068242422970,-33.032912604245,0.000000000000,125.131980895996
1356,0.030748299320,69,80.000000000000,0.000000000000,0.000000000000,-26.068242422970,-32.342172018917,0.000000000000,123.186965942383
1357,0.030770975057,69,80.000000000000,0.000000000000,0.000000000000,-26.068242422970,-31.692202917965,0.000000000000,119.315368652344
1358,0.030793650794,69,80.000000000000,0.000000000000,0.000000000000,-26.068242422970,-31.082096449765,0.000000000000,120.091522216797
1359,0.030816326531,69,80.000000000000,0.000000000000,0.000000000000,-26.068242422970,-30.515895239743,0.000000000000,110.188659667969
1360,0.030839002268,69,80.000000000000,0.000000000000,0.000000000000,-26.068242422970,-29.939500204953,0.000000000000,113.308593750000
1361,0.030861678005,69,80.000000000000,0.000000000000,0.000000000000,-26.068242422970,-29.620694510372,0.000000000000,116.871505737305
1362,0.030884353741,69,80.000000000000,0.000000000000,0.000000000000,-26.068242422970,-28.392141692074,0.000000000000,104.526458740234
1363,0.030907029478,69,80.000000000000,0.000000000000,0.000000000000,-26.068242422970,-30.041241042050,0.000000000000,85.584045410156
1364,0.030929705215,69,80.000000000000,0.000000000000,0.000000000000,-26.068242422970,-25.865311018856,0.000000000000,68.324958801270
1365,0.030952380952,69,80.000000000000,0.000000000000,0.000000000000,-26.068242422970,-28.112470023068,0.000000000000,68.292648315430
1366,0.030975056689,69,80.000000000000,0.000000000000,0.000000000000,-26.068242422970,-30.062356345089,0.000000000000,43.660945892334
1367,0.030997732426,69,80.000000000000,0.000000000000,0.000000000000,-26.068242422970,-27.628977171810,0.000000000000,83.215240478516
1368,0.031020408163,69,80.000000000000,0.000000000000,0.000000000000,-26.068242422970,-23.785413138302,0.000000000000,39.576370239258
1369,0.031043083900,69,80.000000000000,0.000000000000,0.000000000000,-26.068242422970,-20.992695204647,0.000000000000,40.788055419922
1370,0.031065759637,69,80.000000000000,0.000000000000,0.000000000000,-26.068242422970,-19.508761755856,0.000000000000,75.397270202637
1371,0.031088435374,69,80.000000000000,0.000000000000,0.000000000000,-26.068242422970,-18.820894591244,0.000000000000,67.711883544922
1372,0.031111111111,69,80.000000000000,0.000000000000,0.000000000000,-26.068242422970,-18.511677138241,0.000000000000,28.645774841309
1373,0.031133786848,69,80.000000000000,0.000000000000,0.000000000000,-26.068242422970,-18.372375838192,0.000000000000,-7.971973896027
1374,0.031156462585,69,80.000000000000,0.000000000000,0.000000000000,-26.068242422970,-18.313772551449,0.000000000000,-29.742616653442
1375,0.031179138322,69,80.000000000000,0.000000000000,0.000000000000,-26.068242422970,-18.297962538632,0.000000000000,-39.037178039551
1376,0.031201814059,69,80.000000000000,0.000000000000,0.000000000000,-26.068242422970,-18.307892195614,0.000000000000,-43.585365295410
1377,0.031224489796,69,80.000000000000,0.000000000000,0.000000000000,-26.068242422970,-18.335319868954,0.000000000000,-39.384044647217
1378,0.031247165533,69,80.000000000000,0.000000000000,0.000000000000,-26.068242422970,-18.375210158261,0.000000000000,-52.533439636230
1379,0.031269841270,69,80.000000000000,0.000000000000,0.000000000000,-26.068242422970,-18.424718253048,0.000000000000,-26.038558959961
1380,0.031292517007,69,80.000000000000,0.000000000000,0.000000000000,-26.068242422970,-18.487292639645,0.000000000000,-54.647136688232
1381,0.031315192744,69,80.000000000000,0.000000000000,0.000000000000,-26.068242422970,-18.466774813565,0.000000000000,-49.279808044434
1382,0.031337868481,69,80.000000000000,0.000000000000,0.000000000000,-26.068242422970,-19.009218089016,0.000000000000,-28.449460983276
1383,0.031360544218,69,80.000000000000,0.000000000000,0.000000000000,-26.068242422970,-17.352931372555,0.000000000000,-43.595726013184
1384,0.031383219955,69,80.000000000000,0.000000000000,0.000000000000,-26.068242422970,-20.401490561398,0.000000000000,-79.263954162598
1385,0.031405895692,69,80.000000000000,0.000000000000,0.000000000000,-26.068242422970,-20.599162928494,0.000000000000,-107.152328491211
1386,0.031428571429,69,80.000000000000,0.000000000000,0.000000000000,-26.068242422970,-15.523999564083,0.000000000000,-126.895568847656
1387,0.031451247166,69,80.000000000000,0.000000000000,0.000000000000,-26.068242422970,-9.408583990963,0.000000000000,-125.285827636719
1388,0.031473922902,69,80.000000000000,0.000000000000,0.000000000000,-26.068242422970,-5.493518225582,0.000000000000,-136.639572143555
1389,0.031496598639,69,80.000000000000,0.000000000000,0.000000000000,-26.068242422970,-4.058335654171,0.000000000000,-132.598327636719
1390,0.031519274376,69,80.000000000000,0.000000000000,0.000000000000,-26.068242422970,-4.117921225460,0.000000000000,-122.707977294922
1391,0.031541950113,69,80.000000000000,0.000000000000,0.000000000000,-26.068242422970,-4.810572974118,0.000000000000,-123.634750366211
1392,0.031564625850,69,80.000000000000,0.000000000000,0.000000000000,-26.068242422970,-5.705924384030,0.000000000000,-132.899108886719
1393,0.031587301587,69,80.000000000000,0.000000000000,0.000000000000,-26.068242422970,-6.652015082272,0.000000000000,-142.100967407227
1394,0.031609977324,69,80.000000000000,0.000000000000,0.000000000000,-26.068242422970,-7.609147421749,0.000000000000,-147.355651855469
1395,0.031632653061,69,80.000000000000,0.000000000000,0.000000000000,-26.068242422970,-8.568589560421,0.000000000000,-148.683532714844
1396,0.031655328798,69,80.000000000000,0.000000000000,0.000000000000,-26.068242422970,-9.525948874386,0.000000000000,-148.380065917969
1397,0.031678004535,69,80.000000000000,0.000000000000,0.000000000000,-26.068242422970,-10.476203314694,0.000000000000,-143.601440429688
1398,0.031700680272,69,80.000000000000,0.000000000000,0.000000000000,-26.068242422970,-11.411426894100,0.000000000000,-149.715042114258
1399,0.031723356009,69,80.000000000000,0.000000000000,0.000000000000,-26.068242422970,-12.346612326535,0.000000000000,-123.885650634766
1400,0.031746031746,69,80.000000000000,0.000000000000,0.000000000000,-26.068242422970,-13.146024100216,0.000000000000,-161.654998779297
1401,0.031768707483,69,80.000000000000,0.000000000000,0.000000000000,-26.068242422970,-14.529260031613,0.000000000000,-118.672531127930
1402,0.031791383220,69,80.000000000000,0.000000000000,0.000000000000,-26.068242422970,-13.383663527401,0.000000000000,-112.699211120605
1403,0.031814058957,69,80.000000000000,0.000000000000,0.000000000000,-26.068242422970,-19.470220915707,0.000000000000,-143.858947753906
1404,0.031836734694,69,80.000000000000,0.000000000000,0.000000000000,-26.068242422970,-11.882489554318,0.000000000000,-137.727020263672
1405,0.031859410431,69,80.000000000000,0.000000000000,0.000000000000,-26.068242422970,-17.382905356320,0.000000000000,-98.211463928223
1406,0.031882086168,69,80.000000000000,0.000000000000,0.000000000000,-26.068242422970,-19.319016806515,0.000000000000,-58.673576354980
1407,0.031904761905,69,80.000000000000,0.000000000000,0.000000000000,-26.068242422970,-12.629988066586,0.000000000000,-31.907230377197
1408,0.031927437642,69,80.000000000000,0.000000000000,0.000000000000,-26.068242422970,-6.135911337765,0.000000000000,-18.923099517822
1409,0.031950113379,69,80.000000000000,0.000000000000,0.000000000000,-26.068242422970,-2.837861411007,0.000000000000,-13.114520072937
1410,0.031972789116,69,80.000000000000,0.000000000000,0.000000000000,-26.068242422970,-1.588883749874,0.000000000000,-7.712371826172
1411,0.031995464853,69,80.000000000000,0.000000000000,0.000000000000,-26.068242422970,-1.205226294430,0.000000000000,-4.784756660461
1412,0.032018140590,69,80.000000000000,0.000000000000,0.000000000000,-26.068242422970,-1.146184317501,0.000000000000,-5.261467933655
1413,0.032040816327,69,80.000000000000,0.000000000000,0.000000000000,-26.068242422970,-1.210917822750,0.000000000000,-6.936868667603
1414,0.032063492063,69,80.000000000000,0.000000000000,0.000000000000,-26.068242422970,-1.320817343624,0.000000000000,-7.879671096802
1415,0.032086167800,69,80.000000000000,0.000000000000,0.000000000000,-26.068242422970,-1.440709463986,0.000000000000,-7.603354454041
1416,0.032108843537,69,80.000000000000,0.000000000000,0.000000000000,-26.068242422970,-1.554602972897,0.000000000000,-6.584881782532
1417,0.032131519274,69,80.000000000000,0.000000000000,0.000000000000,-26.068242422970,-1.656882635983,0.000000000000,-4.598680496216
1418,0.032154195011,69,80.000000000000,0.000000000000,0.000000000000,-26.068242422970,-1.746949545773,0.000000000000,-4.394957542419
1419,0.032176870748,69,80.000000000000,0.000000000000,0.000000000000,-26.068242422970,-1.835725180538,0.000000000000,1.407611846924
1420,0.032199546485,69,80.000000000000,0.000000000000,0.000000000000,-26.068242422970,-1.862916342648,0.000000000000,-4.934241294861
1421,0.032222222222,69,80.000000000000,0.000000000000,0.000000000000,-26.068242422970,-2.254426352413,0.000000000000,6.177276611328
1422,0.032244897959,69,80.000000000000,0.000000000000,0.000000000000,-26.068242422970,-0.751189581784,0.000000000000,5.434375762939
1423,0.032267573696,69,80.000000000000,0.000000000000,0.000000000000,-26.068242422970,-6.947823874386,0.000000000000,-1.722213745117
1424,0.032290249433,69,80.000000000000,0.349921254908,0.000104608110,-26.070887330415,9.226435311405,0.066480769039,1.075319290161
1425,0.032312925170,69,80.000000000000,1.689553652078,0.000000000000,-26.083657955147,-18.436119691323,0.000000000000,12.266596794128
1426,0.032335600907,69,80.000000000000,0.000000000000,0.000000000000,-26.083657955147,-1.366733287788,0.000000000000,25.815200805664
1427,0.032358276644,69,80.000000000000,0.389462156461,0.000109592428,-26.086601735619,9.666052127861,0.068046161336,30.510738372803
1428,0.032380952381,69,80.000000000000,1.942876138445,0.000050225004,-26.101287118374,-14.726858381673,0.046065240894,42.211067199707
1429,0.032403628118,69,80.000000000000,0.000000000000,0.000000000000,-26.101287118374,-43.082112542568,0.000000000000,39.303447723389
1430,0.032426303855,69,80.000000000000,0.000000000000,0.000000000000,-26.101287118374,-60.274031869350,0.000000000000,33.061618804932
1431,0.032448979592,69,80.000000000000,0.000000000000,0.000000000000,-26.101287118374,-67.031054727016,0.000000000000,41.158878326416
1432,0.032471655329,69,80.000000000000,0.000000000000,0.000000000000,-26.101287118374,-68.866431466518,0.000000000000,57.210891723633
1433,0.032494331066,69,80.000000000000,0.000000000000,0.000000000000,-26.101287118374,-69.062663308559,0.000000000000,69.745048522949
1434,0.032517006803,69,80.000000000000,0.000000000000,0.000000000000,-26.101287118374,-68.850020638881,0.000000000000,75.293815612793
1435,0.032539682540,69,80.000000000000,0.000000000000,0.000000000000,-26.101287118374,-68.555358163296,0.000000000000,75.842521667480
1436,0.032562358277,69,80.000000000000,0.000000000000,0.000000000000,-26.101287118374,-68.231162301479,0.000000000000,74.029502868652
1437,0.032585034014,69,80.000000000000,0.000000000000,0.000000000000,-26.101287118374,-67.874934426723,0.000000000000,71.512107849121
1438,0.032607709751,69,80.000000000000,0.000000000000,0.000000000000,-26.101287118374,-67.483832589565,0.000000000000,68.630043029785
1439,0.032630385488,69,80.000000000000,0.000000000000,0.000000000000,-26.101287118374,-67.062850228725,0.000000000000,66.369705200195
1440,0.032653061224,69,80.000000000000,0.000000000000,0.000000000000,-26.101287118374,-66.606818429409,0.000000000000,62.996280670166
1441,0.032675736961,69,80.000000000000,0.000000000000,0.000000000000,-26.101287118374,-66.208747140346,0.000000000000,60.829437255859
1442,0.032698412698,69,80.000000000000,0.000000000000,0.000000000000,-26.101287118374,-65.349196664272,0.000000000000,59.030105590820
1443,0.032721088435,69,80.000000000000,0.000000000000,0.000000000000,-26.101287118374,-66.596972695766,0.000000000000,54.711410522461
1444,0.032743764172,69,80.000000000000,0.000000000000,0.000000000000,-26.101287118374,-60.089492074428,0.000000000000,50.990306854248
1445,0.032766439909,69,80.000000000000,0.000000000000,0.000000000000,-26.101287118374,-73.714293710171,0.000000000000,52.222129821777
1446,0.032789115646,69,80.000000000000,0.000000000000,0.000000000000,-26.101287118374,-53.948415032802,0.000000000000,47.714744567871
1447,0.032811791383,69,80.000000000000,0.000000000000,0.000000000000,-26.101287118374,-59.249720803676,0.000000000000,62.371906280518
1448,0.032834467120,69,80.000000000000,0.000000000000,0.000000000000,-26.101287118374,-71.125304452358,0.000000000000,35.076648712158
1449,0.032857142857,69,80.000000000000,0.000000000000,0.000000000000,-26.101287118374,-65.300402871547,0.000000000000,60.389183044434
1450,0.032879818594,69,80.000000000000,0.000000000000,0.000000000000,-26.101287118374,-52.129056207119,0.000000000000,56.270065307617
1451,0.032902494331,69,80.000000000000,0.000000000000,0.000000000000,-26.101287118374,-42.762284509121,0.000000000000,33.473052978516
1452,0.032925170068,69,80.000000000000,0.000000000000,0.000000000000,-26.101287118374,-38.293602219997,0.000000000000,42.930816650391
1453,0.032947845805,69,80.000000000000,0.000000000000,0.000000000000,-26.101287118374,-36.418262711941,0.000000000000,74.955970764160
1454,0.032970521542,69,80.000000000000,0.000000000000,0.000000000000,-26.101287118374,-35.436129800258,0.000000000000,103.285614013672
1455,0.032993197279,69,80.000000000000,0.000000000000,0.000000000000,-26.101287118374,-34.660856477199,0.000000000000,119.009277343750
1456,0.033015873016,69,80.000000000000,0.000000000000,0.000000000000,-26.101287118374,-33.916679612575,0.000000000000,124.743347167969
1457,0.033038548753,69,80.000000000000,0.000000000000,0.000000000000,-26.101287118374,-33.189432374416,0.000000000000,125.057296752930
1458,0.033061224490,69,80.000000000000,0.000000000000,0.000000000000,-26.101287118374,-32.493064156948,0.000000000000,123.632522583008
1459,0.033083900227,69,80.000000000000,0.000000000000,0.000000000000,-26.101287118374,-31.836563340603,0.000000000000,119.540206909180
1460,0.033106575964,69,80.000000000000,0.000000000000,0.000000000000,-26.101287118374,-31.219499818264,0.000000000000,120.832405090332
1461,0.033129251701,69,80.000000000000,0.000000000000,0.000000000000,-26.101287118374,-30.650481454311,0.000000000000,111.127586364746
1462,0.033151927438,69,80.000000000000,0.000000000000,0.000000000000,-26.101287118374,-30.054270974575,0.000000000000,112.435852050781
1463,0.033174603175,69,80.000000000000,0.000000000000,0.000000000000,-26.101287118374,-29.784186593471,0.000000000000,117.153999328613
1464,0.033197278912,69,80.000000000000,0.000000000000,0.000000000000,-26.101287118374,-28.418800584255,0.000000000000,107.650558471680
1465,0.033219954649,69,80.000000000000,0.000000000000,0.000000000000,-26.101287118374,-30.230768433986,0.000000000000,89.945587158203
1466,0.033242630385,69,80.000000000000,0.000000000000,0.000000000000,-26.101287118374,-26.157090417324,0.000000000000,70.798660278320
1467,0.033265306122,69,80.000000000000,0.000000000000,0.000000000000,-26.101287118374,-27.778357736049,0.000000000000,71.255287170410
1468,0.033287981859,69,80.000000000000,0.000000000000,0.000000000000,-26.101287118374,-30.051614991604,0.000000000000,42.847358703613
1469,0.033310657596,69,80.000000000000,0.000000000000,0.000000000000,-26.101287118374,-28.196138612209,0.000000000000,82.153495788574
1470,0.033333333333,69,80.000000000000,0.000000000000,0.000000000000,-26.101287118374,-24.459306947170,0.000000000000,45.220417022705
1471,0.033356009070,69,80.000000000000,0.000000000000,0.000000000000,-26.101287118374,-21.471435777126,0.000000000000,37.902217864990
1472,0.033378684807,69,80.000000000000,0.000000000000,0.000000000000,-26.101287118374,-19.783573380886,0.000000000000,70.337280273438
1473,0.033401360544,69,80.000000000000,0.000000000000,0.000000000000,-26.101287118374,-18.973869553982,0.000000000000,71.287895202637
1474,0.033424036281,69,80.000000000000,0.000000000000,0.000000000000,-26.101287118374,-18.605863801418,0.000000000000,37.397602081299
1475,0.033446712018,69,80.000000000000,0.000000000000,0.000000000000,-26.101287118374,-18.439591638027,0.000000000000,-0.069651603699
1476,0.033469387755,69,80.000000000000,0.000000000000,0.000000000000,-26.101287118374,-18.367892495571,0.000000000000,-24.985912322998
1477,0.033492063492,69,80.000000000000,0.000000000000,0.000000000000,-26.101287118374,-18.344967118679,0.000000000000,-36.681911468506
1478,0.033514739229,69,80.000000000000,0.000000000000,0.000000000000,-26.101287118374,-18.350478402553,0.000000000000,-43.149368286133
1479,0.033537414966,69,80.000000000000,0.000000000000,0.000000000000,-26.101287118374,-18.374856225429,0.000000000000,-38.300354003906
1480,0.033560090703,69,80.000000000000,0.000000000000,0.000000000000,-26.101287118374,-18.412506333767,0.000000000000,-53.539306640625
1481,0.033582766440,69,80.000000000000,0.000000000000,0.000000000000,-26.101287118374,-18.459669343410,0.000000000000,-26.706954956055
1482,0.033605442177,69,80.000000000000,0.000000000000,0.000000000000,-26.101287118374,-18.528060189663,0.000000000000,-51.243316650391
1483,0.033628117914,69,80.000000000000,0.000000000000,0.000000000000,-26.101287118374,-18.468945256649,0.000000000000,-51.630298614502
1484,0.033650793651,69,80.000000000000,0.000000000000,0.000000000000,-26.101287118374,-19.130136243282,0.000000000000,-30.798725128174
1485,0.033673469388,69,80.000000000000,0.000000000000,0.000000000000,-26.101287118374,-17.334507218776,0.000000000000,-38.788040161133
1486,0.033696145125,69,80.000000000000,0.000000000000,0.000000000000,-26.101287118374,-20.109614602505,0.000000000000,-71.441131591797
1487,0.033718820862,69,80.000000000000,0.000000000000,0.000000000000,-26.101287118374,-20.983773461757,0.000000000000,-100.446899414062
1488,0.033741496599,69,80.000000000000,0.000000000000,0.000000000000,-26.101287118374,-16.576611749111,0.000000000000,-123.533142089844
1489,0.033764172336,69,80.000000000000,0.000000000000,0.000000000000,-26.101287118374,-10.452448121486,0.000000000000,-123.737815856934
1490,0.033786848073,69,80.000000000000,0.000000000000,0.000000000000,-26.101287118374,-6.130498162685,0.000000000000,-135.091537475586
1491,0.033809523810,69,80.000000000000,0.000000000000,0.000000000000,-26.101287118374,-4.305396310268,0.000000000000,-133.664642333984
1492,0.033832199546,69,80.000000000000,0.000000000000,0.000000000000,-26.101287118374,-4.139609567104,0.000000000000,-123.945129394531
1493,0.033854875283,69,80.000000000000,0.000000000000,0.000000000000,-26.101287118374,-4.736920587002,0.000000000000,-122.723663330078
1494,0.033877551020,69,80.000000000000,0.000000000000,0.000000000000,-26.101287118374,-5.600331536709,0.000000000000,-130.579193115234
1495,0.033900226757,69,80.000000000000,0.000000000000,0.000000000000,-26.101287118374,-6.536948434292,0.000000000000,-139.919296264648
1496,0.033922902494,69,80.000000000000,0.000000000000,0.000000000000,-26.101287118374,-7.490727654873,0.000000000000,-146.049987792969
1497,0.033945578231,69,80.000000000000,0.000000000000,0.000000000000,-26.101287118374,-8.448424569546,0.000000000000,-148.116729736328
1498,0.033968253968,69,80.000000000000,0.000000000000,0.000000000000,-26.101287118374,-9.404965630947,0.000000000000,-148.645523071289
1499,0.033990929705,69,80.000000000000,0.000000000000,0.000000000000,-26.101287118374,-10.355618707119,0.000000000000,-143.228912353516
1500,0.034013605442,69,80.000000000000,0.000000000000,0.000000000000,-26.101287118374,-11.290755502163,0.000000000000,-151.511383056641
1501,0.034036281179,69,80.000000000000,0.000000000000,0.000000000000,-26.101287118374,-12.236043206631,0.000000000000,-123.143028259277
1502,0.034058956916,69,80.000000000000,0.000000000000,0.000000000000,-26.101287118374,-12.999049416958,0.000000000000,-160.570434570312
1503,0.034081632653,69,80.000000000000,0.000000000000,0.000000000000,-26.101287118374,-14.528631440578,0.000000000000,-124.788696289062
1504,0.034104308390,69,80.000000000000,0.000000000000,0.000000000000,-26.101287118374,-13.037152520595,0.000000000000,-111.093116760254
1505,0.034126984127,69,80.000000000000,0.000000000000,0.000000000000,-26.101287118374,-19.475887528835,0.000000000000,-139.152862548828
1506,0.034149659864,69,80.000000000000,0.000000000000,0.000000000000,-26.101287118374,-12.273843041836,0.000000000000,-141.007583618164
1507,0.034172335601,69,80.000000000000,0.000000000000,0.000000000000,-26.101287118374,-16.716446153103,0.000000000000,-107.103515625000
1508,0.034195011338,69,80.000000000000,0.000000000000,0.000000000000,-26.101287118374,-19.488774053036,0.000000000000,-67.328887939453
1509,0.034217687075,69,80.000000000000,0.000000000000,0.000000000000,-26.101287118374,-13.867730370937,0.000000000000,-37.672065734863
1510,0.034240362812,69,80.000000000000,0.000000000000,0.000000000000,-26.101287118374,-7.187796822964,0.000000000000,-21.849567413330
1511,0.034263038549,69,80.000000000000,0.000000000000,0.000000000000,-26.101287118374,-3.402049294887,0.000000000000,-14.718751907349
1512,0.034285714286,69,80.000000000000,0.000000000000,0.000000000000,-26.101287118374,-1.849303475796,0.000000000000,-8.886936187744
1513,0.034308390023,69,80.000000000000,0.000000000000,0.000000000000,-26.101287118374,-1.333968392788,0.000000000000,-5.280508041382
1514,0.034331065760,69,80.000000000000,0.000000000000,0.000000000000,-26.101287118374,-1.224131814419,0.000000000000,-5.109886169434
1515,0.034353741497,69,80.000000000000,0.000000000000,0.000000000000,-26.101287118374,-1.269484750210,0.000000000000,-6.599085807800
1516,0.034376417234,69,80.000000000000,0.000000000000,0.000000000000,-26.101287118374,-1.372613183437,0.000000000000,-7.717800140381
1517,0.034399092971,69,80.000000000000,0.000000000000,0.000000000000,-26.101287118374,-1.491328469692,0.000000000000,-7.684588432312
1518,0.034421768707,69,80.000000000000,0.000000000000,0.000000000000,-26.101287118374,-1.606461755214,0.000000000000,-6.903945922852
1519,0.034444444444,69,80.000000000000,0.000000000000,0.000000000000,-26.101287118374,-1.710784188686,0.000000000000,-4.855548858643
1520,0.034467120181,69,80.000000000000,0.000000000000,0.000000000000,-26.101287118374,-1.802081338344,0.000000000000,-5.063342094421
1521,0.034489795918,69,80.000000000000,0.000000000000,0.000000000000,-26.101287118374,-1.896321526943,0.000000000000,1.284189224243
1522,0.034512471655,69,80.000000000000,0.000000000000,0.000000000000,-26.101287118374,-1.898608437954,0.000000000000,-5.200415611267
1523,0.034535147392,69,80.000000000000,0.000000000000,0.000000000000,-26.101287118374,-2.411238900600,0.000000000000,4.718988418579
1524,0.034557823129,69,80.000000000000,0.000000000000,0.000000000000,-26.101287118374,-0.469189874111,0.000000000000,6.017457008362
1525,0.034580498866,69,80.000000000000,0.000000000000,0.000000000000,-26.101287118374,-7.718446008144,0.000000000000,-0.884077072144
1526,0.034603174603,69,80.000000000000,0.381837675800,0.000108654394,-26.104173268606,9.583317526402,0.067754321890,-0.094996452332
1527,0.034625850340,69,80.000000000000,1.851332692328,0.000021827671,-26.118166712993,-17.069467759321,0.030368060491,9.417864799500
1528,0.034648526077,69,80.000000000000,0.000000000000,0.000000000000,-26.118166712993,-3.909287242168,0.000000000000,23.316419601440
1529,0.034671201814,69,80.000000000000,0.402178374466,0.000111134082,-26.121206610003,9.802026005513,0.068523097942,28.377393722534
1530,0.034693877551,69,80.000000000000,2.288910165791,0.000104642591,-26.138507518286,-10.193448049429,0.066491724681,40.589595794678
1531,0.034716553288,69,80.000000000000,0.000000000000,0.000000000000,-26.138507518286,-38.522768649572,0.000000000000,40.060905456543
1532,0.034739229025,69,80.000000000000,0.000000000000,0.000000000000,-26.138507518286,-57.701150569433,0.000000000000,33.284587860107
1533,0.034761904762,69,80.000000000000,0.000000000000,0.000000000000,-26.138507518286,-66.011592540259,0.000000000000,38.684535980225
1534,0.034784580499,69,80.000000000000,0.000000000000,0.000000000000,-26.138507518286,-68.569526347632,0.000000000000,53.603054046631
1535,0.034807256236,69,80.000000000000,0.000000000000,0.000000000000,-26.138507518286,-69.009715709204,0.000000000000,67.034973144531
1536,0.034829931973,69,80.000000000000,0.000000000000,0.000000000000,-26.138507518286,-68.860820445532,0.000000000000,74.047813415527
1537,0.034852607710,69,80.000000000000,0.000000000000,0.000000000000,-26.138507518286,-68.581226024145,0.000000000000,75.653045654297
1538,0.034875283447,69,80.000000000000,0.000000000000,0.000000000000,-26.138507518286,-68.263896617407,0.000000000000,74.350173950195
1539,0.034897959184,69,80.000000000000,0.000000000000,0.000000000000,-26.138507518286,-67.914542827124,0.000000000000,72.033966064453
1540,0.034920634921,69,80.000000000000,0.000000000000,0.000000000000,-26.138507518286,-67.530269298071,0.000000000000,69.158454895020
1541,0.034943310658,69,80.000000000000,0.000000000000,0.000000000000,-26.138507518286,-67.116195353979,0.000000000000,66.939849853516
1542,0.034965986395,69,80.000000000000,0.000000000000,0.000000000000,-26.138507518286,-66.659579905981,0.000000000000,63.607284545898
1543,0.034988662132,69,80.000000000000,0.000000000000,0.000000000000,-26.138507518286,-66.295562419409,0.000000000000,61.235958099365
1544,0.035011337868,69,80.000000000000,0.000000000000,0.000000000000,-26.138507518286,-65.309421214575,0.000000000000,59.608093261719
1545,0.035034013605,69,80.000000000000,0.000000000000,0.000000000000,-26.138507518286,-66.972301158423,0.000000000000,55.628929138184
1546,0.035056689342,69,80.000000000000,0.000000000000,0.000000000000,-26.138507518286,-59.637492808813,0.000000000000,51.366165161133
1547,0.035079365079,69,80.000000000000,0.000000000000,0.000000000000,-26.138507518286,-73.689841899389,0.000000000000,52.609958648682
1548,0.035102040816,69,80.000000000000,0.000000000000,0.000000000000,-26.138507518286,-55.535981807226,0.000000000000,46.612880706787
1549,0.035124716553,69,80.000000000000,0.000000000000,0.000000000000,-26.138507518286,-57.853149089331,0.000000000000,63.217651367188
1550,0.035147392290,69,80.000000000000,0.000000000000,0.000000000000,-26.138507518286,-70.068710002417,0.000000000000,36.555755615234
1551,0.035170068027,69,80.000000000000,0.000000000000,0.000000000000,-26.138507518286,-66.803786906714,0.000000000000,57.308315277100
1552,0.035192743764,69,80.000000000000,0.000000000000,0.000000000000,-26.138507518286,-54.272658977026,0.000000000000,58.636207580566
1553,0.035215419501,69,80.000000000000,0.000000000000,0.000000000000,-26.138507518286,-44.202121409887,0.000000000000,36.671089172363
1554,0.035238095238,69,80.000000000000,0.000000000000,0.000000000000,-26.138507518286,-38.999421748633,0.000000000000,39.306850433350
1555,0.035260770975,69,80.000000000000,0.000000000000,0.000000000000,-26.138507518286,-36.747886332983,0.000000000000,67.692993164062
1556,0.035283446712,69,80.000000000000,0.000000000000,0.000000000000,-26.138507518286,-35.636459979529,0.000000000000,97.045661926270
1557,0.035306122449,69,80.000000000000,0.000000000000,0.000000000000,-26.138507518286,-34.830687198156,0.000000000000,115.416419982910
1558,0.035328798186,69,80.000000000000,0.000000000000,0.000000000000,-26.138507518286,-34.081261310095,0.000000000000,123.298767089844
1559,0.035351473923,69,80.000000000000,0.000000000000,0.000000000000,-26.138507518286,-33.350738200659,0.000000000000,124.747421264648
1560,0.035374149660,69,80.000000000000,0.000000000000,0.000000000000,-26.138507518286,-32.649059924597,0.000000000000,124.005294799805
1561,0.035396825397,69,80.000000000000,0.000000000000,0.000000000000,-26.138507518286,-31.986191424841,0.000000000000,119.734001159668
1562,0.035419501134,69,80.000000000000,0.000000000000,0.000000000000,-26.138507518286,-31.361882838720,0.000000000000,121.464767456055
1563,0.035442176871,69,80.000000000000,0.000000000000,0.000000000000,-26.138507518286,-30.791048678869,0.000000000000,112.216674804688
1564,0.035464852608,69,80.000000000000,0.000000000000,0.000000000000,-26.138507518286,-30.171194705481,0.000000000000,111.732635498047
1565,0.035487528345,69,80.000000000000,0.000000000000,0.000000000000,-26.138507518286,-29.957538280005,0.000000000000,117.034477233887
1566,0.035510204082,69,80.000000000000,0.000000000000,0.000000000000,-26.138507518286,-28.451268825049,0.000000000000,110.201988220215
1567,0.035532879819,69,80.000000000000,0.000000000000,0.000000000000,-26.138507518286,-30.399007472510,0.000000000000,94.254089355469
1568,0.035555555556,69,80.000000000000,0.000000000000,0.000000000000,-26.138507518286,-26.489895495886,0.000000000000,73.426300048828
1569,0.035578231293,69,80.000000000000,0.000000000000,0.000000000000,-26.138507518286,-27.490138682837,0.000000000000,74.552497863770
1570,0.035600907029,69,80.000000000000,0.000000000000,0.000000000000,-26.138507518286,-29.970612201208,0.000000000000,42.673934936523
1571,0.035623582766,69,80.000000000000,0.000000000000,0.000000000000,-26.138507518286,-28.694905910010,0.000000000000,80.044250488281
1572,0.035646258503,69,80.000000000000,0.000000000000,0.000000000000,-26.138507518286,-25.135682734961,0.000000000000,50.698608398438
1573,0.035668934240,69,80.000000000000,0.000000000000,0.000000000000,-26.138507518286,-21.988904628271,0.000000000000,36.439853668213
1574,0.035691609977,69,80.000000000000,0.000000000000,0.000000000000,-26.138507518286,-20.094422015661,0.000000000000,64.878639221191
1575,0.035714285714,69,80.000000000000,0.000000000000,0.000000000000,-26.138507518286,-19.149751338476,0.000000000000,73.133728027344
1576,0.035736961451,69,80.000000000000,0.000000000000,0.000000000000,-26.138507518286,-18.713366183752,0.000000000000,45.266029357910
1577,0.035759637188,69,80.000000000000,0.000000000000,0.000000000000,-26.138507518286,-18.515258464331,0.000000000000,8.106544494629
1578,0.035782312925,69,80.000000000000,0.000000000000,0.000000000000,-26.138507518286,-18.428303393835,0.000000000000,-19.555833816528
1579,0.035804988662,69,80.000000000000,0.000000000000,0.000000000000,-26.138507518286,-18.397318515295,0.000000000000,-33.721397399902
1580,0.035827664399,69,80.000000000000,0.000000000000,0.000000000000,-26.138507518286,-18.397982272619,0.000000000000,-42.463989257812
1581,0.035850340136,69,80.000000000000,0.000000000000,0.000000000000,-26.138507518286,-18.419086131567,0.000000000000,-37.053726196289
1582,0.035873015873,69,80.000000000000,0.000000000000,0.000000000000,-26.138507518286,-18.454420718664,0.000000000000,-54.232276916504
1583,0.035895691610,69,80.000000000000,0.000000000000,0.000000000000,-26.138507518286,-18.498543414587,0.000000000000,-28.255792617798
1584,0.035918367347,69,80.000000000000,0.000000000000,0.000000000000,-26.138507518286,-18.575585994238,0.000000000000,-47.890068054199
1585,0.035941043084,69,80.000000000000,0.000000000000,0.000000000000,-26.138507518286,-18.469922217840,0.000000000000,-53.136581420898
1586,0.035963718821,69,80.000000000000,0.000000000000,0.000000000000,-26.138507518286,-19.253205928320,0.000000000000,-33.789028167725
1587,0.035986394558,69,80.000000000000,0.000000000000,0.000000000000,-26.138507518286,-17.356584224218,0.000000000000,-35.337779998779
1588,0.036009070295,69,80.000000000000,0.000000000000,0.000000000000,-26.138507518286,-19.800763759131,0.000000000000,-64.139244079590
1589,0.036031746032,69,80.000000000000,0.000000000000,0.000000000000,-26.138507518286,-21.250588092322,0.000000000000,-93.354980468750
1590,0.036054421769,69,80.000000000000,0.000000000000,0.000000000000,-26.138507518286,-17.556521090979,0.000000000000,-119.496887207031
1591,0.036077097506,69,80.000000000000,0.000000000000,0.000000000000,-26.138507518286,-11.525763186926,0.000000000000,-121.883201599121
1592,0.036099773243,69,80.000000000000,0.000000000000,0.000000000000,-26.138507518286,-6.843383464331,0.000000000000,-133.244766235352
1593,0.036122448980,69,80.000000000000,0.000000000000,0.000000000000,-26.138507518286,-4.617725047583,0.000000000000,-134.308013916016
1594,0.036145124717,69,80.000000000000,0.000000000000,0.000000000000,-26.138507518286,-4.199599894995,0.000000000000,-125.299934387207
1595,0.036167800454,69,80.000000000000,0.000000000000,0.000000000000,-26.138507518286,-4.681926402563,0.000000000000,-122.255798339844
1596,0.036190476190,69,80.000000000000,0.000000000000,0.000000000000,-26.138507518286,-5.504018458838,0.000000000000,-128.505065917969
1597,0.036213151927,69,80.000000000000,0.000000000000,0.000000000000,-26.138507518286,-6.427823695654,0.000000000000,-137.675811767578
1598,0.036235827664,69,80.000000000000,0.000000000000,0.000000000000,-26.138507518286,-7.377299937719,0.000000000000,-144.555053710938
1599,0.036258503401,69,80.000000000000,0.000000000000,0.000000000000,-26.138507518286,-8.332957896704,0.000000000000,-147.338500976562
1600,0.036281179138,69,80.000000000000,0.000000000000,0.000000000000,-26.138507518286,-9.288474711889,0.000000000000,-148.856002807617
1601,0.036303854875,69,80.000000000000,0.000000000000,0.000000000000,-26.138507518286,-10.239444407934,0.000000000000,-142.691406250000
1602,0.036326530612,69,80.000000000000,0.000000000000,0.000000000000,-26.138507518286,-11.173672351355,0.000000000000,-153.253051757812
1603,0.036349206349,69,80.000000000000,0.000000000000,0.000000000000,-26.138507518286,-12.131883296484,0.000000000000,-122.863777160645
1604,0.036371882086,69,80.000000000000,0.000000000000,0.000000000000,-26.138507518286,-12.848380717749,0.000000000000,-158.390777587891
1605,0.036394557823,69,80.000000000000,0.000000000000,0.000000000000,-26.138507518286,-14.544578227514,0.000000000000,-130.546035766602
1606,0.036417233560,69,80.000000000000,0.000000000000,0.000000000000,-26.138507518286,-12.707358989233,0.000000000000,-110.869194030762
1607,0.036439909297,69,80.000000000000,0.000000000000,0.000000000000,-26.138507518286,-19.284286174292,0.000000000000,-134.242263793945
1608,0.036462585034,69,80.000000000000,0.000000000000,0.000000000000,-26.138507518286,-12.702464732641,0.000000000000,-142.628723144531
1609,0.036485260771,69,80.000000000000,0.000000000000,0.000000000000,-26.138507518286,-16.100694331640,0.000000000000,-114.999923706055
1610,0.036507936508,69,80.000000000000,0.000000000000,0.000000000000,-26.138507518286,-19.472915801520,0.000000000000,-76.127998352051
1611,0.036530612245,69,80.000000000000,0.000000000000,0.000000000000,-26.138507518286,-15.001744899267,0.000000000000,-44.106327056885
1612,0.036553287982,69,80.000000000000,0.000000000000,0.000000000000,-26.138507518286,-8.291310939306,0.000000000000,-25.369728088379
1613,0.036575963719,69,80.000000000000,0.000000000000,0.000000000000,-26.138507518286,-4.045344981665,0.000000000000,-16.613464355469
1614,0.036598639456,69,80.000000000000,0.000000000000,0.000000000000,-26.138507518286,-2.159289988989,0.000000000000,-10.216574668884
1615,0.036621315193,69,80.000000000000,0.000000000000,0.000000000000,-26.138507518286,-1.486913356299,0.000000000000,-5.947813034058
1616,0.036643990930,69,80.000000000000,0.000000000000,0.000000000000,-26.138507518286,-1.314105662817,0.000000000000,-5.087254524231
1617,0.036666666667,69,80.000000000000,0.000000000000,0.000000000000,-26.138507518286,-1.335172328467,0.000000000000,-6.288689613342
1618,0.036689342404,69,80.000000000000,0.000000000000,0.000000000000,-26.138507518286,-1.429525050635,0.000000000000,-7.514409065247
1619,0.036712018141,69,80.000000000000,0.000000000000,0.000000000000,-26.138507518286,-1.546180400366,0.000000000000,-7.703546524048
1620,0.036734693878,69,80.000000000000,0.000000000000,0.000000000000,-26.138507518286,-1.662185344214,0.000000000000,-7.192689895630
1621,0.036757369615,69,80.000000000000,0.000000000000,0.000000000000,-26.138507518286,-1.768520030493,0.000000000000,-5.069741249084
1622,0.036780045351,69,80.000000000000,0.000000000000,0.000000000000,-26.138507518286,-1.860746058935,0.000000000000,-5.727325439453
1623,0.036802721088,69,80.000000000000,0.000000000000,0.000000000000,-26.138507518286,-1.962590846533,0.000000000000,1.093113899231
1624,0.036825396825,69,80.000000000000,0.000000000000,0.000000000000,-26.138507518286,-1.930938395971,0.000000000000,-5.318229675293
1625,0.036848072562,69,80.000000000000,0.000000000000,0.000000000000,-26.138507518286,-2.595224055761,0.000000000000,3.239607810974
1626,0.036870748299,69,80.000000000000,0.000000000000,0.000000000000,-26.138507518286,-0.153802546972,0.000000000000,6.282790184021
1627,0.036893424036,69,80.000000000000,0.000000000000,0.000000000000,-26.138507518286,-8.452712687964,0.000000000000,0.056810379028
1628,0.036916099773,69,80.000000000000,0.371322009367,0.000107343119,-26.141314185023,9.467663136011,0.067344241009,-0.813961982727
1629,0.036938775510,69,80.000000000000,1.824905833639,0.000037587449,-26.155107879911,-15.452882437852,0.039850592568,6.827009201050
1630,0.036961451247,69,80.000000000000,0.000000000000,0.000000000000,-26.155107879911,-6.238903427396,0.000000000000,20.780525207520
1631,0.036984126984,69,80.000000000000,0.355167139523,0.000105287089,-26.157792438789,9.286321258273,0.066696173161,26.163719177246
1632,0.037006802721,69,80.000000000000,2.402469381284,0.000140342980,-26.175951693371,-6.034436467717,0.077003187632,38.648246765137
1633,0.037029478458,69,80.000000000000,0.173049963754,0.000000000000,-26.177259705191,-33.930017811912,0.000000000000,40.488937377930
1634,0.037052154195,69,80.000000000000,0.000000000000,0.000000000000,-26.177259705191,-54.806461594229,0.000000000000,33.790710449219
1635,0.037074829932,69,80.000000000000,0.000000000000,0.000000000000,-26.177259705191,-64.761480591422,0.000000000000,36.729183197021
1636,0.037097505669,69,80.000000000000,0.000000000000,0.000000000000,-26.177259705191,-68.167665741568,0.000000000000,50.144672393799
1637,0.037120181406,69,80.000000000000,0.000000000000,0.000000000000,-26.177259705191,-68.921934387808,0.000000000000,64.093627929688
1638,0.037142857143,69,80.000000000000,0.000000000000,0.000000000000,-26.177259705191,-68.863233826285,0.000000000000,72.477523803711
1639,0.037165532880,69,80.000000000000,0.000000000000,0.000000000000,-26.177259705191,-68.605963013297,0.000000000000,75.231483459473
1640,0.037188208617,69,80.000000000000,0.000000000000,0.000000000000,-26.177259705191,-68.296785614615,0.000000000000,74.552322387695
1641,0.037210884354,69,80.000000000000,0.000000000000,0.000000000000,-26.177259705191,-67.954382202750,0.000000000000,72.513015747070
1642,0.037233560091,69,80.000000000000,0.000000000000,0.000000000000,-26.177259705191,-67.576902649527,0.000000000000,69.676086425781
1643,0.037256235828,69,80.000000000000,0.000000000000,0.000000000000,-26.177259705191,-67.170370361929,0.000000000000,67.496444702148
1644,0.037278911565,69,80.000000000000,0.000000000000,0.000000000000,-26.177259705191,-66.711004517203,0.000000000000,64.232444763184
1645,0.037301587302,69,80.000000000000,0.000000000000,0.000000000000,-26.177259705191,-66.390745422965,0.000000000000,61.657058715820
1646,0.037324263039,69,80.000000000000,0.000000000000,0.000000000000,-26.177259705191,-65.250833771353,0.000000000000,60.125961303711
1647,0.037346938776,69,80.000000000000,0.000000000000,0.000000000000,-26.177259705191,-67.370619080191,0.000000000000,56.545242309570
1648,0.037369614512,69,80.000000000000,0.000000000000,0.000000000000,-26.177259705191,-59.242372772818,0.000000000000,51.797252655029
1649,0.037392290249,69,80.000000000000,0.000000000000,0.000000000000,-26.177259705191,-73.499410889273,0.000000000000,53.172172546387
1650,0.037414965986,69,80.000000000000,0.000000000000,0.000000000000,-26.177259705191,-57.182049057608,0.000000000000,45.537635803223
1651,0.037437641723,69,80.000000000000,0.000000000000,0.000000000000,-26.177259705191,-56.745529434805,0.000000000000,63.704776763916
1652,0.037460317460,69,80.000000000000,0.000000000000,0.000000000000,-26.177259705191,-68.793977997427,0.000000000000,38.418678283691
1653,0.037482993197,69,80.000000000000,0.000000000000,0.000000000000,-26.177259705191,-67.983351013785,0.000000000000,54.344978332520
1654,0.037505668934,69,80.000000000000,0.000000000000,0.000000000000,-26.177259705191,-56.382005951529,0.000000000000,60.116302490234
1655,0.037528344671,69,80.000000000000,0.000000000000,0.000000000000,-26.177259705191,-45.766424439078,0.000000000000,40.299770355225
1656,0.037551020408,69,80.000000000000,0.000000000000,0.000000000000,-26.177259705191,-39.816953919058,0.000000000000,37.029277801514
1657,0.037573696145,69,80.000000000000,0.000000000000,0.000000000000,-26.177259705191,-37.133794090872,0.000000000000,61.038295745850
1658,0.037596371882,69,80.000000000000,0.000000000000,0.000000000000,-26.177259705191,-35.857063553458,0.000000000000,90.518920898438
1659,0.037619047619,69,80.000000000000,0.000000000000,0.000000000000,-26.177259705191,-35.006546280509,0.000000000000,111.231643676758
1660,0.037641723356,69,80.000000000000,0.000000000000,0.000000000000,-26.177259705191,-34.248253128653,0.000000000000,121.381866455078
1661,0.037664399093,69,80.000000000000,0.000000000000,0.000000000000,-26.177259705191,-33.514179489737,0.000000000000,124.153541564941
1662,0.037687074830,69,80.000000000000,0.000000000000,0.000000000000,-26.177259705191,-32.807463905936,0.000000000000,124.271942138672
1663,0.037709750567,69,80.000000000000,0.000000000000,0.000000000000,-26.177259705191,-32.138439438468,0.000000000000,119.897247314453
1664,0.037732426304,69,80.000000000000,0.000000000000,0.000000000000,-26.177259705191,-31.506543419486,0.000000000000,121.972305297852
1665,0.037755102041,69,80.000000000000,0.000000000000,0.000000000000,-26.177259705191,-30.935155174857,0.000000000000,113.411590576172
1666,0.037777777778,69,80.000000000000,0.000000000000,0.000000000000,-26.177259705191,-30.287420532828,0.000000000000,111.248413085938
1667,0.037800453515,69,80.000000000000,0.000000000000,0.000000000000,-26.177259705191,-30.137578270560,0.000000000000,116.619781494141
1668,0.037823129252,69,80.000000000000,0.000000000000,0.000000000000,-26.177259705191,-28.489479324942,0.000000000000,112.166625976562
1669,0.037845804989,69,80.000000000000,0.000000000000,0.000000000000,-26.177259705191,-30.541407845145,0.000000000000,98.417594909668
1670,0.037868480726,69,80.000000000000,0.000000000000,0.000000000000,-26.177259705191,-26.854070923453,0.000000000000,76.150207519531
1671,0.037891156463,69,80.000000000000,0.000000000000,0.000000000000,-26.177259705191,-27.253188393240,0.000000000000,78.107025146484
1672,0.037913832200,69,80.000000000000,0.000000000000,0.000000000000,-26.177259705191,-29.829005501395,0.000000000000,43.258865356445
1673,0.037936507937,69,80.000000000000,0.000000000000,0.000000000000,-26.177259705191,-29.117927811270,0.000000000000,77.461944580078
1674,0.037959183673,69,80.000000000000,0.000000000000,0.000000000000,-26.177259705191,-25.801622650748,0.000000000000,55.756420135498
1675,0.037981859410,69,80.000000000000,0.000000000000,0.000000000000,-26.177259705191,-22.538256905203,0.000000000000,36.337112426758
1676,0.038004535147,69,80.000000000000,0.000000000000,0.000000000000,-26.177259705191,-20.439609787589,0.000000000000,59.459732055664
1677,0.038027210884,69,80.000000000000,0.000000000000,0.000000000000,-26.177259705191,-19.347991249686,0.000000000000,73.412719726562
1678,0.038049886621,69,80.000000000000,0.000000000000,0.000000000000,-26.177259705191,-18.833009026175,0.000000000000,52.041049957275
1679,0.038072562358,69,80.000000000000,0.000000000000,0.000000000000,-26.177259705191,-18.597472450858,0.000000000000,16.326683044434
1680,0.038095238095,69,80.000000000000,0.000000000000,0.000000000000,-26.177259705191,-18.492695114737,0.000000000000,-13.534757614136
1681,0.038117913832,69,80.000000000000,0.000000000000,0.000000000000,-26.177259705191,-18.452523491507,0.000000000000,-30.120916366577
1682,0.038140589569,69,80.000000000000,0.000000000000,0.000000000000,-26.177259705191,-18.447826645499,0.000000000000,-41.466407775879
1683,0.038163265306,69,80.000000000000,0.000000000000,0.000000000000,-26.177259705191,-18.465397141104,0.000000000000,-35.648300170898
1684,0.038185941043,69,80.000000000000,0.000000000000,0.000000000000,-26.177259705191,-18.498382828360,0.000000000000,-54.515586853027
1685,0.038208616780,69,80.000000000000,0.000000000000,0.000000000000,-26.177259705191,-18.538541100150,0.000000000000,-30.181468963623
1686,0.038231292517,69,80.000000000000,0.000000000000,0.000000000000,-26.177259705191,-18.627550385123,0.000000000000,-44.769241333008
1687,0.038253968254,69,80.000000000000,0.000000000000,0.000000000000,-26.177259705191,-18.467691681509,0.000000000000,-53.787326812744
1688,0.038276643991,69,80.000000000000,0.000000000000,0.000000000000,-26.177259705191,-19.372411987906,0.000000000000,-37.081024169922
1689,0.038299319728,69,80.000000000000,0.000000000000,0.000000000000,-26.177259705191,-17.416688225394,0.000000000000,-33.180274963379
1690,0.038321995465,69,80.000000000000,0.000000000000,0.000000000000,-26.177259705191,-19.486034176474,0.000000000000,-57.555950164795
1691,0.038344671202,69,80.000000000000,0.000000000000,0.000000000000,-26.177259705191,-21.404859802847,0.000000000000,-86.061706542969
1692,0.038367346939,69,80.000000000000,0.000000000000,0.000000000000,-26.177259705191,-18.449314854270,0.000000000000,-114.813308715820
1693,0.038390022676,69,80.000000000000,0.000000000000,0.000000000000,-26.177259705191,-12.611148140555,0.000000000000,-119.673721313477
1694,0.038412698413,69,80.000000000000,0.000000000000,0.000000000000,-26.177259705191,-7.624548218375,0.000000000000,-131.109527587891
1695,0.038435374150,69,80.000000000000,0.000000000000,0.000000000000,-26.177259705191,-4.995388291007,0.000000000000,-134.494064331055
1696,0.038458049887,69,80.000000000000,0.000000000000,0.000000000000,-26.177259705191,-4.299600861197,0.000000000000,-126.658683776855
1697,0.038480725624,69,80.000000000000,0.000000000000,0.000000000000,-26.177259705191,-4.645912430411,0.000000000000,-122.188369750977
1698,0.038503401361,69,80.000000000000,0.000000000000,0.000000000000,-26.177259705191,-5.415735504752,0.000000000000,-126.728347778320
1699,0.038526077098,69,80.000000000000,0.000000000000,0.000000000000,-26.177259705191,-6.322500488883,0.000000000000,-135.432769775391
1700,0.038548752834,69,80.000000000000,0.000000000000,0.000000000000,-26.177259705191,-7.266367218619,0.000000000000,-142.900543212891
1701,0.038571428571,69,80.000000000000,0.000000000000,0.000000000000,-26.177259705191,-8.219602844840,0.000000000000,-146.338668823242
1702,0.038594104308,69,80.000000000000,0.000000000000,0.000000000000,-26.177259705191,-9.173860809927,0.000000000000,-149.001724243164
1703,0.038616780045,69,80.000000000000,0.000000000000,0.000000000000,-26.177259705191,-10.125116608267,0.000000000000,-141.994979858398
1704,0.038639455782,69,80.000000000000,0.000000000000,0.000000000000,-26.177259705191,-11.057382843619,0.000000000000,-154.860549926758
1705,0.038662131519,69,80.000000000000,0.000000000000,0.000000000000,-26.177259705191,-12.032006523734,0.000000000000,-123.100830078125
1706,0.038684807256,69,80.000000000000,0.000000000000,0.000000000000,-26.177259705191,-12.690858147269,0.000000000000,-155.676391601562
1707,0.038707482993,69,80.000000000000,0.000000000000,0.000000000000,-26.177259705191,-14.571882507926,0.000000000000,-135.719879150391
1708,0.038730158730,69,80.000000000000,0.000000000000,0.000000000000,-26.177259705191,-12.405992767935,0.000000000000,-111.916877746582
1709,0.038752834467,69,80.000000000000,0.000000000000,0.000000000000,-26.177259705191,-19.034442684775,0.000000000000,-129.538238525391
1710,0.038775510204,69,80.000000000000,0.000000000000,0.000000000000,-26.177259705191,-13.147732041007,0.000000000000,-142.790374755859
1711,0.038798185941,69,80.000000000000,0.000000000000,0.000000000000,-26.177259705191,-15.552391312247,0.000000000000,-121.724258422852
1712,0.038820861678,69,80.000000000000,0.000000000000,0.000000000000,-26.177259705191,-19.304939530020,0.000000000000,-84.834381103516
1713,0.038843537415,69,80.000000000000,0.000000000000,0.000000000000,-26.177259705191,-16.011414787894,0.000000000000,-51.110279083252
1714,0.038866213152,69,80.000000000000,0.000000000000,0.000000000000,-26.177259705191,-9.424682877188,0.000000000000,-29.510681152344
1715,0.038888888889,69,80.000000000000,0.000000000000,0.000000000000,-26.177259705191,-4.763197205191,0.000000000000,-18.858081817627
1716,0.038911564626,69,80.000000000000,0.000000000000,0.000000000000,-26.177259705191,-2.520941040640,0.000000000000,-11.725622177124
1717,0.038934240363,69,80.000000000000,0.000000000000,0.000000000000,-26.177259705191,-1.665205261832,0.000000000000,-6.790818214417
1718,0.038956916100,69,80.000000000000,0.000000000000,0.000000000000,-26.177259705191,-1.415317795401,0.000000000000,-5.209471702576
1719,0.038979591837,69,80.000000000000,0.000000000000,0.000000000000,-26.177259705191,-1.406116745596,0.000000000000,-6.028528213501
1720,0.039002267574,69,80.000000000000,0.000000000000,0.000000000000,-26.177259705191,-1.489229462271,0.000000000000,-7.284439086914
1721,0.039024943311,69,80.000000000000,0.000000000000,0.000000000000,-26.177259705191,-1.602762482291,0.000000000000,-7.661664009094
1722,0.039047619048,69,80.000000000000,0.000000000000,0.000000000000,-26.177259705191,-1.719183228140,0.000000000000,-7.448656082153
1723,0.039070294785,69,80.000000000000,0.000000000000,0.000000000000,-26.177259705191,-1.827476761466,0.000000000000,-5.239171981812
1724,0.039092970522,69,80.000000000000,0.000000000000,0.000000000000,-26.177259705191,-1.920145294791,0.000000000000,-6.372002601624
1725,0.039115646259,69,80.000000000000,0.000000000000,0.000000000000,-26.177259705191,-2.032419464713,0.000000000000,0.821975708008
1726,0.039138321995,69,80.000000000000,0.000000000000,0.000000000000,-26.177259705191,-1.955744049674,0.000000000000,-5.303847312927
1727,0.039160997732,69,80.000000000000,0.000000000000,0.000000000000,-26.177259705191,-2.805233261710,0.000000000000,1.794848442078
1728,0.039183673469,69,80.000000000000,0.000046445094,0.000002157247,-26.177260056250,0.190269210214,0.009546920846,6.238416671753
1729,0.039206349206,69,80.000000000000,0.000228693556,0.000000000000,-26.177261784848,-9.124218597101,0.000000000000,1.006252288818
1730,0.039229024943,69,80.000000000000,0.343913903909,0.000103823469,-26.179861285256,9.157229944888,0.066230971269,-1.125494956970
1731,0.039251700680,69,80.000000000000,1.727250476481,0.000050779400,-26.192916844413,-13.680829681907,0.046318782861,4.544025421143
1732,0.039274376417,69,80.000000000000,0.000000000000,0.000000000000,-26.192916844413,-8.289081547782,0.000000000000,18.257041931152
1733,0.039297052154,69,80.000000000000,0.269486822105,0.000093378470,-26.194953781844,8.235981013253,0.062811148198,23.907794952393
1734,0.039319727891,69,80.000000000000,2.218513748110,0.000158787131,-26.211722593243,-2.345569332522,0.081906997869,36.431472778320
1735,0.039342403628,69,80.000000000000,0.619285048916,0.000000000000,-26.216403508201,-29.428995380685,0.000000000000,40.533409118652
1736,0.039365079365,69,80.000000000000,0.000000000000,0.000000000000,-26.216403508201,-51.609218144431,0.000000000000,34.461326599121
1737,0.039387755102,69,80.000000000000,0.000000000000,0.000000000000,-26.216403508201,-63.262416386619,0.000000000000,35.279033660889
1738,0.039410430839,69,80.000000000000,0.000000000000,0.000000000000,-26.216403508201,-67.640643620505,0.000000000000,46.922760009766
1739,0.039433106576,69,80.000000000000,0.000000000000,0.000000000000,-26.216403508201,-68.787852787986,0.000000000000,60.995399475098
1740,0.039455782313,69,80.000000000000,0.000000000000,0.000000000000,-26.216403508201,-68.852233433738,0.000000000000,70.597312927246
1741,0.039478458050,69,80.000000000000,0.000000000000,0.000000000000,-26.216403508201,-68.627341771140,0.000000000000,74.556167602539
1742,0.039501133787,69,80.000000000000,0.000000000000,0.000000000000,-26.216403508201,-68.328475499168,0.000000000000,74.610084533691
1743,0.039523809524,69,80.000000000000,0.000000000000,0.000000000000,-26.216403508201,-67.993285679832,0.000000000000,72.932296752930
1744,0.039546485261,69,80.000000000000,0.000000000000,0.000000000000,-26.216403508201,-67.622554326072,0.000000000000,70.176986694336
1745,0.039569160998,69,80.000000000000,0.000000000000,0.000000000000,-26.216403508201,-67.224345707908,0.000000000000,68.036239624023
1746,0.039591836735,69,80.000000000000,0.000000000000,0.000000000000,-26.216403508201,-66.759387516990,0.000000000000,64.866867065430
1747,0.039614512472,69,80.000000000000,0.000000000000,0.000000000000,-26.216403508201,-66.494315648093,0.000000000000,62.100330352783
1748,0.039637188209,69,80.000000000000,0.000000000000,0.000000000000,-26.216403508201,-65.171924138084,0.000000000000,60.589458465576
1749,0.039659863946,69,80.000000000000,0.000000000000,0.000000000000,-26.216403508201,-67.783484959617,0.000000000000,57.448448181152
1750,0.039682539683,69,80.000000000000,0.000000000000,0.000000000000,-26.216403508201,-58.917743229880,0.000000000000,52.260044097900
1751,0.039705215420,69,80.000000000000,0.000000000000,0.000000000000,-26.216403508201,-73.153583073630,0.000000000000,53.901836395264
1752,0.039727891156,69,80.000000000000,0.000000000000,0.000000000000,-26.216403508201,-58.844653630271,0.000000000000,44.554988861084
1753,0.039750566893,69,80.000000000000,0.000000000000,0.000000000000,-26.216403508201,-55.940597081199,0.000000000000,63.808444976807
1754,0.039773242630,69,80.000000000000,0.000000000000,0.000000000000,-26.216403508201,-67.382667088523,0.000000000000,40.565017700195
1755,0.039795918367,69,80.000000000000,0.000000000000,0.000000000000,-26.216403508201,-68.832011723533,0.000000000000,51.644756317139
1756,0.039818594104,69,80.000000000000,0.000000000000,0.000000000000,-26.216403508201,-58.414058232322,0.000000000000,60.730895996094
1757,0.039841269841,69,80.000000000000,0.000000000000,0.000000000000,-26.216403508201,-47.435992741599,0.000000000000,44.012218475342
1758,0.039863945578,69,80.000000000000,0.000000000000,0.000000000000,-26.216403508201,-40.749234700217,0.000000000000,35.999832153320
1759,0.039886621315,69,80.000000000000,0.000000000000,0.000000000000,-26.216403508201,-37.583411717429,0.000000000000,55.169517517090
1760,0.039909297052,69,80.000000000000,0.000000000000,0.000000000000,-26.216403508201,-36.102076077476,0.000000000000,83.886230468750
1761,0.039931972789,69,80.000000000000,0.000000000000,0.000000000000,-26.216403508201,-35.189352536216,0.000000000000,106.511314392090
1762,0.039954648526,69,80.000000000000,0.000000000000,0.000000000000,-26.216403508201,-34.417026066794,0.000000000000,118.966018676758
1763,0.039977324263,69,80.000000000000,0.000000000000,0.000000000000,-26.216403508201,-33.678654217734,0.000000000000,123.228439331055
1764,0.040000000000,69,80.000000000000,0.000000000000,0.000000000000,-26.216403508201,-32.967094922080,0.000000000000,124.393341064453
1765,0.040022675737,69,80.000000000000,0.000000000000,0.000000000000,-26.216403508201,-32.292171978965,0.000000000000,120.026542663574
1766,0.040045351474,69,80.000000000000,0.000000000000,0.000000000000,-26.216403508201,-31.652267003074,0.000000000000,122.344429016113
1767,0.040068027211,69,80.000000000000,0.000000000000,0.000000000000,-26.216403508201,-31.081869626060,0.000000000000,114.662918090820
1768,0.040090702948,69,80.000000000000,0.000000000000,0.000000000000,-26.216403508201,-30.401676678672,0.000000000000,111.011650085449
1769,0.040113378685,69,80.000000000000,0.000000000000,0.000000000000,-26.216403508201,-30.322433972373,0.000000000000,116.018371582031
1770,0.040136054422,69,80.000000000000,0.000000000000,0.000000000000,-26.216403508201,-28.534882092490,0.000000000000,113.556022644043
1771,0.040158730159,69,80.000000000000,0.000000000000,0.000000000000,-26.216403508201,-30.655798459067,0.000000000000,102.354698181152
1772,0.040181405896,69,80.000000000000,0.000000000000,0.000000000000,-26.216403508201,-27.240881466880,0.000000000000,78.913032531738
1773,0.040204081633,69,80.000000000000,0.000000000000,0.000000000000,-26.216403508201,-27.072462582603,0.000000000000,81.824920654297
1774,0.040226757370,69,80.000000000000,0.000000000000,0.000000000000,-26.216403508201,-29.638691449180,0.000000000000,44.655609130859
1775,0.040249433107,69,80.000000000000,0.000000000000,0.000000000000,-26.216403508201,-29.461567425742,0.000000000000,74.607856750488
1776,0.040272108844,69,80.000000000000,0.000000000000,0.000000000000,-26.216403508201,-26.445977711692,0.000000000000,60.211158752441
1777,0.040294784580,69,80.000000000000,0.000000000000,0.000000000000,-26.216403508201,-23.113170170798,0.000000000000,37.450973510742
1778,0.040317460317,69,80.000000000000,0.000000000000,0.000000000000,-26.216403508201,-20.818274998679,0.000000000000,54.479293823242
1779,0.040340136054,69,80.000000000000,0.000000000000,0.000000000000,-26.216403508201,-19.569430851951,0.000000000000,72.359977722168
1780,0.040362811791,69,80.000000000000,0.000000000000,0.000000000000,-26.216403508201,-18.965224766746,0.000000000000,57.577941894531
1781,0.040385487528,69,80.000000000000,0.000000000000,0.000000000000,-26.216403508201,-18.685955548301,0.000000000000,24.357475280762
1782,0.040408163265,69,80.000000000000,0.000000000000,0.000000000000,-26.216403508201,-18.560329937949,0.000000000000,-7.038742542267
1783,0.040430839002,69,80.000000000000,0.000000000000,0.000000000000,-26.216403508201,-18.509618306174,0.000000000000,-25.870147705078
1784,0.040453514739,69,80.000000000000,0.000000000000,0.000000000000,-26.216403508201,-18.498954319968,0.000000000000,-40.092937469482
1785,0.040476190476,69,80.000000000000,0.000000000000,0.000000000000,-26.216403508201,-18.512679600730,0.000000000000,-34.088317871094
1786,0.040498866213,69,80.000000000000,0.000000000000,0.000000000000,-26.216403508201,-18.543329739585,0.000000000000,-54.335323333740
1787,0.040521541950,69,80.000000000000,0.000000000000,0.000000000000,-26.216403508201,-18.578346753135,0.000000000000,-32.359359741211
1788,0.040544217687,69,80.000000000000,0.000000000000,0.000000000000,-26.216403508201,-18.683059239402,0.000000000000,-42.013359069824
1789,0.040566893424,69,80.000000000000,0.000000000000,0.000000000000,-26.216403508201,-18.462026619926,0.000000000000,-53.634998321533
1790,0.040589569161,69,80.000000000000,0.000000000000,0.000000000000,-26.216403508201,-19.483420872703,0.000000000000,-40.347724914551
1791,0.040612244898,69,80.000000000000,0.000000000000,0.000000000000,-26.216403508201,-17.512446904197,0.000000000000,-32.187042236328
1792,0.040634920635,69,80.000000000000,0.000000000000,0.000000000000,-26.216403508201,-19.176973843589,0.000000000000,-51.843528747559
1793,0.040657596372,69,80.000000000000,0.000000000000,0.000000000000,-26.216403508201,-21.455383801475,0.000000000000,-78.764396667480
1794,0.040680272109,69,80.000000000000,0.000000000000,0.000000000000,-26.216403508201,-19.244465374961,0.000000000000,-109.541374206543
1795,0.040702947846,69,80.000000000000,0.000000000000,0.000000000000,-26.216403508201,-13.692456746116,0.000000000000,-117.069114685059
1796,0.040725623583,69,80.000000000000,0.000000000000,0.000000000000,-26.216403508201,-8.466281437888,0.000000000000,-128.693084716797
1797,0.040748299320,69,80.000000000000,0.000000000000,0.000000000000,-26.216403508201,-5.438952946677,0.000000000000,-134.203430175781
1798,0.040770975057,69,80.000000000000,0.000000000000,0.000000000000,-26.216403508201,-4.442700886741,0.000000000000,-127.914009094238
1799,0.040793650794,69,80.000000000000,0.000000000000,0.000000000000,-26.216403508201,-4.630958104148,0.000000000000,-122.459594726562
1800,0.040816326531,69,80.000000000000,0.000000000000,0.000000000000,-26.216403508201,-5.335975193992,0.000000000000,-125.283424377441
1801,0.040839002268,69,80.000000000000,0.000000000000,0.000000000000,-26.216403508201,-6.220462346091,0.000000000000,-133.251770019531
1802,0.040861678005,69,80.000000000000,0.000000000000,0.000000000000,-26.216403508201,-7.156993412986,0.000000000000,-141.125000000000
1803,0.040884353741,69,80.000000000000,0.000000000000,0.000000000000,-26.216403508201,-8.107287907615,0.000000000000,-145.113769531250
1804,0.040907029478,69,80.000000000000,0.000000000000,0.000000000000,-26.216403508201,-9.060016179099,0.000000000000,-149.071411132812
1805,0.040929705215,69,80.000000000000,0.000000000000,0.000000000000,-26.216403508201,-10.011586689963,0.000000000000,-141.153625488281
1806,0.040952380952,69,80.000000000000,0.000000000000,0.000000000000,-26.216403508201,-10.940572285667,0.000000000000,-156.254119873047
1807,0.040975056689,69,80.000000000000,0.000000000000,0.000000000000,-26.216403508201,-11.935805821433,0.000000000000,-123.868461608887
1808,0.040997732426,69,80.000000000000,0.000000000000,0.000000000000,-26.216403508201,-12.525117421165,0.000000000000,-152.611145019531
1809,0.041020408163,69,80.000000000000,0.000000000000,0.000000000000,-26.216403508201,-14.606025242820,0.000000000000,-140.134841918945
1810,0.041043083900,69,80.000000000000,0.000000000000,0.000000000000,-26.216403508201,-12.137823605552,0.000000000000,-114.052047729492
1811,0.041065759637,69,80.000000000000,0.000000000000,0.000000000000,-26.216403508201,-18.733855271354,0.000000000000,-125.402595520020
1812,0.041088435374,69,80.000000000000,0.000000000000,0.000000000000,-26.216403508201,-13.597023510947,0.000000000000,-141.754806518555
1813,0.041111111111,69,80.000000000000,0.000000000000,0.000000000000,-26.216403508201,-15.083484196677,0.000000000000,-127.168975830078
1814,0.041133786848,69,80.000000000000,0.000000000000,0.000000000000,-26.216403508201,-19.026663804069,0.000000000000,-93.215621948242
1815,0.041156462585,69,80.000000000000,0.000000000000,0.000000000000,-26.216403508201,-16.883598828330,0.000000000000,-58.552001953125
1816,0.041179138322,69,80.000000000000,0.000000000000,0.000000000000,-26.216403508201,-10.566863560691,0.000000000000,-34.273616790771
1817,0.041201814059,69,80.000000000000,0.000000000000,0.000000000000,-26.216403508201,-5.550273442283,0.000000000000,-21.507694244385
1818,0.041224489796,69,80.000000000000,0.000000000000,0.000000000000,-26.216403508201,-2.937093281760,0.000000000000,-13.445090293884
1819,0.041247165533,69,80.000000000000,0.000000000000,0.000000000000,-26.216403508201,-1.871669316306,0.000000000000,-7.816213607788
1820,0.041269841270,69,80.000000000000,0.000000000000,0.000000000000,-26.216403508201,-1.528758549705,0.000000000000,-5.490271568298
1821,0.041292517007,69,80.000000000000,0.000000000000,0.000000000000,-26.216403508201,-1.482093358054,0.000000000000,-5.840855598450
1822,0.041315192744,69,80.000000000000,0.000000000000,0.000000000000,-26.216403508201,-1.550971531882,0.000000000000,-7.045253753662
1823,0.041337868481,69,80.000000000000,0.000000000000,0.000000000000,-26.216403508201,-1.660102391257,0.000000000000,-7.562989234924
1824,0.041360544218,69,80.000000000000,0.000000000000,0.000000000000,-26.216403508201,-1.776378178611,0.000000000000,-7.670141220093
1825,0.041383219955,69,80.000000000000,0.000000000000,0.000000000000,-26.216403508201,-1.886565709128,0.000000000000,-5.363444328308
1826,0.041405895692,69,80.000000000000,0.000000000000,0.000000000000,-26.216403508201,-1.978963398948,0.000000000000,-6.981494903564
1827,0.041428571429,69,80.000000000000,0.000000000000,0.000000000000,-26.216403508201,-2.105281376853,0.000000000000,0.463320732117
1828,0.041451247166,69,80.000000000000,0.000000000000,0.000000000000,-26.216403508201,-1.970355534568,0.000000000000,-5.180474281311
1829,0.041473922902,69,80.000000000000,0.000000000000,0.000000000000,-26.216403508201,-3.040816807761,0.000000000000,0.433670043945
1830,0.041496598639,69,80.000000000000,0.000545548965,0.000006296094,-26.216407631776,0.555315470681,0.016309811828,5.909598350525
1831,0.041519274376,69,80.000000000000,0.002685231463,0.000000000000,-26.216427928310,-9.714702540076,0.000000000000,1.882169723511
1832,0.041541950113,69,80.000000000000,0.303012433163,0.000098262351,-26.218718271720,8.666739338536,0.064432789171,-1.088932037354
1833,0.041564625850,69,80.000000000000,1.567093095895,0.000061145529,-26.230563268665,-11.803976554520,0.050827144140,2.603586196899
1834,0.041587301587,69,80.000000000000,0.000000000000,0.000000000000,-26.230563268665,-10.012866125111,0.000000000000,15.794642448425
1835,0.041609977324,69,80.000000000000,0.172466309956,0.000076907983,-26.231866868892,6.783284082409,0.057003177745,21.647609710693
1836,0.041632653061,69,80.000000000000,1.792669617327,0.000161824308,-26.245416903792,0.784008735543,0.082686619220,33.992984771729
1837,0.041655328798,69,80.000000000000,1.069749380602,0.000000000000,-26.253502688982,-24.980358060644,0.000000000000,40.163036346436
1838,0.041678004535,69,80.000000000000,0.000000000000,0.000000000000,-26.253502688982,-48.136475406267,0.000000000000,35.179389953613
1839,0.041700680272,69,80.000000000000,0.000000000000,0.000000000000,-26.253502688982,-61.499390445330,0.000000000000,34.294940948486
1840,0.041723356009,69,80.000000000000,0.000000000000,0.000000000000,-26.253502688982,-66.966812930681,0.000000000000,44.007678985596
1841,0.041746031746,69,80.000000000000,0.000000000000,0.000000000000,-26.253502688982,-68.593354068377,0.000000000000,57.820350646973
1842,0.041768707483,69,80.000000000000,0.000000000000,0.000000000000,-26.253502688982,-68.820538364031,0.000000000000,68.434532165527
1843,0.041791383220,69,80.000000000000,0.000000000000,0.000000000000,-26.253502688982,-68.641438327410,0.000000000000,73.612731933594
1844,0.041814058957,69,80.000000000000,0.000000000000,0.000000000000,-26.253502688982,-68.356209598162,0.000000000000,74.498237609863
1845,0.041836734694,69,80.000000000000,0.000000000000,0.000000000000,-26.253502688982,-68.028786502459,0.000000000000,73.272453308105
1846,0.041859410431,69,80.000000000000,0.000000000000,0.000000000000,-26.253502688982,-67.664730868914,0.000000000000,70.653030395508
1847,0.041882086168,69,80.000000000000,0.000000000000,0.000000000000,-26.253502688982,-67.275849185564,0.000000000000,68.555610656738
1848,0.041904761905,69,80.000000000000,0.000000000000,0.000000000000,-26.253502688982,-66.801651797869,0.000000000000,65.504440307617
1849,0.041927437642,69,80.000000000000,0.000000000000,0.000000000000,-26.253502688982,-66.604920230486,0.000000000000,62.571510314941
1850,0.041950113379,69,80.000000000000,0.000000000000,0.000000000000,-26.253502688982,-65.070599399187,0.000000000000,61.006172180176
1851,0.041972789116,69,80.000000000000,0.000000000000,0.000000000000,-26.253502688982,-68.200192294695,0.000000000000,58.330780029297
1852,0.041995464853,69,80.000000000000,0.000000000000,0.000000000000,-26.253502688982,-58.673535190203,0.000000000000,52.731975555420
1853,0.042018140590,69,80.000000000000,0.000000000000,0.000000000000,-26.253502688982,-72.665337405779,0.000000000000,54.781196594238
1854,0.042040816327,69,80.000000000000,0.000000000000,0.000000000000,-26.253502688982,-60.482003055193,0.000000000000,43.728889465332
1855,0.042063492063,69,80.000000000000,0.000000000000,0.000000000000,-26.253502688982,-55.438019595720,0.000000000000,63.527008056641
1856,0.042086167800,69,80.000000000000,0.000000000000,0.000000000000,-26.253502688982,-65.910054050066,0.000000000000,42.881271362305
1857,0.042108843537,69,80.000000000000,0.000000000000,0.000000000000,-26.253502688982,-69.352860293963,0.000000000000,49.327602386475
1858,0.042131519274,69,80.000000000000,0.000000000000,0.000000000000,-26.253502688982,-60.327133975603,0.000000000000,60.562484741211
1859,0.042154195011,69,80.000000000000,0.000000000000,0.000000000000,-26.253502688982,-49.186400256731,0.000000000000,47.508216857910
1860,0.042176870748,69,80.000000000000,0.000000000000,0.000000000000,-26.253502688982,-41.795147739031,0.000000000000,36.060901641846
1861,0.042199546485,69,80.000000000000,0.000000000000,0.000000000000,-26.253502688982,-38.102474055864,0.000000000000,50.216175079346
1862,0.042222222222,69,80.000000000000,0.000000000000,0.000000000000,-26.253502688982,-36.374874911882,0.000000000000,77.334106445312
1863,0.042244897959,69,80.000000000000,0.000000000000,0.000000000000,-26.253502688982,-35.379205546953,0.000000000000,101.338928222656
1864,0.042267573696,69,80.000000000000,0.000000000000,0.000000000000,-26.253502688982,-34.585890613176,0.000000000000,116.042266845703
1865,0.042290249433,69,80.000000000000,0.000000000000,0.000000000000,-26.253502688982,-33.841832957842,0.000000000000,121.929473876953
1866,0.042312925170,69,80.000000000000,0.000000000000,0.000000000000,-26.253502688982,-33.125482402422,0.000000000000,124.325836181641
1867,0.042335600907,69,80.000000000000,0.000000000000,0.000000000000,-26.253502688982,-32.444959483721,0.000000000000,120.113410949707
1868,0.042358276644,69,80.000000000000,0.000000000000,0.000000000000,-26.253502688982,-31.796538196184,0.000000000000,122.575775146484
1869,0.042380952381,69,80.000000000000,0.000000000000,0.000000000000,-26.253502688982,-31.228957973101,0.000000000000,115.919708251953
1870,0.042403628118,69,80.000000000000,0.000000000000,0.000000000000,-26.253502688982,-30.511480174639,0.000000000000,111.030334472656
1871,0.042426303855,69,80.000000000000,0.000000000000,0.000000000000,-26.253502688982,-30.508734546282,0.000000000000,115.334358215332
1872,0.042448979592,69,80.000000000000,0.000000000000,0.000000000000,-26.253502688982,-28.587551913836,0.000000000000,114.404823303223
1873,0.042471655329,69,80.000000000000,0.000000000000,0.000000000000,-26.253502688982,-30.739604793169,0.000000000000,105.997337341309
1874,0.042494331066,69,80.000000000000,0.000000000000,0.000000000000,-26.253502688982,-27.639973483660,0.000000000000,81.661209106445
1875,0.042517006803,69,80.000000000000,0.000000000000,0.000000000000,-26.253502688982,-26.949647746660,0.000000000000,85.602653503418
1876,0.042539682540,69,80.000000000000,0.000000000000,0.000000000000,-26.253502688982,-29.410615764238,0.000000000000,46.875930786133
1877,0.042562358277,69,80.000000000000,0.000000000000,0.000000000000,-26.253502688982,-29.723070941546,0.000000000000,71.697952270508
1878,0.042585034014,69,80.000000000000,0.000000000000,0.000000000000,-26.253502688982,-27.056846461870,0.000000000000,63.936439514160
1879,0.042607709751,69,80.000000000000,0.000000000000,0.000000000000,-26.253502688982,-23.705159030535,0.000000000000,39.575241088867
1880,0.042630385488,69,80.000000000000,0.000000000000,0.000000000000,-26.253502688982,-21.227516017534,0.000000000000,50.254253387451
1881,0.042653061224,69,80.000000000000,0.000000000000,0.000000000000,-26.253502688982,-19.813419185259,0.000000000000,70.262771606445
1882,0.042675736961,69,80.000000000000,0.000000000000,0.000000000000,-26.253502688982,-19.109234653093,0.000000000000,61.803043365479
1883,0.042698412698,69,80.000000000000,0.000000000000,0.000000000000,-26.253502688982,-18.779241405108,0.000000000000,31.976272583008
1884,0.042721088435,69,80.000000000000,0.000000000000,0.000000000000,-26.253502688982,-18.629233203508,0.000000000000,-0.212193489075
1885,0.042743764172,69,80.000000000000,0.000000000000,0.000000000000,-26.253502688982,-18.566379390337,0.000000000000,-20.986650466919
1886,0.042766439909,69,80.000000000000,0.000000000000,0.000000000000,-26.253502688982,-18.549028239824,0.000000000000,-38.283233642578
1887,0.042789115646,69,80.000000000000,0.000000000000,0.000000000000,-26.253502688982,-18.558530650713,0.000000000000,-32.375007629395
1888,0.042811791383,69,80.000000000000,0.000000000000,0.000000000000,-26.253502688982,-18.586924396135,0.000000000000,-53.655662536621
1889,0.042834467120,69,80.000000000000,0.000000000000,0.000000000000,-26.253502688982,-18.615347705462,0.000000000000,-34.649635314941
1890,0.042857142857,69,80.000000000000,0.000000000000,0.000000000000,-26.253502688982,-18.739818416216,0.000000000000,-39.722160339355
1891,0.042879818594,69,80.000000000000,0.000000000000,0.000000000000,-26.253502688982,-18.451649032213,0.000000000000,-52.786952972412
1892,0.042902494331,69,80.000000000000,0.000000000000,0.000000000000,-26.253502688982,-19.580904803850,0.000000000000,-43.315505981445
1893,0.042925170068,69,80.000000000000,0.000000000000,0.000000000000,-26.253502688982,-17.638926349260,0.000000000000,-32.178829193115
1894,0.042947845805,69,80.000000000000,0.000000000000,0.000000000000,-26.253502688982,-18.882508597948,0.000000000000,-47.101818084717
1895,0.042970521542,69,80.000000000000,0.000000000000,0.000000000000,-26.253502688982,-21.411320529558,0.000000000000,-71.661018371582
1896,0.042993197279,69,80.000000000000,0.000000000000,0.000000000000,-26.253502688982,-19.932670913317,0.000000000000,-103.770774841309
1897,0.043015873016,69,80.000000000000,0.000000000000,0.000000000000,-26.253502688982,-14.752361140825,0.000000000000,-114.041870117188
1898,0.043038548753,69,80.000000000000,0.000000000000,0.000000000000,-26.253502688982,-9.358105502703,0.000000000000,-125.999855041504
1899,0.043061224490,69,80.000000000000,0.000000000000,0.000000000000,-26.253502688982,-5.946553073504,0.000000000000,-133.429809570312
1900,0.043083900227,69,80.000000000000,0.000000000000,0.000000000000,-26.253502688982,-4.630431018450,0.000000000000,-128.968688964844
1901,0.043106575964,69,80.000000000000,0.000000000000,0.000000000000,-26.253502688982,-4.638047061541,0.000000000000,-122.992630004883
1902,0.043129251701,69,80.000000000000,0.000000000000,0.000000000000,-26.253502688982,-5.264181933977,0.000000000000,-124.185966491699
1903,0.043151927438,69,80.000000000000,0.000000000000,0.000000000000,-26.253502688982,-6.120060763933,0.000000000000,-131.190155029297
1904,0.043174603175,69,80.000000000000,0.000000000000,0.000000000000,-26.253502688982,-7.047003589251,0.000000000000,-139.274047851562
1905,0.043197278912,69,80.000000000000,0.000000000000,0.000000000000,-26.253502688982,-7.993664584734,0.000000000000,-143.668243408203
1906,0.043219954649,69,80.000000000000,0.000000000000,0.000000000000,-26.253502688982,-8.944529376604,0.000000000000,-149.052459716797
1907,0.043242630385,69,80.000000000000,0.000000000000,0.000000000000,-26.253502688982,-9.896525226213,0.000000000000,-140.188598632812
1908,0.043265306122,69,80.000000000000,0.000000000000,0.000000000000,-26.253502688982,-10.820599399187,0.000000000000,-157.358947753906
1909,0.043287981859,69,80.000000000000,0.000000000000,0.000000000000,-26.253502688982,-11.841353259661,0.000000000000,-125.146461486816
1910,0.043310657596,69,80.000000000000,0.000000000000,0.000000000000,-26.253502688982,-12.348802409746,0.000000000000,-149.388153076172
1911,0.043333333333,69,80.000000000000,0.000000000000,0.000000000000,-26.253502688982,-14.640824161150,0.000000000000,-143.673324584961
1912,0.043356009070,69,80.000000000000,0.000000000000,0.000000000000,-26.253502688982,-11.904885135271,0.000000000000,-117.035247802734
1913,0.043378684807,69,80.000000000000,0.000000000000,0.000000000000,-26.253502688982,-18.389309726336,0.000000000000,-122.108612060547
1914,0.043401360544,69,80.000000000000,0.000000000000,0.000000000000,-26.253502688982,-14.036731563189,0.000000000000,-139.824386596680
1915,0.043424036281,69,80.000000000000,0.000000000000,0.000000000000,-26.253502688982,-14.697913013079,0.000000000000,-131.298385620117
1916,0.043446712018,69,80.000000000000,0.000000000000,0.000000000000,-26.253502688982,-18.675330958941,0.000000000000,-101.057159423828
1917,0.043469387755,69,80.000000000000,0.000000000000,0.000000000000,-26.253502688982,-17.609889827349,0.000000000000,-66.273872375488
1918,0.043492063492,69,80.000000000000,0.000000000000,0.000000000000,-26.253502688982,-11.695536456682,0.000000000000,-39.631408691406
1919,0.043514739229,69,80.000000000000,0.000000000000,0.000000000000,-26.253502688982,-6.397715411760,0.000000000000,-24.608436584473
1920,0.043537414966,69,80.000000000000,0.000000000000,0.000000000000,-26.253502688982,-3.408316455462,0.000000000000,-15.410930633545
1921,0.043560090703,69,80.000000000000,0.000000000000,0.000000000000,-26.253502688982,-2.107910953142,0.000000000000,-9.034149169922
1922,0.043582766440,69,80.000000000000,0.000000000000,0.000000000000,-26.253502688982,-1.654396854021,0.000000000000,-5.941890716553
1923,0.043605442177,69,80.000000000000,0.000000000000,0.000000000000,-26.253502688982,-1.561781726458,0.000000000000,-5.746897697449
1924,0.043628117914,69,80.000000000000,0.000000000000,0.000000000000,-26.253502688982,-1.612786136248,0.000000000000,-6.816113471985
1925,0.043650793651,69,80.000000000000,0.000000000000,0.000000000000,-26.253502688982,-1.715962253191,0.000000000000,-7.414299964905
1926,0.043673469388,69,80.000000000000,0.000000000000,0.000000000000,-26.253502688982,-1.831406436541,0.000000000000,-7.856339454651
1927,0.043696145125,69,80.000000000000,0.000000000000,0.000000000000,-26.253502688982,-1.943423114397,0.000000000000,-5.443977355957
1928,0.043718820862,69,80.000000000000,0.000000000000,0.000000000000,-26.253502688982,-2.034531436541,0.000000000000,-7.539911270142
1929,0.043741496599,69,80.000000000000,0.000000000000,0.000000000000,-26.253502688982,-2.179444156267,0.000000000000,0.015308380127
1930,0.043764172336,69,80.000000000000,0.000000000000,0.000000000000,-26.253502688982,-1.970866046526,0.000000000000,-4.976409912109
1931,0.043786848073,69,80.000000000000,0.000000000000,0.000000000000,-26.253502688982,-3.299391589739,0.000000000000,-0.804217338562
1932,0.043809523810,69,80.000000000000,0.001802693876,0.000010586727,-26.253516314786,0.933749355696,0.021149213512,5.335412979126
1933,0.043832199546,69,80.000000000000,0.008868631897,0.000000000000,-26.253583349041,-10.207318565980,0.000000000000,2.617916107178
1934,0.043854875283,69,80.000000000000,0.253204755781,0.000090882249,-26.255497217187,8.015814386555,0.061965918311,-0.774563789368
1935,0.043877551020,69,80.000000000000,1.358826851736,0.000068513235,-26.265768017276,-9.874726623729,0.053802269288,1.024047851562
1936,0.043900226757,69,80.000000000000,0.000000000000,0.000000000000,-26.265768017276,-11.381446804507,0.000000000000,13.438947677612
1937,0.043922902494,69,80.000000000000,0.087735092238,0.000057325688,-26.266431169901,5.056125674741,0.049213923992,19.419742584229
1938,0.043945578231,69,80.000000000000,1.248921416550,0.000151543163,-26.275871241076,3.293368541087,0.080016864731,31.392574310303
1939,0.043968253968,69,80.000000000000,1.328496275813,0.000000000000,-26.285912785111,-20.574398070743,0.000000000000,39.369209289551
1940,0.043990929705,69,80.000000000000,0.000000000000,0.000000000000,-26.285912785111,-44.423440250932,0.000000000000,35.835578918457
1941,0.044013605442,69,80.000000000000,0.000000000000,0.000000000000,-26.285912785111,-59.462525639115,0.000000000000,33.716243743896
1942,0.044036281179,69,80.000000000000,0.000000000000,0.000000000000,-26.285912785111,-66.124802860795,0.000000000000,41.449985504150
1943,0.044058956916,69,80.000000000000,0.000000000000,0.000000000000,-26.285912785111,-68.322869572221,0.000000000000,54.649780273438
1944,0.044081632653,69,80.000000000000,0.000000000000,0.000000000000,-26.285912785111,-68.759648594437,0.000000000000,66.028503417969
1945,0.044104308390,69,80.000000000000,0.000000000000,0.000000000000,-26.285912785111,-68.643624577103,0.000000000000,72.395454406738
1946,0.044126984127,69,80.000000000000,0.000000000000,0.000000000000,-26.285912785111,-68.376832279740,0.000000000000,74.193695068359
1947,0.044149659864,69,80.000000000000,0.000000000000,0.000000000000,-26.285912785111,-68.058152470170,0.000000000000,73.512443542480
1948,0.044172335601,69,80.000000000000,0.000000000000,0.000000000000,-26.285912785111,-67.700707706986,0.000000000000,71.093849182129
1949,0.044195011338,69,80.000000000000,0.000000000000,0.000000000000,-26.285912785111,-67.322427067338,0.000000000000,69.050407409668
1950,0.044217687075,69,80.000000000000,0.000000000000,0.000000000000,-26.285912785111,-66.834477696000,0.000000000000,66.138122558594
1951,0.044240362812,69,80.000000000000,0.000000000000,0.000000000000,-26.285912785111,-66.720879826127,0.000000000000,63.074218750000
1952,0.044263038549,69,80.000000000000,0.000000000000,0.000000000000,-26.285912785111,-64.945290836869,0.000000000000,61.384613037109
1953,0.044285714286,69,80.000000000000,0.000000000000,0.000000000000,-26.285912785111,-68.609177860795,0.000000000000,59.188514709473
1954,0.044308390023,69,80.000000000000,0.000000000000,0.000000000000,-26.285912785111,-58.516728672562,0.000000000000,53.193298339844
1955,0.044331065760,69,80.000000000000,0.000000000000,0.000000000000,-26.285912785111,-72.050179752885,0.000000000000,55.782749176025
1956,0.044353741497,69,80.000000000000,0.000000000000,0.000000000000,-26.285912785111,-62.054829868851,0.000000000000,43.117053985596
1957,0.044376417234,69,80.000000000000,0.000000000000,0.000000000000,-26.285912785111,-55.225907597123,0.000000000000,62.882266998291
1958,0.044399092971,69,80.000000000000,0.000000000000,0.000000000000,-26.285912785111,-64.439225468217,0.000000000000,45.249328613281
1959,0.044421768707,69,80.000000000000,0.000000000000,0.000000000000,-26.285912785111,-69.558907780228,0.000000000000,47.480552673340
1960,0.044444444444,69,80.000000000000,0.000000000000,0.000000000000,-26.285912785111,-62.083287510453,0.000000000000,59.742408752441
1961,0.044467120181,69,80.000000000000,0.000000000000,0.000000000000,-26.285912785111,-50.989770206986,0.000000000000,50.561782836914
1962,0.044489795918,69,80.000000000000,0.000000000000,0.000000000000,-26.285912785111,-42.950272831498,0.000000000000,37.011253356934
1963,0.044512471655,69,80.000000000000,0.000000000000,0.000000000000,-26.285912785111,-38.695771488725,0.000000000000,46.254302978516
1964,0.044535147392,69,80.000000000000,0.000000000000,0.000000000000,-26.285912785111,-36.679060253678,0.000000000000,71.043991088867
1965,0.044557823129,69,80.000000000000,0.000000000000,0.000000000000,-26.285912785111,-35.576483044205,0.000000000000,95.821517944336
1966,0.044580498866,69,80.000000000000,0.000000000000,0.000000000000,-26.285912785111,-34.753205570756,0.000000000000,112.621520996094
1967,0.044603174603,69,80.000000000000,0.000000000000,0.000000000000,-26.285912785111,-34.001270565568,0.000000000000,120.221855163574
1968,0.044625850340,69,80.000000000000,0.000000000000,0.000000000000,-26.285912785111,-33.279965672074,0.000000000000,124.023117065430
1969,0.044648526077,69,80.000000000000,0.000000000000,0.000000000000,-26.285912785111,-32.594167027055,0.000000000000,120.143386840820
1970,0.044671201814,69,80.000000000000,0.000000000000,0.000000000000,-26.285912785111,-31.936608585892,0.000000000000,122.665275573730
1971,0.044693877551,69,80.000000000000,0.000000000000,0.000000000000,-26.285912785111,-31.373965534745,0.000000000000,117.132469177246
1972,0.044716553288,69,80.000000000000,0.000000000000,0.000000000000,-26.285912785111,-30.614236149369,0.000000000000,111.293334960938
1973,0.044739229025,69,80.000000000000,0.000000000000,0.000000000000,-26.285912785111,-30.692723545609,0.000000000000,114.662277221680
1974,0.044761904762,69,80.000000000000,0.000000000000,0.000000000000,-26.285912785111,-28.647181782304,0.000000000000,114.767105102539
1975,0.044784580499,69,80.000000000000,0.000000000000,0.000000000000,-26.285912785111,-30.790926250993,0.000000000000,109.292617797852
1976,0.044807256236,69,80.000000000000,0.000000000000,0.000000000000,-26.285912785111,-28.040716442643,0.000000000000,84.347846984863
1977,0.044829931973,69,80.000000000000,0.000000000000,0.000000000000,-26.285912785111,-26.884255680619,0.000000000000,89.333557128906
1978,0.044852607710,69,80.000000000000,0.000000000000,0.000000000000,-26.285912785111,-29.155489239274,0.000000000000,49.888931274414
1979,0.044875283447,69,80.000000000000,0.000000000000,0.000000000000,-26.285912785111,-29.901572498856,0.000000000000,68.947937011719
1980,0.044897959184,69,80.000000000000,0.000000000000,0.000000000000,-26.285912785111,-27.622943195878,0.000000000000,66.867599487305
1981,0.044920634921,69,80.000000000000,0.000000000000,0.000000000000,-26.285912785111,-24.304817471085,0.000000000000,42.462810516357
1982,0.044943310658,69,80.000000000000,0.000000000000,0.000000000000,-26.285912785111,-21.663439068375,0.000000000000,46.995475769043
1983,0.044965986395,69,80.000000000000,0.000000000000,0.000000000000,-26.285912785111,-20.078826222001,0.000000000000,67.436897277832
1984,0.044988662132,69,80.000000000000,0.000000000000,0.000000000000,-26.285912785111,-19.264096531449,0.000000000000,64.714340209961
1985,0.045011337868,69,80.000000000000,0.000000000000,0.000000000000,-26.285912785111,-18.875765118180,0.000000000000,38.984153747559
1986,0.045034013605,69,80.000000000000,0.000000000000,0.000000000000,-26.285912785111,-18.697310719071,0.000000000000,6.779584407806
1987,0.045056689342,69,80.000000000000,0.000000000000,0.000000000000,-26.285912785111,-18.620412144242,0.000000000000,-15.517696380615
1988,0.045079365079,69,80.000000000000,0.000000000000,0.000000000000,-26.285912785111,-18.595521244584,0.000000000000,-35.984848022461
1989,0.045102040816,69,80.000000000000,0.000000000000,0.000000000000,-26.285912785111,-18.600341114579,0.000000000000,-30.505462646484
1990,0.045124716553,69,80.000000000000,0.000000000000,0.000000000000,-26.285912785111,-18.626635822831,0.000000000000,-52.459632873535
1991,0.045147392290,69,80.000000000000,0.000000000000,0.000000000000,-26.285912785111,-18.646731648026,0.000000000000,-36.905948638916
1992,0.045170068027,69,80.000000000000,0.000000000000,0.000000000000,-26.285912785111,-18.795210156022,0.000000000000,-37.956203460693
1993,0.045192743764,69,80.000000000000,0.000000000000,0.000000000000,-26.285912785111,-18.435274395524,0.000000000000,-51.390087127686
1994,0.045215419501,69,80.000000000000,0.000000000000,0.000000000000,-26.285912785111,-19.659743580399,0.000000000000,-45.788936614990
1995,0.045238095238,69,80.000000000000,0.000000000000,0.000000000000,-26.285912785111,-17.789892468034,0.000000000000,-32.943107604980
1996,0.045260770975,69,80.000000000000,0.000000000000,0.000000000000,-26.285912785111,-18.609828743516,0.000000000000,-43.374938964844
1997,0.045283446712,69,80.000000000000,0.000000000000,0.000000000000,-26.285912785111,-21.282903942643,0.000000000000,-64.938613891602
1998,0.045306122449,69,80.000000000000,0.000000000000,0.000000000000,-26.285912785111,-20.507007870255,0.000000000000,-97.617980957031
1999,0.045328798186,69,80.000000000000,0.000000000000,0.000000000000,-26.285912785111,-15.773808750687,0.000000000000,-110.581069946289
2000,0.045351473923,69,80.000000000000,0.000000000000,0.000000000000,-26.285912785111,-10.288021359025,0.000000000000,-123.032211303711
2001,0.045374149660,69,80.000000000000,0.000000000000,0.000000000000,-26.285912785111,-6.514889988480,0.000000000000,-132.178131103516
2002,0.045396825397,69,80.000000000000,0.000000000000,0.000000000000,-26.285912785111,-4.863721165238,0.000000000000,-129.738586425781
2003,0.045419501134,69,80.000000000000,0.000000000000,0.000000000000,-26.285912785111,-4.668095860062,0.000000000000,-123.700180053711
2004,0.045442176871,69,80.000000000000,0.000000000000,0.000000000000,-26.285912785111,-5.199836048661,0.000000000000,-123.432632446289
2005,0.045464852608,69,80.000000000000,0.000000000000,0.000000000000,-26.285912785111,-6.019593510209,0.000000000000,-129.297576904297
2006,0.045487528345,69,80.000000000000,0.000000000000,0.000000000000,-26.285912785111,-6.934094700394,0.000000000000,-137.398254394531
2007,0.045510204082,69,80.000000000000,0.000000000000,0.000000000000,-26.285912785111,-7.876208576737,0.000000000000,-142.015014648438
2008,0.045532879819,69,80.000000000000,0.000000000000,0.000000000000,-26.285912785111,-8.824786457597,0.000000000000,-148.931335449219
2009,0.045555555556,69,80.000000000000,0.000000000000,0.000000000000,-26.285912785111,-9.777413639603,0.000000000000,-139.127349853516
2010,0.045578231293,69,80.000000000000,0.000000000000,0.000000000000,-26.285912785111,-10.694592747269,0.000000000000,-158.110183715820
2011,0.045600907029,69,80.000000000000,0.000000000000,0.000000000000,-26.285912785111,-11.746470722733,0.000000000000,-126.881607055664
2012,0.045623582766,69,80.000000000000,0.000000000000,0.000000000000,-26.285912785111,-12.159674915849,0.000000000000,-146.196441650391
2013,0.045646258503,69,80.000000000000,0.000000000000,0.000000000000,-26.285912785111,-14.669684681474,0.000000000000,-146.279190063477
2014,0.045668934240,69,80.000000000000,0.000000000000,0.000000000000,-26.285912785111,-11.707461628495,0.000000000000,-120.595359802246
2015,0.045691609977,69,80.000000000000,0.000000000000,0.000000000000,-26.285912785111,-18.007362637101,0.000000000000,-119.819938659668
2016,0.045714285714,69,80.000000000000,0.000000000000,0.000000000000,-26.285912785111,-14.453881535111,0.000000000000,-137.316497802734
2017,0.045736961451,69,80.000000000000,0.000000000000,0.000000000000,-26.285912785111,-14.393666538773,0.000000000000,-134.146575927734
2018,0.045759637188,69,80.000000000000,0.000000000000,0.000000000000,-26.285912785111,-18.278678211747,0.000000000000,-108.174583435059
2019,0.045782312925,69,80.000000000000,0.000000000000,0.000000000000,-26.285912785111,-18.186905178605,0.000000000000,-74.100921630859
2020,0.045804988662,69,80.000000000000,0.000000000000,0.000000000000,-26.285912785111,-12.788938793717,0.000000000000,-45.528034210205
2021,0.045827664399,69,80.000000000000,0.000000000000,0.000000000000,-26.285912785111,-7.294442448197,0.000000000000,-28.193031311035
2022,0.045850340136,69,80.000000000000,0.000000000000,0.000000000000,-26.285912785111,-3.933791431962,0.000000000000,-17.661592483521
2023,0.045873015873,69,80.000000000000,0.000000000000,0.000000000000,-26.285912785111,-2.375272068559,0.000000000000,-10.458689689636
2024,0.045895691610,69,80.000000000000,0.000000000000,0.000000000000,-26.285912785111,-1.792258534013,0.000000000000,-6.575821876526
2025,0.045918367347,69,80.000000000000,0.000000000000,0.000000000000,-26.285912785111,-1.643830570756,0.000000000000,-5.766539573669
2026,0.045941043084,69,80.000000000000,0.000000000000,0.000000000000,-26.285912785111,-1.672597202836,0.000000000000,-6.617618560791
2027,0.045963718821,69,80.000000000000,0.000000000000,0.000000000000,-26.285912785111,-1.767949375687,0.000000000000,-7.225122451782
2028,0.045986394558,69,80.000000000000,0.000000000000,0.000000000000,-26.285912785111,-1.881707462846,0.000000000000,-8.007495880127
2029,0.046009070295,69,80.000000000000,0.000000000000,0.000000000000,-26.285912785111,-1.995505604325,0.000000000000,-5.484079360962
2030,0.046031746032,69,80.000000000000,0.000000000000,0.000000000000,-26.285912785111,-2.083943638383,0.000000000000,-8.032324790955
2031,0.046054421769,69,80.000000000000,0.000000000000,0.000000000000,-26.285912785111,-2.253049168168,0.000000000000,-0.518045425415
2032,0.046077097506,69,80.000000000000,0.000000000000,0.000000000000,-26.285912785111,-1.953288349686,0.000000000000,-4.722827911377
2033,0.046099773243,69,80.000000000000,0.000000000000,0.000000000000,-26.285912785111,-3.577262196122,0.000000000000,-1.890032768250
2034,0.046122448980,69,80.000000000000,0.003978653742,0.000014936407,-26.285942858080,1.317391124191,0.025120971490,4.564816474915
2035,0.046145124717,69,80.000000000000,0.019562555713,0.000000000000,-26.286090723202,-10.588046167739,0.000000000000,3.164412498474
2036,0.046167800454,69,80.000000000000,0.199505242867,0.000081935374,-26.287598699339,7.226699956729,0.058836804273,-0.258868217468
2037,0.046190476190,69,80.000000000000,1.120367604634,0.000072772794,-26.296067086373,-7.944989089365,0.055449531573,-0.192586898804
2038,0.046213151927,69,80.000000000000,0.000000000000,0.000000000000,-26.296067086373,-12.382875291024,0.000000000000,11.230513572693
2039,0.046235827664,69,80.000000000000,0.029847920548,0.000035872223,-26.296292694238,3.163930090751,0.038930726070,17.258132934570
2040,0.046258503401,69,80.000000000000,0.723826193240,0.000130072071,-26.301763791693,5.157938990619,0.074131943248,28.692876815796
2041,0.046281179138,69,80.000000000000,1.320304234497,0.000002089245,-26.311743415536,-16.250683144359,0.009395242611,38.164615631104
2042,0.046303854875,69,80.000000000000,0.000000000000,0.000000000000,-26.311743415536,-40.513395942392,0.000000000000,36.333488464355
2043,0.046326530612,69,80.000000000000,0.000000000000,0.000000000000,-26.311743415536,-57.148632682504,0.000000000000,33.465610504150
2044,0.046349206349,69,80.000000000000,0.000000000000,0.000000000000,-26.311743415536,-65.095122016611,0.000000000000,39.278556823730
2045,0.046371882086,69,80.000000000000,0.000000000000,0.000000000000,-26.311743415536,-67.960539497079,0.000000000000,51.561721801758
2046,0.046394557823,69,80.000000000000,0.000000000000,0.000000000000,-26.311743415536,-68.660730994882,0.000000000000,63.428661346436
2047,0.046417233560,69,80.000000000000,0.000000000000,0.000000000000,-26.311743415536,-68.629442847909,0.000000000000,70.908241271973
2048,0.046439909297,69,80.000000000000,0.000000000000,0.000000000000,-26.311743415536,-68.387732185068,0.000000000000,73.677001953125
2049,0.046462585034,69,80.000000000000,0.000000000000,0.000000000000,-26.311743415536,-68.079363502206,0.000000000000,73.630310058594
2050,0.046485260771,69,80.000000000000,0.000000000000,0.000000000000,-26.311743415536,-67.728476203622,0.000000000000,71.486717224121
2051,0.046507936508,69,80.000000000000,0.000000000000,0.000000000000,-26.311743415536,-67.362436927499,0.000000000000,69.515731811523
2052,0.046530612245,69,80.000000000000,0.000000000000,0.000000000000,-26.311743415536,-66.855238593759,0.000000000000,66.760063171387
2053,0.046553287982,69,80.000000000000,0.000000000000,0.000000000000,-26.311743415536,-66.841055549325,0.000000000000,63.609790802002
2054,0.046575963719,69,80.000000000000,0.000000000000,0.000000000000,-26.311743415536,-64.795950568857,0.000000000000,61.733440399170
2055,0.046598639456,69,80.000000000000,0.000000000000,0.000000000000,-26.311743415536,-68.999289191904,0.000000000000,60.021369934082
2056,0.046621315193,69,80.000000000000,0.000000000000,0.000000000000,-26.311743415536,-58.452086127939,0.000000000000,53.628620147705
2057,0.046643990930,69,80.000000000000,0.000000000000,0.000000000000,-26.311743415536,-71.326338447275,0.000000000000,56.871006011963
2058,0.046666666667,69,80.000000000000,0.000000000000,0.000000000000,-26.311743415536,-63.528353370370,0.000000000000,42.767147064209
2059,0.046689342404,69,80.000000000000,0.000000000000,0.000000000000,-26.311743415536,-55.284067786874,0.000000000000,61.917915344238
2060,0.046712018141,69,80.000000000000,0.000000000000,0.000000000000,-26.311743415536,-63.023562110605,0.000000000000,47.554801940918
2061,0.046734693878,69,80.000000000000,0.000000000000,0.000000000000,-26.311743415536,-69.375914252939,0.000000000000,46.153572082520
2062,0.046757369615,69,80.000000000000,0.000000000000,0.000000000000,-26.311743415536,-63.645456947030,0.000000000000,58.433269500732
2063,0.046780045351,69,80.000000000000,0.000000000000,0.000000000000,-26.311743415536,-52.816328681650,0.000000000000,53.031494140625
2064,0.046802721088,69,80.000000000000,0.000000000000,0.000000000000,-26.311743415536,-44.207680381479,0.000000000000,38.917217254639
2065,0.046825396825,69,80.000000000000,0.000000000000,0.000000000000,-26.311743415536,-39.367788947763,0.000000000000,43.305122375488
2066,0.046848072562,69,80.000000000000,0.000000000000,0.000000000000,-26.311743415536,-37.019282973947,0.000000000000,65.181831359863
2067,0.046870748299,69,80.000000000000,0.000000000000,0.000000000000,-26.311743415536,-35.782825149240,0.000000000000,90.084548950195
2068,0.046893424036,69,80.000000000000,0.000000000000,0.000000000000,-26.311743415536,-34.918383277597,0.000000000000,108.735710144043
2069,0.046916099773,69,80.000000000000,0.000000000000,0.000000000000,-26.311743415536,-34.155393279733,0.000000000000,118.081558227539
2070,0.046938775510,69,80.000000000000,0.000000000000,0.000000000000,-26.311743415536,-33.428659118356,0.000000000000,123.438568115234
2071,0.046961451247,69,80.000000000000,0.000000000000,0.000000000000,-26.311743415536,-32.737922347726,0.000000000000,120.095535278320
2072,0.046984126984,69,80.000000000000,0.000000000000,0.000000000000,-26.311743415536,-32.070479072275,0.000000000000,122.614761352539
2073,0.047006802721,69,80.000000000000,0.000000000000,0.000000000000,-26.311743415536,-31.515174544992,0.000000000000,118.255821228027
2074,0.047029478458,69,80.000000000000,0.000000000000,0.000000000000,-26.311743415536,-30.708217300119,0.000000000000,111.773002624512
2075,0.047052154195,69,80.000000000000,0.000000000000,0.000000000000,-26.311743415536,-30.871257461252,0.000000000000,114.082870483398
2076,0.047074829932,69,80.000000000000,0.000000000000,0.000000000000,-26.311743415536,-28.713979400339,0.000000000000,114.712173461914
2077,0.047097505669,69,80.000000000000,0.000000000000,0.000000000000,-26.311743415536,-30.809452689828,0.000000000000,112.203651428223
2078,0.047120181406,69,80.000000000000,0.000000000000,0.000000000000,-26.311743415536,-28.433406509103,0.000000000000,86.934944152832
2079,0.047142857143,69,80.000000000000,0.000000000000,0.000000000000,-26.311743415536,-26.874659217538,0.000000000000,92.914337158203
2080,0.047165532880,69,80.000000000000,0.000000000000,0.000000000000,-26.311743415536,-28.884378112497,0.000000000000,53.623115539551
2081,0.047188208617,69,80.000000000000,0.000000000000,0.000000000000,-26.311743415536,-29.998907722177,0.000000000000,66.558929443359
2082,0.047210884354,69,80.000000000000,0.000000000000,0.000000000000,-26.311743415536,-28.134787238779,0.000000000000,69.002143859863
2083,0.047233560091,69,80.000000000000,0.000000000000,0.000000000000,-26.311743415536,-24.902961410226,0.000000000000,45.850543975830
2084,0.047256235828,69,80.000000000000,0.000000000000,0.000000000000,-26.311743415536,-22.122098601999,0.000000000000,44.818229675293
2085,0.047278911565,69,80.000000000000,0.000000000000,0.000000000000,-26.311743415536,-20.364936507883,0.000000000000,63.913940429688
2086,0.047301587302,69,80.000000000000,0.000000000000,0.000000000000,-26.311743415536,-19.429625190439,0.000000000000,66.358734130859
2087,0.047324263039,69,80.000000000000,0.000000000000,0.000000000000,-26.311743415536,-18.974814094247,0.000000000000,45.216102600098
2088,0.047346938776,69,80.000000000000,0.000000000000,0.000000000000,-26.311743415536,-18.763299621286,0.000000000000,13.759399414062
2089,0.047369614512,69,80.000000000000,0.000000000000,0.000000000000,-26.311743415536,-18.670120872201,0.000000000000,-9.540173530579
2090,0.047392290249,69,80.000000000000,0.000000000000,0.000000000000,-26.311743415536,-18.636685050668,0.000000000000,-33.157791137695
2091,0.047414965986,69,80.000000000000,0.000000000000,0.000000000000,-26.311743415536,-18.636260665597,0.000000000000,-28.472095489502
2092,0.047437641723,69,80.000000000000,0.000000000000,0.000000000000,-26.311743415536,-18.660699523630,0.000000000000,-50.748588562012
2093,0.047460317460,69,80.000000000000,0.000000000000,0.000000000000,-26.311743415536,-18.670450843515,0.000000000000,-38.984077453613
2094,0.047482993197,69,80.000000000000,0.000000000000,0.000000000000,-26.311743415536,-18.847242988290,0.000000000000,-36.734077453613
2095,0.047505668934,69,80.000000000000,0.000000000000,0.000000000000,-26.311743415536,-18.412529624643,0.000000000000,-49.612209320068
2096,0.047528344671,69,80.000000000000,0.000000000000,0.000000000000,-26.311743415536,-19.716078437509,0.000000000000,-47.642646789551
2097,0.047551020408,69,80.000000000000,0.000000000000,0.000000000000,-26.311743415536,-17.958984054269,0.000000000000,-34.541465759277
2098,0.047573696145,69,80.000000000000,0.000000000000,0.000000000000,-26.311743415536,-18.365185416879,0.000000000000,-40.670677185059
2099,0.047596371882,69,80.000000000000,0.000000000000,0.000000000000,-26.311743415536,-21.082001365365,0.000000000000,-58.763698577881
2100,0.047619047619,69,80.000000000000,0.000000000000,0.000000000000,-26.311743415536,-20.963896430673,0.000000000000,-91.220466613770
2101,0.047641723356,69,80.000000000000,0.000000000000,0.000000000000,-26.311743415536,-16.741338409128,0.000000000000,-106.695388793945
2102,0.047664399093,69,80.000000000000,0.000000000000,0.000000000000,-26.311743415536,-11.243679679574,0.000000000000,-119.792213439941
2103,0.047687074830,69,80.000000000000,0.000000000000,0.000000000000,-26.311743415536,-7.140150703134,0.000000000000,-130.462188720703
2104,0.047709750567,69,80.000000000000,0.000000000000,0.000000000000,-26.311743415536,-5.143746055307,0.000000000000,-130.154541015625
2105,0.047732426304,69,80.000000000000,0.000000000000,0.000000000000,-26.311743415536,-4.722845710458,0.000000000000,-124.489173889160
2106,0.047755102041,69,80.000000000000,0.000000000000,0.000000000000,-26.311743415536,-5.143416083993,0.000000000000,-123.001663208008
2107,0.047777777778,69,80.000000000000,0.000000000000,0.000000000000,-26.311743415536,-5.918299354257,0.000000000000,-127.613075256348
2108,0.047800453515,69,80.000000000000,0.000000000000,0.000000000000,-26.311743415536,-6.816803611459,0.000000000000,-135.550476074219
2109,0.047823129252,69,80.000000000000,0.000000000000,0.000000000000,-26.311743415536,-7.753176368417,0.000000000000,-140.175888061523
2110,0.047845804989,69,80.000000000000,0.000000000000,0.000000000000,-26.311743415536,-8.698927558603,0.000000000000,-148.694137573242
2111,0.047868480726,69,80.000000000000,0.000000000000,0.000000000000,-26.311743415536,-9.652504600229,0.000000000000,-138.001846313477
2112,0.047891156463,69,80.000000000000,0.000000000000,0.000000000000,-26.311743415536,-10.560413993539,0.000000000000,-158.457336425781
2113,0.047913832200,69,80.000000000000,0.000000000000,0.000000000000,-26.311743415536,-11.649660743417,0.000000000000,-128.991516113281
2114,0.047936507937,69,80.000000000000,0.000000000000,0.000000000000,-26.311743415536,-11.956597007455,0.000000000000,-143.208282470703
2115,0.047959183673,69,80.000000000000,0.000000000000,0.000000000000,-26.311743415536,-14.686726249399,0.000000000000,-147.956481933594
2116,0.047981859410,69,80.000000000000,0.000000000000,0.000000000000,-26.311743415536,-11.545061744394,0.000000000000,-124.453384399414
2117,0.048004535147,69,80.000000000000,0.000000000000,0.000000000000,-26.311743415536,-17.594808257760,0.000000000000,-118.619384765625
2118,0.048027210884,69,80.000000000000,0.000000000000,0.000000000000,-26.311743415536,-14.837457336130,0.000000000000,-134.257629394531
2119,0.048049886621,69,80.000000000000,0.000000000000,0.000000000000,-26.311743415536,-14.165447868051,0.000000000000,-135.774322509766
2120,0.048072562358,69,80.000000000000,0.000000000000,0.000000000000,-26.311743415536,-17.858240760507,0.000000000000,-114.420410156250
2121,0.048095238095,69,80.000000000000,0.000000000000,0.000000000000,-26.311743415536,-18.519838966073,0.000000000000,-81.850143432617
2122,0.048117913832,69,80.000000000000,0.000000000000,0.000000000000,-26.311743415536,-13.822533286752,0.000000000000,-51.879878997803
2123,0.048140589569,69,80.000000000000,0.000000000000,0.000000000000,-26.311743415536,-8.228146232309,0.000000000000,-32.276954650879
2124,0.048163265306,69,80.000000000000,0.000000000000,0.000000000000,-26.311743415536,-4.512123740854,0.000000000000,-20.235015869141
2125,0.048185941043,69,80.000000000000,0.000000000000,0.000000000000,-26.311743415536,-2.675621665658,0.000000000000,-12.107732772827
2126,0.048208616780,69,80.000000000000,0.000000000000,0.000000000000,-26.311743415536,-1.943344749155,0.000000000000,-7.403573036194
2127,0.048231292517,69,80.000000000000,0.000000000000,0.000000000000,-26.311743415536,-1.727865852060,0.000000000000,-5.918250083923
2128,0.048253968254,69,80.000000000000,0.000000000000,0.000000000000,-26.311743415536,-1.729197181405,0.000000000000,-6.471117019653
2129,0.048276643991,69,80.000000000000,0.000000000000,0.000000000000,-26.311743415536,-1.814469016733,0.000000000000,-7.007637977600
2130,0.048299319728,69,80.000000000000,0.000000000000,0.000000000000,-26.311743415536,-1.925501502695,0.000000000000,-8.125008583069
2131,0.048321995465,69,80.000000000000,0.000000000000,0.000000000000,-26.311743415536,-2.041052497568,0.000000000000,-5.488889694214
2132,0.048344671202,69,80.000000000000,0.000000000000,0.000000000000,-26.311743415536,-2.124989188852,0.000000000000,-8.445745468140
2133,0.048367346939,69,80.000000000000,0.000000000000,0.000000000000,-26.311743415536,-2.325033820810,0.000000000000,-1.127040863037
2134,0.048390022676,69,80.000000000000,0.000000000000,0.000000000000,-26.311743415536,-1.914614356698,0.000000000000,-4.451460838318
2135,0.048412698413,69,80.000000000000,0.000000000000,0.000000000000,-26.311743415536,-3.870531715097,0.000000000000,-2.806714057922
2136,0.048435374150,69,80.000000000000,0.007121909066,0.000019239129,-26.311797247049,1.696891151724,0.028510580277,3.652495384216
2137,0.048458049887,69,80.000000000000,0.034996203099,0.000000000000,-26.312061768614,-10.846916029089,0.000000000000,3.491008758545
2138,0.048480725624,69,80.000000000000,0.146689246937,0.000071680924,-26.313170530873,6.322257536806,0.055031982139,0.380253791809
2139,0.048503401361,69,80.000000000000,0.870857708696,0.000073855397,-26.319752977651,-6.064405173471,0.055860455947,-1.059772491455
2140,0.048526077098,69,80.000000000000,0.000913787530,0.000000000000,-26.319759884586,-13.020113781032,0.000000000000,9.203128814697
2141,0.048548752834,69,80.000000000000,0.003259402892,0.000013696033,-26.319784521041,1.207990130672,0.024055298873,15.193030357361
2142,0.048571428571,69,80.000000000000,0.314795831829,0.000097661395,-26.322163930200,6.199222713478,0.064235457064,25.956352233887
2143,0.048594104308,69,80.000000000000,1.038179390478,0.000029498669,-26.330011091126,-12.083718245785,0.035303240354,36.580883026123
2144,0.048616780045,69,80.000000000000,0.000000000000,0.000000000000,-26.330011091126,-36.457878789796,0.000000000000,36.593761444092
2145,0.048639455782,69,80.000000000000,0.000000000000,0.000000000000,-26.330011091126,-54.561877927674,0.000000000000,33.454536437988
2146,0.048662131519,69,80.000000000000,0.000000000000,0.000000000000,-26.330011091126,-63.861024579896,0.000000000000,37.500160217285
2147,0.048684807256,69,80.000000000000,0.000000000000,0.000000000000,-26.330011091126,-67.490667066468,0.000000000000,48.626777648926
2148,0.048707482993,69,80.000000000000,0.000000000000,0.000000000000,-26.330011091126,-68.514779767884,0.000000000000,60.692146301270
2149,0.048730158730,69,80.000000000000,0.000000000000,0.000000000000,-26.330011091126,-68.594705304993,0.000000000000,69.164985656738
2150,0.048752834467,69,80.000000000000,0.000000000000,0.000000000000,-26.330011091126,-68.386930189027,0.000000000000,72.933677673340
2151,0.048775510204,69,80.000000000000,0.000000000000,0.000000000000,-26.330011091126,-68.091226301087,0.000000000000,73.604171752930
2152,0.048798185941,69,80.000000000000,0.000000000000,0.000000000000,-26.330011091126,-67.746915540589,0.000000000000,71.816757202148
2153,0.048820861678,69,80.000000000000,0.000000000000,0.000000000000,-26.330011091126,-67.395173749818,0.000000000000,69.945693969727
2154,0.048843537415,69,80.000000000000,0.000000000000,0.000000000000,-26.330011091126,-66.862230024232,0.000000000000,67.361778259277
2155,0.048866213152,69,80.000000000000,0.000000000000,0.000000000000,-26.330011091126,-66.964975080384,0.000000000000,64.177330017090
2156,0.048888888889,69,80.000000000000,0.000000000000,0.000000000000,-26.330011091126,-64.624204358948,0.000000000000,62.060726165771
2157,0.048911564626,69,80.000000000000,0.000000000000,0.000000000000,-26.330011091126,-69.360250196351,0.000000000000,60.831771850586
2158,0.048934240363,69,80.000000000000,0.000000000000,0.000000000000,-26.330011091126,-58.482232770814,0.000000000000,54.028045654297
2159,0.048956916100,69,80.000000000000,0.000000000000,0.000000000000,-26.330011091126,-70.514077863587,0.000000000000,58.004859924316
2160,0.048979591837,69,80.000000000000,0.000000000000,0.000000000000,-26.330011091126,-64.873201093568,0.000000000000,42.713600158691
2161,0.049002267574,69,80.000000000000,0.000000000000,0.000000000000,-26.330011091126,-55.586114606751,0.000000000000,60.696418762207
2162,0.049024943311,69,80.000000000000,0.000000000000,0.000000000000,-26.330011091126,-61.703592023743,0.000000000000,49.694747924805
2163,0.049047619048,69,80.000000000000,0.000000000000,0.000000000000,-26.330011091126,-68.953324994935,0.000000000000,45.358890533447
2164,0.049070294785,69,80.000000000000,0.000000000000,0.000000000000,-26.330011091126,-64.984735212220,0.000000000000,56.811203002930
2165,0.049092970522,69,80.000000000000,0.000000000000,0.000000000000,-26.330011091126,-54.634963712586,0.000000000000,54.823646545410
2166,0.049115646259,69,80.000000000000,0.000000000000,0.000000000000,-26.330011091126,-45.558019361390,0.000000000000,41.182239532471
2167,0.049138321995,69,80.000000000000,0.000000000000,0.000000000000,-26.330011091126,-40.122510633362,0.000000000000,41.373790740967
2168,0.049160997732,69,80.000000000000,0.000000000000,0.000000000000,-26.330011091126,-37.401209554566,0.000000000000,59.892246246338
2169,0.049183673469,69,80.000000000000,0.000000000000,0.000000000000,-26.330011091126,-36.001244268311,0.000000000000,84.265609741211
2170,0.049206349206,69,80.000000000000,0.000000000000,0.000000000000,-26.330011091126,-35.082073888673,0.000000000000,104.437629699707
2171,0.049229024943,69,80.000000000000,0.000000000000,0.000000000000,-26.330011091126,-34.303683004273,0.000000000000,115.498115539551
2172,0.049251700680,69,80.000000000000,0.000000000000,0.000000000000,-26.330011091126,-33.570633611573,0.000000000000,122.527908325195
2173,0.049274376417,69,80.000000000000,0.000000000000,0.000000000000,-26.330011091126,-32.875269613160,0.000000000000,119.942710876465
2174,0.049297052154,69,80.000000000000,0.000000000000,0.000000000000,-26.330011091126,-32.197046956910,0.000000000000,122.427291870117
2175,0.049319727891,69,80.000000000000,0.000000000000,0.000000000000,-26.330011091126,-31.651738843812,0.000000000000,119.250411987305
2176,0.049342403628,69,80.000000000000,0.000000000000,0.000000000000,-26.330011091126,-30.792712888611,0.000000000000,112.428222656250
2177,0.049365079365,69,80.000000000000,0.000000000000,0.000000000000,-26.330011091126,-31.041990003480,0.000000000000,113.659820556641
2178,0.049387755102,69,80.000000000000,0.000000000000,0.000000000000,-26.330011091126,-28.788725576295,0.000000000000,114.319702148438
2179,0.049410430839,69,80.000000000000,0.000000000000,0.000000000000,-26.330011091126,-30.796554288758,0.000000000000,114.709480285645
2180,0.049433106576,69,80.000000000000,0.000000000000,0.000000000000,-26.330011091126,-28.809652051819,0.000000000000,89.394691467285
2181,0.049455782313,69,80.000000000000,0.000000000000,0.000000000000,-26.330011091126,-26.918339452637,0.000000000000,96.251235961914
2182,0.049478458050,69,80.000000000000,0.000000000000,0.000000000000,-26.330011091126,-28.608544072999,0.000000000000,57.971076965332
2183,0.049501133787,69,80.000000000000,0.000000000000,0.000000000000,-26.330011091126,-30.019574842347,0.000000000000,64.704681396484
2184,0.049523809524,69,80.000000000000,0.000000000000,0.000000000000,-26.330011091126,-28.585058889283,0.000000000000,70.395179748535
2185,0.049546485261,69,80.000000000000,0.000000000000,0.000000000000,-26.330011091126,-25.490978917969,0.000000000000,49.480289459229
2186,0.049569160998,69,80.000000000000,0.000000000000,0.000000000000,-26.330011091126,-22.599661550416,0.000000000000,43.734493255615
2187,0.049591836735,69,80.000000000000,0.000000000000,0.000000000000,-26.330011091126,-20.671500882996,0.000000000000,60.359146118164
2188,0.049614512472,69,80.000000000000,0.000000000000,0.000000000000,-26.330011091126,-19.606500348939,0.000000000000,66.847618103027
2189,0.049637188209,69,80.000000000000,0.000000000000,0.000000000000,-26.330011091126,-19.076677045716,0.000000000000,50.547492980957
2190,0.049659863946,69,80.000000000000,0.000000000000,0.000000000000,-26.330011091126,-18.826929769410,0.000000000000,20.547845840454
2191,0.049682539683,69,80.000000000000,0.000000000000,0.000000000000,-26.330011091126,-18.714867315186,0.000000000000,-3.158536911011
2192,0.049705215420,69,80.000000000000,0.000000000000,0.000000000000,-26.330011091126,-18.671697339905,0.000000000000,-29.778802871704
2193,0.049727891156,69,80.000000000000,0.000000000000,0.000000000000,-26.330011091126,-18.665351591004,0.000000000000,-26.262933731079
2194,0.049750566893,69,80.000000000000,0.000000000000,0.000000000000,-26.330011091126,-18.688272199525,0.000000000000,-48.540504455566
2195,0.049773242630,69,80.000000000000,0.000000000000,0.000000000000,-26.330011091126,-18.685398778809,0.000000000000,-40.749839782715
2196,0.049795918367,69,80.000000000000,0.000000000000,0.000000000000,-26.330011091126,-18.894694051636,0.000000000000,-36.032943725586
2197,0.049818594104,69,80.000000000000,0.000000000000,0.000000000000,-26.330011091126,-18.384038171662,0.000000000000,-47.626182556152
2198,0.049841269841,69,80.000000000000,0.000000000000,0.000000000000,-26.330011091126,-19.747536382569,0.000000000000,-48.832542419434
2199,0.049863945578,69,80.000000000000,0.000000000000,0.000000000000,-26.330011091126,-18.140067777527,0.000000000000,-36.387580871582
2200,0.049886621315,69,80.000000000000,0.000000000000,0.000000000000,-26.330011091126,-18.153951368226,0.000000000000,-38.940940856934
2201,0.049909297052,69,80.000000000000,0.000000000000,0.000000000000,-26.330011091126,-20.821865758790,0.000000000000,-53.275489807129
2202,0.049931972789,69,80.000000000000,0.000000000000,0.000000000000,-26.330011091126,-21.303181371583,0.000000000000,-84.729782104492
2203,0.049954648526,69,80.000000000000,0.000000000000,0.000000000000,-26.330011091126,-17.641549787415,0.000000000000,-102.414512634277
2204,0.049977324263,69,80.000000000000,0.000000000000,0.000000000000,-26.330011091126,-12.212758741273,0.000000000000,-116.283676147461
2205,0.050000000000,69,80.000000000000,0.000000000000,0.000000000000,-26.330011091126,-7.818116865052,0.000000000000,-128.302963256836
2206,0.050022675737,69,80.000000000000,0.000000000000,0.000000000000,-26.330011091126,-5.471938810242,0.000000000000,-130.163452148438
2207,0.050045351474,69,80.000000000000,0.000000000000,0.000000000000,-26.330011091126,-4.804940900696,0.000000000000,-125.265319824219
2208,0.050068027211,69,80.000000000000,0.000000000000,0.000000000000,-26.330011091126,-5.096521100892,0.000000000000,-122.854698181152
2209,0.050090702948,69,80.000000000000,0.000000000000,0.000000000000,-26.330011091126,-5.816510877503,0.000000000000,-126.162918090820
2210,0.050113378685,69,80.000000000000,0.000000000000,0.000000000000,-26.330011091126,-6.694680890931,0.000000000000,-133.782745361328
2211,0.050136054422,69,80.000000000000,0.000000000000,0.000000000000,-26.330011091126,-7.623784742249,0.000000000000,-138.181152343750
2212,0.050158730159,69,80.000000000000,0.000000000000,0.000000000000,-26.330011091126,-8.566011152161,0.000000000000,-148.327423095703
2213,0.050181405896,69,80.000000000000,0.000000000000,0.000000000000,-26.330011091126,-9.520978650941,0.000000000000,-136.846557617188
2214,0.050204081633,69,80.000000000000,0.000000000000,0.000000000000,-26.330011091126,-10.416829786194,0.000000000000,-158.367599487305
2215,0.050226757370,69,80.000000000000,0.000000000000,0.000000000000,-26.330011091126,-11.550227842225,0.000000000000,-131.370452880859
2216,0.050249433107,69,80.000000000000,0.000000000000,0.000000000000,-26.330011091126,-11.739659986390,0.000000000000,-140.568588256836
2217,0.050272108844,69,80.000000000000,0.000000000000,0.000000000000,-26.330011091126,-14.687081060303,0.000000000000,-148.763824462891
2218,0.050294784580,69,80.000000000000,0.000000000000,0.000000000000,-26.330011091126,-11.416675290955,0.000000000000,-128.343597412109
2219,0.050317460317,69,80.000000000000,0.000000000000,0.000000000000,-26.330011091126,-17.158513746155,0.000000000000,-118.454101562500
2220,0.050340136054,69,80.000000000000,0.000000000000,0.000000000000,-26.330011091126,-15.178731641663,0.000000000000,-131.286651611328
2221,0.050362811791,69,80.000000000000,0.000000000000,0.000000000000,-26.330011091126,-14.006076536072,0.000000000000,-136.341323852539
2222,0.050385487528,69,80.000000000000,0.000000000000,0.000000000000,-26.330011091126,-17.426928243531,0.000000000000,-119.693977355957
2223,0.050408163265,69,80.000000000000,0.000000000000,0.000000000000,-26.330011091126,-18.734169683350,0.000000000000,-89.340522766113
2224,0.050430839002,69,80.000000000000,0.000000000000,0.000000000000,-26.330011091126,-14.775956830872,0.000000000000,-58.578895568848
2225,0.050453514739,69,80.000000000000,0.000000000000,0.000000000000,-26.330011091126,-9.185313901795,0.000000000000,-36.855522155762
2226,0.050476190476,69,80.000000000000,0.000000000000,0.000000000000,-26.330011091126,-5.141320905579,0.000000000000,-23.165311813354
2227,0.050498866213,69,80.000000000000,0.000000000000,0.000000000000,-26.330011091126,-3.011377057923,0.000000000000,-14.002374649048
2228,0.050521541950,69,80.000000000000,0.000000000000,0.000000000000,-26.330011091126,-2.109714231385,0.000000000000,-8.437348365784
2229,0.050544217687,69,80.000000000000,0.000000000000,0.000000000000,-26.330011091126,-1.814626417054,0.000000000000,-6.219156265259
2230,0.050566893424,69,80.000000000000,0.000000000000,0.000000000000,-26.330011091126,-1.782407483948,0.000000000000,-6.398193359375
2231,0.050589569161,69,80.000000000000,0.000000000000,0.000000000000,-26.330011091126,-1.854898176087,0.000000000000,-6.776508331299
2232,0.050612244898,69,80.000000000000,0.000000000000,0.000000000000,-26.330011091126,-1.961930951966,0.000000000000,-8.211555480957
2233,0.050634920635,69,80.000000000000,0.000000000000,0.000000000000,-26.330011091126,-2.079244336976,0.000000000000,-5.465223312378
2234,0.050657596372,69,80.000000000000,0.000000000000,0.000000000000,-26.330011091126,-2.156327924622,0.000000000000,-8.769982337952
2235,0.050680272109,69,80.000000000000,0.000000000000,0.000000000000,-26.330011091126,-2.395280561341,0.000000000000,-1.796906471252
2236,0.050702947846,69,80.000000000000,0.000000000000,0.000000000000,-26.330011091126,-1.853027067078,0.000000000000,-4.192379951477
2237,0.050725623583,69,80.000000000000,0.000000000000,0.000000000000,-26.330011091126,-4.175269803895,0.000000000000,-3.548835754395
2238,0.050748299320,69,80.000000000000,0.011149076371,0.000023378280,-26.330095362301,2.061964311706,0.031428209264,2.654764175415
2239,0.050770975057,69,80.000000000000,0.054750859080,0.000000000000,-26.330509200993,-10.978091988233,0.000000000000,3.585165023804
2240,0.050793650794,69,80.000000000000,0.098838239722,0.000060374007,-26.331256277635,5.324987396297,0.050505462929,1.067908287048
2241,0.050816326531,69,80.000000000000,0.629008261511,0.000071733767,-26.336010686264,-4.278543138408,0.055052263035,-1.604712486267
2242,0.050839002268,69,80.000000000000,0.012882304058,0.000000000000,-26.336108058176,-13.311973876282,0.000000000000,7.382507801056
2243,0.050861678005,69,80.000000000000,0.000000000000,0.000000000000,-26.336108058176,-0.749918788157,0.000000000000,13.250119209290
2244,0.050884353741,69,80.000000000000,0.167875868436,0.000076011186,-26.337376961188,6.704186589040,0.056669856191,23.242456436157
2245,0.050907029478,69,80.000000000000,0.902688483436,0.000057017244,-26.344200003391,-8.303846706709,0.049081346167,34.665412902832
2246,0.050929705215,69,80.000000000000,0.000000000000,0.000000000000,-26.344200003391,-32.317697394138,0.000000000000,36.556953430176
2247,0.050952380952,69,80.000000000000,0.000000000000,0.000000000000,-26.344200003391,-51.717616904026,0.000000000000,33.589134216309
2248,0.050975056689,69,80.000000000000,0.000000000000,0.000000000000,-26.344200003391,-62.412738669162,0.000000000000,36.100280761719
2249,0.050997732426,69,80.000000000000,0.000000000000,0.000000000000,-26.344200003391,-66.901561606174,0.000000000000,45.904449462891
2250,0.051020408163,69,80.000000000000,0.000000000000,0.000000000000,-26.344200003391,-68.316192496067,0.000000000000,57.880779266357
2251,0.051043083900,69,80.000000000000,0.000000000000,0.000000000000,-26.344200003391,-68.538970816379,0.000000000000,67.189331054688
2252,0.051065759637,69,80.000000000000,0.000000000000,0.000000000000,-26.344200003391,-68.376579153781,0.000000000000,71.955490112305
2253,0.051088435374,69,80.000000000000,0.000000000000,0.000000000000,-26.344200003391,-68.096893179660,0.000000000000,73.413368225098
2254,0.051111111111,69,80.000000000000,0.000000000000,0.000000000000,-26.344200003391,-67.759326803928,0.000000000000,72.067276000977
2255,0.051133786848,69,80.000000000000,0.000000000000,0.000000000000,-26.344200003391,-67.424438345676,0.000000000000,70.333267211914
2256,0.051156462585,69,80.000000000000,0.000000000000,0.000000000000,-26.344200003391,-66.858207571750,0.000000000000,67.934310913086
2257,0.051179138322,69,80.000000000000,0.000000000000,0.000000000000,-26.344200003391,-67.096324789768,0.000000000000,64.773773193359
2258,0.051201814059,69,80.000000000000,0.000000000000,0.000000000000,-26.344200003391,-64.436866629367,0.000000000000,62.373409271240
2259,0.051224489796,69,80.000000000000,0.000000000000,0.000000000000,-26.344200003391,-69.686557638889,0.000000000000,61.623874664307
2260,0.051247165533,69,80.000000000000,0.000000000000,0.000000000000,-26.344200003391,-58.611297476535,0.000000000000,54.387905120850
2261,0.051269841270,69,80.000000000000,0.000000000000,0.000000000000,-26.344200003391,-69.638648855930,0.000000000000,59.140323638916
2262,0.051292517007,69,80.000000000000,0.000000000000,0.000000000000,-26.344200003391,-66.069393027072,0.000000000000,42.975372314453
2263,0.051315192744,69,80.000000000000,0.000000000000,0.000000000000,-26.344200003391,-56.106181967502,0.000000000000,59.294532775879
2264,0.051337868481,69,80.000000000000,0.000000000000,0.000000000000,-26.344200003391,-60.503005850559,0.000000000000,51.584053039551
2265,0.051360544218,69,80.000000000000,0.000000000000,0.000000000000,-26.344200003391,-68.318710196262,0.000000000000,45.073314666748
2266,0.051383219955,69,80.000000000000,0.000000000000,0.000000000000,-26.344200003391,-66.088489401584,0.000000000000,55.049678802490
2267,0.051405895692,69,80.000000000000,0.000000000000,0.000000000000,-26.344200003391,-56.418588507419,0.000000000000,55.970947265625
2268,0.051428571429,69,80.000000000000,0.000000000000,0.000000000000,-26.344200003391,-46.993156302219,0.000000000000,43.613590240479
2269,0.051451247166,69,80.000000000000,0.000000000000,0.000000000000,-26.344200003391,-40.966695654636,0.000000000000,40.372440338135
2270,0.051473922902,69,80.000000000000,0.000000000000,0.000000000000,-26.344200003391,-37.834886420017,0.000000000000,55.288463592529
2271,0.051496598639,69,80.000000000000,0.000000000000,0.000000000000,-26.344200003391,-36.239665854221,0.000000000000,78.507362365723
2272,0.051519274376,69,80.000000000000,0.000000000000,0.000000000000,-26.344200003391,-35.249742377048,0.000000000000,99.799430847168
2273,0.051541950113,69,80.000000000000,0.000000000000,0.000000000000,-26.344200003391,-34.450258124118,0.000000000000,112.476608276367
2274,0.051564625850,69,80.000000000000,0.000000000000,0.000000000000,-26.344200003391,-33.709473479038,0.000000000000,121.252212524414
2275,0.051587301587,69,80.000000000000,0.000000000000,0.000000000000,-26.344200003391,-33.009741652256,0.000000000000,119.652320861816
2276,0.051609977324,69,80.000000000000,0.000000000000,0.000000000000,-26.344200003391,-32.319669592624,0.000000000000,122.105545043945
2277,0.051632653061,69,80.000000000000,0.000000000000,0.000000000000,-26.344200003391,-31.787240851169,0.000000000000,120.084152221680
2278,0.051655328798,69,80.000000000000,0.000000000000,0.000000000000,-26.344200003391,-30.871600020175,0.000000000000,113.208160400391
2279,0.051678004535,69,80.000000000000,0.000000000000,0.000000000000,-26.344200003391,-31.206975806003,0.000000000000,113.437911987305
2280,0.051700680272,69,80.000000000000,0.000000000000,0.000000000000,-26.344200003391,-28.876289236789,0.000000000000,113.674972534180
2281,0.051723356009,69,80.000000000000,0.000000000000,0.000000000000,-26.344200003391,-30.758748877292,0.000000000000,116.804206848145
2282,0.051746031746,69,80.000000000000,0.000000000000,0.000000000000,-26.344200003391,-29.166126120334,0.000000000000,91.709930419922
2283,0.051768707483,69,80.000000000000,0.000000000000,0.000000000000,-26.344200003391,-27.015621054416,0.000000000000,99.265457153320
2284,0.051791383220,69,80.000000000000,0.000000000000,0.000000000000,-26.344200003391,-28.342713225132,0.000000000000,62.796531677246
2285,0.051814058957,69,80.000000000000,0.000000000000,0.000000000000,-26.344200003391,-29.974061835056,0.000000000000,63.521362304688
2286,0.051836734694,69,80.000000000000,0.000000000000,0.000000000000,-26.344200003391,-28.972316611057,0.000000000000,71.150939941406
2287,0.051859410431,69,80.000000000000,0.000000000000,0.000000000000,-26.344200003391,-26.064591276889,0.000000000000,53.123138427734
2288,0.051882086168,69,80.000000000000,0.000000000000,0.000000000000,-26.344200003391,-23.095996725803,0.000000000000,43.638298034668
2289,0.051904761905,69,80.000000000000,0.000000000000,0.000000000000,-26.344200003391,-21.002264845615,0.000000000000,57.008033752441
2290,0.051927437642,69,80.000000000000,0.000000000000,0.000000000000,-26.344200003391,-19.799764502292,0.000000000000,66.360076904297
2291,0.051950113379,69,80.000000000000,0.000000000000,0.000000000000,-26.344200003391,-19.186185705905,0.000000000000,54.903831481934
2292,0.051972789116,69,80.000000000000,0.000000000000,0.000000000000,-26.344200003391,-18.892486441379,0.000000000000,26.973613739014
2293,0.051995464853,69,80.000000000000,0.000000000000,0.000000000000,-26.344200003391,-18.758540976291,0.000000000000,3.499165534973
2294,0.052018140590,69,80.000000000000,0.000000000000,0.000000000000,-26.344200003391,-18.704241621738,0.000000000000,-25.844879150391
2295,0.052040816327,69,80.000000000000,0.000000000000,0.000000000000,-26.344200003391,-18.691148627048,0.000000000000,-23.862636566162
2296,0.052063492063,69,80.000000000000,0.000000000000,0.000000000000,-26.344200003391,-18.712993490940,0.000000000000,-45.867404937744
2297,0.052086167800,69,80.000000000000,0.000000000000,0.000000000000,-26.344200003391,-18.694971907382,0.000000000000,-42.085903167725
2298,0.052108843537,69,80.000000000000,0.000000000000,0.000000000000,-26.344200003391,-18.940675604587,0.000000000000,-35.792179107666
2299,0.052131519274,69,80.000000000000,0.000000000000,0.000000000000,-26.344200003391,-18.354921210056,0.000000000000,-45.589534759521
2300,0.052154195011,69,80.000000000000,0.000000000000,0.000000000000,-26.344200003391,-19.756821501499,0.000000000000,-49.414993286133
2301,0.052176870748,69,80.000000000000,0.000000000000,0.000000000000,-26.344200003391,-18.331026900058,0.000000000000,-38.307571411133
2302,0.052199546485,69,80.000000000000,0.000000000000,0.000000000000,-26.344200003391,-17.984138357883,0.000000000000,-38.074275970459
2303,0.052222222222,69,80.000000000000,0.000000000000,0.000000000000,-26.344200003391,-20.520304548984,0.000000000000,-48.574798583984
2304,0.052244897959,69,80.000000000000,0.000000000000,0.000000000000,-26.344200003391,-21.531560766941,0.000000000000,-78.303169250488
2305,0.052267573696,69,80.000000000000,0.000000000000,0.000000000000,-26.344200003391,-18.466949808841,0.000000000000,-97.789375305176
2306,0.052290249433,69,80.000000000000,0.000000000000,0.000000000000,-26.344200003391,-13.186786520725,0.000000000000,-112.514480590820
2307,0.052312925170,69,80.000000000000,0.000000000000,0.000000000000,-26.344200003391,-8.547752249485,0.000000000000,-125.726882934570
2308,0.052335600907,69,80.000000000000,0.000000000000,0.000000000000,-26.344200003391,-5.853450644260,0.000000000000,-129.728485107422
2309,0.052358276644,69,80.000000000000,0.000000000000,0.000000000000,-26.344200003391,-4.921390402561,0.000000000000,-125.937339782715
2310,0.052380952381,69,80.000000000000,0.000000000000,0.000000000000,-26.344200003391,-5.065410483127,0.000000000000,-122.939224243164
2311,0.052403628118,69,80.000000000000,0.000000000000,0.000000000000,-26.344200003391,-5.719226706272,0.000000000000,-124.959014892578
2312,0.052426303855,69,80.000000000000,0.000000000000,0.000000000000,-26.344200003391,-6.571863043552,0.000000000000,-132.143432617188
2313,0.052448979592,69,80.000000000000,0.000000000000,0.000000000000,-26.344200003391,-7.491767752414,0.000000000000,-136.068786621094
2314,0.052471655329,69,80.000000000000,0.000000000000,0.000000000000,-26.344200003391,-8.429563391452,0.000000000000,-147.819061279297
2315,0.052494331066,69,80.000000000000,0.000000000000,0.000000000000,-26.344200003391,-9.386506903415,0.000000000000,-135.696258544922
2316,0.052517006803,69,80.000000000000,0.000000000000,0.000000000000,-26.344200003391,-10.267070639377,0.000000000000,-157.828048706055
2317,0.052539682540,69,80.000000000000,0.000000000000,0.000000000000,-26.344200003391,-11.451824057346,0.000000000000,-133.896759033203
2318,0.052562358277,69,80.000000000000,0.000000000000,0.000000000000,-26.344200003391,-11.513736593967,0.000000000000,-138.387008666992
2319,0.052585034014,69,80.000000000000,0.000000000000,0.000000000000,-26.344200003391,-14.670603621250,0.000000000000,-148.805084228516
2320,0.052607709751,69,80.000000000000,0.000000000000,0.000000000000,-26.344200003391,-11.324508536106,0.000000000000,-132.037719726562
2321,0.052630385488,69,80.000000000000,0.000000000000,0.000000000000,-26.344200003391,-16.708775389438,0.000000000000,-119.179328918457
2322,0.052653061224,69,80.000000000000,0.000000000000,0.000000000000,-26.344200003391,-15.474865782505,0.000000000000,-128.606048583984
2323,0.052675736961,69,80.000000000000,0.000000000000,0.000000000000,-26.344200003391,-13.912423956638,0.000000000000,-136.041717529297
2324,0.052698412698,69,80.000000000000,0.000000000000,0.000000000000,-26.344200003391,-16.985559332614,0.000000000000,-123.946586608887
2325,0.052721088435,69,80.000000000000,0.000000000000,0.000000000000,-26.344200003391,-18.830989706760,0.000000000000,-96.403175354004
2326,0.052743764172,69,80.000000000000,0.000000000000,0.000000000000,-26.344200003391,-15.640951025730,0.000000000000,-65.497482299805
2327,0.052766439909,69,80.000000000000,0.000000000000,0.000000000000,-26.344200003391,-10.156028616672,0.000000000000,-41.902153015137
2328,0.052789115646,69,80.000000000000,0.000000000000,0.000000000000,-26.344200003391,-5.822296011692,0.000000000000,-26.479328155518
2329,0.052811791383,69,80.000000000000,0.000000000000,0.000000000000,-26.344200003391,-3.388887274509,0.000000000000,-16.165691375732
2330,0.052834467120,69,80.000000000000,0.000000000000,0.000000000000,-26.344200003391,-2.298015463596,0.000000000000,-9.690487861633
2331,0.052857142857,69,80.000000000000,0.000000000000,0.000000000000,-26.344200003391,-1.909524786716,0.000000000000,-6.685253143311
2332,0.052879818594,69,80.000000000000,0.000000000000,0.000000000000,-26.344200003391,-1.836650717502,0.000000000000,-6.420210838318
2333,0.052902494331,69,80.000000000000,0.000000000000,0.000000000000,-26.344200003391,-1.893152106052,0.000000000000,-6.548630714417
2334,0.052925170068,69,80.000000000000,0.000000000000,0.000000000000,-26.344200003391,-1.994638312107,0.000000000000,-8.271173477173
2335,0.052947845805,69,80.000000000000,0.000000000000,0.000000000000,-26.344200003391,-2.113769400363,0.000000000000,-5.421322822571
2336,0.052970521542,69,80.000000000000,0.000000000000,0.000000000000,-26.344200003391,-2.181043493991,0.000000000000,-8.998383522034
2337,0.052993197279,69,80.000000000000,0.000000000000,0.000000000000,-26.344200003391,-2.468145239597,0.000000000000,-2.508769035339
2338,0.053015873016,69,80.000000000000,0.000000000000,0.000000000000,-26.344200003391,-1.771541464572,0.000000000000,-3.972023963928
2339,0.053038548753,69,80.000000000000,0.000000000000,0.000000000000,-26.344200003391,-4.491103995090,0.000000000000,-4.121761322021
2340,0.053061224490,69,80.000000000000,0.015780689110,0.000027190402,-26.344319282976,2.398193490262,0.033893871138,1.625789642334
2341,0.053083900227,69,80.000000000000,0.077448633888,0.000000000000,-26.344904684593,-10.983136665159,0.000000000000,3.451053619385
2342,0.053106575964,69,80.000000000000,0.058935104144,0.000048219106,-26.345350150232,4.252925134133,0.045135985879,1.736106872559
2343,0.053129251701,69,80.000000000000,0.410771835072,0.000066307345,-26.348455001593,-2.631000046283,0.052929059486,-1.865966796875
2344,0.053151927438,69,80.000000000000,0.032647169796,0.000000000000,-26.348701767805,-13.280764531336,0.000000000000,5.785453796387
2345,0.053174603175,69,80.000000000000,0.000000000000,0.000000000000,-26.348701767805,-2.677667908552,0.000000000000,11.449916839600
2346,0.053197278912,69,80.000000000000,0.169504693905,0.000076330964,-26.349982982423,6.732391066668,0.056788935974,20.605293273926
2347,0.053219954649,69,80.000000000000,1.104143510543,0.000094981961,-26.358328738360,-5.011034020656,0.063348147970,32.477664947510
2348,0.053242630385,69,80.000000000000,0.040296810292,0.000000000000,-26.358633324984,-28.174926568797,0.000000000000,36.185089111328
2349,0.053265306122,69,80.000000000000,0.000000000000,0.000000000000,-26.358633324984,-48.638733193758,0.000000000000,33.775859832764
2350,0.053287981859,69,80.000000000000,0.000000000000,0.000000000000,-26.358633324984,-60.744482324007,0.000000000000,35.045257568359
2351,0.053310657596,69,80.000000000000,0.000000000000,0.000000000000,-26.358633324984,-66.182356164339,0.000000000000,43.440284729004
2352,0.053333333333,69,80.000000000000,0.000000000000,0.000000000000,-26.358633324984,-68.059213921908,0.000000000000,55.057815551758
2353,0.053356009070,69,80.000000000000,0.000000000000,0.000000000000,-26.358633324984,-68.461847588900,0.000000000000,65.013908386230
2354,0.053378684807,69,80.000000000000,0.000000000000,0.000000000000,-26.358633324984,-68.359285638216,0.000000000000,70.741394042969
2355,0.053401360544,69,80.000000000000,0.000000000000,0.000000000000,-26.358633324984,-68.100240990999,0.000000000000,73.039642333984
2356,0.053424036281,69,80.000000000000,0.000000000000,0.000000000000,-26.358633324984,-67.769773766878,0.000000000000,72.220260620117
2357,0.053446712018,69,80.000000000000,0.000000000000,0.000000000000,-26.358633324984,-67.454893395785,0.000000000000,70.670150756836
2358,0.053469387755,69,80.000000000000,0.000000000000,0.000000000000,-26.358633324984,-66.846815392855,0.000000000000,68.468292236328
2359,0.053492063492,69,80.000000000000,0.000000000000,0.000000000000,-26.358633324984,-67.239275262240,0.000000000000,65.394088745117
2360,0.053514739229,69,80.000000000000,0.000000000000,0.000000000000,-26.358633324984,-64.242231652620,0.000000000000,62.676860809326
2361,0.053537414966,69,80.000000000000,0.000000000000,0.000000000000,-26.358633324984,-69.974127099398,0.000000000000,62.402458190918
2362,0.053560090703,69,80.000000000000,0.000000000000,0.000000000000,-26.358633324984,-58.841421410921,0.000000000000,54.710830688477
2363,0.053582766440,69,80.000000000000,0.000000000000,0.000000000000,-26.358633324984,-68.726133630160,0.000000000000,60.233489990234
2364,0.053605442177,69,80.000000000000,0.000000000000,0.000000000000,-26.358633324984,-67.102873132113,0.000000000000,43.554779052734
2365,0.053628117914,69,80.000000000000,0.000000000000,0.000000000000,-26.358633324984,-56.817497537020,0.000000000000,57.797927856445
2366,0.053650793651,69,80.000000000000,0.000000000000,0.000000000000,-26.358633324984,-59.449671075228,0.000000000000,53.160099029541
2367,0.053673469388,69,80.000000000000,0.000000000000,0.000000000000,-26.358633324984,-67.489340112093,0.000000000000,45.243499755859
2368,0.053696145125,69,80.000000000000,0.000000000000,0.000000000000,-26.358633324984,-66.949632928255,0.000000000000,53.299278259277
2369,0.053718820862,69,80.000000000000,0.000000000000,0.000000000000,-26.358633324984,-58.141346261385,0.000000000000,56.525932312012
2370,0.053741496599,69,80.000000000000,0.000000000000,0.000000000000,-26.358633324984,-48.502785012606,0.000000000000,46.089736938477
2371,0.053764172336,69,80.000000000000,0.000000000000,0.000000000000,-26.358633324984,-41.905967996004,0.000000000000,40.179763793945
2372,0.053786848073,69,80.000000000000,0.000000000000,0.000000000000,-26.358633324984,-38.330881402376,0.000000000000,51.445873260498
2373,0.053809523810,69,80.000000000000,0.000000000000,0.000000000000,-26.358633324984,-36.507223412874,0.000000000000,72.949760437012
2374,0.053832199546,69,80.000000000000,0.000000000000,0.000000000000,-26.358633324984,-35.428077027682,0.000000000000,94.909843444824
2375,0.053854875283,69,80.000000000000,0.000000000000,0.000000000000,-26.358633324984,-34.600281045321,0.000000000000,109.038879394531
2376,0.053877551020,69,80.000000000000,0.000000000000,0.000000000000,-26.358633324984,-33.849677369478,0.000000000000,119.580734252930
2377,0.053900226757,69,80.000000000000,0.000000000000,0.000000000000,-26.358633324984,-33.145735070589,0.000000000000,119.187797546387
2378,0.053922902494,69,80.000000000000,0.000000000000,0.000000000000,-26.358633324984,-32.442557618502,0.000000000000,121.650184631348
2379,0.053945578231,69,80.000000000000,0.000000000000,0.000000000000,-26.358633324984,-31.926057145479,0.000000000000,120.732681274414
2380,0.053968253968,69,80.000000000000,0.000000000000,0.000000000000,-26.358633324984,-30.949702546480,0.000000000000,114.055938720703
2381,0.053990929705,69,80.000000000000,0.000000000000,0.000000000000,-26.358633324984,-31.369079873446,0.000000000000,113.442131042480
2382,0.054013605442,69,80.000000000000,0.000000000000,0.000000000000,-26.358633324984,-28.981951997164,0.000000000000,112.864082336426
2383,0.054036281179,69,80.000000000000,0.000000000000,0.000000000000,-26.358633324984,-30.703964517000,0.000000000000,118.495353698730
2384,0.054058956916,69,80.000000000000,0.000000000000,0.000000000000,-26.358633324984,-29.501121804598,0.000000000000,93.873687744141
2385,0.054081632653,69,80.000000000000,0.000000000000,0.000000000000,-26.358633324984,-27.166225716952,0.000000000000,101.897476196289
2386,0.054104308390,69,80.000000000000,0.000000000000,0.000000000000,-26.358633324984,-28.101194665316,0.000000000000,67.943077087402
2387,0.054126984127,69,80.000000000000,0.000000000000,0.000000000000,-26.358633324984,-29.874955460909,0.000000000000,63.100372314453
2388,0.054149659864,69,80.000000000000,0.000000000000,0.000000000000,-26.358633324984,-29.297477052096,0.000000000000,71.410476684570
2389,0.054172335601,69,80.000000000000,0.000000000000,0.000000000000,-26.358633324984,-26.620440766695,0.000000000000,56.595832824707
2390,0.054195011338,69,80.000000000000,0.000000000000,0.000000000000,-26.358633324984,-23.611102387789,0.000000000000,44.400146484375
2391,0.054217687075,69,80.000000000000,0.000000000000,0.000000000000,-26.358633324984,-21.361269280794,0.000000000000,54.003429412842
2392,0.054240362812,69,80.000000000000,0.000000000000,0.000000000000,-26.358633324984,-20.015152261141,0.000000000000,65.100448608398
2393,0.054263038549,69,80.000000000000,0.000000000000,0.000000000000,-26.358633324984,-19.309059426668,0.000000000000,58.262287139893
2394,0.054285714286,69,80.000000000000,0.000000000000,0.000000000000,-26.358633324984,-18.965187356356,0.000000000000,32.883449554443
2395,0.054308390023,69,80.000000000000,0.000000000000,0.000000000000,-26.358633324984,-18.805927560213,0.000000000000,10.287061691284
2396,0.054331065760,69,80.000000000000,0.000000000000,0.000000000000,-26.358633324984,-18.738873765352,0.000000000000,-21.375720977783
2397,0.054353741497,69,80.000000000000,0.000000000000,0.000000000000,-26.358633324984,-18.718033120516,0.000000000000,-21.254220962524
2398,0.054376417234,69,80.000000000000,0.000000000000,0.000000000000,-26.358633324984,-18.739344880465,0.000000000000,-42.772197723389
2399,0.054399092971,69,80.000000000000,0.000000000000,0.000000000000,-26.358633324984,-18.703455254915,0.000000000000,-42.896892547607
2400,0.054421768707,69,80.000000000000,0.000000000000,0.000000000000,-26.358633324984,-18.989012048128,0.000000000000,-35.920143127441
2401,0.054444444444,69,80.000000000000,0.000000000000,0.000000000000,-26.358633324984,-18.331108376864,0.000000000000,-43.630401611328
2402,0.054467120181,69,80.000000000000,0.000000000000,0.000000000000,-26.358633324984,-19.748117730501,0.000000000000,-49.457473754883
2403,0.054489795918,69,80.000000000000,0.000000000000,0.000000000000,-26.358633324984,-18.530338570955,0.000000000000,-40.201393127441
2404,0.054512471655,69,80.000000000000,0.000000000000,0.000000000000,-26.358633324984,-17.862770364168,0.000000000000,-37.934154510498
2405,0.054535147392,69,80.000000000000,0.000000000000,0.000000000000,-26.358633324984,-20.195676133516,0.000000000000,-44.720542907715
2406,0.054557823129,69,80.000000000000,0.000000000000,0.000000000000,-26.358633324984,-21.658767983797,0.000000000000,-72.094802856445
2407,0.054580498866,69,80.000000000000,0.000000000000,0.000000000000,-26.358633324984,-19.212564751986,0.000000000000,-92.890563964844
2408,0.054603174603,69,80.000000000000,0.000000000000,0.000000000000,-26.358633324984,-14.157788560274,0.000000000000,-108.498809814453
2409,0.054625850340,69,80.000000000000,0.000000000000,0.000000000000,-26.358633324984,-9.327621743563,0.000000000000,-122.764663696289
2410,0.054648526077,69,80.000000000000,0.000000000000,0.000000000000,-26.358633324984,-6.293415353182,0.000000000000,-128.828643798828
2411,0.054671201814,69,80.000000000000,0.000000000000,0.000000000000,-26.358633324984,-5.079851434115,0.000000000000,-126.420799255371
2412,0.054693877551,69,80.000000000000,0.000000000000,0.000000000000,-26.358633324984,-5.057335183504,0.000000000000,-123.191757202148
2413,0.054716553288,69,80.000000000000,0.000000000000,0.000000000000,-26.358633324984,-5.632492349032,0.000000000000,-123.998405456543
2414,0.054739229025,69,80.000000000000,0.000000000000,0.000000000000,-26.358633324984,-6.453449532870,0.000000000000,-130.674148559570
2415,0.054761904762,69,80.000000000000,0.000000000000,0.000000000000,-26.358633324984,-7.361761376742,0.000000000000,-133.883239746094
2416,0.054784580499,69,80.000000000000,0.000000000000,0.000000000000,-26.358633324984,-8.293970391634,0.000000000000,-147.159240722656
2417,0.054807256236,69,80.000000000000,0.000000000000,0.000000000000,-26.358633324984,-9.253616616610,0.000000000000,-134.583877563477
2418,0.054829931973,69,80.000000000000,0.000000000000,0.000000000000,-26.358633324984,-10.115225121859,0.000000000000,-156.846496582031
2419,0.054852607710,69,80.000000000000,0.000000000000,0.000000000000,-26.358633324984,-11.358792588595,0.000000000000,-136.440948486328
2420,0.054875283447,69,80.000000000000,0.000000000000,0.000000000000,-26.358633324984,-11.284817025545,0.000000000000,-136.732986450195
2421,0.054897959184,69,80.000000000000,0.000000000000,0.000000000000,-26.358633324984,-14.638348863009,0.000000000000,-148.216979980469
2422,0.054920634921,69,80.000000000000,0.000000000000,0.000000000000,-26.358633324984,-11.270572945955,0.000000000000,-135.355621337891
2423,0.054943310658,69,80.000000000000,0.000000000000,0.000000000000,-26.358633324984,-16.255696580294,0.000000000000,-120.634849548340
2424,0.054965986395,69,80.000000000000,0.000000000000,0.000000000000,-26.358633324984,-15.725111291292,0.000000000000,-126.322624206543
2425,0.054988662132,69,80.000000000000,0.000000000000,0.000000000000,-26.358633324984,-13.883150384310,0.000000000000,-135.083374023438
2426,0.055011337868,69,80.000000000000,0.000000000000,0.000000000000,-26.358633324984,-16.544262215975,0.000000000000,-127.180679321289
2427,0.055034013605,69,80.000000000000,0.000000000000,0.000000000000,-26.358633324984,-18.799456403139,0.000000000000,-102.890670776367
2428,0.055056689342,69,80.000000000000,0.000000000000,0.000000000000,-26.358633324984,-16.410565659884,0.000000000000,-72.494758605957
2429,0.055079365079,69,80.000000000000,0.000000000000,0.000000000000,-26.358633324984,-11.130607888582,0.000000000000,-47.367965698242
2430,0.055102040816,69,80.000000000000,0.000000000000,0.000000000000,-26.358633324984,-6.555254266146,0.000000000000,-30.193435668945
2431,0.055124716553,69,80.000000000000,0.000000000000,0.000000000000,-26.358633324984,-3.814670846346,0.000000000000,-18.621025085449
2432,0.055147392290,69,80.000000000000,0.000000000000,0.000000000000,-26.358633324984,-2.515728280428,0.000000000000,-11.177643775940
2433,0.055170068027,69,80.000000000000,0.000000000000,0.000000000000,-26.358633324984,-2.019007012728,0.000000000000,-7.331707000732
2434,0.055192743764,69,80.000000000000,0.000000000000,0.000000000000,-26.358633324984,-1.897352502230,0.000000000000,-6.557934761047
2435,0.055215419501,69,80.000000000000,0.000000000000,0.000000000000,-26.358633324984,-1.934070870760,0.000000000000,-6.342830657959
2436,0.055238095238,69,80.000000000000,0.000000000000,0.000000000000,-26.358633324984,-2.028120324495,0.000000000000,-8.309363365173
2437,0.055260770975,69,80.000000000000,0.000000000000,0.000000000000,-26.358633324984,-2.149196908358,0.000000000000,-5.366556167603
2438,0.055283446712,69,80.000000000000,0.000000000000,0.000000000000,-26.358633324984,-2.203018472078,0.000000000000,-9.128348350525
2439,0.055306122449,69,80.000000000000,0.000000000000,0.000000000000,-26.358633324984,-2.548780724886,0.000000000000,-3.240884780884
2440,0.055328798186,69,80.000000000000,0.000000000000,0.000000000000,-26.358633324984,-1.674429223421,0.000000000000,-3.811574935913
2441,0.055351473923,69,80.000000000000,0.000000000000,0.000000000000,-26.358633324984,-4.817674920443,0.000000000000,-4.540102005005
2442,0.055374149660,69,80.000000000000,0.020568075246,0.000030510201,-26.358788790405,2.690999701139,0.035903425732,0.614352226257
2443,0.055396825397,69,80.000000000000,0.100888567561,0.000000000000,-26.359551364612,-10.867171511329,0.000000000000,3.107268333435
2444,0.055419501134,69,80.000000000000,0.028967006651,0.000035408014,-26.359770314020,3.122986858655,0.038678011879,2.326908111572
2445,0.055442176871,69,80.000000000000,0.230382495276,0.000057518863,-26.361511678308,-1.159764222798,0.049296774463,-1.890593528748
2446,0.055464852608,69,80.000000000000,0.049332309743,0.000000000000,-26.361884560467,-12.950064952491,0.000000000000,4.419516563416
2447,0.055487528345,69,80.000000000000,0.000000000000,0.000000000000,-26.361884560467,-4.529904808880,0.000000000000,9.807336807251
2448,0.055510204082,69,80.000000000000,0.144779556709,0.000071273688,-26.362978888182,6.286339316486,0.054875434711,18.091705322266
2449,0.055532879819,69,80.000000000000,1.166435662882,0.000118033164,-26.371795484274,-2.096949805725,0.070617994622,30.085121154785
2450,0.055555555556,69,80.000000000000,0.283343239261,0.000000000000,-26.373937156528,-24.163397487181,0.000000000000,35.461917877197
2451,0.055578231293,69,80.000000000000,0.000000000000,0.000000000000,-26.373937156528,-45.350854423374,0.000000000000,33.926818847656
2452,0.055600907029,69,80.000000000000,0.000000000000,0.000000000000,-26.373937156528,-58.850507285923,0.000000000000,34.285400390625
2453,0.055623582766,69,80.000000000000,0.000000000000,0.000000000000,-26.373937156528,-65.318872001499,0.000000000000,41.263843536377
2454,0.055646258503,69,80.000000000000,0.000000000000,0.000000000000,-26.373937156528,-67.733495261997,0.000000000000,52.284603118896
2455,0.055668934240,69,80.000000000000,0.000000000000,0.000000000000,-26.373937156528,-68.358418968052,0.000000000000,62.678855895996
2456,0.055691609977,69,80.000000000000,0.000000000000,0.000000000000,-26.373937156528,-68.333516624302,0.000000000000,69.298049926758
2457,0.055714285714,69,80.000000000000,0.000000000000,0.000000000000,-26.373937156528,-68.101266410679,0.000000000000,72.468330383301
2458,0.055736961451,69,80.000000000000,0.000000000000,0.000000000000,-26.373937156528,-67.778546836704,0.000000000000,72.257095336914
2459,0.055759637188,69,80.000000000000,0.000000000000,0.000000000000,-26.373937156528,-67.487515952915,0.000000000000,70.946723937988
2460,0.055782312925,69,80.000000000000,0.000000000000,0.000000000000,-26.373937156528,-66.828069236606,0.000000000000,68.953956604004
2461,0.055804988662,69,80.000000000000,0.000000000000,0.000000000000,-26.373937156528,-67.393907096714,0.000000000000,66.031478881836
2462,0.055827664399,69,80.000000000000,0.000000000000,0.000000000000,-26.373937156528,-64.045465019077,0.000000000000,62.974678039551
2463,0.055850340136,69,80.000000000000,0.000000000000,0.000000000000,-26.373937156528,-70.216039207309,0.000000000000,63.171920776367
2464,0.055873015873,69,80.000000000000,0.000000000000,0.000000000000,-26.373937156528,-59.168454673618,0.000000000000,55.005416870117
2465,0.055895691610,69,80.000000000000,0.000000000000,0.000000000000,-26.373937156528,-67.798379447788,0.000000000000,61.243438720703
2466,0.055918367347,69,80.000000000000,0.000000000000,0.000000000000,-26.373937156528,-67.960996177524,0.000000000000,44.437450408936
2467,0.055941043084,69,80.000000000000,0.000000000000,0.000000000000,-26.373937156528,-57.686717536777,0.000000000000,56.295379638672
2468,0.055963718821,69,80.000000000000,0.000000000000,0.000000000000,-26.373937156528,-58.574170616001,0.000000000000,54.385887145996
2469,0.055986394558,69,80.000000000000,0.000000000000,0.000000000000,-26.373937156528,-66.516706016391,0.000000000000,45.793506622314
2470,0.056009070295,69,80.000000000000,0.000000000000,0.000000000000,-26.373937156528,-67.563283470005,0.000000000000,51.685939788818
2471,0.056031746032,69,80.000000000000,0.000000000000,0.000000000000,-26.373937156528,-59.774770286411,0.000000000000,56.534214019775
2472,0.056054421769,69,80.000000000000,0.000000000000,0.000000000000,-26.373937156528,-50.070191886753,0.000000000000,48.416503906250
2473,0.056077097506,69,80.000000000000,0.000000000000,0.000000000000,-26.373937156528,-42.940084007114,0.000000000000,40.657012939453
2474,0.056099773243,69,80.000000000000,0.000000000000,0.000000000000,-26.373937156528,-38.895528343052,0.000000000000,48.400749206543
2475,0.056122448980,69,80.000000000000,0.000000000000,0.000000000000,-26.373937156528,-36.809649970859,0.000000000000,67.722480773926
2476,0.056145124717,69,80.000000000000,0.000000000000,0.000000000000,-26.373937156528,-35.620443847507,0.000000000000,89.870162963867
2477,0.056167800454,69,80.000000000000,0.000000000000,0.000000000000,-26.373937156528,-34.755435493320,0.000000000000,105.223907470703
2478,0.056190476190,69,80.000000000000,0.000000000000,0.000000000000,-26.373937156528,-33.992133643955,0.000000000000,117.493621826172
2479,0.056213151927,69,80.000000000000,0.000000000000,0.000000000000,-26.373937156528,-33.283974197239,0.000000000000,118.510482788086
2480,0.056235827664,69,80.000000000000,0.000000000000,0.000000000000,-26.373937156528,-32.566225555271,0.000000000000,121.058624267578
2481,0.056258503401,69,80.000000000000,0.000000000000,0.000000000000,-26.373937156528,-32.068811920017,0.000000000000,121.179275512695
2482,0.056281179138,69,80.000000000000,0.000000000000,0.000000000000,-26.373937156528,-31.028257873386,0.000000000000,114.912338256836
2483,0.056303854875,69,80.000000000000,0.000000000000,0.000000000000,-26.373937156528,-31.527495887607,0.000000000000,113.678100585938
2484,0.056326530612,69,80.000000000000,0.000000000000,0.000000000000,-26.373937156528,-29.106831100315,0.000000000000,111.969680786133
2485,0.056349206349,69,80.000000000000,0.000000000000,0.000000000000,-26.373937156528,-30.636885192722,0.000000000000,119.801910400391
2486,0.056371882086,69,80.000000000000,0.000000000000,0.000000000000,-26.373937156528,-29.810155418247,0.000000000000,95.888000488281
2487,0.056394557823,69,80.000000000000,0.000000000000,0.000000000000,-26.373937156528,-27.364968803257,0.000000000000,104.109863281250
2488,0.056417233560,69,80.000000000000,0.000000000000,0.000000000000,-26.373937156528,-27.893153694004,0.000000000000,73.243865966797
2489,0.056439909297,69,80.000000000000,0.000000000000,0.000000000000,-26.373937156528,-29.732104804844,0.000000000000,63.484344482422
2490,0.056462585034,69,80.000000000000,0.000000000000,0.000000000000,-26.373937156528,-29.559340026706,0.000000000000,71.337867736816
2491,0.056485260771,69,80.000000000000,0.000000000000,0.000000000000,-26.373937156528,-27.151769187778,0.000000000000,59.761310577393
2492,0.056507936508,69,80.000000000000,0.000000000000,0.000000000000,-26.373937156528,-24.140663650364,0.000000000000,45.891590118408
2493,0.056530612245,69,80.000000000000,0.000000000000,0.000000000000,-26.373937156528,-21.748277213901,0.000000000000,51.540191650391
2494,0.056553287982,69,80.000000000000,0.000000000000,0.000000000000,-26.373937156528,-20.254487541050,0.000000000000,63.287410736084
2495,0.056575963719,69,80.000000000000,0.000000000000,0.000000000000,-26.373937156528,-19.447346237034,0.000000000000,60.649261474609
2496,0.056598639456,69,80.000000000000,0.000000000000,0.000000000000,-26.373937156528,-19.046632316440,0.000000000000,38.150749206543
2497,0.056621315193,69,80.000000000000,0.000000000000,0.000000000000,-26.373937156528,-18.858182456821,0.000000000000,17.048580169678
2498,0.056643990930,69,80.000000000000,0.000000000000,0.000000000000,-26.373937156528,-18.776496436924,0.000000000000,-16.414901733398
2499,0.056666666667,69,80.000000000000,0.000000000000,0.000000000000,-26.373937156528,-18.746700790256,0.000000000000,-18.421354293823
2500,0.056689342404,69,80.000000000000,0.000000000000,0.000000000000,-26.373937156528,-18.768118408054,0.000000000000,-39.305347442627
2501,0.056712018141,69,80.000000000000,0.000000000000,0.000000000000,-26.373937156528,-18.711501624912,0.000000000000,-43.113197326660
2502,0.056734693878,69,80.000000000000,0.000000000000,0.000000000000,-26.373937156528,-19.039711501926,0.000000000000,-36.302379608154
2503,0.056757369615,69,80.000000000000,0.000000000000,0.000000000000,-26.373937156528,-18.314735915989,0.000000000000,-41.847782135010
2504,0.056780045351,69,80.000000000000,0.000000000000,0.000000000000,-26.373937156528,-19.722535636753,0.000000000000,-49.019210815430
2505,0.056802721088,69,80.000000000000,0.000000000000,0.000000000000,-26.373937156528,-18.732769992679,0.000000000000,-41.897750854492
2506,0.056825396825,69,80.000000000000,0.000000000000,0.000000000000,-26.373937156528,-17.791412856907,0.000000000000,-38.366054534912
2507,0.056848072562,69,80.000000000000,0.000000000000,0.000000000000,-26.373937156528,-19.862006690830,0.000000000000,-41.729419708252
2508,0.056870748299,69,80.000000000000,0.000000000000,0.000000000000,-26.373937156528,-21.692799117893,0.000000000000,-66.247329711914
2509,0.056893424036,69,80.000000000000,0.000000000000,0.000000000000,-26.373937156528,-19.871594455570,0.000000000000,-87.805305480957
2510,0.056916099773,69,80.000000000000,0.000000000000,0.000000000000,-26.373937156528,-15.114044692844,0.000000000000,-104.259063720703
2511,0.056938775510,69,80.000000000000,0.000000000000,0.000000000000,-26.373937156528,-10.151420142978,0.000000000000,-119.450469970703
2512,0.056961451247,69,80.000000000000,0.000000000000,0.000000000000,-26.373937156528,-6.792336967319,0.000000000000,-127.457672119141
2513,0.056984126984,69,80.000000000000,0.000000000000,0.000000000000,-26.373937156528,-5.283994224399,0.000000000000,-126.641082763672
2514,0.057006802721,69,80.000000000000,0.000000000000,0.000000000000,-26.373937156528,-5.075963523716,0.000000000000,-123.541381835938
2515,0.057029478458,69,80.000000000000,0.000000000000,0.000000000000,-26.373937156528,-5.558848884433,0.000000000000,-123.263458251953
2516,0.057052154195,69,80.000000000000,0.000000000000,0.000000000000,-26.373937156528,-6.340995338291,0.000000000000,-129.407119750977
2517,0.057074829932,69,80.000000000000,0.000000000000,0.000000000000,-26.373937156528,-7.234780814975,0.000000000000,-131.673461914062
2518,0.057097505669,69,80.000000000000,0.000000000000,0.000000000000,-26.373937156528,-8.159936454624,0.000000000000,-146.341491699219
2519,0.057120181406,69,80.000000000000,0.000000000000,0.000000000000,-26.373937156528,-9.123164680332,0.000000000000,-133.538421630859
2520,0.057142857143,69,80.000000000000,0.000000000000,0.000000000000,-26.373937156528,-9.961713340610,0.000000000000,-155.450866699219
2521,0.057165532880,69,80.000000000000,0.000000000000,0.000000000000,-26.373937156528,-11.271619346470,0.000000000000,-138.874374389648
2522,0.057188208617,69,80.000000000000,0.000000000000,0.000000000000,-26.373937156528,-11.055432823032,0.000000000000,-135.633697509766
2523,0.057210884354,69,80.000000000000,0.000000000000,0.000000000000,-26.373937156528,-14.588141944736,0.000000000000,-147.156265258789
2524,0.057233560091,69,80.000000000000,0.000000000000,0.000000000000,-26.373937156528,-11.252374198765,0.000000000000,-138.164138793945
2525,0.057256235828,69,80.000000000000,0.000000000000,0.000000000000,-26.373937156528,-15.804615524143,0.000000000000,-122.661643981934
2526,0.057278911565,69,80.000000000000,0.000000000000,0.000000000000,-26.373937156528,-15.926122215122,0.000000000000,-124.592735290527
2527,0.057301587302,69,80.000000000000,0.000000000000,0.000000000000,-26.373937156528,-13.912156608433,0.000000000000,-133.686325073242
2528,0.057324263039,69,80.000000000000,0.000000000000,0.000000000000,-26.373937156528,-16.121234443516,0.000000000000,-129.446563720703
2529,0.057346938776,69,80.000000000000,0.000000000000,0.000000000000,-26.373937156528,-18.662217643589,0.000000000000,-108.684722900391
2530,0.057369614512,69,80.000000000000,0.000000000000,0.000000000000,-26.373937156528,-17.075912978977,0.000000000000,-79.423843383789
2531,0.057392290249,69,80.000000000000,0.000000000000,0.000000000000,-26.373937156528,-12.095283058017,0.000000000000,-53.182899475098
2532,0.057414965986,69,80.000000000000,0.000000000000,0.000000000000,-26.373937156528,-7.335198905796,0.000000000000,-34.310707092285
2533,0.057437641723,69,80.000000000000,0.000000000000,0.000000000000,-26.373937156528,-4.290723350376,0.000000000000,-21.389904022217
2534,0.057460317460,69,80.000000000000,0.000000000000,0.000000000000,-26.373937156528,-2.766576316684,0.000000000000,-12.914612770081
2535,0.057482993197,69,80.000000000000,0.000000000000,0.000000000000,-26.373937156528,-2.146010902256,0.000000000000,-8.173160552979
2536,0.057505668934,69,80.000000000000,0.000000000000,0.000000000000,-26.373937156528,-1.966390159458,0.000000000000,-6.831271171570
2537,0.057528344671,69,80.000000000000,0.000000000000,0.000000000000,-26.373937156528,-1.978881385654,0.000000000000,-6.179499626160
2538,0.057551020408,69,80.000000000000,0.000000000000,0.000000000000,-26.373937156528,-2.063218620151,0.000000000000,-8.333141326904
2539,0.057573696145,69,80.000000000000,0.000000000000,0.000000000000,-26.373937156528,-2.186460044712,0.000000000000,-5.311091423035
2540,0.057596371882,69,80.000000000000,0.000000000000,0.000000000000,-26.373937156528,-2.222417381138,0.000000000000,-9.161629676819
2541,0.057619047619,69,80.000000000000,0.000000000000,0.000000000000,-26.373937156528,-2.638583686680,0.000000000000,-3.970097541809
2542,0.057641723356,69,80.000000000000,0.000000000000,0.000000000000,-26.373937156528,-1.562743690342,0.000000000000,-3.725858688354
2543,0.057664399093,69,80.000000000000,0.000000000000,0.000000000000,-26.373937156528,-5.150186088413,0.000000000000,-4.825684547424
2544,0.057687074830,69,80.000000000000,0.025023421375,0.000033225240,-26.374126298035,2.930466148525,0.037466870441,-0.338680267334
2545,0.057709750567,69,80.000000000000,0.122685472008,0.000000000000,-26.375053625866,-10.634309971472,0.000000000000,2.583876609802
2546,0.057732426304,69,80.000000000000,0.009865084221,0.000022167108,-26.375128191884,1.955138940052,0.030603273026,2.794671058655
2547,0.057755102041,69,80.000000000000,0.100042548590,0.000045506961,-26.375884371390,0.107878949894,0.043848250688,-1.731001853943
2548,0.057777777778,69,80.000000000000,0.054778621453,0.000000000000,-26.376298419927,-12.348402167544,0.000000000000,3.283163547516
2549,0.057800453515,69,80.000000000000,0.000000000000,0.000000000000,-26.376298419927,-6.242120258306,0.000000000000,8.331521034241
2550,0.057823129252,69,80.000000000000,0.103976899927,0.000061719212,-26.377084337538,5.443634517695,0.051065024393,15.739912986755
2551,0.057845804989,69,80.000000000000,1.056689687151,0.000127306288,-26.385071410003,0.387973257541,0.073339557414,27.559204101562
2552,0.057868480726,69,80.000000000000,0.591657533231,0.000000000000,-26.389543500201,-20.282673614736,0.000000000000,34.391868591309
2553,0.057891156463,69,80.000000000000,0.000000000000,0.000000000000,-26.389543500201,-41.884448018329,0.000000000000,33.964340209961
2554,0.057913832200,69,80.000000000000,0.000000000000,0.000000000000,-26.389543500201,-56.728109326617,0.000000000000,33.758937835693
2555,0.057936507937,69,80.000000000000,0.000000000000,0.000000000000,-26.389543500201,-64.296594586627,0.000000000000,39.387863159180
2556,0.057959183673,69,80.000000000000,0.000000000000,0.000000000000,-26.389543500201,-67.326753583209,0.000000000000,49.617305755615
2557,0.057981859410,69,80.000000000000,0.000000000000,0.000000000000,-26.389543500201,-68.221738782184,0.000000000000,60.230022430420
2558,0.058004535147,69,80.000000000000,0.000000000000,0.000000000000,-26.389543500201,-68.296014752643,0.000000000000,67.640029907227
2559,0.058027210884,69,80.000000000000,0.000000000000,0.000000000000,-26.389543500201,-68.098569836871,0.000000000000,71.689460754395
2560,0.058049886621,69,80.000000000000,0.000000000000,0.000000000000,-26.389543500201,-67.784650769488,0.000000000000,72.159378051758
2561,0.058072562358,69,80.000000000000,0.000000000000,0.000000000000,-26.389543500201,-67.522104230182,0.000000000000,71.152168273926
2562,0.058095238095,69,80.000000000000,0.000000000000,0.000000000000,-26.389543500201,-66.800889935748,0.000000000000,69.381233215332
2563,0.058117913832,69,80.000000000000,0.000000000000,0.000000000000,-26.389543500201,-67.558694806354,0.000000000000,66.677612304688
2564,0.058140589569,69,80.000000000000,0.000000000000,0.000000000000,-26.389543500201,-63.850965466754,0.000000000000,63.268623352051
2565,0.058163265306,69,80.000000000000,0.000000000000,0.000000000000,-26.389543500201,-70.405256238238,0.000000000000,63.935249328613
2566,0.058185941043,69,80.000000000000,0.000000000000,0.000000000000,-26.389543500201,-59.584741559283,0.000000000000,55.285301208496
2567,0.058208616780,69,80.000000000000,0.000000000000,0.000000000000,-26.389543500201,-66.874994244830,0.000000000000,62.134937286377
2568,0.058231292517,69,80.000000000000,0.000000000000,0.000000000000,-26.389543500201,-68.635084119098,0.000000000000,45.593437194824
2569,0.058253968254,69,80.000000000000,0.000000000000,0.000000000000,-26.389543500201,-58.676874127643,0.000000000000,54.872886657715
2570,0.058276643991,69,80.000000000000,0.000000000000,0.000000000000,-26.389543500201,-57.896703686969,0.000000000000,55.251174926758
2571,0.058299319728,69,80.000000000000,0.000000000000,0.000000000000,-26.389543500201,-65.455079999225,0.000000000000,46.632675170898
2572,0.058321995465,69,80.000000000000,0.000000000000,0.000000000000,-26.389543500201,-67.931131329791,0.000000000000,50.310150146484
2573,0.058344671202,69,80.000000000000,0.000000000000,0.000000000000,-26.389543500201,-61.291250195758,0.000000000000,56.078166961670
2574,0.058367346939,69,80.000000000000,0.000000000000,0.000000000000,-26.389543500201,-51.675180402057,0.000000000000,50.428451538086
2575,0.058390022676,69,80.000000000000,0.000000000000,0.000000000000,-26.389543500201,-44.065286603229,0.000000000000,41.645446777344
2576,0.058412698413,69,80.000000000000,0.000000000000,0.000000000000,-26.389543500201,-39.533185925738,0.000000000000,46.150604248047
2577,0.058435374150,69,80.000000000000,0.000000000000,0.000000000000,-26.389543500201,-37.151663747089,0.000000000000,62.938278198242
2578,0.058458049887,69,80.000000000000,0.000000000000,0.000000000000,-26.389543500201,-35.829392400043,0.000000000000,84.789535522461
2579,0.058480725624,69,80.000000000000,0.000000000000,0.000000000000,-26.389543500201,-34.916481938617,0.000000000000,101.087005615234
2580,0.058503401361,69,80.000000000000,0.000000000000,0.000000000000,-26.389543500201,-34.136649098651,0.000000000000,114.984191894531
2581,0.058526077098,69,80.000000000000,0.000000000000,0.000000000000,-26.389543500201,-33.424034085528,0.000000000000,117.582176208496
2582,0.058548752834,69,80.000000000000,0.000000000000,0.000000000000,-26.389543500201,-32.690009084003,0.000000000000,120.324218750000
2583,0.058571428571,69,80.000000000000,0.000000000000,0.000000000000,-26.389543500201,-32.214872327106,0.000000000000,121.413970947266
2584,0.058594104308,69,80.000000000000,0.000000000000,0.000000000000,-26.389543500201,-31.107403722064,0.000000000000,115.719238281250
2585,0.058616780045,69,80.000000000000,0.000000000000,0.000000000000,-26.389543500201,-31.680291142718,0.000000000000,114.133392333984
2586,0.058639455782,69,80.000000000000,0.000000000000,0.000000000000,-26.389543500201,-29.250363316791,0.000000000000,111.067169189453
2587,0.058662131519,69,80.000000000000,0.000000000000,0.000000000000,-26.389543500201,-30.561311688678,0.000000000000,120.751853942871
2588,0.058684807256,69,80.000000000000,0.000000000000,0.000000000000,-26.389543500201,-30.088578191058,0.000000000000,97.762130737305
2589,0.058707482993,69,80.000000000000,0.000000000000,0.000000000000,-26.389543500201,-27.604496922748,0.000000000000,105.888557434082
2590,0.058730158730,69,80.000000000000,0.000000000000,0.000000000000,-26.389543500201,-27.724966016070,0.000000000000,78.531692504883
2591,0.058752834467,69,80.000000000000,0.000000000000,0.000000000000,-26.389543500201,-29.554828610675,0.000000000000,64.666427612305
2592,0.058775510204,69,80.000000000000,0.000000000000,0.000000000000,-26.389543500201,-29.757111516254,0.000000000000,71.106353759766
2593,0.058798185941,69,80.000000000000,0.000000000000,0.000000000000,-26.389543500201,-27.651118245380,0.000000000000,62.530632019043
2594,0.058820861678,69,80.000000000000,0.000000000000,0.000000000000,-26.389543500201,-24.678647961871,0.000000000000,47.952941894531
2595,0.058843537415,69,80.000000000000,0.000000000000,0.000000000000,-26.389543500201,-22.161259618060,0.000000000000,49.764083862305
2596,0.058866213152,69,80.000000000000,0.000000000000,0.000000000000,-26.389543500201,-20.518135991351,0.000000000000,61.146499633789
2597,0.058888888889,69,80.000000000000,0.000000000000,0.000000000000,-26.389543500201,-19.601886716144,0.000000000000,62.136322021484
2598,0.058911564626,69,80.000000000000,0.000000000000,0.000000000000,-26.389543500201,-19.137303319232,0.000000000000,42.682399749756
2599,0.058934240363,69,80.000000000000,0.000000000000,0.000000000000,-26.389543500201,-18.915331807391,0.000000000000,23.624563217163
2600,0.058956916100,69,80.000000000000,0.000000000000,0.000000000000,-26.389543500201,-18.816860165851,0.000000000000,-11.029510498047
2601,0.058979591837,69,80.000000000000,0.000000000000,0.000000000000,-26.389543500201,-18.776666608111,0.000000000000,-15.350991249084
2602,0.059002267574,69,80.000000000000,0.000000000000,0.000000000000,-26.389543500201,-18.798911061542,0.000000000000,-35.521537780762
2603,0.059024943311,69,80.000000000000,0.000000000000,0.000000000000,-26.389543500201,-18.718628850238,0.000000000000,-42.693038940430
2604,0.059047619048,69,80.000000000000,0.000000000000,0.000000000000,-26.389543500201,-19.091499295489,0.000000000000,-36.810104370117
2605,0.059070294785,69,80.000000000000,0.000000000000,0.000000000000,-26.389543500201,-18.306592908160,0.000000000000,-40.309005737305
2606,0.059092970522,69,80.000000000000,0.000000000000,0.000000000000,-26.389543500201,-19.680588689105,0.000000000000,-48.188385009766
2607,0.059115646259,69,80.000000000000,0.000000000000,0.000000000000,-26.389543500201,-18.932063069598,0.000000000000,-43.256172180176
2608,0.059138321995,69,80.000000000000,0.000000000000,0.000000000000,-26.389543500201,-17.768790211932,0.000000000000,-39.201667785645
2609,0.059160997732,69,80.000000000000,0.000000000000,0.000000000000,-26.389543500201,-19.531193223254,0.000000000000,-39.576972961426
2610,0.059183673469,69,80.000000000000,0.000000000000,0.000000000000,-26.389543500201,-21.642127957599,0.000000000000,-60.884315490723
2611,0.059206349206,69,80.000000000000,0.000000000000,0.000000000000,-26.389543500201,-20.438046422259,0.000000000000,-82.633293151855
2612,0.059229024943,69,80.000000000000,0.000000000000,0.000000000000,-26.389543500201,-16.042873349444,0.000000000000,-99.827148437500
2613,0.059251700680,69,80.000000000000,0.000000000000,0.000000000000,-26.389543500201,-11.010612454669,0.000000000000,-115.821502685547
2614,0.059274376417,69,80.000000000000,0.000000000000,0.000000000000,-26.389543500201,-7.348522153155,0.000000000000,-125.622856140137
2615,0.059297052154,69,80.000000000000,0.000000000000,0.000000000000,-26.389543500201,-5.535901990192,0.000000000000,-126.535766601562
2616,0.059319727891,69,80.000000000000,0.000000000000,0.000000000000,-26.389543500201,-5.123826947467,0.000000000000,-123.913467407227
2617,0.059342403628,69,80.000000000000,0.000000000000,0.000000000000,-26.389543500201,-5.499839749591,0.000000000000,-122.723098754883
2618,0.059365079365,69,80.000000000000,0.000000000000,0.000000000000,-26.389543500201,-6.235004391925,0.000000000000,-128.362991333008
2619,0.059387755102,69,80.000000000000,0.000000000000,0.000000000000,-26.389543500201,-7.110740628497,0.000000000000,-129.490753173828
2620,0.059410430839,69,80.000000000000,0.000000000000,0.000000000000,-26.389543500201,-8.026998486774,0.000000000000,-145.363494873047
2621,0.059433106576,69,80.000000000000,0.000000000000,0.000000000000,-26.389543500201,-8.994827237384,0.000000000000,-132.583221435547
2622,0.059455782313,69,80.000000000000,0.000000000000,0.000000000000,-26.389543500201,-9.805803265826,0.000000000000,-153.687500000000
2623,0.059478458050,69,80.000000000000,0.000000000000,0.000000000000,-26.389543500201,-11.189427342670,0.000000000000,-141.077239990234
2624,0.059501133787,69,80.000000000000,0.000000000000,0.000000000000,-26.389543500201,-10.827108350055,0.000000000000,-135.074935913086
2625,0.059523809524,69,80.000000000000,0.000000000000,0.000000000000,-26.389543500201,-14.517137494342,0.000000000000,-145.786895751953
2626,0.059546485261,69,80.000000000000,0.000000000000,0.000000000000,-26.389543500201,-11.265640225665,0.000000000000,-140.380218505859
2627,0.059569160998,69,80.000000000000,0.000000000000,0.000000000000,-26.389543500201,-15.358621564166,0.000000000000,-125.075866699219
2628,0.059591836735,69,80.000000000000,0.000000000000,0.000000000000,-26.389543500201,-16.074433293597,0.000000000000,-123.521308898926
2629,0.059614512472,69,80.000000000000,0.000000000000,0.000000000000,-26.389543500201,-13.990653958575,0.000000000000,-132.069137573242
2630,0.059637188209,69,80.000000000000,0.000000000000,0.000000000000,-26.389543500201,-15.729664769427,0.000000000000,-130.836883544922
2631,0.059659863946,69,80.000000000000,0.000000000000,0.000000000000,-26.389543500201,-18.444848981158,0.000000000000,-113.701965332031
2632,0.059682539683,69,80.000000000000,0.000000000000,0.000000000000,-26.389543500201,-17.630731549518,0.000000000000,-86.139633178711
2633,0.059705215420,69,80.000000000000,0.000000000000,0.000000000000,-26.389543500201,-13.035185780780,0.000000000000,-59.258190155029
2634,0.059727891156,69,80.000000000000,0.000000000000,0.000000000000,-26.389543500201,-8.154523816363,0.000000000000,-38.818855285645
2635,0.059750566893,69,80.000000000000,0.000000000000,0.000000000000,-26.389543500201,-4.816917386310,0.000000000000,-24.489711761475
2636,0.059773242630,69,80.000000000000,0.000000000000,0.000000000000,-26.389543500201,-3.052898373859,0.000000000000,-14.917778015137
2637,0.059795918367,69,80.000000000000,0.000000000000,0.000000000000,-26.389543500201,-2.292417493121,0.000000000000,-9.223982810974
2638,0.059818594104,69,80.000000000000,0.000000000000,0.000000000000,-26.389543500201,-2.044610944049,0.000000000000,-7.259073257446
2639,0.059841269841,69,80.000000000000,0.000000000000,0.000000000000,-26.389543500201,-2.027730908649,0.000000000000,-6.080217361450
2640,0.059863945578,69,80.000000000000,0.000000000000,0.000000000000,-26.389543500201,-2.099611249225,0.000000000000,-8.351117134094
2641,0.059886621315,69,80.000000000000,0.000000000000,0.000000000000,-26.389543500201,-2.225341763751,0.000000000000,-5.265525817871
2642,0.059909297052,69,80.000000000000,0.000000000000,0.000000000000,-26.389543500201,-2.238191571490,0.000000000000,-9.104376792908
2643,0.059931972789,69,80.000000000000,0.000000000000,0.000000000000,-26.389543500201,-2.737636533038,0.000000000000,-4.673371315002
2644,0.059954648526,69,80.000000000000,0.000000000000,0.000000000000,-26.389543500201,-1.436851468341,0.000000000000,-3.722724914551
2645,0.059977324263,69,80.000000000000,0.000000000000,0.000000000000,-26.389543500201,-5.482057538287,0.000000000000,-5.005200386047
2646,0.060000000000,69,80.000000000000,0.028671251656,0.000035250377,-26.389760214122,3.109083208783,0.038591817887,-1.202081680298
2647,0.060022675737,69,80.000000000000,0.140520352756,0.000000000000,-26.390822348307,-10.289906463107,0.000000000000,1.919039726257
2648,0.060045351474,69,80.000000000000,0.001155364260,0.000008724899,-26.390831081219,0.769536080648,0.019199660867,3.107359886169
2649,0.060068027211,69,80.000000000000,0.026281876798,0.000030528603,-26.391029734861,1.154070935258,0.035914251556,-1.441720008850
2650,0.060090702948,69,80.000000000000,0.046594773603,0.000000000000,-26.391381925138,-11.511918498047,0.000000000000,2.366416931152
2651,0.060113378685,69,80.000000000000,0.000000000000,0.000000000000,-26.391381925138,-7.761888211759,0.000000000000,7.025918960571
2652,0.060136054422,69,80.000000000000,0.060240079285,0.000048680449,-26.391837254535,4.293615633456,0.045351394526,13.578681945801
2653,0.060158730159,69,80.000000000000,0.814721953542,0.000124291328,-26.397995394774,2.402393910375,0.072465913299,24.971351623535
2654,0.060181405896,69,80.000000000000,0.805969282461,0.000000000000,-26.404087377256,-16.519753238908,0.000000000000,32.998046875000
2655,0.060204081633,69,80.000000000000,0.000000000000,0.000000000000,-26.404087377256,-38.274565053648,0.000000000000,33.824676513672
2656,0.060226757370,69,80.000000000000,0.000000000000,0.000000000000,-26.404087377256,-54.378418279356,0.000000000000,33.396419525146
2657,0.060249433107,69,80.000000000000,0.000000000000,0.000000000000,-26.404087377256,-63.101566625303,0.000000000000,37.808311462402
2658,0.060272108844,69,80.000000000000,0.000000000000,0.000000000000,-26.404087377256,-66.825405431455,0.000000000000,47.104076385498
2659,0.060294784580,69,80.000000000000,0.000000000000,0.000000000000,-26.404087377256,-68.043209386534,0.000000000000,57.716636657715
2660,0.060317460317,69,80.000000000000,0.000000000000,0.000000000000,-26.404087377256,-68.242180181211,0.000000000000,65.789459228516
2661,0.060340136054,69,80.000000000000,0.000000000000,0.000000000000,-26.404087377256,-68.089699102110,0.000000000000,70.698623657227
2662,0.060362811791,69,80.000000000000,0.000000000000,0.000000000000,-26.404087377256,-67.786167455381,0.000000000000,71.909889221191
2663,0.060385487528,69,80.000000000000,0.000000000000,0.000000000000,-26.404087377256,-67.557617498106,0.000000000000,71.274681091309
2664,0.060408163265,69,80.000000000000,0.000000000000,0.000000000000,-26.404087377256,-66.763534856504,0.000000000000,69.739730834961
2665,0.060430839002,69,80.000000000000,0.000000000000,0.000000000000,-26.404087377256,-67.730881047911,0.000000000000,67.322860717773
2666,0.060453514739,69,80.000000000000,0.000000000000,0.000000000000,-26.404087377256,-63.662636113828,0.000000000000,63.558738708496
2667,0.060476190476,69,80.000000000000,0.000000000000,0.000000000000,-26.404087377256,-70.535221410459,0.000000000000,64.693267822266
2668,0.060498866213,69,80.000000000000,0.000000000000,0.000000000000,-26.404087377256,-60.079876256651,0.000000000000,55.567878723145
2669,0.060521541950,69,80.000000000000,0.000000000000,0.000000000000,-26.404087377256,-65.973560643858,0.000000000000,62.880737304688
2670,0.060544217687,69,80.000000000000,0.000000000000,0.000000000000,-26.404087377256,-69.120720220274,0.000000000000,46.979331970215
2671,0.060566893424,69,80.000000000000,0.000000000000,0.000000000000,-26.404087377256,-59.749080968565,0.000000000000,53.608100891113
2672,0.060589569161,69,80.000000000000,0.000000000000,0.000000000000,-26.404087377256,-57.427227330869,0.000000000000,55.770992279053
2673,0.060612244898,69,80.000000000000,0.000000000000,0.000000000000,-26.404087377256,-64.354923558897,0.000000000000,47.663452148438
2674,0.060634920635,69,80.000000000000,0.000000000000,0.000000000000,-26.404087377256,-68.061497045225,0.000000000000,49.242477416992
2675,0.060657596372,69,80.000000000000,0.000000000000,0.000000000000,-26.404087377256,-62.665325475401,0.000000000000,55.268066406250
2676,0.060680272109,69,80.000000000000,0.000000000000,0.000000000000,-26.404087377256,-53.294967961973,0.000000000000,52.009876251221
2677,0.060702947846,69,80.000000000000,0.000000000000,0.000000000000,-26.404087377256,-45.274614644712,0.000000000000,42.976615905762
2678,0.060725623583,69,80.000000000000,0.000000000000,0.000000000000,-26.404087377256,-40.246390653318,0.000000000000,44.656288146973
2679,0.060748299320,69,80.000000000000,0.000000000000,0.000000000000,-26.404087377256,-37.537243200010,0.000000000000,58.687324523926
2680,0.060770975057,69,80.000000000000,0.000000000000,0.000000000000,-26.404087377256,-36.057030034727,0.000000000000,79.779403686523
2681,0.060793650794,69,80.000000000000,0.000000000000,0.000000000000,-26.404087377256,-35.083641362852,0.000000000000,96.698143005371
2682,0.060816326531,69,80.000000000000,0.000000000000,0.000000000000,-26.404087377256,-34.282364202207,0.000000000000,112.060569763184
2683,0.060839002268,69,80.000000000000,0.000000000000,0.000000000000,-26.404087377256,-33.564741445249,0.000000000000,116.367706298828
2684,0.060861678005,69,80.000000000000,0.000000000000,0.000000000000,-26.404087377256,-32.812475515074,0.000000000000,119.435958862305
2685,0.060884353741,69,80.000000000000,0.000000000000,0.000000000000,-26.404087377256,-32.362740827268,0.000000000000,121.432456970215
2686,0.060907029478,69,80.000000000000,0.000000000000,0.000000000000,-26.404087377256,-31.186564756101,0.000000000000,116.422477722168
2687,0.060929705215,69,80.000000000000,0.000000000000,0.000000000000,-26.404087377256,-31.824857068723,0.000000000000,114.779716491699
2688,0.060952380952,69,80.000000000000,0.000000000000,0.000000000000,-26.404087377256,-29.410713506407,0.000000000000,110.221664428711
2689,0.060975056689,69,80.000000000000,0.000000000000,0.000000000000,-26.404087377256,-30.480426145262,0.000000000000,121.379753112793
2690,0.060997732426,69,80.000000000000,0.000000000000,0.000000000000,-26.404087377256,-30.332043958372,0.000000000000,99.510269165039
2691,0.061020408163,69,80.000000000000,0.000000000000,0.000000000000,-26.404087377256,-27.875962567991,0.000000000000,107.242492675781
2692,0.061043083900,69,80.000000000000,0.000000000000,0.000000000000,-26.404087377256,-27.600534749693,0.000000000000,83.648788452148
2693,0.061065759637,69,80.000000000000,0.000000000000,0.000000000000,-26.404087377256,-29.352001500791,0.000000000000,66.593582153320
2694,0.061088435374,69,80.000000000000,0.000000000000,0.000000000000,-26.404087377256,-29.890757871336,0.000000000000,70.884948730469
2695,0.061111111111,69,80.000000000000,0.000000000000,0.000000000000,-26.404087377256,-28.110906911558,0.000000000000,64.864089965820
2696,0.061133786848,69,80.000000000000,0.000000000000,0.000000000000,-26.404087377256,-25.217826200193,0.000000000000,50.408042907715
2697,0.061156462585,69,80.000000000000,0.000000000000,0.000000000000,-26.404087377256,-22.596771550840,0.000000000000,48.754913330078
2698,0.061179138322,69,80.000000000000,0.000000000000,0.000000000000,-26.404087377256,-20.805339170164,0.000000000000,58.896213531494
2699,0.061201814059,69,80.000000000000,0.000000000000,0.000000000000,-26.404087377256,-19.772690129942,0.000000000000,62.833438873291
2700,0.061224489796,69,80.000000000000,0.000000000000,0.000000000000,-26.404087377256,-19.236954999632,0.000000000000,46.423416137695
2701,0.061247165533,69,80.000000000000,0.000000000000,0.000000000000,-26.404087377256,-18.976682973570,0.000000000000,29.861724853516
2702,0.061269841270,69,80.000000000000,0.000000000000,0.000000000000,-26.404087377256,-18.858971906370,0.000000000000,-5.308260917664
2703,0.061292517007,69,80.000000000000,0.000000000000,0.000000000000,-26.404087377256,-18.806680989927,0.000000000000,-12.036077499390
2704,0.061315192744,69,80.000000000000,0.000000000000,0.000000000000,-26.404087377256,-18.830524755186,0.000000000000,-31.476631164551
2705,0.061337868481,69,80.000000000000,0.000000000000,0.000000000000,-26.404087377256,-18.723638845152,0.000000000000,-41.622192382812
2706,0.061360544218,69,80.000000000000,0.000000000000,0.000000000000,-26.404087377256,-19.142221761411,0.000000000000,-37.309005737305
2707,0.061383219955,69,80.000000000000,0.000000000000,0.000000000000,-26.404087377256,-18.306462598509,0.000000000000,-39.046638488770
2708,0.061405895692,69,80.000000000000,0.000000000000,0.000000000000,-26.404087377256,-19.622539830869,0.000000000000,-47.071746826172
2709,0.061428571429,69,80.000000000000,0.000000000000,0.000000000000,-26.404087377256,-19.121528936094,0.000000000000,-44.185688018799
2710,0.061451247166,69,80.000000000000,0.000000000000,0.000000000000,-26.404087377256,-17.791319204038,0.000000000000,-40.270294189453
2711,0.061473922902,69,80.000000000000,0.000000000000,0.000000000000,-26.404087377256,-19.213135076231,0.000000000000,-38.201110839844
2712,0.061496598639,69,80.000000000000,0.000000000000,0.000000000000,-26.404087377256,-21.515797925657,0.000000000000,-56.103919982910
2713,0.061519274376,69,80.000000000000,0.000000000000,0.000000000000,-26.404087377256,-20.907213998503,0.000000000000,-77.481330871582
2714,0.061541950113,69,80.000000000000,0.000000000000,0.000000000000,-26.404087377256,-16.931316686338,0.000000000000,-95.245094299316
2715,0.061564625850,69,80.000000000000,0.000000000000,0.000000000000,-26.404087377256,-11.894968343443,0.000000000000,-111.917938232422
2716,0.061587301587,69,80.000000000000,0.000000000000,0.000000000000,-26.404087377256,-7.958437276548,0.000000000000,-123.343246459961
2717,0.061609977324,69,80.000000000000,0.000000000000,0.000000000000,-26.404087377256,-5.836368871397,0.000000000000,-126.056243896484
2718,0.061632653061,69,80.000000000000,0.000000000000,0.000000000000,-26.404087377256,-5.202648473448,0.000000000000,-124.233306884766
2719,0.061655328798,69,80.000000000000,0.000000000000,0.000000000000,-26.404087377256,-5.456379247373,0.000000000000,-122.334594726562
2720,0.061678004535,69,80.000000000000,0.000000000000,0.000000000000,-26.404087377256,-6.135345769590,0.000000000000,-127.549331665039
2721,0.061700680272,69,80.000000000000,0.000000000000,0.000000000000,-26.404087377256,-6.988849950498,0.000000000000,-127.386230468750
2722,0.061723356009,69,80.000000000000,0.000000000000,0.000000000000,-26.404087377256,-7.893923116392,0.000000000000,-144.227828979492
2723,0.061746031746,69,80.000000000000,0.000000000000,0.000000000000,-26.404087377256,-8.867506337827,0.000000000000,-131.734680175781
2724,0.061768707483,69,80.000000000000,0.000000000000,0.000000000000,-26.404087377256,-9.646025014585,0.000000000000,-151.617950439453
2725,0.061791383220,69,80.000000000000,0.000000000000,0.000000000000,-26.404087377256,-11.110361409849,0.000000000000,-142.945983886719
2726,0.061814058957,69,80.000000000000,0.000000000000,0.000000000000,-26.404087377256,-10.600679708189,0.000000000000,-135.005432128906
2727,0.061836734694,69,80.000000000000,0.000000000000,0.000000000000,-26.404087377256,-14.422269178098,0.000000000000,-144.267913818359
2728,0.061859410431,69,80.000000000000,0.000000000000,0.000000000000,-26.404087377256,-11.304961515135,0.000000000000,-141.971145629883
2729,0.061882086168,69,80.000000000000,0.000000000000,0.000000000000,-26.404087377256,-14.919263196653,0.000000000000,-127.684509277344
2730,0.061904761905,69,80.000000000000,0.000000000000,0.000000000000,-26.404087377256,-16.166852307981,0.000000000000,-123.147323608398
2731,0.061927437642,69,80.000000000000,0.000000000000,0.000000000000,-26.404087377256,-14.108027768797,0.000000000000,-130.434661865234
2732,0.061950113379,69,80.000000000000,0.000000000000,0.000000000000,-26.404087377256,-15.377785993284,0.000000000000,-131.478546142578
2733,0.061972789116,69,80.000000000000,0.000000000000,0.000000000000,-26.404087377256,-18.170134854978,0.000000000000,-117.897415161133
2734,0.061995464853,69,80.000000000000,0.000000000000,0.000000000000,-26.404087377256,-18.071771932310,0.000000000000,-92.506469726562
2735,0.062018140590,69,80.000000000000,0.000000000000,0.000000000000,-26.404087377256,-13.935245824522,0.000000000000,-65.490196228027
2736,0.062040816327,69,80.000000000000,0.000000000000,0.000000000000,-26.404087377256,-9.003574681944,0.000000000000,-43.689002990723
2737,0.062063492063,69,80.000000000000,0.000000000000,0.000000000000,-26.404087377256,-5.391292882627,0.000000000000,-27.931303024292
2738,0.062086167800,69,80.000000000000,0.000000000000,0.000000000000,-26.404087377256,-3.375950170225,0.000000000000,-17.203182220459
2739,0.062108843537,69,80.000000000000,0.000000000000,0.000000000000,-26.404087377256,-2.459406209654,0.000000000000,-10.498401641846
2740,0.062131519274,69,80.000000000000,0.000000000000,0.000000000000,-26.404087377256,-2.132234883970,0.000000000000,-7.859062194824
2741,0.062154195011,69,80.000000000000,0.000000000000,0.000000000000,-26.404087377256,-2.080086065000,0.000000000000,-6.067383766174
2742,0.062176870748,69,80.000000000000,0.000000000000,0.000000000000,-26.404087377256,-2.136232686704,0.000000000000,-8.373523712158
2743,0.062199546485,69,80.000000000000,0.000000000000,0.000000000000,-26.404087377256,-2.264896703428,0.000000000000,-5.240575790405
2744,0.062222222222,69,80.000000000000,0.000000000000,0.000000000000,-26.404087377256,-2.248493505186,0.000000000000,-8.966933250427
2745,0.062244897959,69,80.000000000000,0.000000000000,0.000000000000,-26.404087377256,-2.845081639952,0.000000000000,-5.329300880432
2746,0.062267573696,69,80.000000000000,0.000000000000,0.000000000000,-26.404087377256,-1.296856237119,0.000000000000,-3.803043365479
2747,0.062290249433,69,80.000000000000,0.000000000000,0.000000000000,-26.404087377256,-5.805481267637,0.000000000000,-5.107731819153
2748,0.062312925170,69,80.000000000000,0.031113047819,0.000036525550,-26.404322547686,3.221553491884,0.039283641364,-1.955118179321
2749,0.062335600907,69,80.000000000000,0.152453308951,0.000000000000,-26.405474878063,-9.840679100026,0.000000000000,1.155495643616
2750,0.062358276644,69,80.000000000000,0.000000000000,0.000000000000,-26.405474878063,-0.413632608166,0.000000000000,3.246887207031
2751,0.062380952381,69,80.000000000000,0.010067620886,0.000022363844,-26.405550974971,1.972491049061,0.030738777024,-1.076321601868
2752,0.062403628118,69,80.000000000000,0.049447818453,0.000000000000,-26.405924730212,-10.492594151823,0.000000000000,1.651915550232
2753,0.062426303855,69,80.000000000000,0.000000000000,0.000000000000,-26.405924730212,-9.049996309192,0.000000000000,5.888559341431
2754,0.062448979592,69,80.000000000000,0.024888259003,0.000033147093,-26.406112850084,2.923573560803,0.037422782623,11.627050399780
2755,0.062471655329,69,80.000000000000,0.520129036728,0.000110643234,-26.410044286492,3.922794934197,0.068371606915,22.389448165894
2756,0.062494331066,69,80.000000000000,0.848660092534,0.000007511128,-26.416458950834,-12.893787184820,0.017814184752,31.319257736206
2757,0.062517006803,69,80.000000000000,0.000000000000,0.000000000000,-26.416458950834,-34.561091290312,0.000000000000,33.460536956787
2758,0.062539682540,69,80.000000000000,0.000000000000,0.000000000000,-26.416458950834,-51.807703839140,0.000000000000,33.125396728516
2759,0.062562358277,69,80.000000000000,0.000000000000,0.000000000000,-26.416458950834,-61.721932278471,0.000000000000,36.505588531494
2760,0.062585034014,69,80.000000000000,0.000000000000,0.000000000000,-26.416458950834,-66.215828762846,0.000000000000,44.782665252686
2761,0.062607709751,69,80.000000000000,0.000000000000,0.000000000000,-26.416458950834,-67.813671933012,0.000000000000,55.188873291016
2762,0.062630385488,69,80.000000000000,0.000000000000,0.000000000000,-26.416458950834,-68.167031155424,0.000000000000,63.775268554688
2763,0.062653061224,69,80.000000000000,0.000000000000,0.000000000000,-26.416458950834,-68.072155819731,0.000000000000,69.497688293457
2764,0.062675736961,69,80.000000000000,0.000000000000,0.000000000000,-26.416458950834,-67.781304226713,0.000000000000,71.493530273438
2765,0.062698412698,69,80.000000000000,0.000000000000,0.000000000000,-26.416458950834,-67.593243466215,0.000000000000,71.301803588867
2766,0.062721088435,69,80.000000000000,0.000000000000,0.000000000000,-26.416458950834,-66.714669094877,0.000000000000,70.018791198730
2767,0.062743764172,69,80.000000000000,0.000000000000,0.000000000000,-26.416458950834,-67.907555447416,0.000000000000,67.956481933594
2768,0.062766439909,69,80.000000000000,0.000000000000,0.000000000000,-26.416458950834,-63.484753475981,0.000000000000,63.843528747559
2769,0.062789115646,69,80.000000000000,0.000000000000,0.000000000000,-26.416458950834,-70.601025448637,0.000000000000,65.444046020508
2770,0.062811791383,69,80.000000000000,0.000000000000,0.000000000000,-26.416458950834,-60.642205105619,0.000000000000,55.872650146484
2771,0.062834467120,69,80.000000000000,0.000000000000,0.000000000000,-26.416458950834,-65.110566006498,0.000000000000,63.463241577148
2772,0.062857142857,69,80.000000000000,0.000000000000,0.000000000000,-26.416458950834,-69.418637142973,0.000000000000,48.541282653809
2773,0.062879818594,69,80.000000000000,0.000000000000,0.000000000000,-26.416458950834,-60.864868985014,0.000000000000,52.565345764160
2774,0.062902494331,69,80.000000000000,0.000000000000,0.000000000000,-26.416458950834,-57.167233334379,0.000000000000,55.982456207275
2775,0.062925170068,69,80.000000000000,0.000000000000,0.000000000000,-26.416458950834,-63.262177334623,0.000000000000,48.789031982422
2776,0.062947845805,69,80.000000000000,0.000000000000,0.000000000000,-26.416458950834,-67.907593594389,0.000000000000,48.521644592285
2777,0.062970521542,69,80.000000000000,0.000000000000,0.000000000000,-26.416458950834,-63.872353421049,0.000000000000,54.230010986328
2778,0.062993197279,69,80.000000000000,0.000000000000,0.000000000000,-26.416458950834,-54.905690060453,0.000000000000,53.105140686035
2779,0.063015873016,69,80.000000000000,0.000000000000,0.000000000000,-26.416458950834,-46.558955059843,0.000000000000,44.672233581543
2780,0.063038548753,69,80.000000000000,0.000000000000,0.000000000000,-26.416458950834,-41.036706791716,0.000000000000,43.846389770508
2781,0.063061224490,69,80.000000000000,0.000000000000,0.000000000000,-26.416458950834,-37.970521794157,0.000000000000,55.033138275146
2782,0.063083900227,69,80.000000000000,0.000000000000,0.000000000000,-26.416458950834,-36.306038723783,0.000000000000,74.947921752930
2783,0.063106575964,69,80.000000000000,0.000000000000,0.000000000000,-26.416458950834,-35.257697926359,0.000000000000,92.139160156250
2784,0.063129251701,69,80.000000000000,0.000000000000,0.000000000000,-26.416458950834,-34.428818569975,0.000000000000,108.746566772461
2785,0.063151927438,69,80.000000000000,0.000000000000,0.000000000000,-26.416458950834,-33.705240116911,0.000000000000,114.837783813477
2786,0.063174603175,69,80.000000000000,0.000000000000,0.000000000000,-26.416458950834,-32.932486401396,0.000000000000,118.378723144531
2787,0.063197278912,69,80.000000000000,0.000000000000,0.000000000000,-26.416458950834,-32.511117802458,0.000000000000,121.234573364258
2788,0.063219954649,69,80.000000000000,0.000000000000,0.000000000000,-26.416458950834,-31.265475140409,0.000000000000,116.974166870117
2789,0.063242630385,69,80.000000000000,0.000000000000,0.000000000000,-26.416458950834,-31.958993779020,0.000000000000,115.575714111328
2790,0.063265306122,69,80.000000000000,0.000000000000,0.000000000000,-26.416458950834,-29.585825787382,0.000000000000,109.485801696777
2791,0.063287981859,69,80.000000000000,0.000000000000,0.000000000000,-26.416458950834,-30.397703038053,0.000000000000,121.724281311035
2792,0.063310657596,69,80.000000000000,0.000000000000,0.000000000000,-26.416458950834,-30.537591801481,0.000000000000,101.149177551270
2793,0.063333333333,69,80.000000000000,0.000000000000,0.000000000000,-26.416458950834,-28.170323239164,0.000000000000,108.201766967773
2794,0.063356009070,69,80.000000000000,0.000000000000,0.000000000000,-26.416458950834,-27.522288189726,0.000000000000,88.455734252930
2795,0.063378684807,69,80.000000000000,0.000000000000,0.000000000000,-26.416458950834,-29.132799015837,0.000000000000,69.172843933105
2796,0.063401360544,69,80.000000000000,0.000000000000,0.000000000000,-26.416458950834,-29.961989270048,0.000000000000,70.826324462891
2797,0.063424036281,69,80.000000000000,0.000000000000,0.000000000000,-26.416458950834,-28.524663792448,0.000000000000,66.768661499023
2798,0.063446712018,69,80.000000000000,0.000000000000,0.000000000000,-26.416458950834,-25.750964985685,0.000000000000,53.080474853516
2799,0.063469387755,69,80.000000000000,0.000000000000,0.000000000000,-26.416458950834,-23.051019535856,0.000000000000,48.531265258789
2800,0.063492063492,69,80.000000000000,0.000000000000,0.000000000000,-26.416458950834,-21.115227566557,0.000000000000,56.549171447754
2801,0.063514739229,69,80.000000000000,0.000000000000,0.000000000000,-26.416458950834,-19.959928379850,0.000000000000,62.868263244629
2802,0.063537414966,69,80.000000000000,0.000000000000,0.000000000000,-26.416458950834,-19.345651493864,0.000000000000,49.358360290527
2803,0.063560090703,69,80.000000000000,0.000000000000,0.000000000000,-26.416458950834,-19.041865216093,0.000000000000,35.620941162109
2804,0.063582766440,69,80.000000000000,0.000000000000,0.000000000000,-26.416458950834,-18.902144299345,0.000000000000,0.641906738281
2805,0.063605442177,69,80.000000000000,0.000000000000,0.000000000000,-26.416458950834,-18.835762844877,0.000000000000,-8.478107452393
2806,0.063628117914,69,80.000000000000,0.000000000000,0.000000000000,-26.416458950834,-18.862007008390,0.000000000000,-27.224897384644
2807,0.063650793651,69,80.000000000000,0.000000000000,0.000000000000,-26.416458950834,-18.725657330351,0.000000000000,-39.912113189697
2808,0.063673469388,69,80.000000000000,0.000000000000,0.000000000000,-26.416458950834,-19.189930783110,0.000000000000,-37.667789459229
2809,0.063696145125,69,80.000000000000,0.000000000000,0.000000000000,-26.416458950834,-18.314146862822,0.000000000000,-38.058219909668
2810,0.063718820862,69,80.000000000000,0.000000000000,0.000000000000,-26.416458950834,-19.549386845427,0.000000000000,-45.781993865967
2811,0.063741496599,69,80.000000000000,0.000000000000,0.000000000000,-26.416458950834,-19.295250759916,0.000000000000,-44.642765045166
2812,0.063764172336,69,80.000000000000,0.000000000000,0.000000000000,-26.416458950834,-17.854348049955,0.000000000000,-41.596069335938
2813,0.063786848073,69,80.000000000000,0.000000000000,0.000000000000,-26.416458950834,-18.916565285521,0.000000000000,-37.519737243652
2814,0.063809523810,69,80.000000000000,0.000000000000,0.000000000000,-26.416458950834,-21.324140415983,0.000000000000,-51.974941253662
2815,0.063832199546,69,80.000000000000,0.000000000000,0.000000000000,-26.416458950834,-21.276750431852,0.000000000000,-72.457534790039
2816,0.063854875283,69,80.000000000000,0.000000000000,0.000000000000,-26.416458950834,-17.767459736662,0.000000000000,-90.564605712891
2817,0.063877551020,69,80.000000000000,0.000000000000,0.000000000000,-26.416458950834,-12.793787823515,0.000000000000,-107.782974243164
2818,0.063900226757,69,80.000000000000,0.000000000000,0.000000000000,-26.416458950834,-8.617752896147,0.000000000000,-120.648117065430
2819,0.063922902494,69,80.000000000000,0.000000000000,0.000000000000,-26.416458950834,-6.185866223173,0.000000000000,-125.168487548828
2820,0.063945578231,69,80.000000000000,0.000000000000,0.000000000000,-26.416458950834,-5.314331875639,0.000000000000,-124.429626464844
2821,0.063968253968,69,80.000000000000,0.000000000000,0.000000000000,-26.416458950834,-5.429797039824,0.000000000000,-122.046173095703
2822,0.063990929705,69,80.000000000000,0.000000000000,0.000000000000,-26.416458950834,-6.042313443022,0.000000000000,-126.959709167480
2823,0.064013605442,69,80.000000000000,0.000000000000,0.000000000000,-26.416458950834,-6.868689404325,0.000000000000,-125.408126831055
2824,0.064036281179,69,80.000000000000,0.000000000000,0.000000000000,-26.416458950834,-7.759781704741,0.000000000000,-142.942352294922
2825,0.064058956916,69,80.000000000000,0.000000000000,0.000000000000,-26.416458950834,-8.740378247099,0.000000000000,-131.001312255859
2826,0.064081632653,69,80.000000000000,0.000000000000,0.000000000000,-26.416458950834,-9.481238232450,0.000000000000,-149.315185546875
2827,0.064104308390,69,80.000000000000,0.000000000000,0.000000000000,-26.416458950834,-11.032650814848,0.000000000000,-144.399353027344
2828,0.064126984127,69,80.000000000000,0.000000000000,0.000000000000,-26.416458950834,-10.377287731962,0.000000000000,-135.343536376953
2829,0.064149659864,69,80.000000000000,0.000000000000,0.000000000000,-26.416458950834,-14.301305638151,0.000000000000,-142.742797851562
2830,0.064172335601,69,80.000000000000,0.000000000000,0.000000000000,-26.416458950834,-11.365118847685,0.000000000000,-142.950897216797
2831,0.064195011338,69,80.000000000000,0.000000000000,0.000000000000,-26.416458950834,-14.487917767363,0.000000000000,-130.301239013672
2832,0.064217687075,69,80.000000000000,0.000000000000,0.000000000000,-26.416458950834,-16.201503620939,0.000000000000,-123.460525512695
2833,0.064240362812,69,80.000000000000,0.000000000000,0.000000000000,-26.416458950834,-14.253336773710,0.000000000000,-128.775604248047
2834,0.064263038549,69,80.000000000000,0.000000000000,0.000000000000,-26.416458950834,-15.070374356108,0.000000000000,-131.499603271484
2835,0.064285714286,69,80.000000000000,0.000000000000,0.000000000000,-26.416458950834,-17.858092175322,0.000000000000,-121.263336181641
2836,0.064308390023,69,80.000000000000,0.000000000000,0.000000000000,-26.416458950834,-18.337484227018,0.000000000000,-98.405181884766
2837,0.064331065760,69,80.000000000000,0.000000000000,0.000000000000,-26.416458950834,-14.778545246916,0.000000000000,-71.765274047852
2838,0.064353741497,69,80.000000000000,0.000000000000,0.000000000000,-26.416458950834,-9.871754513578,0.000000000000,-48.875537872314
2839,0.064376417234,69,80.000000000000,0.000000000000,0.000000000000,-26.416458950834,-6.011050091581,0.000000000000,-31.716793060303
2840,0.064399092971,69,80.000000000000,0.000000000000,0.000000000000,-26.416458950834,-3.736845837431,0.000000000000,-19.785285949707
2841,0.064421768707,69,80.000000000000,0.000000000000,0.000000000000,-26.416458950834,-2.648472653227,0.000000000000,-12.010459899902
2842,0.064444444444,69,80.000000000000,0.000000000000,0.000000000000,-26.416458950834,-2.229882107573,0.000000000000,-8.647768974304
2843,0.064467120181,69,80.000000000000,0.000000000000,0.000000000000,-26.416458950834,-2.135794506865,0.000000000000,-6.163801193237
2844,0.064489795918,69,80.000000000000,0.000000000000,0.000000000000,-26.416458950834,-2.172320233183,0.000000000000,-8.412265777588
2845,0.064512471655,69,80.000000000000,0.000000000000,0.000000000000,-26.416458950834,-2.304488049345,0.000000000000,-5.246803283691
2846,0.064535147392,69,80.000000000000,0.000000000000,0.000000000000,-26.416458950834,-2.251755581694,0.000000000000,-8.763402938843
2847,0.064557823129,69,80.000000000000,0.000000000000,0.000000000000,-26.416458950834,-2.960135327177,0.000000000000,-5.919506072998
2848,0.064580498866,69,80.000000000000,0.000000000000,0.000000000000,-26.416458950834,-1.143643246489,0.000000000000,-3.961152076721
2849,0.064603174603,69,80.000000000000,0.000000000000,0.000000000000,-26.416458950834,-6.112679348783,0.000000000000,-5.162361145020
2850,0.064625850340,69,80.000000000000,0.032060525493,0.000037005063,-26.416701282849,3.263846530123,0.039540661338,-2.587597846985
2851,0.064648526077,69,80.000000000000,0.157082464487,0.000000000000,-26.417888603064,-9.295295771500,0.000000000000,0.337129592896
2852,0.064671201814,69,80.000000000000,0.000000000000,0.000000000000,-26.417888603064,-1.574989280554,0.000000000000,3.208571434021
2853,0.064693877551,69,80.000000000000,0.018505522387,0.000029140157,-26.418028478517,2.570161857752,0.035088055492,-0.684631347656
2854,0.064716553288,69,80.000000000000,0.090792399964,0.000000000000,-26.418714740043,-9.346394257902,0.000000000000,1.116298675537
2855,0.064739229025,69,80.000000000000,0.000000000000,0.000000000000,-26.418714740043,-10.080312945610,0.000000000000,4.912523269653
2856,0.064761904762,69,80.000000000000,0.004727700814,0.000016099685,-26.418750474743,1.419992230172,0.026080868420,9.894525527954
2857,0.064784580499,69,80.000000000000,0.251572314426,0.000086886817,-26.420652003953,4.825562022594,0.060588514023,19.874811172485
2858,0.064807256236,69,80.000000000000,0.715460146483,0.000033361302,-26.426059865982,-9.453971773883,0.037543508467,29.406431198120
2859,0.064829931973,69,80.000000000000,0.000000000000,0.000000000000,-26.426059865982,-30.788829946548,0.000000000000,32.842529296875
2860,0.064852607710,69,80.000000000000,0.000000000000,0.000000000000,-26.426059865982,-49.027818822891,0.000000000000,32.874935150146
2861,0.064875283447,69,80.000000000000,0.000000000000,0.000000000000,-26.426059865982,-60.148662710220,0.000000000000,35.446540832520
2862,0.064897959184,69,80.000000000000,0.000000000000,0.000000000000,-26.426059865982,-65.484920644791,0.000000000000,42.678764343262
2863,0.064920634921,69,80.000000000000,0.000000000000,0.000000000000,-26.426059865982,-67.523723745377,0.000000000000,52.695217132568
2864,0.064943310658,69,80.000000000000,0.000000000000,0.000000000000,-26.426059865982,-68.065441274673,0.000000000000,61.631973266602
2865,0.064965986395,69,80.000000000000,0.000000000000,0.000000000000,-26.426059865982,-68.043613576920,0.000000000000,68.095130920410
2866,0.064988662132,69,80.000000000000,0.000000000000,0.000000000000,-26.426059865982,-67.768585348160,0.000000000000,70.898330688477
2867,0.065011337868,69,80.000000000000,0.000000000000,0.000000000000,-26.426059865982,-67.628597402603,0.000000000000,71.220947265625
2868,0.065034013605,69,80.000000000000,0.000000000000,0.000000000000,-26.426059865982,-66.653659963638,0.000000000000,70.207580566406
2869,0.065056689342,69,80.000000000000,0.000000000000,0.000000000000,-26.426059865982,-68.085910940201,0.000000000000,68.566802978516
2870,0.065079365079,69,80.000000000000,0.000000000000,0.000000000000,-26.426059865982,-63.322078847916,0.000000000000,64.120300292969
2871,0.065102040816,69,80.000000000000,0.000000000000,0.000000000000,-26.426059865982,-70.599754476578,0.000000000000,66.182640075684
2872,0.065124716553,69,80.000000000000,0.000000000000,0.000000000000,-26.426059865982,-61.259521627457,0.000000000000,56.219451904297
2873,0.065147392290,69,80.000000000000,0.000000000000,0.000000000000,-26.426059865982,-64.303627157242,0.000000000000,63.875499725342
2874,0.065170068027,69,80.000000000000,0.000000000000,0.000000000000,-26.426059865982,-69.534778738052,0.000000000000,50.218666076660
2875,0.065192743764,69,80.000000000000,0.000000000000,0.000000000000,-26.426059865982,-61.987560415298,0.000000000000,51.791419982910
2876,0.065215419501,69,80.000000000000,0.000000000000,0.000000000000,-26.426059865982,-57.110912466080,0.000000000000,55.933856964111
2877,0.065238095238,69,80.000000000000,0.000000000000,0.000000000000,-26.426059865982,-62.214294576675,0.000000000000,49.920333862305
2878,0.065260770975,69,80.000000000000,0.000000000000,0.000000000000,-26.426059865982,-67.564037466080,0.000000000000,48.155223846436
2879,0.065283446712,69,80.000000000000,0.000000000000,0.000000000000,-26.426059865982,-64.893238210709,0.000000000000,53.093196868896
2880,0.065306122449,69,80.000000000000,0.000000000000,0.000000000000,-26.426059865982,-56.482975149185,0.000000000000,53.696773529053
2881,0.065328798186,69,80.000000000000,0.000000000000,0.000000000000,-26.426059865982,-47.907333517105,0.000000000000,46.356155395508
2882,0.065351473923,69,80.000000000000,0.000000000000,0.000000000000,-26.426059865982,-41.904762411148,0.000000000000,43.646736145020
2883,0.065374149660,69,80.000000000000,0.000000000000,0.000000000000,-26.426059865982,-38.455904150040,0.000000000000,52.012229919434
2884,0.065396825397,69,80.000000000000,0.000000000000,0.000000000000,-26.426059865982,-36.579887533218,0.000000000000,70.394660949707
2885,0.065419501134,69,80.000000000000,0.000000000000,0.000000000000,-26.426059865982,-35.440243864090,0.000000000000,87.500274658203
2886,0.065442176871,69,80.000000000000,0.000000000000,0.000000000000,-26.426059865982,-34.576252126724,0.000000000000,105.081649780273
2887,0.065464852608,69,80.000000000000,0.000000000000,0.000000000000,-26.426059865982,-33.845262670547,0.000000000000,112.971626281738
2888,0.065487528345,69,80.000000000000,0.000000000000,0.000000000000,-26.426059865982,-33.049452924759,0.000000000000,117.134330749512
2889,0.065510204082,69,80.000000000000,0.000000000000,0.000000000000,-26.426059865982,-32.659149313004,0.000000000000,120.822792053223
2890,0.065532879819,69,80.000000000000,0.000000000000,0.000000000000,-26.426059865982,-31.344426298172,0.000000000000,117.334335327148
2891,0.065555555556,69,80.000000000000,0.000000000000,0.000000000000,-26.426059865982,-32.081211233170,0.000000000000,116.470184326172
2892,0.065578231293,69,80.000000000000,0.000000000000,0.000000000000,-26.426059865982,-29.773719930679,0.000000000000,108.898239135742
2893,0.065600907029,69,80.000000000000,0.000000000000,0.000000000000,-26.426059865982,-30.317023420364,0.000000000000,121.825897216797
2894,0.065623582766,69,80.000000000000,0.000000000000,0.000000000000,-26.426059865982,-30.703913831741,0.000000000000,102.695777893066
2895,0.065646258503,69,80.000000000000,0.000000000000,0.000000000000,-26.426059865982,-28.478869581253,0.000000000000,108.814224243164
2896,0.065668934240,69,80.000000000000,0.000000000000,0.000000000000,-26.426059865982,-27.491461896927,0.000000000000,92.838790893555
2897,0.065691609977,69,80.000000000000,0.000000000000,0.000000000000,-26.426059865982,-28.906673574478,0.000000000000,72.286109924316
2898,0.065714285714,69,80.000000000000,0.000000000000,0.000000000000,-26.426059865982,-29.974391126663,0.000000000000,71.057090759277
2899,0.065736961451,69,80.000000000000,0.000000000000,0.000000000000,-26.426059865982,-28.887413167984,0.000000000000,68.291839599609
2900,0.065759637188,69,80.000000000000,0.000000000000,0.000000000000,-26.426059865982,-26.271233701736,0.000000000000,55.807220458984
2901,0.065782312925,69,80.000000000000,0.000000000000,0.000000000000,-26.426059865982,-23.520143651993,0.000000000000,49.045516967773
2902,0.065804988662,69,80.000000000000,0.000000000000,0.000000000000,-26.426059865982,-21.447025442154,0.000000000000,54.494285583496
2903,0.065827664399,69,80.000000000000,0.000000000000,0.000000000000,-26.426059865982,-20.164162778885,0.000000000000,62.390556335449
2904,0.065850340136,69,80.000000000000,0.000000000000,0.000000000000,-26.426059865982,-19.463995122940,0.000000000000,51.509578704834
2905,0.065873015873,69,80.000000000000,0.000000000000,0.000000000000,-26.426059865982,-19.111085081131,0.000000000000,40.784530639648
2906,0.065895691610,69,80.000000000000,0.000000000000,0.000000000000,-26.426059865982,-18.946263456375,0.000000000000,6.700552940369
2907,0.065918367347,69,80.000000000000,0.000000000000,0.000000000000,-26.426059865982,-18.863474035294,0.000000000000,-4.689277648926
2908,0.065941043084,69,80.000000000000,0.000000000000,0.000000000000,-26.426059865982,-18.892906332047,0.000000000000,-22.816989898682
2909,0.065963718821,69,80.000000000000,0.000000000000,0.000000000000,-26.426059865982,-18.724409246475,0.000000000000,-37.590629577637
2910,0.065986394558,69,80.000000000000,0.000000000000,0.000000000000,-26.426059865982,-19.233175420792,0.000000000000,-37.765628814697
2911,0.066009070295,69,80.000000000000,0.000000000000,0.000000000000,-26.426059865982,-18.329665327103,0.000000000000,-37.308723449707
2912,0.066031746032,69,80.000000000000,0.000000000000,0.000000000000,-26.426059865982,-19.463041448624,0.000000000000,-44.426605224609
2913,0.066054421769,69,80.000000000000,0.000000000000,0.000000000000,-26.426059865982,-19.448475027115,0.000000000000,-44.639335632324
2914,0.066077097506,69,80.000000000000,0.000000000000,0.000000000000,-26.426059865982,-17.952619695694,0.000000000000,-42.814987182617
2915,0.066099773243,69,80.000000000000,0.000000000000,0.000000000000,-26.426059865982,-18.649149084122,0.000000000000,-37.423469543457
2916,0.066122448980,69,80.000000000000,0.000000000000,0.000000000000,-26.426059865982,-21.078683042557,0.000000000000,-48.535625457764
2917,0.066145124717,69,80.000000000000,0.000000000000,0.000000000000,-26.426059865982,-21.546891355545,0.000000000000,-67.665611267090
2918,0.066167800454,69,80.000000000000,0.000000000000,0.000000000000,-26.426059865982,-18.540928983719,0.000000000000,-85.845932006836
2919,0.066190476190,69,80.000000000000,0.000000000000,0.000000000000,-26.426059865982,-13.696357870132,0.000000000000,-103.462936401367
2920,0.066213151927,69,80.000000000000,0.000000000000,0.000000000000,-26.426059865982,-9.321605825455,0.000000000000,-117.575210571289
2921,0.066235827664,69,80.000000000000,0.000000000000,0.000000000000,-26.426059865982,-6.584705495865,0.000000000000,-123.853271484375
2922,0.066258503401,69,80.000000000000,0.000000000000,0.000000000000,-26.426059865982,-5.461143636734,0.000000000000,-124.437561035156
2923,0.066281179138,69,80.000000000000,0.000000000000,0.000000000000,-26.426059865982,-5.422056341202,0.000000000000,-121.799911499023
2924,0.066303854875,69,80.000000000000,0.000000000000,0.000000000000,-26.426059865982,-5.956871175797,0.000000000000,-126.573654174805
2925,0.066326530612,69,80.000000000000,0.000000000000,0.000000000000,-26.426059865982,-6.750469350845,0.000000000000,-123.599205017090
2926,0.066349206349,69,80.000000000000,0.000000000000,0.000000000000,-26.426059865982,-7.624199056656,0.000000000000,-141.520370483398
2927,0.066371882086,69,80.000000000000,0.000000000000,0.000000000000,-26.426059865982,-8.613144063980,0.000000000000,-130.383712768555
2928,0.066394557823,69,80.000000000000,0.000000000000,0.000000000000,-26.426059865982,-9.310896062881,0.000000000000,-146.858886718750
2929,0.066417233560,69,80.000000000000,0.000000000000,0.000000000000,-26.426059865982,-10.954873228104,0.000000000000,-145.382446289062
2930,0.066439909297,69,80.000000000000,0.000000000000,0.000000000000,-26.426059865982,-10.158554220230,0.000000000000,-135.991638183594
2931,0.066462585034,69,80.000000000000,0.000000000000,0.000000000000,-26.426059865982,-14.153089666397,0.000000000000,-141.331481933594
2932,0.066485260771,69,80.000000000000,0.000000000000,0.000000000000,-26.426059865982,-11.441608572037,0.000000000000,-143.373657226562
2933,0.066507936508,69,80.000000000000,0.000000000000,0.000000000000,-26.426059865982,-14.068455839188,0.000000000000,-132.760131835938
2934,0.066530612245,69,80.000000000000,0.000000000000,0.000000000000,-26.426059865982,-16.178173208267,0.000000000000,-124.366950988770
2935,0.066553287982,69,80.000000000000,0.000000000000,0.000000000000,-26.426059865982,-14.415980482132,0.000000000000,-127.448234558105
2936,0.066575963719,69,80.000000000000,0.000000000000,0.000000000000,-26.426059865982,-14.809530401260,0.000000000000,-131.070129394531
2937,0.066598639456,69,80.000000000000,0.000000000000,0.000000000000,-26.426059865982,-17.522720479996,0.000000000000,-123.829521179199
2938,0.066621315193,69,80.000000000000,0.000000000000,0.000000000000,-26.426059865982,-18.505038404495,0.000000000000,-103.739028930664
2939,0.066643990930,69,80.000000000000,0.000000000000,0.000000000000,-26.426059865982,-15.550823354752,0.000000000000,-77.965438842773
2940,0.066666666667,69,80.000000000000,0.000000000000,0.000000000000,-26.426059865982,-10.747733259232,0.000000000000,-54.317043304443
2941,0.066689342404,69,80.000000000000,0.000000000000,0.000000000000,-26.426059865982,-6.672718191177,0.000000000000,-35.837669372559
2942,0.066712018141,69,80.000000000000,0.000000000000,0.000000000000,-26.426059865982,-4.136707448990,0.000000000000,-22.675476074219
2943,0.066734693878,69,80.000000000000,0.000000000000,0.000000000000,-26.426059865982,-2.861612463028,0.000000000000,-13.773766517639
2944,0.066757369615,69,80.000000000000,0.000000000000,0.000000000000,-26.426059865982,-2.338840627701,0.000000000000,-9.640493392944
2945,0.066780045351,69,80.000000000000,0.000000000000,0.000000000000,-26.426059865982,-2.195350790054,0.000000000000,-6.392307281494
2946,0.066802721088,69,80.000000000000,0.000000000000,0.000000000000,-26.426059865982,-2.207677984268,0.000000000000,-8.480906486511
2947,0.066825396825,69,80.000000000000,0.000000000000,0.000000000000,-26.426059865982,-2.344059133560,0.000000000000,-5.294417381287
2948,0.066848072562,69,80.000000000000,0.000000000000,0.000000000000,-26.426059865982,-2.246967458755,0.000000000000,-8.511040687561
2949,0.066870748299,69,80.000000000000,0.000000000000,0.000000000000,-26.426059865982,-3.082294607193,0.000000000000,-6.429806709290
2950,0.066893424036,69,80.000000000000,0.000000000000,0.000000000000,-26.426059865982,-0.979124212296,0.000000000000,-4.185821533203
2951,0.066916099773,69,80.000000000000,0.000000000000,0.000000000000,-26.426059865982,-6.396345281631,0.000000000000,-5.196012496948
2952,0.066938775510,69,80.000000000000,0.031368355840,0.000036655563,-26.426296966177,3.233020639389,0.039353494489,-3.099159240723
2953,0.066961451247,69,80.000000000000,0.153700745865,0.000000000000,-26.427458725405,-8.664326543032,0.000000000000,-0.494152069092
2954,0.066984126984,69,80.000000000000,0.000000000000,0.000000000000,-26.427458725405,-2.691878281069,0.000000000000,2.999803543091
2955,0.067006802721,69,80.000000000000,0.025370010396,0.000033424544,-26.427650486633,2.948044814634,0.037579076628,-0.310414314270
2956,0.067029478458,69,80.000000000000,0.124380435705,0.000000000000,-26.428590625981,-8.097814394925,0.000000000000,0.731874465942
2957,0.067052154195,69,80.000000000000,0.000000000000,0.000000000000,-26.428590625981,-10.838552326420,0.000000000000,4.086612701416
2958,0.067074829932,69,80.000000000000,0.000000000000,0.000000000000,-26.428590625981,-0.155273288944,0.000000000000,8.381723403931
2959,0.067097505669,69,80.000000000000,0.096891304152,0.000059854029,-26.429322986556,5.279125362179,0.050287500707,17.479812622070
2960,0.067120181406,69,80.000000000000,0.530255211319,0.000047751882,-26.433330962454,-6.302898176706,0.044916778785,27.318696975708
2961,0.067142857143,69,80.000000000000,0.000000000000,0.000000000000,-26.433330962454,-27.006287047659,0.000000000000,31.959375381470
2962,0.067165532880,69,80.000000000000,0.000000000000,0.000000000000,-26.433330962454,-46.056759307181,0.000000000000,32.579795837402
2963,0.067188208617,69,80.000000000000,0.000000000000,0.000000000000,-26.433330962454,-58.376562545096,0.000000000000,34.587257385254
2964,0.067210884354,69,80.000000000000,0.000000000000,0.000000000000,-26.433330962454,-64.620953032767,0.000000000000,40.805068969727
2965,0.067233560091,69,80.000000000000,0.000000000000,0.000000000000,-26.433330962454,-67.164322325980,0.000000000000,50.280044555664
2966,0.067256235828,69,80.000000000000,0.000000000000,0.000000000000,-26.433330962454,-67.932648131644,0.000000000000,59.398113250732
2967,0.067278911565,69,80.000000000000,0.000000000000,0.000000000000,-26.433330962454,-68.002399871146,0.000000000000,66.506011962891
2968,0.067301587302,69,80.000000000000,0.000000000000,0.000000000000,-26.433330962454,-67.747402617728,0.000000000000,70.116317749023
2969,0.067324263039,69,80.000000000000,0.000000000000,0.000000000000,-26.433330962454,-67.664230773245,0.000000000000,71.019920349121
2970,0.067346938776,69,80.000000000000,0.000000000000,0.000000000000,-26.433330962454,-66.581104705130,0.000000000000,70.295257568359
2971,0.067369614512,69,80.000000000000,0.000000000000,0.000000000000,-26.433330962454,-68.263805815970,0.000000000000,69.141372680664
2972,0.067392290249,69,80.000000000000,0.000000000000,0.000000000000,-26.433330962454,-63.180225798880,0.000000000000,64.385452270508
2973,0.067414965986,69,80.000000000000,0.000000000000,0.000000000000,-26.433330962454,-70.531067321097,0.000000000000,66.901092529297
2974,0.067437641723,69,80.000000000000,0.000000000000,0.000000000000,-26.433330962454,-61.919392058646,0.000000000000,56.626579284668
2975,0.067460317460,69,80.000000000000,0.000000000000,0.000000000000,-26.433330962454,-63.571056792532,0.000000000000,64.121368408203
2976,0.067482993197,69,80.000000000000,0.000000000000,0.000000000000,-26.433330962454,-69.480602690970,0.000000000000,51.948123931885
2977,0.067505668934,69,80.000000000000,0.000000000000,0.000000000000,-26.433330962454,-63.083836028372,0.000000000000,51.315372467041
2978,0.067528344671,69,80.000000000000,0.000000000000,0.000000000000,-26.433330962454,-57.247517058646,0.000000000000,55.681762695312
2979,0.067551020408,69,80.000000000000,0.000000000000,0.000000000000,-26.433330962454,-61.236675689017,0.000000000000,50.980926513672
2980,0.067573696145,69,80.000000000000,0.000000000000,0.000000000000,-26.433330962454,-67.060715148245,0.000000000000,48.122623443604
2981,0.067596371882,69,80.000000000000,0.000000000000,0.000000000000,-26.433330962454,-65.718532988821,0.000000000000,51.978378295898
2982,0.067619047619,69,80.000000000000,0.000000000000,0.000000000000,-26.433330962454,-58.003719756400,0.000000000000,53.846412658691
2983,0.067641723356,69,80.000000000000,0.000000000000,0.000000000000,-26.433330962454,-49.307602355277,0.000000000000,47.885036468506
2984,0.067664399093,69,80.000000000000,0.000000000000,0.000000000000,-26.433330962454,-42.850618788992,0.000000000000,43.936195373535
2985,0.067687074830,69,80.000000000000,0.000000000000,0.000000000000,-26.433330962454,-38.998401114737,0.000000000000,49.631885528564
2986,0.067709750567,69,80.000000000000,0.000000000000,0.000000000000,-26.433330962454,-36.883287856375,0.000000000000,66.205741882324
2987,0.067732426304,69,80.000000000000,0.000000000000,0.000000000000,-26.433330962454,-35.634211966788,0.000000000000,82.875968933105
2988,0.067755102041,69,80.000000000000,0.000000000000,0.000000000000,-26.433330962454,-34.726123282706,0.000000000000,101.120056152344
2989,0.067777777778,69,80.000000000000,0.000000000000,0.000000000000,-26.433330962454,-33.985657164847,0.000000000000,110.759262084961
2990,0.067800453515,69,80.000000000000,0.000000000000,0.000000000000,-26.433330962454,-33.163893172537,0.000000000000,115.682815551758
2991,0.067823129252,69,80.000000000000,0.000000000000,0.000000000000,-26.433330962454,-32.806950995718,0.000000000000,120.200729370117
2992,0.067845804989,69,80.000000000000,0.000000000000,0.000000000000,-26.433330962454,-31.424763152396,0.000000000000,117.471847534180
2993,0.067868480726,69,80.000000000000,0.000000000000,0.000000000000,-26.433330962454,-32.191283652579,0.000000000000,117.405410766602
2994,0.067891156463,69,80.000000000000,0.000000000000,0.000000000000,-26.433330962454,-29.973053405081,0.000000000000,108.483123779297
2995,0.067913832200,69,80.000000000000,0.000000000000,0.000000000000,-26.433330962454,-30.243078658377,0.000000000000,121.724845886230
2996,0.067936507937,69,80.000000000000,0.000000000000,0.000000000000,-26.433330962454,-30.831837127005,0.000000000000,104.164985656738
2997,0.067959183673,69,80.000000000000,0.000000000000,0.000000000000,-26.433330962454,-28.793995330130,0.000000000000,109.141349792480
2998,0.067981859410,69,80.000000000000,0.000000000000,0.000000000000,-26.433330962454,-27.508681723868,0.000000000000,96.713088989258
2999,0.068004535147,69,80.000000000000,0.000000000000,0.000000000000,-26.433330962454,-28.683602759634,0.000000000000,75.797508239746
3000,0.068027210884,69,80.000000000000,0.000000000000,0.000000000000,-26.433330962454,-29.933805892264,0.000000000000,71.671012878418
3001,0.068049886621,69,80.000000000000,0.000000000000,0.000000000000,-26.433330962454,-29.196317145621,0.000000000000,69.513076782227
3002,0.068072562358,69,80.000000000000,0.000000000000,0.000000000000,-26.433330962454,-26.772880027091,0.000000000000,58.453292846680
3003,0.068095238095,69,80.000000000000,0.000000000000,0.000000000000,-26.433330962454,-24.000803420340,0.000000000000,50.181732177734
3004,0.068117913832,69,80.000000000000,0.000000000000,0.000000000000,-26.433330962454,-21.800549933707,0.000000000000,52.870693206787
3005,0.068140589569,69,80.000000000000,0.000000000000,0.000000000000,-26.433330962454,-20.386817405020,0.000000000000,61.573001861572
3006,0.068163265306,69,80.000000000000,0.000000000000,0.000000000000,-26.433330962454,-19.593648383414,0.000000000000,52.936923980713
3007,0.068185941043,69,80.000000000000,0.000000000000,0.000000000000,-26.433330962454,-19.185658881461,0.000000000000,45.262577056885
3008,0.068208616780,69,80.000000000000,0.000000000000,0.000000000000,-26.433330962454,-18.992318579947,0.000000000000,12.739520072937
3009,0.068231292517,69,80.000000000000,0.000000000000,0.000000000000,-26.433330962454,-18.890459487235,0.000000000000,-0.693832397461
3010,0.068253968254,69,80.000000000000,0.000000000000,0.000000000000,-26.433330962454,-18.923804709708,0.000000000000,-18.300745010376
3011,0.068276643991,69,80.000000000000,0.000000000000,0.000000000000,-26.433330962454,-18.720726439749,0.000000000000,-34.700698852539
3012,0.068299319728,69,80.000000000000,0.000000000000,0.000000000000,-26.433330962454,-19.271554419791,0.000000000000,-37.498195648193
3013,0.068321995465,69,80.000000000000,0.000000000000,0.000000000000,-26.433330962454,-18.353775450980,0.000000000000,-36.735279083252
3014,0.068344671202,69,80.000000000000,0.000000000000,0.000000000000,-26.433330962454,-19.366749236380,0.000000000000,-43.094734191895
3015,0.068367346939,69,80.000000000000,0.000000000000,0.000000000000,-26.433330962454,-19.578245589529,0.000000000000,-44.248241424561
3016,0.068390022676,69,80.000000000000,0.000000000000,0.000000000000,-26.433330962454,-18.081024596487,0.000000000000,-43.801059722900
3017,0.068412698413,69,80.000000000000,0.000000000000,0.000000000000,-26.433330962454,-18.417902419363,0.000000000000,-37.772579193115
3018,0.068435374150,69,80.000000000000,0.000000000000,0.000000000000,-26.433330962454,-20.792337844168,0.000000000000,-45.790321350098
3019,0.068458049887,69,80.000000000000,0.000000000000,0.000000000000,-26.433330962454,-21.720893332755,0.000000000000,-63.198989868164
3020,0.068480725624,69,80.000000000000,0.000000000000,0.000000000000,-26.433330962454,-19.243648001944,0.000000000000,-81.155761718750
3021,0.068503401361,69,80.000000000000,0.000000000000,0.000000000000,-26.433330962454,-14.592686126029,0.000000000000,-99.007324218750
3022,0.068526077098,69,80.000000000000,0.000000000000,0.000000000000,-26.433330962454,-10.065170714652,0.000000000000,-114.169235229492
3023,0.068548752834,69,80.000000000000,0.000000000000,0.000000000000,-26.433330962454,-7.033495375906,0.000000000000,-122.105697631836
3024,0.068571428571,69,80.000000000000,0.000000000000,0.000000000000,-26.433330962454,-5.646160552298,0.000000000000,-124.201110839844
3025,0.068594104308,69,80.000000000000,0.000000000000,0.000000000000,-26.433330962454,-5.436247298514,0.000000000000,-121.534965515137
3026,0.068616780045,69,80.000000000000,0.000000000000,0.000000000000,-26.433330962454,-5.881189772879,0.000000000000,-126.357482910156
3027,0.068639455782,69,80.000000000000,0.000000000000,0.000000000000,-26.433330962454,-6.635570952689,0.000000000000,-121.994171142578
3028,0.068662131519,69,80.000000000000,0.000000000000,0.000000000000,-26.433330962454,-7.487904021536,0.000000000000,-139.980346679688
3029,0.068684807256,69,80.000000000000,0.000000000000,0.000000000000,-26.433330962454,-8.486557433402,0.000000000000,-129.874755859375
3030,0.068707482993,69,80.000000000000,0.000000000000,0.000000000000,-26.433330962454,-9.135593840872,0.000000000000,-144.330902099609
3031,0.068730158730,69,80.000000000000,0.000000000000,0.000000000000,-26.433330962454,-10.876499602591,0.000000000000,-145.867156982422
3032,0.068752834467,69,80.000000000000,0.000000000000,0.000000000000,-26.433330962454,-9.947039077078,0.000000000000,-136.842666625977
3033,0.068775510204,69,80.000000000000,0.000000000000,0.000000000000,-26.433330962454,-13.978047797476,0.000000000000,-140.124877929688
3034,0.068798185941,69,80.000000000000,0.000000000000,0.000000000000,-26.433330962454,-11.530687758719,0.000000000000,-143.324554443359
3035,0.068820861678,69,80.000000000000,0.000000000000,0.000000000000,-26.433330962454,-13.667134711539,0.000000000000,-134.929901123047
3036,0.068843537415,69,80.000000000000,0.000000000000,0.000000000000,-26.433330962454,-16.098984191214,0.000000000000,-125.721412658691
3037,0.068866213152,69,80.000000000000,0.000000000000,0.000000000000,-26.433330962454,-14.586565444266,0.000000000000,-126.555320739746
3038,0.068888888889,69,80.000000000000,0.000000000000,0.000000000000,-26.433330962454,-14.596550414359,0.000000000000,-130.363464355469
3039,0.068911564626,69,80.000000000000,0.000000000000,0.000000000000,-26.433330962454,-17.168996283804,0.000000000000,-125.660598754883
3040,0.068934240363,69,80.000000000000,0.000000000000,0.000000000000,-26.433330962454,-18.584804007803,0.000000000000,-108.438446044922
3041,0.068956916100,69,80.000000000000,0.000000000000,0.000000000000,-26.433330962454,-16.244423339163,0.000000000000,-83.974319458008
3042,0.068979591837,69,80.000000000000,0.000000000000,0.000000000000,-26.433330962454,-11.620794722830,0.000000000000,-59.938323974609
3043,0.069002267574,69,80.000000000000,0.000000000000,0.000000000000,-26.433330962454,-7.372700164114,0.000000000000,-40.273441314697
3044,0.069024943311,69,80.000000000000,0.000000000000,0.000000000000,-26.433330962454,-4.577074477469,0.000000000000,-25.880430221558
3045,0.069047619048,69,80.000000000000,0.000000000000,0.000000000000,-26.433330962454,-3.101784179007,0.000000000000,-15.800991058350
3046,0.069070294785,69,80.000000000000,0.000000000000,0.000000000000,-26.433330962454,-2.461552092825,0.000000000000,-10.851260185242
3047,0.069092970522,69,80.000000000000,0.000000000000,0.000000000000,-26.433330962454,-2.260422179495,0.000000000000,-6.775384902954
3048,0.069115646259,69,80.000000000000,0.000000000000,0.000000000000,-26.433330962454,-2.243221709525,0.000000000000,-8.594650268555
3049,0.069138321995,69,80.000000000000,0.000000000000,0.000000000000,-26.433330962454,-2.384653517996,0.000000000000,-5.393163681030
3050,0.069160997732,69,80.000000000000,0.000000000000,0.000000000000,-26.433330962454,-2.234201857840,0.000000000000,-8.229510307312
3051,0.069183673469,69,80.000000000000,0.000000000000,0.000000000000,-26.433330962454,-3.211859175955,0.000000000000,-6.851100921631
3052,0.069206349206,69,80.000000000000,0.000000000000,0.000000000000,-26.433330962454,-0.806719252860,0.000000000000,-4.461564064026
3053,0.069229024943,69,80.000000000000,0.000000000000,0.000000000000,-26.433330962454,-6.650364348685,0.000000000000,-5.231668472290
3054,0.069251700680,69,80.000000000000,0.029048217306,0.000035451140,-26.433550525699,3.126790573801,0.038701559108,-3.497928619385
3055,0.069274376417,69,80.000000000000,0.142362845704,0.000000000000,-26.434626586513,-7.961586507427,0.000000000000,-1.301044464111
3056,0.069297052154,69,80.000000000000,0.000000000000,0.000000000000,-26.434626586513,-3.740624435024,0.000000000000,2.638098716736
3057,0.069319727891,69,80.000000000000,0.028684582474,0.000035257502,-26.434843401196,3.109711639805,0.038595717923,0.010386466980
3058,0.069342403628,69,80.000000000000,0.140585511474,0.000000000000,-26.435906027889,-6.788735273529,0.000000000000,0.468360900879
3059,0.069365079365,69,80.000000000000,0.000000000000,0.000000000000,-26.435906027889,-11.320643042659,0.000000000000,3.396147727966
3060,0.069387755102,69,80.000000000000,0.000000000000,0.000000000000,-26.435906027889,-1.757786368465,0.000000000000,7.081375122070
3061,0.069410430839,69,80.000000000000,0.099676545356,0.000060596114,-26.436659440930,5.344577217961,0.050598278616,15.246216773987
3062,0.069433106576,69,80.000000000000,0.673994728914,0.000079820271,-26.441753883325,-3.604115622162,0.058072424104,25.119335174561
3063,0.069455782313,69,80.000000000000,0.039319065414,0.000000000000,-26.442051079587,-23.283634828028,0.000000000000,30.817012786865
3064,0.069478458050,69,80.000000000000,0.000000000000,0.000000000000,-26.442051079587,-42.920768883542,0.000000000000,32.183967590332
3065,0.069501133787,69,80.000000000000,0.000000000000,0.000000000000,-26.442051079587,-56.406932976560,0.000000000000,33.876403808594
3066,0.069523809524,69,80.000000000000,0.000000000000,0.000000000000,-26.442051079587,-63.616222527341,0.000000000000,39.161228179932
3067,0.069546485261,69,80.000000000000,0.000000000000,0.000000000000,-26.442051079587,-66.729236748532,0.000000000000,47.981365203857
3068,0.069569160998,69,80.000000000000,0.000000000000,0.000000000000,-26.442051079587,-67.766525414304,0.000000000000,57.114414215088
3069,0.069591836735,69,80.000000000000,0.000000000000,0.000000000000,-26.442051079587,-67.949737694577,0.000000000000,64.751655578613
3070,0.069614512472,69,80.000000000000,0.000000000000,0.000000000000,-26.442051079587,-67.720256951169,0.000000000000,69.144256591797
3071,0.069637188209,69,80.000000000000,0.000000000000,0.000000000000,-26.442051079587,-67.703899529294,0.000000000000,70.687698364258
3072,0.069659863946,69,80.000000000000,0.000000000000,0.000000000000,-26.442051079587,-66.501155999020,0.000000000000,70.271186828613
3073,0.069682539683,69,80.000000000000,0.000000000000,0.000000000000,-26.442051079587,-68.442135002927,0.000000000000,69.667076110840
3074,0.069705215420,69,80.000000000000,0.000000000000,0.000000000000,-26.442051079587,-63.067760613278,0.000000000000,64.634826660156
3075,0.069727891156,69,80.000000000000,0.000000000000,0.000000000000,-26.442051079587,-70.399528649167,0.000000000000,67.588745117188
3076,0.069750566893,69,80.000000000000,0.000000000000,0.000000000000,-26.442051079587,-62.611637261228,0.000000000000,57.109050750732
3077,0.069773242630,69,80.000000000000,0.000000000000,0.000000000000,-26.442051079587,-62.931903984860,0.000000000000,64.214935302734
3078,0.069795918367,69,80.000000000000,0.000000000000,0.000000000000,-26.442051079587,-69.274913933591,0.000000000000,53.667495727539
3079,0.069818594104,69,80.000000000000,0.000000000000,0.000000000000,-26.442051079587,-64.126796868161,0.000000000000,51.148361206055
3080,0.069841269841,69,80.000000000000,0.000000000000,0.000000000000,-26.442051079587,-57.565704491452,0.000000000000,55.291557312012
3081,0.069863945578,69,80.000000000000,0.000000000000,0.000000000000,-26.442051079587,-60.351638939694,0.000000000000,51.910820007324
3082,0.069886621315,69,80.000000000000,0.000000000000,0.000000000000,-26.442051079587,-66.405212548093,0.000000000000,48.380058288574
3083,0.069909297052,69,80.000000000000,0.000000000000,0.000000000000,-26.442051079587,-66.345928337888,0.000000000000,50.983863830566
3084,0.069931972789,69,80.000000000000,0.000000000000,0.000000000000,-26.442051079587,-59.449001458005,0.000000000000,53.654731750488
3085,0.069954648526,69,80.000000000000,0.000000000000,0.000000000000,-26.442051079587,-50.748979714230,0.000000000000,49.233421325684
3086,0.069977324263,69,80.000000000000,0.000000000000,0.000000000000,-26.442051079587,-43.875927117185,0.000000000000,44.582450866699
3087,0.070000000000,69,80.000000000000,0.000000000000,0.000000000000,-26.442051079587,-39.605766442136,0.000000000000,47.870101928711
3088,0.070022675737,69,80.000000000000,0.000000000000,0.000000000000,-26.442051079587,-37.224406388120,0.000000000000,62.449611663818
3089,0.070045351474,69,80.000000000000,0.000000000000,0.000000000000,-26.442051079587,-35.846169617490,0.000000000000,78.360534667969
3090,0.070068027211,69,80.000000000000,0.000000000000,0.000000000000,-26.442051079587,-34.883451607541,0.000000000000,96.928894042969
3091,0.070090702948,69,80.000000000000,0.000000000000,0.000000000000,-26.442051079587,-34.130725052670,0.000000000000,108.203361511230
3092,0.070113378685,69,80.000000000000,0.000000000000,0.000000000000,-26.442051079587,-33.279737618283,0.000000000000,114.004356384277
3093,0.070136054422,69,80.000000000000,0.000000000000,0.000000000000,-26.442051079587,-32.957931664304,0.000000000000,119.371932983398
3094,0.070158730159,69,80.000000000000,0.000000000000,0.000000000000,-26.442051079587,-31.511165764645,0.000000000000,117.364685058594
3095,0.070181405896,69,80.000000000000,0.000000000000,0.000000000000,-26.442051079587,-32.292586472348,0.000000000000,118.320518493652
3096,0.070204081633,69,80.000000000000,0.000000000000,0.000000000000,-26.442051079587,-30.185480263547,0.000000000000,108.250175476074
3097,0.070226757370,69,80.000000000000,0.000000000000,0.000000000000,-26.442051079587,-30.183549073056,0.000000000000,121.459518432617
3098,0.070249433107,69,80.000000000000,0.000000000000,0.000000000000,-26.442051079587,-30.926562455014,0.000000000000,105.567962646484
3099,0.070272108844,69,80.000000000000,0.000000000000,0.000000000000,-26.442051079587,-29.111743119077,0.000000000000,109.253280639648
3100,0.070294784580,69,80.000000000000,0.000000000000,0.000000000000,-26.442051079587,-27.576372292355,0.000000000000,100.025093078613
3101,0.070317460317,69,80.000000000000,0.000000000000,0.000000000000,-26.442051079587,-28.476152565793,0.000000000000,79.557838439941
3102,0.070340136054,69,80.000000000000,0.000000000000,0.000000000000,-26.442051079587,-29.850440171079,0.000000000000,72.724601745605
3103,0.070362811791,69,80.000000000000,0.000000000000,0.000000000000,-26.442051079587,-29.453053620175,0.000000000000,70.532997131348
3104,0.070385487528,69,80.000000000000,0.000000000000,0.000000000000,-26.442051079587,-27.253691819028,0.000000000000,60.922809600830
3105,0.070408163265,69,80.000000000000,0.000000000000,0.000000000000,-26.442051079587,-24.492520478085,0.000000000000,51.793693542480
3106,0.070430839002,69,80.000000000000,0.000000000000,0.000000000000,-26.442051079587,-22.178477433041,0.000000000000,51.687103271484
3107,0.070453514739,69,80.000000000000,0.000000000000,0.000000000000,-26.442051079587,-20.632444527463,0.000000000000,60.580959320068
3108,0.070476190476,69,80.000000000000,0.000000000000,0.000000000000,-26.442051079587,-19.739596512631,0.000000000000,53.732521057129
3109,0.070498866213,69,80.000000000000,0.000000000000,0.000000000000,-26.442051079587,-19.270295288876,0.000000000000,48.997673034668
3110,0.070521541950,69,80.000000000000,0.000000000000,0.000000000000,-26.442051079587,-19.044695046262,0.000000000000,18.629402160645
3111,0.070544217687,69,80.000000000000,0.000000000000,0.000000000000,-26.442051079587,-18.920746949033,0.000000000000,3.471598625183
3112,0.070566893424,69,80.000000000000,0.000000000000,0.000000000000,-26.442051079587,-18.958605912045,0.000000000000,-13.721142768860
3113,0.070589569161,69,80.000000000000,0.000000000000,0.000000000000,-26.442051079587,-18.718851235227,0.000000000000,-31.302379608154
3114,0.070612244898,69,80.000000000000,0.000000000000,0.000000000000,-26.442051079587,-19.308048394040,0.000000000000,-36.782730102539
3115,0.070634920635,69,80.000000000000,0.000000000000,0.000000000000,-26.442051079587,-18.390251305417,0.000000000000,-36.254119873047
3116,0.070657596372,69,80.000000000000,0.000000000000,0.000000000000,-26.442051079587,-19.267301705197,0.000000000000,-41.846542358398
3117,0.070680272109,69,80.000000000000,0.000000000000,0.000000000000,-26.442051079587,-19.685773041562,0.000000000000,-43.568382263184
3118,0.070702947846,69,80.000000000000,0.000000000000,0.000000000000,-26.442051079587,-18.237136986569,0.000000000000,-44.547840118408
3119,0.070725623583,69,80.000000000000,0.000000000000,0.000000000000,-26.442051079587,-18.231429245786,0.000000000000,-38.425521850586
3120,0.070748299320,69,80.000000000000,0.000000000000,0.000000000000,-26.442051079587,-20.481357720212,0.000000000000,-43.711124420166
3121,0.070770975057,69,80.000000000000,0.000000000000,0.000000000000,-26.442051079587,-21.807196762875,0.000000000000,-59.135608673096
3122,0.070793650794,69,80.000000000000,0.000000000000,0.000000000000,-26.442051079587,-19.872303154782,0.000000000000,-76.564407348633
3123,0.070816326531,69,80.000000000000,0.000000000000,0.000000000000,-26.442051079587,-15.476034310178,0.000000000000,-94.468643188477
3124,0.070839002268,69,80.000000000000,0.000000000000,0.000000000000,-26.442051079587,-10.846022751645,0.000000000000,-110.480323791504
3125,0.070861678005,69,80.000000000000,0.000000000000,0.000000000000,-26.442051079587,-7.535385277585,0.000000000000,-119.934364318848
3126,0.070884353741,69,80.000000000000,0.000000000000,0.000000000000,-26.442051079587,-5.875492241696,0.000000000000,-123.675048828125
3127,0.070907029478,69,80.000000000000,0.000000000000,0.000000000000,-26.442051079587,-5.478840020017,0.000000000000,-121.190879821777
3128,0.070929705215,69,80.000000000000,0.000000000000,0.000000000000,-26.442051079587,-5.820924904660,0.000000000000,-126.265823364258
3129,0.070952380952,69,80.000000000000,0.000000000000,0.000000000000,-26.442051079587,-6.528856423215,0.000000000000,-120.617584228516
3130,0.070975056689,69,80.000000000000,0.000000000000,0.000000000000,-26.442051079587,-7.355034020261,0.000000000000,-138.345260620117
3131,0.070997732426,69,80.000000000000,0.000000000000,0.000000000000,-26.442051079587,-8.364723351315,0.000000000000,-129.460494995117
3132,0.071020408163,69,80.000000000000,0.000000000000,0.000000000000,-26.442051079587,-8.959373619870,0.000000000000,-141.810546875000
3133,0.071043083900,69,80.000000000000,0.000000000000,0.000000000000,-26.442051079587,-10.800216820554,0.000000000000,-145.852310180664
3134,0.071065759637,69,80.000000000000,0.000000000000,0.000000000000,-26.442051079587,-9.748483803586,0.000000000000,-137.783233642578
3135,0.071088435374,69,80.000000000000,0.000000000000,0.000000000000,-26.442051079587,-13.780491020993,0.000000000000,-139.181106567383
3136,0.071111111111,69,80.000000000000,0.000000000000,0.000000000000,-26.442051079587,-11.631628182248,0.000000000000,-142.908996582031
3137,0.071133786848,69,80.000000000000,0.000000000000,0.000000000000,-26.442051079587,-13.292960312680,0.000000000000,-136.722534179688
3138,0.071156462585,69,80.000000000000,0.000000000000,0.000000000000,-26.442051079587,-15.970681336240,0.000000000000,-127.359848022461
3139,0.071179138322,69,80.000000000000,0.000000000000,0.000000000000,-26.442051079587,-14.759443428830,0.000000000000,-126.068321228027
3140,0.071201814059,69,80.000000000000,0.000000000000,0.000000000000,-26.442051079587,-14.435646202878,0.000000000000,-129.534454345703
3141,0.071224489796,69,80.000000000000,0.000000000000,0.000000000000,-26.442051079587,-16.802308228330,0.000000000000,-126.849380493164
3142,0.071247165533,69,80.000000000000,0.000000000000,0.000000000000,-26.442051079587,-18.563352253751,0.000000000000,-112.464111328125
3143,0.071269841270,69,80.000000000000,0.000000000000,0.000000000000,-26.442051079587,-16.855748322324,0.000000000000,-89.683258056641
3144,0.071292517007,69,80.000000000000,0.000000000000,0.000000000000,-26.442051079587,-12.483430054501,0.000000000000,-65.653427124023
3145,0.071315192744,69,80.000000000000,0.000000000000,0.000000000000,-26.442051079587,-8.109619286374,0.000000000000,-44.990982055664
3146,0.071337868481,69,80.000000000000,0.000000000000,0.000000000000,-26.442051079587,-5.062133934811,0.000000000000,-29.400501251221
3147,0.071360544218,69,80.000000000000,0.000000000000,0.000000000000,-26.442051079587,-3.375124123410,0.000000000000,-18.103153228760
3148,0.071383219955,69,80.000000000000,0.000000000000,0.000000000000,-26.442051079587,-2.603899147824,0.000000000000,-12.292700767517
3149,0.071405895692,69,80.000000000000,0.000000000000,0.000000000000,-26.442051079587,-2.336166527585,0.000000000000,-7.334794044495
3150,0.071428571429,69,80.000000000000,0.000000000000,0.000000000000,-26.442051079587,-2.283270027951,0.000000000000,-8.770261764526
3151,0.071451247166,69,80.000000000000,0.000000000000,0.000000000000,-26.442051079587,-2.430723336057,0.000000000000,-5.552323341370
3152,0.071473922902,69,80.000000000000,0.000000000000,0.000000000000,-26.442051079587,-2.216980126218,0.000000000000,-7.940031051636
3153,0.071496598639,69,80.000000000000,0.000000000000,0.000000000000,-26.442051079587,-3.352176812009,0.000000000000,-7.179940223694
3154,0.071519274376,69,80.000000000000,0.000000000000,0.000000000000,-26.442051079587,-0.633602288083,0.000000000000,-4.770214080811
3155,0.071541950113,69,80.000000000000,0.000000000000,0.000000000000,-26.442051079587,-6.872333672360,0.000000000000,-5.287086486816
3156,0.071564625850,69,80.000000000000,0.025236618677,0.000033348021,-26.442241832563,2.941295478030,0.037536034682,-3.798733711243
3157,0.071587301587,69,80.000000000000,0.123728105893,0.000000000000,-26.443177041224,-7.206186202940,0.000000000000,-2.052861213684
3158,0.071609977324,69,80.000000000000,0.000000000000,0.000000000000,-26.443177041224,-4.703038033655,0.000000000000,2.148706436157
3159,0.071632653061,69,80.000000000000,0.027666279071,0.000034707746,-26.443386158979,3.061223212072,0.038293632312,0.250767707825
3160,0.071655328798,69,80.000000000000,0.136376197505,0.000007306910,-26.444416969240,-5.465516989872,0.017570343115,0.294686317444
3161,0.071678004535,69,80.000000000000,0.000000000000,0.000000000000,-26.444416969240,-11.532063453615,0.000000000000,2.823863983154
3162,0.071700680272,69,80.000000000000,0.000000000000,0.000000000000,-26.444416969240,-3.352385490358,0.000000000000,5.979594230652
3163,0.071723356009,69,80.000000000000,0.086183887173,0.000056882792,-26.445068396959,5.017062217771,0.049023442805,13.204266548157
3164,0.071746031746,69,80.000000000000,0.730099271910,0.000099164137,-26.450586909974,-1.249033295607,0.064727774333,22.871837615967
3165,0.071768707483,69,80.000000000000,0.220239721577,0.000000000000,-26.452251609306,-19.715186392697,0.000000000000,29.436794281006
3166,0.071791383220,69,80.000000000000,0.000000000000,0.000000000000,-26.452251609306,-39.646893676261,0.000000000000,31.643379211426
3167,0.071814058957,69,80.000000000000,0.000000000000,0.000000000000,-26.452251609306,-54.240871604423,0.000000000000,33.258811950684
3168,0.071836734694,69,80.000000000000,0.000000000000,0.000000000000,-26.452251609306,-62.460319694023,0.000000000000,37.734497070312
3169,0.071859410431,69,80.000000000000,0.000000000000,0.000000000000,-26.452251609306,-66.208107169608,0.000000000000,45.829010009766
3170,0.071882086168,69,80.000000000000,0.000000000000,0.000000000000,-26.452251609306,-67.560508903007,0.000000000000,54.821773529053
3171,0.071904761905,69,80.000000000000,0.000000000000,0.000000000000,-26.452251609306,-67.882625754814,0.000000000000,62.858840942383
3172,0.071927437642,69,80.000000000000,0.000000000000,0.000000000000,-26.452251609306,-67.685638602714,0.000000000000,67.984130859375
3173,0.071950113379,69,80.000000000000,0.000000000000,0.000000000000,-26.452251609306,-67.747417624931,0.000000000000,70.215034484863
3174,0.071972789116,69,80.000000000000,0.000000000000,0.000000000000,-26.452251609306,-66.414440330009,0.000000000000,70.125228881836
3175,0.071995464853,69,80.000000000000,0.000000000000,0.000000000000,-26.452251609306,-68.617767508964,0.000000000000,70.130287170410
3176,0.072018140590,69,80.000000000000,0.000000000000,0.000000000000,-26.452251609306,-62.988994773368,0.000000000000,64.863929748535
3177,0.072040816327,69,80.000000000000,0.000000000000,0.000000000000,-26.452251609306,-70.207500632743,0.000000000000,68.232772827148
3178,0.072063492063,69,80.000000000000,0.000000000000,0.000000000000,-26.452251609306,-63.321674521903,0.000000000000,57.677097320557
3179,0.072086167800,69,80.000000000000,0.000000000000,0.000000000000,-26.452251609306,-62.398891623954,0.000000000000,64.179252624512
3180,0.072108843537,69,80.000000000000,0.000000000000,0.000000000000,-26.452251609306,-68.926220115165,0.000000000000,55.319404602051
3181,0.072131519274,69,80.000000000000,0.000000000000,0.000000000000,-26.452251609306,-65.089000876884,0.000000000000,51.283958435059
3182,0.072154195011,69,80.000000000000,0.000000000000,0.000000000000,-26.452251609306,-58.046249564628,0.000000000000,54.832473754883
3183,0.072176870748,69,80.000000000000,0.000000000000,0.000000000000,-26.452251609306,-59.586643393974,0.000000000000,52.699539184570
3184,0.072199546485,69,80.000000000000,0.000000000000,0.000000000000,-26.452251609306,-65.634391959648,0.000000000000,48.867324829102
3185,0.072222222222,69,80.000000000000,0.000000000000,0.000000000000,-26.452251609306,-66.773365195732,0.000000000000,50.180892944336
3186,0.072244897959,69,80.000000000000,0.000000000000,0.000000000000,-26.452251609306,-60.797489341239,0.000000000000,53.194747924805
3187,0.072267573696,69,80.000000000000,0.000000000000,0.000000000000,-26.452251609306,-52.215267356376,0.000000000000,50.318458557129
3188,0.072290249433,69,80.000000000000,0.000000000000,0.000000000000,-26.452251609306,-44.976753409843,0.000000000000,45.461769104004
3189,0.072312925170,69,80.000000000000,0.000000000000,0.000000000000,-26.452251609306,-40.281221564750,0.000000000000,46.679496765137
3190,0.072335600907,69,80.000000000000,0.000000000000,0.000000000000,-26.452251609306,-37.607680495719,0.000000000000,59.173995971680
3191,0.072358276644,69,80.000000000000,0.000000000000,0.000000000000,-26.452251609306,-36.079221900443,0.000000000000,74.043472290039
3192,0.072380952381,69,80.000000000000,0.000000000000,0.000000000000,-26.452251609306,-35.049730475883,0.000000000000,92.585494995117
3193,0.072403628118,69,80.000000000000,0.000000000000,0.000000000000,-26.452251609306,-34.281125243644,0.000000000000,105.320381164551
3194,0.072426303855,69,80.000000000000,0.000000000000,0.000000000000,-26.452251609306,-33.397255118827,0.000000000000,112.081390380859
3195,0.072448979592,69,80.000000000000,0.000000000000,0.000000000000,-26.452251609306,-33.111710723380,0.000000000000,118.338958740234
3196,0.072471655329,69,80.000000000000,0.000000000000,0.000000000000,-26.452251609306,-31.604530509452,0.000000000000,116.999694824219
3197,0.072494331066,69,80.000000000000,0.000000000000,0.000000000000,-26.452251609306,-32.385016616325,0.000000000000,119.154754638672
3198,0.072517006803,69,80.000000000000,0.000000000000,0.000000000000,-26.452251609306,-30.408629592399,0.000000000000,108.195556640625
3199,0.072539682540,69,80.000000000000,0.000000000000,0.000000000000,-26.452251609306,-30.141914542655,0.000000000000,121.065055847168
3200,0.072562358277,69,80.000000000000,0.000000000000,0.000000000000,-26.452251609306,-30.990480597953,0.000000000000,106.910873413086
3201,0.072585034014,69,80.000000000000,0.000000000000,0.000000000000,-26.452251609306,-29.424916442375,0.000000000000,109.223800659180
3202,0.072607709751,69,80.000000000000,0.000000000000,0.000000000000,-26.452251609306,-27.691810782890,0.000000000000,102.753501892090
3203,0.072630385488,69,80.000000000000,0.000000000000,0.000000000000,-26.452251609306,-28.292184051017,0.000000000000,83.416061401367
3204,0.072653061224,69,80.000000000000,0.000000000000,0.000000000000,-26.452251609306,-29.731569465141,0.000000000000,74.205718994141
3205,0.072675736961,69,80.000000000000,0.000000000000,0.000000000000,-26.452251609306,-29.656778510551,0.000000000000,71.459823608398
3206,0.072698412698,69,80.000000000000,0.000000000000,0.000000000000,-26.452251609306,-27.708056624870,0.000000000000,63.158256530762
3207,0.072721088435,69,80.000000000000,0.000000000000,0.000000000000,-26.452251609306,-24.990685637931,0.000000000000,53.764739990234
3208,0.072743764172,69,80.000000000000,0.000000000000,0.000000000000,-26.452251609306,-22.579261001090,0.000000000000,51.002052307129
3209,0.072766439909,69,80.000000000000,0.000000000000,0.000000000000,-26.452251609306,-20.901595290641,0.000000000000,59.563026428223
3210,0.072789115646,69,80.000000000000,0.000000000000,0.000000000000,-26.452251609306,-19.903030570487,0.000000000000,54.012706756592
3211,0.072811791383,69,80.000000000000,0.000000000000,0.000000000000,-26.452251609306,-19.366001304130,0.000000000000,51.967514038086
3212,0.072834467120,69,80.000000000000,0.000000000000,0.000000000000,-26.452251609306,-19.104092772941,0.000000000000,24.246330261230
3213,0.072857142857,69,80.000000000000,0.000000000000,0.000000000000,-26.452251609306,-18.954658683280,0.000000000000,7.758640289307
3214,0.072879818594,69,80.000000000000,0.000000000000,0.000000000000,-26.452251609306,-18.997450049858,0.000000000000,-9.120141029358
3215,0.072902494331,69,80.000000000000,0.000000000000,0.000000000000,-26.452251609306,-18.719342406730,0.000000000000,-27.467536926270
3216,0.072925170068,69,80.000000000000,0.000000000000,0.000000000000,-26.452251609306,-19.341965850334,0.000000000000,-35.591545104980
3217,0.072947845805,69,80.000000000000,0.000000000000,0.000000000000,-26.452251609306,-18.438806708793,0.000000000000,-35.770706176758
3218,0.072970521542,69,80.000000000000,0.000000000000,0.000000000000,-26.452251609306,-19.167842086295,0.000000000000,-40.713466644287
3219,0.072993197279,69,80.000000000000,0.000000000000,0.000000000000,-26.452251609306,-19.769392188529,0.000000000000,-42.667793273926
3220,0.073015873016,69,80.000000000000,0.000000000000,0.000000000000,-26.452251609306,-18.414373572807,0.000000000000,-44.989540100098
3221,0.073038548753,69,80.000000000000,0.000000000000,0.000000000000,-26.452251609306,-18.092834647636,0.000000000000,-39.247459411621
3222,0.073061224490,69,80.000000000000,0.000000000000,0.000000000000,-26.452251609306,-20.157929595451,0.000000000000,-42.242275238037
3223,0.073083900227,69,80.000000000000,0.000000000000,0.000000000000,-26.452251609306,-21.812162574272,0.000000000000,-55.533798217773
3224,0.073106575964,69,80.000000000000,0.000000000000,0.000000000000,-26.452251609306,-20.421416457633,0.000000000000,-72.142417907715
3225,0.073129251701,69,80.000000000000,0.000000000000,0.000000000000,-26.452251609306,-16.336050208549,0.000000000000,-89.901817321777
3226,0.073151927438,69,80.000000000000,0.000000000000,0.000000000000,-26.452251609306,-11.657140906791,0.000000000000,-106.562751770020
3227,0.073174603175,69,80.000000000000,0.000000000000,0.000000000000,-26.452251609306,-8.088926490287,0.000000000000,-117.360038757324
3228,0.073197278912,69,80.000000000000,0.000000000000,0.000000000000,-26.452251609306,-6.151104148368,0.000000000000,-122.826095581055
3229,0.073219954649,69,80.000000000000,0.000000000000,0.000000000000,-26.452251609306,-5.552559073905,0.000000000000,-120.710678100586
3230,0.073242630385,69,80.000000000000,0.000000000000,0.000000000000,-26.452251609306,-5.778129752616,0.000000000000,-126.243759155273
3231,0.073265306122,69,80.000000000000,0.000000000000,0.000000000000,-26.452251609306,-6.431577857475,0.000000000000,-119.482124328613
3232,0.073287981859,69,80.000000000000,0.000000000000,0.000000000000,-26.452251609306,-7.226068671684,0.000000000000,-136.641510009766
3233,0.073310657596,69,80.000000000000,0.000000000000,0.000000000000,-26.452251609306,-8.248010810356,0.000000000000,-129.121353149414
3234,0.073333333333,69,80.000000000000,0.000000000000,0.000000000000,-26.452251609306,-8.782644446830,0.000000000000,-139.370483398438
3235,0.073356009070,69,80.000000000000,0.000000000000,0.000000000000,-26.452251609306,-10.724871810417,0.000000000000,-145.362304687500
3236,0.073378684807,69,80.000000000000,0.000000000000,0.000000000000,-26.452251609306,-9.564653571586,0.000000000000,-138.704879760742
3237,0.073401360544,69,80.000000000000,0.000000000000,0.000000000000,-26.452251609306,-13.561514075736,0.000000000000,-138.495544433594
3238,0.073424036281,69,80.000000000000,0.000000000000,0.000000000000,-26.452251609306,-11.739734824638,0.000000000000,-142.237625122070
3239,0.073446712018,69,80.000000000000,0.000000000000,0.000000000000,-26.452251609306,-12.950810607414,0.000000000000,-138.088623046875
3240,0.073469387755,69,80.000000000000,0.000000000000,0.000000000000,-26.452251609306,-15.787480529289,0.000000000000,-129.149047851562
3241,0.073492063492,69,80.000000000000,0.000000000000,0.000000000000,-26.452251609306,-14.925269301872,0.000000000000,-126.009880065918
3242,0.073514739229,69,80.000000000000,0.000000000000,0.000000000000,-26.452251609306,-14.326017554740,0.000000000000,-128.721984863281
3243,0.073537414966,69,80.000000000000,0.000000000000,0.000000000000,-26.452251609306,-16.437023337821,0.000000000000,-127.509223937988
3244,0.073560090703,69,80.000000000000,0.000000000000,0.000000000000,-26.452251609306,-18.455732997398,0.000000000000,-115.807769775391
3245,0.073582766440,69,80.000000000000,0.000000000000,0.000000000000,-26.452251609306,-17.378429587821,0.000000000000,-94.996902465820
3246,0.073605442177,69,80.000000000000,0.000000000000,0.000000000000,-26.452251609306,-13.324343856315,0.000000000000,-71.369476318359
3247,0.073628117914,69,80.000000000000,0.000000000000,0.000000000000,-26.452251609306,-8.877311881523,0.000000000000,-49.944644927979
3248,0.073650793651,69,80.000000000000,0.000000000000,0.000000000000,-26.452251609306,-5.591531928520,0.000000000000,-33.228229522705
3249,0.073673469388,69,80.000000000000,0.000000000000,0.000000000000,-26.452251609306,-3.683792289237,0.000000000000,-20.688695907593
3250,0.073696145125,69,80.000000000000,0.000000000000,0.000000000000,-26.452251609306,-2.768078025321,0.000000000000,-13.975881576538
3251,0.073718820862,69,80.000000000000,0.000000000000,0.000000000000,-26.452251609306,-2.424123939018,0.000000000000,-8.091182708740
3252,0.073741496599,69,80.000000000000,0.000000000000,0.000000000000,-26.452251609306,-2.328483756523,0.000000000000,-9.025941848755
3253,0.073764172336,69,80.000000000000,0.000000000000,0.000000000000,-26.452251609306,-2.483032401542,0.000000000000,-5.780778884888
3254,0.073786848073,69,80.000000000000,0.000000000000,0.000000000000,-26.452251609306,-2.195188697318,0.000000000000,-7.664548873901
3255,0.073809523810,69,80.000000000000,0.000000000000,0.000000000000,-26.452251609306,-3.502565558891,0.000000000000,-7.418719291687
3256,0.073832199546,69,80.000000000000,0.000000000000,0.000000000000,-26.452251609306,-0.463554557304,0.000000000000,-5.092635154724
3257,0.073854875283,69,80.000000000000,0.000000000000,0.000000000000,-26.452251609306,-7.056648429374,0.000000000000,-5.374066352844
3258,0.073877551020,69,80.000000000000,0.020344516892,0.000030365572,-26.452405384944,2.678243462105,0.035818227519,-4.020995140076
3259,0.073900226757,69,80.000000000000,0.099794427251,0.000000000000,-26.453159689004,-6.415379189294,0.000000000000,-2.726827621460
3260,0.073922902494,69,80.000000000000,0.000000000000,0.000000000000,-26.453159689004,-5.558464407022,0.000000000000,1.561970710754
3261,0.073945578231,69,80.000000000000,0.022500510466,0.000031724956,-26.453329760890,2.798141122763,0.036611192178,0.393145561218
3262,0.073968253968,69,80.000000000000,0.115025452162,0.000016030156,-26.454199189856,-4.172289050004,0.026024489948,0.180678367615
3263,0.073990929705,69,80.000000000000,0.000000000000,0.000000000000,-26.454199189856,-11.483353967383,0.000000000000,2.350854873657
3264,0.074013605442,69,80.000000000000,0.000000000000,0.000000000000,-26.454199189856,-4.880894059851,0.000000000000,5.057332038879
3265,0.074036281179,69,80.000000000000,0.062187859235,0.000049358654,-26.454669241702,4.353433256433,0.045666214195,11.372487068176
3266,0.074058956916,69,80.000000000000,0.670124506172,0.000106688779,-26.459734430713,0.731091092333,0.067138669276,20.636398315430
3267,0.074081632653,69,80.000000000000,0.431911147992,0.000000000000,-26.462999065241,-16.298808581719,0.000000000000,27.852823257446
3268,0.074104308390,69,80.000000000000,0.000000000000,0.000000000000,-26.462999065241,-36.265321452936,0.000000000000,30.927774429321
3269,0.074126984127,69,80.000000000000,0.000000000000,0.000000000000,-26.462999065241,-51.882280071100,0.000000000000,32.679191589355
3270,0.074149659864,69,80.000000000000,0.000000000000,0.000000000000,-26.462999065241,-61.143315990289,0.000000000000,36.501224517822
3271,0.074172335601,69,80.000000000000,0.000000000000,0.000000000000,-26.462999065241,-65.589421947321,0.000000000000,43.843322753906
3272,0.074195011338,69,80.000000000000,0.000000000000,0.000000000000,-26.462999065241,-67.306413371881,0.000000000000,52.559226989746
3273,0.074217687075,69,80.000000000000,0.000000000000,0.000000000000,-26.462999065241,-67.796590526422,0.000000000000,60.858757019043
3274,0.074240362812,69,80.000000000000,0.000000000000,0.000000000000,-26.462999065241,-67.640794475397,0.000000000000,66.643478393555
3275,0.074263038549,69,80.000000000000,0.000000000000,0.000000000000,-26.462999065241,-67.793428142389,0.000000000000,69.595169067383
3276,0.074285714286,69,80.000000000000,0.000000000000,0.000000000000,-26.462999065241,-66.320810039362,0.000000000000,69.848228454590
3277,0.074308390023,69,80.000000000000,0.000000000000,0.000000000000,-26.462999065241,-68.786435802301,0.000000000000,70.516967773438
3278,0.074331065760,69,80.000000000000,0.000000000000,0.000000000000,-26.462999065241,-62.946595866998,0.000000000000,65.068206787109
3279,0.074353741497,69,80.000000000000,0.000000000000,0.000000000000,-26.462999065241,-69.957902629694,0.000000000000,68.818962097168
3280,0.074376417234,69,80.000000000000,0.000000000000,0.000000000000,-26.462999065241,-64.033651073297,0.000000000000,58.335002899170
3281,0.074399092971,69,80.000000000000,0.000000000000,0.000000000000,-26.462999065241,-61.980355937799,0.000000000000,64.044433593750
3282,0.074421768707,69,80.000000000000,0.000000000000,0.000000000000,-26.462999065241,-68.466554363092,0.000000000000,56.854415893555
3283,0.074444444444,69,80.000000000000,0.000000000000,0.000000000000,-26.462999065241,-65.946416576227,0.000000000000,51.699584960938
3284,0.074467120181,69,80.000000000000,0.000000000000,0.000000000000,-26.462999065241,-58.664849956354,0.000000000000,54.369472503662
3285,0.074489795918,69,80.000000000000,0.000000000000,0.000000000000,-26.462999065241,-58.961869914850,0.000000000000,53.290821075439
3286,0.074512471655,69,80.000000000000,0.000000000000,0.000000000000,-26.462999065241,-64.787812908014,0.000000000000,49.518608093262
3287,0.074535147392,69,80.000000000000,0.000000000000,0.000000000000,-26.462999065241,-67.003473003229,0.000000000000,49.616905212402
3288,0.074557823129,69,80.000000000000,0.000000000000,0.000000000000,-26.462999065241,-62.028848369440,0.000000000000,52.553493499756
3289,0.074580498866,69,80.000000000000,0.000000000000,0.000000000000,-26.462999065241,-53.688001354059,0.000000000000,51.082397460938
3290,0.074603174603,69,80.000000000000,0.000000000000,0.000000000000,-26.462999065241,-46.146327693781,0.000000000000,46.455047607422
3291,0.074625850340,69,80.000000000000,0.000000000000,0.000000000000,-26.462999065241,-41.026084621271,0.000000000000,45.991970062256
3292,0.074648526077,69,80.000000000000,0.000000000000,0.000000000000,-26.462999065241,-38.036502559503,0.000000000000,56.404159545898
3293,0.074671201814,69,80.000000000000,0.000000000000,0.000000000000,-26.462999065241,-36.335753162225,0.000000000000,70.005172729492
3294,0.074693877551,69,80.000000000000,0.000000000000,0.000000000000,-26.462999065241,-35.225735385736,0.000000000000,88.174057006836
3295,0.074716553288,69,80.000000000000,0.000000000000,0.000000000000,-26.462999065241,-34.436678607782,0.000000000000,102.140785217285
3296,0.074739229025,69,80.000000000000,0.000000000000,0.000000000000,-26.462999065241,-33.515848834833,0.000000000000,109.900917053223
3297,0.074761904762,69,80.000000000000,0.000000000000,0.000000000000,-26.462999065241,-33.266909320673,0.000000000000,117.103004455566
3298,0.074784580499,69,80.000000000000,0.000000000000,0.000000000000,-26.462999065241,-31.704728801569,0.000000000000,116.371826171875
3299,0.074807256236,69,80.000000000000,0.000000000000,0.000000000000,-26.462999065241,-32.467783649286,0.000000000000,119.850181579590
3300,0.074829931973,69,80.000000000000,0.000000000000,0.000000000000,-26.462999065241,-30.638954837640,0.000000000000,108.303077697754
3301,0.074852607710,69,80.000000000000,0.000000000000,0.000000000000,-26.462999065241,-30.120152194818,0.000000000000,120.572448730469
3302,0.074875283447,69,80.000000000000,0.000000000000,0.000000000000,-26.462999065241,-31.025843341669,0.000000000000,108.194107055664
3303,0.074897959184,69,80.000000000000,0.000000000000,0.000000000000,-26.462999065241,-29.726059635004,0.000000000000,109.125091552734
3304,0.074920634921,69,80.000000000000,0.000000000000,0.000000000000,-26.462999065241,-27.850083072504,0.000000000000,104.907806396484
3305,0.074943310658,69,80.000000000000,0.000000000000,0.000000000000,-26.462999065241,-28.137468059381,0.000000000000,87.226882934570
3306,0.074965986395,69,80.000000000000,0.000000000000,0.000000000000,-26.462999065241,-29.584109027704,0.000000000000,76.130325317383
3307,0.074988662132,69,80.000000000000,0.000000000000,0.000000000000,-26.462999065241,-29.806913097223,0.000000000000,72.400939941406
3308,0.075011337868,69,80.000000000000,0.000000000000,0.000000000000,-26.462999065241,-28.129901607355,0.000000000000,65.136787414551
3309,0.075034013605,69,80.000000000000,0.000000000000,0.000000000000,-26.462999065241,-25.489426334222,0.000000000000,55.973365783691
3310,0.075056689342,69,80.000000000000,0.000000000000,0.000000000000,-26.462999065241,-22.999888141473,0.000000000000,50.842376708984
3311,0.075079365079,69,80.000000000000,0.000000000000,0.000000000000,-26.462999065241,-21.193553645929,0.000000000000,58.649291992188
3312,0.075102040816,69,80.000000000000,0.000000000000,0.000000000000,-26.462999065241,-20.084111888727,0.000000000000,53.909893035889
3313,0.075124716553,69,80.000000000000,0.000000000000,0.000000000000,-26.462999065241,-19.472860057672,0.000000000000,54.185295104980
3314,0.075147392290,69,80.000000000000,0.000000000000,0.000000000000,-26.462999065241,-19.170306880792,0.000000000000,29.478466033936
3315,0.075170068027,69,80.000000000000,0.000000000000,0.000000000000,-26.462999065241,-18.991615016779,0.000000000000,12.108807563782
3316,0.075192743764,69,80.000000000000,0.000000000000,0.000000000000,-26.462999065241,-19.039509494623,0.000000000000,-4.537061691284
3317,0.075215419501,69,80.000000000000,0.000000000000,0.000000000000,-26.462999065241,-18.721850116571,0.000000000000,-23.277791976929
3318,0.075238095238,69,80.000000000000,0.000000000000,0.000000000000,-26.462999065241,-19.371755321344,0.000000000000,-33.858543395996
3319,0.075260770975,69,80.000000000000,0.000000000000,0.000000000000,-26.462999065241,-18.497879703363,0.000000000000,-35.185432434082
3320,0.075283446712,69,80.000000000000,0.000000000000,0.000000000000,-26.462999065241,-19.070547778925,0.000000000000,-39.700618743896
3321,0.075306122449,69,80.000000000000,0.000000000000,0.000000000000,-26.462999065241,-19.827357013544,0.000000000000,-41.620429992676
3322,0.075328798186,69,80.000000000000,0.000000000000,0.000000000000,-26.462999065241,-18.605008323511,0.000000000000,-45.084403991699
3323,0.075351473923,69,80.000000000000,0.000000000000,0.000000000000,-26.462999065241,-18.002551753839,0.000000000000,-40.111824035645
3324,0.075374149660,69,80.000000000000,0.000000000000,0.000000000000,-26.462999065241,-19.832668979486,0.000000000000,-41.305030822754
3325,0.075396825397,69,80.000000000000,0.000000000000,0.000000000000,-26.462999065241,-21.742637355646,0.000000000000,-52.429492950439
3326,0.075419501134,69,80.000000000000,0.000000000000,0.000000000000,-26.462999065241,-20.886227805933,0.000000000000,-67.956985473633
3327,0.075442176871,69,80.000000000000,0.000000000000,0.000000000000,-26.462999065241,-17.161788661798,0.000000000000,-85.363418579102
3328,0.075464852608,69,80.000000000000,0.000000000000,0.000000000000,-26.462999065241,-12.489816387018,0.000000000000,-102.473709106445
3329,0.075487528345,69,80.000000000000,0.000000000000,0.000000000000,-26.462999065241,-8.690835674127,0.000000000000,-114.414131164551
3330,0.075510204082,69,80.000000000000,0.000000000000,0.000000000000,-26.462999065241,-6.473544795831,0.000000000000,-121.633537292480
3331,0.075532879819,69,80.000000000000,0.000000000000,0.000000000000,-26.462999065241,-5.659097392877,0.000000000000,-120.043724060059
3332,0.075555555556,69,80.000000000000,0.000000000000,0.000000000000,-26.462999065241,-5.754012782892,0.000000000000,-126.229705810547
3333,0.075578231293,69,80.000000000000,0.000000000000,0.000000000000,-26.462999065241,-6.344175060114,0.000000000000,-118.587570190430
3334,0.075600907029,69,80.000000000000,0.000000000000,0.000000000000,-26.462999065241,-7.100610454401,0.000000000000,-134.897689819336
3335,0.075623582766,69,80.000000000000,0.000000000000,0.000000000000,-26.462999065241,-8.135833461603,0.000000000000,-128.833679199219
3336,0.075646258503,69,80.000000000000,0.000000000000,0.000000000000,-26.462999065241,-8.604976375421,0.000000000000,-137.073104858398
3337,0.075668934240,69,80.000000000000,0.000000000000,0.000000000000,-26.462999065241,-10.648286540826,0.000000000000,-144.444046020508
3338,0.075691609977,69,80.000000000000,0.000000000000,0.000000000000,-26.462999065241,-9.396064479669,0.000000000000,-139.504577636719
3339,0.075714285714,69,80.000000000000,0.000000000000,0.000000000000,-26.462999065241,-13.321763713678,0.000000000000,-138.096450805664
3340,0.075736961451,69,80.000000000000,0.000000000000,0.000000000000,-26.462999065241,-11.849207599481,0.000000000000,-141.424606323242
3341,0.075759637188,69,80.000000000000,0.000000000000,0.000000000000,-26.462999065241,-12.643552501520,0.000000000000,-139.015838623047
3342,0.075782312925,69,80.000000000000,0.000000000000,0.000000000000,-26.462999065241,-15.565412242731,0.000000000000,-130.957229614258
3343,0.075804988662,69,80.000000000000,0.000000000000,0.000000000000,-26.462999065241,-15.074645717462,0.000000000000,-126.371810913086
3344,0.075827664399,69,80.000000000000,0.000000000000,0.000000000000,-26.462999065241,-14.263915736993,0.000000000000,-128.042510986328
3345,0.075850340136,69,80.000000000000,0.000000000000,0.000000000000,-26.462999065241,-16.084269244989,0.000000000000,-127.765914916992
3346,0.075873015873,69,80.000000000000,0.000000000000,0.000000000000,-26.462999065241,-18.279529292902,0.000000000000,-118.491401672363
3347,0.075895691610,69,80.000000000000,0.000000000000,0.000000000000,-26.462999065241,-17.807895381769,0.000000000000,-99.838104248047
3348,0.075918367347,69,80.000000000000,0.000000000000,0.000000000000,-26.462999065241,-14.131585796198,0.000000000000,-76.991127014160
3349,0.075941043084,69,80.000000000000,0.000000000000,0.000000000000,-26.462999065241,-9.667709071954,0.000000000000,-55.077209472656
3350,0.075963718821,69,80.000000000000,0.000000000000,0.000000000000,-26.462999065241,-6.163116176447,0.000000000000,-37.347137451172
3351,0.075986394558,69,80.000000000000,0.000000000000,0.000000000000,-26.462999065241,-4.028665263971,0.000000000000,-23.562431335449
3352,0.076009070295,69,80.000000000000,0.000000000000,0.000000000000,-26.462999065241,-2.955339153131,0.000000000000,-15.909977912903
3353,0.076031746032,69,80.000000000000,0.000000000000,0.000000000000,-26.462999065241,-2.525008876642,0.000000000000,-9.063690185547
3354,0.076054421769,69,80.000000000000,0.000000000000,0.000000000000,-26.462999065241,-2.378635127863,0.000000000000,-9.381129264832
3355,0.076077097506,69,80.000000000000,0.000000000000,0.000000000000,-26.462999065241,-2.541450221857,0.000000000000,-6.087191581726
3356,0.076099773243,69,80.000000000000,0.000000000000,0.000000000000,-26.462999065241,-2.167894084772,0.000000000000,-7.424906730652
3357,0.076122448980,69,80.000000000000,0.000000000000,0.000000000000,-26.462999065241,-3.661088664850,0.000000000000,-7.575517654419
3358,0.076145124717,69,80.000000000000,0.000000000000,0.000000000000,-26.462999065241,-0.299638469537,0.000000000000,-5.410404205322
3359,0.076167800454,69,80.000000000000,0.000000000000,0.000000000000,-26.462999065241,-7.197496135553,0.000000000000,-5.498261451721
3360,0.076190476190,69,80.000000000000,0.014944846014,0.000026554600,-26.463112027040,2.342115680853,0.033495250876,-4.186553955078
3361,0.076213151927,69,80.000000000000,0.073354057527,0.000000000000,-26.463666479477,-5.606705758260,0.000000000000,-3.308681488037
3362,0.076235827664,69,80.000000000000,0.000000000000,0.000000000000,-26.463666479477,-6.290692846665,0.000000000000,0.910657882690
3363,0.076258503401,69,80.000000000000,0.015277224526,0.000026809780,-26.463781953586,2.364622552505,0.033655804613,0.429187774658
3364,0.076281179138,69,80.000000000000,0.082851627205,0.000020092208,-26.464408194154,-2.950232054067,0.029135815932,0.098567008972
3365,0.076303854875,69,80.000000000000,0.000000000000,0.000000000000,-26.464408194154,-11.192313467592,0.000000000000,1.957539558411
3366,0.076326530612,69,80.000000000000,0.000000000000,0.000000000000,-26.464408194154,-6.292943274110,0.000000000000,4.291894912720
3367,0.076349206349,69,80.000000000000,0.035718724078,0.000038784969,-26.464678176951,3.420834268004,0.040480426644,9.758166313171
3368,0.076371882086,69,80.000000000000,0.517139108375,0.000103596779,-26.468587013749,2.311653879913,0.066158626927,18.466876983643
3369,0.076394557823,69,80.000000000000,0.566029205506,0.000000000000,-26.472865390208,-13.030506541774,0.000000000000,26.108797073364
3370,0.076417233560,69,80.000000000000,0.000000000000,0.000000000000,-26.472865390208,-32.809247302440,0.000000000000,30.021467208862
3371,0.076439909297,69,80.000000000000,0.000000000000,0.000000000000,-26.472865390208,-49.338511752513,0.000000000000,32.085544586182
3372,0.076462585034,69,80.000000000000,0.000000000000,0.000000000000,-26.472865390208,-59.656562137034,0.000000000000,35.428909301758
3373,0.076485260771,69,80.000000000000,0.000000000000,0.000000000000,-26.472865390208,-64.861216830638,0.000000000000,42.034400939941
3374,0.076507936508,69,80.000000000000,0.000000000000,0.000000000000,-26.472865390208,-66.994944857982,0.000000000000,50.361957550049
3375,0.076530612245,69,80.000000000000,0.000000000000,0.000000000000,-26.472865390208,-67.686129855540,0.000000000000,58.785617828369
3376,0.076553287982,69,80.000000000000,0.000000000000,0.000000000000,-26.472865390208,-67.582156466868,0.000000000000,65.135284423828
3377,0.076575963719,69,80.000000000000,0.000000000000,0.000000000000,-26.472865390208,-67.839808749583,0.000000000000,68.824470520020
3378,0.076598639456,69,80.000000000000,0.000000000000,0.000000000000,-26.472865390208,-66.219817447093,0.000000000000,69.432357788086
3379,0.076621315193,69,80.000000000000,0.000000000000,0.000000000000,-26.472865390208,-68.943267154124,0.000000000000,70.812927246094
3380,0.076643990930,69,80.000000000000,0.000000000000,0.000000000000,-26.472865390208,-62.941943454173,0.000000000000,65.243087768555
3381,0.076666666667,69,80.000000000000,0.000000000000,0.000000000000,-26.472865390208,-69.654582309154,0.000000000000,69.332542419434
3382,0.076689342404,69,80.000000000000,0.000000000000,0.000000000000,-26.472865390208,-64.731372165111,0.000000000000,59.080398559570
3383,0.076712018141,69,80.000000000000,0.000000000000,0.000000000000,-26.472865390208,-61.680079745677,0.000000000000,63.845317840576
3384,0.076734693878,69,80.000000000000,0.000000000000,0.000000000000,-26.472865390208,-67.918360995677,0.000000000000,58.233524322510
3385,0.076757369615,69,80.000000000000,0.000000000000,0.000000000000,-26.472865390208,-66.679862307933,0.000000000000,52.359077453613
3386,0.076780045351,69,80.000000000000,0.000000000000,0.000000000000,-26.472865390208,-59.393710421947,0.000000000000,53.965980529785
3387,0.076802721088,69,80.000000000000,0.000000000000,0.000000000000,-26.472865390208,-58.490207003978,0.000000000000,53.681293487549
3388,0.076825396825,69,80.000000000000,0.000000000000,0.000000000000,-26.472865390208,-63.903235721019,0.000000000000,50.260780334473
3389,0.076848072562,69,80.000000000000,0.000000000000,0.000000000000,-26.472865390208,-67.043826388743,0.000000000000,49.314289093018
3390,0.076870748299,69,80.000000000000,0.000000000000,0.000000000000,-26.472865390208,-63.124820041087,0.000000000000,51.824855804443
3391,0.076893424036,69,80.000000000000,0.000000000000,0.000000000000,-26.472865390208,-55.147326754954,0.000000000000,51.503067016602
3392,0.076916099773,69,80.000000000000,0.000000000000,0.000000000000,-26.472865390208,-47.375537204173,0.000000000000,47.453758239746
3393,0.076938775510,69,80.000000000000,0.000000000000,0.000000000000,-26.472865390208,-41.840069102672,0.000000000000,45.723892211914
3394,0.076961451247,69,80.000000000000,0.000000000000,0.000000000000,-26.472865390208,-38.513552951243,0.000000000000,54.142604827881
3395,0.076984126984,69,80.000000000000,0.000000000000,0.000000000000,-26.472865390208,-36.617860125926,0.000000000000,66.313125610352
3396,0.077006802721,69,80.000000000000,0.000000000000,0.000000000000,-26.472865390208,-35.411988543895,0.000000000000,83.781730651855
3397,0.077029478458,69,80.000000000000,0.000000000000,0.000000000000,-26.472865390208,-34.596859263804,0.000000000000,98.708534240723
3398,0.077052154195,69,80.000000000000,0.000000000000,0.000000000000,-26.472865390208,-33.634537028697,0.000000000000,107.456535339355
3399,0.077074829932,69,80.000000000000,0.000000000000,0.000000000000,-26.472865390208,-33.421648311046,0.000000000000,115.663879394531
3400,0.077097505669,69,80.000000000000,0.000000000000,0.000000000000,-26.472865390208,-31.811060237315,0.000000000000,115.483123779297
3401,0.077120181406,69,80.000000000000,0.000000000000,0.000000000000,-26.472865390208,-32.539897250560,0.000000000000,120.354164123535
3402,0.077142857143,69,80.000000000000,0.000000000000,0.000000000000,-26.472865390208,-30.872290896800,0.000000000000,108.546089172363
3403,0.077165532880,69,80.000000000000,0.000000000000,0.000000000000,-26.472865390208,-30.119140910533,0.000000000000,120.007926940918
3404,0.077188208617,69,80.000000000000,0.000000000000,0.000000000000,-26.472865390208,-31.035092639354,0.000000000000,109.412254333496
3405,0.077210884354,69,80.000000000000,0.000000000000,0.000000000000,-26.472865390208,-30.008069323924,0.000000000000,109.023147583008
3406,0.077233560091,69,80.000000000000,0.000000000000,0.000000000000,-26.472865390208,-28.044765757945,0.000000000000,106.525367736816
3407,0.077256235828,69,80.000000000000,0.000000000000,0.000000000000,-26.472865390208,-28.016024875072,0.000000000000,90.857467651367
3408,0.077278911565,69,80.000000000000,0.000000000000,0.000000000000,-26.472865390208,-29.414839076426,0.000000000000,78.447830200195
3409,0.077301587302,69,80.000000000000,0.000000000000,0.000000000000,-26.472865390208,-29.903585719493,0.000000000000,73.455238342285
3410,0.077324263039,69,80.000000000000,0.000000000000,0.000000000000,-26.472865390208,-28.513286876109,0.000000000000,66.867973327637
3411,0.077346938776,69,80.000000000000,0.000000000000,0.000000000000,-26.472865390208,-25.982191371348,0.000000000000,58.302421569824
3412,0.077369614512,69,80.000000000000,0.000000000000,0.000000000000,-26.472865390208,-23.436385440257,0.000000000000,51.196548461914
3413,0.077392290249,69,80.000000000000,0.000000000000,0.000000000000,-26.472865390208,-21.506785678294,0.000000000000,57.945449829102
3414,0.077414965986,69,80.000000000000,0.000000000000,0.000000000000,-26.472865390208,-20.282399463084,0.000000000000,53.563865661621
3415,0.077437641723,69,80.000000000000,0.000000000000,0.000000000000,-26.472865390208,-19.590476321605,0.000000000000,55.698043823242
3416,0.077460317460,69,80.000000000000,0.000000000000,0.000000000000,-26.472865390208,-19.242702769664,0.000000000000,34.231899261475
3417,0.077482993197,69,80.000000000000,0.000000000000,0.000000000000,-26.472865390208,-19.030600833323,0.000000000000,16.456008911133
3418,0.077505668934,69,80.000000000000,0.000000000000,0.000000000000,-26.472865390208,-19.083439158824,0.000000000000,-0.008632659912
3419,0.077528344671,69,80.000000000000,0.000000000000,0.000000000000,-26.472865390208,-18.725571917918,0.000000000000,-18.822404861450
3420,0.077551020408,69,80.000000000000,0.000000000000,0.000000000000,-26.472865390208,-19.395502375987,0.000000000000,-31.578157424927
3421,0.077573696145,69,80.000000000000,0.000000000000,0.000000000000,-26.472865390208,-18.565130519298,0.000000000000,-34.399513244629
3422,0.077596371882,69,80.000000000000,0.000000000000,0.000000000000,-26.472865390208,-18.976991938975,0.000000000000,-38.787261962891
3423,0.077619047619,69,80.000000000000,0.000000000000,0.000000000000,-26.472865390208,-19.858293818858,0.000000000000,-40.498786926270
3424,0.077641723356,69,80.000000000000,0.000000000000,0.000000000000,-26.472865390208,-18.800872611430,0.000000000000,-44.823402404785
3425,0.077664399093,69,80.000000000000,0.000000000000,0.000000000000,-26.472865390208,-17.958903598216,0.000000000000,-40.906761169434
3426,0.077687074830,69,80.000000000000,0.000000000000,0.000000000000,-26.472865390208,-19.514814185527,0.000000000000,-40.803535461426
3427,0.077709750567,69,80.000000000000,0.000000000000,0.000000000000,-26.472865390208,-21.606173800853,0.000000000000,-49.834892272949
3428,0.077732426304,69,80.000000000000,0.000000000000,0.000000000000,-26.472865390208,-21.263220118907,0.000000000000,-64.068267822266
3429,0.077755102041,69,80.000000000000,0.000000000000,0.000000000000,-26.472865390208,-17.942395495799,0.000000000000,-80.910293579102
3430,0.077777777778,69,80.000000000000,0.000000000000,0.000000000000,-26.472865390208,-13.334250735667,0.000000000000,-98.272064208984
3431,0.077800453515,69,80.000000000000,0.000000000000,0.000000000000,-26.472865390208,-9.336451815989,0.000000000000,-111.137092590332
3432,0.077823129252,69,80.000000000000,0.000000000000,0.000000000000,-26.472865390208,-6.842322635081,0.000000000000,-120.089141845703
3433,0.077845804989,69,80.000000000000,0.000000000000,0.000000000000,-26.472865390208,-5.799538897899,0.000000000000,-119.148025512695
3434,0.077868480726,69,80.000000000000,0.000000000000,0.000000000000,-26.472865390208,-5.749385165599,0.000000000000,-126.158538818359
3435,0.077891156463,69,80.000000000000,0.000000000000,0.000000000000,-26.472865390208,-6.266734408763,0.000000000000,-117.920303344727
3436,0.077913832200,69,80.000000000000,0.000000000000,0.000000000000,-26.472865390208,-6.977883624461,0.000000000000,-133.142822265625
3437,0.077936507937,69,80.000000000000,0.000000000000,0.000000000000,-26.472865390208,-8.027123736766,0.000000000000,-128.571395874023
3438,0.077959183673,69,80.000000000000,0.000000000000,0.000000000000,-26.472865390208,-8.425563144114,0.000000000000,-134.967651367188
3439,0.077981859410,69,80.000000000000,0.000000000000,0.000000000000,-26.472865390208,-10.567762660411,0.000000000000,-143.163223266602
3440,0.078004535147,69,80.000000000000,0.000000000000,0.000000000000,-26.472865390208,-9.242400454905,0.000000000000,-140.094573974609
3441,0.078027210884,69,80.000000000000,0.000000000000,0.000000000000,-26.472865390208,-13.061869906810,0.000000000000,-137.951324462891
3442,0.078049886621,69,80.000000000000,0.000000000000,0.000000000000,-26.472865390208,-11.953799533275,0.000000000000,-140.574401855469
3443,0.078072562358,69,80.000000000000,0.000000000000,0.000000000000,-26.472865390208,-12.371910380748,0.000000000000,-139.525604248047
3444,0.078095238095,69,80.000000000000,0.000000000000,0.000000000000,-26.472865390208,-15.309815692332,0.000000000000,-132.663665771484
3445,0.078117913832,69,80.000000000000,0.000000000000,0.000000000000,-26.472865390208,-15.199324893382,0.000000000000,-127.110061645508
3446,0.078140589569,69,80.000000000000,0.000000000000,0.000000000000,-26.472865390208,-14.243529605296,0.000000000000,-127.584327697754
3447,0.078163265306,69,80.000000000000,0.000000000000,0.000000000000,-26.472865390208,-15.752004908946,0.000000000000,-127.749397277832
3448,0.078185941043,69,80.000000000000,0.000000000000,0.000000000000,-26.472865390208,-18.051011371043,0.000000000000,-120.564392089844
3449,0.078208616780,69,80.000000000000,0.000000000000,0.000000000000,-26.472865390208,-18.141868876842,0.000000000000,-104.151519775391
3450,0.078231292517,69,80.000000000000,0.000000000000,0.000000000000,-26.472865390208,-14.893365191844,0.000000000000,-82.425285339355
3451,0.078253968254,69,80.000000000000,0.000000000000,0.000000000000,-26.472865390208,-10.471455859569,0.000000000000,-60.321662902832
3452,0.078276643991,69,80.000000000000,0.000000000000,0.000000000000,-26.472865390208,-6.773352908519,0.000000000000,-41.730968475342
3453,0.078299319728,69,80.000000000000,0.000000000000,0.000000000000,-26.472865390208,-4.409735965159,0.000000000000,-26.724430084229
3454,0.078321995465,69,80.000000000000,0.000000000000,0.000000000000,-26.472865390208,-3.166415500072,0.000000000000,-18.101881027222
3455,0.078344671202,69,80.000000000000,0.000000000000,0.000000000000,-26.472865390208,-2.639165210155,0.000000000000,-10.269545555115
3456,0.078367346939,69,80.000000000000,0.000000000000,0.000000000000,-26.472865390208,-2.433102893260,0.000000000000,-9.856214523315
3457,0.078390022676,69,80.000000000000,0.000000000000,0.000000000000,-26.472865390208,-2.605395602611,0.000000000000,-6.480209350586
3458,0.078412698413,69,80.000000000000,0.000000000000,0.000000000000,-26.472865390208,-2.133832263377,0.000000000000,-7.242131233215
3459,0.078435374150,69,80.000000000000,0.000000000000,0.000000000000,-26.472865390208,-3.825026797679,0.000000000000,-7.663633346558
3460,0.078458049887,69,80.000000000000,0.000000000000,0.000000000000,-26.472865390208,-0.144591617015,0.000000000000,-5.707414627075
3461,0.078480725624,69,80.000000000000,0.000000000000,0.000000000000,-26.472865390208,-7.289492892650,0.000000000000,-5.659542083740
3462,0.078503401361,69,80.000000000000,0.009685822255,0.000021991067,-26.472938601261,1.939612103078,0.030481512064,-4.317561149597
3463,0.078526077098,69,80.000000000000,0.047575309391,0.000000000000,-26.473298202995,-4.797642873445,0.000000000000,-3.792580604553
3464,0.078548752834,69,80.000000000000,0.000000000000,0.000000000000,-26.473298202995,-6.887215744499,0.000000000000,0.227425575256
3465,0.078571428571,69,80.000000000000,0.008025034858,0.000020264183,-26.473358860855,1.787300933358,0.029260241426,0.359107017517
3466,0.078594104308,69,80.000000000000,0.046932822610,0.000019682147,-26.473713606301,-1.835022324198,0.028836967565,0.024228096008
3467,0.078616780045,69,80.000000000000,0.000000000000,0.000000000000,-26.473713606301,-10.682984083596,0.000000000000,1.624589920044
3468,0.078639455782,69,80.000000000000,0.000000000000,0.000000000000,-26.473713606301,-7.547390669290,0.000000000000,3.658488273621
3469,0.078662131519,69,80.000000000000,0.014145645862,0.000025927586,-26.473820527283,2.286813050803,0.033097439357,8.358368873596
3470,0.078684807256,69,80.000000000000,0.324943445228,0.000091240312,-26.476276637980,3.480140102726,0.062087866500,16.408462524414
3471,0.078707482993,69,80.000000000000,0.579664115361,0.000017164695,-26.480658074982,-9.929286538379,0.026929692648,24.254501342773
3472,0.078730158730,69,80.000000000000,0.000000000000,0.000000000000,-26.480658074982,-29.314867517121,0.000000000000,28.923212051392
3473,0.078752834467,69,80.000000000000,0.000000000000,0.000000000000,-26.480658074982,-46.621176263459,0.000000000000,31.432277679443
3474,0.078775510204,69,80.000000000000,0.000000000000,0.000000000000,-26.480658074982,-57.993809243805,0.000000000000,34.478729248047
3475,0.078798185941,69,80.000000000000,0.000000000000,0.000000000000,-26.480658074982,-64.012049218781,0.000000000000,40.402107238770
3476,0.078820861678,69,80.000000000000,0.000000000000,0.000000000000,-26.480658074982,-66.616514703400,0.000000000000,48.259605407715
3477,0.078843537415,69,80.000000000000,0.000000000000,0.000000000000,-26.480658074982,-67.545401116974,0.000000000000,56.675071716309
3478,0.078866213152,69,80.000000000000,0.000000000000,0.000000000000,-26.480658074982,-67.506071588166,0.000000000000,63.477722167969
3479,0.078888888889,69,80.000000000000,0.000000000000,0.000000000000,-26.480658074982,-67.884378930695,0.000000000000,67.902893066406
3480,0.078911564626,69,80.000000000000,0.000000000000,0.000000000000,-26.480658074982,-66.111425897248,0.000000000000,68.871688842773
3481,0.078934240363,69,80.000000000000,0.000000000000,0.000000000000,-26.480658074982,-69.083609124787,0.000000000000,71.004020690918
3482,0.078956916100,69,80.000000000000,0.000000000000,0.000000000000,-26.480658074982,-62.975740930207,0.000000000000,65.384063720703
3483,0.078979591837,69,80.000000000000,0.000000000000,0.000000000000,-26.480658074982,-69.302877923615,0.000000000000,69.759162902832
3484,0.079002267574,69,80.000000000000,0.000000000000,0.000000000000,-26.480658074982,-65.399504205353,0.000000000000,59.903968811035
3485,0.079024943311,69,80.000000000000,0.000000000000,0.000000000000,-26.480658074982,-61.498426934845,0.000000000000,63.618888854980
3486,0.079047619048,69,80.000000000000,0.000000000000,0.000000000000,-26.480658074982,-67.304884454376,0.000000000000,59.429870605469
3487,0.079070294785,69,80.000000000000,0.000000000000,0.000000000000,-26.480658074982,-67.275370141632,0.000000000000,53.215461730957
3488,0.079092970522,69,80.000000000000,0.000000000000,0.000000000000,-26.480658074982,-60.203432580597,0.000000000000,53.676216125488
3489,0.079115646259,69,80.000000000000,0.000000000000,0.000000000000,-26.480658074982,-58.178177377350,0.000000000000,53.887348175049
3490,0.079138321995,69,80.000000000000,0.000000000000,0.000000000000,-26.480658074982,-63.015760919220,0.000000000000,51.023826599121
3491,0.079160997732,69,80.000000000000,0.000000000000,0.000000000000,-26.480658074982,-66.864775201447,0.000000000000,49.271057128906
3492,0.079183673469,69,80.000000000000,0.000000000000,0.000000000000,-26.480658074982,-64.068354150421,0.000000000000,51.101135253906
3493,0.079206349206,69,80.000000000000,0.000000000000,0.000000000000,-26.480658074982,-56.573122522003,0.000000000000,51.597579956055
3494,0.079229024943,69,80.000000000000,0.000000000000,0.000000000000,-26.480658074982,-48.653711816437,0.000000000000,48.494457244873
3495,0.079251700680,69,80.000000000000,0.000000000000,0.000000000000,-26.480658074982,-42.721884271271,0.000000000000,45.781986236572
3496,0.079274376417,69,80.000000000000,0.000000000000,0.000000000000,-26.480658074982,-39.041402360565,0.000000000000,52.370094299316
3497,0.079297052154,69,80.000000000000,0.000000000000,0.000000000000,-26.480658074982,-36.928020974762,0.000000000000,63.018730163574
3498,0.079319727891,69,80.000000000000,0.000000000000,0.000000000000,-26.480658074982,-35.609502336151,0.000000000000,79.494522094727
3499,0.079342403628,69,80.000000000000,0.000000000000,0.000000000000,-26.480658074982,-34.761529466278,0.000000000000,95.079650878906
3500,0.079365079365,69,80.000000000000,0.000000000000,0.000000000000,-26.480658074982,-33.752706071503,0.000000000000,104.750381469727
3501,0.079387755102,69,80.000000000000,0.000000000000,0.000000000000,-26.480658074982,-33.574285050995,0.000000000000,114.020462036133
3502,0.079410430839,69,80.000000000000,0.000000000000,0.000000000000,-26.480658074982,-31.922957917816,0.000000000000,114.341445922852
3503,0.079433106576,69,80.000000000000,0.000000000000,0.000000000000,-26.480658074982,-32.600866815216,0.000000000000,120.621246337891
3504,0.079455782313,69,80.000000000000,0.000000000000,0.000000000000,-26.480658074982,-31.104656716950,0.000000000000,108.889389038086
3505,0.079478458050,69,80.000000000000,0.000000000000,0.000000000000,-26.480658074982,-30.139342805512,0.000000000000,119.392639160156
3506,0.079501133787,69,80.000000000000,0.000000000000,0.000000000000,-26.480658074982,-31.021441957123,0.000000000000,110.554534912109
3507,0.079523809524,69,80.000000000000,0.000000000000,0.000000000000,-26.480658074982,-30.265048524506,0.000000000000,108.973510742188
3508,0.079546485261,69,80.000000000000,0.000000000000,0.000000000000,-26.480658074982,-28.268856546051,0.000000000000,107.666961669922
3509,0.079569160998,69,80.000000000000,0.000000000000,0.000000000000,-26.480658074982,-27.930770417816,0.000000000000,94.196563720703
3510,0.079591836735,69,80.000000000000,0.000000000000,0.000000000000,-26.480658074982,-29.230906030304,0.000000000000,81.078384399414
3511,0.079614512472,69,80.000000000000,0.000000000000,0.000000000000,-26.480658074982,-29.948312303192,0.000000000000,74.702819824219
3512,0.079637188209,69,80.000000000000,0.000000000000,0.000000000000,-26.480658074982,-28.853251001007,0.000000000000,68.388763427734
3513,0.079659863946,69,80.000000000000,0.000000000000,0.000000000000,-26.480658074982,-26.462578317292,0.000000000000,60.648216247559
3514,0.079682539683,69,80.000000000000,0.000000000000,0.000000000000,-26.480658074982,-23.884562989838,0.000000000000,52.021469116211
3515,0.079705215420,69,80.000000000000,0.000000000000,0.000000000000,-26.480658074982,-21.839631578095,0.000000000000,57.401447296143
3516,0.079727891156,69,80.000000000000,0.000000000000,0.000000000000,-26.480658074982,-20.497544786103,0.000000000000,53.104965209961
3517,0.079750566893,69,80.000000000000,0.000000000000,0.000000000000,-26.480658074982,-19.718694230683,0.000000000000,56.582405090332
3518,0.079773242630,69,80.000000000000,0.000000000000,0.000000000000,-26.480658074982,-19.320930024750,0.000000000000,38.435512542725
3519,0.079795918367,69,80.000000000000,0.000000000000,0.000000000000,-26.480658074982,-19.070904275543,0.000000000000,20.729780197144
3520,0.079818594104,69,80.000000000000,0.000000000000,0.000000000000,-26.480658074982,-19.128134271271,0.000000000000,4.430798530579
3521,0.079841269841,69,80.000000000000,0.000000000000,0.000000000000,-26.480658074982,-18.729970475800,0.000000000000,-14.192300796509
3522,0.079863945578,69,80.000000000000,0.000000000000,0.000000000000,-26.480658074982,-19.411679765351,0.000000000000,-28.772809982300
3523,0.079886621315,69,80.000000000000,0.000000000000,0.000000000000,-26.480658074982,-18.638195535309,0.000000000000,-33.324420928955
3524,0.079909297052,69,80.000000000000,0.000000000000,0.000000000000,-26.480658074982,-18.888789674408,0.000000000000,-37.929756164551
3525,0.079931972789,69,80.000000000000,0.000000000000,0.000000000000,-26.480658074982,-19.861891290314,0.000000000000,-39.365928649902
3526,0.079954648526,69,80.000000000000,0.000000000000,0.000000000000,-26.480658074982,-18.994295617707,0.000000000000,-44.225456237793
3527,0.079977324263,69,80.000000000000,0.000000000000,0.000000000000,-26.480658074982,-17.958956262238,0.000000000000,-41.667610168457
