frame,time_sec,midi,velocity,probe_position,F,dy,v_in,dv,sigma,sample,sample_a,sample_b,sample_c
0,0.000000000000,69,80.000000000000,0.700000000000,702.802439235434,0.002363482757,154.687812250677,48.459179204915,0.316001814079,0.000000000000,0.000000000000,0.000000000000,0.000000000000
1,0.000022675737,69,80.000000000000,0.700000000000,677.140177545479,0.002296863651,149.569594733326,41.658542552655,0.311516434972,0.000000000000,0.000000000000,0.000000000000,0.000000000000
2,0.000045351474,69,80.000000000000,0.700000000000,654.118829597993,0.002224973876,144.625385892828,33.371802662604,0.306602586842,0.000000000000,0.000000000000,0.000000000000,0.000000000000
3,0.000068027211,69,80.000000000000,0.700000000000,633.130637999698,0.002153119103,139.839817956322,24.906432128146,0.301611143856,0.000000000000,0.000000000000,0.000000000000,0.000000000000
4,0.000090702948,69,80.000000000000,0.700000000000,613.593353025121,0.002085591222,135.201924131491,17.229683244865,0.296843778999,0.000000000000,0.000000000000,0.000000000000,0.000000000000
5,0.000113378685,69,80.000000000000,0.700000000000,594.992440733660,0.002025320660,130.704626771448,10.942369033187,0.292523157861,0.000000000000,0.000000000000,0.000000000000,0.000000000000
6,0.000136054422,69,80.000000000000,0.700000000000,576.916672004885,0.001973525077,126.343956537096,6.273182019268,0.288758436235,0.000000000000,0.000000000000,0.000000000000,0.000000000000
7,0.000158730159,69,80.000000000000,0.700000000000,559.107113606948,0.001929754809,122.117901256620,3.126173886340,0.285538334843,0.000000000000,0.000000000000,0.000000000000,0.000000000000
8,0.000181405896,69,80.000000000000,0.700000000000,541.470998090778,0.001892447492,118.025149948299,1.196981047702,0.282764754798,0.000000000000,0.000000000000,0.000000000000,0.000000000000
9,0.000204081633,69,80.000000000000,0.700000000000,524.041649552488,0.001859696682,114.064139747600,0.115301732104,0.280307304265,0.000000000000,0.000000000000,0.000000000000,0.000000000000
10,0.000226757370,69,80.000000000000,0.700000000000,506.911351624509,0.001829844296,110.232610256863,-0.445691077790,0.278048415773,0.000000000000,0.000000000000,0.000000000000,0.000000000000
11,0.000249433107,69,80.000000000000,0.700000000000,490.174143726096,0.001801728181,106.527590274051,-0.720464731975,0.275903997143,0.000000000000,0.000000000000,0.000000000000,0.000000000000
12,0.000272108844,69,80.000000000000,0.700000000000,473.896449118817,0.001774657750,102.945606531656,-0.852063730832,0.273823464906,0.000000000000,0.000000000000,0.000000000000,0.000000000000
13,0.000294784580,69,80.000000000000,0.700000000000,458.112371959007,0.001748273854,99.482927983213,-0.916642526733,0.271780371482,0.000000000000,0.000000000000,0.000000000000,0.000000000000
14,0.000317460317,69,80.000000000000,0.700000000000,442.831570320968,0.001722407725,96.135750580938,-0.950367934355,0.269762351686,0.000000000000,0.000000000000,0.000000000000,0.000000000000
15,0.000340136054,69,80.000000000000,0.700000000000,428.049373869187,0.001696984034,92.900305578148,-0.969026364130,0.267764029402,0.000000000000,0.000000000000,0.000000000000,0.000000000000
16,0.000362811791,69,80.000000000000,0.700000000000,413.754286654656,0.001671967903,89.772911121196,-0.979292280385,0.265783076740,0.000000000000,0.000000000000,0.000000000000,0.000000000000
17,0.000385487528,69,80.000000000000,0.700000000000,399.932198458109,0.001647340537,86.749992009646,-0.984145590170,0.263818380094,0.000000000000,0.000000000000,0.000000000000,0.000000000000
18,0.000408163265,69,80.000000000000,0.700000000000,386.525922790688,0.001622933427,83.828405291651,-0.998889266579,0.261856711378,0.000000000000,0.000000000000,0.000000000000,0.000000000000
19,0.000430839002,69,80.000000000000,0.700000000000,368.444675196256,0.001579624369,81.043487111786,-2.701792487700,0.258339175494,0.000000000000,0.000000000000,0.000000000000,0.000000000000
20,0.000453514739,69,80.000000000000,0.700000000000,538.518162689432,0.002133933092,76.973055043082,49.380800842933,0.300264338796,0.000000000000,0.000000000000,0.000000000000,0.000000000000
21,0.000476190476,69,80.000000000000,0.700000000000,546.996854325637,0.002024918637,72.838536113939,24.234257419502,0.292494123726,0.000000307560,0.000000102520,0.000000102520,0.000000102520
22,0.000498866213,69,80.000000000000,0.700000000000,531.133979186337,0.001924297302,68.823917979500,9.776876535882,0.285134285952,1.027228653431,0.342409551144,0.342409551144,0.342409551144
23,0.000521541950,69,80.000000000000,0.700000000000,511.814121446598,0.001852710144,64.955330515807,2.241973657340,0.279780277314,154.406078338623,51.468692779541,51.468692779541,51.468692779541
24,0.000544217687,69,80.000000000000,0.700000000000,491.037767639088,0.001800778310,61.243782763433,-1.130370928409,0.275831259273,149.936176300049,49.978725433350,49.978725433350,49.978725433350
25,0.000566893424,69,80.000000000000,0.700000000000,469.750815569665,0.001759239632,57.693134119671,-2.364813035842,0.272631389313,144.847057342529,48.282352447510,48.282352447510,48.282352447510
26,0.000589569161,69,80.000000000000,0.700000000000,448.603783462368,0.001722222206,54.302326988436,-2.690653689888,0.269747823341,140.202632904053,46.734210968018,46.734210968018,46.734210968018
27,0.000612244898,69,80.000000000000,0.700000000000,427.955465540512,0.001686897845,51.067591799165,-2.705767204467,0.266967102728,135.875518798828,45.291839599609,45.291839599609,45.291839599609
28,0.000634920635,69,80.000000000000,0.700000000000,407.957283198355,0.001652224158,47.984014450727,-2.639000315911,0.264209141944,131.753334045410,43.917778015137,43.917778015137,43.917778015137
29,0.000657596372,69,80.000000000000,0.700000000000,388.661468368142,0.001617940824,45.046286042805,-2.556128710945,0.261453628432,127.746585845947,42.582195281982,42.582195281982,42.582195281982
30,0.000680272109,69,80.000000000000,0.700000000000,370.087279022177,0.001584042009,42.248952112176,-2.470015206639,0.258700164016,123.799118041992,41.266372680664,41.266372680664,41.266372680664
31,0.000702947846,69,80.000000000000,0.700000000000,352.243775947433,0.001550570443,39.586489708945,-2.382888612325,0.255952341711,119.891029357910,39.963676452637,39.963676452637,39.963676452637
32,0.000725623583,69,80.000000000000,0.700000000000,335.131809820641,0.001517559595,37.053369453309,-2.296743421635,0.253213137295,116.029827117920,38.676609039307,38.676609039307,38.676609039307
33,0.000748299320,69,80.000000000000,0.700000000000,318.742717831978,0.001485026896,34.644127443997,-2.213734986017,0.250484303601,112.235687255859,37.411895751953,37.411895751953,37.411895751953
34,0.000770975057,69,80.000000000000,0.700000000000,303.059542793624,0.001452979095,32.353427951982,-2.135263055680,0.247766758764,108.529186248779,36.176395416260,36.176395416260,36.176395416260
35,0.000793650794,69,80.000000000000,0.700000000000,288.059785710004,0.001421416376,30.176105308671,-2.061877825153,0.245060894263,104.924755096436,34.974918365479,34.974918365479,34.974918365479
36,0.000816326531,69,80.000000000000,0.700000000000,273.718324374956,0.001390335890,28.107183733653,-1.993489791717,0.242366852846,101.429763793945,33.809921264648,33.809921264648,33.809921264648
37,0.000839002268,69,80.000000000000,0.700000000000,260.009684809479,0.001359734988,26.141879993596,-1.929538978283,0.239684799768,98.046306610107,32.682102203369,32.682102203369,32.682102203369
38,0.000861678005,69,80.000000000000,0.700000000000,246.919180659576,0.001329658311,24.275521863139,-1.865305339779,0.237019120850,94.773279190063,31.591093063354,31.591093063354,31.591093063354
39,0.000884353741,69,80.000000000000,0.700000000000,232.655914054832,0.001291345897,22.516973759927,-2.576583575902,0.233579460026,91.608112335205,30.536037445068,30.536037445068,30.536037445068
40,0.000907029478,69,80.000000000000,0.700000000000,250.007098197885,0.001408821006,20.627275360850,11.148436214100,0.243972718790,88.547647476196,29.515882492065,29.515882492065,29.515882492065
41,0.000929705215,69,80.000000000000,0.700000000000,269.355026175436,0.001395761140,18.591334119917,0.675774458160,0.242839264014,85.574398040771,28.524799346924,28.524799346924,28.524799346924
42,0.000952380952,69,80.000000000000,0.700000000000,260.777230218742,0.001361712605,16.620228827259,-1.891174790826,0.239859036875,82.058717727661,27.348495483398,27.352945327759,27.357276916504
43,0.000975056689,69,80.000000000000,0.700000000000,246.733136559040,0.001326787303,14.755276925830,-2.289433683783,0.236763095875,125.881874084473,41.297248840332,41.966495513916,42.618129730225
44,0.000997732426,69,80.000000000000,0.700000000000,232.058349473678,0.001290981784,13.001245561705,-2.385997819157,0.233546527188,-23.186291694641,-8.442905426025,-7.728088855743,-7.015297412872
45,0.001020408163,69,80.000000000000,0.700000000000,217.531500002277,0.001254730830,11.357016536745,-2.401834072201,0.230244169467,-32.166516304016,-10.759409904480,-10.728285789490,-10.678820610046
46,0.001043083900,69,80.000000000000,0.700000000000,203.422368789325,0.001218454935,9.819432494497,-2.371243503889,0.226891429973,-31.959637641907,-10.613131523132,-10.654261589050,-10.692244529724
47,0.001065759637,69,80.000000000000,0.700000000000,189.880075281291,0.001182409557,8.384208947398,-2.316965779367,0.223510187226,-31.918018341064,-10.596187591553,-10.639419555664,-10.682411193848
48,0.001088435374,69,80.000000000000,0.700000000000,176.970305330197,0.001146717735,7.046564916179,-2.254543502741,0.220110936366,-32.280843734741,-10.719278335571,-10.760259628296,-10.801305770874
49,0.001111111111,69,80.000000000000,0.700000000000,164.707073806413,0.001111431886,5.801613489071,-2.191295435839,0.216697939959,-32.825214385986,-10.902362823486,-10.941715240479,-10.981136322021
50,0.001133786848,69,80.000000000000,0.700000000000,153.081370226608,0.001076577725,4.644535860752,-2.129448861147,0.213273085252,-33.382534980774,-11.089060783386,-11.127493858337,-11.165980339050
51,0.001156462585,69,80.000000000000,0.700000000000,142.076697848238,0.001042172626,3.570637917833,-2.069412780884,0.209837540644,-33.859853744507,-11.248689651489,-11.286607742310,-11.324556350708
52,0.001179138322,69,80.000000000000,0.700000000000,131.674092975225,0.001008228647,2.575368885518,-2.011406549341,0.206392006464,-34.222042083740,-11.369846343994,-11.407337188721,-11.444858551025
53,0.001201814059,69,80.000000000000,0.700000000000,121.852547466048,0.000974750424,1.654336780710,-1.955800165115,0.202936456554,-34.469772338867,-11.452957153320,-11.489913940430,-11.526901245117
54,0.001224489796,69,80.000000000000,0.700000000000,112.589092777182,0.000941734871,0.803323229862,-1.902936297856,0.199470043617,-34.565758705139,-11.490086555481,-11.521868705750,-11.553803443909
55,0.001247165533,69,80.000000000000,0.700000000000,103.859350063990,0.000909171942,0.018294128850,-1.853035705180,0.195991108369,-27.512622833252,-9.798900604248,-9.164990425110,-8.548731803894
56,0.001269841270,69,80.000000000000,0.700000000000,95.638373524705,0.000877046368,-0.704596071639,-1.806174273807,0.192497296239,-179.016113281250,-60.351837158203,-59.671348571777,-58.992927551270
57,0.001292517007,69,80.000000000000,0.700000000000,87.901426103919,0.000845339473,-1.369005943929,-1.762303555272,0.188985694535,-184.475784301758,-61.495883941650,-61.498023986816,-61.481876373291
58,0.001315192744,69,80.000000000000,0.700000000000,80.631737029666,0.000814095545,-1.978467297139,-1.715565273209,0.185460337513,-179.900600433350,-59.894573211670,-59.967899322510,-60.038127899170
59,0.001337868481,69,80.000000000000,0.700000000000,73.554721249997,0.000780813135,-2.534436467585,-1.892732473003,0.181629719306,-175.139862060547,-58.305641174316,-58.380020141602,-58.454200744629
60,0.001360544218,69,80.000000000000,0.700000000000,68.957513146961,0.000771648444,-3.055657277464,0.338521694288,0.180560645667,-170.644077301025,-56.810226440430,-56.881320953369,-56.952529907227
61,0.001383219955,69,80.000000000000,0.700000000000,70.528568741558,0.000784011713,-3.588753035147,1.189120883566,0.182001359567,-166.333003997803,-55.375762939453,-55.444297790527,-55.512943267822
62,0.001405895692,69,80.000000000000,0.700000000000,71.870561901911,0.000780038789,-4.131992354134,-0.644767794467,0.181539634287,-162.521305084229,-54.104034423828,-54.173763275146,-54.243507385254
63,0.001428571429,69,80.000000000000,0.700000000000,67.958311846927,0.000756043588,-4.645660622062,-1.544279436459,0.178725604169,-149.080287933350,-49.794284820557,-49.691898345947,-49.594104766846
64,0.001451247166,69,80.000000000000,0.700000000000,61.903129876499,0.000724030245,-5.113560318786,-1.821332041682,0.174900765685,-176.689880371094,-59.042835235596,-58.896152496338,-58.750892639160
65,0.001473922902,69,80.000000000000,0.700000000000,55.460258475040,0.000689282512,-5.532761063117,-1.903201246456,0.170652237407,-179.582080841064,-59.839397430420,-59.862182617188,-59.880500793457
66,0.001496598639,69,80.000000000000,0.700000000000,49.170700625990,0.000653445880,-5.904421687652,-1.925619819323,0.166156818818,-175.963790893555,-58.586067199707,-58.655105590820,-58.722618103027
67,0.001519274376,69,80.000000000000,0.700000000000,43.200630199853,0.000617071377,-6.230957063312,-1.926325307525,0.161465989169,-171.306198120117,-57.024795532227,-57.102157592773,-57.179244995117
68,0.001541950113,69,80.000000000000,0.700000000000,37.608219373974,0.000580362766,-6.515221760016,-1.919388519923,0.156589676688,-166.332687377930,-55.365222930908,-55.444236755371,-55.523227691650
69,0.001564625850,69,80.000000000000,0.700000000000,32.411083940699,0.000543367820,-6.760203498041,-1.911998607823,0.151516634011,-161.243347167969,-53.669242858887,-53.747764587402,-53.826339721680
70,0.001587301587,69,80.000000000000,0.700000000000,27.608624581885,0.000506043792,-6.968885467670,-1.908228816283,0.146220211345,-156.159202575684,-51.976161956787,-52.053039550781,-52.130001068115
71,0.001609977324,69,80.000000000000,0.700000000000,23.192767884568,0.000468288466,-7.144189835656,-1.910599519708,0.140659829704,-151.149612426758,-50.308517456055,-50.383171081543,-50.457923889160
72,0.001632653061,69,80.000000000000,0.700000000000,19.153571649022,0.000429952629,-7.288963619852,-1.921110302692,0.134779444131,-146.246143341064,-48.676475524902,-48.748676300049,-48.820991516113
73,0.001655328798,69,80.000000000000,0.700000000000,15.482022374498,0.000390838576,-7.405985708850,-1.941957076087,0.128502645327,-141.461685180664,-47.084098815918,-47.153861999512,-47.223724365234
74,0.001678004535,69,80.000000000000,0.700000000000,12.171633234289,0.000350689220,-7.497985960054,-1.975891575592,0.121723537412,-136.820594787598,-45.536979675293,-45.606887817383,-45.676727294922
75,0.001700680272,69,80.000000000000,0.700000000000,9.219979265207,0.000309169743,-7.567675901590,-2.026560282218,0.114290951737,-129.149967193604,-43.210094451904,-43.053550720215,-42.886322021484
76,0.001723356009,69,80.000000000000,0.700000000000,6.630650430262,0.000265841122,-7.617794196603,-2.098856233252,0.105980127447,-178.391433715820,-58.375648498535,-59.481555938721,-60.534229278564
77,0.001746031746,69,80.000000000000,0.700000000000,4.415960170234,0.000220122014,-7.651172580354,-2.199513491978,0.096437311819,-33.105773925781,-9.531715393066,-11.034923553467,-12.539134979248
78,0.001768707483,69,80.000000000000,0.700000000000,2.598464751742,0.000171092989,-7.670813281425,-2.350323516378,0.085021637086,-13.495479583740,-4.264778137207,-4.480180740356,-4.750520706177
79,0.001791383220,69,80.000000000000,0.700000000000,1.060556437514,0.000098011616,-7.678829581029,-4.277037125223,0.064350530413,-11.076466560364,-3.683810234070,-3.687910079956,-3.704746246338
80,0.001814058957,69,80.000000000000,0.700000000000,17.744828064212,0.000575669394,-7.812955265565,46.205887789255,0.155955223976,-9.605862617493,-3.212418556213,-3.201457977295,-3.191986083984
81,0.001836734694,69,80.000000000000,0.700000000000,163.405025543603,0.001217895588,-9.048065058034,18.368081628398,0.226839345327,-7.835870742798,-2.620245933533,-2.611974716187,-2.603650093079
82,0.001859410431,69,80.000000000000,0.700000000000,203.184796867589,0.001219161872,-10.583853394146,-2.139275227904,0.226957240643,-5.980114936829,-1.998577117920,-1.993425369263,-1.988112449646
83,0.001882086168,69,80.000000000000,0.700000000000,189.584870457324,0.001179939000,-12.016845612266,-2.605748221592,0.223276561156,-2.938136100769,-1.012595176697,-0.979148864746,-0.946392059326
84,0.001904761905,69,80.000000000000,0.700000000000,175.219578495431,0.001139370203,-13.341256636419,-2.661894791536,0.219404628682,-5.436600685120,-1.880905151367,-1.811883926392,-1.743811607361
85,0.001927437642,69,80.000000000000,0.700000000000,161.247366076600,0.001098638202,-14.560057589379,-2.619586195418,0.215447125888,-9.319246292114,-3.155078887939,-3.106595039368,-3.057572364807
86,0.001950113379,69,80.000000000000,0.700000000000,147.925099394416,0.001057957942,-15.678161137334,-2.566843824676,0.211420725249,-8.502623558044,-2.849165916443,-2.834535598755,-2.818922042847
87,0.001972789116,69,80.000000000000,0.700000000000,135.260363945719,0.001017257109,-16.700537282048,-2.524536147437,0.207314044054,-6.686568260193,-2.234372138977,-2.228974342346,-2.223221778870
88,0.001995464853,69,80.000000000000,0.700000000000,123.215328703976,0.000976450108,-17.631870076485,-2.490224114154,0.203113310894,-4.797641754150,-1.603107452393,-1.599253654480,-1.595280647278
89,0.002018140590,69,80.000000000000,0.700000000000,111.768934145451,0.000935512201,-18.476684393533,-2.457868809997,0.198809935580,-2.949058532715,-0.986862182617,-0.983039855957,-0.979156494141
90,0.002040816327,69,80.000000000000,0.700000000000,100.920023174957,0.000894469135,-19.239496360086,-2.423936344966,0.194399899570,-1.164322853088,-0.392314910889,-0.388127326965,-0.383880615234
91,0.002063492063,69,80.000000000000,0.700000000000,90.675010701479,0.000853362713,-19.924870590634,-2.388069457574,0.189880421873,0.541079521179,0.175601005554,0.180343627930,0.185134887695
92,0.002086167800,69,80.000000000000,0.700000000000,81.037050995787,0.000812221212,-20.537395541471,-2.351860594146,0.185246717147,2.159625053406,0.714486122131,0.719861030579,0.725277900696
93,0.002108843537,69,80.000000000000,0.700000000000,72.001333223982,0.000771044199,-21.081623305825,-2.317445743307,0.180489937180,3.690378189087,1.224098205566,1.230111122131,1.236168861389
94,0.002131519274,69,80.000000000000,0.700000000000,63.555591423192,0.000729800724,-21.562013263672,-2.286606071497,0.175596356967,5.112963676453,1.699478149414,1.704318046570,1.709167480469
95,0.002154195011,69,80.000000000000,0.700000000000,55.682985317093,0.000688433828,-21.982897506432,-2.260541226325,0.170547146668,7.367250442505,2.399473190308,2.454784393311,2.512992858887
96,0.002176870748,69,80.000000000000,0.700000000000,48.365215270944,0.000646867307,-22.348469806288,-2.239881435311,0.165318310314,-2.141542911530,-0.476050376892,-0.718451499939,-0.947041034698
97,0.002199546485,69,80.000000000000,0.700000000000,41.585213358925,0.000605014267,-22.662794926159,-2.224655242060,0.159880745436,29.421630859375,10.190759658813,9.806600570679,9.424270629883
98,0.002222222222,69,80.000000000000,0.700000000000,35.331765923131,0.000562823048,-22.929852869644,-2.211118510962,0.154205297506,39.424113273621,13.238085746765,13.145848274231,13.040179252625
99,0.002244897959,69,80.000000000000,0.700000000000,28.946588838550,0.000509531856,-23.148647947789,-3.145731612112,0.146723280049,41.564363479614,13.846411705017,13.856617927551,13.861333847046
100,0.002267573696,69,80.000000000000,0.700000000000,39.041181552116,0.000694106312,-23.443743802302,18.530827839525,0.171248333382,42.092970848083,13.997318267822,14.031462669373,14.064189910889
101,0.002290249433,69,80.000000000000,0.700000000000,40.436767095240,0.000000000000,-23.749388300377,-82.159877176776,0.000000000000,42.103340148926,13.992448806763,14.034577369690,14.076313972473
102,0.002312925170,69,80.000000000000,0.700000000000,0.000000000000,0.000000000000,-23.749388300377,-69.251562677818,0.000000000000,41.821017265320,13.894964218140,13.940373420715,13.985679626465
103,0.002335600907,69,80.000000000000,0.700000000000,0.000000000000,0.000000000000,-23.749388300377,-68.776220880943,0.000000000000,45.436822891235,15.097269058228,15.145614624023,15.193939208984
104,0.002358276644,69,80.000000000000,0.700000000000,0.000000000000,0.000000000000,-23.749388300377,-68.256941400962,0.000000000000,77.087646484375,25.639892578125,25.695919036865,25.751834869385
105,0.002380952381,69,80.000000000000,0.700000000000,0.000000000000,0.000000000000,-23.749388300377,-67.947226129966,0.000000000000,83.911264419556,27.909252166748,27.970434188843,28.031578063965
106,0.002403628118,69,80.000000000000,0.700000000000,0.000000000000,0.000000000000,-23.749388300377,-67.730730616050,0.000000000000,78.830123901367,26.221691131592,26.276615142822,26.331817626953
107,0.002426303855,69,80.000000000000,0.700000000000,0.000000000000,0.000000000000,-23.749388300377,-67.516901575523,0.000000000000,74.718252182007,24.860401153564,24.905958175659,24.951892852783
108,0.002448979592,69,80.000000000000,0.700000000000,0.000000000000,0.000000000000,-23.749388300377,-67.254774652916,0.000000000000,71.256839752197,23.711688995361,23.752191543579,23.792959213257
109,0.002471655329,69,80.000000000000,0.700000000000,0.000000000000,0.000000000000,-23.749388300377,-66.924376093345,0.000000000000,68.092388153076,22.659318923950,22.697401046753,22.735668182373
110,0.002494331066,69,80.000000000000,0.700000000000,0.000000000000,0.000000000000,-23.749388300377,-66.526568018394,0.000000000000,65.087465286255,21.659170150757,21.695770263672,21.732524871826
111,0.002517006803,69,80.000000000000,0.700000000000,0.000000000000,0.000000000000,-23.749388300377,-66.072561823326,0.000000000000,62.191104888916,20.694869995117,20.730323791504,20.765911102295
112,0.002539682540,69,80.000000000000,0.700000000000,0.000000000000,0.000000000000,-23.749388300377,-65.575846277671,0.000000000000,59.384103775024,19.760211944580,19.794658660889,19.829233169556
113,0.002562358277,69,80.000000000000,0.700000000000,0.000000000000,0.000000000000,-23.749388300377,-65.047712885337,0.000000000000,56.661512374878,18.853599548340,18.887128829956,18.920783996582
114,0.002585034014,69,80.000000000000,0.700000000000,0.000000000000,0.000000000000,-23.749388300377,-64.495920740562,0.000000000000,54.018341064453,17.973823547363,18.006082534790,18.038434982300
115,0.002607709751,69,80.000000000000,0.700000000000,0.000000000000,0.000000000000,-23.749388300377,-63.925272547203,0.000000000000,51.601276397705,17.161262512207,17.200239181519,17.239774703979
116,0.002630385488,69,80.000000000000,0.700000000000,0.000000000000,0.000000000000,-23.749388300377,-63.338553034263,0.000000000000,47.811281204224,15.941846847534,15.936126708984,15.933307647705
117,0.002653061224,69,80.000000000000,0.700000000000,0.000000000000,0.000000000000,-23.749388300377,-62.737379633384,0.000000000000,49.319662094116,16.512233734131,16.439069747925,16.368358612061
118,0.002675736961,69,80.000000000000,0.700000000000,0.000000000000,0.000000000000,-23.749388300377,-62.114779077964,0.000000000000,52.722419738770,17.617347717285,17.574819564819,17.530252456665
119,0.002698412698,69,80.000000000000,0.700000000000,0.000000000000,0.000000000000,-23.749388300377,-61.862391077476,0.000000000000,51.582431793213,17.175392150879,17.195144653320,17.211894989014
120,0.002721088435,69,80.000000000000,0.700000000000,0.000000000000,0.000000000000,-23.749388300377,-55.226317011314,0.000000000000,49.110813140869,16.330926895142,16.370628356934,16.409257888794
121,0.002743764172,69,80.000000000000,0.700000000000,0.000000000000,0.000000000000,-23.749388300377,-85.574263178306,0.000000000000,46.438488006592,15.435645103455,15.479568481445,15.523274421692
122,0.002766439909,69,80.000000000000,0.700000000000,0.000000000000,0.000000000000,-23.749388300377,-41.573387705284,0.000000000000,43.614945411682,14.493345260620,14.538272857666,14.583327293396
123,0.002789115646,69,80.000000000000,0.700000000000,0.000000000000,0.000000000000,-23.749388300377,-34.663624369102,0.000000000000,44.936277389526,14.858892440796,14.973774909973,15.103610038757
124,0.002811791383,69,80.000000000000,0.700000000000,0.000000000000,0.000000000000,-23.749388300377,-33.952874742942,0.000000000000,17.540832996368,6.881571292877,5.829935073853,4.829326629639
125,0.002834467120,69,80.000000000000,0.700000000000,0.000000000000,0.000000000000,-23.749388300377,-33.514196001487,0.000000000000,132.816555023193,45.519630432129,44.274330139160,43.022594451904
126,0.002857142857,69,80.000000000000,0.700000000000,0.000000000000,0.000000000000,-23.749388300377,-32.887204729515,0.000000000000,135.392791748047,45.211551666260,45.148365020752,45.032875061035
127,0.002879818594,69,80.000000000000,0.700000000000,0.000000000000,0.000000000000,-23.749388300377,-32.152233683067,0.000000000000,132.615211486816,44.122253417969,44.208663940430,44.284294128418
128,0.002902494331,69,80.000000000000,0.700000000000,0.000000000000,0.000000000000,-23.749388300377,-31.391752802330,0.000000000000,129.592056274414,43.103744506836,43.197700500488,43.290611267090
129,0.002925170068,69,80.000000000000,0.700000000000,0.000000000000,0.000000000000,-23.749388300377,-30.652502619224,0.000000000000,126.805362701416,42.179161071777,42.268367767334,42.357833862305
130,0.002947845805,69,80.000000000000,0.700000000000,0.000000000000,0.000000000000,-23.749388300377,-29.954351984459,0.000000000000,124.151630401611,41.298263549805,41.383781433105,41.469585418701
131,0.002970521542,69,80.000000000000,0.700000000000,0.000000000000,0.000000000000,-23.749388300377,-29.301610552269,0.000000000000,121.531482696533,40.427082061768,40.510417938232,40.593982696533
132,0.002993197279,69,80.000000000000,0.700000000000,0.000000000000,0.000000000000,-23.749388300377,-28.691391550499,0.000000000000,118.882785797119,39.545455932617,39.627536773682,39.709793090820
133,0.003015873016,69,80.000000000000,0.700000000000,0.000000000000,0.000000000000,-23.749388300377,-28.118653856712,0.000000000000,116.174751281738,38.643672943115,38.724864959717,38.806213378906
134,0.003038548753,69,80.000000000000,0.700000000000,0.000000000000,0.000000000000,-23.749388300377,-27.578663431602,0.000000000000,113.397781372070,37.719112396240,37.799209594727,37.879459381104
135,0.003061224490,69,80.000000000000,0.700000000000,0.000000000000,0.000000000000,-23.749388300377,-27.067872606712,0.000000000000,110.808338165283,36.839725494385,36.936195373535,37.032417297363
136,0.003083900227,69,80.000000000000,0.700000000000,0.000000000000,0.000000000000,-23.749388300377,-26.583803736168,0.000000000000,105.701278686523,35.000339508057,35.234855651855,35.466083526611
137,0.003106575964,69,80.000000000000,0.700000000000,0.000000000000,0.000000000000,-23.749388300377,-26.124761187034,0.000000000000,71.313671112061,23.517059326172,23.771282196045,24.025329589844
138,0.003129251701,69,80.000000000000,0.700000000000,0.000000000000,0.000000000000,-23.749388300377,-25.687731348472,0.000000000000,58.960998535156,19.562458038330,19.652126312256,19.746414184570
139,0.003151927438,69,80.000000000000,0.700000000000,0.000000000000,0.000000000000,-23.749388300377,-25.327464662986,0.000000000000,59.844987869263,19.919063568115,19.947751998901,19.978172302246
140,0.003174603175,69,80.000000000000,0.700000000000,0.000000000000,0.000000000000,-23.749388300377,-24.161928736168,0.000000000000,60.645582199097,20.179332733154,20.215293884277,20.250955581665
141,0.003197278912,69,80.000000000000,0.700000000000,0.000000000000,0.000000000000,-23.749388300377,-28.815077387291,0.000000000000,60.823051452637,20.231761932373,20.274429321289,20.316860198975
142,0.003219954649,69,80.000000000000,0.700000000000,0.000000000000,0.000000000000,-23.749388300377,-20.474392496544,0.000000000000,60.687305450439,20.185262680054,20.229118347168,20.272924423218
143,0.003242630385,69,80.000000000000,0.700000000000,0.000000000000,0.000000000000,-23.749388300377,-17.311384760337,0.000000000000,60.924669265747,20.222860336304,20.306369781494,20.395439147949
144,0.003265306122,69,80.000000000000,0.700000000000,0.000000000000,0.000000000000,-23.749388300377,-16.461559854942,0.000000000000,50.852705001831,17.410545349121,16.959606170654,16.482553482056
145,0.003287981859,69,80.000000000000,0.700000000000,0.000000000000,0.000000000000,-23.749388300377,-16.121528231102,0.000000000000,117.892440795898,38.006504058838,39.335296630859,40.550640106201
146,0.003310657596,69,80.000000000000,0.700000000000,0.000000000000,0.000000000000,-23.749388300377,-15.945544802147,0.000000000000,-17.774468898773,-8.156823158264,-5.924667835236,-3.692977905273
147,0.003333333333,69,80.000000000000,0.700000000000,0.000000000000,0.000000000000,-23.749388300377,-15.858212076622,0.000000000000,-43.105000495911,-14.818202972412,-14.404531478882,-13.882266044617
148,0.003356009070,69,80.000000000000,0.700000000000,0.000000000000,0.000000000000,-23.749388300377,-15.823926531273,0.000000000000,-44.506871223450,-14.849359512329,-14.846215248108,-14.811296463013
149,0.003378684807,69,80.000000000000,0.700000000000,0.000000000000,0.000000000000,-23.749388300377,-15.821434580284,0.000000000000,-43.540046691895,-14.475777626038,-14.514932632446,-14.549336433411
150,0.003401360544,69,80.000000000000,0.700000000000,0.000000000000,0.000000000000,-23.749388300377,-15.839484774070,0.000000000000,-42.793773651123,-14.229001998901,-14.264625549316,-14.300146102905
151,0.003424036281,69,80.000000000000,0.700000000000,0.000000000000,0.000000000000,-23.749388300377,-15.872418962913,0.000000000000,-42.301961898804,-14.068637847900,-14.100577354431,-14.132746696472
152,0.003446712018,69,80.000000000000,0.700000000000,0.000000000000,0.000000000000,-23.749388300377,-15.916734301048,0.000000000000,-41.900178909302,-13.935274124146,-13.966702461243,-13.998202323914
153,0.003469387755,69,80.000000000000,0.700000000000,0.000000000000,0.000000000000,-23.749388300377,-15.969503008323,0.000000000000,-41.476455688477,-13.792597770691,-13.825506210327,-13.858351707458
154,0.003492063492,69,80.000000000000,0.700000000000,0.000000000000,0.000000000000,-23.749388300377,-16.027929865318,0.000000000000,-40.986211776733,-13.626376152039,-13.662114143372,-13.697721481323
155,0.003514739229,69,80.000000000000,0.700000000000,0.000000000000,0.000000000000,-23.749388300377,-16.089347444969,0.000000000000,-40.047938346863,-13.331774711609,-13.350086212158,-13.366077423096
156,0.003537414966,69,80.000000000000,0.700000000000,0.000000000000,0.000000000000,-23.749388300377,-16.151062571006,0.000000000000,-44.633523941040,-14.624290466309,-14.865722656250,-15.143510818481
157,0.003560090703,69,80.000000000000,0.700000000000,0.000000000000,0.000000000000,-23.749388300377,-16.210129343467,0.000000000000,-13.468108177185,-5.834441184998,-4.455234527588,-3.178432464600
158,0.003582766440,69,80.000000000000,0.700000000000,0.000000000000,0.000000000000,-23.749388300377,-16.262507521110,0.000000000000,-126.948040008545,-44.175449371338,-42.320907592773,-40.451683044434
159,0.003605442177,69,80.000000000000,0.700000000000,0.000000000000,0.000000000000,-23.749388300377,-16.373605333763,0.000000000000,-138.410602569580,-46.379638671875,-46.170505523682,-45.860458374023
160,0.003628117914,69,80.000000000000,0.700000000000,0.000000000000,0.000000000000,-23.749388300377,-15.473515116172,0.000000000000,-137.987873077393,-45.928985595703,-46.004570007324,-46.054317474365
161,0.003650793651,69,80.000000000000,0.700000000000,0.000000000000,0.000000000000,-23.749388300377,-5.427496515709,0.000000000000,-136.489780426025,-45.396289825439,-45.497768402100,-45.595722198486
162,0.003673469388,69,80.000000000000,0.700000000000,0.000000000000,0.000000000000,-23.749388300377,-1.208941065269,0.000000000000,-135.070858001709,-44.925033569336,-45.023567199707,-45.122257232666
163,0.003696145125,69,80.000000000000,0.700000000000,0.000000000000,0.000000000000,-23.749388300377,-0.643976770836,0.000000000000,-133.639446258545,-44.458820343018,-44.546810150146,-44.633815765381
164,0.003718820862,69,80.000000000000,0.700000000000,0.000000000000,0.000000000000,-23.749388300377,-1.481999002891,0.000000000000,-133.705856323242,-44.371669769287,-44.566230773926,-44.767955780029
165,0.003741496599,69,80.000000000000,0.700000000000,0.000000000000,0.000000000000,-23.749388300377,-2.600378595787,0.000000000000,-120.038204193115,-40.217140197754,-40.003059387207,-39.818004608154
166,0.003764172336,69,80.000000000000,0.700000000000,0.000000000000,0.000000000000,-23.749388300377,-3.710680567222,0.000000000000,-147.205127716064,-49.545440673828,-49.066989898682,-48.592697143555
167,0.003786848073,69,80.000000000000,0.700000000000,0.000000000000,0.000000000000,-23.749388300377,-4.790100656944,0.000000000000,-156.034519195557,-52.105083465576,-52.020164489746,-51.909271240234
168,0.003809523810,69,80.000000000000,0.700000000000,0.000000000000,0.000000000000,-23.749388300377,-5.841753565269,0.000000000000,-155.970726013184,-51.912033081055,-51.994316101074,-52.064376831055
169,0.003832199546,69,80.000000000000,0.700000000000,0.000000000000,0.000000000000,-23.749388300377,-6.864452921348,0.000000000000,-153.758983612061,-51.129703521729,-51.254135131836,-51.375144958496
170,0.003854875283,69,80.000000000000,0.700000000000,0.000000000000,0.000000000000,-23.749388300377,-7.855523668724,0.000000000000,-150.899307250977,-50.163337707520,-50.300056457520,-50.435913085938
171,0.003877551020,69,80.000000000000,0.700000000000,0.000000000000,0.000000000000,-23.749388300377,-8.812909685569,0.000000000000,-147.738086700439,-49.105094909668,-49.246063232422,-49.386928558350
172,0.003900226757,69,80.000000000000,0.700000000000,0.000000000000,0.000000000000,-23.749388300377,-9.735577188926,0.000000000000,-144.427322387695,-48.000808715820,-48.142372131348,-48.284141540527
173,0.003922902494,69,80.000000000000,0.700000000000,0.000000000000,0.000000000000,-23.749388300377,-10.623477541404,0.000000000000,-141.053043365479,-46.877311706543,-47.017562866211,-47.158168792725
174,0.003945578231,69,80.000000000000,0.700000000000,0.000000000000,0.000000000000,-23.749388300377,-11.477433763939,0.000000000000,-137.658931732178,-45.748058319092,-45.886161804199,-46.024711608887
175,0.003968253968,69,80.000000000000,0.700000000000,0.000000000000,0.000000000000,-23.749388300377,-12.299137674766,0.000000000000,-134.226554870605,-44.611473083496,-44.742485046387,-44.872596740723
176,0.003990929705,69,80.000000000000,0.700000000000,0.000000000000,0.000000000000,-23.749388300377,-13.091094576316,0.000000000000,-131.873191833496,-43.720771789551,-43.951400756836,-44.201019287109
177,0.004013605442,69,80.000000000000,0.700000000000,0.000000000000,0.000000000000,-23.749388300377,-13.856690966087,0.000000000000,-115.339958190918,-39.114692687988,-38.460151672363,-37.765113830566
178,0.004036281179,69,80.000000000000,0.700000000000,0.000000000000,0.000000000000,-23.749388300377,-14.598226152855,0.000000000000,-185.012710571289,-60.185504913330,-61.737236022949,-63.089969635010
179,0.004058956916,69,80.000000000000,0.700000000000,0.000000000000,0.000000000000,-23.749388300377,-15.425671183067,0.000000000000,-54.032298088074,-14.957673072815,-18.015354156494,-21.059270858765
180,0.004081632653,69,80.000000000000,0.700000000000,0.000000000000,0.000000000000,-23.749388300377,-14.526725374656,0.000000000000,-18.140230178833,-5.198431968689,-5.987636566162,-6.954161643982
181,0.004104308390,69,80.000000000000,0.700000000000,0.000000000000,0.000000000000,-23.749388300377,-24.224177919822,0.000000000000,-11.926640510559,-3.831835746765,-3.954419136047,-4.140385627747
182,0.004126984127,69,80.000000000000,0.700000000000,0.034532115117,0.000038219411,-23.749649314096,3.370952046913,0.040184202284,-10.026526451111,-3.309355735779,-3.338230133057,-3.378940582275
183,0.004149659864,69,80.000000000000,0.700000000000,0.441818684918,0.000093855465,-23.752988835524,1.551699989216,0.062971369574,-8.264875411987,-2.729056358337,-2.754684448242,-2.781134605408
184,0.004172335601,69,80.000000000000,0.700000000000,0.976774784365,0.000129968444,-23.760371864884,1.681359959022,0.074102407175,-6.562215805054,-2.143486976624,-2.187108993530,-2.231619834900
185,0.004195011338,69,80.000000000000,0.700000000000,1.829092216340,0.000168720524,-23.774197202876,1.818962386205,0.084430102073,-3.129796981812,-1.054351806641,-1.041241645813,-1.034203529358
186,0.004217687075,69,80.000000000000,0.700000000000,3.039634556427,0.000207665675,-23.797172520763,1.744472991169,0.093668963764,-4.732634544373,-1.693878173828,-1.575842857361,-1.462913513184
187,0.004240362812,69,80.000000000000,0.700000000000,4.477647302305,0.000242901373,-23.831017171574,1.530362765029,0.101304407667,-8.827246665955,-3.032419204712,-2.943682670593,-2.851144790649
188,0.004263038549,69,80.000000000000,0.700000000000,5.949172929271,0.000272152358,-23.875984465068,1.236513824792,0.107230765674,-8.727105140686,-2.914270401001,-2.911011695862,-2.901823043823
189,0.004285714286,69,80.000000000000,0.700000000000,7.262817202420,0.000294395712,-23.930881042562,0.909223912629,0.111526762856,-7.113093376160,-2.345425605774,-2.371809959412,-2.395857810974
190,0.004308390023,69,80.000000000000,0.700000000000,8.277641148531,0.000309524662,-23.993448247011,0.585475891358,0.114356534480,-5.250266075134,-1.718612670898,-1.750271797180,-1.781381607056
191,0.004331065760,69,80.000000000000,0.700000000000,8.924655745998,0.000318055699,-24.060905962400,0.290388596080,0.115921754949,-3.395321846008,-1.100409507751,-1.131789207458,-1.163123130798
192,0.004353741497,69,80.000000000000,0.700000000000,9.200443087839,0.000320834353,-24.130448238196,0.036108966034,0.116427021899,-1.596751213074,-0.502411842346,-0.532225608826,-0.562113761902
193,0.004376417234,69,80.000000000000,0.700000000000,9.144867956067,0.000318787299,-24.199570444969,-0.175854739389,0.116055001501,0.125976562500,0.069770812988,0.042031288147,0.014174461365
194,0.004399092971,69,80.000000000000,0.700000000000,8.817265788339,0.000312758076,-24.266216444881,-0.350643820082,0.114952288795,1.763278007507,0.613271713257,0.587808609009,0.562197685242
195,0.004421768707,69,80.000000000000,0.700000000000,8.279341598757,0.000303425968,-24.328796502317,-0.496319037661,0.113224322320,3.318223953247,1.128394126892,1.106017112732,1.083812713623
196,0.004444444444,69,80.000000000000,0.700000000000,7.586339560715,0.000291285843,-24.386138449110,-0.621272883445,0.110936138603,4.631966590881,1.583608627319,1.545417785645,1.502940177917
197,0.004467120181,69,80.000000000000,0.700000000000,6.784470201656,0.000276661892,-24.437419403015,-0.732961210385,0.108115516719,8.101194381714,2.558806419373,2.696820259094,2.845567703247
198,0.004489795918,69,80.000000000000,0.700000000000,5.911830368892,0.000259735266,-24.482104439817,-0.837406375022,0.104755978235,-4.035192012787,-1.000916004181,-1.361611366272,-1.672664642334
199,0.004512471655,69,80.000000000000,0.700000000000,4.997190742514,0.000240413641,-24.519876100758,-0.953360626117,0.100784306077,24.203403472900,8.831734657288,8.064567565918,7.307101249695
200,0.004535147392,69,80.000000000000,0.700000000000,4.155616628881,0.000223148155,-24.551286657288,-0.663342164149,0.097097937980,37.400690078735,12.773140907288,12.480828285217,12.146720886230
201,0.004557823129,69,80.000000000000,0.700000000000,2.616591102120,0.000146325249,-24.571064367810,-6.167443808018,0.078627233101,40.994331359863,13.722143173218,13.672395706177,13.599792480469
202,0.004580498866,69,80.000000000000,0.700000000000,7.029866224329,0.000380759800,-24.624200166936,26.362226325339,0.126834938182,41.910920143127,13.953227996826,13.972789764404,13.984902381897
203,0.004603174603,69,80.000000000000,0.700000000000,23.022479884494,0.000000000000,-24.798217399623,-65.950521774165,0.000000000000,42.062961578369,13.978513717651,14.021640777588,14.062807083130
204,0.004625850340,69,80.000000000000,0.700000000000,0.000000000000,0.000000000000,-24.798217399623,-69.056460960414,0.000000000000,41.515446662903,13.806374549866,13.837255477905,13.871816635132
205,0.004648526077,69,80.000000000000,0.700000000000,0.000000000000,0.000000000000,-24.798217399623,-69.644004447963,0.000000000000,41.686769485474,14.133316040039,13.891768455505,13.661684989929
206,0.004671201814,69,80.000000000000,0.700000000000,0.000000000000,0.000000000000,-24.798217399623,-69.096973045375,0.000000000000,72.026134490967,24.329793930054,24.008968353271,23.687372207642
207,0.004693877551,69,80.000000000000,0.700000000000,0.000000000000,0.000000000000,-24.798217399623,-68.657558067348,0.000000000000,83.189622879028,27.750171661377,27.734550476074,27.704900741577
208,0.004716553288,69,80.000000000000,0.700000000000,0.000000000000,0.000000000000,-24.798217399623,-68.321200950648,0.000000000000,80.091770172119,26.576169967651,26.699193954468,26.816406250000
209,0.004739229025,69,80.000000000000,0.700000000000,0.000000000000,0.000000000000,-24.798217399623,-68.011981590297,0.000000000000,76.222846984863,25.286857604980,25.407413482666,25.528575897217
210,0.004761904762,69,80.000000000000,0.700000000000,0.000000000000,0.000000000000,-24.798217399623,-67.683410270717,0.000000000000,72.968616485596,24.215724945068,24.322475433350,24.430416107178
211,0.004784580499,69,80.000000000000,0.700000000000,0.000000000000,0.000000000000,-24.798217399623,-67.315963371303,0.000000000000,70.070981979370,23.257925033569,23.356731414795,23.456325531006
212,0.004807256236,69,80.000000000000,0.700000000000,0.000000000000,0.000000000000,-24.798217399623,-66.907912834193,0.000000000000,67.325103759766,22.347309112549,22.441524505615,22.536270141602
213,0.004829931973,69,80.000000000000,0.700000000000,0.000000000000,0.000000000000,-24.798217399623,-66.466304405238,0.000000000000,64.632291793823,21.453001022339,21.543956756592,21.635334014893
214,0.004852607710,69,80.000000000000,0.700000000000,0.000000000000,0.000000000000,-24.798217399623,-66.000159843471,0.000000000000,61.951126098633,20.562051773071,20.650253295898,20.738821029663
215,0.004875283447,69,80.000000000000,0.700000000000,0.000000000000,0.000000000000,-24.798217399623,-65.516685112025,0.000000000000,59.273996353149,19.672088623047,19.757862091064,19.844045639038
216,0.004897959184,69,80.000000000000,0.700000000000,0.000000000000,0.000000000000,-24.798217399623,-65.020118339564,0.000000000000,56.583419799805,18.780702590942,18.861227035522,18.941490173340
217,0.004920634921,69,80.000000000000,0.700000000000,0.000000000000,0.000000000000,-24.798217399623,-64.512260063197,0.000000000000,54.223022460938,17.972488403320,18.073751449585,18.176782608032
218,0.004943310658,69,80.000000000000,0.700000000000,0.000000000000,0.000000000000,-24.798217399623,-63.993346794154,0.000000000000,49.974187850952,16.619571685791,16.654571533203,16.700044631958
219,0.004965986395,69,80.000000000000,0.700000000000,0.000000000000,0.000000000000,-24.798217399623,-63.464545829799,0.000000000000,50.417675018311,16.907619476318,16.802940368652,16.707115173340
220,0.004988662132,69,80.000000000000,0.700000000000,0.000000000000,0.000000000000,-24.798217399623,-62.866500480678,0.000000000000,53.769575119019,18.002338409424,17.925209045410,17.842027664185
221,0.005011337868,69,80.000000000000,0.700000000000,0.000000000000,0.000000000000,-24.798217399623,-63.259986503627,0.000000000000,53.158937454224,17.686809539795,17.723068237305,17.749059677124
222,0.005034013605,69,80.000000000000,0.700000000000,0.000000000000,0.000000000000,-24.798217399623,-53.974910362269,0.000000000000,50.744096755981,16.833337783813,16.916229248047,16.994529724121
223,0.005056689342,69,80.000000000000,0.700000000000,0.000000000000,0.000000000000,-24.798217399623,-86.747398002650,0.000000000000,47.966266632080,15.892002105713,15.988977432251,16.085287094116
224,0.005079365079,69,80.000000000000,0.700000000000,0.000000000000,0.000000000000,-24.798217399623,-47.563583000209,0.000000000000,44.319023132324,14.728029251099,14.776098251343,14.814895629883
225,0.005102040816,69,80.000000000000,0.700000000000,0.000000000000,0.000000000000,-24.798217399623,-36.779683692958,0.000000000000,49.450380325317,16.004791259766,16.463115692139,16.982473373413
226,0.005124716553,69,80.000000000000,0.700000000000,0.000000000000,0.000000000000,-24.798217399623,-35.159762008693,0.000000000000,9.572561264038,4.705906867981,3.132615089417,1.734039306641
227,0.005147392290,69,80.000000000000,0.700000000000,0.000000000000,0.000000000000,-24.798217399623,-34.649933441188,0.000000000000,116.948112487793,41.413837432861,38.988075256348,36.546199798584
228,0.005170068027,69,80.000000000000,0.700000000000,0.000000000000,0.000000000000,-24.798217399623,-34.047028167750,0.000000000000,133.469051361084,44.915546417236,44.543899536133,44.009605407715
229,0.005192743764,69,80.000000000000,0.700000000000,0.000000000000,0.000000000000,-24.798217399623,-33.327723129298,0.000000000000,132.538368225098,44.102539062500,44.196212768555,44.239616394043
230,0.005215419501,69,80.000000000000,0.700000000000,0.000000000000,0.000000000000,-24.798217399623,-32.570408447291,0.000000000000,129.449871063232,43.004219055176,43.152725219727,43.292926788330
231,0.005238095238,69,80.000000000000,0.700000000000,0.000000000000,0.000000000000,-24.798217399623,-31.827215774562,0.000000000000,126.327095031738,41.963420867920,42.109085083008,42.254589080811
232,0.005260770975,69,80.000000000000,0.700000000000,0.000000000000,0.000000000000,-24.798217399623,-31.122252090480,0.000000000000,123.328125000000,40.969108581543,41.109146118164,41.249870300293
233,0.005283446712,69,80.000000000000,0.700000000000,0.000000000000,0.000000000000,-24.798217399623,-30.462220771815,0.000000000000,120.412158966064,40.000377655029,40.137210845947,40.274570465088
234,0.005306122449,69,80.000000000000,0.700000000000,0.000000000000,0.000000000000,-24.798217399623,-29.845295532252,0.000000000000,117.543445587158,39.045612335205,39.181037902832,39.316795349121
235,0.005328798186,69,80.000000000000,0.700000000000,0.000000000000,0.000000000000,-24.798217399623,-29.266704185512,0.000000000000,114.702507019043,38.099044799805,38.234058380127,38.369403839111
236,0.005351473923,69,80.000000000000,0.700000000000,0.000000000000,0.000000000000,-24.798217399623,-28.721613510158,0.000000000000,111.842464447021,37.150657653809,37.280914306641,37.410892486572
237,0.005374149660,69,80.000000000000,0.700000000000,0.000000000000,0.000000000000,-24.798217399623,-28.206275566127,0.000000000000,109.400245666504,36.329185485840,36.470458984375,36.600601196289
238,0.005396825397,69,80.000000000000,0.700000000000,0.000000000000,0.000000000000,-24.798217399623,-27.718032463099,0.000000000000,107.741859436035,35.376781463623,35.922344207764,36.442733764648
239,0.005419501134,69,80.000000000000,0.700000000000,0.000000000000,0.000000000000,-24.798217399623,-27.255298240687,0.000000000000,75.245328903198,24.369483947754,25.081052780151,25.794792175293
240,0.005442176871,69,80.000000000000,0.700000000000,0.000000000000,0.000000000000,-24.798217399623,-26.809192283656,0.000000000000,58.983928680420,19.371772766113,19.651420593262,19.960735321045
241,0.005464852608,69,80.000000000000,0.700000000000,0.000000000000,0.000000000000,-24.798217399623,-26.513223274257,0.000000000000,57.833480834961,19.227912902832,19.272884368896,19.332683563232
242,0.005487528345,69,80.000000000000,0.700000000000,0.000000000000,0.000000000000,-24.798217399623,-24.960799797084,0.000000000000,58.455574035645,19.457221984863,19.484771728516,19.513580322266
243,0.005510204082,69,80.000000000000,0.700000000000,0.000000000000,0.000000000000,-24.798217399623,-30.015840633418,0.000000000000,58.625020980835,19.500612258911,19.541921615601,19.582487106323
244,0.005532879819,69,80.000000000000,0.700000000000,0.000000000000,0.000000000000,-24.798217399623,-22.621523483302,0.000000000000,58.319286346436,19.406368255615,19.441555023193,19.471363067627
245,0.005555555556,69,80.000000000000,0.700000000000,0.000000000000,0.000000000000,-24.798217399623,-18.827632530238,0.000000000000,59.919574737549,19.725250244141,19.960224151611,20.234100341797
246,0.005578231293,69,80.000000000000,0.700000000000,0.000000000000,0.000000000000,-24.798217399623,-17.663835151698,0.000000000000,41.488680839539,14.876943588257,13.845940589905,12.765796661377
247,0.005600907029,69,80.000000000000,0.700000000000,0.000000000000,0.000000000000,-24.798217399623,-17.239619834926,0.000000000000,120.262924194336,38.685981750488,40.190643310547,41.386299133301
248,0.005623582766,69,80.000000000000,0.700000000000,0.000000000000,0.000000000000,-24.798217399623,-17.035126312282,0.000000000000,0.356969118118,-3.573035478592,0.134661674500,3.795342922211
249,0.005646258503,69,80.000000000000,0.700000000000,0.000000000000,0.000000000000,-24.798217399623,-16.933070762660,0.000000000000,-39.809294700623,-14.443457603455,-13.355388641357,-12.010448455811
250,0.005668934240,69,80.000000000000,0.700000000000,0.000000000000,0.000000000000,-24.798217399623,-16.890089614894,0.000000000000,-45.828995704651,-15.438147544861,-15.312721252441,-15.078126907349
251,0.005691609977,69,80.000000000000,0.700000000000,0.000000000000,0.000000000000,-24.798217399623,-16.882252319362,0.000000000000,-45.463015556335,-15.121631622314,-15.162281036377,-15.179102897644
252,0.005714285714,69,80.000000000000,0.700000000000,0.000000000000,0.000000000000,-24.798217399623,-16.896713836696,0.000000000000,-44.579669952393,-14.811385154724,-14.860769271851,-14.907515525818
253,0.005736961451,69,80.000000000000,0.700000000000,0.000000000000,0.000000000000,-24.798217399623,-16.926990135219,0.000000000000,-43.873166084290,-14.581008911133,-14.624277114868,-14.667880058289
254,0.005759637188,69,80.000000000000,0.700000000000,0.000000000000,0.000000000000,-24.798217399623,-16.969270332362,0.000000000000,-43.267416000366,-14.381111145020,-14.422424316406,-14.463880538940
255,0.005782312925,69,80.000000000000,0.700000000000,0.000000000000,0.000000000000,-24.798217399623,-17.020539863612,0.000000000000,-42.648709297180,-14.173553466797,-14.216359138489,-14.258796691895
256,0.005804988662,69,80.000000000000,0.700000000000,0.000000000000,0.000000000000,-24.798217399623,-17.077974899318,0.000000000000,-42.052728652954,-13.962418556213,-14.016953468323,-14.073356628418
257,0.005827664399,69,80.000000000000,0.700000000000,0.000000000000,0.000000000000,-24.798217399623,-17.138906581904,0.000000000000,-40.094865798950,-13.413898468018,-13.372142791748,-13.308824539185
258,0.005850340136,69,80.000000000000,0.700000000000,0.000000000000,0.000000000000,-24.798217399623,-17.200661762263,0.000000000000,-49.087805747986,-15.734139442444,-16.334663391113,-17.019002914429
259,0.005873015873,69,80.000000000000,0.700000000000,0.000000000000,0.000000000000,-24.798217399623,-17.260524852778,0.000000000000,-6.328792572021,-3.794161796570,-2.020652770996,-0.513978004456
260,0.005895691610,69,80.000000000000,0.700000000000,0.000000000000,0.000000000000,-24.798217399623,-17.307347400691,0.000000000000,-110.496879577637,-39.918487548828,-36.834197998047,-33.744194030762
261,0.005918367347,69,80.000000000000,0.700000000000,0.000000000000,0.000000000000,-24.798217399623,-17.476040466334,0.000000000000,-135.057624816895,-45.774494171143,-45.098041534424,-44.185089111328
262,0.005941043084,69,80.000000000000,0.700000000000,0.000000000000,0.000000000000,-24.798217399623,-17.402836902644,0.000000000000,-137.340068817139,-45.791004180908,-45.809097290039,-45.739967346191
263,0.005963718821,69,80.000000000000,0.700000000000,0.000000000000,0.000000000000,-24.798217399623,-7.871062858607,0.000000000000,-135.989540100098,-45.210712432861,-45.335758209229,-45.443069458008
264,0.005986394558,69,80.000000000000,0.700000000000,0.000000000000,0.000000000000,-24.798217399623,-2.789409263637,0.000000000000,-134.296627044678,-44.632556915283,-44.765800476074,-44.898269653320
265,0.006009070295,69,80.000000000000,0.700000000000,0.000000000000,0.000000000000,-24.798217399623,-1.632590873744,0.000000000000,-132.345470428467,-44.021316528320,-44.117851257324,-44.206302642822
266,0.006031746032,69,80.000000000000,0.700000000000,0.000000000000,0.000000000000,-24.798217399623,-2.183955772426,0.000000000000,-133.441150665283,-44.132472991943,-44.475761413574,-44.832916259766
267,0.006054421769,69,80.000000000000,0.700000000000,0.000000000000,0.000000000000,-24.798217399623,-3.154918296840,0.000000000000,-117.213829040527,-39.273406982422,-39.045898437500,-38.894523620605
268,0.006077097506,69,80.000000000000,0.700000000000,0.000000000000,0.000000000000,-24.798217399623,-4.155179603602,0.000000000000,-140.617023468018,-47.659980773926,-46.865421295166,-46.091621398926
269,0.006099773243,69,80.000000000000,0.700000000000,0.000000000000,0.000000000000,-24.798217399623,-5.139781578090,0.000000000000,-152.222846984863,-51.024124145508,-50.760643005371,-50.438079833984
270,0.006122448980,69,80.000000000000,0.700000000000,0.000000000000,0.000000000000,-24.798217399623,-6.117984397914,0.000000000000,-153.768115997314,-51.210144042969,-51.268291473389,-51.289680480957
271,0.006145124717,69,80.000000000000,0.700000000000,0.000000000000,0.000000000000,-24.798217399623,-7.094428642299,0.000000000000,-152.106056213379,-50.548156738281,-50.706287384033,-50.851612091064
272,0.006167800454,69,80.000000000000,0.700000000000,0.000000000000,0.000000000000,-24.798217399623,-8.067206962611,0.000000000000,-149.516441345215,-49.652259826660,-49.840095520020,-50.024085998535
273,0.006190476190,69,80.000000000000,0.700000000000,0.000000000000,0.000000000000,-24.798217399623,-9.031436546351,0.000000000000,-146.573402404785,-48.659706115723,-48.858154296875,-49.055541992188
274,0.006213151927,69,80.000000000000,0.700000000000,0.000000000000,0.000000000000,-24.798217399623,-9.981613739039,0.000000000000,-143.471473693848,-47.622032165527,-47.823829650879,-48.025611877441
275,0.006235827664,69,80.000000000000,0.700000000000,0.000000000000,0.000000000000,-24.798217399623,-10.912952049281,0.000000000000,-140.304943084717,-46.566627502441,-46.768165588379,-46.970149993896
276,0.006258503401,69,80.000000000000,0.700000000000,0.000000000000,0.000000000000,-24.798217399623,-11.821983917262,0.000000000000,-137.130439758301,-45.508449554443,-45.709632873535,-45.912357330322
277,0.006281179138,69,80.000000000000,0.700000000000,0.000000000000,0.000000000000,-24.798217399623,-12.706769569423,0.000000000000,-133.718418121338,-44.407257080078,-44.576492309570,-44.734668731689
278,0.006303854875,69,80.000000000000,0.700000000000,0.000000000000,0.000000000000,-24.798217399623,-13.566777809169,0.000000000000,-133.428119659424,-43.965847015381,-44.453758239746,-45.008514404297
279,0.006326530612,69,80.000000000000,0.700000000000,0.000000000000,0.000000000000,-24.798217399623,-14.403648002650,0.000000000000,-108.328117370605,-37.309349060059,-36.124458312988,-34.894309997559
280,0.006349206349,69,80.000000000000,0.700000000000,0.000000000000,0.000000000000,-24.798217399623,-15.197527511622,0.000000000000,-188.302062988281,-61.342941284180,-62.913803100586,-64.045318603516
281,0.006371882086,69,80.000000000000,0.700000000000,0.000000000000,0.000000000000,-24.798217399623,-16.294530494716,0.000000000000,-74.444696426392,-20.316379547119,-24.850063323975,-29.278253555298
282,0.006394557823,69,80.000000000000,0.700000000000,0.000000000000,0.000000000000,-24.798217399623,-14.358039482142,0.000000000000,-25.245211601257,-6.639032363892,-8.300457000732,-10.305722236633
283,0.006417233560,69,80.000000000000,0.700000000000,0.000000000000,0.000000000000,-24.798217399623,-26.375292404201,0.000000000000,-13.555294990540,-4.096976280212,-4.461105346680,-4.997213363647
284,0.006439909297,69,80.000000000000,0.700000000000,0.000000000000,0.000000000000,-24.798217399623,-0.484004600551,0.000000000000,-10.576520919800,-3.417995452881,-3.510788917542,-3.647736549377
285,0.006462585034,69,80.000000000000,0.700000000000,0.000237470216,0.000004385479,-24.798219194560,0.386799232457,0.013611997664,-8.686720848083,-2.834239006042,-2.893681526184,-2.958800315857
286,0.006485260771,69,80.000000000000,0.700000000000,0.004747451969,0.000014263454,-24.798255078551,0.484545159656,0.024548542674,-7.160861968994,-2.291958808899,-2.386304855347,-2.482598304749
287,0.006507936508,69,80.000000000000,0.700000000000,0.022859475858,0.000026826916,-24.798427863705,0.624646022890,0.033666558788,-3.468634605408,-1.124566078186,-1.151074409485,-1.192994117737
288,0.006530612245,69,80.000000000000,0.700000000000,0.066514764197,0.000040901734,-24.798930620804,0.620295895109,0.041570401234,-4.140378952026,-1.527338027954,-1.375223159790,-1.237817764282
289,0.006553287982,69,80.000000000000,0.700000000000,0.133779016434,0.000053809783,-24.799941800066,0.524791299992,0.047680848491,-8.244316101074,-2.890302658081,-2.750490188599,-2.603523254395
290,0.006575963719,69,80.000000000000,0.700000000000,0.209658912145,0.000064110338,-24.801526523514,0.392225824948,0.052044805556,-8.828141212463,-2.955508232117,-2.947644233704,-2.924988746643
291,0.006598639456,69,80.000000000000,0.700000000000,0.277008241477,0.000071328297,-24.803620312188,0.252913472412,0.054896452845,-7.498148918152,-2.449740409851,-2.501761436462,-2.546647071838
292,0.006621315193,69,80.000000000000,0.700000000000,0.323729820693,0.000075505156,-24.806067249608,0.122365422398,0.056480906725,-5.695566177368,-1.833203315735,-1.899171829224,-1.963191032410
293,0.006643990930,69,80.000000000000,0.700000000000,0.344675508198,0.000076922385,-24.808672506661,0.006940578265,0.057008514992,-3.842498779297,-1.214185714722,-1.280893325806,-1.347419738770
294,0.006666666667,69,80.000000000000,0.700000000000,0.340325432731,0.000075930341,-24.811244883326,-0.092955096816,0.056639711338,-2.032220840454,-0.613030433655,-0.677307128906,-0.741883277893
295,0.006689342404,69,80.000000000000,0.700000000000,0.314452571752,0.000072844054,-24.813621697927,-0.180378271859,0.055476673477,-0.292973518372,-0.036715507507,-0.097509384155,-0.158748626709
296,0.006712018141,69,80.000000000000,0.700000000000,0.272189631506,0.000067887660,-24.815679064757,-0.260057281181,0.053556079468,1.361749649048,0.511239051819,0.454141616821,0.396368980408
297,0.006734693878,69,80.000000000000,0.700000000000,0.218975451775,0.000061171316,-24.817334208005,-0.337234045935,0.050837861005,2.958758354187,1.034238815308,0.985652923584,0.938866615295
298,0.006757369615,69,80.000000000000,0.700000000000,0.160313071987,0.000052687895,-24.818545947022,-0.416983539898,0.047181177878,4.029162406921,1.447520256042,1.347974777222,1.233667373657
299,0.006780045351,69,80.000000000000,0.700000000000,0.102064664018,0.000042318546,-24.819317410847,-0.504039043973,0.042284259275,8.928746223450,2.740787506104,2.971830368042,3.216128349304
300,0.006802721088,69,80.000000000000,0.700000000000,0.051011061995,0.000029881317,-24.819702981988,-0.599131951823,0.035531474131,-5.213956356049,-1.388318061829,-1.773467063904,-2.052171230316
301,0.006825396825,69,80.000000000000,0.700000000000,0.014457307532,0.000014233936,-24.819812258689,-0.786043551013,0.024523128034,19.164129257202,7.498823165894,6.375456809998,5.289849281311
302,0.006848072562,69,80.000000000000,0.700000000000,0.000930838183,0.000006340061,-24.819819294503,0.086582896869,0.016366660922,34.830477714539,12.194345474243,11.636037826538,11.000094413757
303,0.006870748299,69,80.000000000000,0.700000000000,0.000771707614,0.000000000000,-24.819825127516,-8.692202825616,0.000000000000,40.142150878906,13.549907684326,13.399190902710,13.193052291870
304,0.006893424036,69,80.000000000000,0.700000000000,4.892448491427,0.000329331411,-24.856805085879,29.047030493822,0.117958688258,41.635692596436,13.895509719849,13.885831832886,13.854351043701
305,0.006916099773,69,80.000000000000,0.700000000000,22.043099285509,0.000000000000,-25.023419592950,-56.229622479963,0.000000000000,42.012220382690,13.965076446533,14.006542205811,14.040601730347
306,0.006938775510,69,80.000000000000,0.700000000000,0.000000000000,0.000000000000,-25.023419592950,-67.189172003839,0.000000000000,41.603567123413,13.793043136597,13.862010955811,13.948513031006
307,0.006961451247,69,80.000000000000,0.700000000000,0.000000000000,0.000000000000,-25.023419592950,-69.647961829278,0.000000000000,38.571642875671,13.290121078491,12.842368125916,12.439153671265
308,0.006984126984,69,80.000000000000,0.700000000000,0.000000000000,0.000000000000,-25.023419592950,-69.326276038263,0.000000000000,66.653434753418,22.943399429321,22.218051910400,21.491983413696
309,0.007006802721,69,80.000000000000,0.700000000000,0.000000000000,0.000000000000,-25.023419592950,-68.877976630304,0.000000000000,81.461668014526,27.361030578613,27.170101165771,26.930536270142
310,0.007029478458,69,80.000000000000,0.700000000000,0.000000000000,0.000000000000,-25.023419592950,-68.523587439630,0.000000000000,80.596202850342,26.729038238525,26.874376296997,26.992788314819
311,0.007052154195,69,80.000000000000,0.700000000000,0.000000000000,0.000000000000,-25.023419592950,-68.207642767999,0.000000000000,76.983707427979,25.475620269775,25.662292480469,25.845794677734
312,0.007074829932,69,80.000000000000,0.700000000000,0.000000000000,0.000000000000,-25.023419592950,-67.880765174005,0.000000000000,73.656827926636,24.382217407227,24.551532745361,24.723077774048
313,0.007097505669,69,80.000000000000,0.700000000000,0.000000000000,0.000000000000,-25.023419592950,-67.519520972345,0.000000000000,70.711446762085,23.414552688599,23.569828033447,23.727066040039
314,0.007120181406,69,80.000000000000,0.700000000000,0.000000000000,0.000000000000,-25.023419592950,-67.119427893732,0.000000000000,67.953994750977,22.503244400024,22.650909423828,22.799840927124
315,0.007142857143,69,80.000000000000,0.700000000000,0.000000000000,0.000000000000,-25.023419592950,-66.686036322687,0.000000000000,65.265174865723,21.611457824707,21.754756927490,21.898960113525
316,0.007165532880,69,80.000000000000,0.700000000000,0.000000000000,0.000000000000,-25.023419592950,-66.227833960626,0.000000000000,62.590063095093,20.722921371460,20.863115310669,21.004026412964
317,0.007188208617,69,80.000000000000,0.700000000000,0.000000000000,0.000000000000,-25.023419592950,-65.752019141290,0.000000000000,59.918067932129,19.834180831909,19.972343444824,20.111543655396
318,0.007210884354,69,80.000000000000,0.700000000000,0.000000000000,0.000000000000,-25.023419592950,-65.262932990167,0.000000000000,57.187427520752,18.935121536255,19.062877655029,19.189428329468
319,0.007233560091,69,80.000000000000,0.700000000000,0.000000000000,0.000000000000,-25.023419592950,-64.762341712091,0.000000000000,54.984851837158,18.161304473877,18.327714920044,18.495832443237
320,0.007256235828,69,80.000000000000,0.700000000000,0.000000000000,0.000000000000,-25.023419592950,-64.250020239923,0.000000000000,50.522951126099,16.737342834473,16.833909988403,16.951698303223
321,0.007278911565,69,80.000000000000,0.700000000000,0.000000000000,0.000000000000,-25.023419592950,-63.733006690118,0.000000000000,50.031044006348,16.786104202271,16.669809341431,16.575130462646
322,0.007301587302,69,80.000000000000,0.700000000000,0.000000000000,0.000000000000,-25.023419592950,-63.051732276056,0.000000000000,53.300970077515,17.886856079102,17.769893646240,17.644220352173
323,0.007324263039,69,80.000000000000,0.700000000000,0.000000000000,0.000000000000,-25.023419592950,-64.175225470636,0.000000000000,53.355155944824,17.752328872681,17.792154312134,17.810672760010
324,0.007346938776,69,80.000000000000,0.700000000000,0.000000000000,0.000000000000,-25.023419592950,-52.164199088190,0.000000000000,51.263082504272,16.970491409302,17.091714859009,17.200876235962
325,0.007369614512,69,80.000000000000,0.700000000000,0.000000000000,0.000000000000,-25.023419592950,-86.486771796319,0.000000000000,48.682270050049,16.064582824707,16.226730346680,16.390956878662
326,0.007392290249,69,80.000000000000,0.700000000000,0.000000000000,0.000000000000,-25.023419592950,-52.497182105157,0.000000000000,44.114737510681,14.716777801514,14.718035697937,14.679924011230
327,0.007414965986,69,80.000000000000,0.700000000000,0.000000000000,0.000000000000,-25.023419592950,-38.515069220636,0.000000000000,54.239990234375,17.151399612427,18.045898437500,19.042692184448
328,0.007437641723,69,80.000000000000,0.700000000000,0.000000000000,0.000000000000,-25.023419592950,-35.669897292230,0.000000000000,4.189403533936,3.035645484924,1.269833564758,-0.116075515747
329,0.007460317460,69,80.000000000000,0.700000000000,0.000000000000,0.000000000000,-25.023419592950,-34.975501273248,0.000000000000,101.006633758545,37.275524139404,33.660820007324,30.070289611816
330,0.007482993197,69,80.000000000000,0.700000000000,0.000000000000,0.000000000000,-25.023419592950,-34.380241606805,0.000000000000,129.720348358154,44.278091430664,43.345981597900,42.096275329590
331,0.007505668934,69,80.000000000000,0.700000000000,0.000000000000,0.000000000000,-25.023419592950,-33.677353118036,0.000000000000,132.400123596191,44.159908294678,44.178943634033,44.061271667480
332,0.007528344671,69,80.000000000000,0.700000000000,0.000000000000,0.000000000000,-25.023419592950,-32.925073836420,0.000000000000,129.930343627930,43.129211425781,43.320659637451,43.480472564697
333,0.007551020408,69,80.000000000000,0.700000000000,0.000000000000,0.000000000000,-25.023419592950,-32.179007742975,0.000000000000,126.849346160889,42.080047607422,42.284389495850,42.484909057617
334,0.007573696145,69,80.000000000000,0.700000000000,0.000000000000,0.000000000000,-25.023419592950,-31.467636321161,0.000000000000,123.819267272949,41.074710845947,41.272823333740,41.471733093262
335,0.007596371882,69,80.000000000000,0.700000000000,0.000000000000,0.000000000000,-25.023419592950,-30.800360892389,0.000000000000,120.875633239746,40.098361968994,40.291561126709,40.485710144043
336,0.007619047619,69,80.000000000000,0.700000000000,0.000000000000,0.000000000000,-25.023419592950,-30.176613066766,0.000000000000,117.990058898926,39.139221191406,39.329830169678,39.521007537842
337,0.007641723356,69,80.000000000000,0.700000000000,0.000000000000,0.000000000000,-25.023419592950,-29.592025015924,0.000000000000,115.147289276123,38.191822052002,38.382179260254,38.573287963867
338,0.007664399093,69,80.000000000000,0.700000000000,0.000000000000,0.000000000000,-25.023419592950,-29.041714881036,0.000000000000,112.255023956299,37.235179901123,37.417579650879,37.602264404297
339,0.007687074830,69,80.000000000000,0.700000000000,0.000000000000,0.000000000000,-25.023419592950,-28.521745894525,0.000000000000,109.575893402100,36.397342681885,36.535041809082,36.643508911133
340,0.007709750567,69,80.000000000000,0.700000000000,0.000000000000,0.000000000000,-25.023419592950,-28.029247496698,0.000000000000,110.986221313477,36.253704071045,37.019145965576,37.713371276855
341,0.007732426304,69,80.000000000000,0.700000000000,0.000000000000,0.000000000000,-25.023419592950,-27.563308928583,0.000000000000,81.147701263428,25.871797561646,27.050634384155,28.225269317627
342,0.007755102041,69,80.000000000000,0.700000000000,0.000000000000,0.000000000000,-25.023419592950,-27.102273200128,0.000000000000,61.596122741699,19.946128845215,20.507831573486,21.142162322998
343,0.007777777778,69,80.000000000000,0.700000000000,0.000000000000,0.000000000000,-25.023419592950,-26.899128172967,0.000000000000,58.050630569458,19.224941253662,19.334852218628,19.490837097168
344,0.007800453515,69,80.000000000000,0.700000000000,0.000000000000,0.000000000000,-25.023419592950,-24.947151396844,0.000000000000,58.268518447876,19.392766952515,19.419734954834,19.456016540527
345,0.007823129252,69,80.000000000000,0.700000000000,0.000000000000,0.000000000000,-25.023419592950,-30.278417800043,0.000000000000,58.507442474365,19.460330963135,19.502056121826,19.545055389404
346,0.007845804989,69,80.000000000000,0.700000000000,0.000000000000,0.000000000000,-25.023419592950,-23.889111731622,0.000000000000,57.988967895508,19.336919784546,19.337802886963,19.314245223999
347,0.007868480726,69,80.000000000000,0.700000000000,0.000000000000,0.000000000000,-25.023419592950,-19.603535864923,0.000000000000,61.767635345459,20.070196151733,20.556612014771,21.140827178955
348,0.007891156463,69,80.000000000000,0.700000000000,0.000000000000,0.000000000000,-25.023419592950,-18.085991118524,0.000000000000,34.365991592407,13.063871383667,11.464117050171,9.838003158569
349,0.007913832200,69,80.000000000000,0.700000000000,0.000000000000,0.000000000000,-25.023419592950,-17.547524664972,0.000000000000,121.312553405762,39.366630554199,40.633346557617,41.312576293945
350,0.007936507937,69,80.000000000000,0.700000000000,0.000000000000,0.000000000000,-25.023419592950,-17.305896018121,0.000000000000,19.590279102325,1.547137737274,6.595688819885,11.447452545166
351,0.007959183673,69,80.000000000000,0.700000000000,0.000000000000,0.000000000000,-25.023419592950,-17.186722968194,0.000000000000,-32.232122421265,-12.926784515381,-10.887611389160,-8.417726516724
352,0.007981859410,69,80.000000000000,0.700000000000,0.000000000000,0.000000000000,-25.023419592950,-17.134041998956,0.000000000000,-44.352366447449,-15.258742332458,-14.867704391479,-14.225919723511
353,0.008004535147,69,80.000000000000,0.700000000000,0.000000000000,0.000000000000,-25.023419592950,-17.120331023309,0.000000000000,-45.431820869446,-15.158582687378,-15.168109893799,-15.105128288269
354,0.008027210884,69,80.000000000000,0.700000000000,0.000000000000,0.000000000000,-25.023419592950,-17.130927298639,0.000000000000,-44.725077629089,-14.851646423340,-14.912602424622,-14.960828781128
355,0.008049886621,69,80.000000000000,0.700000000000,0.000000000000,0.000000000000,-25.023419592950,-17.158390257928,0.000000000000,-43.991910934448,-14.607236862183,-14.664185523987,-14.720488548279
356,0.008072562358,69,80.000000000000,0.700000000000,0.000000000000,0.000000000000,-25.023419592950,-17.198518012140,0.000000000000,-43.362639427185,-14.400664329529,-14.454114913940,-14.507860183716
357,0.008095238095,69,80.000000000000,0.700000000000,0.000000000000,0.000000000000,-25.023419592950,-17.248192999933,0.000000000000,-42.729476928711,-14.190916061401,-14.243713378906,-14.294847488403
358,0.008117913832,69,80.000000000000,0.700000000000,0.000000000000,0.000000000000,-25.023419592950,-17.304545615289,0.000000000000,-42.305654525757,-14.010272979736,-14.098228454590,-14.197153091431
359,0.008140589569,69,80.000000000000,0.700000000000,0.000000000000,0.000000000000,-25.023419592950,-17.364893649194,0.000000000000,-39.173099517822,-13.237647056580,-13.078380584717,-12.857071876526
360,0.008163265306,69,80.000000000000,0.700000000000,0.000000000000,0.000000000000,-25.023419592950,-17.426562045190,0.000000000000,-53.600128173828,-16.810525894165,-17.830083847046,-18.959518432617
361,0.008185941043,69,80.000000000000,0.700000000000,0.000000000000,0.000000000000,-25.023419592950,-17.487730239007,0.000000000000,-1.750458717346,-2.252634048462,-0.413972854614,0.916148185730
362,0.008208616780,69,80.000000000000,0.700000000000,0.000000000000,0.000000000000,-25.023419592950,-17.526004527185,0.000000000000,-94.244838714600,-35.667469024658,-31.389671325684,-27.187698364258
363,0.008231292517,69,80.000000000000,0.700000000000,0.000000000000,0.000000000000,-25.023419592950,-17.685173247430,0.000000000000,-129.913768768311,-44.827777862549,-43.439552307129,-41.646438598633
364,0.008253968254,69,80.000000000000,0.700000000000,0.000000000000,0.000000000000,-25.023419592950,-18.379193995569,0.000000000000,-136.473861694336,-45.702217102051,-45.558788299561,-45.212856292725
365,0.008276643991,69,80.000000000000,0.700000000000,0.000000000000,0.000000000000,-25.023419592950,-9.524077628229,0.000000000000,-136.029834747314,-45.235603332520,-45.361541748047,-45.432689666748
366,0.008299319728,69,80.000000000000,0.700000000000,0.000000000000,0.000000000000,-25.023419592950,-3.745213721368,0.000000000000,-134.495651245117,-44.664390563965,-44.833503723145,-44.997756958008
367,0.008321995465,69,80.000000000000,0.700000000000,0.000000000000,0.000000000000,-25.023419592950,-2.014577124689,0.000000000000,-132.204227447510,-43.988281250000,-44.075302124023,-44.140644073486
368,0.008344671202,69,80.000000000000,0.700000000000,0.000000000000,0.000000000000,-25.023419592950,-2.319493506525,0.000000000000,-134.772186279297,-44.425796508789,-44.920459747314,-45.425930023193
369,0.008367346939,69,80.000000000000,0.700000000000,0.000000000000,0.000000000000,-25.023419592950,-3.223603461359,0.000000000000,-116.853256225586,-39.053028106689,-38.903938293457,-38.896289825439
370,0.008390022676,69,80.000000000000,0.700000000000,0.000000000000,0.000000000000,-25.023419592950,-4.211013053033,0.000000000000,-136.184879302979,-46.445209503174,-45.373874664307,-44.365795135498
371,0.008412698413,69,80.000000000000,0.700000000000,0.000000000000,0.000000000000,-25.023419592950,-5.190699790094,0.000000000000,-149.865310668945,-50.488052368164,-49.986625671387,-49.390632629395
372,0.008435374150,69,80.000000000000,0.700000000000,0.000000000000,0.000000000000,-25.023419592950,-6.164618704889,0.000000000000,-153.211456298828,-51.107070922852,-51.096176147461,-51.008209228516
373,0.008458049887,69,80.000000000000,0.700000000000,0.000000000000,0.000000000000,-25.023419592950,-7.138268683527,0.000000000000,-152.234272003174,-50.581016540527,-50.755481719971,-50.897773742676
374,0.008480725624,69,80.000000000000,0.700000000000,0.000000000000,0.000000000000,-25.023419592950,-8.110676978204,0.000000000000,-149.877742767334,-49.729919433594,-49.962848663330,-50.184974670410
375,0.008503401361,69,80.000000000000,0.700000000000,0.000000000000,0.000000000000,-25.023419592950,-9.077115271661,0.000000000000,-147.033721923828,-48.759017944336,-49.012382507324,-49.262321472168
376,0.008526077098,69,80.000000000000,0.700000000000,0.000000000000,0.000000000000,-25.023419592950,-10.031753752801,0.000000000000,-143.984291076660,-47.734287261963,-47.995021820068,-48.254981994629
377,0.008548752834,69,80.000000000000,0.700000000000,0.000000000000,0.000000000000,-25.023419592950,-10.969239447687,0.000000000000,-140.846096038818,-46.686866760254,-46.948699951172,-47.210529327393
378,0.008571428571,69,80.000000000000,0.700000000000,0.000000000000,0.000000000000,-25.023419592950,-11.885449622247,0.000000000000,-137.724025726318,-45.638191223145,-45.906051635742,-46.179782867432
379,0.008594104308,69,80.000000000000,0.700000000000,0.000000000000,0.000000000000,-25.023419592950,-12.777743552301,0.000000000000,-133.938484191895,-44.482688903809,-44.658897399902,-44.796897888184
380,0.008616780045,69,80.000000000000,0.700000000000,0.000000000000,0.000000000000,-25.023419592950,-13.644726965997,0.000000000000,-136.263725280762,-44.534698486328,-45.376274108887,-46.352752685547
381,0.008639455782,69,80.000000000000,0.700000000000,0.000000000000,0.000000000000,-25.023419592950,-14.489529822443,0.000000000000,-102.033302307129,-35.671119689941,-34.006072998047,-32.356109619141
382,0.008662131519,69,80.000000000000,0.700000000000,0.000000000000,0.000000000000,-25.023419592950,-15.259509299371,0.000000000000,-188.487533569336,-61.883972167969,-63.077625274658,-63.525936126709
383,0.008684807256,69,80.000000000000,0.700000000000,0.000000000000,0.000000000000,-25.023419592950,-16.596004698846,0.000000000000,-93.660839080811,-25.506198883057,-31.327888488770,-36.826751708984
384,0.008707482993,69,80.000000000000,0.700000000000,0.000000000000,0.000000000000,-25.023419592950,-13.464148734186,0.000000000000,-34.521294593811,-8.551383972168,-11.335882186890,-14.634028434753
385,0.008730158730,69,80.000000000000,0.700000000000,0.000000000000,0.000000000000,-25.023419592950,-27.334857199762,0.000000000000,-16.226785659790,-4.524095535278,-5.292951583862,-6.409738540649
386,0.008752834467,69,80.000000000000,0.700000000000,0.000000000000,0.000000000000,-25.023419592950,-3.465682242486,0.000000000000,-11.384300231934,-3.553185462952,-3.756503105164,-4.074611663818
387,0.008775510204,69,80.000000000000,0.700000000000,0.000000000000,0.000000000000,-25.023419592950,-0.157933447931,0.000000000000,-9.130388259888,-2.937791824341,-3.036310195923,-3.156286239624
388,0.008798185941,69,80.000000000000,0.700000000000,0.000040119181,0.000002024198,-25.023419896194,0.178534294989,0.009247831126,-7.761350631714,-2.441432952881,-2.586080551147,-2.733837127686
389,0.008820861678,69,80.000000000000,0.700000000000,0.001106522760,0.000007860869,-25.023428259934,0.336278122640,0.018224206829,-3.938652992249,-1.221076011658,-1.303871154785,-1.413705825806
390,0.008843537415,69,80.000000000000,0.700000000000,0.006690540137,0.000015658684,-25.023478830910,0.351811018684,0.025721185431,-3.684741973877,-1.385015487671,-1.217810630798,-1.081915855408
391,0.008866213152,69,80.000000000000,0.700000000000,0.017884667955,0.000022701049,-25.023614013585,0.270324338797,0.030969651591,-7.603944778442,-2.733400344849,-2.537117958069,-2.333426475525
392,0.008888888889,69,80.000000000000,0.700000000000,0.030018623509,0.000027424224,-25.023840911722,0.147647255523,0.034039292837,-8.804794311523,-2.972349166870,-2.943846702576,-2.888598442078
393,0.008911564626,69,80.000000000000,0.700000000000,0.037137258940,0.000029280269,-25.024121616627,0.017138702295,0.035172309730,-7.827064514160,-2.545115470886,-2.614278793335,-2.667670249939
394,0.008934240363,69,80.000000000000,0.700000000000,0.036271621872,0.000028283757,-25.024395778546,-0.104763727650,0.034568609072,-6.126643180847,-1.946060180664,-2.043949127197,-2.136633872986
395,0.008956916100,69,80.000000000000,0.700000000000,0.028316142449,0.000024699458,-25.024609808346,-0.212000103920,0.032304057115,-4.288579940796,-1.327999114990,-1.429808616638,-1.530772209167
396,0.008979591837,69,80.000000000000,0.700000000000,0.016809359149,0.000018853121,-25.024736863215,-0.304885165985,0.028223117887,-2.470163345337,-0.724118232727,-0.823221206665,-0.922823905945
397,0.009002267574,69,80.000000000000,0.700000000000,0.006253620668,0.000011021633,-25.024784131700,-0.387224014094,0.021579249558,-0.715394020081,-0.143821716309,-0.238182067871,-0.333390235901
398,0.009024943311,69,80.000000000000,0.700000000000,0.000633671685,0.000001377740,-25.024788921358,-0.464370224438,0.007629515446,0.952797889709,0.408189773560,0.318250656128,0.226357460022
399,0.009047619048,69,80.000000000000,0.700000000000,0.000000000000,0.000000000000,-25.024788921358,-0.541695659639,0.000000000000,2.624872207642,0.943143844604,0.872809410095,0.808918952942
400,0.009070294785,69,80.000000000000,0.700000000000,0.000000000000,0.000000000000,-25.024788921358,-0.622979228975,0.000000000000,3.302928924561,1.290379524231,1.110970497131,0.901578903198
401,0.009092970522,69,80.000000000000,0.700000000000,0.000000000000,0.000000000000,-25.024788921358,-0.712912624361,0.000000000000,9.751227378845,2.931900024414,3.249835968018,3.569491386414
402,0.009115646259,69,80.000000000000,0.700000000000,0.000000000000,0.000000000000,-25.024788921358,-0.803856914522,0.000000000000,-5.716238498688,-1.642477035522,-1.964476585388,-2.109284877777
403,0.009138321995,69,80.000000000000,0.700000000000,0.000000000000,0.000000000000,-25.024788921358,-1.086739604952,0.000000000000,14.451028823853,6.213902473450,4.784936904907,3.452189445496
404,0.009160997732,69,80.000000000000,0.700000000000,0.000537926159,0.000006257692,-25.024792987315,0.551928455351,0.016259996834,31.798014640808,11.512346267700,10.636065483093,9.649602890015
405,0.009183673469,69,80.000000000000,0.700000000000,0.002647722139,0.000000000000,-25.024813000332,-11.758714389531,0.000000000000,38.961206436157,13.321207046509,13.021598815918,12.618400573730
406,0.009206349206,69,80.000000000000,0.700000000000,5.506770248676,0.000346711495,-25.066436358221,30.579953845371,0.121031238353,41.229824066162,13.819173812866,13.759279251099,13.651371002197
407,0.009229024943,69,80.000000000000,0.700000000000,25.115687962487,0.000117819734,-25.256275269502,-48.288144900041,0.070554119524,41.893075942993,13.944643020630,13.971929550171,13.976503372192
408,0.009251700680,69,80.000000000000,0.700000000000,0.000000000000,0.000000000000,-25.256275269502,-64.453857514375,0.000000000000,41.995636940002,13.842979431152,13.987792968750,14.164864540100
409,0.009274376417,69,80.000000000000,0.700000000000,0.000000000000,0.000000000000,-25.256275269502,-69.396259400361,0.000000000000,36.157358169556,12.579771041870,12.018559455872,11.559027671814
410,0.009297052154,69,80.000000000000,0.700000000000,0.000000000000,0.000000000000,-25.256275269502,-69.528011414521,0.000000000000,61.274665832520,21.545856475830,20.419767379761,19.309041976929
411,0.009319727891,69,80.000000000000,0.700000000000,0.000000000000,0.000000000000,-25.256275269502,-69.114002320283,0.000000000000,79.026584625244,26.828948974609,26.374637603760,25.822998046875
412,0.009342403628,69,80.000000000000,0.700000000000,0.000000000000,0.000000000000,-25.256275269502,-68.748828980439,0.000000000000,80.708757400513,26.813121795654,26.925811767578,26.969823837280
413,0.009365079365,69,80.000000000000,0.700000000000,0.000000000000,0.000000000000,-25.256275269502,-68.429027649873,0.000000000000,77.667163848877,25.653343200684,25.894512176514,26.119308471680
414,0.009387755102,69,80.000000000000,0.700000000000,0.000000000000,0.000000000000,-25.256275269502,-68.106144043916,0.000000000000,74.327022552490,24.542510986328,24.775135040283,25.009376525879
415,0.009410430839,69,80.000000000000,0.700000000000,0.000000000000,0.000000000000,-25.256275269502,-67.752681824678,0.000000000000,71.319639205933,23.558900833130,23.772048950195,23.988689422607
416,0.009433106576,69,80.000000000000,0.700000000000,0.000000000000,0.000000000000,-25.256275269502,-67.360977265351,0.000000000000,68.530855178833,22.641181945801,22.842817306519,23.046855926514
417,0.009455782313,69,80.000000000000,0.700000000000,0.000000000000,0.000000000000,-25.256275269502,-66.934787842744,0.000000000000,65.832574844360,21.748001098633,21.943662643433,22.140911102295
418,0.009478458050,69,80.000000000000,0.700000000000,0.000000000000,0.000000000000,-25.256275269502,-66.481994721406,0.000000000000,63.156433105469,20.859802246094,21.051794052124,21.244836807251
419,0.009501133787,69,80.000000000000,0.700000000000,0.000000000000,0.000000000000,-25.256275269502,-66.010078522676,0.000000000000,60.493541717529,19.972640991211,20.163814544678,20.357086181641
420,0.009523809524,69,80.000000000000,0.700000000000,0.000000000000,0.000000000000,-25.256275269502,-65.524200531953,0.000000000000,57.710382461548,19.064556121826,19.237621307373,19.408205032349
421,0.009546485261,69,80.000000000000,0.700000000000,0.000000000000,0.000000000000,-25.256275269502,-65.026638123506,0.000000000000,55.682069778442,18.331333160400,18.561031341553,18.789705276489
422,0.009569160998,69,80.000000000000,0.700000000000,0.000000000000,0.000000000000,-25.256275269502,-64.516567322724,0.000000000000,51.147220611572,16.864639282227,17.038112640381,17.244468688965
423,0.009591836735,69,80.000000000000,0.700000000000,0.000000000000,0.000000000000,-25.256275269502,-64.016658875459,0.000000000000,49.754852294922,16.678544998169,16.571058273315,16.505249023438
424,0.009614512472,69,80.000000000000,0.700000000000,0.000000000000,0.000000000000,-25.256275269502,-63.192333313935,0.000000000000,52.767492294312,17.751161575317,17.591407775879,17.424922943115
425,0.009637188209,69,80.000000000000,0.700000000000,0.000000000000,0.000000000000,-25.256275269502,-65.236694428437,0.000000000000,53.415937423706,17.789402008057,17.816862106323,17.809673309326
426,0.009659863946,69,80.000000000000,0.700000000000,0.000000000000,0.000000000000,-25.256275269502,-50.564876648896,0.000000000000,51.699411392212,17.094455718994,17.241687774658,17.363267898560
427,0.009682539683,69,80.000000000000,0.700000000000,0.000000000000,0.000000000000,-25.256275269502,-83.848938080781,0.000000000000,49.479249954224,16.248689651489,16.489036560059,16.741523742676
428,0.009705215420,69,80.000000000000,0.700000000000,0.000000000000,0.000000000000,-25.256275269502,-57.026062104219,0.000000000000,43.476230621338,14.630127906799,14.522098541260,14.324004173279
429,0.009727891156,69,80.000000000000,0.700000000000,0.000000000000,0.000000000000,-25.256275269502,-40.647040459626,0.000000000000,59.489957809448,18.435441970825,19.794620513916,21.259895324707
430,0.009750566893,69,80.000000000000,0.700000000000,0.000000000000,0.000000000000,-25.256275269502,-36.351436707490,0.000000000000,6.881970405579,3.708564758301,2.076017379761,1.097388267517
431,0.009773242630,69,80.000000000000,0.700000000000,0.000000000000,0.000000000000,-25.256275269502,-35.337380501741,0.000000000000,85.453056335449,33.153152465820,28.431652069092,23.868251800537
432,0.009795918367,69,80.000000000000,0.700000000000,0.000000000000,0.000000000000,-25.256275269502,-34.720730874055,0.000000000000,124.055454254150,43.236862182617,41.514995574951,39.303596496582
433,0.009818594104,69,80.000000000000,0.700000000000,0.000000000000,0.000000000000,-25.256275269502,-34.032362076753,0.000000000000,131.537231445312,44.116130828857,43.939521789551,43.481578826904
434,0.009841269841,69,80.000000000000,0.700000000000,0.000000000000,0.000000000000,-25.256275269502,-33.286748024934,0.000000000000,130.263996124268,43.245281219482,43.449352264404,43.569362640381
435,0.009863945578,69,80.000000000000,0.700000000000,0.000000000000,0.000000000000,-25.256275269502,-32.538995835298,0.000000000000,127.376785278320,42.205509185791,42.464176177979,42.707099914551
436,0.009886621315,69,80.000000000000,0.700000000000,0.000000000000,0.000000000000,-25.256275269502,-31.821726891511,0.000000000000,124.352710723877,41.194713592529,41.451095581055,41.706901550293
437,0.009909297052,69,80.000000000000,0.700000000000,0.000000000000,0.000000000000,-25.256275269502,-31.147303673738,0.000000000000,121.395729064941,40.214725494385,40.464786529541,40.716217041016
438,0.009931972789,69,80.000000000000,0.700000000000,0.000000000000,0.000000000000,-25.256275269502,-30.516645524018,0.000000000000,118.501243591309,39.254165649414,39.500125885010,39.746952056885
439,0.009954648526,69,80.000000000000,0.700000000000,0.000000000000,0.000000000000,-25.256275269502,-29.925920578950,0.000000000000,115.663772583008,38.308376312256,38.554340362549,38.801055908203
440,0.009977324263,69,80.000000000000,0.700000000000,0.000000000000,0.000000000000,-25.256275269502,-29.370267006868,0.000000000000,112.779811859131,37.346885681152,37.589729309082,37.843196868896
441,0.010000000000,69,80.000000000000,0.700000000000,0.000000000000,0.000000000000,-25.256275269502,-28.845580193513,0.000000000000,109.543025970459,36.428215026855,36.529502868652,36.585308074951
442,0.010022675737,69,80.000000000000,0.700000000000,0.000000000000,0.000000000000,-25.256275269502,-28.348682496064,0.000000000000,113.569530487061,37.014110565186,37.903602600098,38.651817321777
443,0.010045351474,69,80.000000000000,0.700000000000,0.000000000000,0.000000000000,-25.256275269502,-27.880519005769,0.000000000000,87.010833740234,27.387613296509,29.014968872070,30.608251571655
444,0.010068027211,69,80.000000000000,0.700000000000,0.000000000000,0.000000000000,-25.256275269502,-27.396638962739,0.000000000000,64.911531448364,20.670101165771,21.595691680908,22.645738601685
445,0.010090702948,69,80.000000000000,0.700000000000,0.000000000000,0.000000000000,-25.256275269502,-27.314233872407,0.000000000000,58.715959548950,19.303440093994,19.538787841797,19.873731613159
446,0.010113378685,69,80.000000000000,0.700000000000,0.000000000000,0.000000000000,-25.256275269502,-24.963250252717,0.000000000000,58.191944122314,19.345619201660,19.387580871582,19.458744049072
447,0.010136054422,69,80.000000000000,0.700000000000,0.000000000000,0.000000000000,-25.256275269502,-30.443295094484,0.000000000000,58.448194503784,19.430576324463,19.478906631470,19.538711547852
448,0.010158730159,69,80.000000000000,0.700000000000,0.000000000000,0.000000000000,-25.256275269502,-25.092349144929,0.000000000000,57.463479995728,19.247735977173,19.175659179688,19.040084838867
449,0.010181405896,69,80.000000000000,0.700000000000,0.000000000000,0.000000000000,-25.256275269502,-20.458214852327,0.000000000000,64.336763381958,20.561912536621,21.389511108398,22.385339736938
450,0.010204081633,69,80.000000000000,0.700000000000,0.000000000000,0.000000000000,-25.256275269502,-18.564749810212,0.000000000000,27.930778026581,11.342747688293,9.284481048584,7.303549289703
451,0.010226757370,69,80.000000000000,0.700000000000,0.000000000000,0.000000000000,-25.256275269502,-17.880569550508,0.000000000000,113.976139068604,37.638134002686,38.295059204102,38.042945861816
452,0.010249433107,69,80.000000000000,0.700000000000,0.000000000000,0.000000000000,-25.256275269502,-17.590443703645,0.000000000000,37.042444229126,6.382265090942,12.510570526123,18.149608612061
453,0.010272108844,69,80.000000000000,0.700000000000,0.000000000000,0.000000000000,-25.256275269502,-17.450856301301,0.000000000000,-22.621532678604,-10.941858291626,-7.734474182129,-3.945200204849
454,0.010294784580,69,80.000000000000,0.700000000000,0.000000000000,0.000000000000,-25.256275269502,-17.387231919282,0.000000000000,-41.668774604797,-14.877641677856,-14.042631149292,-12.748501777649
455,0.010317460317,69,80.000000000000,0.700000000000,0.000000000000,0.000000000000,-25.256275269502,-17.367035004609,0.000000000000,-45.027365684509,-15.144945144653,-15.064897537231,-14.817523002625
456,0.010340136054,69,80.000000000000,0.700000000000,0.000000000000,0.000000000000,-25.256275269502,-17.373447510713,0.000000000000,-44.780351638794,-14.878190994263,-14.939742088318,-14.962418556213
457,0.010362811791,69,80.000000000000,0.700000000000,0.000000000000,0.000000000000,-25.256275269502,-17.397924515718,0.000000000000,-44.086945533752,-14.627363204956,-14.697381019592,-14.762201309204
458,0.010385487528,69,80.000000000000,0.700000000000,0.000000000000,0.000000000000,-25.256275269502,-17.435787293428,0.000000000000,-43.450453758240,-14.417126655579,-14.483352661133,-14.549974441528
459,0.010408163265,69,80.000000000000,0.700000000000,0.000000000000,0.000000000000,-25.256275269502,-17.483765694612,0.000000000000,-42.785792350769,-14.204545974731,-14.263834953308,-14.317411422729
460,0.010430839002,69,80.000000000000,0.700000000000,0.000000000000,0.000000000000,-25.256275269502,-17.538939568513,0.000000000000,-42.678292274475,-14.074200630188,-14.215349197388,-14.388742446899
461,0.010453514739,69,80.000000000000,0.700000000000,0.000000000000,0.000000000000,-25.256275269502,-17.598613354676,0.000000000000,-37.805457115173,-12.981716156006,-12.641463279724,-12.182277679443
462,0.010476190476,69,80.000000000000,0.700000000000,0.000000000000,0.000000000000,-25.256275269502,-17.660013291352,0.000000000000,-58.095504760742,-17.923809051514,-19.337135314941,-20.834560394287
463,0.010498866213,69,80.000000000000,0.700000000000,0.000000000000,0.000000000000,-25.256275269502,-17.723100754731,0.000000000000,-5.129512786865,-3.029333114624,-1.441392898560,-0.658786773682
464,0.010521541950,69,80.000000000000,0.700000000000,0.000000000000,0.000000000000,-25.256275269502,-17.755199524873,0.000000000000,-78.994649887085,-31.564926147461,-26.242181777954,-21.187541961670
465,0.010544217687,69,80.000000000000,0.700000000000,0.000000000000,0.000000000000,-25.256275269502,-17.844505879396,0.000000000000,-122.976654052734,-43.491485595703,-41.182647705078,-38.302520751953
466,0.010566893424,69,80.000000000000,0.700000000000,0.000000000000,0.000000000000,-25.256275269502,-19.227288338655,0.000000000000,-134.775627136230,-45.493217468262,-45.051177978516,-44.231231689453
467,0.010589569161,69,80.000000000000,0.700000000000,0.000000000000,0.000000000000,-25.256275269502,-11.158785912507,0.000000000000,-135.859420776367,-45.244209289551,-45.329502105713,-45.285709381104
468,0.010612244898,69,80.000000000000,0.700000000000,0.000000000000,0.000000000000,-25.256275269502,-4.820514771455,0.000000000000,-134.715557098389,-44.707511901855,-44.910877227783,-45.097167968750
469,0.010634920635,69,80.000000000000,0.700000000000,0.000000000000,0.000000000000,-25.256275269502,-2.489715668672,0.000000000000,-131.981948852539,-43.948200225830,-44.007644653320,-44.026103973389
470,0.010657596372,69,80.000000000000,0.700000000000,0.000000000000,0.000000000000,-25.256275269502,-2.502477738374,0.000000000000,-136.107189178467,-44.739849090576,-45.372451782227,-45.994888305664
471,0.010680272109,69,80.000000000000,0.700000000000,0.000000000000,0.000000000000,-25.256275269502,-3.318378540986,0.000000000000,-117.204143524170,-38.983985900879,-38.996139526367,-39.224018096924
472,0.010702947846,69,80.000000000000,0.700000000000,0.000000000000,0.000000000000,-25.256275269502,-4.289907547944,0.000000000000,-132.215217590332,-45.311920166016,-44.025146484375,-42.878150939941
473,0.010725623583,69,80.000000000000,0.700000000000,0.000000000000,0.000000000000,-25.256275269502,-5.267826172822,0.000000000000,-147.167854309082,-49.878822326660,-49.096061706543,-48.192970275879
474,0.010748299320,69,80.000000000000,0.700000000000,0.000000000000,0.000000000000,-25.256275269502,-6.240820023530,0.000000000000,-152.377593994141,-50.966548919678,-50.836490631104,-50.574554443359
475,0.010770975057,69,80.000000000000,0.700000000000,0.000000000000,0.000000000000,-25.256275269502,-7.213604065889,0.000000000000,-152.276237487793,-50.613281250000,-50.780448913574,-50.882507324219
476,0.010793650794,69,80.000000000000,0.700000000000,0.000000000000,0.000000000000,-25.256275269502,-8.185859772676,0.000000000000,-150.234504699707,-49.816802978516,-50.086273193359,-50.331428527832
477,0.010816326531,69,80.000000000000,0.700000000000,0.000000000000,0.000000000000,-25.256275269502,-9.153064820283,0.000000000000,-147.508247375488,-48.867122650146,-49.172195434570,-49.468929290771
478,0.010839002268,69,80.000000000000,0.700000000000,0.000000000000,0.000000000000,-25.256275269502,-10.109199616426,0.000000000000,-144.510059356689,-47.852508544922,-48.170818328857,-48.486732482910
479,0.010861678005,69,80.000000000000,0.700000000000,0.000000000000,0.000000000000,-25.256275269502,-11.048755738252,0.000000000000,-141.388385772705,-46.809539794922,-47.130100250244,-47.448745727539
480,0.010884353741,69,80.000000000000,0.700000000000,0.000000000000,0.000000000000,-25.256275269502,-11.967681977266,0.000000000000,-138.363651275635,-45.773132324219,-46.115467071533,-46.475051879883
481,0.010907029478,69,80.000000000000,0.700000000000,0.000000000000,0.000000000000,-25.256275269502,-12.863153550141,0.000000000000,-133.899063110352,-44.521842956543,-44.662162780762,-44.715057373047
482,0.010929705215,69,80.000000000000,0.700000000000,0.000000000000,0.000000000000,-25.256275269502,-13.733194443696,0.000000000000,-139.707477569580,-45.226585388184,-46.501209259033,-47.979682922363
483,0.010952380952,69,80.000000000000,0.700000000000,0.000000000000,0.000000000000,-25.256275269502,-14.585901352876,0.000000000000,-96.854324340820,-34.206390380859,-32.228389739990,-30.419544219971
484,0.010975056689,69,80.000000000000,0.700000000000,0.000000000000,0.000000000000,-25.256275269502,-15.311416718476,0.000000000000,-180.489494323730,-60.039428710938,-60.518695831299,-59.931369781494
485,0.010997732426,69,80.000000000000,0.700000000000,0.000000000000,0.000000000000,-25.256275269502,-16.977614495271,0.000000000000,-110.403038024902,-30.251377105713,-37.032421112061,-43.119239807129
486,0.011020408163,69,80.000000000000,0.700000000000,0.000000000000,0.000000000000,-25.256275269502,-12.593233201020,0.000000000000,-45.511623382568,-10.875555038452,-14.959785461426,-19.676282882690
487,0.011043083900,69,80.000000000000,0.700000000000,0.000000000000,0.000000000000,-25.256275269502,-26.120325657838,0.000000000000,-20.128361701965,-5.150692939758,-6.514122009277,-8.463546752930
488,0.011065759637,69,80.000000000000,0.700000000000,0.000000000000,0.000000000000,-25.256275269502,-6.320558640474,0.000000000000,-12.599777221680,-3.733275413513,-4.119990348816,-4.746511459351
489,0.011088435374,69,80.000000000000,0.700000000000,0.000000000000,0.000000000000,-25.256275269502,-0.966243836396,0.000000000000,-9.645592689514,-3.043607711792,-3.195611000061,-3.406373977661
490,0.011111111111,69,80.000000000000,0.700000000000,0.000000000000,0.000000000000,-25.256275269502,-0.175609681123,0.000000000000,-8.357419967651,-2.589928627014,-2.783569335938,-2.983922004700
491,0.011133786848,69,80.000000000000,0.700000000000,0.000001250338,0.000000448053,-25.256275278953,0.039518263823,0.004350888885,-4.520363807678,-1.341260910034,-1.493735313416,-1.685367584229
492,0.011156462585,69,80.000000000000,0.700000000000,0.000036721270,0.000001798403,-25.256275556513,0.079583154070,0.008716794956,-3.383551597595,-1.269922256470,-1.109427452087,-1.004201889038
493,0.011179138322,69,80.000000000000,0.700000000000,0.000165970596,0.000002849739,-25.256276811015,0.013155777558,0.010972761186,-6.941458702087,-2.566626548767,-2.314260482788,-2.060571670532
494,0.011201814059,69,80.000000000000,0.700000000000,0.000131476579,0.000001844650,-25.256277804791,-0.101799488696,0.008828162128,-8.662573814392,-2.964933395386,-2.900852203369,-2.796788215637
495,0.011224489796,69,80.000000000000,0.700000000000,0.000003384304,0.000000000000,-25.256277830372,-0.229162553454,0.000000000000,-8.086880683899,-2.629460334778,-2.705223083496,-2.752197265625
496,0.011247165533,69,80.000000000000,0.700000000000,0.000000000000,0.000000000000,-25.256277830372,-0.350950987110,0.000000000000,-6.535174369812,-2.056181907654,-2.182163238525,-2.296829223633
497,0.011269841270,69,80.000000000000,0.700000000000,0.000000000000,0.000000000000,-25.256277830372,-0.460011274586,0.000000000000,-4.730588912964,-1.441576004028,-1.577727317810,-1.711285591125
498,0.011292517007,69,80.000000000000,0.700000000000,0.000000000000,0.000000000000,-25.256277830372,-0.555750639210,0.000000000000,-2.909711837769,-0.835602760315,-0.969746589661,-1.104362487793
499,0.011315192744,69,80.000000000000,0.700000000000,0.000000000000,0.000000000000,-25.256277830372,-0.641112119923,0.000000000000,-1.140492439270,-0.251490592957,-0.379789352417,-0.509212493896
500,0.011337868481,69,80.000000000000,0.700000000000,0.000000000000,0.000000000000,-25.256277830372,-0.720360548267,0.000000000000,0.532833099365,0.303812980652,0.179166793823,0.049853324890
501,0.011360544218,69,80.000000000000,0.700000000000,0.000000000000,0.000000000000,-25.256277830372,-0.797716886768,0.000000000000,2.328463554382,0.856597900391,0.771094322205,0.700771331787
502,0.011383219955,69,80.000000000000,0.700000000000,0.000000000000,0.000000000000,-25.256277830372,-0.877817899952,0.000000000000,2.464638710022,1.112592697144,0.836998939514,0.515047073364
503,0.011405895692,69,80.000000000000,0.700000000000,0.000000000000,0.000000000000,-25.256277830372,-0.966898710499,0.000000000000,10.478690147400,3.119327545166,3.503043174744,3.856319427490
504,0.011428571429,69,80.000000000000,0.700000000000,0.000000000000,0.000000000000,-25.256277830372,-1.039494306812,0.000000000000,-5.608709335327,-1.770539760590,-1.953170299530,-1.884999275208
505,0.011451247166,69,80.000000000000,0.700000000000,0.000000000000,0.000000000000,-25.256277830372,-1.474926740894,0.000000000000,10.189325332642,4.996830940247,3.332851409912,1.859642982483
506,0.011473922902,69,80.000000000000,0.700000000000,0.003159968022,0.000013512778,-25.256301715240,1.191827028027,0.023893825029,28.408665657043,10.740262985229,9.511721611023,8.156681060791
507,0.011496598639,69,80.000000000000,0.700000000000,0.015540147177,0.000000000000,-25.256419176670,-14.623599579914,0.000000000000,37.423957824707,13.029382705688,12.529417037964,11.865158081055
508,0.011519274376,69,80.000000000000,0.700000000000,4.283374152417,0.000310834130,-25.288795398532,27.415570264248,0.114598176214,40.658833503723,13.719188690186,13.582358360291,13.357286453247
509,0.011541950113,69,80.000000000000,0.700000000000,20.554319679533,0.000174047516,-25.444156847357,-37.551063400504,0.085752595122,41.654775619507,13.910362243652,13.902385711670,13.842027664185
510,0.011564625850,69,80.000000000000,0.700000000000,0.000000000000,0.000000000000,-25.444156847357,-60.894813738226,0.000000000000,42.590581893921,13.942918777466,14.184474945068,14.463188171387
511,0.011587301587,69,80.000000000000,0.700000000000,0.000000000000,0.000000000000,-25.444156847357,-68.762302599310,0.000000000000,34.453932762146,12.005167007446,11.424832344055,11.023933410645
512,0.011609977324,69,80.000000000000,0.700000000000,0.000000000000,0.000000000000,-25.444156847357,-69.614681444525,0.000000000000,56.062540054321,20.162256240845,18.667222976685,17.233060836792
513,0.011632653061,69,80.000000000000,0.700000000000,0.000000000000,0.000000000000,-25.444156847357,-69.299129686712,0.000000000000,75.964279174805,26.163738250732,25.371072769165,24.429468154907
514,0.011655328798,69,80.000000000000,0.700000000000,0.000000000000,0.000000000000,-25.444156847357,-68.932193956732,0.000000000000,80.366399765015,26.818740844727,26.833246231079,26.714412689209
515,0.011678004535,69,80.000000000000,0.700000000000,0.000000000000,0.000000000000,-25.444156847357,-68.608326158880,0.000000000000,78.229576110840,25.817008972168,26.091545104980,26.321022033691
516,0.011700680272,69,80.000000000000,0.700000000000,0.000000000000,0.000000000000,-25.444156847357,-68.288280687689,0.000000000000,74.988731384277,24.703378677368,24.997488021851,25.287864685059
517,0.011723356009,69,80.000000000000,0.700000000000,0.000000000000,0.000000000000,-25.444156847357,-67.941536150336,0.000000000000,71.931343078613,23.703060150146,23.975564956665,24.252717971802
518,0.011746031746,69,80.000000000000,0.700000000000,0.000000000000,0.000000000000,-25.444156847357,-67.557357988714,0.000000000000,69.104801177979,22.777061462402,23.033618927002,23.294120788574
519,0.011768707483,69,80.000000000000,0.700000000000,0.000000000000,0.000000000000,-25.444156847357,-67.137821398138,0.000000000000,66.393064498901,21.881824493408,22.130163192749,22.381076812744
520,0.011791383220,69,80.000000000000,0.700000000000,0.000000000000,0.000000000000,-25.444156847357,-66.690296373724,0.000000000000,63.714796066284,20.994213104248,21.237821578979,21.482761383057
521,0.011814058957,69,80.000000000000,0.700000000000,0.000000000000,0.000000000000,-25.444156847357,-66.222431383490,0.000000000000,61.069395065308,20.110235214233,20.355237960815,20.603921890259
522,0.011836734694,69,80.000000000000,0.700000000000,0.000000000000,0.000000000000,-25.444156847357,-65.739841661810,0.000000000000,58.219932556152,19.191040039062,19.407796859741,19.621095657349
523,0.011859410431,69,80.000000000000,0.700000000000,0.000000000000,0.000000000000,-25.444156847357,-65.245422563910,0.000000000000,56.357755661011,18.499757766724,18.788307189941,19.069690704346
524,0.011882086168,69,80.000000000000,0.700000000000,0.000000000000,0.000000000000,-25.444156847357,-64.736267290472,0.000000000000,51.870578765869,17.014169692993,17.275939941406,17.580469131470
525,0.011904761905,69,80.000000000000,0.700000000000,0.000000000000,0.000000000000,-25.444156847357,-64.266044817328,0.000000000000,49.636047363281,16.598720550537,16.522449493408,16.514877319336
526,0.011927437642,69,80.000000000000,0.700000000000,0.000000000000,0.000000000000,-25.444156847357,-63.227028093695,0.000000000000,52.224485397339,17.607055664062,17.407175064087,17.210254669189
527,0.011950113379,69,80.000000000000,0.700000000000,0.000000000000,0.000000000000,-25.444156847357,-66.357097826361,0.000000000000,53.360740661621,17.801803588867,17.802772521973,17.756164550781
528,0.011972789116,69,80.000000000000,0.700000000000,0.000000000000,0.000000000000,-25.444156847357,-49.366033754706,0.000000000000,52.030471801758,17.202716827393,17.359434127808,17.468320846558
529,0.011995464853,69,80.000000000000,0.700000000000,0.000000000000,0.000000000000,-25.444156847357,-81.074882707953,0.000000000000,50.392623901367,16.448915481567,16.786539077759,17.157169342041
530,0.012018140590,69,80.000000000000,0.700000000000,0.000000000000,0.000000000000,-25.444156847357,-60.955394945502,0.000000000000,42.405240058899,14.464220046997,14.185961723328,13.755058288574
531,0.012040816327,69,80.000000000000,0.700000000000,0.000000000000,0.000000000000,-25.444156847357,-43.046694002508,0.000000000000,63.859645843506,19.523983001709,21.271488189697,23.064174652100
532,0.012063492063,69,80.000000000000,0.700000000000,0.000000000000,0.000000000000,-25.444156847357,-37.179478845953,0.000000000000,10.789303779602,4.476411819458,3.274872779846,3.038019180298
533,0.012086167800,69,80.000000000000,0.700000000000,0.000000000000,0.000000000000,-25.444156847357,-35.700661859869,0.000000000000,71.500047683716,29.309896469116,23.694519042969,18.495632171631
534,0.012108843537,69,80.000000000000,0.700000000000,0.000000000000,0.000000000000,-25.444156847357,-35.020117006659,0.000000000000,116.773899078369,41.828849792480,39.136997222900,35.808052062988
535,0.012131519274,69,80.000000000000,0.700000000000,0.000000000000,0.000000000000,-25.444156847357,-34.340458116888,0.000000000000,129.755691528320,43.934776306152,43.413459777832,42.407455444336
536,0.012154195011,69,80.000000000000,0.700000000000,0.000000000000,0.000000000000,-25.444156847357,-33.602572641730,0.000000000000,130.326789855957,43.335735321045,43.502098083496,43.488956451416
537,0.012176870748,69,80.000000000000,0.700000000000,0.000000000000,0.000000000000,-25.444156847357,-32.854377947211,0.000000000000,127.853126525879,42.329818725586,42.632247924805,42.891059875488
538,0.012199546485,69,80.000000000000,0.700000000000,0.000000000000,0.000000000000,-25.444156847357,-32.131822786688,0.000000000000,124.886760711670,41.317356109619,41.630878448486,41.938526153564
539,0.012222222222,69,80.000000000000,0.700000000000,0.000000000000,0.000000000000,-25.444156847357,-31.450412950873,0.000000000000,121.925350189209,40.334133148193,40.641372680664,40.949844360352
540,0.012244897959,69,80.000000000000,0.700000000000,0.000000000000,0.000000000000,-25.444156847357,-30.812784395575,0.000000000000,119.020648956299,39.371673583984,39.673110961914,39.975864410400
541,0.012267573696,69,80.000000000000,0.700000000000,0.000000000000,0.000000000000,-25.444156847357,-30.215787134527,0.000000000000,116.182147979736,38.426986694336,38.727680206299,39.027481079102
542,0.012290249433,69,80.000000000000,0.700000000000,0.000000000000,0.000000000000,-25.444156847357,-29.654662332892,0.000000000000,113.375965118408,37.467697143555,37.783573150635,38.124694824219
543,0.012312925170,69,80.000000000000,0.700000000000,0.000000000000,0.000000000000,-25.444156847357,-29.125169954657,0.000000000000,109.331752777100,36.412639617920,36.460796356201,36.458316802979
544,0.012335600907,69,80.000000000000,0.700000000000,0.000000000000,0.000000000000,-25.444156847357,-28.623644075751,0.000000000000,115.437423706055,37.636875152588,38.555728912354,39.244819641113
545,0.012358276644,69,80.000000000000,0.700000000000,0.000000000000,0.000000000000,-25.444156847357,-28.154859743475,0.000000000000,92.620895385742,28.876548767090,30.906745910645,32.837600708008
546,0.012380952381,69,80.000000000000,0.700000000000,0.000000000000,0.000000000000,-25.444156847357,-27.638332567572,0.000000000000,68.801588058472,21.520858764648,22.876527786255,24.404201507568
547,0.012403628118,69,80.000000000000,0.700000000000,0.000000000000,0.000000000000,-25.444156847357,-27.702738008856,0.000000000000,59.861852645874,19.465162277222,19.895374298096,20.501316070557
548,0.012426303855,69,80.000000000000,0.700000000000,0.000000000000,0.000000000000,-25.444156847357,-24.966139994024,0.000000000000,58.258348464966,19.315700531006,19.397527694702,19.545120239258
549,0.012448979592,69,80.000000000000,0.700000000000,0.000000000000,0.000000000000,-25.444156847357,-30.469100675940,0.000000000000,58.466979980469,19.407001495361,19.476352691650,19.583625793457
550,0.012471655329,69,80.000000000000,0.700000000000,0.000000000000,0.000000000000,-25.444156847357,-26.164945803045,0.000000000000,56.649536132812,19.118135452271,18.924615859985,18.606784820557
551,0.012494331066,69,80.000000000000,0.700000000000,0.000000000000,0.000000000000,-25.444156847357,-21.325292787909,0.000000000000,67.404695510864,21.162961959839,22.392889022827,23.848844528198
552,0.012517006803,69,80.000000000000,0.700000000000,0.000000000000,0.000000000000,-25.444156847357,-19.051149568915,0.000000000000,23.136838912964,9.943532943726,7.617762565613,5.575543403625
553,0.012539682540,69,80.000000000000,0.700000000000,0.000000000000,0.000000000000,-25.444156847357,-18.190396509527,0.000000000000,105.303535461426,35.752876281738,35.506118774414,34.044540405273
554,0.012562358277,69,80.000000000000,0.700000000000,0.000000000000,0.000000000000,-25.444156847357,-17.837821207403,0.000000000000,51.863964080811,10.754457473755,17.601816177368,23.507690429688
555,0.012585034014,69,80.000000000000,0.700000000000,0.000000000000,0.000000000000,-25.444156847357,-17.673374376654,0.000000000000,-11.562274932861,-8.580307960510,-4.071538925171,1.089571952820
556,0.012607709751,69,80.000000000000,0.700000000000,0.000000000000,0.000000000000,-25.444156847357,-17.597233972906,0.000000000000,-37.695364952087,-14.281550407410,-12.805440902710,-10.608373641968
557,0.012630385488,69,80.000000000000,0.700000000000,0.000000000000,0.000000000000,-25.444156847357,-17.569835863470,0.000000000000,-44.142879486084,-15.076957702637,-14.821849822998,-14.244071960449
558,0.012653061224,69,80.000000000000,0.700000000000,0.000000000000,0.000000000000,-25.444156847357,-17.571701250433,0.000000000000,-44.721431732178,-14.897623062134,-14.938003540039,-14.885805130005
559,0.012675736961,69,80.000000000000,0.700000000000,0.000000000000,0.000000000000,-25.444156847357,-17.592994890570,0.000000000000,-44.165539741516,-14.647943496704,-14.727786064148,-14.789810180664
560,0.012698412698,69,80.000000000000,0.700000000000,0.000000000000,0.000000000000,-25.444156847357,-17.628470621466,0.000000000000,-43.542113304138,-14.434270858765,-14.514046669006,-14.593795776367
561,0.012721088435,69,80.000000000000,0.700000000000,0.000000000000,0.000000000000,-25.444156847357,-17.674643717169,0.000000000000,-42.805860519409,-14.214045524597,-14.273711204529,-14.318103790283
562,0.012743764172,69,80.000000000000,0.700000000000,0.000000000000,0.000000000000,-25.444156847357,-17.728545389532,0.000000000000,-43.213698387146,-14.159999847412,-14.381483078003,-14.672215461731
563,0.012766439909,69,80.000000000000,0.700000000000,0.000000000000,0.000000000000,-25.444156847357,-17.787459574103,0.000000000000,-36.074415206909,-12.656294822693,-12.084197998047,-11.333922386169
564,0.012789115646,69,80.000000000000,0.700000000000,0.000000000000,0.000000000000,-25.444156847357,-17.848364076971,0.000000000000,-61.619770050049,-18.835590362549,-20.545516967773,-22.238662719727
565,0.012811791383,69,80.000000000000,0.700000000000,0.000000000000,0.000000000000,-25.444156847357,-17.913657389044,0.000000000000,-9.548270225525,-3.877644538879,-2.810499191284,-2.860126495361
566,0.012834467120,69,80.000000000000,0.700000000000,0.000000000000,0.000000000000,-25.444156847357,-17.946607313513,0.000000000000,-65.486722946167,-27.756050109863,-21.630832672119,-16.099840164185
567,0.012857142857,69,80.000000000000,0.700000000000,0.000000000000,0.000000000000,-25.444156847357,-17.914138040899,0.000000000000,-114.607013702393,-41.811893463135,-38.432327270508,-34.362792968750
568,0.012879818594,69,80.000000000000,0.700000000000,0.000000000000,0.000000000000,-25.444156847357,-19.895108423590,0.000000000000,-132.086017608643,-45.130950927734,-44.231151580811,-42.723915100098
569,0.012902494331,69,80.000000000000,0.700000000000,0.000000000000,0.000000000000,-25.444156847357,-12.700811586737,0.000000000000,-135.343551635742,-45.218345642090,-45.199409484863,-44.925796508789
570,0.012925170068,69,80.000000000000,0.700000000000,0.000000000000,0.000000000000,-25.444156847357,-5.948887071966,0.000000000000,-134.904689788818,-44.753040313721,-44.983482360840,-45.168167114258
571,0.012947845805,69,80.000000000000,0.700000000000,0.000000000000,0.000000000000,-25.444156847357,-3.009155474066,0.000000000000,-131.652873992920,-43.890525817871,-43.905891418457,-43.856456756592
572,0.012970521542,69,80.000000000000,0.700000000000,0.000000000000,0.000000000000,-25.444156847357,-2.683174333929,0.000000000000,-137.315883636475,-45.047290802002,-45.790275573730,-46.478317260742
573,0.012993197279,69,80.000000000000,0.700000000000,0.000000000000,0.000000000000,-25.444156847357,-3.382511339544,0.000000000000,-118.132164001465,-39.039337158203,-39.281963348389,-39.810863494873
574,0.013015873016,69,80.000000000000,0.700000000000,0.000000000000,0.000000000000,-25.444156847357,-4.328783235907,0.000000000000,-128.757080078125,-44.257698059082,-42.834571838379,-41.664810180664
575,0.013038548753,69,80.000000000000,0.700000000000,0.000000000000,0.000000000000,-25.444156847357,-5.303356371283,0.000000000000,-144.176757812500,-49.188163757324,-48.099922180176,-46.888671875000
576,0.013061224490,69,80.000000000000,0.700000000000,0.000000000000,0.000000000000,-25.444156847357,-6.275186739325,0.000000000000,-151.182723999023,-50.760696411133,-50.459655761719,-49.962371826172
577,0.013083900227,69,80.000000000000,0.700000000000,0.000000000000,0.000000000000,-25.444156847357,-7.246483049750,0.000000000000,-152.133960723877,-50.619613647461,-50.749378204346,-50.764968872070
578,0.013106575964,69,80.000000000000,0.700000000000,0.000000000000,0.000000000000,-25.444156847357,-8.217605791449,0.000000000000,-150.518463134766,-49.894721984863,-50.188629150391,-50.435111999512
579,0.013129251701,69,80.000000000000,0.700000000000,0.000000000000,0.000000000000,-25.444156847357,-9.184620104193,0.000000000000,-147.953945159912,-48.971565246582,-49.323776245117,-49.658603668213
580,0.013151927438,69,80.000000000000,0.700000000000,0.000000000000,0.000000000000,-25.444156847357,-10.141675196051,0.000000000000,-145.024162292480,-47.968971252441,-48.343147277832,-48.712043762207
581,0.013174603175,69,80.000000000000,0.700000000000,0.000000000000,0.000000000000,-25.444156847357,-11.083112917303,0.000000000000,-141.913303375244,-46.930351257324,-47.306781768799,-47.676170349121
582,0.013197278912,69,80.000000000000,0.700000000000,0.000000000000,0.000000000000,-25.444156847357,-12.004640779852,0.000000000000,-139.074874877930,-45.915039062500,-46.344902038574,-46.814933776855
583,0.013219954649,69,80.000000000000,0.700000000000,0.000000000000,0.000000000000,-25.444156847357,-12.903248033880,0.000000000000,-133.552410125732,-44.516700744629,-44.570396423340,-44.465312957764
584,0.013242630385,69,80.000000000000,0.700000000000,0.000000000000,0.000000000000,-25.444156847357,-13.775887689947,0.000000000000,-143.527179718018,-46.009456634521,-47.760368347168,-49.757354736328
585,0.013265306122,69,80.000000000000,0.700000000000,0.000000000000,0.000000000000,-25.444156847357,-14.640657625555,0.000000000000,-93.395111083984,-33.068321228027,-30.988265991211,-29.338523864746
586,0.013287981859,69,80.000000000000,0.700000000000,0.000000000000,0.000000000000,-25.444156847357,-15.295438967108,0.000000000000,-171.429450988770,-58.072502136230,-57.589546203613,-55.767402648926
587,0.013310657596,69,80.000000000000,0.700000000000,0.000000000000,0.000000000000,-25.444156847357,-17.372658930182,0.000000000000,-124.384216308594,-34.515552520752,-41.869487762451,-47.999176025391
588,0.013333333333,69,80.000000000000,0.700000000000,0.000000000000,0.000000000000,-25.444156847357,-11.917997560858,0.000000000000,-57.671453475952,-13.538633346558,-19.010213851929,-25.122606277466
589,0.013356009070,69,80.000000000000,0.700000000000,0.000000000000,0.000000000000,-25.444156847357,-24.925423822760,0.000000000000,-25.352739334106,-6.004860877991,-8.162736892700,-11.185141563416
590,0.013378684807,69,80.000000000000,0.700000000000,0.000000000000,0.000000000000,-25.444156847357,-8.874664507269,0.000000000000,-14.378723144531,-3.978999137878,-4.649216651917,-5.750507354736
591,0.013401360544,69,80.000000000000,0.700000000000,0.000000000000,0.000000000000,-25.444156847357,-1.952041826605,0.000000000000,-10.302576065063,-3.157644271851,-3.390539169312,-3.754392623901
592,0.013424036281,69,80.000000000000,0.700000000000,0.000000000000,0.000000000000,-25.444156847357,-0.549812517523,0.000000000000,-8.954277992249,-2.736242294312,-2.978784561157,-3.239251136780
593,0.013446712018,69,80.000000000000,0.700000000000,0.000000000000,0.000000000000,-25.444156847357,-0.223324022650,0.000000000000,-5.193235397339,-1.482185363770,-1.714223861694,-1.996826171875
594,0.013469387755,69,80.000000000000,0.700000000000,0.000000000000,0.000000000000,-25.444156847357,-0.150432787298,0.000000000000,-3.247341156006,-1.184330940247,-1.053828239441,-1.009181976318
595,0.013492063492,69,80.000000000000,0.700000000000,0.000000000000,0.000000000000,-25.444156847357,-0.200132570624,0.000000000000,-6.292238235474,-2.395026206970,-2.092762947083,-1.804449081421
596,0.013514739229,69,80.000000000000,0.700000000000,0.000000000000,0.000000000000,-25.444156847357,-0.307914934515,0.000000000000,-8.413146018982,-2.934067726135,-2.821658134460,-2.657420158386
597,0.013537414966,69,80.000000000000,0.700000000000,0.000000000000,0.000000000000,-25.444156847357,-0.433819017767,0.000000000000,-8.267328262329,-2.700872421265,-2.771123886108,-2.795331954956
598,0.013560090703,69,80.000000000000,0.700000000000,0.000000000000,0.000000000000,-25.444156847357,-0.556867800116,0.000000000000,-6.911912918091,-2.162415504456,-2.311058044434,-2.438439369202
599,0.013582766440,69,80.000000000000,0.700000000000,0.000000000000,0.000000000000,-25.444156847357,-0.668148241400,0.000000000000,-5.164474487305,-1.554533958435,-1.723544120789,-1.886396408081
600,0.013605442177,69,80.000000000000,0.700000000000,0.000000000000,0.000000000000,-25.444156847357,-0.766027651190,0.000000000000,-3.349602699280,-0.947383880615,-1.116555213928,-1.285663604736
601,0.013628117914,69,80.000000000000,0.700000000000,0.000000000000,0.000000000000,-25.444156847357,-0.852920732855,0.000000000000,-1.566870689392,-0.359629631042,-0.521989822388,-0.685251235962
602,0.013650793651,69,80.000000000000,0.700000000000,0.000000000000,0.000000000000,-25.444156847357,-0.932916841864,0.000000000000,0.097187042236,0.197694778442,0.035608291626,-0.136116027832
603,0.013673469388,69,80.000000000000,0.700000000000,0.000000000000,0.000000000000,-25.444156847357,-1.010200701117,0.000000000000,2.078791618347,0.775964736938,0.683519363403,0.619307518005
604,0.013696145125,69,80.000000000000,0.700000000000,0.000000000000,0.000000000000,-25.444156847357,-1.089170656561,0.000000000000,1.536849021912,0.915703773499,0.531864166260,0.089281082153
605,0.013718820862,69,80.000000000000,0.700000000000,0.000000000000,0.000000000000,-25.444156847357,-1.179012499212,0.000000000000,11.034568786621,3.291275978088,3.707041740417,4.036251068115
606,0.013741496599,69,80.000000000000,0.700000000000,0.000000000000,0.000000000000,-25.444156847357,-1.219913683294,0.000000000000,-4.981163024902,-1.782257080078,-1.764925003052,-1.433980941772
607,0.013764172336,69,80.000000000000,0.700000000000,0.000000000000,0.000000000000,-25.444156847357,-1.888912401556,0.000000000000,6.477049827576,3.865044593811,2.051804542542,0.560200691223
608,0.013786848073,69,80.000000000000,0.700000000000,0.010689997023,0.000022954766,-25.444237648544,2.024610318781,0.031142235681,24.782238006592,9.893253326416,8.298497200012,6.590487480164
609,0.013809523810,69,80.000000000000,0.700000000000,0.052499870264,0.000000000000,-25.444634472960,-16.924949295882,0.000000000000,35.523304939270,12.669776916504,11.918108940125,10.935419082642
610,0.013832199546,69,80.000000000000,0.700000000000,3.191290096285,0.000273498472,-25.468756091224,24.122565234071,0.107495629882,39.893054008484,13.590640068054,13.345300674438,12.957113265991
611,0.013854875283,69,80.000000000000,0.700000000000,16.511386479093,0.000215858860,-25.593558710113,-27.769130388878,0.095498883952,41.255421638489,13.856103897095,13.784792900085,13.614524841309
612,0.013877551020,69,80.000000000000,0.700000000000,0.000000000000,0.000000000000,-25.593558710113,-56.641208093658,0.000000000000,43.283463478088,14.079089164734,14.420627593994,14.783746719360
613,0.013900226757,69,80.000000000000,0.700000000000,0.000000000000,0.000000000000,-25.593558710113,-67.696246545807,0.000000000000,33.437289237976,11.565810203552,11.056124687195,10.815354347229
614,0.013922902494,69,80.000000000000,0.700000000000,0.000000000000,0.000000000000,-25.593558710113,-69.556731622711,0.000000000000,51.173545837402,18.816331863403,17.009412765503,15.347801208496
615,0.013945578231,69,80.000000000000,0.700000000000,0.000000000000,0.000000000000,-25.593558710113,-69.429126184479,0.000000000000,72.380601882935,25.377841949463,24.189857482910,22.812902450562
616,0.013968253968,69,80.000000000000,0.700000000000,0.000000000000,0.000000000000,-25.593558710113,-69.076552789703,0.000000000000,79.522319793701,26.736434936523,26.580429077148,26.205455780029
617,0.013990929705,69,80.000000000000,0.700000000000,0.000000000000,0.000000000000,-25.593558710113,-68.749335687652,0.000000000000,78.610887527466,25.958860397339,26.235244750977,26.416782379150
618,0.014013605442,69,80.000000000000,0.700000000000,0.000000000000,0.000000000000,-25.593558710113,-68.431163232818,0.000000000000,75.623067855835,24.864143371582,25.213722229004,25.545202255249
619,0.014036281179,69,80.000000000000,0.700000000000,0.000000000000,0.000000000000,-25.593558710113,-68.090609949127,0.000000000000,72.549863815308,23.849327087402,24.181970596313,24.518566131592
620,0.014058956916,69,80.000000000000,0.700000000000,0.000000000000,0.000000000000,-25.593558710113,-67.713897150055,0.000000000000,69.685012817383,22.913875579834,23.226444244385,23.544692993164
621,0.014081632653,69,80.000000000000,0.700000000000,0.000000000000,0.000000000000,-25.593558710113,-67.301188867584,0.000000000000,66.955484390259,22.015672683716,22.317169189453,22.622642517090
622,0.014104308390,69,80.000000000000,0.700000000000,0.000000000000,0.000000000000,-25.593558710113,-66.859168451324,0.000000000000,64.270721435547,21.128097534180,21.423065185547,21.719558715820
623,0.014126984127,69,80.000000000000,0.700000000000,0.000000000000,0.000000000000,-25.593558710113,-66.395545404449,0.000000000000,61.649642944336,20.248201370239,20.547960281372,20.853481292725
624,0.014149659864,69,80.000000000000,0.700000000000,0.000000000000,0.000000000000,-25.593558710113,-65.916343133941,0.000000000000,58.720823287964,19.315177917480,19.574712753296,19.830932617188
625,0.014172335601,69,80.000000000000,0.700000000000,0.000000000000,0.000000000000,-25.593558710113,-65.425292413727,0.000000000000,57.000797271729,18.664653778076,19.005847930908,19.330295562744
626,0.014195011338,69,80.000000000000,0.700000000000,0.000000000000,0.000000000000,-25.593558710113,-64.914660852447,0.000000000000,52.668516159058,17.182884216309,17.540147781372,17.945484161377
627,0.014217687075,69,80.000000000000,0.700000000000,0.000000000000,0.000000000000,-25.593558710113,-64.492171686188,0.000000000000,49.681493759155,16.548622131348,16.526817321777,16.606054306030
628,0.014240362812,69,80.000000000000,0.700000000000,0.000000000000,0.000000000000,-25.593558710113,-63.157271783844,0.000000000000,51.706514358521,17.459598541260,17.227930068970,17.018985748291
629,0.014263038549,69,80.000000000000,0.700000000000,0.000000000000,0.000000000000,-25.593558710113,-67.498801630035,0.000000000000,53.207496643066,17.790901184082,17.754573822021,17.662021636963
630,0.014285714286,69,80.000000000000,0.700000000000,0.000000000000,0.000000000000,-25.593558710113,-48.569163721100,0.000000000000,52.230514526367,17.291856765747,17.437170028687,17.501487731934
631,0.014308390023,69,80.000000000000,0.700000000000,0.000000000000,0.000000000000,-25.593558710113,-78.224616449371,0.000000000000,51.449396133423,16.669401168823,17.127899169922,17.652095794678
632,0.014331065760,69,80.000000000000,0.700000000000,0.000000000000,0.000000000000,-25.593558710113,-64.275634210602,0.000000000000,41.033830642700,14.238535881042,13.748104095459,13.047190666199
633,0.014353741497,69,80.000000000000,0.700000000000,0.000000000000,0.000000000000,-25.593558710113,-45.641011636749,0.000000000000,67.217741012573,20.417697906494,22.438911437988,24.361131668091
634,0.014376417234,69,80.000000000000,0.700000000000,0.000000000000,0.000000000000,-25.593558710113,-38.178261201874,0.000000000000,15.674087524414,5.332118511200,4.802732944489,5.539236068726
635,0.014399092971,69,80.000000000000,0.700000000000,0.000000000000,0.000000000000,-25.593558710113,-36.090904634491,0.000000000000,59.416416168213,25.774415969849,19.534313201904,14.107686996460
636,0.014421768707,69,80.000000000000,0.700000000000,0.000000000000,0.000000000000,-25.593558710113,-35.290896814361,0.000000000000,108.264881134033,40.103805541992,36.325736999512,31.835338592529
637,0.014444444444,69,80.000000000000,0.700000000000,0.000000000000,0.000000000000,-25.593558710113,-34.609038751617,0.000000000000,126.935554504395,43.587638854980,42.556632995605,40.791282653809
638,0.014467120181,69,80.000000000000,0.700000000000,0.000000000000,0.000000000000,-25.593558710113,-33.878898065582,0.000000000000,129.994529724121,43.385089874268,43.441436767578,43.168003082275
639,0.014489795918,69,80.000000000000,0.700000000000,0.000000000000,0.000000000000,-25.593558710113,-33.131461542145,0.000000000000,128.226802825928,42.448013305664,42.774784088135,43.004005432129
640,0.014512471655,69,80.000000000000,0.700000000000,0.000000000000,0.000000000000,-25.593558710113,-32.404334466949,0.000000000000,125.402198791504,41.439861297607,41.807155609131,42.155181884766
641,0.014535147392,69,80.000000000000,0.700000000000,0.000000000000,0.000000000000,-25.593558710113,-31.716159265533,0.000000000000,122.453983306885,40.453834533691,40.818199157715,41.181949615479
642,0.014557823129,69,80.000000000000,0.700000000000,0.000000000000,0.000000000000,-25.593558710113,-31.071534555450,0.000000000000,119.541057586670,39.489135742188,39.846343994141,40.205577850342
643,0.014580498866,69,80.000000000000,0.700000000000,0.000000000000,0.000000000000,-25.593558710113,-30.468142908111,0.000000000000,116.688171386719,38.544918060303,38.897899627686,39.245353698730
644,0.014603174603,69,80.000000000000,0.700000000000,0.000000000000,0.000000000000,-25.593558710113,-29.901412408844,0.000000000000,114.053840637207,37.599704742432,38.003154754639,38.450981140137
645,0.014625850340,69,80.000000000000,0.700000000000,0.000000000000,0.000000000000,-25.593558710113,-29.367038171783,0.000000000000,109.035602569580,36.363265991211,36.357440948486,36.314895629883
646,0.014648526077,69,80.000000000000,0.700000000000,0.000000000000,0.000000000000,-25.593558710113,-28.860505502716,0.000000000000,116.625991821289,38.123809814453,38.984123229980,39.518058776855
647,0.014671201814,69,80.000000000000,0.700000000000,0.000000000000,0.000000000000,-25.593558710113,-28.393455904022,0.000000000000,97.830553054810,30.315591812134,32.679306030273,34.835655212402
648,0.014693877551,69,80.000000000000,0.700000000000,0.000000000000,0.000000000000,-25.593558710113,-27.832880418793,0.000000000000,73.148153305054,22.484500885010,24.316200256348,26.347452163696
649,0.014716553288,69,80.000000000000,0.700000000000,0.000000000000,0.000000000000,-25.593558710113,-28.067170541778,0.000000000000,61.523794174194,19.718486785889,20.417762756348,21.387544631958
650,0.014739229025,69,80.000000000000,0.700000000000,0.000000000000,0.000000000000,-25.593558710113,-24.970463197723,0.000000000000,58.520530700684,19.310546875000,19.466159820557,19.743824005127
651,0.014761904762,69,80.000000000000,0.700000000000,0.000000000000,0.000000000000,-25.593558710113,-30.375248353973,0.000000000000,58.617856979370,19.393899917603,19.509311676025,19.714645385742
652,0.014784580499,69,80.000000000000,0.700000000000,0.000000000000,0.000000000000,-25.593558710113,-27.102404993072,0.000000000000,55.514314651489,18.939426422119,18.572023391724,18.002864837646
653,0.014807256236,69,80.000000000000,0.700000000000,0.000000000000,0.000000000000,-25.593558710113,-22.196373384491,0.000000000000,70.720842361450,21.838039398193,23.492811203003,25.389991760254
654,0.014829931973,69,80.000000000000,0.700000000000,0.000000000000,0.000000000000,-25.593558710113,-19.553461473480,0.000000000000,20.098545074463,8.868192672729,6.500906467438,4.729445934296
655,0.014852607710,69,80.000000000000,0.700000000000,0.000000000000,0.000000000000,-25.593558710113,-18.487782876983,0.000000000000,95.745447158813,33.744850158691,32.394741058350,29.605855941772
656,0.014875283447,69,80.000000000000,0.700000000000,0.000000000000,0.000000000000,-25.593558710113,-18.056549470917,0.000000000000,63.831699371338,14.631345748901,21.792041778564,27.408311843872
657,0.014897959184,69,80.000000000000,0.700000000000,0.000000000000,0.000000000000,-25.593558710113,-17.861469667450,0.000000000000,0.385473251343,-5.917360782623,-0.066329479218,6.369163513184
658,0.014920634921,69,80.000000000000,0.700000000000,0.000000000000,0.000000000000,-25.593558710113,-17.770804803863,0.000000000000,-32.387362480164,-13.447229385376,-11.131378173828,-7.808754920959
659,0.014943310658,69,80.000000000000,0.700000000000,0.000000000000,0.000000000000,-25.593558710113,-17.735342424408,0.000000000000,-42.626355171204,-14.933271408081,-14.391108512878,-13.301975250244
660,0.014965986395,69,80.000000000000,0.700000000000,0.000000000000,0.000000000000,-25.593558710113,-17.732238214508,0.000000000000,-44.472572326660,-14.903186798096,-14.886592864990,-14.682792663574
661,0.014988662132,69,80.000000000000,0.700000000000,0.000000000000,0.000000000000,-25.593558710113,-17.750130098358,0.000000000000,-44.204162597656,-14.667747497559,-14.749881744385,-14.786533355713
662,0.015011337868,69,80.000000000000,0.700000000000,0.000000000000,0.000000000000,-25.593558710113,-17.783081453338,0.000000000000,-43.637651443481,-14.452410697937,-14.546564102173,-14.638676643372
663,0.015034013605,69,80.000000000000,0.700000000000,0.000000000000,0.000000000000,-25.593558710113,-17.827348154083,0.000000000000,-42.771081924438,-14.217742919922,-14.268318176270,-14.285020828247
664,0.015056689342,69,80.000000000000,0.700000000000,0.000000000000,0.000000000000,-25.593558710113,-17.879878442779,0.000000000000,-43.939310073853,-14.272168159485,-14.605798721313,-15.061343193054
665,0.015079365079,69,80.000000000000,0.700000000000,0.000000000000,0.000000000000,-25.593558710113,-17.937959115997,0.000000000000,-34.125355720520,-12.281296730042,-11.448521614075,-10.395537376404
666,0.015102040816,69,80.000000000000,0.700000000000,0.000000000000,0.000000000000,-25.593558710113,-17.998123090759,0.000000000000,-64.069309234619,-19.547935485840,-21.424491882324,-23.096881866455
667,0.015124716553,69,80.000000000000,0.700000000000,0.000000000000,0.000000000000,-25.593558710113,-18.065239351288,0.000000000000,-14.748829364777,-4.789542675018,-4.451906204224,-5.507380485535
668,0.015147392290,69,80.000000000000,0.700000000000,0.000000000000,0.000000000000,-25.593558710113,-18.109856527344,0.000000000000,-53.945539474487,-24.266784667969,-17.629146575928,-12.049608230591
669,0.015170068027,69,80.000000000000,0.700000000000,0.000000000000,0.000000000000,-25.593558710113,-17.913253229156,0.000000000000,-105.212020874023,-39.840671539307,-35.308143615723,-30.063205718994
670,0.015192743764,69,80.000000000000,0.700000000000,0.000000000000,0.000000000000,-25.593558710113,-20.392726343170,0.000000000000,-128.323001861572,-44.590820312500,-43.064907073975,-40.667274475098
671,0.015215419501,69,80.000000000000,0.700000000000,0.000000000000,0.000000000000,-25.593558710113,-14.136792581573,0.000000000000,-134.351661682129,-45.141155242920,-44.931247711182,-44.279258728027
672,0.015238095238,69,80.000000000000,0.700000000000,0.000000000000,0.000000000000,-25.593558710113,-7.121293466583,0.000000000000,-135.011833190918,-44.796615600586,-45.038009643555,-45.177207946777
673,0.015260770975,69,80.000000000000,0.700000000000,0.000000000000,0.000000000000,-25.593558710113,-3.582621973053,0.000000000000,-131.221706390381,-43.814395904541,-43.771438598633,-43.635871887207
674,0.015283446712,69,80.000000000000,0.700000000000,0.000000000000,0.000000000000,-25.593558710113,-2.874682825104,0.000000000000,-138.318164825439,-45.334167480469,-46.148231506348,-46.835765838623
675,0.015306122449,69,80.000000000000,0.700000000000,0.000000000000,0.000000000000,-25.593558710113,-3.425309579864,0.000000000000,-119.529739379883,-39.205505371094,-39.730438232422,-40.593795776367
676,0.015328798186,69,80.000000000000,0.700000000000,0.000000000000,0.000000000000,-25.593558710113,-4.333335321441,0.000000000000,-125.887260437012,-43.296562194824,-41.828659057617,-40.762039184570
677,0.015351473923,69,80.000000000000,0.700000000000,0.000000000000,0.000000000000,-25.593558710113,-5.301326196686,0.000000000000,-141.012832641602,-48.430847167969,-47.034179687500,-45.547805786133
678,0.015374149660,69,80.000000000000,0.700000000000,0.000000000000,0.000000000000,-25.593558710113,-6.271592538849,0.000000000000,-149.629608154297,-50.485458374023,-49.963768005371,-49.180381774902
679,0.015396825397,69,80.000000000000,0.700000000000,0.000000000000,0.000000000000,-25.593558710113,-7.241389673248,0.000000000000,-151.772335052490,-50.594429016113,-50.650806427002,-50.527099609375
680,0.015419501134,69,80.000000000000,0.700000000000,0.000000000000,0.000000000000,-25.593558710113,-8.211268823639,0.000000000000,-150.706336975098,-49.961196899414,-50.263236999512,-50.481903076172
681,0.015442176871,69,80.000000000000,0.700000000000,0.000000000000,0.000000000000,-25.593558710113,-9.177909296051,0.000000000000,-148.360603332520,-49.071510314941,-49.464454650879,-49.824638366699
682,0.015464852608,69,80.000000000000,0.700000000000,0.000000000000,0.000000000000,-25.593558710113,-10.135683458343,0.000000000000,-145.524261474609,-48.083450317383,-48.511383056641,-48.929428100586
683,0.015487528345,69,80.000000000000,0.700000000000,0.000000000000,0.000000000000,-25.593558710113,-11.078833978668,0.000000000000,-142.409988403320,-47.048538208008,-47.475997924805,-47.885452270508
684,0.015510204082,69,80.000000000000,0.700000000000,0.000000000000,0.000000000000,-25.593558710113,-12.002834718719,0.000000000000,-139.888919830322,-46.067199707031,-46.603404998779,-47.218315124512
685,0.015532879819,69,80.000000000000,0.700000000000,0.000000000000,0.000000000000,-25.593558710113,-12.904567163482,0.000000000000,-132.883369445801,-44.462177276611,-44.376396179199,-44.044795989990
686,0.015555555556,69,80.000000000000,0.700000000000,0.000000000000,0.000000000000,-25.593558710113,-13.778987329498,0.000000000000,-147.474975585938,-46.850868225098,-49.080986022949,-51.543121337891
687,0.015578231293,69,80.000000000000,0.700000000000,0.000000000000,0.000000000000,-25.593558710113,-14.662038248077,0.000000000000,-91.732749938965,-32.258510589600,-30.313560485840,-29.160678863525
688,0.015600907029,69,80.000000000000,0.700000000000,0.000000000000,0.000000000000,-25.593558710113,-15.214470308319,0.000000000000,-161.777919769287,-56.020206451416,-54.424949645996,-51.332763671875
689,0.015623582766,69,80.000000000000,0.700000000000,0.000000000000,0.000000000000,-25.593558710113,-17.765055578247,0.000000000000,-135.453094482422,-38.272731781006,-45.781124114990,-51.399238586426
690,0.015646258503,69,80.000000000000,0.700000000000,0.000000000000,0.000000000000,-25.593558710113,-11.429864328399,0.000000000000,-70.435293197632,-16.464315414429,-23.316730499268,-30.654247283936
691,0.015668934240,69,80.000000000000,0.700000000000,0.000000000000,0.000000000000,-25.593558710113,-23.761233251587,0.000000000000,-31.895500183105,-7.104801177979,-10.249673843384,-14.541025161743
692,0.015691609977,69,80.000000000000,0.700000000000,0.000000000000,0.000000000000,-25.593558710113,-11.130555551544,0.000000000000,-16.866734027863,-4.312267303467,-5.391386985779,-7.163079738617
693,0.015714285714,69,80.000000000000,0.700000000000,0.000000000000,0.000000000000,-25.593558710113,-3.085349481598,0.000000000000,-11.189280509949,-3.287977218628,-3.645574569702,-4.255728721619
694,0.015736961451,69,80.000000000000,0.700000000000,0.000000000000,0.000000000000,-25.593558710113,-0.968099039093,0.000000000000,-9.570975303650,-2.880187988281,-3.175299644470,-3.515487670898
695,0.015759637188,69,80.000000000000,0.700000000000,0.000000000000,0.000000000000,-25.593558710113,-0.466750543609,0.000000000000,-5.938422203064,-1.640760421753,-1.958998680115,-2.338663101196
696,0.015782312925,69,80.000000000000,0.700000000000,0.000000000000,0.000000000000,-25.593558710113,-0.347705286041,0.000000000000,-3.279685020447,-1.129749298096,-1.052726745605,-1.097208976746
697,0.015804988662,69,80.000000000000,0.700000000000,0.000000000000,0.000000000000,-25.593558710113,-0.377526681915,0.000000000000,-5.689995765686,-2.223625183105,-1.883155822754,-1.583214759827
698,0.015827664399,69,80.000000000000,0.700000000000,0.000000000000,0.000000000000,-25.593558710113,-0.476577203766,0.000000000000,-8.073653221130,-2.881194114685,-2.710887908936,-2.481571197510
699,0.015850340136,69,80.000000000000,0.700000000000,0.000000000000,0.000000000000,-25.593558710113,-0.600100915924,0.000000000000,-8.361650466919,-2.757708549500,-2.809410095215,-2.794531822205
700,0.015873015873,69,80.000000000000,0.700000000000,0.000000000000,0.000000000000,-25.593558710113,-0.723987024322,0.000000000000,-7.247290611267,-2.263491630554,-2.427692413330,-2.556106567383
701,0.015895691610,69,80.000000000000,0.700000000000,0.000000000000,0.000000000000,-25.593558710113,-0.837365549103,0.000000000000,-5.585148811340,-1.666395187378,-1.865854263306,-2.052899360657
702,0.015918367347,69,80.000000000000,0.700000000000,0.000000000000,0.000000000000,-25.593558710113,-0.937432687774,0.000000000000,-3.788124084473,-1.059324264526,-1.263205528259,-1.465594291687
703,0.015941043084,69,80.000000000000,0.700000000000,0.000000000000,0.000000000000,-25.593558710113,-1.025975626007,0.000000000000,-1.992355346680,-0.468097686768,-0.664255142212,-0.860002517700
704,0.015963718821,69,80.000000000000,0.700000000000,0.000000000000,0.000000000000,-25.593558710113,-1.106872003570,0.000000000000,-0.359376907349,0.089340209961,-0.113913536072,-0.334803581238
705,0.015986394558,69,80.000000000000,0.700000000000,0.000000000000,0.000000000000,-25.593558710113,-1.184253137604,0.000000000000,1.881195068359,0.702387809753,0.612161636353,0.566645622253
706,0.016009070295,69,80.000000000000,0.700000000000,0.000000000000,0.000000000000,-25.593558710113,-1.262019556061,0.000000000000,0.550805091858,0.702266693115,0.204010009766,-0.355471611023
707,0.016031746032,69,80.000000000000,0.700000000000,0.000000000000,0.000000000000,-25.593558710113,-1.355378549591,0.000000000000,11.359254837036,3.437267303467,3.841776847839,4.080210685730
708,0.016054421769,69,80.000000000000,0.700000000000,0.000000000000,0.000000000000,-25.593558710113,-1.344954889313,0.000000000000,-3.940378665924,-1.689602851868,-1.430503368378,-0.820272445679
709,0.016077097506,69,80.000000000000,0.700000000000,0.000000000000,0.000000000000,-25.593558710113,-2.342376153961,0.000000000000,3.381574630737,2.833215713501,0.966130256653,-0.417771339417
710,0.016099773243,69,80.000000000000,0.700000000000,0.026266964909,0.000033933295,-25.593757251042,2.992916662201,0.037863989944,21.046013832092,8.988038063049,7.034819602966,5.023156166077
711,0.016122448980,69,80.000000000000,0.700000000000,0.128766490261,0.000000000000,-25.594730542730,-18.676573445453,0.000000000000,33.272761344910,12.239856719971,11.188991546631,9.843913078308
712,0.016145124717,69,80.000000000000,0.700000000000,2.254881601761,0.000235164191,-25.611774243423,20.741481615473,0.099677916587,38.909301757812,13.428869247437,13.039817810059,12.440614700317
713,0.016167800454,69,80.000000000000,0.700000000000,12.914905538380,0.000242757691,-25.709392577047,-19.056212829693,0.101274441218,40.662917137146,13.776506423950,13.608540534973,13.277870178223
714,0.016190476190,69,80.000000000000,0.700000000000,0.125474196313,0.000000000000,-25.710340983671,-51.884073583568,0.000000000000,43.970899581909,14.237565994263,14.664854049683,15.068479537964
715,0.016213151927,69,80.000000000000,0.700000000000,0.000000000000,0.000000000000,-25.710340983671,-66.164686686796,0.000000000000,33.052152633667,11.257943153381,10.898456573486,10.895752906799
716,0.016235827664,69,80.000000000000,0.700000000000,0.000000000000,0.000000000000,-25.710340983671,-69.321600444120,0.000000000000,46.740973472595,17.529956817627,15.489406585693,13.721610069275
717,0.016258503401,69,80.000000000000,0.700000000000,0.000000000000,0.000000000000,-25.710340983671,-69.497030741971,0.000000000000,68.402652740479,24.486396789551,22.868009567261,21.048246383667
718,0.016281179138,69,80.000000000000,0.700000000000,0.000000000000,0.000000000000,-25.710340983671,-69.185221202176,0.000000000000,78.154308319092,26.558942794800,26.157766342163,25.437599182129
719,0.016303854875,69,80.000000000000,0.700000000000,0.000000000000,0.000000000000,-25.710340983671,-68.857748515409,0.000000000000,78.749662399292,26.070102691650,26.306476593018,26.373083114624
720,0.016326530612,69,80.000000000000,0.700000000000,0.000000000000,0.000000000000,-25.710340983671,-68.540777690214,0.000000000000,76.199304580688,25.021871566772,25.415309906006,25.762123107910
721,0.016349206349,69,80.000000000000,0.700000000000,0.000000000000,0.000000000000,-25.710340983671,-68.205828196805,0.000000000000,73.167438507080,23.997375488281,24.389499664307,24.780563354492
722,0.016371882086,69,80.000000000000,0.700000000000,0.000000000000,0.000000000000,-25.710340983671,-67.836451060575,0.000000000000,70.271186828613,23.051784515381,23.421411514282,23.797990798950
723,0.016394557823,69,80.000000000000,0.700000000000,0.000000000000,0.000000000000,-25.710340983671,-67.430719859403,0.000000000000,67.520898818970,22.149694442749,22.505023956299,22.866180419922
724,0.016417233560,69,80.000000000000,0.700000000000,0.000000000000,0.000000000000,-25.710340983671,-66.994429118436,0.000000000000,64.824108123779,21.261449813843,21.607492446899,21.955165863037
725,0.016439909297,69,80.000000000000,0.700000000000,0.000000000000,0.000000000000,-25.710340983671,-66.535254008573,0.000000000000,62.234647750854,20.386655807495,20.742164611816,21.105827331543
726,0.016462585034,69,80.000000000000,0.700000000000,0.000000000000,0.000000000000,-25.710340983671,-66.059530741971,0.000000000000,59.217985153198,19.437385559082,19.739730834961,20.040868759155
727,0.016485260771,69,80.000000000000,0.700000000000,0.000000000000,0.000000000000,-25.710340983671,-65.572302348417,0.000000000000,57.603921890259,18.824426651001,19.210987091064,19.568508148193
728,0.016507936508,69,80.000000000000,0.700000000000,0.000000000000,0.000000000000,-25.710340983671,-65.056330210966,0.000000000000,53.515470504761,17.367490768433,17.823040008545,18.324939727783
729,0.016530612245,69,80.000000000000,0.700000000000,0.000000000000,0.000000000000,-25.710340983671,-64.705523021024,0.000000000000,49.890493392944,16.529464721680,16.584848403931,16.776180267334
730,0.016553287982,69,80.000000000000,0.700000000000,0.000000000000,0.000000000000,-25.710340983671,-62.987730510038,0.000000000000,51.245122909546,17.313764572144,17.063785552979,16.867572784424
731,0.016575963719,69,80.000000000000,0.700000000000,0.000000000000,0.000000000000,-25.710340983671,-68.624926097196,0.000000000000,52.981149673462,17.758804321289,17.678987503052,17.543357849121
732,0.016598639456,69,80.000000000000,0.700000000000,0.000000000000,0.000000000000,-25.710340983671,-48.164635188383,0.000000000000,52.275070190430,17.358428955078,17.467290878296,17.449350357056
733,0.016621315193,69,80.000000000000,0.700000000000,0.000000000000,0.000000000000,-25.710340983671,-75.361422068876,0.000000000000,52.657411575317,16.912528991699,17.516668319702,18.228214263916
734,0.016643990930,69,80.000000000000,0.700000000000,0.000000000000,0.000000000000,-25.710340983671,-66.988920695585,0.000000000000,39.507552146912,13.972298622131,13.250411987305,12.284841537476
735,0.016666666667,69,80.000000000000,0.700000000000,0.000000000000,0.000000000000,-25.710340983671,-48.356096751493,0.000000000000,69.491230010986,21.121585845947,23.274166107178,25.095478057861
736,0.016689342404,69,80.000000000000,0.700000000000,0.000000000000,0.000000000000,-25.710340983671,-39.361429698270,0.000000000000,21.245689392090,6.261517047882,6.580035686493,8.404136657715
737,0.016712018141,69,80.000000000000,0.700000000000,0.000000000000,0.000000000000,-25.710340983671,-36.533206469816,0.000000000000,49.380324363708,22.569841384888,16.012660980225,10.797821998596
738,0.016734693878,69,80.000000000000,0.700000000000,0.000000000000,0.000000000000,-25.710340983671,-35.546648509305,0.000000000000,98.948211669922,38.115013122559,33.205303192139,27.627895355225
739,0.016757369615,69,80.000000000000,0.700000000000,0.000000000000,0.000000000000,-25.710340983671,-34.845569140714,0.000000000000,123.031082153320,43.053718566895,41.345294952393,38.632068634033
740,0.016780045351,69,80.000000000000,0.700000000000,0.000000000000,0.000000000000,-25.710340983671,-34.121592051786,0.000000000000,129.145107269287,43.376705169678,43.228897094727,42.539505004883
741,0.016802721088,69,80.000000000000,0.700000000000,0.000000000000,0.000000000000,-25.710340983671,-33.375934130948,0.000000000000,128.436298370361,42.554992675781,42.875118255615,43.006187438965
742,0.016825396825,69,80.000000000000,0.700000000000,0.000000000000,0.000000000000,-25.710340983671,-32.645017154020,0.000000000000,125.879165649414,41.561241149902,41.975334167480,42.342590332031
743,0.016848072562,69,80.000000000000,0.700000000000,0.000000000000,0.000000000000,-25.710340983671,-31.950380809110,0.000000000000,122.976840972900,40.573741912842,40.994396209717,41.408702850342
744,0.016870748299,69,80.000000000000,0.700000000000,0.000000000000,0.000000000000,-25.710340983671,-31.298764712613,0.000000000000,120.063587188721,39.606639862061,40.020183563232,40.436763763428
745,0.016893424036,69,80.000000000000,0.700000000000,0.000000000000,0.000000000000,-25.710340983671,-30.688867099088,0.000000000000,117.172786712646,38.661231994629,39.062339782715,39.449214935303
746,0.016916099773,69,80.000000000000,0.700000000000,0.000000000000,0.000000000000,-25.710340983671,-30.116398341459,0.000000000000,114.814868927002,37.744979858398,38.250194549561,38.819694519043
747,0.016938775510,69,80.000000000000,0.700000000000,0.000000000000,0.000000000000,-25.710340983671,-29.577087886136,0.000000000000,108.742431640625,36.292881011963,36.246917724609,36.202632904053
748,0.016961451247,69,80.000000000000,0.700000000000,0.000000000000,0.000000000000,-25.710340983671,-29.064965731901,0.000000000000,117.199146270752,38.479804992676,39.205535888672,39.513805389404
749,0.016984126984,69,80.000000000000,0.700000000000,0.000000000000,0.000000000000,-25.710340983671,-28.602842814725,0.000000000000,102.518135070801,31.683803558350,34.292610168457,36.541721343994
750,0.017006802721,69,80.000000000000,0.700000000000,0.000000000000,0.000000000000,-25.710340983671,-27.985591418546,0.000000000000,77.815013885498,23.544628143311,25.874769210815,28.395616531372
751,0.017029478458,69,80.000000000000,0.700000000000,0.000000000000,0.000000000000,-25.710340983671,-28.408836848539,0.000000000000,63.712509155273,20.069496154785,21.112281799316,22.530731201172
752,0.017052154195,69,80.000000000000,0.700000000000,0.000000000000,0.000000000000,-25.710340983671,-24.988549716276,0.000000000000,59.026847839355,19.338279724121,19.609519958496,20.079048156738
753,0.017074829932,69,80.000000000000,0.700000000000,0.000000000000,0.000000000000,-25.710340983671,-30.181759364408,0.000000000000,58.966318130493,19.398094177246,19.596649169922,19.971574783325
754,0.017097505669,69,80.000000000000,0.700000000000,0.000000000000,0.000000000000,-25.710340983671,-27.902431971830,0.000000000000,54.069196701050,18.708351135254,18.117418289185,17.243427276611
755,0.017120181406,69,80.000000000000,0.700000000000,0.000000000000,0.000000000000,-25.710340983671,-23.061736590665,0.000000000000,74.036993026733,22.554742813110,24.615800857544,26.866449356079
756,0.017142857143,69,80.000000000000,0.700000000000,0.000000000000,0.000000000000,-25.710340983671,-20.077398783964,0.000000000000,18.839663505554,8.113056182861,5.947296619415,4.779310703278
757,0.017165532880,69,80.000000000000,0.700000000000,0.000000000000,0.000000000000,-25.710340983671,-18.782644755643,0.000000000000,85.793050765991,31.656747817993,29.103332519531,25.032970428467
758,0.017188208617,69,80.000000000000,0.700000000000,0.000000000000,0.000000000000,-25.710340983671,-18.254820353788,0.000000000000,72.863744735718,17.992450714111,25.042041778564,29.829252243042
759,0.017210884354,69,80.000000000000,0.700000000000,0.000000000000,0.000000000000,-25.710340983671,-18.021883494657,0.000000000000,12.657648563385,-3.030268192291,4.109408378601,11.578508377075
760,0.017233560091,69,80.000000000000,0.700000000000,0.000000000000,0.000000000000,-25.710340983671,-17.914122111600,0.000000000000,-25.795638084412,-12.361363410950,-9.022867202759,-4.411407470703
761,0.017256235828,69,80.000000000000,0.700000000000,0.000000000000,0.000000000000,-25.710340983671,-17.869554049772,0.000000000000,-40.342970848083,-14.691917419434,-13.727442741394,-11.923610687256
762,0.017278911565,69,80.000000000000,0.700000000000,0.000000000000,0.000000000000,-25.710340983671,-17.860987193387,0.000000000000,-43.943797111511,-14.886197090149,-14.759971618652,-14.297628402710
763,0.017301587302,69,80.000000000000,0.700000000000,0.000000000000,0.000000000000,-25.710340983671,-17.875224597257,0.000000000000,-44.167866706848,-14.684741020203,-14.755187988281,-14.727937698364
764,0.017324263039,69,80.000000000000,0.700000000000,0.000000000000,0.000000000000,-25.710340983671,-17.905501849454,0.000000000000,-43.734933853149,-14.471816062927,-14.580868721008,-14.682249069214
765,0.017346938776,69,80.000000000000,0.700000000000,0.000000000000,0.000000000000,-25.710340983671,-17.947754390043,0.000000000000,-42.660497665405,-14.213697433472,-14.241921424866,-14.204878807068
766,0.017369614512,69,80.000000000000,0.700000000000,0.000000000000,0.000000000000,-25.710340983671,-17.998810298246,0.000000000000,-44.862426757812,-14.413557052612,-14.892267227173,-15.556602478027
767,0.017392290249,69,80.000000000000,0.700000000000,0.000000000000,0.000000000000,-25.710340983671,-18.055995471280,0.000000000000,-32.113043785095,-11.876238822937,-10.778930664062,-9.457874298096
768,0.017414965986,69,80.000000000000,0.700000000000,0.000000000000,0.000000000000,-25.710340983671,-18.115223414701,0.000000000000,-65.402698516846,-20.067510604858,-21.959222793579,-23.375965118408
769,0.017437641723,69,80.000000000000,0.700000000000,0.000000000000,0.000000000000,-25.710340983671,-18.182837970060,0.000000000000,-20.430777072906,-5.750445365906,-6.282819271088,-8.397512435913
770,0.017460317460,69,80.000000000000,0.700000000000,0.000000000000,0.000000000000,-25.710340983671,-18.252783305448,0.000000000000,-44.501290321350,-21.117126464844,-14.286252021790,-9.097911834717
771,0.017482993197,69,80.000000000000,0.700000000000,0.000000000000,0.000000000000,-25.710340983671,-17.860012061399,0.000000000000,-95.217765808105,-37.632366180420,-31.937198638916,-25.648200988770
772,0.017505668934,69,80.000000000000,0.700000000000,0.000000000000,0.000000000000,-25.710340983671,-20.732296473783,0.000000000000,-123.479705810547,-43.855571746826,-41.539501190186,-38.084632873535
773,0.017528344671,69,80.000000000000,0.700000000000,0.000000000000,0.000000000000,-25.710340983671,-15.454996592801,0.000000000000,-132.760711669922,-44.994903564453,-44.485298156738,-43.280509948730
774,0.017551020408,69,80.000000000000,0.700000000000,0.000000000000,0.000000000000,-25.710340983671,-8.326345927518,0.000000000000,-134.972160339355,-44.833351135254,-45.057266235352,-45.081542968750
775,0.017573696145,69,80.000000000000,0.700000000000,0.000000000000,0.000000000000,-25.710340983671,-4.216988093656,0.000000000000,-130.698802947998,-43.721546173096,-43.608116149902,-43.369140625000
776,0.017596371882,69,80.000000000000,0.700000000000,0.000000000000,0.000000000000,-25.710340983671,-3.089697367948,0.000000000000,-139.057491302490,-45.590583801270,-46.427509307861,-47.039398193359
777,0.017619047619,69,80.000000000000,0.700000000000,0.000000000000,0.000000000000,-25.710340983671,-3.457294947904,0.000000000000,-121.282909393311,-39.469577789307,-40.308567047119,-41.504764556885
778,0.017641723356,69,80.000000000000,0.700000000000,0.000000000000,0.000000000000,-25.710340983671,-4.311277873319,0.000000000000,-123.656970977783,-42.441711425781,-41.027370452881,-40.187889099121
779,0.017664399093,69,80.000000000000,0.700000000000,0.000000000000,0.000000000000,-25.710340983671,-5.268078334134,0.000000000000,-137.804416656494,-47.624206542969,-45.938087463379,-44.242122650146
780,0.017687074830,69,80.000000000000,0.700000000000,0.000000000000,0.000000000000,-25.710340983671,-6.235975749296,0.000000000000,-147.743644714355,-50.139461517334,-49.353492736816,-48.250690460205
781,0.017709750567,69,80.000000000000,0.700000000000,0.000000000000,0.000000000000,-25.710340983671,-7.204193599027,0.000000000000,-151.162925720215,-50.532318115234,-50.474655151367,-50.155952453613
782,0.017732426304,69,80.000000000000,0.700000000000,0.000000000000,0.000000000000,-25.710340983671,-8.172739512723,0.000000000000,-150.772583007812,-50.013328552246,-50.302513122559,-50.456741333008
783,0.017755102041,69,80.000000000000,0.700000000000,0.000000000000,0.000000000000,-25.710340983671,-9.138826854032,0.000000000000,-148.715045928955,-49.165866851807,-49.590759277344,-49.958419799805
784,0.017777777778,69,80.000000000000,0.700000000000,0.000000000000,0.000000000000,-25.710340983671,-10.097120768827,0.000000000000,-146.007778167725,-48.195693969727,-48.674823760986,-49.137260437012
785,0.017800453515,69,80.000000000000,0.700000000000,0.000000000000,0.000000000000,-25.710340983671,-11.041813380521,0.000000000000,-142.863800048828,-47.163040161133,-47.634029388428,-48.066730499268
786,0.017823129252,69,80.000000000000,0.700000000000,0.000000000000,0.000000000000,-25.710340983671,-11.968139178556,0.000000000000,-140.835002899170,-46.233093261719,-46.899948120117,-47.701961517334
787,0.017845804989,69,80.000000000000,0.700000000000,0.000000000000,0.000000000000,-25.710340983671,-12.873048312467,0.000000000000,-131.909717559814,-44.356025695801,-44.081794738770,-43.471897125244
788,0.017868480726,69,80.000000000000,0.700000000000,0.000000000000,0.000000000000,-25.710340983671,-13.747904307645,0.000000000000,-151.304031372070,-47.718902587891,-50.389671325684,-53.195457458496
789,0.017891156463,69,80.000000000000,0.700000000000,0.000000000000,0.000000000000,-25.710340983671,-14.657826907438,0.000000000000,-91.844793319702,-31.770114898682,-30.205503463745,-29.869174957275
790,0.017913832200,69,80.000000000000,0.700000000000,0.000000000000,0.000000000000,-25.710340983671,-15.072582728666,0.000000000000,-152.024238586426,-53.925323486328,-51.168136596680,-46.930778503418
791,0.017936507937,69,80.000000000000,0.700000000000,0.000000000000,0.000000000000,-25.710340983671,-18.139671809476,0.000000000000,-143.596218109131,-41.507923126221,-48.746833801270,-53.341461181641
792,0.017959183673,69,80.000000000000,0.700000000000,0.000000000000,0.000000000000,-25.710340983671,-11.115463740629,0.000000000000,-83.248252868652,-19.574867248535,-27.708198547363,-35.965187072754
793,0.017981859410,69,80.000000000000,0.700000000000,0.000000000000,0.000000000000,-25.710340983671,-22.641840464872,0.000000000000,-39.659472465515,-8.458778381348,-12.758975028992,-18.441719055176
794,0.018004535147,69,80.000000000000,0.700000000000,0.000000000000,0.000000000000,-25.710340983671,-13.093809611600,0.000000000000,-20.184370040894,-4.754975318909,-6.388969421387,-9.040425300598
795,0.018027210884,69,80.000000000000,0.700000000000,0.000000000000,0.000000000000,-25.710340983671,-4.334902293485,0.000000000000,-12.406185150146,-3.444704055786,-3.989766120911,-4.971714973450
796,0.018049886621,69,80.000000000000,0.700000000000,0.000000000000,0.000000000000,-25.710340983671,-1.449007518094,0.000000000000,-10.241710662842,-3.022774696350,-3.380771636963,-3.838164329529
797,0.018072562358,69,80.000000000000,0.700000000000,0.000000000000,0.000000000000,-25.710340983671,-0.704905040067,0.000000000000,-6.741637229919,-1.813919067383,-2.222540855408,-2.705177307129
798,0.018095238095,69,80.000000000000,0.700000000000,0.000000000000,0.000000000000,-25.710340983671,-0.520243174833,0.000000000000,-3.478165626526,-1.106939315796,-1.105965614319,-1.265260696411
799,0.018117913832,69,80.000000000000,0.700000000000,0.000000000000,0.000000000000,-25.710340983671,-0.525442607206,0.000000000000,-5.165337562561,-2.057314872742,-1.695262908936,-1.412759780884
800,0.018140589569,69,80.000000000000,0.700000000000,0.000000000000,0.000000000000,-25.710340983671,-0.613863475126,0.000000000000,-7.665769577026,-2.808343887329,-2.574581146240,-2.282844543457
801,0.018163265306,69,80.000000000000,0.700000000000,0.000000000000,0.000000000000,-25.710340983671,-0.733995921415,0.000000000000,-8.367200851440,-2.798650741577,-2.818590164185,-2.749959945679
802,0.018185941043,69,80.000000000000,0.700000000000,0.000000000000,0.000000000000,-25.710340983671,-0.858234889310,0.000000000000,-7.532117843628,-2.358067512512,-2.529122352600,-2.644927978516
803,0.018208616780,69,80.000000000000,0.700000000000,0.000000000000,0.000000000000,-25.710340983671,-0.973539836210,0.000000000000,-5.986570358276,-1.776564598083,-2.002958297729,-2.207047462463
804,0.018231292517,69,80.000000000000,0.700000000000,0.000000000000,0.000000000000,-25.710340983671,-1.075808055204,0.000000000000,-4.223084449768,-1.171245574951,-1.409123420715,-1.642715454102
805,0.018253968254,69,80.000000000000,0.700000000000,0.000000000000,0.000000000000,-25.710340983671,-1.166115290922,0.000000000000,-2.413921356201,-0.576706886292,-0.805845260620,-1.031369209290
806,0.018276643991,69,80.000000000000,0.700000000000,0.000000000000,0.000000000000,-25.710340983671,-1.248049266141,0.000000000000,-0.842033386230,-0.021804809570,-0.270958900452,-0.549269676208
807,0.018299319728,69,80.000000000000,0.700000000000,0.000000000000,0.000000000000,-25.710340983671,-1.325733668607,0.000000000000,1.736221313477,0.636705398560,0.557906150818,0.541609764099
808,0.018321995465,69,80.000000000000,0.700000000000,0.000000000000,0.000000000000,-25.710340983671,-1.401979930204,0.000000000000,-0.456523895264,0.475674629211,-0.136153221130,-0.796045303345
809,0.018344671202,69,80.000000000000,0.700000000000,0.000000000000,0.000000000000,-25.710340983671,-1.503241069120,0.000000000000,11.412370681763,3.548361778259,3.892250061035,3.971758842468
810,0.018367346939,69,80.000000000000,0.700000000000,0.000000000000,0.000000000000,-25.710340983671,-1.414804942411,0.000000000000,-2.603379249573,-1.506349563599,-0.984426498413,-0.112603187561
811,0.018390022676,69,80.000000000000,0.700000000000,0.000000000000,0.000000000000,-25.710340983671,-2.845259196561,0.000000000000,0.938034057617,1.913003921509,0.091279983521,-1.066249847412
812,0.018412698413,69,80.000000000000,0.700000000000,0.052364784799,0.000045803610,-25.710736787033,4.039878361422,0.043990936601,17.327712059021,8.042397499084,5.760280609131,3.525033950806
813,0.018435374150,69,80.000000000000,0.700000000000,0.256146550232,0.000000000000,-25.712672890965,-19.904655411661,0.000000000000,30.705476760864,11.739269256592,10.349168777466,8.617038726807
814,0.018458049887,69,80.000000000000,0.700000000000,1.490318850789,0.000196416473,-25.723937583715,17.323932943996,0.091096629995,37.692309379578,13.229625701904,12.659523963928,11.803159713745
815,0.018480725624,69,80.000000000000,0.700000000000,9.729829624177,0.000254877921,-25.797481269460,-11.496444242448,0.103771827497,39.855448722839,13.666998863220,13.365663528442,12.822786331177
816,0.018503401361,69,80.000000000000,0.700000000000,0.752164182737,0.000000000000,-25.803166561847,-46.931749335270,0.000000000000,44.556005477905,14.404601097107,14.887047767639,15.264356613159
817,0.018526077098,69,80.000000000000,0.700000000000,0.000000000000,0.000000000000,-25.803166561847,-64.154282742267,0.000000000000,33.216502189636,11.074804306030,10.929924011230,11.211773872375
818,0.018548752834,69,80.000000000000,0.700000000000,0.000000000000,0.000000000000,-25.803166561847,-68.878697567706,0.000000000000,42.869277000427,16.322696685791,14.142792701721,12.403787612915
819,0.018571428571,69,80.000000000000,0.700000000000,0.000000000000,0.000000000000,-25.803166561847,-69.495297604327,0.000000000000,64.171430587769,23.506774902344,21.447355270386,19.217300415039
820,0.018594104308,69,80.000000000000,0.700000000000,0.000000000000,0.000000000000,-25.803166561847,-69.262913876300,0.000000000000,76.266620635986,26.281547546387,25.563014984131,24.422058105469
821,0.018616780045,69,80.000000000000,0.700000000000,0.000000000000,0.000000000000,-25.803166561847,-68.941712551837,0.000000000000,78.589498519897,26.141826629639,26.286918640137,26.160753250122
822,0.018639455782,69,80.000000000000,0.700000000000,0.000000000000,0.000000000000,-25.803166561847,-68.625878506427,0.000000000000,76.680538177490,25.172821044922,25.591747283936,25.915969848633
823,0.018662131519,69,80.000000000000,0.700000000000,0.000000000000,0.000000000000,-25.803166561847,-68.295930081134,0.000000000000,73.771646499634,24.146526336670,24.595146179199,25.029973983765
824,0.018684807256,69,80.000000000000,0.700000000000,0.000000000000,0.000000000000,-25.803166561847,-67.933686428790,0.000000000000,70.861360549927,23.190887451172,23.618263244629,24.052209854126
825,0.018707482993,69,80.000000000000,0.700000000000,0.000000000000,0.000000000000,-25.803166561847,-67.535042935138,0.000000000000,68.090127944946,22.284046173096,22.694046020508,23.112035751343
826,0.018730158730,69,80.000000000000,0.700000000000,0.000000000000,0.000000000000,-25.803166561847,-67.104706936603,0.000000000000,65.374961853027,21.394266128540,21.791099548340,22.189596176147
827,0.018752834467,69,80.000000000000,0.700000000000,0.000000000000,0.000000000000,-25.803166561847,-66.650189572101,0.000000000000,62.824134826660,20.525674819946,20.937870025635,21.360589981079
828,0.018775510204,69,80.000000000000,0.700000000000,0.000000000000,0.000000000000,-25.803166561847,-66.178002529865,0.000000000000,59.716901779175,19.558198928833,19.904447555542,20.254255294800
829,0.018798185941,69,80.000000000000,0.700000000000,0.000000000000,0.000000000000,-25.803166561847,-65.695408993488,0.000000000000,58.163738250732,18.977825164795,19.402132034302,19.783781051636
830,0.018820861678,69,80.000000000000,0.700000000000,0.000000000000,0.000000000000,-25.803166561847,-65.168347531085,0.000000000000,54.386259078979,17.564550399780,18.116828918457,18.704879760742
831,0.018843537415,69,80.000000000000,0.700000000000,0.000000000000,0.000000000000,-25.803166561847,-64.919160061603,0.000000000000,50.255388259888,16.541704177856,16.695182800293,17.018501281738
832,0.018866213152,69,80.000000000000,0.700000000000,0.000000000000,0.000000000000,-25.803166561847,-62.729550534015,0.000000000000,50.867113113403,17.174301147461,16.923780441284,16.769031524658
833,0.018888888889,69,80.000000000000,0.700000000000,0.000000000000,0.000000000000,-25.803166561847,-69.703931027179,0.000000000000,52.712636947632,17.708343505859,17.584552764893,17.419740676880
834,0.018911564626,69,80.000000000000,0.700000000000,0.000000000000,0.000000000000,-25.803166561847,-48.136006527667,0.000000000000,52.144104003906,17.399169921875,17.443134307861,17.301799774170
835,0.018934240363,69,80.000000000000,0.700000000000,0.000000000000,0.000000000000,-25.803166561847,-72.550576382404,0.000000000000,54.004737854004,17.178956985474,17.951137542725,18.874643325806
836,0.018956916100,69,80.000000000000,0.700000000000,0.000000000000,0.000000000000,-25.803166561847,-69.112286740070,0.000000000000,37.975157737732,13.683957099915,12.735835075378,11.555365562439
837,0.018979591837,69,80.000000000000,0.700000000000,0.000000000000,0.000000000000,-25.803166561847,-51.122645550494,0.000000000000,70.668819427490,21.644765853882,23.770242691040,25.253810882568
838,0.019002267574,69,80.000000000000,0.700000000000,0.000000000000,0.000000000000,-25.803166561847,-40.735829525714,0.000000000000,27.189567089081,7.247144222260,8.518943786621,11.423479080200
839,0.019024943311,69,80.000000000000,0.700000000000,0.000000000000,0.000000000000,-25.803166561847,-37.054529362445,0.000000000000,41.473246574402,19.713001251221,13.165917396545,8.594327926636
840,0.019047619048,69,80.000000000000,0.700000000000,0.000000000000,0.000000000000,-25.803166561847,-35.805309468036,0.000000000000,89.251180648804,35.918014526367,29.904575347900,23.428590774536
841,0.019070294785,69,80.000000000000,0.700000000000,0.000000000000,0.000000000000,-25.803166561847,-35.061163120990,0.000000000000,118.070178985596,42.319339752197,39.776481628418,35.974357604980
842,0.019092970522,69,80.000000000000,0.700000000000,0.000000000000,0.000000000000,-25.803166561847,-34.339560681110,0.000000000000,127.668785095215,43.293128967285,42.827548980713,41.548107147217
843,0.019115646259,69,80.000000000000,0.700000000000,0.000000000000,0.000000000000,-25.803166561847,-33.596308880573,0.000000000000,128.408691406250,42.644138336182,42.912754058838,42.851799011230
844,0.019138321995,69,80.000000000000,0.700000000000,0.000000000000,0.000000000000,-25.803166561847,-32.862419300800,0.000000000000,126.289222717285,41.679954528809,42.128604888916,42.480663299561
845,0.019160997732,69,80.000000000000,0.700000000000,0.000000000000,0.000000000000,-25.803166561847,-32.161698513751,0.000000000000,123.485450744629,40.693630218506,41.168308258057,41.623512268066
846,0.019183673469,69,80.000000000000,0.700000000000,0.000000000000,0.000000000000,-25.803166561847,-31.503141575580,0.000000000000,120.589340209961,39.724353790283,40.195075988770,40.669910430908
847,0.019206349206,69,80.000000000000,0.700000000000,0.000000000000,0.000000000000,-25.803166561847,-30.886646443134,0.000000000000,117.627624511719,38.774906158447,39.218368530273,39.634349822998
848,0.019229024943,69,80.000000000000,0.700000000000,0.000000000000,0.000000000000,-25.803166561847,-30.308300190692,0.000000000000,115.649394989014,37.904415130615,38.523197174072,39.221782684326
849,0.019251700680,69,80.000000000000,0.700000000000,0.000000000000,0.000000000000,-25.803166561847,-29.764039211993,0.000000000000,108.528713226318,36.213676452637,36.154056549072,36.160980224609
850,0.019274376417,69,80.000000000000,0.700000000000,0.000000000000,0.000000000000,-25.803166561847,-29.245483570819,0.000000000000,117.243206024170,38.712532043457,39.243614196777,39.287059783936
851,0.019297052154,69,80.000000000000,0.700000000000,0.000000000000,0.000000000000,-25.803166561847,-28.792352848773,0.000000000000,106.592292785645,32.962741851807,35.714588165283,37.914962768555
852,0.019319727891,69,80.000000000000,0.700000000000,0.000000000000,0.000000000000,-25.803166561847,-28.105033093219,0.000000000000,82.655376434326,24.682826995850,27.508327484131,30.464221954346
853,0.019342403628,69,80.000000000000,0.700000000000,0.000000000000,0.000000000000,-25.803166561847,-28.731433087116,0.000000000000,66.413393020630,20.521709442139,21.978055953979,23.913627624512
854,0.019365079365,69,80.000000000000,0.700000000000,0.000000000000,0.000000000000,-25.803166561847,-25.033753567462,0.000000000000,59.815448760986,19.406707763672,19.841434478760,20.567306518555
855,0.019387755102,69,80.000000000000,0.700000000000,0.000000000000,0.000000000000,-25.803166561847,-29.912265473132,0.000000000000,59.579160690308,19.427253723145,19.758462905884,20.393444061279
856,0.019410430839,69,80.000000000000,0.700000000000,0.000000000000,0.000000000000,-25.803166561847,-28.568445378070,0.000000000000,52.362834930420,18.424865722656,17.570447921753,16.367521286011
857,0.019433106576,69,80.000000000000,0.700000000000,0.000000000000,0.000000000000,-25.803166561847,-23.914240055805,0.000000000000,77.116127014160,23.281747817993,25.690158843994,28.144220352173
858,0.019455782313,69,80.000000000000,0.700000000000,0.000000000000,0.000000000000,-25.803166561847,-20.629573994403,0.000000000000,19.287856578827,7.666649818420,5.944423198700,5.676783561707
859,0.019478458050,69,80.000000000000,0.700000000000,0.000000000000,0.000000000000,-25.803166561847,-19.087290936237,0.000000000000,75.932889938354,29.533435821533,25.776311874390,20.623142242432
860,0.019501133787,69,80.000000000000,0.700000000000,0.000000000000,0.000000000000,-25.803166561847,-18.443885021930,0.000000000000,79.013355255127,20.828344345093,27.349836349487,30.835174560547
861,0.019523809524,69,80.000000000000,0.700000000000,0.000000000000,0.000000000000,-25.803166561847,-18.164367848163,0.000000000000,24.715667247772,0.003252506256,8.287005424500,16.425409317017
862,0.019546485261,69,80.000000000000,0.700000000000,0.000000000000,0.000000000000,-25.803166561847,-18.036259823566,0.000000000000,-18.059445381165,-11.020485877991,-6.508457183838,-0.530502319336
863,0.019569160998,69,80.000000000000,0.700000000000,0.000000000000,0.000000000000,-25.803166561847,-17.981299572711,0.000000000000,-37.188851356506,-14.331478118896,-12.792033195496,-10.065340042114
864,0.019591836735,69,80.000000000000,0.700000000000,0.000000000000,0.000000000000,-25.803166561847,-17.966691189533,0.000000000000,-43.036587715149,-14.836156845093,-14.528961181641,-13.671469688416
865,0.019614512472,69,80.000000000000,0.700000000000,0.000000000000,0.000000000000,-25.803166561847,-17.976983242755,0.000000000000,-44.009466171265,-14.695913314819,-14.731874465942,-14.581678390503
866,0.019637188209,69,80.000000000000,0.700000000000,0.000000000000,0.000000000000,-25.803166561847,-18.004420452838,0.000000000000,-43.828207015991,-14.492640495300,-14.616173744202,-14.719392776489
867,0.019659863946,69,80.000000000000,0.700000000000,0.000000000000,0.000000000000,-25.803166561847,-18.044541531329,0.000000000000,-42.452834129333,-14.199833869934,-14.188560485840,-14.064439773560
868,0.019682539683,69,80.000000000000,0.700000000000,0.000000000000,0.000000000000,-25.803166561847,-18.094020062213,0.000000000000,-45.969545364380,-14.585388183594,-15.239469528198,-16.144687652588
869,0.019705215420,69,80.000000000000,0.700000000000,0.000000000000,0.000000000000,-25.803166561847,-18.150252514606,0.000000000000,-30.190967559814,-11.459741592407,-10.120075225830,-8.611150741577
870,0.019727891156,69,80.000000000000,0.700000000000,0.000000000000,0.000000000000,-25.803166561847,-18.208473377948,0.000000000000,-65.641582489014,-20.405200958252,-22.151050567627,-23.085330963135
871,0.019750566893,69,80.000000000000,0.700000000000,0.000000000000,0.000000000000,-25.803166561847,-18.274148159747,0.000000000000,-26.280796051025,-6.742999076843,-8.214712142944,-11.323084831238
872,0.019773242630,69,80.000000000000,0.700000000000,0.000000000000,0.000000000000,-25.803166561847,-18.384915524249,0.000000000000,-37.187432289124,-18.320619583130,-11.625671386719,-7.241141319275
873,0.019795918367,69,80.000000000000,0.700000000000,0.000000000000,0.000000000000,-25.803166561847,-17.774678402667,0.000000000000,-85.046270370483,-35.243129730225,-28.448560714722,-21.354579925537
874,0.019818594104,69,80.000000000000,0.700000000000,0.000000000000,0.000000000000,-25.803166561847,-20.931184941058,0.000000000000,-117.621540069580,-42.915359497070,-39.662757873535,-35.043422698975
875,0.019841269841,69,80.000000000000,0.700000000000,0.000000000000,0.000000000000,-25.803166561847,-16.649086170917,0.000000000000,-130.465927124023,-44.761478424072,-43.824863433838,-41.879585266113
876,0.019863945578,69,80.000000000000,0.700000000000,0.000000000000,0.000000000000,-25.803166561847,-9.554213696246,0.000000000000,-134.706298828125,-44.856529235840,-45.019264221191,-44.830505371094
877,0.019886621315,69,80.000000000000,0.700000000000,0.000000000000,0.000000000000,-25.803166561847,-4.919547253375,0.000000000000,-130.089698791504,-43.613822937012,-43.418975830078,-43.056900024414
878,0.019909297052,69,80.000000000000,0.700000000000,0.000000000000,0.000000000000,-25.803166561847,-3.343112164264,0.000000000000,-139.493213653564,-45.808113098145,-46.613719940186,-47.071380615234
879,0.019931972789,69,80.000000000000,0.700000000000,0.000000000000,0.000000000000,-25.803166561847,-3.492190533405,0.000000000000,-123.269641876221,-39.817035675049,-40.980201721191,-42.472404479980
880,0.019954648526,69,80.000000000000,0.700000000000,0.000000000000,0.000000000000,-25.803166561847,-4.273543530231,0.000000000000,-122.084804534912,-41.703243255615,-40.441574096680,-39.939987182617
881,0.019977324263,69,80.000000000000,0.700000000000,0.000000000000,0.000000000000,-25.803166561847,-5.212947064166,0.000000000000,-134.676521301270,-46.786357879639,-44.851108551025,-43.039054870605
882,0.020000000000,69,80.000000000000,0.700000000000,0.000000000000,0.000000000000,-25.803166561847,-6.177121334796,0.000000000000,-145.569892883301,-49.723594665527,-48.639408111572,-47.206890106201
883,0.020022675737,69,80.000000000000,0.700000000000,0.000000000000,0.000000000000,-25.803166561847,-7.143582516437,0.000000000000,-150.286678314209,-50.428234100342,-50.212989807129,-49.645454406738
884,0.020045351474,69,80.000000000000,0.700000000000,0.000000000000,0.000000000000,-25.803166561847,-8.110699826007,0.000000000000,-150.691013336182,-50.047843933105,-50.298347473145,-50.344821929932
885,0.020068027211,69,80.000000000000,0.700000000000,0.000000000000,0.000000000000,-25.803166561847,-9.076070004230,0.000000000000,-149.001129150391,-49.253288269043,-49.698364257812,-50.049476623535
886,0.020090702948,69,80.000000000000,0.700000000000,0.000000000000,0.000000000000,-25.803166561847,-10.034686260944,0.000000000000,-146.471920013428,-48.305416107178,-48.832695007324,-49.333808898926
887,0.020113378685,69,80.000000000000,0.700000000000,0.000000000000,0.000000000000,-25.803166561847,-10.980738812213,0.000000000000,-143.256793975830,-47.272537231445,-47.776203155518,-48.208053588867
888,0.020136054422,69,80.000000000000,0.700000000000,0.000000000000,0.000000000000,-25.803166561847,-11.909230404620,0.000000000000,-141.935970306396,-46.416137695312,-47.242351531982,-48.277481079102
889,0.020158730159,69,80.000000000000,0.700000000000,0.000000000000,0.000000000000,-25.803166561847,-12.817469769244,0.000000000000,-130.680114746094,-44.198722839355,-43.696739196777,-42.784652709961
890,0.020181405896,69,80.000000000000,0.700000000000,0.000000000000,0.000000000000,-25.803166561847,-13.690722637897,0.000000000000,-154.784629821777,-48.583099365234,-51.616271972656,-54.585258483887
891,0.020204081633,69,80.000000000000,0.700000000000,0.000000000000,0.000000000000,-25.803166561847,-14.638624363666,0.000000000000,-93.614891052246,-31.588569641113,-30.639739990234,-31.386581420898
892,0.020226757370,69,80.000000000000,0.700000000000,0.000000000000,0.000000000000,-25.803166561847,-14.878345661884,0.000000000000,-142.638328552246,-51.831939697266,-47.960716247559,-42.845672607422
893,0.020249433107,69,80.000000000000,0.700000000000,0.000000000000,0.000000000000,-25.803166561847,-18.486214810138,0.000000000000,-148.930816650391,-44.217170715332,-50.782699584961,-53.930946350098
894,0.020272108844,69,80.000000000000,0.700000000000,0.000000000000,0.000000000000,-25.803166561847,-10.960776501422,0.000000000000,-95.595245361328,-22.793045043945,-32.020278930664,-40.781921386719
895,0.020294784580,69,80.000000000000,0.700000000000,0.000000000000,0.000000000000,-25.803166561847,-21.584307842975,0.000000000000,-48.464963912964,-10.065349578857,-15.649602890015,-22.750011444092
896,0.020317460317,69,80.000000000000,0.700000000000,0.000000000000,0.000000000000,-25.803166561847,-14.776576214557,0.000000000000,-24.414580345154,-5.327864646912,-7.676092147827,-11.410623550415
897,0.020340136054,69,80.000000000000,0.700000000000,0.000000000000,0.000000000000,-25.803166561847,-5.672364407306,0.000000000000,-14.059268951416,-3.639725685120,-4.455266952515,-5.964276313782
898,0.020362811791,69,80.000000000000,0.700000000000,0.000000000000,0.000000000000,-25.803166561847,-2.009186917072,0.000000000000,-11.015827178955,-3.166372299194,-3.607194900513,-4.242259979248
899,0.020385487528,69,80.000000000000,0.700000000000,0.000000000000,0.000000000000,-25.803166561847,-0.955292874103,0.000000000000,-7.595829010010,-1.998806953430,-2.500859260559,-3.096162796021
900,0.020408163265,69,80.000000000000,0.700000000000,0.000000000000,0.000000000000,-25.803166561847,-0.679616146808,0.000000000000,-3.835872650146,-1.115970611572,-1.211804389954,-1.508097648621
901,0.020430839002,69,80.000000000000,0.700000000000,0.000000000000,0.000000000000,-25.803166561847,-0.653357678180,0.000000000000,-4.744651794434,-1.900732040405,-1.537855148315,-1.306064605713
902,0.020453514739,69,80.000000000000,0.700000000000,0.000000000000,0.000000000000,-25.803166561847,-0.728758984332,0.000000000000,-7.214537620544,-2.718079566956,-2.419921875000,-2.076536178589
903,0.020476190476,69,80.000000000000,0.700000000000,0.000000000000,0.000000000000,-25.803166561847,-0.844327145343,0.000000000000,-8.285798072815,-2.822762489319,-2.798383712769,-2.664651870728
904,0.020498866213,69,80.000000000000,0.700000000000,0.000000000000,0.000000000000,-25.803166561847,-0.968341046100,0.000000000000,-7.758285522461,-2.444773674011,-2.612567901611,-2.700943946838
905,0.020521541950,69,80.000000000000,0.700000000000,0.000000000000,0.000000000000,-25.803166561847,-1.085354977374,0.000000000000,-6.361960411072,-1.884336471558,-2.132898330688,-2.344725608826
906,0.020544217687,69,80.000000000000,0.700000000000,0.000000000000,0.000000000000,-25.803166561847,-1.189809017902,0.000000000000,-4.651834487915,-1.282928466797,-1.553594589233,-1.815311431885
907,0.020566893424,69,80.000000000000,0.700000000000,0.000000000000,0.000000000000,-25.803166561847,-1.281975918536,0.000000000000,-2.827652931213,-0.685198783875,-0.945784568787,-1.196669578552
908,0.020589569161,69,80.000000000000,0.700000000000,0.000000000000,0.000000000000,-25.803166561847,-1.365082913165,0.000000000000,-1.355172157288,-0.136319160461,-0.436994552612,-0.781858444214
909,0.020612244898,69,80.000000000000,0.700000000000,0.000000000000,0.000000000000,-25.803166561847,-1.443305187946,0.000000000000,1.639265060425,0.579396247864,0.520283699036,0.539585113525
910,0.020634920635,69,80.000000000000,0.700000000000,0.000000000000,0.000000000000,-25.803166561847,-1.517365628009,0.000000000000,-1.445635795593,0.239994049072,-0.477012634277,-1.208617210388
911,0.020657596372,69,80.000000000000,0.700000000000,0.000000000000,0.000000000000,-25.803166561847,-1.633044415241,0.000000000000,11.173760414124,3.617336273193,3.848940849304,3.707483291626
912,0.020680272109,69,80.000000000000,0.700000000000,0.000000000000,0.000000000000,-25.803166561847,-1.432490521198,0.000000000000,-1.090538024902,-1.247614860535,-0.463260650635,0.620337486267
913,0.020702947846,69,80.000000000000,0.700000000000,0.000000000000,0.000000000000,-25.803166561847,-3.405976467853,0.000000000000,-0.850415706635,1.112893104553,-0.566387176514,-1.396921634674
914,0.020725623583,69,80.000000000000,0.700000000000,0.089835757029,0.000057918467,-25.803845592512,5.108408755536,0.049467718914,13.748718261719,7.074664115906,4.513856887817,2.160197257996
915,0.020748299320,69,80.000000000000,0.700000000000,0.438384083959,0.000000000000,-25.807159153238,-20.646495830240,0.000000000000,27.872064590454,11.169824600220,9.411179542542,7.291060447693
916,0.020770975057,69,80.000000000000,0.700000000000,0.901433011701,0.000157850143,-25.813972705858,13.922382625327,0.081664977486,36.235822677612,12.989210128784,12.200326919556,11.046285629272
917,0.020793650794,69,80.000000000000,0.700000000000,6.956404575793,0.000252872917,-25.866553239311,-5.135399197027,0.103362859535,38.821553230286,13.523807525635,13.050893783569,12.246851921082
918,0.020816326531,69,80.000000000000,0.700000000000,1.600238224235,0.000000000000,-25.878648766327,-41.800712806511,0.000000000000,44.952742576599,14.566948890686,15.059502601624,15.326291084290
919,0.020839002268,69,80.000000000000,0.700000000000,0.000000000000,0.000000000000,-25.878648766327,-61.666723259735,0.000000000000,33.827143669128,11.006919860840,11.121968269348,11.698255538940
920,0.020861678005,69,80.000000000000,0.700000000000,0.000000000000,0.000000000000,-25.878648766327,-68.196561821747,0.000000000000,39.630188941956,15.211383819580,12.996484756470,11.422320365906
921,0.020884353741,69,80.000000000000,0.700000000000,0.000000000000,0.000000000000,-25.878648766327,-69.411149987030,0.000000000000,59.833927154541,22.458076477051,19.972576141357,17.403274536133
922,0.020907029478,69,80.000000000000,0.700000000000,0.000000000000,0.000000000000,-25.878648766327,-69.310564049530,0.000000000000,73.889669418335,25.902215957642,24.801424026489,23.186029434204
923,0.020929705215,69,80.000000000000,0.700000000000,0.000000000000,0.000000000000,-25.878648766327,-69.006830223847,0.000000000000,78.083246231079,26.165332794189,26.160179138184,25.757734298706
924,0.020952380952,69,80.000000000000,0.700000000000,0.000000000000,0.000000000000,-25.878648766327,-68.693063744354,0.000000000000,77.025604248047,25.312511444092,25.730964660645,25.982128143311
925,0.020975056689,69,80.000000000000,0.700000000000,0.000000000000,0.000000000000,-25.878648766327,-68.367605217743,0.000000000000,74.345115661621,24.295680999756,24.794551849365,25.254882812500
926,0.020997732426,69,80.000000000000,0.700000000000,0.000000000000,0.000000000000,-25.878648766327,-68.012239464569,0.000000000000,71.451271057129,23.331165313721,23.816225051880,24.303880691528
927,0.021020408163,69,80.000000000000,0.700000000000,0.000000000000,0.000000000000,-25.878648766327,-67.620744713593,0.000000000000,68.663459777832,22.418884277344,22.884473800659,23.360101699829
928,0.021043083900,69,80.000000000000,0.700000000000,0.000000000000,0.000000000000,-25.878648766327,-67.196573265839,0.000000000000,65.923393249512,21.526554107666,21.973915100098,22.422924041748
929,0.021065759637,69,80.000000000000,0.700000000000,0.000000000000,0.000000000000,-25.878648766327,-66.746942528534,0.000000000000,63.417211532593,20.665294647217,21.134931564331,21.616985321045
930,0.021088435374,69,80.000000000000,0.700000000000,0.000000000000,0.000000000000,-25.878648766327,-66.278306969452,0.000000000000,60.223052978516,19.678234100342,20.070549011230,20.474269866943
931,0.021111111111,69,80.000000000000,0.700000000000,0.000000000000,0.000000000000,-25.878648766327,-65.801630028534,0.000000000000,58.680583953857,19.123970031738,19.578752517700,19.977861404419
932,0.021133786848,69,80.000000000000,0.700000000000,0.000000000000,0.000000000000,-25.878648766327,-65.255464562226,0.000000000000,55.257387161255,17.770576477051,18.413984298706,19.072826385498
933,0.021156462585,69,80.000000000000,0.700000000000,0.000000000000,0.000000000000,-25.878648766327,-65.143545159149,0.000000000000,50.762548446655,16.585060119629,16.854610443115,17.322877883911
934,0.021179138322,69,80.000000000000,0.700000000000,0.000000000000,0.000000000000,-25.878648766327,-62.395265587616,0.000000000000,50.593118667603,17.045612335205,16.815465927124,16.732040405273
935,0.021201814059,69,80.000000000000,0.700000000000,0.000000000000,0.000000000000,-25.878648766327,-70.705766686249,0.000000000000,52.437276840210,17.642990112305,17.481302261353,17.312984466553
936,0.021224489796,69,80.000000000000,0.700000000000,0.000000000000,0.000000000000,-25.878648766327,-48.456834801483,0.000000000000,51.824953079224,17.411207199097,17.359729766846,17.054016113281
937,0.021247165533,69,80.000000000000,0.700000000000,0.000000000000,0.000000000000,-25.878648766327,-69.850038536835,0.000000000000,55.460575103760,17.467630386353,18.424468994141,19.568475723267
938,0.021269841270,69,80.000000000000,0.700000000000,0.000000000000,0.000000000000,-25.878648766327,-70.672060021210,0.000000000000,36.578335762024,13.390709877014,12.246028900146,10.941596984863
939,0.021292517007,69,80.000000000000,0.700000000000,0.000000000000,0.000000000000,-25.878648766327,-53.872966774750,0.000000000000,70.798379898071,21.999610900879,23.935253143311,24.863515853882
940,0.021315192744,69,80.000000000000,0.700000000000,0.000000000000,0.000000000000,-25.878648766327,-42.297269829559,0.000000000000,33.196145057678,8.271846771240,10.530845642090,14.393452644348
941,0.021337868481,69,80.000000000000,0.700000000000,0.000000000000,0.000000000000,-25.878648766327,-37.677810677338,0.000000000000,35.680968761444,17.214155197144,11.004750251770,7.462063312531
942,0.021360544218,69,80.000000000000,0.700000000000,0.000000000000,0.000000000000,-25.878648766327,-36.084067353058,0.000000000000,79.586133956909,33.569313049316,26.551692962646,19.465127944946
943,0.021383219955,69,80.000000000000,0.700000000000,0.000000000000,0.000000000000,-25.878648766327,-35.265826233673,0.000000000000,112.149417877197,41.378196716309,37.867382049561,32.903839111328
944,0.021405895692,69,80.000000000000,0.700000000000,0.000000000000,0.000000000000,-25.878648766327,-34.539973267365,0.000000000000,125.478893280029,43.116981506348,42.204921722412,40.156990051270
945,0.021428571429,69,80.000000000000,0.700000000000,0.000000000000,0.000000000000,-25.878648766327,-33.799107559967,0.000000000000,128.063865661621,42.707374572754,42.864131927490,42.492359161377
946,0.021451247166,69,80.000000000000,0.700000000000,0.000000000000,0.000000000000,-25.878648766327,-33.063036927033,0.000000000000,126.594844818115,41.793727874756,42.257652282715,42.543464660645
947,0.021473922902,69,80.000000000000,0.700000000000,0.000000000000,0.000000000000,-25.878648766327,-32.356674202728,0.000000000000,123.966445922852,40.813068389893,41.337181091309,41.816196441650
948,0.021496598639,69,80.000000000000,0.700000000000,0.000000000000,0.000000000000,-25.878648766327,-31.691279419708,0.000000000000,121.118602752686,39.842472076416,40.371437072754,40.904693603516
949,0.021519274376,69,80.000000000000,0.700000000000,0.000000000000,0.000000000000,-25.878648766327,-31.068109520722,0.000000000000,118.046104431152,38.884891510010,39.363681793213,39.797531127930
950,0.021541950113,69,80.000000000000,0.700000000000,0.000000000000,0.000000000000,-25.878648766327,-30.483741768646,0.000000000000,116.538681030273,38.077846527100,38.817844390869,39.642990112305
951,0.021564625850,69,80.000000000000,0.700000000000,0.000000000000,0.000000000000,-25.878648766327,-29.934577950287,0.000000000000,108.456027984619,36.136932373047,36.100048065186,36.219047546387
952,0.021587301587,69,80.000000000000,0.700000000000,0.000000000000,0.000000000000,-25.878648766327,-29.408417710114,0.000000000000,116.860717773438,38.832054138184,39.127487182617,38.901176452637
953,0.021609977324,69,80.000000000000,0.700000000000,0.000000000000,0.000000000000,-25.878648766327,-28.969237335968,0.000000000000,109.994705200195,34.136802673340,36.922080993652,38.935821533203
954,0.021632653061,69,80.000000000000,0.700000000000,0.000000000000,0.000000000000,-25.878648766327,-28.198187836456,0.000000000000,87.519605636597,25.879205703735,29.170932769775,32.469467163086
955,0.021655328798,69,80.000000000000,0.700000000000,0.000000000000,0.000000000000,-25.878648766327,-29.036403664398,0.000000000000,69.587772369385,21.075992584229,23.007101058960,25.504678726196
956,0.021678004535,69,80.000000000000,0.700000000000,0.000000000000,0.000000000000,-25.878648766327,-25.115551956940,0.000000000000,60.911190032959,19.523021697998,20.172557830811,21.215610504150
957,0.021700680272,69,80.000000000000,0.700000000000,0.000000000000,0.000000000000,-25.878648766327,-29.588730820465,0.000000000000,60.518220901489,19.489566802979,20.014585494995,21.014068603516
958,0.021723356009,69,80.000000000000,0.700000000000,0.000000000000,0.000000000000,-25.878648766327,-29.104728707123,0.000000000000,50.478272438049,18.092144012451,16.950462341309,15.435666084290
959,0.021746031746,69,80.000000000000,0.700000000000,0.000000000000,0.000000000000,-25.878648766327,-24.744905480194,0.000000000000,79.748352050781,23.989694595337,26.649833679199,29.108823776245
960,0.021768707483,69,80.000000000000,0.700000000000,0.000000000000,0.000000000000,-25.878648766327,-21.212747582245,0.000000000000,21.284807205200,7.510899066925,6.456038475037,7.317869663239
961,0.021791383220,69,80.000000000000,0.700000000000,0.000000000000,0.000000000000,-25.878648766327,-19.411346443939,0.000000000000,66.610605239868,27.417686462402,22.550451278687,16.642467498779
962,0.021814058957,69,80.000000000000,0.700000000000,0.000000000000,0.000000000000,-25.878648766327,-18.633119591522,0.000000000000,82.457542419434,23.140378952026,28.748769760132,30.568393707275
963,0.021836734694,69,80.000000000000,0.700000000000,0.000000000000,0.000000000000,-25.878648766327,-18.296848305512,0.000000000000,36.073852062225,3.106902599335,12.308082580566,20.658866882324
964,0.021859410431,69,80.000000000000,0.700000000000,0.000000000000,0.000000000000,-25.878648766327,-18.144338616181,0.000000000000,-9.393678426743,-9.430622100830,-3.640444993973,3.677388668060
965,0.021882086168,69,80.000000000000,0.700000000000,0.000000000000,0.000000000000,-25.878648766327,-18.077399262238,0.000000000000,-33.102098464966,-13.832178115845,-11.555785179138,-7.714135169983
966,0.021904761905,69,80.000000000000,0.700000000000,0.000000000000,0.000000000000,-25.878648766327,-18.056054123688,0.000000000000,-41.651124000549,-14.741019248962,-14.162281036377,-12.747823715210
967,0.021927437642,69,80.000000000000,0.700000000000,0.000000000000,0.000000000000,-25.878648766327,-18.062067040253,0.000000000000,-43.669935226440,-14.697158813477,-14.664592742920,-14.308183670044
968,0.021950113379,69,80.000000000000,0.700000000000,0.000000000000,0.000000000000,-25.878648766327,-18.086481102753,0.000000000000,-43.906472206116,-14.514824867249,-14.650537490845,-14.741109848022
969,0.021972789116,69,80.000000000000,0.700000000000,0.000000000000,0.000000000000,-25.878648766327,-18.124347695160,0.000000000000,-42.128335952759,-14.174059867859,-14.102506637573,-13.851769447327
970,0.021995464853,69,80.000000000000,0.700000000000,0.000000000000,0.000000000000,-25.878648766327,-18.172141083527,0.000000000000,-47.227084159851,-14.787246704102,-15.640667915344,-16.799169540405
971,0.022018140590,69,80.000000000000,0.700000000000,0.000000000000,0.000000000000,-25.878648766327,-18.227353104401,0.000000000000,-28.501009941101,-11.049077987671,-9.514398574829,-7.937533378601
972,0.022040816327,69,80.000000000000,0.700000000000,0.000000000000,0.000000000000,-25.878648766327,-18.284710892487,0.000000000000,-64.865753173828,-20.575084686279,-22.016403198242,-22.274265289307
973,0.022063492063,69,80.000000000000,0.700000000000,0.000000000000,0.000000000000,-25.878648766327,-18.344807156372,0.000000000000,-32.000891685486,-7.750607490540,-10.160723686218,-14.089560508728
974,0.022086167800,69,80.000000000000,0.700000000000,0.000000000000,0.000000000000,-25.878648766327,-18.512704857636,0.000000000000,-31.945110321045,-15.884305000305,-9.645712852478,-6.415092468262
975,0.022108843537,69,80.000000000000,0.700000000000,0.000000000000,0.000000000000,-25.878648766327,-17.674488076019,0.000000000000,-75.093902587891,-32.729427337646,-24.967838287354,-17.396636962891
976,0.022131519274,69,80.000000000000,0.700000000000,0.000000000000,0.000000000000,-25.878648766327,-21.006758698273,0.000000000000,-110.878982543945,-41.767684936523,-37.462135314941,-31.649162292480
977,0.022154195011,69,80.000000000000,0.700000000000,0.000000000000,0.000000000000,-25.878648766327,-17.713518151093,0.000000000000,-127.391223907471,-44.423225402832,-42.919193267822,-40.048805236816
978,0.022176870748,69,80.000000000000,0.700000000000,0.000000000000,0.000000000000,-25.878648766327,-10.792264946747,0.000000000000,-134.125122070312,-44.857654571533,-44.898090362549,-44.369377136230
979,0.022199546485,69,80.000000000000,0.700000000000,0.000000000000,0.000000000000,-25.878648766327,-5.693181999970,0.000000000000,-129.391757965088,-43.492885589600,-43.205261230469,-42.693611145020
980,0.022222222222,69,80.000000000000,0.700000000000,0.000000000000,0.000000000000,-25.878648766327,-3.646936425018,0.000000000000,-139.599887847900,-45.979892730713,-46.696914672852,-46.923080444336
981,0.022244897959,69,80.000000000000,0.700000000000,0.000000000000,0.000000000000,-25.878648766327,-3.541940697479,0.000000000000,-125.366058349609,-40.232196807861,-41.707668304443,-43.426193237305
982,0.022267573696,69,80.000000000000,0.700000000000,0.000000000000,0.000000000000,-25.878648766327,-4.229442604828,0.000000000000,-121.157711029053,-41.088035583496,-40.073040008545,-39.996635437012
983,0.022290249433,69,80.000000000000,0.700000000000,0.000000000000,0.000000000000,-25.878648766327,-5.143449791718,0.000000000000,-131.744232177734,-45.935722351074,-43.811141967773,-41.997367858887
984,0.022312925170,69,80.000000000000,0.700000000000,0.000000000000,0.000000000000,-25.878648766327,-6.101854332733,0.000000000000,-143.170181274414,-49.240951538086,-47.837509155273,-46.091720581055
985,0.022335600907,69,80.000000000000,0.700000000000,0.000000000000,0.000000000000,-25.878648766327,-7.066205986786,0.000000000000,-149.136154174805,-50.277755737305,-49.860748291016,-48.997650146484
986,0.022358276644,69,80.000000000000,0.700000000000,0.000000000000,0.000000000000,-25.878648766327,-8.031787880707,0.000000000000,-150.436767578125,-50.061210632324,-50.242530822754,-50.133026123047
987,0.022380952381,69,80.000000000000,0.700000000000,0.000000000000,0.000000000000,-25.878648766327,-8.996282585907,0.000000000000,-149.199913024902,-49.332122802734,-49.782081604004,-50.085708618164
988,0.022403628118,69,80.000000000000,0.700000000000,0.000000000000,0.000000000000,-25.878648766327,-9.955026634979,0.000000000000,-146.913642883301,-48.412303924561,-48.984119415283,-49.517219543457
989,0.022426303855,69,80.000000000000,0.700000000000,0.000000000000,0.000000000000,-25.878648766327,-10.902262696076,0.000000000000,-143.568695068359,-47.375427246094,-47.897079467773,-48.296188354492
990,0.022448979592,69,80.000000000000,0.700000000000,0.000000000000,0.000000000000,-25.878648766327,-11.832719811249,0.000000000000,-143.204456329346,-46.619438171387,-47.636310577393,-48.948707580566
991,0.022471655329,69,80.000000000000,0.700000000000,0.000000000000,0.000000000000,-25.878648766327,-12.744604119110,0.000000000000,-129.269931793213,-43.993396759033,-43.239173889160,-42.037361145020
992,0.022494331066,69,80.000000000000,0.700000000000,0.000000000000,0.000000000000,-25.878648766327,-13.613348969269,0.000000000000,-157.718460083008,-49.415184020996,-52.697395324707,-55.605880737305
993,0.022517006803,69,80.000000000000,0.700000000000,0.000000000000,0.000000000000,-25.878648766327,-14.612848290253,0.000000000000,-96.845645904541,-31.692951202393,-31.569122314453,-33.583572387695
994,0.022539682540,69,80.000000000000,0.700000000000,0.000000000000,0.000000000000,-25.878648766327,-14.639874466705,0.000000000000,-134.036403656006,-49.781349182129,-44.933403015137,-39.321651458740
995,0.022562358277,69,80.000000000000,0.700000000000,0.000000000000,0.000000000000,-25.878648766327,-18.794723042298,0.000000000000,-151.689384460449,-46.406990051270,-51.938537597656,-53.343856811523
996,0.022585034014,69,80.000000000000,0.700000000000,0.000000000000,0.000000000000,-25.878648766327,-10.947599419403,0.000000000000,-107.026210784912,-26.043937683105,-36.102260589600,-44.880012512207
997,0.022607709751,69,80.000000000000,0.700000000000,0.000000000000,0.000000000000,-25.878648766327,-20.600669869232,0.000000000000,-58.064952850342,-11.913866043091,-18.858440399170,-27.292646408081
998,0.022630385488,69,80.000000000000,0.700000000000,0.000000000000,0.000000000000,-25.878648766327,-16.192469605255,0.000000000000,-29.593342781067,-6.049462318420,-9.275535583496,-14.268344879150
999,0.022653061224,69,80.000000000000,0.700000000000,0.000000000000,0.000000000000,-25.878648766327,-7.068222054291,0.000000000000,-16.251737117767,-3.886396408081,-5.075485229492,-7.289855480194
1000,0.022675736961,69,80.000000000000,0.700000000000,0.000000000000,0.000000000000,-25.878648766327,-2.658689507294,0.000000000000,-11.956336975098,-3.314814567566,-3.870859146118,-4.770663261414
1001,0.022698412698,69,80.000000000000,0.700000000000,0.000000000000,0.000000000000,-25.878648766327,-1.233442314911,0.000000000000,-8.503454208374,-2.192978858948,-2.792160987854,-3.518314361572
1002,0.022721088435,69,80.000000000000,0.700000000000,0.000000000000,0.000000000000,-25.878648766327,-0.836092003632,0.000000000000,-4.343299865723,-1.156281471252,-1.367330551147,-1.819687843323
1003,0.022743764172,69,80.000000000000,0.700000000000,0.000000000000,0.000000000000,-25.878648766327,-0.768993386078,0.000000000000,-4.449442863464,-1.758158683777,-1.418400764465,-1.272883415222
1004,0.022766439909,69,80.000000000000,0.700000000000,0.000000000000,0.000000000000,-25.878648766327,-0.828271874237,0.000000000000,-6.747083663940,-2.613412857056,-2.254935264587,-1.878735542297
1005,0.022789115646,69,80.000000000000,0.700000000000,0.000000000000,0.000000000000,-25.878648766327,-0.937898644257,0.000000000000,-8.123766899109,-2.829520225525,-2.749783515930,-2.544463157654
1006,0.022811791383,69,80.000000000000,0.700000000000,0.000000000000,0.000000000000,-25.878648766327,-1.061008461762,0.000000000000,-7.919450759888,-2.522260665894,-2.675600051880,-2.721590042114
1007,0.022834467120,69,80.000000000000,0.700000000000,0.000000000000,0.000000000000,-25.878648766327,-1.179449089813,0.000000000000,-6.704114913940,-1.988906860352,-2.253519058228,-2.461688995361
1008,0.022857142857,69,80.000000000000,0.700000000000,0.000000000000,0.000000000000,-25.878648766327,-1.286046990204,0.000000000000,-5.071289062500,-1.394101142883,-1.695762634277,-1.981425285339
1009,0.022879818594,69,80.000000000000,0.700000000000,0.000000000000,0.000000000000,-25.878648766327,-1.380157479096,0.000000000000,-3.228852272034,-0.793253898621,-1.082869529724,-1.352728843689
1010,0.022902494331,69,80.000000000000,0.700000000000,0.000000000000,0.000000000000,-25.878648766327,-1.464550026703,0.000000000000,-1.901683807373,-0.254767417908,-0.613230705261,-1.033685684204
1011,0.022925170068,69,80.000000000000,0.700000000000,0.000000000000,0.000000000000,-25.878648766327,-1.543622978974,0.000000000000,1.580712318420,0.530535697937,0.497432708740,0.552743911743
1012,0.022947845805,69,80.000000000000,0.700000000000,0.000000000000,0.000000000000,-25.878648766327,-1.614297875214,0.000000000000,-2.377698898315,-0.000244140625,-0.806536674500,-1.570918083191
1013,0.022970521542,69,80.000000000000,0.700000000000,0.000000000000,0.000000000000,-25.878648766327,-1.753536232758,0.000000000000,10.643149375916,3.638800621033,3.707948684692,3.296400070190
1014,0.022993197279,69,80.000000000000,0.700000000000,0.000000000000,0.000000000000,-25.878648766327,-1.399415978241,0.000000000000,0.481045722961,-0.929403305054,0.096094131470,1.314354896545
1015,0.023015873016,69,80.000000000000,0.700000000000,0.000000000000,0.000000000000,-25.878648766327,-4.026681908417,0.000000000000,-2.010571956635,0.438131332397,-1.009401321411,-1.439301967621
1016,0.023038548753,69,80.000000000000,0.700000000000,0.137516378134,0.000069696444,-25.879688194733,6.147226325226,0.054264857338,10.418006896973,6.103210449219,3.332218170166,0.982578277588
1017,0.023061224490,69,80.000000000000,0.700000000000,0.669389511920,0.000000000000,-25.884747828232,-20.942301216935,0.000000000000,24.837536811829,10.535421371460,8.392388343811,5.909727096558
1018,0.023083900227,69,80.000000000000,0.700000000000,0.480192083919,0.000120039426,-25.888377398028,10.587477360977,0.071215628500,34.543276786804,12.704622268677,11.660722732544,10.177931785583
1019,0.023106575964,69,80.000000000000,0.700000000000,4.625627558856,0.000237917474,-25.923340569296,0.025628693288,0.100259729110,37.559783935547,13.343961715698,12.661623954773,11.554198265076
1020,0.023129251701,69,80.000000000000,0.700000000000,2.317395578494,0.000000000000,-25.940856786821,-36.470182995551,0.000000000000,45.089341163635,14.712133407593,15.157871246338,15.219336509705
1021,0.023151927438,69,80.000000000000,0.700000000000,0.000000000000,0.000000000000,-25.940856786821,-58.717517706010,0.000000000000,34.766059875488,11.042454719543,11.440834045410,12.282771110535
1022,0.023174603175,69,80.000000000000,0.700000000000,0.000000000000,0.000000000000,-25.940856786821,-67.244243475053,0.000000000000,37.060795783997,14.209813117981,12.067949295044,10.783033370972
1023,0.023197278912,69,80.000000000000,0.700000000000,0.000000000000,0.000000000000,-25.940856786821,-69.226562353227,0.000000000000,55.535146713257,21.360576629639,18.489208221436,15.685361862183
1024,0.023219954649,69,80.000000000000,0.700000000000,0.000000000000,0.000000000000,-25.940856786821,-69.324672552202,0.000000000000,71.078161239624,25.421642303467,23.885551452637,21.770967483521
1025,0.023242630385,69,80.000000000000,0.700000000000,0.000000000000,0.000000000000,-25.940856786821,-69.055465551469,0.000000000000,77.196683883667,26.132472991943,25.912837982178,25.151372909546
1026,0.023265306122,69,80.000000000000,0.700000000000,0.000000000000,0.000000000000,-25.940856786821,-68.746234747026,0.000000000000,77.191478729248,25.435817718506,25.819835662842,25.935825347900
1027,0.023287981859,69,80.000000000000,0.700000000000,0.000000000000,0.000000000000,-25.940856786821,-68.424995275590,0.000000000000,74.865587234497,24.443271636963,24.981925964355,25.440389633179
1028,0.023310657596,69,80.000000000000,0.700000000000,0.000000000000,0.000000000000,-25.940856786821,-68.076213689897,0.000000000000,72.033803939819,23.472450256348,24.013835906982,24.547517776489
1029,0.023333333333,69,80.000000000000,0.700000000000,0.000000000000,0.000000000000,-25.940856786821,-67.691879125688,0.000000000000,69.240242004395,22.554344177246,23.076375961304,23.609521865845
1030,0.023356009070,69,80.000000000000,0.700000000000,0.000000000000,0.000000000000,-25.940856786821,-67.274059148881,0.000000000000,66.469606399536,21.658340454102,22.156009674072,22.655256271362
1031,0.023378684807,69,80.000000000000,0.700000000000,0.000000000000,0.000000000000,-25.940856786821,-66.829559179399,0.000000000000,64.012395858765,20.805503845215,21.333030700684,21.873861312866
1032,0.023401360544,69,80.000000000000,0.700000000000,0.000000000000,0.000000000000,-25.940856786821,-66.364391180131,0.000000000000,60.741395950317,19.798158645630,20.239679336548,20.703557968140
1033,0.023424036281,69,80.000000000000,0.700000000000,0.000000000000,0.000000000000,-25.940856786821,-65.895583959672,0.000000000000,59.158115386963,19.262340545654,19.741325378418,20.154449462891
1034,0.023446712018,69,80.000000000000,0.700000000000,0.000000000000,0.000000000000,-25.940856786821,-65.319694372270,0.000000000000,56.108167648315,17.982131958008,18.707553863525,19.418481826782
1035,0.023469387755,69,80.000000000000,0.700000000000,0.000000000000,0.000000000000,-25.940856786821,-65.385776373002,0.000000000000,51.393646240234,16.658569335938,17.058330535889,17.676746368408
1036,0.023492063492,69,80.000000000000,0.700000000000,0.000000000000,0.000000000000,-25.940856786821,-61.997978063676,0.000000000000,50.436611175537,16.931636810303,16.744586944580,16.760387420654
1037,0.023514739229,69,80.000000000000,0.700000000000,0.000000000000,0.000000000000,-25.940856786821,-71.602237554643,0.000000000000,52.192720413208,17.566770553589,17.380321502686,17.245628356934
1038,0.023537414966,69,80.000000000000,0.700000000000,0.000000000000,0.000000000000,-25.940856786821,-49.092170568559,0.000000000000,51.314704895020,17.392227172852,17.214427947998,16.708049774170
1039,0.023560090703,69,80.000000000000,0.700000000000,0.000000000000,0.000000000000,-25.940856786821,-67.306304784868,0.000000000000,56.977674484253,17.775844573975,18.925140380859,20.276689529419
1040,0.023582766440,69,80.000000000000,0.700000000000,0.000000000000,0.000000000000,-25.940856786821,-71.702026220415,0.000000000000,35.442422866821,13.108118057251,11.819214820862,10.515089988708
1041,0.023605442177,69,80.000000000000,0.700000000000,0.000000000000,0.000000000000,-25.940856786821,-56.542171331499,0.000000000000,69.979818344116,22.200592041016,23.790836334229,23.988389968872
1042,0.023628117914,69,80.000000000000,0.700000000000,0.000000000000,0.000000000000,-25.940856786821,-44.030889364335,0.000000000000,38.986898422241,9.321876525879,12.533199310303,17.131822586060
1043,0.023650793651,69,80.000000000000,0.700000000000,0.000000000000,0.000000000000,-25.940856786821,-38.420576902482,0.000000000000,31.901028156281,15.077154159546,9.515231132507,7.308642864227
1044,0.023673469388,69,80.000000000000,0.700000000000,0.000000000000,0.000000000000,-25.940856786821,-36.398487897966,0.000000000000,70.330101013184,31.125106811523,23.268806457520,15.936187744141
1045,0.023696145125,69,80.000000000000,0.700000000000,0.000000000000,0.000000000000,-25.940856786821,-35.468021246049,0.000000000000,105.424972534180,40.231147766113,35.653812408447,29.540012359619
1046,0.023718820862,69,80.000000000000,0.700000000000,0.000000000000,0.000000000000,-25.940856786821,-34.727858396623,0.000000000000,122.520622253418,42.831794738770,41.335636138916,38.353191375732
1047,0.023741496599,69,80.000000000000,0.700000000000,0.000000000000,0.000000000000,-25.940856786821,-33.988406034563,0.000000000000,127.320014953613,42.735294342041,42.703750610352,41.880970001221
1048,0.023764172336,69,80.000000000000,0.700000000000,0.000000000000,0.000000000000,-25.940856786821,-33.250820966813,0.000000000000,126.749889373779,41.899497985840,42.350528717041,42.499862670898
1049,0.023786848073,69,80.000000000000,0.700000000000,0.000000000000,0.000000000000,-25.940856786821,-32.539313169572,0.000000000000,124.400642395020,40.931331634521,41.496898651123,41.972412109375
1050,0.023809523810,69,80.000000000000,0.700000000000,0.000000000000,0.000000000000,-25.940856786821,-31.867231222246,0.000000000000,121.649806976318,39.961204528809,40.549430847168,41.139171600342
1051,0.023832199546,69,80.000000000000,0.700000000000,0.000000000000,0.000000000000,-25.940856786821,-31.237343641374,0.000000000000,118.424209594727,38.990234375000,39.496612548828,39.937362670898
1052,0.023854875283,69,80.000000000000,0.700000000000,0.000000000000,0.000000000000,-25.940856786821,-30.646803709123,0.000000000000,117.457336425781,38.264118194580,39.127567291260,40.065650939941
1053,0.023877551020,69,80.000000000000,0.700000000000,0.000000000000,0.000000000000,-25.940856786821,-30.092867704484,0.000000000000,108.568675994873,36.072738647461,36.101657867432,36.394279479980
1054,0.023900226757,69,80.000000000000,0.700000000000,0.000000000000,0.000000000000,-25.940856786821,-29.557560773942,0.000000000000,116.163711547852,38.850467681885,38.890129089355,38.423114776611
1055,0.023922902494,69,80.000000000000,0.700000000000,0.000000000000,0.000000000000,-25.940856786821,-29.138117643449,0.000000000000,112.700923919678,35.193508148193,37.901351928711,39.606063842773
1056,0.023945578231,69,80.000000000000,0.700000000000,0.000000000000,0.000000000000,-25.940856786821,-28.269963117692,0.000000000000,92.262819290161,27.112932205200,30.816593170166,34.333293914795
1057,0.023968253968,69,80.000000000000,0.700000000000,0.000000000000,0.000000000000,-25.940856786821,-29.322634550188,0.000000000000,73.175615310669,21.730579376221,24.184743881226,27.260292053223
1058,0.023990929705,69,80.000000000000,0.700000000000,0.000000000000,0.000000000000,-25.940856786821,-25.239066930864,0.000000000000,62.323743820190,19.693508148193,20.609661102295,22.020574569702
1059,0.024013605442,69,80.000000000000,0.700000000000,0.000000000000,0.000000000000,-25.940856786821,-29.230523916337,0.000000000000,61.834482192993,19.593385696411,20.383144378662,21.857952117920
1060,0.024036281179,69,80.000000000000,0.700000000000,0.000000000000,0.000000000000,-25.940856786821,-29.515847059343,0.000000000000,48.527515411377,17.716503143311,16.285610198975,14.525402069092
1061,0.024058956916,69,80.000000000000,0.700000000000,0.000000000000,0.000000000000,-25.940856786821,-25.542858930681,0.000000000000,81.764398574829,24.651950836182,27.437858581543,29.674589157104
1062,0.024081632653,69,80.000000000000,0.700000000000,0.000000000000,0.000000000000,-25.940856786821,-21.825462194536,0.000000000000,24.602200508118,7.622679710388,7.425681114197,9.553839683533
1063,0.024104308390,69,80.000000000000,0.700000000000,0.000000000000,0.000000000000,-25.940856786821,-19.761107297990,0.000000000000,58.200224876404,25.346584320068,19.546403884888,13.307236671448
1064,0.024126984127,69,80.000000000000,0.700000000000,0.000000000000,0.000000000000,-25.940856786821,-18.829448553178,0.000000000000,83.478229522705,24.939878463745,29.303817749023,29.234533309937
1065,0.024149659864,69,80.000000000000,0.700000000000,0.000000000000,0.000000000000,-25.940856786821,-18.424899908159,0.000000000000,46.322081565857,6.207552909851,16.030897140503,24.083631515503
1066,0.024172335601,69,80.000000000000,0.700000000000,0.000000000000,0.000000000000,-25.940856786821,-18.243047567460,0.000000000000,-0.071780204773,-7.606657028198,-0.491378784180,8.026255607605
1067,0.024195011338,69,80.000000000000,0.700000000000,0.000000000000,0.000000000000,-25.940856786821,-18.162173124406,0.000000000000,-28.070362567902,-13.176878929138,-10.001994132996,-4.891489505768
1068,0.024217687075,69,80.000000000000,0.700000000000,0.000000000000,0.000000000000,-25.940856786821,-18.133254858110,0.000000000000,-39.694477081299,-14.587539672852,-13.628437042236,-11.478500366211
1069,0.024240362812,69,80.000000000000,0.700000000000,0.000000000000,0.000000000000,-25.940856786821,-18.134597631547,0.000000000000,-43.080095291138,-14.683168411255,-14.534591674805,-13.862335205078
1070,0.024263038549,69,80.000000000000,0.700000000000,0.000000000000,0.000000000000,-25.940856786821,-18.155780645463,0.000000000000,-43.951874732971,-14.537983894348,-14.680414199829,-14.733476638794
1071,0.024285714286,69,80.000000000000,0.700000000000,0.000000000000,0.000000000000,-25.940856786821,-18.191264959428,0.000000000000,-41.670186042786,-14.134371757507,-13.978630065918,-13.557184219360
1072,0.024308390023,69,80.000000000000,0.700000000000,0.000000000000,0.000000000000,-25.940856786821,-18.237256857011,0.000000000000,-48.583432197571,-15.017086982727,-16.084129333496,-17.482215881348
1073,0.024331065760,69,80.000000000000,0.700000000000,0.000000000000,0.000000000000,-25.940856786821,-18.291352125261,0.000000000000,-27.164350986481,-10.659838676453,-9.000026702881,-7.504485607147
1074,0.024353741497,69,80.000000000000,0.700000000000,0.000000000000,0.000000000000,-25.940856786821,-18.348296972368,0.000000000000,-63.203779220581,-20.593177795410,-21.584701538086,-21.025899887085
1075,0.024376417234,69,80.000000000000,0.700000000000,0.000000000000,0.000000000000,-25.940856786821,-18.397984357927,0.000000000000,-37.333113670349,-8.760427474976,-12.042256355286,-16.530429840088
1076,0.024399092971,69,80.000000000000,0.700000000000,0.000000000000,0.000000000000,-25.940856786821,-18.639145704362,0.000000000000,-28.633597850800,-13.809114456177,-8.321260452271,-6.503222942352
1077,0.024421768707,69,80.000000000000,0.700000000000,0.000000000000,0.000000000000,-25.940856786821,-17.572921606157,0.000000000000,-65.712554931641,-30.146823883057,-21.612171173096,-13.953559875488
1078,0.024444444444,69,80.000000000000,0.700000000000,0.000000000000,0.000000000000,-25.940856786821,-20.975504728410,0.000000000000,-103.436576843262,-40.417102813721,-34.982738494873,-28.036735534668
1079,0.024467120181,69,80.000000000000,0.700000000000,0.000000000000,0.000000000000,-25.940856786821,-18.643216940019,0.000000000000,-123.497455596924,-43.963829040527,-41.746093750000,-37.787532806396
1080,0.024489795918,69,80.000000000000,0.700000000000,0.000000000000,0.000000000000,-25.940856786821,-12.025076719377,0.000000000000,-133.135986328125,-44.826587677002,-44.665153503418,-43.644245147705
1081,0.024512471655,69,80.000000000000,0.700000000000,0.000000000000,0.000000000000,-25.940856786821,-6.535945745561,0.000000000000,-128.591972351074,-43.359920501709,-42.965599060059,-42.266452789307
1082,0.024535147392,69,80.000000000000,0.700000000000,0.000000000000,0.000000000000,-25.940856786821,-4.009551855180,0.000000000000,-139.365459442139,-46.100601196289,-46.671291351318,-46.593566894531
1083,0.024557823129,69,80.000000000000,0.700000000000,0.000000000000,0.000000000000,-25.940856786821,-3.616075368974,0.000000000000,-127.452091217041,-40.698650360107,-42.453292846680,-44.300148010254
1084,0.024580498866,69,80.000000000000,0.700000000000,0.000000000000,0.000000000000,-25.940856786821,-4.186145635698,0.000000000000,-120.833530426025,-40.599716186523,-39.914783477783,-40.319030761719
1085,0.024603174603,69,80.000000000000,0.700000000000,0.000000000000,0.000000000000,-25.940856786821,-5.064819189165,0.000000000000,-129.106887817383,-45.090476989746,-42.852874755859,-41.163536071777
1086,0.024625850340,69,80.000000000000,0.700000000000,0.000000000000,0.000000000000,-25.940856786821,-6.014552923295,0.000000000000,-140.619205474854,-48.696746826172,-46.968391418457,-44.954067230225
1087,0.024648526077,69,80.000000000000,0.700000000000,0.000000000000,0.000000000000,-25.940856786821,-6.976196142290,0.000000000000,-147.716926574707,-50.077308654785,-49.416259765625,-48.223358154297
1088,0.024671201814,69,80.000000000000,0.700000000000,0.000000000000,0.000000000000,-25.940856786821,-7.940097662065,0.000000000000,-149.988357543945,-50.049697875977,-50.127243041992,-49.811416625977
1089,0.024693877551,69,80.000000000000,0.700000000000,0.000000000000,0.000000000000,-25.940856786821,-8.903568121049,0.000000000000,-149.290237426758,-49.400421142578,-49.835945129395,-50.053871154785
1090,0.024716553288,69,80.000000000000,0.700000000000,0.000000000000,0.000000000000,-25.940856786821,-9.862247320268,0.000000000000,-147.329597473145,-48.515991210938,-49.128120422363,-49.685485839844
1091,0.024739229025,69,80.000000000000,0.700000000000,0.000000000000,0.000000000000,-25.940856786821,-10.810487600419,0.000000000000,-143.778278350830,-47.469875335693,-47.990684509277,-48.317718505859
1092,0.024761904762,69,80.000000000000,0.700000000000,0.000000000000,0.000000000000,-25.940856786821,-11.742673727128,0.000000000000,-144.639930725098,-46.845535278320,-48.084583282471,-49.709812164307
1093,0.024784580499,69,80.000000000000,0.700000000000,0.000000000000,0.000000000000,-25.940856786821,-12.658737035844,0.000000000000,-127.775119781494,-43.745674133301,-42.733646392822,-41.295799255371
1094,0.024807256236,69,80.000000000000,0.700000000000,0.000000000000,0.000000000000,-25.940856786821,-13.519043775651,0.000000000000,-159.949993133545,-50.189750671387,-53.579395294189,-56.180847167969
1095,0.024829931973,69,80.000000000000,0.700000000000,0.000000000000,0.000000000000,-25.940856786821,-14.586097570512,0.000000000000,-101.276718139648,-32.057685852051,-32.927764892578,-36.291267395020
1096,0.024852607710,69,80.000000000000,0.700000000000,0.000000000000,0.000000000000,-25.940856786821,-14.364229055498,0.000000000000,-126.552856445312,-47.808570861816,-42.198066711426,-36.546218872070
1097,0.024875283447,69,80.000000000000,0.700000000000,0.000000000000,0.000000000000,-25.940856786821,-19.055302473161,0.000000000000,-152.197673797607,-48.093318939209,-52.293373107910,-51.810981750488
1098,0.024897959184,69,80.000000000000,0.700000000000,0.000000000000,0.000000000000,-25.940856786821,-11.054551931474,0.000000000000,-117.175819396973,-29.256610870361,-39.822856903076,-48.096351623535
1099,0.024920634921,69,80.000000000000,0.700000000000,0.000000000000,0.000000000000,-25.940856786821,-19.694861742113,0.000000000000,-68.163917541504,-13.985227584839,-22.304275512695,-31.874414443970
1100,0.024943310658,69,80.000000000000,0.700000000000,0.000000000000,0.000000000000,-25.940856786821,-17.355476232622,0.000000000000,-35.704111099243,-6.935146331787,-11.196443557739,-17.572521209717
1101,0.024965986395,69,80.000000000000,0.700000000000,0.000000000000,0.000000000000,-25.940856786821,-8.491931768510,0.000000000000,-19.075296401978,-4.199098587036,-5.882970809937,-8.993227005005
1102,0.024988662132,69,80.000000000000,0.700000000000,0.000000000000,0.000000000000,-25.940856786821,-3.400710912797,0.000000000000,-13.137018203735,-3.473452568054,-4.191985130310,-5.471580505371
1103,0.025011337868,69,80.000000000000,0.700000000000,0.000000000000,0.000000000000,-25.940856786821,-1.551874013994,0.000000000000,-9.478092193604,-2.394587516785,-3.097434997559,-3.986069679260
1104,0.025034013605,69,80.000000000000,0.700000000000,0.000000000000,0.000000000000,-25.940856786821,-0.998105856035,0.000000000000,-4.990530014038,-1.226782798767,-1.568951606750,-2.194795608521
1105,0.025056689342,69,80.000000000000,0.700000000000,0.000000000000,0.000000000000,-25.940856786821,-0.877868505571,0.000000000000,-4.296136856079,-1.633446693420,-1.342894554138,-1.319795608521
1106,0.025079365079,69,80.000000000000,0.700000000000,0.000000000000,0.000000000000,-25.940856786821,-0.916980596635,0.000000000000,-6.291323661804,-2.497724533081,-2.088140487671,-1.705458641052
1107,0.025102040816,69,80.000000000000,0.700000000000,0.000000000000,0.000000000000,-25.940856786821,-1.018998952959,0.000000000000,-7.891761779785,-2.818849563599,-2.675065994263,-2.397846221924
1108,0.025124716553,69,80.000000000000,0.700000000000,0.000000000000,0.000000000000,-25.940856786821,-1.140413137529,0.000000000000,-8.011648178101,-2.589252471924,-2.716313362122,-2.706082344055
1109,0.025147392290,69,80.000000000000,0.700000000000,0.000000000000,0.000000000000,-25.940856786821,-1.259937139604,0.000000000000,-7.005767822266,-2.089383125305,-2.362542152405,-2.553842544556
1110,0.025170068027,69,80.000000000000,0.700000000000,0.000000000000,0.000000000000,-25.940856786821,-1.368594976518,0.000000000000,-5.478013038635,-1.504431724548,-1.834638595581,-2.138942718506
1111,0.025192743764,69,80.000000000000,0.700000000000,0.000000000000,0.000000000000,-25.940856786821,-1.464706274126,0.000000000000,-3.612200737000,-0.900485038757,-1.215683937073,-1.496031761169
1112,0.025215419501,69,80.000000000000,0.700000000000,0.000000000000,0.000000000000,-25.940856786821,-1.550481649492,0.000000000000,-2.482308387756,-0.377664566040,-0.800438880920,-1.304204940796
1113,0.025238095238,69,80.000000000000,0.700000000000,0.000000000000,0.000000000000,-25.940856786821,-1.630830617998,0.000000000000,1.546537399292,0.489773750305,0.486142158508,0.570621490479
1114,0.025260770975,69,80.000000000000,0.700000000000,0.000000000000,0.000000000000,-25.940856786821,-1.696189733598,0.000000000000,-3.217500686646,-0.240230560303,-1.113049507141,-1.864220619202
1115,0.025283446712,69,80.000000000000,0.700000000000,0.000000000000,0.000000000000,-25.940856786821,-1.871223302934,0.000000000000,9.838593482971,3.609245300293,3.470834732056,2.758513450623
1116,0.025306122449,69,80.000000000000,0.700000000000,0.000000000000,0.000000000000,-25.940856786821,-1.315240713212,0.000000000000,2.003549575806,-0.568131446838,0.658041954041,1.913639068604
1117,0.025328798186,69,80.000000000000,0.700000000000,0.000000000000,0.000000000000,-25.940856786821,-4.702966543291,0.000000000000,-2.595626831055,-0.109248161316,-1.248588562012,-1.237790107727
1118,0.025351473923,69,80.000000000000,0.700000000000,0.192314400651,0.000080638031,-25.942310410409,7.112274316695,0.058369142544,7.427073478699,5.145961761475,2.248223304749,0.032888412476
1119,0.025374149660,69,80.000000000000,0.700000000000,0.933856483838,0.000000000000,-25.949369038404,-20.831880826877,0.000000000000,21.677482604980,9.841918945312,7.314187049866,4.521376609802
1120,0.025396825397,69,80.000000000000,0.700000000000,0.208211948124,0.000083471311,-25.950942824860,7.362169657885,0.059385712954,32.627944946289,12.373672485352,11.042001724243,9.212270736694
1121,0.025419501134,69,80.000000000000,0.700000000000,2.777997828751,0.000211542312,-25.971940540875,4.027464152649,0.094539212311,36.078045845032,13.125284194946,12.197832107544,10.754929542542
1122,0.025442176871,69,80.000000000000,0.700000000000,2.673882572005,0.000000000000,-25.992151293498,-30.966517311476,0.000000000000,44.910828590393,14.828706741333,15.161911964417,14.920209884644
1123,0.025464852608,69,80.000000000000,0.700000000000,0.000000000000,0.000000000000,-25.992151293498,-55.335779223185,0.000000000000,35.907230377197,11.167616844177,11.849207878113,12.890405654907
1124,0.025487528345,69,80.000000000000,0.700000000000,0.000000000000,0.000000000000,-25.992151293498,-65.993883166056,0.000000000000,35.163578033447,13.328513145447,11.364871025085,10.470193862915
1125,0.025510204082,69,80.000000000000,0.700000000000,0.000000000000,0.000000000000,-25.992151293498,-68.919717821818,0.000000000000,51.410499572754,20.235157012939,17.041606903076,14.133735656738
1126,0.025532879819,69,80.000000000000,0.700000000000,0.000000000000,0.000000000000,-25.992151293498,-69.297948870402,0.000000000000,67.907722473145,24.843231201172,22.834661483765,20.229829788208
1127,0.025555555556,69,80.000000000000,0.700000000000,0.000000000000,0.000000000000,-25.992151293498,-69.087453875285,0.000000000000,75.911363601685,26.035949707031,25.535371780396,24.340042114258
1128,0.025578231293,69,80.000000000000,0.700000000000,0.000000000000,0.000000000000,-25.992151293498,-68.787366900187,0.000000000000,77.136035919189,25.537103652954,25.844808578491,25.754123687744
1129,0.025600907029,69,80.000000000000,0.700000000000,0.000000000000,0.000000000000,-25.992151293498,-68.470476183635,0.000000000000,75.306428909302,24.587234497070,25.150077819824,25.569116592407
1130,0.025623582766,69,80.000000000000,0.700000000000,0.000000000000,0.000000000000,-25.992151293498,-68.127992663127,0.000000000000,72.598567962646,23.614376068115,24.208812713623,24.775379180908
1131,0.025646258503,69,80.000000000000,0.700000000000,0.000000000000,0.000000000000,-25.992151293498,-67.750799212199,0.000000000000,69.818470001221,22.690530776978,23.269557952881,23.858381271362
1132,0.025668934240,69,80.000000000000,0.700000000000,0.000000000000,0.000000000000,-25.992151293498,-67.339494738322,0.000000000000,67.013740539551,21.789657592773,22.337474822998,22.886608123779
1133,0.025691609977,69,80.000000000000,0.700000000000,0.000000000000,0.000000000000,-25.992151293498,-66.900381121379,0.000000000000,64.607707977295,20.946229934692,21.531700134277,22.129777908325
1134,0.025714285714,69,80.000000000000,0.700000000000,0.000000000000,0.000000000000,-25.992151293498,-66.438459429484,0.000000000000,61.275939941406,19.918661117554,20.413316726685,20.943962097168
1135,0.025736961451,69,80.000000000000,0.700000000000,0.000000000000,0.000000000000,-25.992151293498,-65.980314287883,0.000000000000,59.602745056152,19.392766952515,19.891229629517,20.318748474121
1136,0.025759637188,69,80.000000000000,0.700000000000,0.000000000000,0.000000000000,-25.992151293498,-65.361219439250,0.000000000000,56.921533584595,18.195920944214,18.991416931152,19.734195709229
1137,0.025782312925,69,80.000000000000,0.700000000000,0.000000000000,0.000000000000,-25.992151293498,-65.650171313029,0.000000000000,52.127147674561,16.760650634766,17.300289154053,18.066207885742
1138,0.025804988662,69,80.000000000000,0.700000000000,0.000000000000,0.000000000000,-25.992151293498,-61.551843676310,0.000000000000,50.403383255005,16.835762023926,16.714851379395,16.852769851685
1139,0.025827664399,69,80.000000000000,0.700000000000,0.000000000000,0.000000000000,-25.992151293498,-72.368406328898,0.000000000000,52.016571044922,17.484149932861,17.293195724487,17.239225387573
1140,0.025850340136,69,80.000000000000,0.700000000000,0.000000000000,0.000000000000,-25.992151293498,-50.001527819377,0.000000000000,50.621892929077,17.340654373169,17.007419586182,16.273818969727
1141,0.025873015873,69,80.000000000000,0.700000000000,0.000000000000,0.000000000000,-25.992151293498,-64.953516039592,0.000000000000,58.496036529541,18.099325180054,19.437646865845,20.959064483643
1142,0.025895691610,69,80.000000000000,0.700000000000,0.000000000000,0.000000000000,-25.992151293498,-72.242593798381,0.000000000000,34.668725013733,12.849827766418,11.488328933716,10.330568313599
1143,0.025918367347,69,80.000000000000,0.700000000000,0.000000000000,0.000000000000,-25.992151293498,-59.070413622599,0.000000000000,68.354234695435,22.263008117676,23.369729995728,22.721496582031
1144,0.025941043084,69,80.000000000000,0.700000000000,0.000000000000,0.000000000000,-25.992151293498,-45.913042101603,0.000000000000,44.332616806030,10.388197898865,14.454215049744,19.490203857422
1145,0.025963718821,69,80.000000000000,0.700000000000,0.000000000000,0.000000000000,-25.992151293498,-39.295027765971,0.000000000000,29.955762386322,13.300031661987,8.661272048950,7.994458675385
1146,0.025986394558,69,80.000000000000,0.700000000000,0.000000000000,0.000000000000,-25.992151293498,-36.762923273783,0.000000000000,61.807811737061,28.640148162842,20.167377471924,13.000286102295
1147,0.026009070295,69,80.000000000000,0.700000000000,0.000000000000,0.000000000000,-25.992151293498,-35.675512346965,0.000000000000,98.100284576416,38.885902404785,33.187824249268,26.026557922363
1148,0.026031746032,69,80.000000000000,0.700000000000,0.000000000000,0.000000000000,-25.992151293498,-34.907020601970,0.000000000000,118.777198791504,42.422782897949,40.203571319580,36.150844573975
1149,0.026054421769,69,80.000000000000,0.700000000000,0.000000000000,0.000000000000,-25.992151293498,-34.166703257304,0.000000000000,126.099857330322,42.717418670654,42.405593872070,40.976844787598
1150,0.026077097506,69,80.000000000000,0.700000000000,0.000000000000,0.000000000000,-25.992151293498,-33.428037676554,0.000000000000,126.700962066650,41.993301391602,42.392734527588,42.314926147461
1151,0.026099773243,69,80.000000000000,0.700000000000,0.000000000000,0.000000000000,-25.992151293498,-32.711911234599,0.000000000000,124.762302398682,41.047328948975,41.641670227051,42.073303222656
1152,0.026122448980,69,80.000000000000,0.700000000000,0.000000000000,0.000000000000,-25.992151293498,-32.033343348246,0.000000000000,122.178379058838,40.080738067627,40.728721618652,41.368919372559
1153,0.026145124717,69,80.000000000000,0.700000000000,0.000000000000,0.000000000000,-25.992151293498,-31.396721873027,0.000000000000,118.760658264160,39.090106964111,39.616218566895,40.054332733154
1154,0.026167800454,69,80.000000000000,0.700000000000,0.000000000000,0.000000000000,-25.992151293498,-30.799850496989,0.000000000000,118.375972747803,38.461231231689,39.444137573242,40.470603942871
1155,0.026190476190,69,80.000000000000,0.700000000000,0.000000000000,0.000000000000,-25.992151293498,-30.241380724650,0.000000000000,108.892639160156,36.029792785645,36.170749664307,36.692096710205
1156,0.026213151927,69,80.000000000000,0.700000000000,0.000000000000,0.000000000000,-25.992151293498,-29.694959673625,0.000000000000,115.266929626465,38.781452178955,38.566680908203,37.918796539307
1157,0.026235827664,69,80.000000000000,0.700000000000,0.000000000000,0.000000000000,-25.992151293498,-29.301787409526,0.000000000000,114.719280242920,36.123641967773,38.648185729980,39.947452545166
1158,0.026258503401,69,80.000000000000,0.700000000000,0.000000000000,0.000000000000,-25.992151293498,-28.323998484355,0.000000000000,96.751781463623,28.362796783447,32.401142120361,35.987842559814
1159,0.026281179138,69,80.000000000000,0.700000000000,0.000000000000,0.000000000000,-25.992151293498,-29.587488207560,0.000000000000,77.099300384521,22.481130599976,25.490348815918,29.127820968628
1160,0.026303854875,69,80.000000000000,0.700000000000,0.000000000000,0.000000000000,-25.992151293498,-25.405961069804,0.000000000000,64.046855926514,19.923286437988,21.155117034912,22.968452453613
1161,0.026326530612,69,80.000000000000,0.700000000000,0.000000000000,0.000000000000,-25.992151293498,-28.854867014628,0.000000000000,63.562831878662,19.746856689453,20.879135131836,22.936840057373
1162,0.026349206349,69,80.000000000000,0.700000000000,0.000000000000,0.000000000000,-25.992151293498,-29.807334933024,0.000000000000,46.643857955933,17.307241439819,15.611392974854,13.725223541260
1163,0.026371882086,69,80.000000000000,0.700000000000,0.000000000000,0.000000000000,-25.992151293498,-26.296554598552,0.000000000000,83.045658111572,25.245197296143,28.009120941162,29.791339874268
1164,0.026394557823,69,80.000000000000,0.700000000000,0.000000000000,0.000000000000,-25.992151293498,-22.463084254008,0.000000000000,28.961779117584,7.975511074066,8.781163215637,12.205104827881
1165,0.026417233560,69,80.000000000000,0.700000000000,0.000000000000,0.000000000000,-25.992151293498,-20.140228304606,0.000000000000,50.984014511108,23.349771499634,16.862979888916,10.771263122559
1166,0.026439909297,69,80.000000000000,0.700000000000,0.000000000000,0.000000000000,-25.992151293498,-19.038050684672,0.000000000000,82.437852859497,26.246959686279,29.106409072876,27.084484100342
1167,0.026462585034,69,80.000000000000,0.700000000000,0.000000000000,0.000000000000,-25.992151293498,-18.552602801066,0.000000000000,55.142450332642,9.236791610718,19.335590362549,26.570068359375
1168,0.026485260771,69,80.000000000000,0.700000000000,0.000000000000,0.000000000000,-25.992151293498,-18.335515055400,0.000000000000,9.594293594360,-5.571496486664,2.850334644318,12.315455436707
1169,0.026507936508,69,80.000000000000,0.700000000000,0.000000000000,0.000000000000,-25.992151293498,-18.238288912516,0.000000000000,-22.134436130524,-12.351934432983,-8.128225326538,-1.654276371002
1170,0.026530612245,69,80.000000000000,0.700000000000,0.000000000000,0.000000000000,-25.992151293498,-18.200789484721,0.000000000000,-37.088988304138,-14.361721992493,-12.897821426392,-9.829444885254
1171,0.026553287982,69,80.000000000000,0.700000000000,0.000000000000,0.000000000000,-25.992151293498,-18.196996721965,0.000000000000,-42.163678169250,-14.647409439087,-14.320120811462,-13.196147918701
1172,0.026575963719,69,80.000000000000,0.700000000000,0.000000000000,0.000000000000,-25.992151293498,-18.214713129741,0.000000000000,-43.938364982605,-14.561279296875,-14.700213432312,-14.676872253418
1173,0.026598639456,69,80.000000000000,0.700000000000,0.000000000000,0.000000000000,-25.992151293498,-18.247675928813,0.000000000000,-41.065382957458,-14.078939437866,-13.812664031982,-13.173779487610
1174,0.026621315193,69,80.000000000000,0.700000000000,0.000000000000,0.000000000000,-25.992151293498,-18.291747126323,0.000000000000,-49.972221374512,-15.271282196045,-16.553695678711,-18.147243499756
1175,0.026643990930,69,80.000000000000,0.700000000000,0.000000000000,0.000000000000,-25.992151293498,-18.344583544474,0.000000000000,-26.274174690247,-10.305681228638,-8.608997344971,-7.359496116638
1176,0.026666666667,69,80.000000000000,0.700000000000,0.000000000000,0.000000000000,-25.992151293498,-18.401948961955,0.000000000000,-60.820533752441,-20.476104736328,-20.895599365234,-19.448829650879
1177,0.026689342404,69,80.000000000000,0.700000000000,0.000000000000,0.000000000000,-25.992151293498,-18.435303244334,0.000000000000,-42.075968742371,-9.764578819275,-13.793317794800,-18.518072128296
1178,0.026712018141,69,80.000000000000,0.700000000000,0.000000000000,0.000000000000,-25.992151293498,-18.764740977031,0.000000000000,-27.045475959778,-12.090540885925,-7.606734275818,-7.348200798035
1179,0.026734693878,69,80.000000000000,0.700000000000,0.000000000000,0.000000000000,-25.992151293498,-17.480361971598,0.000000000000,-57.194741249084,-27.548877716064,-18.485900878906,-11.159962654114
1180,0.026757369615,69,80.000000000000,0.700000000000,0.000000000000,0.000000000000,-25.992151293498,-20.853443178874,0.000000000000,-95.518978118896,-38.874797821045,-32.284481048584,-24.359699249268
1181,0.026780045351,69,80.000000000000,0.700000000000,0.000000000000,0.000000000000,-25.992151293498,-19.434488329631,0.000000000000,-118.787681579590,-43.369091033936,-40.293949127197,-35.124641418457
1182,0.026802721088,69,80.000000000000,0.700000000000,0.000000000000,0.000000000000,-25.992151293498,-13.235755953532,0.000000000000,-131.650035858154,-44.751838684082,-44.290840148926,-42.607357025146
1183,0.026825396825,69,80.000000000000,0.700000000000,0.000000000000,0.000000000000,-25.992151293498,-7.442049059611,0.000000000000,-127.665969848633,-43.215332031250,-42.695438385010,-41.755199432373
1184,0.026848072562,69,80.000000000000,0.700000000000,0.000000000000,0.000000000000,-25.992151293498,-4.436355623942,0.000000000000,-138.788742065430,-46.166427612305,-46.534690856934,-46.087623596191
1185,0.026870748299,69,80.000000000000,0.700000000000,0.000000000000,0.000000000000,-25.992151293498,-3.722387346965,0.000000000000,-129.416328430176,-41.199699401855,-43.180789947510,-45.035839080811
1186,0.026893424036,69,80.000000000000,0.700000000000,0.000000000000,0.000000000000,-25.992151293498,-4.149494204264,0.000000000000,-121.044860839844,-40.238712310791,-39.951747894287,-40.854400634766
1187,0.026916099773,69,80.000000000000,0.700000000000,0.000000000000,0.000000000000,-25.992151293498,-4.980869326335,0.000000000000,-126.843486785889,-44.268089294434,-42.006340026855,-40.569057464600
1188,0.026938775510,69,80.000000000000,0.700000000000,0.000000000000,0.000000000000,-25.992151293498,-5.918008837443,0.000000000000,-137.999919891357,-48.098114013672,-46.056293487549,-43.845512390137
1189,0.026961451247,69,80.000000000000,0.700000000000,0.000000000000,0.000000000000,-25.992151293498,-6.876010927897,0.000000000000,-146.048042297363,-49.824340820312,-48.881645202637,-47.342056274414
1190,0.026984126984,69,80.000000000000,0.700000000000,0.000000000000,0.000000000000,-25.992151293498,-7.838026079875,0.000000000000,-149.329742431641,-50.009544372559,-49.945632934570,-49.374565124512
1191,0.027006802721,69,80.000000000000,0.700000000000,0.000000000000,0.000000000000,-25.992151293498,-8.800319704753,0.000000000000,-149.249446868896,-49.455924987793,-49.853286743164,-49.940235137939
1192,0.027029478458,69,80.000000000000,0.700000000000,0.000000000000,0.000000000000,-25.992151293498,-9.758747133952,0.000000000000,-147.715885162354,-48.616050720215,-49.263553619385,-49.836280822754
1193,0.027052154195,69,80.000000000000,0.700000000000,0.000000000000,0.000000000000,-25.992151293498,-10.707817110759,0.000000000000,-143.864974975586,-47.553855895996,-48.050834655762,-48.260284423828
1194,0.027074829932,69,80.000000000000,0.700000000000,0.000000000000,0.000000000000,-25.992151293498,-11.641433748942,0.000000000000,-146.226806640625,-47.096214294434,-48.586311340332,-50.544281005859
1195,0.027097505669,69,80.000000000000,0.700000000000,0.000000000000,0.000000000000,-25.992151293498,-12.562507662516,0.000000000000,-126.304595947266,-43.463459014893,-42.209808349609,-40.631328582764
1196,0.027120181406,69,80.000000000000,0.700000000000,0.000000000000,0.000000000000,-25.992151293498,-13.409286532145,0.000000000000,-161.374374389648,-50.884704589844,-54.220657348633,-56.269012451172
1197,0.027142857143,69,80.000000000000,0.700000000000,0.000000000000,0.000000000000,-25.992151293498,-14.561874422770,0.000000000000,-106.606006622314,-32.654296875000,-34.635829925537,-39.315879821777
1198,0.027165532880,69,80.000000000000,0.700000000000,0.000000000000,0.000000000000,-25.992151293498,-14.058109316569,0.000000000000,-120.423164367676,-45.940765380859,-39.842597961426,-34.639801025391
1199,0.027188208617,69,80.000000000000,0.700000000000,0.000000000000,0.000000000000,-25.992151293498,-19.259039435130,0.000000000000,-150.848316192627,-49.300220489502,-51.949737548828,-49.598358154297
1200,0.027210884354,69,80.000000000000,0.700000000000,0.000000000000,0.000000000000,-25.992151293498,-11.259429964762,0.000000000000,-125.776782989502,-32.365543365479,-43.074806213379,-50.336433410645
1201,0.027233560091,69,80.000000000000,0.700000000000,0.000000000000,0.000000000000,-25.992151293498,-18.862786326152,0.000000000000,-78.438873291016,-16.252822875977,-25.892578125000,-36.293472290039
1202,0.027256235828,69,80.000000000000,0.700000000000,0.000000000000,0.000000000000,-25.992151293498,-18.279986891490,0.000000000000,-42.676397800446,-7.996359348297,-13.432897567749,-21.247140884399
1203,0.027278911565,69,80.000000000000,0.700000000000,0.000000000000,0.000000000000,-25.992151293498,-9.913303408366,0.000000000000,-22.601683616638,-4.592723846436,-6.907170295715,-11.101789474487
1204,0.027301587302,69,80.000000000000,0.700000000000,0.000000000000,0.000000000000,-25.992151293498,-4.232746157389,0.000000000000,-14.638157844543,-3.649135589600,-4.594026565552,-6.394995689392
1205,0.027324263039,69,80.000000000000,0.700000000000,0.000000000000,0.000000000000,-25.992151293498,-1.920496020060,0.000000000000,-10.545158386230,-2.602562904358,-3.420883178711,-4.521712303162
1206,0.027346938776,69,80.000000000000,0.700000000000,0.000000000000,0.000000000000,-25.992151293498,-1.172941241008,0.000000000000,-5.769514083862,-1.325982093811,-1.812964439392,-2.630567550659
1207,0.027369614512,69,80.000000000000,0.700000000000,0.000000000000,0.000000000000,-25.992151293498,-0.984231981974,0.000000000000,-4.296371459961,-1.529946327209,-1.315834999084,-1.450590133667
1208,0.027392290249,69,80.000000000000,0.700000000000,0.000000000000,0.000000000000,-25.992151293498,-0.997903856974,0.000000000000,-5.874771118164,-2.374671936035,-1.928222656250,-1.571876525879
1209,0.027414965986,69,80.000000000000,0.700000000000,0.000000000000,0.000000000000,-25.992151293498,-1.090259585124,0.000000000000,-7.604325294495,-2.791136741638,-2.577740669250,-2.235447883606
1210,0.027437641723,69,80.000000000000,0.700000000000,0.000000000000,0.000000000000,-25.992151293498,-1.209043535929,0.000000000000,-8.033777236938,-2.644598960876,-2.733480453491,-2.655697822571
1211,0.027460317460,69,80.000000000000,0.700000000000,0.000000000000,0.000000000000,-25.992151293498,-1.329225573283,0.000000000000,-7.260025024414,-2.184793472290,-2.457668304443,-2.617563247681
1212,0.027482993197,69,80.000000000000,0.700000000000,0.000000000000,0.000000000000,-25.992151293498,-1.439819369059,0.000000000000,-5.868344306946,-1.613535881042,-1.969122886658,-2.285685539246
1213,0.027505668934,69,80.000000000000,0.700000000000,0.000000000000,0.000000000000,-25.992151293498,-1.537969622355,0.000000000000,-3.972027778625,-1.006435394287,-1.342642784119,-1.622949600220
1214,0.027528344671,69,80.000000000000,0.700000000000,0.000000000000,0.000000000000,-25.992151293498,-1.625192675334,0.000000000000,-3.095138549805,-0.505431175232,-0.998811721802,-1.590895652771
1215,0.027551020408,69,80.000000000000,0.700000000000,0.000000000000,0.000000000000,-25.992151293498,-1.707405123454,0.000000000000,1.519348144531,0.456337928772,0.482021331787,0.580988883972
1216,0.027573696145,69,80.000000000000,0.700000000000,0.000000000000,0.000000000000,-25.992151293498,-1.764581713420,0.000000000000,-3.935972213745,-0.475086212158,-1.385953903198,-2.074932098389
1217,0.027596371882,69,80.000000000000,0.700000000000,0.000000000000,0.000000000000,-25.992151293498,-1.991090807658,0.000000000000,8.793898582458,3.527045249939,3.144216537476,2.122636795044
1218,0.027619047619,69,80.000000000000,0.700000000000,0.000000000000,0.000000000000,-25.992151293498,-1.179054293376,0.000000000000,3.383446693420,-0.180173873901,1.189768791199,2.373851776123
1219,0.027641723356,69,80.000000000000,0.700000000000,0.000000000000,0.000000000000,-25.992151293498,-5.424987826091,0.000000000000,-2.680415153503,-0.530329704285,-1.302164077759,-0.847921371460
1220,0.027664399093,69,80.000000000000,0.700000000000,0.249638534774,0.000090323489,-25.994038206081,7.966531720418,0.061775135821,4.846107482910,4.219932556152,1.289621353149,-0.663446426392
1221,0.027687074830,69,80.000000000000,0.700000000000,1.209503798351,0.000000000000,-26.003180336076,-20.353390035816,0.000000000000,18.473731994629,9.096944808960,6.200999259949,3.175787925720
1222,0.027709750567,69,80.000000000000,0.700000000000,0.059743338059,0.000048505510,-26.003631910816,4.278186012190,0.045269833355,30.512613296509,11.995079994202,10.348344802856,8.169188499451
1223,0.027732426304,69,80.000000000000,0.700000000000,1.441614515074,0.000175449394,-26.014528467997,6.945170928610,0.086097252640,34.392641067505,12.866378784180,11.661934852600,9.864327430725
1224,0.027755102041,69,80.000000000000,0.700000000000,2.590542923780,0.000000000000,-26.034109291306,-25.374065369640,0.000000000000,44.380513191223,14.906431198120,15.056056022644,14.418025970459
1225,0.027777777778,69,80.000000000000,0.700000000000,0.000000000000,0.000000000000,-26.034109291306,-51.563642677537,0.000000000000,37.123394966125,11.367072105408,12.307901382446,13.448421478271
1226,0.027800453515,69,80.000000000000,0.700000000000,0.000000000000,0.000000000000,-26.034109291306,-64.423082527390,0.000000000000,33.908300399780,12.574619293213,10.885240554810,10.448440551758
1227,0.027823129252,69,80.000000000000,0.700000000000,0.000000000000,0.000000000000,-26.034109291306,-68.466753181687,0.000000000000,47.579065322876,19.102737426758,15.671075820923,12.805252075195
1228,0.027845804989,69,80.000000000000,0.700000000000,0.000000000000,0.000000000000,-26.034109291306,-69.220258888474,0.000000000000,64.470323562622,24.172971725464,21.673851013184,18.623500823975
1229,0.027868480726,69,80.000000000000,0.700000000000,0.000000000000,0.000000000000,-26.034109291306,-69.100805458298,0.000000000000,74.226421356201,25.869602203369,25.022838592529,23.333980560303
1230,0.027891156463,69,80.000000000000,0.700000000000,0.000000000000,0.000000000000,-26.034109291306,-68.817335304490,0.000000000000,76.820915222168,25.610366821289,25.792617797852,25.417930603027
1231,0.027913832200,69,80.000000000000,0.700000000000,0.000000000000,0.000000000000,-26.034109291306,-68.505598243943,0.000000000000,75.637622833252,24.724994659424,25.290550231934,25.622077941895
1232,0.027936507937,69,80.000000000000,0.700000000000,0.000000000000,0.000000000000,-26.034109291306,-68.169187721482,0.000000000000,73.131633758545,23.756330490112,24.397939682007,24.977363586426
1233,0.027959183673,69,80.000000000000,0.700000000000,0.000000000000,0.000000000000,-26.034109291306,-67.799066719285,0.000000000000,70.394327163696,22.827489852905,23.463453292847,24.103384017944
1234,0.027981859410,69,80.000000000000,0.700000000000,0.000000000000,0.000000000000,-26.034109291306,-67.394411262742,0.000000000000,67.555709838867,21.920555114746,22.518390655518,23.116764068604
1235,0.028004535147,69,80.000000000000,0.700000000000,0.000000000000,0.000000000000,-26.034109291306,-66.960981544724,0.000000000000,65.200792312622,21.087358474731,21.730342864990,22.383090972900
1236,0.028027210884,69,80.000000000000,0.700000000000,0.000000000000,0.000000000000,-26.034109291306,-66.501871284714,0.000000000000,61.829399108887,20.040403366089,20.592670440674,21.196325302124
1237,0.028049886621,69,80.000000000000,0.700000000000,0.000000000000,0.000000000000,-26.034109291306,-66.058218178025,0.000000000000,60.022935867310,19.515417098999,20.030593872070,20.476924896240
1238,0.028072562358,69,80.000000000000,0.700000000000,0.000000000000,0.000000000000,-26.034109291306,-65.379438575974,0.000000000000,57.684604644775,18.408861160278,19.260507583618,20.015235900879
1239,0.028095238095,69,80.000000000000,0.700000000000,0.000000000000,0.000000000000,-26.034109291306,-65.939001259080,0.000000000000,52.939882278442,16.889181137085,17.573543548584,18.477157592773
1240,0.028117913832,69,80.000000000000,0.700000000000,0.000000000000,0.000000000000,-26.034109291306,-61.072488960496,0.000000000000,50.491579055786,16.760734558105,16.727809906006,17.003034591675
1241,0.028140589569,69,80.000000000000,0.700000000000,0.000000000000,0.000000000000,-26.034109291306,-72.983923134080,0.000000000000,51.943897247314,17.399906158447,17.231437683105,17.312553405762
1242,0.028163265306,69,80.000000000000,0.700000000000,0.000000000000,0.000000000000,-26.034109291306,-51.141798195115,0.000000000000,49.767287254333,17.255783081055,16.742074966431,15.769429206848
1243,0.028185941043,69,80.000000000000,0.700000000000,0.000000000000,0.000000000000,-26.034109291306,-62.814592537156,0.000000000000,59.947710037231,18.432415008545,19.943477630615,21.571817398071
1244,0.028208616780,69,80.000000000000,0.700000000000,0.000000000000,0.000000000000,-26.034109291306,-72.339883980027,0.000000000000,34.329081535339,12.627425193787,11.279619216919,10.422037124634
1245,0.028231292517,69,80.000000000000,0.700000000000,0.000000000000,0.000000000000,-26.034109291306,-61.404916939011,0.000000000000,66.091043472290,22.201839447021,22.712959289551,21.176244735718
1246,0.028253968254,69,80.000000000000,0.700000000000,0.000000000000,0.000000000000,-26.034109291306,-47.913438972703,0.000000000000,49.062866210938,11.465951919556,16.235164642334,21.361749649048
1247,0.028276643991,69,80.000000000000,0.700000000000,0.000000000000,0.000000000000,-26.034109291306,-40.308378395310,0.000000000000,29.609155654907,11.875765800476,8.388010025024,9.345379829407
1248,0.028299319728,69,80.000000000000,0.700000000000,0.000000000000,0.000000000000,-26.034109291306,-37.190922912827,0.000000000000,54.278970718384,26.166679382324,17.344276428223,10.768014907837
1249,0.028321995465,69,80.000000000000,0.700000000000,0.000000000000,0.000000000000,-26.034109291306,-35.896240410081,0.000000000000,90.411239624023,37.356437683105,30.534584045410,22.520217895508
1250,0.028344671202,69,80.000000000000,0.700000000000,0.000000000000,0.000000000000,-26.034109291306,-35.081047233811,0.000000000000,114.273117065430,41.877552032471,38.803447723389,33.592117309570
1251,0.028367346939,69,80.000000000000,0.700000000000,0.000000000000,0.000000000000,-26.034109291306,-34.335904297104,0.000000000000,124.337120056152,42.642513275146,41.944702148438,39.749904632568
1252,0.028390022676,69,80.000000000000,0.700000000000,0.000000000000,0.000000000000,-26.034109291306,-33.596199211350,0.000000000000,126.389812469482,42.070255279541,42.367546081543,41.952011108398
1253,0.028412698413,69,80.000000000000,0.700000000000,0.000000000000,0.000000000000,-26.034109291306,-32.875964340439,0.000000000000,125.018989562988,41.159511566162,41.763870239258,42.095607757568
1254,0.028435374150,69,80.000000000000,0.700000000000,0.000000000000,0.000000000000,-26.034109291306,-32.191163238755,0.000000000000,122.695484161377,40.201183319092,40.908153533936,41.586147308350
1255,0.028458049887,69,80.000000000000,0.700000000000,0.000000000000,0.000000000000,-26.034109291306,-31.547835525742,0.000000000000,119.056724548340,39.183917999268,39.722400665283,40.150405883789
1256,0.028480725624,69,80.000000000000,0.700000000000,0.000000000000,0.000000000000,-26.034109291306,-30.944450554124,0.000000000000,119.263900756836,38.666515350342,39.758350372314,40.839035034180
1257,0.028503401361,69,80.000000000000,0.700000000000,0.000000000000,0.000000000000,-26.034109291306,-30.381833252183,0.000000000000,109.435688018799,36.015232086182,36.314037322998,37.106418609619
1258,0.028526077098,69,80.000000000000,0.700000000000,0.000000000000,0.000000000000,-26.034109291306,-29.821875747910,0.000000000000,114.281391143799,38.639823913574,38.192745208740,37.448822021484
1259,0.028548752834,69,80.000000000000,0.700000000000,0.000000000000,0.000000000000,-26.034109291306,-29.462106880417,0.000000000000,116.088111877441,36.921348571777,39.167549133301,39.999214172363
1260,0.028571428571,69,80.000000000000,0.700000000000,0.000000000000,0.000000000000,-26.034109291306,-28.363548454514,0.000000000000,100.870815277100,29.607761383057,33.883987426758,37.379066467285
1261,0.028594104308,69,80.000000000000,0.700000000000,0.000000000000,0.000000000000,-26.034109291306,-29.827898201218,0.000000000000,81.268255233765,23.320896148682,26.898326873779,31.049032211304
1262,0.028616780045,69,80.000000000000,0.700000000000,0.000000000000,0.000000000000,-26.034109291306,-25.615476783982,0.000000000000,66.058980941772,20.216125488281,21.806730270386,24.036125183105
1263,0.028639455782,69,80.000000000000,0.700000000000,0.000000000000,0.000000000000,-26.034109291306,-28.477378067246,0.000000000000,65.718130111694,19.957569122314,21.513214111328,24.247346878052
1264,0.028662131519,69,80.000000000000,0.700000000000,0.000000000000,0.000000000000,-26.034109291306,-29.986399826279,0.000000000000,44.972630500793,16.876361846924,14.968792915344,13.127475738525
1265,0.028684807256,69,80.000000000000,0.700000000000,0.000000000000,0.000000000000,-26.034109291306,-26.995043930283,0.000000000000,83.530330657959,25.749860763550,28.332427978516,29.448041915894
1266,0.028707482993,69,80.000000000000,0.700000000000,0.000000000000,0.000000000000,-26.034109291306,-23.118964370957,0.000000000000,34.057275772095,8.541099548340,10.439514160156,15.076662063599
1267,0.028730158730,69,80.000000000000,0.700000000000,0.000000000000,0.000000000000,-26.034109291306,-20.550540146103,0.000000000000,45.143720626831,21.449577331543,14.574293136597,9.119850158691
1268,0.028752834467,69,80.000000000000,0.700000000000,0.000000000000,0.000000000000,-26.034109291306,-19.263179001084,0.000000000000,79.751941680908,27.089164733887,28.268394470215,24.394382476807
1269,0.028775510204,69,80.000000000000,0.700000000000,0.000000000000,0.000000000000,-26.034109291306,-18.683422264329,0.000000000000,62.319129943848,12.132230758667,22.128047943115,28.058851242065
1270,0.028798185941,69,80.000000000000,0.700000000000,0.000000000000,0.000000000000,-26.034109291306,-18.424204048386,0.000000000000,19.275568962097,-3.355022430420,6.285441398621,16.345149993896
1271,0.028820861678,69,80.000000000000,0.700000000000,0.000000000000,0.000000000000,-26.034109291306,-18.307702240220,0.000000000000,-15.387753486633,-11.347918510437,-5.947319030762,1.907484054565
1272,0.028843537415,69,80.000000000000,0.700000000000,0.000000000000,0.000000000000,-26.034109291306,-18.260392364731,0.000000000000,-33.780049324036,-14.049338340759,-11.944867134094,-7.785843849182
1273,0.028866213152,69,80.000000000000,0.700000000000,0.000000000000,0.000000000000,-26.034109291306,-18.250919517747,0.000000000000,-40.841602325439,-14.582143783569,-13.997154235840,-12.262304306030
1274,0.028888888889,69,80.000000000000,0.700000000000,0.000000000000,0.000000000000,-26.034109291306,-18.264899429551,0.000000000000,-43.830901145935,-14.583295822144,-14.701943397522,-14.545661926270
1275,0.028911564626,69,80.000000000000,0.700000000000,0.000000000000,0.000000000000,-26.034109291306,-18.295180496445,0.000000000000,-40.305028915405,-14.006181716919,-13.601340293884,-12.697506904602
1276,0.028934240363,69,80.000000000000,0.700000000000,0.000000000000,0.000000000000,-26.034109291306,-18.337216552964,0.000000000000,-51.316492080688,-15.544736862183,-17.029586791992,-18.742168426514
1277,0.028956916100,69,80.000000000000,0.700000000000,0.000000000000,0.000000000000,-26.034109291306,-18.388564285508,0.000000000000,-25.890682220459,-9.998228073120,-8.365917205811,-7.526536941528
1278,0.028979591837,69,80.000000000000,0.700000000000,0.000000000000,0.000000000000,-26.034109291306,-18.447638687363,0.000000000000,-57.903190612793,-20.239978790283,-19.995944976807,-17.667266845703
1279,0.029002267574,69,80.000000000000,0.700000000000,0.000000000000,0.000000000000,-26.034109291306,-18.457816776505,0.000000000000,-46.091711044312,-10.759532928467,-15.362451553345,-19.969726562500
1280,0.029024943311,69,80.000000000000,0.700000000000,0.000000000000,0.000000000000,-26.034109291306,-18.888580497971,0.000000000000,-26.924703598022,-10.719419479370,-7.439797401428,-8.765486717224
1281,0.029047619048,69,80.000000000000,0.700000000000,0.000000000000,0.000000000000,-26.034109291306,-17.404890236130,0.000000000000,-49.763328552246,-24.986164093018,-15.677114486694,-9.100049972534
1282,0.029070294785,69,80.000000000000,0.700000000000,0.000000000000,0.000000000000,-26.034109291306,-20.656639274827,0.000000000000,-87.375213623047,-37.157966613770,-29.438686370850,-20.778560638428
1283,0.029092970522,69,80.000000000000,0.700000000000,0.000000000000,0.000000000000,-26.034109291306,-20.085949596634,0.000000000000,-113.309177398682,-42.627597808838,-38.563129425049,-32.118450164795
1284,0.029115646259,69,80.000000000000,0.700000000000,0.000000000000,0.000000000000,-26.034109291306,-14.407350715867,0.000000000000,-129.589633941650,-44.620899200439,-43.746315002441,-41.222419738770
1285,0.029138321995,69,80.000000000000,0.700000000000,0.000000000000,0.000000000000,-26.034109291306,-8.403001960984,0.000000000000,-126.578601837158,-43.058605194092,-42.386772155762,-41.133224487305
1286,0.029160997732,69,80.000000000000,0.700000000000,0.000000000000,0.000000000000,-26.034109291306,-4.930502113572,0.000000000000,-137.876342773438,-46.174964904785,-46.287902832031,-45.413475036621
1287,0.029183673469,69,80.000000000000,0.700000000000,0.000000000000,0.000000000000,-26.034109291306,-3.867681679001,0.000000000000,-131.159732818604,-41.718746185303,-43.856452941895,-45.584533691406
1288,0.029206349206,69,80.000000000000,0.700000000000,0.000000000000,0.000000000000,-26.034109291306,-4.124885734788,0.000000000000,-121.703918457031,-40.002410888672,-40.161823272705,-41.539684295654
1289,0.029229024943,69,80.000000000000,0.700000000000,0.000000000000,0.000000000000,-26.034109291306,-4.894926246873,0.000000000000,-125.009449005127,-43.484882354736,-41.295753479004,-40.228813171387
1290,0.029251700680,69,80.000000000000,0.700000000000,0.000000000000,0.000000000000,-26.034109291306,-5.814378914109,0.000000000000,-135.398479461670,-47.453903198242,-45.127876281738,-42.816699981689
1291,0.029274376417,69,80.000000000000,0.700000000000,0.000000000000,0.000000000000,-26.034109291306,-6.767378029099,0.000000000000,-144.161521911621,-49.517494201660,-48.262939453125,-46.381088256836
1292,0.029297052154,69,80.000000000000,0.700000000000,0.000000000000,0.000000000000,-26.034109291306,-7.727186378708,0.000000000000,-148.452156066895,-49.937072753906,-49.692298889160,-48.822784423828
1293,0.029319727891,69,80.000000000000,0.700000000000,0.000000000000,0.000000000000,-26.034109291306,-8.688144859543,0.000000000000,-149.054561614990,-49.496093750000,-49.826988220215,-49.731479644775
1294,0.029342403628,69,80.000000000000,0.700000000000,0.000000000000,0.000000000000,-26.034109291306,-9.646131691208,0.000000000000,-148.067916870117,-48.711990356445,-49.389076232910,-49.966850280762
1295,0.029365079365,69,80.000000000000,0.700000000000,0.000000000000,0.000000000000,-26.034109291306,-10.595867332688,0.000000000000,-143.810688018799,-47.625209808350,-48.071540832520,-48.113937377930
1296,0.029387755102,69,80.000000000000,0.700000000000,0.000000000000,0.000000000000,-26.034109291306,-11.530534919968,0.000000000000,-147.933868408203,-47.372306823730,-49.136627197266,-51.424934387207
1297,0.029410430839,69,80.000000000000,0.700000000000,0.000000000000,0.000000000000,-26.034109291306,-12.457828697434,0.000000000000,-124.971733093262,-43.156608581543,-41.700553894043,-40.114570617676
1298,0.029433106576,69,80.000000000000,0.700000000000,0.000000000000,0.000000000000,-26.034109291306,-13.284740623704,0.000000000000,-161.941287994385,-51.481552124023,-54.593120574951,-55.866615295410
1299,0.029455782313,69,80.000000000000,0.700000000000,0.000000000000,0.000000000000,-26.034109291306,-14.542401489487,0.000000000000,-112.511775970459,-33.452911376953,-36.604568481445,-42.454296112061
1300,0.029478458050,69,80.000000000000,0.700000000000,0.000000000000,0.000000000000,-26.034109291306,-13.728601631394,0.000000000000,-115.778255462646,-44.197486877441,-37.928703308105,-33.652065277100
1301,0.029501133787,69,80.000000000000,0.700000000000,0.000000000000,0.000000000000,-26.034109291306,-19.398886379471,0.000000000000,-148.072620391846,-50.058483123779,-51.027305603027,-46.986831665039
1302,0.029523809524,69,80.000000000000,0.700000000000,0.000000000000,0.000000000000,-26.034109291306,-11.541378196946,0.000000000000,-132.666183471680,-35.311805725098,-45.778015136719,-51.576362609863
1303,0.029546485261,69,80.000000000000,0.700000000000,0.000000000000,0.000000000000,-26.034109291306,-18.094303783646,0.000000000000,-88.561050415039,-18.683658599854,-29.520725250244,-40.356666564941
1304,0.029569160998,69,80.000000000000,0.700000000000,0.000000000000,0.000000000000,-26.034109291306,-18.980925735703,0.000000000000,-50.388499259949,-9.239984512329,-15.963412284851,-25.185102462769
1305,0.029591836735,69,80.000000000000,0.700000000000,0.000000000000,0.000000000000,-26.034109291306,-11.303852257004,0.000000000000,-26.875255584717,-5.082098007202,-8.172224044800,-13.620933532715
1306,0.029614512472,69,80.000000000000,0.700000000000,0.000000000000,0.000000000000,-26.034109291306,-5.147939857712,0.000000000000,-16.541257858276,-3.850120544434,-5.102654457092,-7.588482856750
1307,0.029637188209,69,80.000000000000,0.700000000000,0.000000000000,0.000000000000,-26.034109291306,-2.347120460740,0.000000000000,-11.741600036621,-2.816765785217,-3.770163536072,-5.154670715332
1308,0.029659863946,69,80.000000000000,0.700000000000,0.000000000000,0.000000000000,-26.034109291306,-1.367517647019,0.000000000000,-6.676204681396,-1.452113151550,-2.096146583557,-3.127944946289
1309,0.029682539683,69,80.000000000000,0.700000000000,0.000000000000,0.000000000000,-26.034109291306,-1.091936287156,0.000000000000,-4.457710266113,-1.450463294983,-1.340259552002,-1.666987419128
1310,0.029705215420,69,80.000000000000,0.700000000000,0.000000000000,0.000000000000,-26.034109291306,-1.073452171555,0.000000000000,-5.523518562317,-2.248091697693,-1.783711433411,-1.491715431213
1311,0.029727891156,69,80.000000000000,0.700000000000,0.000000000000,0.000000000000,-26.034109291306,-1.153589424363,0.000000000000,-7.279264450073,-2.747230529785,-2.462433815002,-2.069600105286
1312,0.029750566893,69,80.000000000000,0.700000000000,0.000000000000,0.000000000000,-26.034109291306,-1.268612083665,0.000000000000,-7.987954139709,-2.687328338623,-2.726688385010,-2.573937416077
1313,0.029773242630,69,80.000000000000,0.700000000000,0.000000000000,0.000000000000,-26.034109291306,-1.388954338303,0.000000000000,-7.460815429688,-2.274120330811,-2.536676406860,-2.650018692017
1314,0.029795918367,69,80.000000000000,0.700000000000,0.000000000000,0.000000000000,-26.034109291306,-1.501310524216,0.000000000000,-6.238531112671,-1.720977783203,-2.098024368286,-2.419528961182
1315,0.029818594104,69,80.000000000000,0.700000000000,0.000000000000,0.000000000000,-26.034109291306,-1.601526436082,0.000000000000,-4.302636146545,-1.110584259033,-1.462045669556,-1.730006217957
1316,0.029841269841,69,80.000000000000,0.700000000000,0.000000000000,0.000000000000,-26.034109291306,-1.690200981370,0.000000000000,-3.735312461853,-0.638360023499,-1.207829475403,-1.889122962952
1317,0.029863945578,69,80.000000000000,0.700000000000,0.000000000000,0.000000000000,-26.034109291306,-1.775112327805,0.000000000000,1.479698181152,0.429047584534,0.479730606079,0.570919990540
1318,0.029886621315,69,80.000000000000,0.700000000000,0.000000000000,0.000000000000,-26.034109291306,-1.820043739548,0.000000000000,-4.512119293213,-0.700053215027,-1.616353988647,-2.195712089539
1319,0.029909297052,69,80.000000000000,0.700000000000,0.000000000000,0.000000000000,-26.034109291306,-2.117437538376,0.000000000000,7.555242538452,3.392391204834,2.739131927490,1.423719406128
1320,0.029931972789,69,80.000000000000,0.700000000000,0.000000000000,0.000000000000,-26.034109291306,-0.990596946946,0.000000000000,4.545326232910,0.218557357788,1.662525177002,2.664243698120
1321,0.029954648526,69,80.000000000000,0.700000000000,0.000000000000,0.000000000000,-26.034109291306,-6.178835090867,0.000000000000,-2.355733871460,-0.829120635986,-1.194519042969,-0.332094192505
1322,0.029977324263,69,80.000000000000,0.700000000000,0.304036666094,0.000098406623,-26.036407376462,8.679464164504,0.064480073119,2.721582412720,3.340810775757,0.478044509888,-1.097272872925
1323,0.030000000000,69,80.000000000000,0.700000000000,1.470227478422,0.000000000000,-26.047520206987,-19.543059862775,0.000000000000,15.309842109680,8.309667587280,5.079174041748,1.921000480652
1324,0.030022675737,69,80.000000000000,0.700000000000,0.004252090187,0.000015374349,-26.047552346746,1.356017543258,0.025486589156,28.228754043579,11.568571090698,9.586790084839,7.073392868042
1325,0.030045351474,69,80.000000000000,0.700000000000,0.612173934911,0.000131405941,-26.052179511787,8.879883912274,0.074511079780,32.527079582214,12.566613197327,11.058576583862,8.901889801025
1326,0.030068027211,69,80.000000000000,0.700000000000,2.125123149529,0.000004367420,-26.068242422970,-19.827651628851,0.013583941990,43.480475425720,14.936468124390,14.829750061035,13.714257240295
1327,0.030090702948,69,80.000000000000,0.700000000000,0.000000000000,0.000000000000,-26.068242422970,-47.455251089962,0.000000000000,38.292497634888,11.624393463135,12.777521133423,13.890583038330
1328,0.030113378685,69,80.000000000000,0.700000000000,0.000000000000,0.000000000000,-26.068242422970,-62.516873709591,0.000000000000,33.235533714294,11.951814651489,10.617840766907,10.665878295898
1329,0.030136054422,69,80.000000000000,0.700000000000,0.000000000000,0.000000000000,-26.068242422970,-67.843354575070,0.000000000000,44.138076782227,17.983737945557,14.414143562317,11.740195274353
1330,0.030158730159,69,80.000000000000,0.700000000000,0.000000000000,0.000000000000,-26.068242422970,-69.079369894894,0.000000000000,60.868804931641,23.419263839722,20.432868957520,17.016672134399
1331,0.030181405896,69,80.000000000000,0.700000000000,0.000000000000,0.000000000000,-26.068242422970,-69.092309348019,0.000000000000,72.159267425537,25.628658294678,24.375389099121,22.155220031738
1332,0.030204081633,69,80.000000000000,0.700000000000,0.000000000000,0.000000000000,-26.068242422970,-68.836526266964,0.000000000000,76.214378356934,25.649436950684,25.651031494141,24.913909912109
1333,0.030226757370,69,80.000000000000,0.700000000000,0.000000000000,0.000000000000,-26.068242422970,-68.531743399533,0.000000000000,75.827119827271,24.853469848633,25.393844604492,25.579805374146
1334,0.030249433107,69,80.000000000000,0.700000000000,0.000000000000,0.000000000000,-26.068242422970,-68.201333395870,0.000000000000,73.615516662598,23.897422790527,24.576969146729,25.141124725342
1335,0.030272108844,69,80.000000000000,0.700000000000,0.000000000000,0.000000000000,-26.068242422970,-67.838200919064,0.000000000000,70.961753845215,22.965183258057,23.656999588013,24.339570999146
1336,0.030294784580,69,80.000000000000,0.700000000000,0.000000000000,0.000000000000,-26.068242422970,-67.440289847287,0.000000000000,68.094940185547,22.051086425781,22.698795318604,23.345058441162
1337,0.030317460317,69,80.000000000000,0.700000000000,0.000000000000,0.000000000000,-26.068242422970,-67.012879721554,0.000000000000,65.789054870605,21.228734970093,21.928268432617,22.632051467896
1338,0.030340136054,69,80.000000000000,0.700000000000,0.000000000000,0.000000000000,-26.068242422970,-66.555863730343,0.000000000000,62.402980804443,20.164001464844,20.778596878052,21.460382461548
1339,0.030362811791,69,80.000000000000,0.700000000000,0.000000000000,0.000000000000,-26.068242422970,-66.131760947140,0.000000000000,60.428421020508,19.630748748779,20.162130355835,20.635541915894
1340,0.030385487528,69,80.000000000000,0.700000000000,0.000000000000,0.000000000000,-26.068242422970,-65.373799673947,0.000000000000,58.388860702515,18.618152618408,19.510932922363,20.259775161743
1341,0.030408163265,69,80.000000000000,0.700000000000,0.000000000000,0.000000000000,-26.068242422970,-66.253079764279,0.000000000000,53.808605194092,17.041587829590,17.870662689209,18.896354675293
1342,0.030430839002,69,80.000000000000,0.700000000000,0.000000000000,0.000000000000,-26.068242422970,-60.577180258663,0.000000000000,50.692226409912,16.708606719971,16.782848358154,17.200771331787
1343,0.030453514739,69,80.000000000000,0.700000000000,0.000000000000,0.000000000000,-26.068242422970,-73.433926932247,0.000000000000,52.004777908325,17.318973541260,17.205865859985,17.479938507080
1344,0.030476190476,69,80.000000000000,0.700000000000,0.000000000000,0.000000000000,-26.068242422970,-52.469645850094,0.000000000000,48.783685684204,17.137878417969,16.425094604492,15.220712661743
1345,0.030498866213,69,80.000000000000,0.700000000000,0.000000000000,0.000000000000,-26.068242422970,-60.910344473751,0.000000000000,61.262165069580,18.768278121948,20.422269821167,22.071617126465
1346,0.030521541950,69,80.000000000000,0.700000000000,0.000000000000,0.000000000000,-26.068242422970,-71.889897696408,0.000000000000,34.462891578674,12.450401306152,11.211709022522,10.800781250000
1347,0.030544217687,69,80.000000000000,0.700000000000,0.000000000000,0.000000000000,-26.068242422970,-63.493665091427,0.000000000000,63.374324798584,22.030849456787,21.866920471191,19.476554870605
1348,0.030566893424,69,80.000000000000,0.700000000000,0.000000000000,0.000000000000,-26.068242422970,-49.996861807736,0.000000000000,53.066704750061,12.552298545837,17.830423355103,22.683982849121
1349,0.030589569161,69,80.000000000000,0.700000000000,0.000000000000,0.000000000000,-26.068242422970,-41.463178984555,0.000000000000,31.056135177612,10.949878692627,8.782556533813,11.323699951172
1350,0.030612244898,69,80.000000000000,0.700000000000,0.000000000000,0.000000000000,-26.068242422970,-37.695446364315,0.000000000000,47.930363655090,23.753559112549,14.878767967224,9.298036575317
1351,0.030634920635,69,80.000000000000,0.700000000000,0.000000000000,0.000000000000,-26.068242422970,-36.138937346371,0.000000000000,82.610383987427,35.662425994873,27.768831253052,19.179126739502
1352,0.030657596372,69,80.000000000000,0.700000000000,0.000000000000,0.000000000000,-26.068242422970,-35.254071585568,0.000000000000,109.074308395386,41.186691284180,37.141807556152,30.745809555054
1353,0.030680272109,69,80.000000000000,0.700000000000,0.000000000000,0.000000000000,-26.068242422970,-34.498088232907,0.000000000000,121.982585906982,42.498943328857,41.298858642578,38.184783935547
1354,0.030702947846,69,80.000000000000,0.700000000000,0.000000000000,0.000000000000,-26.068242422970,-33.756809584530,0.000000000000,125.756526947021,42.124549865723,42.256546020508,41.375431060791
1355,0.030725623583,69,80.000000000000,0.700000000000,0.000000000000,0.000000000000,-26.068242422970,-33.032912604245,0.000000000000,125.131980895996,41.265815734863,41.853912353516,42.012252807617
1356,0.030748299320,69,80.000000000000,0.700000000000,0.000000000000,0.000000000000,-26.068242422970,-32.342172018917,0.000000000000,123.186973571777,40.322490692139,41.085456848145,41.779026031494
1357,0.030770975057,69,80.000000000000,0.700000000000,0.000000000000,0.000000000000,-26.068242422970,-31.692202917965,0.000000000000,119.315364837646,39.271293640137,39.815780639648,40.228290557861
1358,0.030793650794,69,80.000000000000,0.700000000000,0.000000000000,0.000000000000,-26.068242422970,-31.082096449765,0.000000000000,120.091514587402,38.876758575439,40.060676574707,41.154079437256
1359,0.030816326531,69,80.000000000000,0.700000000000,0.000000000000,0.000000000000,-26.068242422970,-30.515895239743,0.000000000000,110.188655853271,36.034534454346,36.533149719238,37.620971679688
1360,0.030839002268,69,80.000000000000,0.700000000000,0.000000000000,0.000000000000,-26.068242422970,-29.939500204953,0.000000000000,113.308597564697,38.441062927246,37.802791595459,37.064743041992
1361,0.030861678005,69,80.000000000000,0.700000000000,0.000000000000,0.000000000000,-26.068242422970,-29.620694510372,0.000000000000,116.871501922607,37.584110260010,39.472877502441,39.814514160156
1362,0.030884353741,69,80.000000000000,0.700000000000,0.000000000000,0.000000000000,-26.068242422970,-28.392141692074,0.000000000000,104.526453018188,30.827466964722,35.229637145996,38.469348907471
1363,0.030907029478,69,80.000000000000,0.700000000000,0.000000000000,0.000000000000,-26.068242422970,-30.041241042050,0.000000000000,85.584051132202,24.240938186646,28.379302978516,32.963809967041
1364,0.030929705215,69,80.000000000000,0.700000000000,0.000000000000,0.000000000000,-26.068242422970,-25.865311018856,0.000000000000,68.324960708618,20.574293136597,22.557781219482,25.192886352539
1365,0.030952380952,69,80.000000000000,0.700000000000,0.000000000000,0.000000000000,-26.068242422970,-28.112470023068,0.000000000000,68.292646408081,20.232198715210,22.290668487549,25.769779205322
1366,0.030975056689,69,80.000000000000,0.700000000000,0.000000000000,0.000000000000,-26.068242422970,-30.062356345089,0.000000000000,43.660945892334,16.438179016113,14.402069091797,12.820697784424
1367,0.030997732426,69,80.000000000000,0.700000000000,0.000000000000,0.000000000000,-26.068242422970,-27.628977171810,0.000000000000,83.215244293213,26.150402069092,28.391651153564,28.673191070557
1368,0.031020408163,69,80.000000000000,0.700000000000,0.000000000000,0.000000000000,-26.068242422970,-23.785413138302,0.000000000000,39.576370239258,9.290628433228,12.312009811401,17.973731994629
1369,0.031043083900,69,80.000000000000,0.700000000000,0.000000000000,0.000000000000,-26.068242422970,-20.992695204647,0.000000000000,40.788053512573,19.669216156006,12.738138198853,8.380699157715
1370,0.031065759637,69,80.000000000000,0.700000000000,0.000000000000,0.000000000000,-26.068242422970,-19.508761755856,0.000000000000,75.397272109985,27.345333099365,26.760961532593,21.290977478027
1371,0.031088435374,69,80.000000000000,0.700000000000,0.000000000000,0.000000000000,-26.068242422970,-18.820894591244,0.000000000000,67.711883544922,14.830724716187,24.332515716553,28.548643112183
1372,0.031111111111,69,80.000000000000,0.700000000000,0.000000000000,0.000000000000,-26.068242422970,-18.511677138241,0.000000000000,28.645773887634,-0.993249893188,9.708655357361,19.930368423462
1373,0.031133786848,69,80.000000000000,0.700000000000,0.000000000000,0.000000000000,-26.068242422970,-18.372375838192,0.000000000000,-7.971973419189,-10.160158157349,-3.487498760223,5.675683498383
1374,0.031156462585,69,80.000000000000,0.700000000000,0.000000000000,0.000000000000,-26.068242422970,-18.313772551449,0.000000000000,-29.742617130280,-13.636485099792,-10.750123023987,-5.356009006500
1375,0.031179138322,69,80.000000000000,0.700000000000,0.000000000000,0.000000000000,-26.068242422970,-18.297962538632,0.000000000000,-39.037178993225,-14.478521347046,-13.540394783020,-11.018262863159
1376,0.031201814059,69,80.000000000000,0.700000000000,0.000000000000,0.000000000000,-26.068242422970,-18.307892195614,0.000000000000,-43.585367202759,-14.601919174194,-14.674942016602,-14.308506011963
1377,0.031224489796,69,80.000000000000,0.700000000000,0.000000000000,0.000000000000,-26.068242422970,-18.335319868954,0.000000000000,-39.384044647217,-13.914806365967,-13.342407226562,-12.126831054688
1378,0.031247165533,69,80.000000000000,0.700000000000,0.000000000000,0.000000000000,-26.068242422970,-18.375210158261,0.000000000000,-52.533439636230,-15.831041336060,-17.489358901978,-19.213039398193
1379,0.031269841270,69,80.000000000000,0.700000000000,0.000000000000,0.000000000000,-26.068242422970,-18.424718253048,0.000000000000,-26.038558959961,-9.747021675110,-8.287083625793,-8.004453659058
1380,0.031292517007,69,80.000000000000,0.700000000000,0.000000000000,0.000000000000,-26.068242422970,-18.487292639645,0.000000000000,-54.647136688232,-19.899595260620,-18.936803817749,-15.810737609863
1381,0.031315192744,69,80.000000000000,0.700000000000,0.000000000000,0.000000000000,-26.068242422970,-18.466774813565,0.000000000000,-49.279807090759,-11.737612724304,-16.704021453857,-20.838172912598
1382,0.031337868481,69,80.000000000000,0.700000000000,0.000000000000,0.000000000000,-26.068242422970,-19.009218089016,0.000000000000,-28.449460029602,-9.837442398071,-7.899991035461,-10.712026596069
1383,0.031360544218,69,80.000000000000,0.700000000000,0.000000000000,0.000000000000,-26.068242422970,-17.352931372555,0.000000000000,-43.595727920532,-22.513307571411,-13.264979362488,-7.817440986633
1384,0.031383219955,69,80.000000000000,0.700000000000,0.000000000000,0.000000000000,-26.068242422970,-20.401490561398,0.000000000000,-79.263954162598,-35.289451599121,-26.524793624878,-17.449708938599
1385,0.031405895692,69,80.000000000000,0.700000000000,0.000000000000,0.000000000000,-26.068242422970,-20.599162928494,0.000000000000,-107.152328491211,-41.731300354004,-36.566741943359,-28.854286193848
1386,0.031428571429,69,80.000000000000,0.700000000000,0.000000000000,0.000000000000,-26.068242422970,-15.523999564083,0.000000000000,-126.895568847656,-44.420703887939,-43.005489349365,-39.469375610352
1387,0.031451247166,69,80.000000000000,0.700000000000,0.000000000000,0.000000000000,-26.068242422970,-9.408583990963,0.000000000000,-125.285820007324,-42.888080596924,-42.028205871582,-40.369533538818
1388,0.031473922902,69,80.000000000000,0.700000000000,0.000000000000,0.000000000000,-26.068242422970,-5.493518225582,0.000000000000,-136.639572143555,-46.125038146973,-45.933868408203,-44.580665588379
1389,0.031496598639,69,80.000000000000,0.700000000000,0.000000000000,0.000000000000,-26.068242422970,-4.058335654171,0.000000000000,-132.598331451416,-42.239673614502,-44.450130462646,-45.908527374268
1390,0.031519274376,69,80.000000000000,0.700000000000,0.000000000000,0.000000000000,-26.068242422970,-4.117921225460,0.000000000000,-122.707973480225,-39.885330200195,-40.517024993896,-42.305618286133
1391,0.031541950113,69,80.000000000000,0.700000000000,0.000000000000,0.000000000000,-26.068242422970,-4.810572974118,0.000000000000,-123.634754180908,-42.755607604980,-40.738582611084,-40.140563964844
1392,0.031564625850,69,80.000000000000,0.700000000000,0.000000000000,0.000000000000,-26.068242422970,-5.705924384030,0.000000000000,-132.899101257324,-46.774387359619,-44.210941314697,-41.913772583008
1393,0.031587301587,69,80.000000000000,0.700000000000,0.000000000000,0.000000000000,-26.068242422970,-6.652015082272,0.000000000000,-142.100971221924,-49.156715393066,-47.570060729980,-45.374195098877
1394,0.031609977324,69,80.000000000000,0.700000000000,0.000000000000,0.000000000000,-26.068242422970,-7.609147421749,0.000000000000,-147.355648040771,-49.828857421875,-49.363845825195,-48.162944793701
1395,0.031632653061,69,80.000000000000,0.700000000000,0.000000000000,0.000000000000,-26.068242422970,-8.568589560421,0.000000000000,-148.683528900146,-49.518115997314,-49.749717712402,-49.415695190430
1396,0.031655328798,69,80.000000000000,0.700000000000,0.000000000000,0.000000000000,-26.068242422970,-9.525948874386,0.000000000000,-148.380077362061,-48.803222656250,-49.503070831299,-50.073783874512
1397,0.031678004535,69,80.000000000000,0.700000000000,0.000000000000,0.000000000000,-26.068242422970,-10.476203314694,0.000000000000,-143.601448059082,-47.681739807129,-48.047355651855,-47.872352600098
1398,0.031700680272,69,80.000000000000,0.700000000000,0.000000000000,0.000000000000,-26.068242422970,-11.411426894100,0.000000000000,-149.715038299561,-47.673561096191,-49.726509094238,-52.314968109131
1399,0.031723356009,69,80.000000000000,0.700000000000,0.000000000000,0.000000000000,-26.068242422970,-12.346612326535,0.000000000000,-123.885658264160,-42.836578369141,-41.240055084229,-39.809024810791
1400,0.031746031746,69,80.000000000000,0.700000000000,0.000000000000,0.000000000000,-26.068242422970,-13.146024100216,0.000000000000,-161.654991149902,-51.965629577637,-54.683006286621,-55.006355285645
1401,0.031768707483,69,80.000000000000,0.700000000000,0.000000000000,0.000000000000,-26.068242422970,-14.529260031613,0.000000000000,-118.672534942627,-34.423198699951,-38.740776062012,-45.508560180664
1402,0.031791383220,69,80.000000000000,0.700000000000,0.000000000000,0.000000000000,-26.068242422970,-13.383663527401,0.000000000000,-112.699211120605,-42.605094909668,-36.508956909180,-33.585159301758
1403,0.031814058957,69,80.000000000000,0.700000000000,0.000000000000,0.000000000000,-26.068242422970,-19.470220915707,0.000000000000,-143.858940124512,-50.252159118652,-49.505020141602,-44.101760864258
1404,0.031836734694,69,80.000000000000,0.700000000000,0.000000000000,0.000000000000,-26.068242422970,-11.882489554318,0.000000000000,-137.727020263672,-38.028541564941,-47.861885070801,-51.836593627930
1405,0.031859410431,69,80.000000000000,0.700000000000,0.000000000000,0.000000000000,-26.068242422970,-17.382905356320,0.000000000000,-98.211463928223,-21.238552093506,-33.081737518311,-43.891174316406
1406,0.031882086168,69,80.000000000000,0.700000000000,0.000000000000,0.000000000000,-26.068242422970,-19.319016806515,0.000000000000,-58.673576354980,-10.667844772339,-18.751209259033,-29.254522323608
1407,0.031904761905,69,80.000000000000,0.700000000000,0.000000000000,0.000000000000,-26.068242422970,-12.629988066586,0.000000000000,-31.907230377197,-5.681390762329,-9.694927215576,-16.530912399292
1408,0.031927437642,69,80.000000000000,0.700000000000,0.000000000000,0.000000000000,-26.068242422970,-6.135911337765,0.000000000000,-18.923100471497,-4.085926055908,-5.744503974915,-9.092670440674
1409,0.031950113379,69,80.000000000000,0.700000000000,0.000000000000,0.000000000000,-26.068242422970,-2.837861411007,0.000000000000,-13.114520072937,-3.038123130798,-4.156428337097,-5.919968605042
1410,0.031972789116,69,80.000000000000,0.700000000000,0.000000000000,0.000000000000,-26.068242422970,-1.588883749874,0.000000000000,-7.712371826172,-1.603290557861,-2.416329383850,-3.692751884460
1411,0.031995464853,69,80.000000000000,0.700000000000,0.000000000000,0.000000000000,-26.068242422970,-1.205226294430,0.000000000000,-4.784756660461,-1.397250175476,-1.417925834656,-1.969580650330
1412,0.032018140590,69,80.000000000000,0.700000000000,0.000000000000,0.000000000000,-26.068242422970,-1.146184317501,0.000000000000,-5.261467933655,-2.121899604797,-1.662700653076,-1.476867675781
1413,0.032040816327,69,80.000000000000,0.700000000000,0.000000000000,0.000000000000,-26.068242422970,-1.210917822750,0.000000000000,-6.936868667603,-2.688424110413,-2.334732055664,-1.913712501526
1414,0.032063492063,69,80.000000000000,0.700000000000,0.000000000000,0.000000000000,-26.068242422970,-1.320817343624,0.000000000000,-7.879671096802,-2.716675758362,-2.696439743042,-2.466555595398
1415,0.032086167800,69,80.000000000000,0.700000000000,0.000000000000,0.000000000000,-26.068242422970,-1.440709463986,0.000000000000,-7.603354454041,-2.356316566467,-2.597551345825,-2.649486541748
1416,0.032108843537,69,80.000000000000,0.700000000000,0.000000000000,0.000000000000,-26.068242422970,-1.554602972897,0.000000000000,-6.584881782532,-1.826267242432,-2.220093727112,-2.538520812988
1417,0.032131519274,69,80.000000000000,0.700000000000,0.000000000000,0.000000000000,-26.068242422970,-1.656882635983,0.000000000000,-4.598680496216,-1.212354660034,-1.572149276733,-1.814176559448
1418,0.032154195011,69,80.000000000000,0.700000000000,0.000000000000,0.000000000000,-26.068242422970,-1.746949545773,0.000000000000,-4.394957542419,-0.776581764221,-1.426189422607,-2.192186355591
1419,0.032176870748,69,80.000000000000,0.700000000000,0.000000000000,0.000000000000,-26.068242422970,-1.835725180538,0.000000000000,1.407611846924,0.406355857849,0.473293304443,0.527962684631
1420,0.032199546485,69,80.000000000000,0.700000000000,0.000000000000,0.000000000000,-26.068242422970,-1.862916342648,0.000000000000,-4.934241294861,-0.910674095154,-1.797551155090,-2.226016044617
1421,0.032222222222,69,80.000000000000,0.700000000000,0.000000000000,0.000000000000,-26.068242422970,-2.254426352413,0.000000000000,6.177276611328,3.207187652588,2.270221710205,0.699867248535
1422,0.032244897959,69,80.000000000000,0.700000000000,0.000000000000,0.000000000000,-26.068242422970,-0.751189581784,0.000000000000,5.434375762939,0.613017082214,2.052635192871,2.768723487854
1423,0.032267573696,69,80.000000000000,0.700000000000,0.000000000000,0.000000000000,-26.068242422970,-6.947823874386,0.000000000000,-1.722213745117,-1.012309074402,-0.954820632935,0.244915962219
1424,0.032290249433,69,80.000000000000,0.700000000000,0.349921254908,0.000104608110,-26.070887330415,9.226435311405,0.066480769039,1.075319290161,2.522591590881,-0.171688079834,-1.275584220886
1425,0.032312925170,69,80.000000000000,0.700000000000,1.689553652078,0.000000000000,-26.083657955147,-18.436119691323,0.000000000000,12.266596794128,7.490516662598,3.975805282593,0.800274848938
1426,0.032335600907,69,80.000000000000,0.700000000000,0.000000000000,0.000000000000,-26.083657955147,-1.366733287788,0.000000000000,25.815199851990,11.094919204712,8.767087936401,5.953192710876
1427,0.032358276644,69,80.000000000000,0.700000000000,0.389462156461,0.000109592428,-26.086601735619,9.666052127861,0.068046161336,30.510737419128,12.226085662842,10.394411087036,7.890240669250
1428,0.032380952381,69,80.000000000000,0.700000000000,1.942876138445,0.000050225004,-26.101287118374,-14.726858381673,0.046065240894,42.211067199707,14.911478042603,14.477575302124,12.822013854980
1429,0.032403628118,69,80.000000000000,0.700000000000,0.000000000000,0.000000000000,-26.101287118374,-43.082112542568,0.000000000000,39.303445816040,11.922499656677,13.220077514648,14.160868644714
1430,0.032426303855,69,80.000000000000,0.700000000000,0.000000000000,0.000000000000,-26.101287118374,-60.274031869350,0.000000000000,33.061620712280,11.460398674011,10.543130874634,11.058091163635
1431,0.032448979592,69,80.000000000000,0.700000000000,0.000000000000,0.000000000000,-26.101287118374,-67.031054727016,0.000000000000,41.158879280090,16.897548675537,13.301126480103,10.960204124451
1432,0.032471655329,69,80.000000000000,0.700000000000,0.000000000000,0.000000000000,-26.101287118374,-68.866431466518,0.000000000000,57.210891723633,22.592655181885,19.144742965698,15.473493576050
1433,0.032494331066,69,80.000000000000,0.700000000000,0.000000000000,0.000000000000,-26.101287118374,-69.062663308559,0.000000000000,69.745046615601,25.309940338135,23.598484039307,20.836622238159
1434,0.032517006803,69,80.000000000000,0.700000000000,0.000000000000,0.000000000000,-26.101287118374,-68.850020638881,0.000000000000,75.293815612793,25.648151397705,25.409591674805,24.236072540283
1435,0.032539682540,69,80.000000000000,0.700000000000,0.000000000000,0.000000000000,-26.101287118374,-68.555358163296,0.000000000000,75.842523574829,24.969099044800,25.449743270874,25.423681259155
1436,0.032562358277,69,80.000000000000,0.700000000000,0.000000000000,0.000000000000,-26.101287118374,-68.231162301479,0.000000000000,74.029502868652,24.036449432373,24.740615844727,25.252437591553
1437,0.032585034014,69,80.000000000000,0.700000000000,0.000000000000,0.000000000000,-26.101287118374,-67.874934426723,0.000000000000,71.512109756470,23.103452682495,23.848531723022,24.560125350952
1438,0.032607709751,69,80.000000000000,0.700000000000,0.000000000000,0.000000000000,-26.101287118374,-67.483832589565,0.000000000000,68.630043029785,22.181308746338,22.878616333008,23.570117950439
1439,0.032630385488,69,80.000000000000,0.700000000000,0.000000000000,0.000000000000,-26.101287118374,-67.062850228725,0.000000000000,66.369709014893,21.370157241821,22.124708175659,22.874843597412
1440,0.032653061224,69,80.000000000000,0.700000000000,0.000000000000,0.000000000000,-26.101287118374,-66.606818429409,0.000000000000,62.996278762817,20.289999008179,20.971534729004,21.734745025635
1441,0.032675736961,69,80.000000000000,0.700000000000,0.000000000000,0.000000000000,-26.101287118374,-66.208747140346,0.000000000000,60.829435348511,19.739494323730,20.288940429688,20.801000595093
1442,0.032698412698,69,80.000000000000,0.700000000000,0.000000000000,0.000000000000,-26.101287118374,-65.349196664272,0.000000000000,59.030105590820,18.821338653564,19.740064620972,20.468702316284
1443,0.032721088435,69,80.000000000000,0.700000000000,0.000000000000,0.000000000000,-26.101287118374,-66.596972695766,0.000000000000,54.711410522461,17.214946746826,18.184118270874,19.312345504761
1444,0.032743764172,69,80.000000000000,0.700000000000,0.000000000000,0.000000000000,-26.101287118374,-60.089492074428,0.000000000000,50.990304946899,16.680715560913,16.877304077148,17.432285308838
1445,0.032766439909,69,80.000000000000,0.700000000000,0.000000000000,0.000000000000,-26.101287118374,-73.714293710171,0.000000000000,52.222131729126,17.246295928955,17.225997924805,17.749837875366
1446,0.032789115646,69,80.000000000000,0.700000000000,0.000000000000,0.000000000000,-26.101287118374,-53.948415032802,0.000000000000,47.714742660522,16.988258361816,16.066455841064,14.660028457642
1447,0.032811791383,69,80.000000000000,0.700000000000,0.000000000000,0.000000000000,-26.101287118374,-59.249720803676,0.000000000000,62.371906280518,19.099208831787,20.853084564209,22.419612884521
1448,0.032834467120,69,80.000000000000,0.700000000000,0.000000000000,0.000000000000,-26.101287118374,-71.125304452358,0.000000000000,35.076650619507,12.326198577881,11.295140266418,11.455311775208
1449,0.032857142857,69,80.000000000000,0.700000000000,0.000000000000,0.000000000000,-26.101287118374,-65.300402871547,0.000000000000,60.389181137085,21.761657714844,20.880424499512,17.747098922729
1450,0.032879818594,69,80.000000000000,0.700000000000,0.000000000000,0.000000000000,-26.101287118374,-52.129056207119,0.000000000000,56.270063400269,13.641801834106,19.200326919556,23.427934646606
1451,0.032902494331,69,80.000000000000,0.700000000000,0.000000000000,0.000000000000,-26.101287118374,-42.762284509121,0.000000000000,33.473052978516,10.332445144653,9.588638305664,13.551969528198
1452,0.032925170068,69,80.000000000000,0.700000000000,0.000000000000,0.000000000000,-26.101287118374,-38.293602219997,0.000000000000,42.930814743042,21.460948944092,12.849841117859,8.620024681091
1453,0.032947845805,69,80.000000000000,0.700000000000,0.000000000000,0.000000000000,-26.101287118374,-36.418262711941,0.000000000000,74.955968856812,33.829448699951,24.972633361816,16.153886795044
1454,0.032970521542,69,80.000000000000,0.700000000000,0.000000000000,0.000000000000,-26.101287118374,-35.436129800258,0.000000000000,103.285612106323,40.344291687012,35.237396240234,27.703924179077
1455,0.032993197279,69,80.000000000000,0.700000000000,0.000000000000,0.000000000000,-26.101287118374,-34.660856477199,0.000000000000,119.009269714355,42.275104522705,40.450187683105,36.283977508545
1456,0.033015873016,69,80.000000000000,0.700000000000,0.000000000000,0.000000000000,-26.101287118374,-33.916679612575,0.000000000000,124.743347167969,42.149536132812,42.040328979492,40.553482055664
1457,0.033038548753,69,80.000000000000,0.700000000000,0.000000000000,0.000000000000,-26.101287118374,-33.189432374416,0.000000000000,125.057296752930,41.363582611084,41.900295257568,41.793418884277
1458,0.033061224490,69,80.000000000000,0.700000000000,0.000000000000,0.000000000000,-26.101287118374,-32.493064156948,0.000000000000,123.632518768311,40.444381713867,41.256942749023,41.931194305420
1459,0.033083900227,69,80.000000000000,0.700000000000,0.000000000000,0.000000000000,-26.101287118374,-31.836563340603,0.000000000000,119.540203094482,39.352127075195,39.897583007812,40.290493011475
1460,0.033106575964,69,80.000000000000,0.700000000000,0.000000000000,0.000000000000,-26.101287118374,-31.219499818264,0.000000000000,120.832405090332,39.088409423828,40.341911315918,41.402084350586
1461,0.033129251701,69,80.000000000000,0.700000000000,0.000000000000,0.000000000000,-26.101287118374,-30.650481454311,0.000000000000,111.127590179443,36.091453552246,36.824901580811,38.211235046387
1462,0.033151927438,69,80.000000000000,0.700000000000,0.000000000000,0.000000000000,-26.101287118374,-30.054270974575,0.000000000000,112.435855865479,38.200904846191,37.428657531738,36.806293487549
1463,0.033174603175,69,80.000000000000,0.700000000000,0.000000000000,0.000000000000,-26.101287118374,-29.784186593471,0.000000000000,117.153999328613,38.112640380859,39.585060119629,39.456298828125
1464,0.033197278912,69,80.000000000000,0.700000000000,0.000000000000,0.000000000000,-26.101287118374,-28.418800584255,0.000000000000,107.650558471680,32.002723693848,36.408927917480,39.238906860352
1465,0.033219954649,69,80.000000000000,0.700000000000,0.000000000000,0.000000000000,-26.101287118374,-30.230768433986,0.000000000000,89.945590972900,25.230388641357,29.901432037354,34.813770294189
1466,0.033242630385,69,80.000000000000,0.700000000000,0.000000000000,0.000000000000,-26.101287118374,-26.157090417324,0.000000000000,70.798664093018,20.998462677002,23.397350311279,26.402851104736
1467,0.033265306122,69,80.000000000000,0.700000000000,0.000000000000,0.000000000000,-26.101287118374,-27.778357736049,0.000000000000,71.255285263062,20.576210021973,23.210723876953,27.468351364136
1468,0.033287981859,69,80.000000000000,0.700000000000,0.000000000000,0.000000000000,-26.101287118374,-30.051614991604,0.000000000000,42.847360610962,16.008853912354,13.956346511841,12.882160186768
1469,0.033310657596,69,80.000000000000,0.700000000000,0.000000000000,0.000000000000,-26.101287118374,-28.196138612209,0.000000000000,82.153493881226,26.435413360596,28.186065673828,27.532014846802
1470,0.033333333333,69,80.000000000000,0.700000000000,0.000000000000,0.000000000000,-26.101287118374,-24.459306947170,0.000000000000,45.220416069031,10.195997238159,14.308789253235,20.715629577637
1471,0.033356009070,69,80.000000000000,0.700000000000,0.000000000000,0.000000000000,-26.101287118374,-21.471435777126,0.000000000000,37.902216911316,18.017517089844,11.377515792847,8.507184028625
1472,0.033378684807,69,80.000000000000,0.700000000000,0.000000000000,0.000000000000,-26.101287118374,-19.783573380886,0.000000000000,70.337278366089,27.227470397949,24.892164230347,18.217643737793
1473,0.033401360544,69,80.000000000000,0.700000000000,0.000000000000,0.000000000000,-26.101287118374,-18.973869553982,0.000000000000,71.287895202637,17.278396606445,25.904376983643,28.105121612549
1474,0.033424036281,69,80.000000000000,0.700000000000,0.000000000000,0.000000000000,-26.101287118374,-18.605863801418,0.000000000000,37.397601127625,1.472192764282,13.012871742249,22.912536621094
1475,0.033446712018,69,80.000000000000,0.700000000000,0.000000000000,0.000000000000,-26.101287118374,-18.439591638027,0.000000000000,-0.069652080536,-8.789199829102,-0.791765689850,9.511313438416
1476,0.033469387755,69,80.000000000000,0.700000000000,0.000000000000,0.000000000000,-26.101287118374,-18.367892495571,0.000000000000,-24.985914230347,-13.110174179077,-9.302126884460,-2.573613166809
1477,0.033492063492,69,80.000000000000,0.700000000000,0.000000000000,0.000000000000,-26.101287118374,-18.344967118679,0.000000000000,-36.681911468506,-14.326732635498,-12.924531936646,-9.430646896362
1478,0.033514739229,69,80.000000000000,0.700000000000,0.000000000000,0.000000000000,-26.101287118374,-18.350478402553,0.000000000000,-43.149368286133,-14.614221572876,-14.605785369873,-13.929361343384
1479,0.033537414966,69,80.000000000000,0.700000000000,0.000000000000,0.000000000000,-26.101287118374,-18.374856225429,0.000000000000,-38.300352096558,-13.803823471069,-13.034505844116,-11.462022781372
1480,0.033560090703,69,80.000000000000,0.700000000000,0.000000000000,0.000000000000,-26.101287118374,-18.412506333767,0.000000000000,-53.539308547974,-16.122692108154,-17.908966064453,-19.507650375366
1481,0.033582766440,69,80.000000000000,0.700000000000,0.000000000000,0.000000000000,-26.101287118374,-18.459669343410,0.000000000000,-26.706954956055,-9.559603691101,-8.380069732666,-8.767281532288
1482,0.033605442177,69,80.000000000000,0.700000000000,0.000000000000,0.000000000000,-26.101287118374,-18.528060189663,0.000000000000,-51.243315696716,-19.467720031738,-17.770805358887,-14.004790306091
1483,0.033628117914,69,80.000000000000,0.700000000000,0.000000000000,0.000000000000,-26.101287118374,-18.468945256649,0.000000000000,-51.630299568176,-12.701992988586,-17.796806335449,-21.131500244141
1484,0.033650793651,69,80.000000000000,0.700000000000,0.000000000000,0.000000000000,-26.101287118374,-19.130136243282,0.000000000000,-30.798724174500,-9.254598617554,-8.728902816772,-12.815222740173
1485,0.033673469388,69,80.000000000000,0.700000000000,0.000000000000,0.000000000000,-26.101287118374,-17.334507218776,0.000000000000,-38.788041114807,-20.179065704346,-11.306456565857,-7.302518844604
1486,0.033696145125,69,80.000000000000,0.700000000000,0.000000000000,0.000000000000,-26.101287118374,-20.109614602505,0.000000000000,-71.441129684448,-33.297668457031,-23.627496719360,-14.515964508057
1487,0.033718820862,69,80.000000000000,0.700000000000,0.000000000000,0.000000000000,-26.101287118374,-20.983773461757,0.000000000000,-100.446903228760,-40.676078796387,-34.330818176270,-25.440006256104
1488,0.033741496599,69,80.000000000000,0.700000000000,0.000000000000,0.000000000000,-26.101287118374,-16.576611749111,0.000000000000,-123.533134460449,-44.138061523438,-42.046916961670,-37.348155975342
1489,0.033764172336,69,80.000000000000,0.700000000000,0.000000000000,0.000000000000,-26.101287118374,-10.452448121486,0.000000000000,-123.737815856934,-42.700889587402,-41.605316162109,-39.431610107422
1490,0.033786848073,69,80.000000000000,0.700000000000,0.000000000000,0.000000000000,-26.101287118374,-6.130498162685,0.000000000000,-135.091541290283,-46.016532897949,-45.476829528809,-43.598178863525
1491,0.033809523810,69,80.000000000000,0.700000000000,0.000000000000,0.000000000000,-26.101287118374,-4.305396310268,0.000000000000,-133.664638519287,-42.747177124023,-44.935928344727,-45.981533050537
1492,0.033832199546,69,80.000000000000,0.700000000000,0.000000000000,0.000000000000,-26.101287118374,-4.139609567104,0.000000000000,-123.945125579834,-39.879394531250,-40.984909057617,-43.080821990967
1493,0.033854875283,69,80.000000000000,0.700000000000,0.000000000000,0.000000000000,-26.101287118374,-4.736920587002,0.000000000000,-122.723670959473,-42.093120574951,-40.345039367676,-40.285511016846
1494,0.033877551020,69,80.000000000000,0.700000000000,0.000000000000,0.000000000000,-26.101287118374,-5.600331536709,0.000000000000,-130.579196929932,-46.070938110352,-43.333118438721,-41.175140380859
1495,0.033900226757,69,80.000000000000,0.700000000000,0.000000000000,0.000000000000,-26.101287118374,-6.536948434292,0.000000000000,-139.919303894043,-48.743335723877,-46.816513061523,-44.359455108643
1496,0.033922902494,69,80.000000000000,0.700000000000,0.000000000000,0.000000000000,-26.101287118374,-7.490727654873,0.000000000000,-146.049976348877,-49.681850433350,-48.959289550781,-47.408836364746
1497,0.033945578231,69,80.000000000000,0.700000000000,0.000000000000,0.000000000000,-26.101287118374,-8.448424569546,0.000000000000,-148.116729736328,-49.518981933594,-49.614265441895,-48.983482360840
1498,0.033968253968,69,80.000000000000,0.700000000000,0.000000000000,0.000000000000,-26.101287118374,-9.404965630947,0.000000000000,-148.645523071289,-48.889053344727,-49.603576660156,-50.152893066406
1499,0.033990929705,69,80.000000000000,0.700000000000,0.000000000000,0.000000000000,-26.101287118374,-10.355618707119,0.000000000000,-143.228904724121,-47.721260070801,-47.973800659180,-47.533843994141
1500,0.034013605442,69,80.000000000000,0.700000000000,0.000000000000,0.000000000000,-26.101287118374,-11.290755502163,0.000000000000,-151.511390686035,-47.998558044434,-50.342880249023,-53.169952392578
1501,0.034036281179,69,80.000000000000,0.700000000000,0.000000000000,0.000000000000,-26.101287118374,-12.236043206631,0.000000000000,-123.143028259277,-42.515964508057,-40.861713409424,-39.765350341797
1502,0.034058956916,69,80.000000000000,0.700000000000,0.000000000000,0.000000000000,-26.101287118374,-12.999049416958,0.000000000000,-160.570442199707,-52.326026916504,-54.490768432617,-53.753646850586
1503,0.034081632653,69,80.000000000000,0.700000000000,0.000000000000,0.000000000000,-26.101287118374,-14.528631440578,0.000000000000,-124.788700103760,-35.536178588867,-40.952259063721,-48.300262451172
1504,0.034104308390,69,80.000000000000,0.700000000000,0.000000000000,0.000000000000,-26.101287118374,-13.037152520595,0.000000000000,-111.093120574951,-41.162368774414,-35.583423614502,-34.347328186035
1505,0.034126984127,69,80.000000000000,0.700000000000,0.000000000000,0.000000000000,-26.101287118374,-19.475887528835,0.000000000000,-139.152858734131,-50.093132019043,-47.689998626709,-41.369728088379
1506,0.034149659864,69,80.000000000000,0.700000000000,0.000000000000,0.000000000000,-26.101287118374,-12.273843041836,0.000000000000,-141.007587432861,-40.474895477295,-49.307636260986,-51.225055694580
1507,0.034172335601,69,80.000000000000,0.700000000000,0.000000000000,0.000000000000,-26.101287118374,-16.716446153103,0.000000000000,-107.103517532349,-23.874185562134,-36.470878601074,-46.758453369141
1508,0.034195011338,69,80.000000000000,0.700000000000,0.000000000000,0.000000000000,-26.101287118374,-19.488774053036,0.000000000000,-67.328887939453,-12.276369094849,-21.745370864868,-33.307147979736
1509,0.034217687075,69,80.000000000000,0.700000000000,0.000000000000,0.000000000000,-26.101287118374,-13.867730370937,0.000000000000,-37.672064781189,-6.403496742249,-11.482994079590,-19.785573959351
1510,0.034240362812,69,80.000000000000,0.700000000000,0.000000000000,0.000000000000,-26.101287118374,-7.187796822964,0.000000000000,-21.849567413330,-4.367106437683,-6.545694351196,-10.936766624451
1511,0.034263038549,69,80.000000000000,0.700000000000,0.000000000000,0.000000000000,-26.101287118374,-3.402049294887,0.000000000000,-14.718752384186,-3.268717765808,-4.594113349915,-6.855921268463
1512,0.034285714286,69,80.000000000000,0.700000000000,0.000000000000,0.000000000000,-26.101287118374,-1.849303475796,0.000000000000,-8.886936187744,-1.777678489685,-2.772939682007,-4.336318016052
1513,0.034308390023,69,80.000000000000,0.700000000000,0.000000000000,0.000000000000,-26.101287118374,-1.333968392788,0.000000000000,-5.280508041382,-1.372008323669,-1.549578666687,-2.358921051025
1514,0.034331065760,69,80.000000000000,0.700000000000,0.000000000000,0.000000000000,-26.101287118374,-1.224131814419,0.000000000000,-5.109886169434,-2.000006675720,-1.572627067566,-1.537252426147
1515,0.034353741497,69,80.000000000000,0.700000000000,0.000000000000,0.000000000000,-26.101287118374,-1.269484750210,0.000000000000,-6.599085807800,-2.616430282593,-2.200988769531,-1.781666755676
1516,0.034376417234,69,80.000000000000,0.700000000000,0.000000000000,0.000000000000,-26.101287118374,-1.372613183437,0.000000000000,-7.717800140381,-2.732151031494,-2.644194602966,-2.341454505920
1517,0.034399092971,69,80.000000000000,0.700000000000,0.000000000000,0.000000000000,-26.101287118374,-1.491328469692,0.000000000000,-7.684588432312,-2.430347442627,-2.638605117798,-2.615635871887
1518,0.034421768707,69,80.000000000000,0.700000000000,0.000000000000,0.000000000000,-26.101287118374,-1.606461755214,0.000000000000,-6.903945922852,-1.928866386414,-2.334068298340,-2.641011238098
1519,0.034444444444,69,80.000000000000,0.700000000000,0.000000000000,0.000000000000,-26.101287118374,-1.710784188686,0.000000000000,-4.855548858643,-1.311124801636,-1.671251296997,-1.873172760010
1520,0.034467120181,69,80.000000000000,0.700000000000,0.000000000000,0.000000000000,-26.101287118374,-1.802081338344,0.000000000000,-5.063342094421,-0.920027732849,-1.651744842529,-2.491569519043
1521,0.034489795918,69,80.000000000000,0.700000000000,0.000000000000,0.000000000000,-26.101287118374,-1.896321526943,0.000000000000,1.284189224243,0.386404037476,0.456470489502,0.441314697266
1522,0.034512471655,69,80.000000000000,0.700000000000,0.000000000000,0.000000000000,-26.101287118374,-1.898608437954,0.000000000000,-5.200415611267,-1.102947235107,-1.925409317017,-2.172059059143
1523,0.034535147392,69,80.000000000000,0.700000000000,0.000000000000,0.000000000000,-26.101287118374,-2.411238900600,0.000000000000,4.718988418579,2.974896430969,1.754780769348,-0.010688781738
1524,0.034557823129,69,80.000000000000,0.700000000000,0.000000000000,0.000000000000,-26.101287118374,-0.469189874111,0.000000000000,6.017457008362,0.989375114441,2.342231750488,2.685850143433
1525,0.034580498866,69,80.000000000000,0.700000000000,0.000000000000,0.000000000000,-26.101287118374,-7.718446008144,0.000000000000,-0.884077072144,-1.088943481445,-0.615456581116,0.820322990417
1526,0.034603174603,69,80.000000000000,0.700000000000,0.381837675800,0.000108654394,-26.104173268606,9.583317526402,0.067754321890,-0.094996452332,1.777273178101,-0.651935577393,-1.220334053040
1527,0.034625850340,69,80.000000000000,0.700000000000,1.851332692328,0.000021827671,-26.118166712993,-17.069467759321,0.030368060491,9.417864799500,6.650876045227,2.917536735535,-0.150547981262
1528,0.034648526077,69,80.000000000000,0.700000000000,0.000000000000,0.000000000000,-26.118166712993,-3.909287242168,0.000000000000,23.316418647766,10.575969696045,7.901412010193,4.839036941528
1529,0.034671201814,69,80.000000000000,0.700000000000,0.402178374466,0.000111134082,-26.121206610003,9.802026005513,0.068523097942,28.377392768860,11.845598220825,9.677830696106,6.853963851929
1530,0.034693877551,69,80.000000000000,0.700000000000,2.288910165791,0.000104642591,-26.138507518286,-10.193448049429,0.066491724681,40.589594841003,14.825717926025,13.999183654785,11.764693260193
1531,0.034716553288,69,80.000000000000,0.700000000000,0.000000000000,0.000000000000,-26.138507518286,-38.522768649572,0.000000000000,40.060904502869,12.244100570679,13.600458145142,14.216345787048
1532,0.034739229025,69,80.000000000000,0.700000000000,0.000000000000,0.000000000000,-26.138507518286,-57.701150569433,0.000000000000,33.284586906433,11.097403526306,10.634409904480,11.552773475647
1533,0.034761904762,69,80.000000000000,0.700000000000,0.000000000000,0.000000000000,-26.138507518286,-66.011592540259,0.000000000000,38.684536933899,15.862060546875,12.355003356934,10.467473030090
1534,0.034784580499,69,80.000000000000,0.700000000000,0.000000000000,0.000000000000,-26.138507518286,-68.569526347632,0.000000000000,53.603052139282,21.705528259277,17.844251632690,14.053272247314
1535,0.034807256236,69,80.000000000000,0.700000000000,0.000000000000,0.000000000000,-26.138507518286,-69.009715709204,0.000000000000,67.034976959229,24.912012100220,22.702850341797,19.420114517212
1536,0.034829931973,69,80.000000000000,0.700000000000,0.000000000000,0.000000000000,-26.138507518286,-68.860820445532,0.000000000000,74.047813415527,25.600589752197,25.060323715210,23.386899948120
1537,0.034852607710,69,80.000000000000,0.700000000000,0.000000000000,0.000000000000,-26.138507518286,-68.581226024145,0.000000000000,75.653041839600,25.067905426025,25.447734832764,25.137401580811
1538,0.034875283447,69,80.000000000000,0.700000000000,0.000000000000,0.000000000000,-26.138507518286,-68.263896617407,0.000000000000,74.350177764893,24.171855926514,24.882583618164,25.295738220215
1539,0.034897959184,69,80.000000000000,0.700000000000,0.000000000000,0.000000000000,-26.138507518286,-67.914542827124,0.000000000000,72.033962249756,23.242004394531,24.035675048828,24.756282806396
1540,0.034920634921,69,80.000000000000,0.700000000000,0.000000000000,0.000000000000,-26.138507518286,-67.530269298071,0.000000000000,69.158454895020,22.311267852783,23.057586669922,23.789600372314
1541,0.034943310658,69,80.000000000000,0.700000000000,0.000000000000,0.000000000000,-26.138507518286,-67.116195353979,0.000000000000,66.939853668213,21.511394500732,22.318859100342,23.109600067139
1542,0.034965986395,69,80.000000000000,0.700000000000,0.000000000000,0.000000000000,-26.138507518286,-66.659579905981,0.000000000000,63.607282638550,20.418842315674,21.171487808228,22.016952514648
1543,0.034988662132,69,80.000000000000,0.700000000000,0.000000000000,0.000000000000,-26.138507518286,-66.295562419409,0.000000000000,61.235960006714,19.842605590820,20.414316177368,20.979038238525
1544,0.035011337868,69,80.000000000000,0.700000000000,0.000000000000,0.000000000000,-26.138507518286,-65.309421214575,0.000000000000,59.608097076416,19.016340255737,19.946537017822,20.645219802856
1545,0.035034013605,69,80.000000000000,0.700000000000,0.000000000000,0.000000000000,-26.138507518286,-66.972301158423,0.000000000000,55.628927230835,17.406082153320,18.506658554077,19.716186523438
1546,0.035056689342,69,80.000000000000,0.700000000000,0.000000000000,0.000000000000,-26.138507518286,-59.637492808813,0.000000000000,51.366163253784,16.677659988403,17.006679534912,17.681823730469
1547,0.035079365079,69,80.000000000000,0.700000000000,0.000000000000,0.000000000000,-26.138507518286,-73.689841899389,0.000000000000,52.609956741333,17.186660766602,17.299505233765,18.123790740967
1548,0.035102040816,69,80.000000000000,0.700000000000,0.000000000000,0.000000000000,-26.138507518286,-55.535981807226,0.000000000000,46.612879753113,16.809318542480,15.679161071777,14.124400138855
1549,0.035124716553,69,80.000000000000,0.700000000000,0.000000000000,0.000000000000,-26.138507518286,-57.853149089331,0.000000000000,63.217653274536,19.416910171509,21.215669631958,22.585073471069
1550,0.035147392290,69,80.000000000000,0.700000000000,0.000000000000,0.000000000000,-26.138507518286,-70.068710002417,0.000000000000,36.555755615234,12.396989822388,11.669015884399,12.489749908447
1551,0.035170068027,69,80.000000000000,0.700000000000,0.000000000000,0.000000000000,-26.138507518286,-66.803786906714,0.000000000000,57.308313369751,21.402887344360,19.801639556885,16.103786468506
1552,0.035192743764,69,80.000000000000,0.700000000000,0.000000000000,0.000000000000,-26.138507518286,-54.272658977026,0.000000000000,58.636207580566,14.718135833740,20.312419891357,23.605651855469
1553,0.035215419501,69,80.000000000000,0.700000000000,0.000000000000,0.000000000000,-26.138507518286,-44.202121409887,0.000000000000,36.671090126038,10.043234825134,10.755775451660,15.872079849243
1554,0.035238095238,69,80.000000000000,0.700000000000,0.000000000000,0.000000000000,-26.138507518286,-38.999421748633,0.000000000000,39.306851387024,19.326454162598,11.293118476868,8.687278747559
1555,0.035260770975,69,80.000000000000,0.700000000000,0.000000000000,0.000000000000,-26.138507518286,-36.747886332983,0.000000000000,67.692997932434,31.887439727783,22.230161666870,13.575396537781
1556,0.035283446712,69,80.000000000000,0.700000000000,0.000000000000,0.000000000000,-26.138507518286,-35.636459979529,0.000000000000,97.045658111572,39.348377227783,33.120918273926,24.576362609863
1557,0.035306122449,69,80.000000000000,0.700000000000,0.000000000000,0.000000000000,-26.138507518286,-34.830687198156,0.000000000000,115.416419982910,41.959877014160,39.386718750000,34.069824218750
1558,0.035328798186,69,80.000000000000,0.700000000000,0.000000000000,0.000000000000,-26.138507518286,-34.081261310095,0.000000000000,123.298770904541,42.137763977051,41.699424743652,39.461582183838
1559,0.035351473923,69,80.000000000000,0.700000000000,0.000000000000,0.000000000000,-26.138507518286,-33.350738200659,0.000000000000,124.747417449951,41.449523925781,41.889720916748,41.408172607422
1560,0.035374149660,69,80.000000000000,0.700000000000,0.000000000000,0.000000000000,-26.138507518286,-32.649059924597,0.000000000000,124.005294799805,40.566303253174,41.417278289795,42.021713256836
1561,0.035396825397,69,80.000000000000,0.700000000000,0.000000000000,0.000000000000,-26.138507518286,-31.986191424841,0.000000000000,119.734004974365,39.426536560059,39.969341278076,40.338127136230
1562,0.035419501134,69,80.000000000000,0.700000000000,0.000000000000,0.000000000000,-26.138507518286,-31.361882838720,0.000000000000,121.464763641357,39.297721862793,40.593673706055,41.573368072510
1563,0.035442176871,69,80.000000000000,0.700000000000,0.000000000000,0.000000000000,-26.138507518286,-30.791048678869,0.000000000000,112.216678619385,36.188049316406,37.181816101074,38.846813201904
1564,0.035464852608,69,80.000000000000,0.700000000000,0.000000000000,0.000000000000,-26.138507518286,-30.171194705481,0.000000000000,111.732639312744,37.934852600098,37.098320007324,36.699466705322
1565,0.035487528345,69,80.000000000000,0.700000000000,0.000000000000,0.000000000000,-26.138507518286,-29.957538280005,0.000000000000,117.034477233887,38.510711669922,39.531112670898,38.992652893066
1566,0.035510204082,69,80.000000000000,0.700000000000,0.000000000000,0.000000000000,-26.138507518286,-28.451268825049,0.000000000000,110.201988220215,33.115955352783,37.399951934814,39.686080932617
1567,0.035532879819,69,80.000000000000,0.700000000000,0.000000000000,0.000000000000,-26.138507518286,-30.399007472510,0.000000000000,94.254085540771,26.276779174805,31.431762695312,36.545543670654
1568,0.035555555556,69,80.000000000000,0.700000000000,0.000000000000,0.000000000000,-26.138507518286,-26.489895495886,0.000000000000,73.426300048828,21.487686157227,24.310876846313,27.627737045288
1569,0.035578231293,69,80.000000000000,0.700000000000,0.000000000000,0.000000000000,-26.138507518286,-27.490138682837,0.000000000000,74.552497863770,20.993572235107,24.266159057617,29.292766571045
1570,0.035600907029,69,80.000000000000,0.700000000000,0.000000000000,0.000000000000,-26.138507518286,-29.970612201208,0.000000000000,42.673933029175,15.611365318298,13.682407379150,13.380160331726
1571,0.035623582766,69,80.000000000000,0.700000000000,0.000000000000,0.000000000000,-26.138507518286,-28.694905910010,0.000000000000,80.044254302979,26.462692260742,27.595188140869,25.986373901367
1572,0.035646258503,69,80.000000000000,0.700000000000,0.000000000000,0.000000000000,-26.138507518286,-25.135682734961,0.000000000000,50.698610305786,11.224056243896,16.335344314575,23.139209747314
1573,0.035668934240,69,80.000000000000,0.700000000000,0.000000000000,0.000000000000,-26.138507518286,-21.988904628271,0.000000000000,36.439854621887,16.518653869629,10.509010314941,9.412190437317
1574,0.035691609977,69,80.000000000000,0.700000000000,0.000000000000,0.000000000000,-26.138507518286,-20.094422015661,0.000000000000,64.878639221191,26.741004943848,22.760961532593,15.376672744751
1575,0.035714285714,69,80.000000000000,0.700000000000,0.000000000000,0.000000000000,-26.138507518286,-19.149751338476,0.000000000000,73.133729934692,19.436801910400,26.836868286133,26.860059738159
1576,0.035736961451,69,80.000000000000,0.700000000000,0.000000000000,0.000000000000,-26.138507518286,-18.713366183752,0.000000000000,45.266029357910,3.996639251709,16.096370697021,25.173019409180
1577,0.035759637188,69,80.000000000000,0.700000000000,0.000000000000,0.000000000000,-26.138507518286,-18.515258464331,0.000000000000,8.106544017792,-7.240985393524,2.083737373352,13.263792037964
1578,0.035782312925,69,80.000000000000,0.700000000000,0.000000000000,0.000000000000,-26.138507518286,-18.428303393835,0.000000000000,-19.555834293365,-12.458925247192,-7.598922729492,0.502013683319
1579,0.035804988662,69,80.000000000000,0.700000000000,0.000000000000,0.000000000000,-26.138507518286,-18.397318515295,0.000000000000,-33.721398353577,-14.116226196289,-12.125671386719,-7.479500770569
1580,0.035827664399,69,80.000000000000,0.700000000000,0.000000000000,0.000000000000,-26.138507518286,-18.397982272619,0.000000000000,-42.463991165161,-14.616374969482,-14.478382110596,-13.369234085083
1581,0.035850340136,69,80.000000000000,0.700000000000,0.000000000000,0.000000000000,-26.138507518286,-18.419086131567,0.000000000000,-37.053728103638,-13.672540664673,-12.676950454712,-10.704236984253
1582,0.035873015873,69,80.000000000000,0.700000000000,0.000000000000,0.000000000000,-26.138507518286,-18.454420718664,0.000000000000,-54.232275009155,-16.405817031860,-18.256547927856,-19.569910049438
1583,0.035895691610,69,80.000000000000,0.700000000000,0.000000000000,0.000000000000,-26.138507518286,-18.498543414587,0.000000000000,-28.255792617798,-9.576535224915,-8.778458595276,-9.900798797607
1584,0.035918367347,69,80.000000000000,0.700000000000,0.000000000000,0.000000000000,-26.138507518286,-18.575585994238,0.000000000000,-47.890069961548,-18.961372375488,-16.557540893555,-12.371156692505
1585,0.035941043084,69,80.000000000000,0.700000000000,0.000000000000,0.000000000000,-26.138507518286,-18.469922217840,0.000000000000,-53.136579513550,-13.636871337891,-18.616260528564,-20.883447647095
1586,0.035963718821,69,80.000000000000,0.700000000000,0.000000000000,0.000000000000,-26.138507518286,-19.253205928320,0.000000000000,-33.789028167725,-8.988292694092,-9.873939514160,-14.926795959473
1587,0.035986394558,69,80.000000000000,0.700000000000,0.000000000000,0.000000000000,-26.138507518286,-17.356584224218,0.000000000000,-35.337779998779,-18.020206451416,-9.828640937805,-7.488932609558
1588,0.036009070295,69,80.000000000000,0.700000000000,0.000000000000,0.000000000000,-26.138507518286,-19.800763759131,0.000000000000,-64.139245033264,-31.214460372925,-20.830703735352,-12.094080924988
1589,0.036031746032,69,80.000000000000,0.700000000000,0.000000000000,0.000000000000,-26.138507518286,-21.250588092322,0.000000000000,-93.354974746704,-39.462028503418,-31.893589019775,-21.999357223511
1590,0.036054421769,69,80.000000000000,0.700000000000,0.000000000000,0.000000000000,-26.138507518286,-17.556521090979,0.000000000000,-119.496887207031,-43.760215759277,-40.855613708496,-34.881057739258
1591,0.036077097506,69,80.000000000000,0.700000000000,0.000000000000,0.000000000000,-26.138507518286,-11.525763186926,0.000000000000,-121.883205413818,-42.492927551270,-41.101390838623,-38.288887023926
1592,0.036099773243,69,80.000000000000,0.700000000000,0.000000000000,0.000000000000,-26.138507518286,-6.843383464331,0.000000000000,-133.244762420654,-45.850170135498,-44.921504974365,-42.473087310791
1593,0.036122448980,69,80.000000000000,0.700000000000,0.000000000000,0.000000000000,-26.138507518286,-4.617725047583,0.000000000000,-134.308017730713,-43.227027893066,-45.292648315430,-45.788341522217
1594,0.036145124717,69,80.000000000000,0.700000000000,0.000000000000,0.000000000000,-26.138507518286,-4.199599894995,0.000000000000,-125.299930572510,-39.974262237549,-41.529975891113,-43.795692443848
1595,0.036167800454,69,80.000000000000,0.700000000000,0.000000000000,0.000000000000,-26.138507518286,-4.681926402563,0.000000000000,-122.255802154541,-41.508110046387,-40.117820739746,-40.629871368408
1596,0.036190476190,69,80.000000000000,0.700000000000,0.000000000000,0.000000000000,-26.138507518286,-5.504018458838,0.000000000000,-128.505077362061,-45.355697631836,-42.520542144775,-40.628837585449
1597,0.036213151927,69,80.000000000000,0.700000000000,0.000000000000,0.000000000000,-26.138507518286,-6.427823695654,0.000000000000,-137.675811767578,-48.280082702637,-46.018917083740,-43.376811981201
1598,0.036235827664,69,80.000000000000,0.700000000000,0.000000000000,0.000000000000,-26.138507518286,-7.377299937719,0.000000000000,-144.555046081543,-49.493553161621,-48.480415344238,-46.581077575684
1599,0.036258503401,69,80.000000000000,0.700000000000,0.000000000000,0.000000000000,-26.138507518286,-8.332957896704,0.000000000000,-147.338508605957,-49.495536804199,-49.413909912109,-48.429061889648
1600,0.036281179138,69,80.000000000000,0.700000000000,0.000000000000,0.000000000000,-26.138507518286,-9.288474711889,0.000000000000,-148.856006622314,-48.968666076660,-49.688274383545,-50.199066162109
1601,0.036303854875,69,80.000000000000,0.700000000000,0.000000000000,0.000000000000,-26.138507518286,-10.239444407934,0.000000000000,-142.691413879395,-47.741699218750,-47.847694396973,-47.102020263672
1602,0.036326530612,69,80.000000000000,0.700000000000,0.000000000000,0.000000000000,-26.138507518286,-11.173672351355,0.000000000000,-153.253055572510,-48.344417572021,-50.968597412109,-53.940040588379
1603,0.036349206349,69,80.000000000000,0.700000000000,0.000000000000,0.000000000000,-26.138507518286,-12.131883296484,0.000000000000,-122.863777160645,-42.218894958496,-40.610504150391,-40.034378051758
1604,0.036371882086,69,80.000000000000,0.700000000000,0.000000000000,0.000000000000,-26.138507518286,-12.848380717749,0.000000000000,-158.390766143799,-52.422916412354,-53.898399353027,-52.069450378418
1605,0.036394557823,69,80.000000000000,0.700000000000,0.000000000000,0.000000000000,-26.138507518286,-14.544578227514,0.000000000000,-130.546043395996,-36.750560760498,-43.134300231934,-50.661182403564
1606,0.036417233560,69,80.000000000000,0.700000000000,0.000000000000,0.000000000000,-26.138507518286,-12.707358989233,0.000000000000,-110.869194030762,-39.890975952148,-35.155899047852,-35.822319030762
1607,0.036439909297,69,80.000000000000,0.700000000000,0.000000000000,0.000000000000,-26.138507518286,-19.284286174292,0.000000000000,-134.242263793945,-49.589447021484,-45.680664062500,-38.972152709961
1608,0.036462585034,69,80.000000000000,0.700000000000,0.000000000000,0.000000000000,-26.138507518286,-12.702464732641,0.000000000000,-142.628723144531,-42.615081787109,-50.120315551758,-49.893325805664
1609,0.036485260771,69,80.000000000000,0.700000000000,0.000000000000,0.000000000000,-26.138507518286,-16.100694331640,0.000000000000,-114.999925613403,-26.544828414917,-39.591178894043,-48.863918304443
1610,0.036507936508,69,80.000000000000,0.700000000000,0.000000000000,0.000000000000,-26.138507518286,-19.472915801520,0.000000000000,-76.127998352051,-14.056552886963,-24.882953643799,-37.188491821289
1611,0.036530612245,69,80.000000000000,0.700000000000,0.000000000000,0.000000000000,-26.138507518286,-15.001744899267,0.000000000000,-44.106327533722,-7.259430408478,-13.533729553223,-23.313167572021
1612,0.036553287982,69,80.000000000000,0.700000000000,0.000000000000,0.000000000000,-26.138507518286,-8.291310939306,0.000000000000,-25.369729042053,-4.704962730408,-7.530240058899,-13.134526252747
1613,0.036575963719,69,80.000000000000,0.700000000000,0.000000000000,0.000000000000,-26.138507518286,-4.045344981665,0.000000000000,-16.613465309143,-3.511844635010,-5.100474357605,-8.001146316528
1614,0.036598639456,69,80.000000000000,0.700000000000,0.000000000000,0.000000000000,-26.138507518286,-2.159289988989,0.000000000000,-10.216574668884,-1.973639488220,-3.167434692383,-5.075500488281
1615,0.036621315193,69,80.000000000000,0.700000000000,0.000000000000,0.000000000000,-26.138507518286,-1.486913356299,0.000000000000,-5.947813034058,-1.375920295715,-1.735274314880,-2.836618423462
1616,0.036643990930,69,80.000000000000,0.700000000000,0.000000000000,0.000000000000,-26.138507518286,-1.314105662817,0.000000000000,-5.087254524231,-1.886223793030,-1.520098686218,-1.680932044983
1617,0.036666666667,69,80.000000000000,0.700000000000,0.000000000000,0.000000000000,-26.138507518286,-1.335172328467,0.000000000000,-6.288689613342,-2.533342361450,-2.068105697632,-1.687241554260
1618,0.036689342404,69,80.000000000000,0.700000000000,0.000000000000,0.000000000000,-26.138507518286,-1.429525050635,0.000000000000,-7.514409065247,-2.733544349670,-2.572410583496,-2.208454132080
1619,0.036712018141,69,80.000000000000,0.700000000000,0.000000000000,0.000000000000,-26.138507518286,-1.546180400366,0.000000000000,-7.703546524048,-2.495205879211,-2.658591270447,-2.549749374390
1620,0.036734693878,69,80.000000000000,0.700000000000,0.000000000000,0.000000000000,-26.138507518286,-1.662185344214,0.000000000000,-7.192689895630,-2.028201103210,-2.438716888428,-2.725771903992
1621,0.036757369615,69,80.000000000000,0.700000000000,0.000000000000,0.000000000000,-26.138507518286,-1.768520030493,0.000000000000,-5.069741249084,-1.406239509583,-1.757778167725,-1.905723571777
1622,0.036780045351,69,80.000000000000,0.700000000000,0.000000000000,0.000000000000,-26.138507518286,-1.860746058935,0.000000000000,-5.727325439453,-1.068411827087,-1.881546974182,-2.777366638184
1623,0.036802721088,69,80.000000000000,0.700000000000,0.000000000000,0.000000000000,-26.138507518286,-1.962590846533,0.000000000000,1.093113899231,0.367086410522,0.423136711121,0.302890777588
1624,0.036825396825,69,80.000000000000,0.700000000000,0.000000000000,0.000000000000,-26.138507518286,-1.930938395971,0.000000000000,-5.318229675293,-1.273470878601,-1.998542785645,-2.046216011047
1625,0.036848072562,69,80.000000000000,0.700000000000,0.000000000000,0.000000000000,-26.138507518286,-2.595224055761,0.000000000000,3.239607810974,2.700339317322,1.211729049683,-0.672460556030
1626,0.036870748299,69,80.000000000000,0.700000000000,0.000000000000,0.000000000000,-26.138507518286,-0.153802546972,0.000000000000,6.282790184021,1.335312843323,2.519662857056,2.427814483643
1627,0.036893424036,69,80.000000000000,0.700000000000,0.000000000000,0.000000000000,-26.138507518286,-8.452712687964,0.000000000000,0.056810379028,-1.070079803467,-0.210433006287,1.337323188782
1628,0.036916099773,69,80.000000000000,0.700000000000,0.371322009367,0.000107343119,-26.141314185023,9.467663136011,0.067344241009,-0.813961982727,1.114620208740,-0.962262153625,-0.966320037842
1629,0.036938775510,69,80.000000000000,0.700000000000,1.824905833639,0.000037587449,-26.155107879911,-15.452882437852,0.039850592568,6.827009201050,5.802774429321,1.929413795471,-0.905179023743
1630,0.036961451247,69,80.000000000000,0.700000000000,0.000000000000,0.000000000000,-26.155107879911,-6.238903427396,0.000000000000,20.780524730682,10.014648437500,7.003986835480,3.761889457703
1631,0.036984126984,69,80.000000000000,0.700000000000,0.355167139523,0.000105287089,-26.157792438789,9.286321258273,0.066696173161,26.163720130920,11.426619529724,8.918663978577,5.818436622620
1632,0.037006802721,69,80.000000000000,0.700000000000,2.402469381284,0.000140342980,-26.175951693371,-6.034436467717,0.077003187632,38.648247718811,14.675079345703,13.399036407471,10.574131965637
1633,0.037029478458,69,80.000000000000,0.700000000000,0.173049963754,0.000000000000,-26.177259705191,-33.930017811912,0.000000000000,40.488938331604,12.572115898132,13.887695312500,14.029127120972
1634,0.037052154195,69,80.000000000000,0.700000000000,0.000000000000,0.000000000000,-26.177259705191,-54.806461594229,0.000000000000,33.790712356567,10.856807708740,10.859264373779,12.074640274048
1635,0.037074829932,69,80.000000000000,0.700000000000,0.000000000000,0.000000000000,-26.177259705191,-64.761480591422,0.000000000000,36.729182243347,14.893230438232,11.590662956238,10.245288848877
1636,0.037097505669,69,80.000000000000,0.700000000000,0.000000000000,0.000000000000,-26.177259705191,-68.167665741568,0.000000000000,50.144669532776,20.771755218506,16.566331863403,12.806582450867
1637,0.037120181406,69,80.000000000000,0.700000000000,0.000000000000,0.000000000000,-26.177259705191,-68.921934387808,0.000000000000,64.093631744385,24.435285568237,21.704174041748,17.954172134399
1638,0.037142857143,69,80.000000000000,0.700000000000,0.000000000000,0.000000000000,-26.177259705191,-68.863233826285,0.000000000000,72.477521896362,25.501249313354,24.598327636719,22.377944946289
1639,0.037165532880,69,80.000000000000,0.700000000000,0.000000000000,0.000000000000,-26.177259705191,-68.605963013297,0.000000000000,75.231481552124,25.145561218262,25.377498626709,24.708421707153
1640,0.037188208617,69,80.000000000000,0.700000000000,0.000000000000,0.000000000000,-26.177259705191,-68.296785614615,0.000000000000,74.552328109741,24.301725387573,24.995662689209,25.254940032959
1641,0.037210884354,69,80.000000000000,0.700000000000,0.000000000000,0.000000000000,-26.177259705191,-67.954382202750,0.000000000000,72.513017654419,23.380355834961,24.215269088745,24.917392730713
1642,0.037233560091,69,80.000000000000,0.700000000000,0.000000000000,0.000000000000,-26.177259705191,-67.576902649527,0.000000000000,69.676090240479,22.440986633301,23.235168457031,23.999935150146
1643,0.037256235828,69,80.000000000000,0.700000000000,0.000000000000,0.000000000000,-26.177259705191,-67.170370361929,0.000000000000,67.496446609497,21.652194976807,22.509883880615,23.334367752075
1644,0.037278911565,69,80.000000000000,0.700000000000,0.000000000000,0.000000000000,-26.177259705191,-66.711004517203,0.000000000000,64.232442855835,20.550855636597,21.377996444702,22.303590774536
1645,0.037301587302,69,80.000000000000,0.700000000000,0.000000000000,0.000000000000,-26.177259705191,-66.390745422965,0.000000000000,61.657058715820,19.941204071045,20.541553497314,21.174301147461
1646,0.037324263039,69,80.000000000000,0.700000000000,0.000000000000,0.000000000000,-26.177259705191,-65.250833771353,0.000000000000,60.125961303711,19.201496124268,20.130180358887,20.794284820557
1647,0.037346938776,69,80.000000000000,0.700000000000,0.000000000000,0.000000000000,-26.177259705191,-67.370619080191,0.000000000000,56.545246124268,17.611679077148,18.831644058228,20.101922988892
1648,0.037369614512,69,80.000000000000,0.700000000000,0.000000000000,0.000000000000,-26.177259705191,-59.242372772818,0.000000000000,51.797252655029,16.699319839478,17.164953231812,17.932979583740
1649,0.037392290249,69,80.000000000000,0.700000000000,0.000000000000,0.000000000000,-26.177259705191,-73.499410889273,0.000000000000,53.172172546387,17.144554138184,17.431735992432,18.595882415771
1650,0.037414965986,69,80.000000000000,0.700000000000,0.000000000000,0.000000000000,-26.177259705191,-57.182049057608,0.000000000000,45.537636756897,16.604749679565,15.279163360596,13.653723716736
1651,0.037437641723,69,80.000000000000,0.700000000000,0.000000000000,0.000000000000,-26.177259705191,-56.745529434805,0.000000000000,63.704776763916,19.700231552124,21.475622177124,22.528923034668
1652,0.037460317460,69,80.000000000000,0.700000000000,0.000000000000,0.000000000000,-26.177259705191,-68.793977997427,0.000000000000,38.418679237366,12.524028778076,12.184877395630,13.709773063660
1653,0.037482993197,69,80.000000000000,0.700000000000,0.000000000000,0.000000000000,-26.177259705191,-67.983351013785,0.000000000000,54.344978332520,20.977870941162,18.696989059448,14.670118331909
1654,0.037505668934,69,80.000000000000,0.700000000000,0.000000000000,0.000000000000,-26.177259705191,-56.382005951529,0.000000000000,60.116303443909,15.743968009949,21.126432418823,23.245903015137
1655,0.037528344671,69,80.000000000000,0.700000000000,0.000000000000,0.000000000000,-26.177259705191,-45.766424439078,0.000000000000,40.299769401550,10.040858268738,12.172225952148,18.086685180664
1656,0.037551020408,69,80.000000000000,0.700000000000,0.000000000000,0.000000000000,-26.177259705191,-39.816953919058,0.000000000000,37.029277801514,17.386026382446,10.227691650391,9.415559768677
1657,0.037573696145,69,80.000000000000,0.700000000000,0.000000000000,0.000000000000,-26.177259705191,-37.133794090872,0.000000000000,61.038296699524,29.869422912598,19.623229980469,11.545643806458
1658,0.037596371882,69,80.000000000000,0.700000000000,0.000000000000,0.000000000000,-26.177259705191,-35.857063553458,0.000000000000,90.518924713135,38.201114654541,30.833953857422,21.483856201172
1659,0.037619047619,69,80.000000000000,0.700000000000,0.000000000000,0.000000000000,-26.177259705191,-35.006546280509,0.000000000000,111.231639862061,41.543060302734,38.103607177734,31.584972381592
1660,0.037641723356,69,80.000000000000,0.700000000000,0.000000000000,0.000000000000,-26.177259705191,-34.248253128653,0.000000000000,121.381862640381,42.081199645996,41.215362548828,38.085300445557
1661,0.037664399093,69,80.000000000000,0.700000000000,0.000000000000,0.000000000000,-26.177259705191,-33.514179489737,0.000000000000,124.153541564941,41.519676208496,41.807411193848,40.826454162598
1662,0.037687074830,69,80.000000000000,0.700000000000,0.000000000000,0.000000000000,-26.177259705191,-32.807463905936,0.000000000000,124.271942138672,40.687301635742,41.559230804443,42.025409698486
1663,0.037709750567,69,80.000000000000,0.700000000000,0.000000000000,0.000000000000,-26.177259705191,-32.138439438468,0.000000000000,119.897239685059,39.494873046875,40.032573699951,40.369792938232
1664,0.037732426304,69,80.000000000000,0.700000000000,0.000000000000,0.000000000000,-26.177259705191,-31.506543419486,0.000000000000,121.972309112549,39.500946044922,40.808872222900,41.662490844727
1665,0.037755102041,69,80.000000000000,0.700000000000,0.000000000000,0.000000000000,-26.177259705191,-30.935155174857,0.000000000000,113.411586761475,36.324722290039,37.592800140381,39.494064331055
1666,0.037777777778,69,80.000000000000,0.700000000000,0.000000000000,0.000000000000,-26.177259705191,-30.287420532828,0.000000000000,111.248409271240,37.657821655273,36.834865570068,36.755722045898
1667,0.037800453515,69,80.000000000000,0.700000000000,0.000000000000,0.000000000000,-26.177259705191,-30.137578270560,0.000000000000,116.619785308838,38.784904479980,39.342681884766,38.492198944092
1668,0.037823129252,69,80.000000000000,0.700000000000,0.000000000000,0.000000000000,-26.177259705191,-28.489479324942,0.000000000000,112.166622161865,34.151573181152,38.188602447510,39.826446533203
1669,0.037845804989,69,80.000000000000,0.700000000000,0.000000000000,0.000000000000,-26.177259705191,-30.541407845145,0.000000000000,98.417594909668,27.366394042969,32.937614440918,38.113586425781
1670,0.037868480726,69,80.000000000000,0.700000000000,0.000000000000,0.000000000000,-26.177259705191,-26.854070923453,0.000000000000,76.150207519531,22.039421081543,25.280925750732,28.829860687256
1671,0.037891156463,69,80.000000000000,0.700000000000,0.000000000000,0.000000000000,-26.177259705191,-27.253188393240,0.000000000000,78.107030868530,21.485816955566,25.442049026489,31.179164886475
1672,0.037913832200,69,80.000000000000,0.700000000000,0.000000000000,0.000000000000,-26.177259705191,-29.829005501395,0.000000000000,43.258863449097,15.270622253418,13.627996444702,14.360244750977
1673,0.037936507937,69,80.000000000000,0.700000000000,0.000000000000,0.000000000000,-26.177259705191,-29.117927811270,0.000000000000,77.461940765381,26.370979309082,26.790279388428,24.300682067871
1674,0.037959183673,69,80.000000000000,0.700000000000,0.000000000000,0.000000000000,-26.177259705191,-25.801622650748,0.000000000000,55.756420135498,12.340068817139,18.301126480103,25.115224838257
1675,0.037981859410,69,80.000000000000,0.700000000000,0.000000000000,0.000000000000,-26.177259705191,-22.538256905203,0.000000000000,36.337112426758,15.211225509644,10.144751548767,10.981135368347
1676,0.038004535147,69,80.000000000000,0.700000000000,0.000000000000,0.000000000000,-26.177259705191,-20.439609787589,0.000000000000,59.459731101990,25.952816009521,20.520998001099,12.985917091370
1677,0.038027210884,69,80.000000000000,0.700000000000,0.000000000000,0.000000000000,-26.177259705191,-19.347991249686,0.000000000000,73.412719726562,21.275697708130,27.149908065796,24.987113952637
1678,0.038049886621,69,80.000000000000,0.700000000000,0.000000000000,0.000000000000,-26.177259705191,-18.833009026175,0.000000000000,52.041049957275,6.533613204956,18.867303848267,26.640132904053
1679,0.038072562358,69,80.000000000000,0.700000000000,0.000000000000,0.000000000000,-26.177259705191,-18.597472450858,0.000000000000,16.326683998108,-5.526825904846,5.072130203247,16.781379699707
1680,0.038095238095,69,80.000000000000,0.700000000000,0.000000000000,0.000000000000,-26.177259705191,-18.492695114737,0.000000000000,-13.534758090973,-11.673326492310,-5.649120330811,3.787688732147
1681,0.038117913832,69,80.000000000000,0.700000000000,0.000000000000,0.000000000000,-26.177259705191,-18.452523491507,0.000000000000,-30.120916843414,-13.835995674133,-11.122885704041,-5.162035465240
1682,0.038140589569,69,80.000000000000,0.700000000000,0.000000000000,0.000000000000,-26.177259705191,-18.447826645499,0.000000000000,-41.466407775879,-14.603586196899,-14.274255752563,-12.588565826416
1683,0.038163265306,69,80.000000000000,0.700000000000,0.000000000000,0.000000000000,-26.177259705191,-18.465397141104,0.000000000000,-35.648302078247,-13.521245002747,-12.270664215088,-9.856392860413
1684,0.038185941043,69,80.000000000000,0.700000000000,0.000000000000,0.000000000000,-26.177259705191,-18.498382828360,0.000000000000,-54.515586853027,-16.664718627930,-18.499816894531,-19.351051330566
1685,0.038208616780,69,80.000000000000,0.700000000000,0.000000000000,0.000000000000,-26.177259705191,-18.538541100150,0.000000000000,-30.181468963623,-9.659702301025,-9.329475402832,-11.192291259766
1686,0.038231292517,69,80.000000000000,0.700000000000,0.000000000000,0.000000000000,-26.177259705191,-18.627550385123,0.000000000000,-44.769240379333,-18.398918151855,-15.356655120850,-11.013667106628
1687,0.038253968254,69,80.000000000000,0.700000000000,0.000000000000,0.000000000000,-26.177259705191,-18.467691681509,0.000000000000,-53.787324905396,-14.508356094360,-19.133602142334,-20.145366668701
1688,0.038276643991,69,80.000000000000,0.700000000000,0.000000000000,0.000000000000,-26.177259705191,-19.372411987906,0.000000000000,-37.081023216248,-8.994618415833,-11.222682952881,-16.863721847534
1689,0.038299319728,69,80.000000000000,0.700000000000,0.000000000000,0.000000000000,-26.177259705191,-17.416688225394,0.000000000000,-33.180272102356,-16.068653106689,-8.838675498962,-8.272943496704
1690,0.038321995465,69,80.000000000000,0.700000000000,0.000000000000,0.000000000000,-26.177259705191,-19.486034176474,0.000000000000,-57.555949211121,-29.074337005615,-18.213920593262,-10.267691612244
1691,0.038344671202,69,80.000000000000,0.700000000000,0.000000000000,0.000000000000,-26.177259705191,-21.404859802847,0.000000000000,-86.061700820923,-38.093666076660,-29.304111480713,-18.663923263550
1692,0.038367346939,69,80.000000000000,0.700000000000,0.000000000000,0.000000000000,-26.177259705191,-18.449314854270,0.000000000000,-114.813316345215,-43.275344848633,-39.424503326416,-32.113468170166
1693,0.038390022676,69,80.000000000000,0.700000000000,0.000000000000,0.000000000000,-26.177259705191,-12.611148140555,0.000000000000,-119.673717498779,-42.258869171143,-40.498359680176,-36.916488647461
1694,0.038412698413,69,80.000000000000,0.700000000000,0.000000000000,0.000000000000,-26.177259705191,-7.624548218375,0.000000000000,-131.109519958496,-45.627258300781,-44.272392272949,-41.209869384766
1695,0.038435374150,69,80.000000000000,0.700000000000,0.000000000000,0.000000000000,-26.177259705191,-4.995388291007,0.000000000000,-134.494068145752,-43.666275024414,-45.503925323486,-45.323867797852
1696,0.038458049887,69,80.000000000000,0.700000000000,0.000000000000,0.000000000000,-26.177259705191,-4.299600861197,0.000000000000,-126.658683776855,-40.157672882080,-42.115184783936,-44.385826110840
1697,0.038480725624,69,80.000000000000,0.700000000000,0.000000000000,0.000000000000,-26.177259705191,-4.645912430411,0.000000000000,-122.188373565674,-41.008865356445,-40.052223205566,-41.127285003662
1698,0.038503401361,69,80.000000000000,0.700000000000,0.000000000000,0.000000000000,-26.177259705191,-5.415735504752,0.000000000000,-126.728347778320,-44.641197204590,-41.796623229980,-40.290527343750
1699,0.038526077098,69,80.000000000000,0.700000000000,0.000000000000,0.000000000000,-26.177259705191,-6.322500488883,0.000000000000,-135.432765960693,-47.771057128906,-45.196331024170,-42.465377807617
1700,0.038548752834,69,80.000000000000,0.700000000000,0.000000000000,0.000000000000,-26.177259705191,-7.266367218619,0.000000000000,-142.900550842285,-49.262142181396,-47.931953430176,-45.706455230713
1701,0.038571428571,69,80.000000000000,0.700000000000,0.000000000000,0.000000000000,-26.177259705191,-8.219602844840,0.000000000000,-146.338665008545,-49.444553375244,-49.142829895020,-47.751281738281
1702,0.038594104308,69,80.000000000000,0.700000000000,0.000000000000,0.000000000000,-26.177259705191,-9.173860809927,0.000000000000,-149.001728057861,-49.041099548340,-49.754375457764,-50.206253051758
1703,0.038616780045,69,80.000000000000,0.700000000000,0.000000000000,0.000000000000,-26.177259705191,-10.125116608267,0.000000000000,-141.994983673096,-47.741218566895,-47.667537689209,-46.586227416992
1704,0.038639455782,69,80.000000000000,0.700000000000,0.000000000000,0.000000000000,-26.177259705191,-11.057382843619,0.000000000000,-154.860553741455,-48.706268310547,-51.582221984863,-54.572063446045
1705,0.038662131519,69,80.000000000000,0.700000000000,0.000000000000,0.000000000000,-26.177259705191,-12.032006523734,0.000000000000,-123.100830078125,-41.959716796875,-40.512924194336,-40.628189086914
1706,0.038684807256,69,80.000000000000,0.700000000000,0.000000000000,0.000000000000,-26.177259705191,-12.690858147269,0.000000000000,-155.676395416260,-52.393562316895,-53.074256896973,-50.208576202393
1707,0.038707482993,69,80.000000000000,0.700000000000,0.000000000000,0.000000000000,-26.177259705191,-14.571882507926,0.000000000000,-135.719879150391,-38.036758422852,-45.203826904297,-52.479293823242
1708,0.038730158730,69,80.000000000000,0.700000000000,0.000000000000,0.000000000000,-26.177259705191,-12.405992767935,0.000000000000,-111.916877746582,-38.824775695801,-35.223701477051,-37.868400573730
1709,0.038752834467,69,80.000000000000,0.700000000000,0.000000000000,0.000000000000,-26.177259705191,-19.034442684775,0.000000000000,-129.538230895996,-48.810226440430,-43.627563476562,-37.100440979004
1710,0.038775510204,69,80.000000000000,0.700000000000,0.000000000000,0.000000000000,-26.177259705191,-13.147732041007,0.000000000000,-142.790363311768,-44.424579620361,-50.334068298340,-48.031715393066
1711,0.038798185941,69,80.000000000000,0.700000000000,0.000000000000,0.000000000000,-26.177259705191,-15.552391312247,0.000000000000,-121.724262237549,-29.203750610352,-42.357940673828,-50.162570953369
1712,0.038820861678,69,80.000000000000,0.700000000000,0.000000000000,0.000000000000,-26.177259705191,-19.304939530020,0.000000000000,-84.834383964539,-15.994076728821,-28.091745376587,-40.748561859131
1713,0.038843537415,69,80.000000000000,0.700000000000,0.000000000000,0.000000000000,-26.177259705191,-16.011414787894,0.000000000000,-51.110280036926,-8.257792472839,-15.833253860474,-27.019233703613
1714,0.038866213152,69,80.000000000000,0.700000000000,0.000000000000,0.000000000000,-26.177259705191,-9.424682877188,0.000000000000,-29.510682106018,-5.111205101013,-8.718416213989,-15.681060791016
1715,0.038888888889,69,80.000000000000,0.700000000000,0.000000000000,0.000000000000,-26.177259705191,-4.763197205191,0.000000000000,-18.858080863953,-3.772020339966,-5.694899559021,-9.391160964966
1716,0.038911564626,69,80.000000000000,0.700000000000,0.000000000000,0.000000000000,-26.177259705191,-2.520941040640,0.000000000000,-11.725622177124,-2.189910888672,-3.603621482849,-5.932089805603
1717,0.038934240363,69,80.000000000000,0.700000000000,0.000000000000,0.000000000000,-26.177259705191,-1.665205261832,0.000000000000,-6.790818214417,-1.409696578979,-1.974782943726,-3.406338691711
1718,0.038956916100,69,80.000000000000,0.700000000000,0.000000000000,0.000000000000,-26.177259705191,-1.415317795401,0.000000000000,-5.209471702576,-1.784195899963,-1.510821342468,-1.914454460144
1719,0.038979591837,69,80.000000000000,0.700000000000,0.000000000000,0.000000000000,-26.177259705191,-1.406116745596,0.000000000000,-6.028528213501,-2.441600799561,-1.943300247192,-1.643627166748
1720,0.039002267574,69,80.000000000000,0.700000000000,0.000000000000,0.000000000000,-26.177259705191,-1.489229462271,0.000000000000,-7.284439086914,-2.720967292786,-2.484511375427,-2.078960418701
1721,0.039024943311,69,80.000000000000,0.700000000000,0.000000000000,0.000000000000,-26.177259705191,-1.602762482291,0.000000000000,-7.661664009094,-2.549958229065,-2.656814575195,-2.454891204834
1722,0.039047619048,69,80.000000000000,0.700000000000,0.000000000000,0.000000000000,-26.177259705191,-1.719183228140,0.000000000000,-7.448656082153,-2.123661041260,-2.532880783081,-2.792114257812
1723,0.039070294785,69,80.000000000000,0.700000000000,0.000000000000,0.000000000000,-26.177259705191,-1.827476761466,0.000000000000,-5.239171981812,-1.497023582458,-1.830371856689,-1.911776542664
1724,0.039092970522,69,80.000000000000,0.700000000000,0.000000000000,0.000000000000,-26.177259705191,-1.920145294791,0.000000000000,-6.372002601624,-1.221222877502,-2.111886024475,-3.038893699646
1725,0.039115646259,69,80.000000000000,0.700000000000,0.000000000000,0.000000000000,-26.177259705191,-2.032419464713,0.000000000000,0.821975708008,0.346127510071,0.367671012878,0.108177185059
1726,0.039138321995,69,80.000000000000,0.700000000000,0.000000000000,0.000000000000,-26.177259705191,-1.955744049674,0.000000000000,-5.303847312927,-1.419553756714,-2.018359184265,-1.865934371948
1727,0.039160997732,69,80.000000000000,0.700000000000,0.000000000000,0.000000000000,-26.177259705191,-2.805233261710,0.000000000000,1.794848442078,2.389477729797,0.660562515259,-1.255191802979
1728,0.039183673469,69,80.000000000000,0.700000000000,0.000046445094,0.000002157247,-26.177260056250,0.190269210214,0.009546920846,6.238416671753,1.640263557434,2.579598426819,2.018554687500
1729,0.039206349206,69,80.000000000000,0.700000000000,0.000228693556,0.000000000000,-26.177261784848,-9.124218597101,0.000000000000,1.006252288818,-0.968382835388,0.226223945618,1.748411178589
1730,0.039229024943,69,80.000000000000,0.700000000000,0.343913903909,0.000103823469,-26.179861285256,9.157229944888,0.066230971269,-1.125494956970,0.541980743408,-1.109155654907,-0.558320045471
1731,0.039251700680,69,80.000000000000,0.700000000000,1.727250476481,0.000050779400,-26.192916844413,-13.680829681907,0.046318782861,4.544025421143,4.958532333374,1.033821105957,-1.448328018188
1732,0.039274376417,69,80.000000000000,0.700000000000,0.000000000000,0.000000000000,-26.192916844413,-8.289081547782,0.000000000000,18.257041931152,9.414907455444,6.090591907501,2.751542568207
1733,0.039297052154,69,80.000000000000,0.700000000000,0.269486822105,0.000093378470,-26.194953781844,8.235981013253,0.062811148198,23.907793045044,10.971248626709,8.127879142761,4.808665275574
1734,0.039319727891,69,80.000000000000,0.700000000000,2.218513748110,0.000158787131,-26.211722593243,-2.345569332522,0.081906997869,36.431471824646,14.457087516785,12.685983657837,9.288400650024
1735,0.039342403628,69,80.000000000000,0.700000000000,0.619285048916,0.000000000000,-26.216403508201,-29.428995380685,0.000000000000,40.533407211304,12.890090942383,14.056010246277,13.587306022644
1736,0.039365079365,69,80.000000000000,0.700000000000,0.000000000000,0.000000000000,-26.216403508201,-51.609218144431,0.000000000000,34.461324691772,10.729822158813,11.181171417236,12.550331115723
1737,0.039387755102,69,80.000000000000,0.700000000000,0.000000000000,0.000000000000,-26.216403508201,-63.262416386619,0.000000000000,35.279031753540,14.004743576050,11.014515876770,10.259772300720
1738,0.039410430839,69,80.000000000000,0.700000000000,0.000000000000,0.000000000000,-26.216403508201,-67.640643620505,0.000000000000,46.922757148743,19.806259155273,15.344515800476,11.771982192993
1739,0.039433106576,69,80.000000000000,0.700000000000,0.000000000000,0.000000000000,-26.216403508201,-68.787852787986,0.000000000000,60.995401382446,23.882055282593,20.622533798218,16.490812301636
1740,0.039455782313,69,80.000000000000,0.700000000000,0.000000000000,0.000000000000,-26.216403508201,-68.852233433738,0.000000000000,70.597314834595,25.345283508301,24.022274017334,21.229757308960
1741,0.039478458050,69,80.000000000000,0.700000000000,0.000000000000,0.000000000000,-26.216403508201,-68.627341771140,0.000000000000,74.556173324585,25.197477340698,25.229396820068,24.129299163818
1742,0.039501133787,69,80.000000000000,0.700000000000,0.000000000000,0.000000000000,-26.216403508201,-68.328475499168,0.000000000000,74.610084533691,24.423772811890,25.071922302246,25.114389419556
1743,0.039523809524,69,80.000000000000,0.700000000000,0.000000000000,0.000000000000,-26.216403508201,-67.993285679832,0.000000000000,72.932291030884,23.517827987671,24.383308410645,25.031154632568
1744,0.039546485261,69,80.000000000000,0.700000000000,0.000000000000,0.000000000000,-26.216403508201,-67.622554326072,0.000000000000,70.176982879639,22.570449829102,23.410446166992,24.196086883545
1745,0.039569160998,69,80.000000000000,0.700000000000,0.000000000000,0.000000000000,-26.216403508201,-67.224345707908,0.000000000000,68.036235809326,21.792282104492,22.696933746338,23.547019958496
1746,0.039591836735,69,80.000000000000,0.700000000000,0.000000000000,0.000000000000,-26.216403508201,-66.759387516990,0.000000000000,64.866863250732,20.686248779297,21.590167999268,22.590446472168
1747,0.039614512472,69,80.000000000000,0.700000000000,0.000000000000,0.000000000000,-26.216403508201,-66.494315648093,0.000000000000,62.100328445435,20.036533355713,20.673761367798,21.390033721924
1748,0.039637188209,69,80.000000000000,0.700000000000,0.000000000000,0.000000000000,-26.216403508201,-65.171924138084,0.000000000000,60.589460372925,19.375562667847,20.291912078857,20.921985626221
1749,0.039659863946,69,80.000000000000,0.700000000000,0.000000000000,0.000000000000,-26.216403508201,-67.783484959617,0.000000000000,57.448446273804,17.828380584717,19.153329849243,20.466735839844
1750,0.039682539683,69,80.000000000000,0.700000000000,0.000000000000,0.000000000000,-26.216403508201,-58.917743229880,0.000000000000,52.260046005249,16.744890213013,17.344985961914,18.170169830322
1751,0.039705215420,69,80.000000000000,0.700000000000,0.000000000000,0.000000000000,-26.216403508201,-73.153583073630,0.000000000000,53.901838302612,17.123970031738,17.625268936157,19.152599334717
1752,0.039727891156,69,80.000000000000,0.700000000000,0.000000000000,0.000000000000,-26.216403508201,-58.844653630271,0.000000000000,44.554988861084,16.380023956299,14.885641098022,13.289323806763
1753,0.039750566893,69,80.000000000000,0.700000000000,0.000000000000,0.000000000000,-26.216403508201,-55.940597081199,0.000000000000,63.808444976807,19.941972732544,21.619398117065,22.247074127197
1754,0.039773242630,69,80.000000000000,0.700000000000,0.000000000000,0.000000000000,-26.216403508201,-67.382667088523,0.000000000000,40.565016746521,12.702021598816,12.821611404419,15.041383743286
1755,0.039795918367,69,80.000000000000,0.700000000000,0.000000000000,0.000000000000,-26.216403508201,-68.832011723533,0.000000000000,51.644756317139,20.498338699341,17.615766525269,13.530651092529
1756,0.039818594104,69,80.000000000000,0.700000000000,0.000000000000,0.000000000000,-26.216403508201,-58.414058232322,0.000000000000,60.730894088745,16.689325332642,21.623401641846,22.418167114258
1757,0.039841269841,69,80.000000000000,0.700000000000,0.000000000000,0.000000000000,-26.216403508201,-47.435992741599,0.000000000000,44.012217521667,10.273967742920,13.719187736511,20.019062042236
1758,0.039863945578,69,80.000000000000,0.700000000000,0.000000000000,0.000000000000,-26.216403508201,-40.749234700217,0.000000000000,35.999830245972,15.667629241943,9.649326324463,10.682874679565
1759,0.039886621315,69,80.000000000000,0.700000000000,0.000000000000,0.000000000000,-26.216403508201,-37.583411717429,0.000000000000,55.169516563416,27.810510635376,17.227550506592,10.131455421448
1760,0.039909297052,69,80.000000000000,0.700000000000,0.000000000000,0.000000000000,-26.216403508201,-36.102076077476,0.000000000000,83.886228561401,36.908882141113,28.427322387695,18.550024032593
1761,0.039931972789,69,80.000000000000,0.700000000000,0.000000000000,0.000000000000,-26.216403508201,-35.189352536216,0.000000000000,106.511312484741,41.015838623047,36.604125976562,28.891347885132
1762,0.039954648526,69,80.000000000000,0.700000000000,0.000000000000,0.000000000000,-26.216403508201,-34.417026066794,0.000000000000,118.966018676758,41.971359252930,40.571743011475,36.422916412354
1763,0.039977324263,69,80.000000000000,0.700000000000,0.000000000000,0.000000000000,-26.216403508201,-33.678654217734,0.000000000000,123.228439331055,41.569412231445,41.637573242188,40.021453857422
1764,0.040000000000,69,80.000000000000,0.700000000000,0.000000000000,0.000000000000,-26.216403508201,-32.967094922080,0.000000000000,124.393341064453,40.805984497070,41.673637390137,41.913719177246
1765,0.040022675737,69,80.000000000000,0.700000000000,0.000000000000,0.000000000000,-26.216403508201,-32.292171978965,0.000000000000,120.026538848877,39.557647705078,40.088390350342,40.380500793457
1766,0.040045351474,69,80.000000000000,0.700000000000,0.000000000000,0.000000000000,-26.216403508201,-31.652267003074,0.000000000000,122.344429016113,39.694446563721,40.981975555420,41.668006896973
1767,0.040068027211,69,80.000000000000,0.700000000000,0.000000000000,0.000000000000,-26.216403508201,-31.081869626060,0.000000000000,114.662918090820,36.500308990479,38.043937683105,40.118671417236
1768,0.040090702948,69,80.000000000000,0.700000000000,0.000000000000,0.000000000000,-26.216403508201,-30.401676678672,0.000000000000,111.011653900146,37.383735656738,36.655773162842,36.972145080566
1769,0.040113378685,69,80.000000000000,0.700000000000,0.000000000000,0.000000000000,-26.216403508201,-30.322433972373,0.000000000000,116.018379211426,38.944290161133,39.054431915283,38.019657135010
1770,0.040136054422,69,80.000000000000,0.700000000000,0.000000000000,0.000000000000,-26.216403508201,-28.534882092490,0.000000000000,113.556026458740,35.096275329590,38.768810272217,39.690940856934
1771,0.040158730159,69,80.000000000000,0.700000000000,0.000000000000,0.000000000000,-26.216403508201,-30.655798459067,0.000000000000,102.354698181152,28.484634399414,34.387840270996,39.482223510742
1772,0.040181405896,69,80.000000000000,0.700000000000,0.000000000000,0.000000000000,-26.216403508201,-27.240881466880,0.000000000000,78.913030624390,22.649654388428,26.288196563721,29.975179672241
1773,0.040204081633,69,80.000000000000,0.700000000000,0.000000000000,0.000000000000,-26.216403508201,-27.072462582603,0.000000000000,81.824916839600,22.052406311035,26.717063903809,33.055446624756
1774,0.040226757370,69,80.000000000000,0.700000000000,0.000000000000,0.000000000000,-26.216403508201,-29.638691449180,0.000000000000,44.655610084534,15.003366470337,13.824144363403,15.828099250793
1775,0.040249433107,69,80.000000000000,0.700000000000,0.000000000000,0.000000000000,-26.216403508201,-29.461567425742,0.000000000000,74.607856750488,26.168483734131,25.820362091064,22.619010925293
1776,0.040272108844,69,80.000000000000,0.700000000000,0.000000000000,0.000000000000,-26.216403508201,-26.445977711692,0.000000000000,60.211158752441,13.514591217041,20.131271362305,26.565296173096
1777,0.040294784580,69,80.000000000000,0.700000000000,0.000000000000,0.000000000000,-26.216403508201,-23.113170170798,0.000000000000,37.450975418091,14.122844696045,10.268836975098,13.059293746948
1778,0.040317460317,69,80.000000000000,0.700000000000,0.000000000000,0.000000000000,-26.216403508201,-20.818274998679,0.000000000000,54.479293823242,24.938411712646,18.323474884033,11.217407226562
1779,0.040340136054,69,80.000000000000,0.700000000000,0.000000000000,0.000000000000,-26.216403508201,-19.569430851951,0.000000000000,72.359975814819,22.776475906372,26.891519546509,22.691980361938
1780,0.040362811791,69,80.000000000000,0.700000000000,0.000000000000,0.000000000000,-26.216403508201,-18.965224766746,0.000000000000,57.577943801880,9.036413192749,21.248161315918,27.293369293213
1781,0.040385487528,69,80.000000000000,0.700000000000,0.000000000000,0.000000000000,-26.216403508201,-18.685955548301,0.000000000000,24.357475996017,-3.663184404373,8.098812103271,19.921848297119
1782,0.040408163265,69,80.000000000000,0.700000000000,0.000000000000,0.000000000000,-26.216403508201,-18.560329937949,0.000000000000,-7.038742542267,-10.746547698975,-3.472410202026,7.180215358734
1783,0.040430839002,69,80.000000000000,0.700000000000,0.000000000000,0.000000000000,-26.216403508201,-18.509618306174,0.000000000000,-25.870147943497,-13.474905014038,-9.899778366089,-2.495464563370
1784,0.040453514739,69,80.000000000000,0.700000000000,0.000000000000,0.000000000000,-26.216403508201,-18.498954319968,0.000000000000,-40.092937469482,-14.570011138916,-13.972959518433,-11.549966812134
1785,0.040476190476,69,80.000000000000,0.700000000000,0.000000000000,0.000000000000,-26.216403508201,-18.512679600730,0.000000000000,-34.088316917419,-13.350609779358,-11.816890716553,-8.920816421509
1786,0.040498866213,69,80.000000000000,0.700000000000,0.000000000000,0.000000000000,-26.216403508201,-18.543329739585,0.000000000000,-54.335325241089,-16.891641616821,-18.618461608887,-18.825222015381
1787,0.040521541950,69,80.000000000000,0.700000000000,0.000000000000,0.000000000000,-26.216403508201,-18.578346753135,0.000000000000,-32.359356880188,-9.803719520569,-10.006887435913,-12.548749923706
1788,0.040544217687,69,80.000000000000,0.700000000000,0.000000000000,0.000000000000,-26.216403508201,-18.683059239402,0.000000000000,-42.013360977173,-17.793687820435,-14.217483520508,-10.002189636230
1789,0.040566893424,69,80.000000000000,0.700000000000,0.000000000000,0.000000000000,-26.216403508201,-18.462026619926,0.000000000000,-53.634998321533,-15.289981842041,-19.340812683105,-19.004203796387
1790,0.040589569161,69,80.000000000000,0.700000000000,0.000000000000,0.000000000000,-26.216403508201,-19.483420872703,0.000000000000,-40.347726821899,-9.220571517944,-12.658464431763,-18.468690872192
1791,0.040612244898,69,80.000000000000,0.700000000000,0.000000000000,0.000000000000,-26.216403508201,-17.512446904197,0.000000000000,-32.187043190002,-14.347864151001,-8.320792198181,-9.518386840820
1792,0.040634920635,69,80.000000000000,0.700000000000,0.000000000000,0.000000000000,-26.216403508201,-19.176973843589,0.000000000000,-51.843532562256,-26.913225173950,-15.848335266113,-9.081972122192
1793,0.040657596372,69,80.000000000000,0.700000000000,0.000000000000,0.000000000000,-26.216403508201,-21.455383801475,0.000000000000,-78.764393806458,-36.579856872559,-26.620214462280,-15.564322471619
1794,0.040680272109,69,80.000000000000,0.700000000000,0.000000000000,0.000000000000,-26.216403508201,-19.244465374961,0.000000000000,-109.541378021240,-42.673084259033,-37.755599975586,-29.112693786621
1795,0.040702947846,69,80.000000000000,0.700000000000,0.000000000000,0.000000000000,-26.216403508201,-13.692456746116,0.000000000000,-117.069114685059,-41.992309570312,-39.777984619141,-35.298820495605
1796,0.040725623583,69,80.000000000000,0.700000000000,0.000000000000,0.000000000000,-26.216403508201,-8.466281437888,0.000000000000,-128.693088531494,-45.349483489990,-43.533172607422,-39.810432434082
1797,0.040748299320,69,80.000000000000,0.700000000000,0.000000000000,0.000000000000,-26.216403508201,-5.438952946677,0.000000000000,-134.203426361084,-44.053451538086,-45.558231353760,-44.591743469238
1798,0.040770975057,69,80.000000000000,0.700000000000,0.000000000000,0.000000000000,-26.216403508201,-4.442700886741,0.000000000000,-127.914005279541,-40.415813446045,-42.703353881836,-44.794837951660
1799,0.040793650794,69,80.000000000000,0.700000000000,0.000000000000,0.000000000000,-26.216403508201,-4.630958104148,0.000000000000,-122.459594726562,-40.601158142090,-40.136554718018,-41.721881866455
1800,0.040816326531,69,80.000000000000,0.700000000000,0.000000000000,0.000000000000,-26.216403508201,-5.335975193992,0.000000000000,-125.283420562744,-43.940006256104,-41.180992126465,-40.162422180176
1801,0.040839002268,69,80.000000000000,0.700000000000,0.000000000000,0.000000000000,-26.216403508201,-6.220462346091,0.000000000000,-133.251770019531,-47.221672058105,-44.369453430176,-41.660644531250
1802,0.040861678005,69,80.000000000000,0.700000000000,0.000000000000,0.000000000000,-26.216403508201,-7.156993412986,0.000000000000,-141.124996185303,-48.986595153809,-47.321701049805,-44.816699981689
1803,0.040884353741,69,80.000000000000,0.700000000000,0.000000000000,0.000000000000,-26.216403508201,-8.107287907615,0.000000000000,-145.113769531250,-49.362831115723,-48.796493530273,-46.954444885254
1804,0.040907029478,69,80.000000000000,0.700000000000,0.000000000000,0.000000000000,-26.216403508201,-9.060016179099,0.000000000000,-149.071414947510,-49.105228424072,-49.798667907715,-50.167518615723
1805,0.040929705215,69,80.000000000000,0.700000000000,0.000000000000,0.000000000000,-26.216403508201,-10.011586689963,0.000000000000,-141.153617858887,-47.718322753906,-47.433807373047,-46.001487731934
1806,0.040952380952,69,80.000000000000,0.700000000000,0.000000000000,0.000000000000,-26.216403508201,-10.940572285667,0.000000000000,-156.254123687744,-49.078220367432,-52.160354614258,-55.015548706055
1807,0.040975056689,69,80.000000000000,0.700000000000,0.000000000000,0.000000000000,-26.216403508201,-11.935805821433,0.000000000000,-123.868461608887,-41.749664306641,-40.586158752441,-41.532638549805
1808,0.040997732426,69,80.000000000000,0.700000000000,0.000000000000,0.000000000000,-26.216403508201,-12.525117421165,0.000000000000,-152.611141204834,-52.245399475098,-52.063694000244,-48.302047729492
1809,0.041020408163,69,80.000000000000,0.700000000000,0.000000000000,0.000000000000,-26.216403508201,-14.606025242820,0.000000000000,-140.134838104248,-39.364089965820,-47.086116790771,-53.684631347656
1810,0.041043083900,69,80.000000000000,0.700000000000,0.000000000000,0.000000000000,-26.216403508201,-12.137823605552,0.000000000000,-114.052047729492,-37.986358642578,-35.756675720215,-40.309013366699
1811,0.041065759637,69,80.000000000000,0.700000000000,0.000000000000,0.000000000000,-26.216403508201,-18.733855271354,0.000000000000,-125.402599334717,-47.832073211670,-41.675407409668,-35.895118713379
1812,0.041088435374,69,80.000000000000,0.700000000000,0.000000000000,0.000000000000,-26.216403508201,-13.597023510947,0.000000000000,-141.754810333252,-45.890762329102,-50.009635925293,-45.854412078857
1813,0.041111111111,69,80.000000000000,0.700000000000,0.000000000000,0.000000000000,-26.216403508201,-15.083484196677,0.000000000000,-127.168977737427,-31.804845809937,-44.702850341797,-50.661281585693
1814,0.041133786848,69,80.000000000000,0.700000000000,0.000000000000,0.000000000000,-26.216403508201,-19.026663804069,0.000000000000,-93.215623855591,-18.069643020630,-31.293594360352,-43.852386474609
1815,0.041156462585,69,80.000000000000,0.700000000000,0.000000000000,0.000000000000,-26.216403508201,-16.883598828330,0.000000000000,-58.552001953125,-9.404270172119,-18.356290817261,-30.791440963745
1816,0.041179138322,69,80.000000000000,0.700000000000,0.000000000000,0.000000000000,-26.216403508201,-10.566863560691,0.000000000000,-34.273615837097,-5.597569465637,-10.125215530396,-18.550830841064
1817,0.041201814059,69,80.000000000000,0.700000000000,0.000000000000,0.000000000000,-26.216403508201,-5.550273442283,0.000000000000,-21.507692813873,-4.054926872253,-6.397987842560,-11.054778099060
1818,0.041224489796,69,80.000000000000,0.700000000000,0.000000000000,0.000000000000,-26.216403508201,-2.937093281760,0.000000000000,-13.445090293884,-2.425737380981,-4.087815284729,-6.931537628174
1819,0.041247165533,69,80.000000000000,0.700000000000,0.000000000000,0.000000000000,-26.216403508201,-1.871669316306,0.000000000000,-7.816213607788,-1.473655700684,-2.267996788025,-4.074561119080
1820,0.041269841270,69,80.000000000000,0.700000000000,0.000000000000,0.000000000000,-26.216403508201,-1.528758549705,0.000000000000,-5.490271568298,-1.697325706482,-1.549577713013,-2.243368148804
1821,0.041292517007,69,80.000000000000,0.700000000000,0.000000000000,0.000000000000,-26.216403508201,-1.482093358054,0.000000000000,-5.840855598450,-2.343914985657,-1.833888053894,-1.663052558899
1822,0.041315192744,69,80.000000000000,0.700000000000,0.000000000000,0.000000000000,-26.216403508201,-1.550971531882,0.000000000000,-7.045253753662,-2.694865226746,-2.384821891785,-1.965566635132
1823,0.041337868481,69,80.000000000000,0.700000000000,0.000000000000,0.000000000000,-26.216403508201,-1.660102391257,0.000000000000,-7.562989234924,-2.593773841858,-2.633225440979,-2.335989952087
1824,0.041360544218,69,80.000000000000,0.700000000000,0.000000000000,0.000000000000,-26.216403508201,-1.776378178611,0.000000000000,-7.670141220093,-2.214620590210,-2.615530967712,-2.839989662170
1825,0.041383219955,69,80.000000000000,0.700000000000,0.000000000000,0.000000000000,-26.216403508201,-1.886565709128,0.000000000000,-5.363444328308,-1.582804679871,-1.887982368469,-1.892657279968
1826,0.041405895692,69,80.000000000000,0.700000000000,0.000000000000,0.000000000000,-26.216403508201,-1.978963398948,0.000000000000,-6.981494903564,-1.377700805664,-2.338417053223,-3.265377044678
1827,0.041428571429,69,80.000000000000,0.700000000000,0.000000000000,0.000000000000,-26.216403508201,-2.105281376853,0.000000000000,0.463320732117,0.321172714233,0.285325050354,-0.143177032471
1828,0.041451247166,69,80.000000000000,0.700000000000,0.000000000000,0.000000000000,-26.216403508201,-1.970355534568,0.000000000000,-5.180474281311,-1.539291381836,-1.988928794861,-1.652254104614
1829,0.041473922902,69,80.000000000000,0.700000000000,0.000000000000,0.000000000000,-26.216403508201,-3.040816807761,0.000000000000,0.433670043945,2.049166679382,0.120326042175,-1.735822677612
1830,0.041496598639,69,80.000000000000,0.700000000000,0.000545548965,0.000006296094,-26.216407631776,0.555315470681,0.016309811828,5.909598350525,1.895597457886,2.522836685181,1.491164207458
1831,0.041519274376,69,80.000000000000,0.700000000000,0.002685231463,0.000000000000,-26.216427928310,-9.714702540076,0.000000000000,1.882169723511,-0.797705650330,0.661965370178,2.017910003662
1832,0.041541950113,69,80.000000000000,0.700000000000,0.303012433163,0.000098262351,-26.218718271720,8.666739338536,0.064432789171,-1.088932037354,0.064207077026,-1.105421066284,-0.047718048096
1833,0.041564625850,69,80.000000000000,0.700000000000,1.567093095895,0.000061145529,-26.230563268665,-11.803976554520,0.050827144140,2.603586196899,4.130433082581,0.249564170837,-1.776411056519
1834,0.041587301587,69,80.000000000000,0.700000000000,0.000000000000,0.000000000000,-26.230563268665,-10.012866125111,0.000000000000,15.794642448425,8.781672477722,5.178002357483,1.834967613220
1835,0.041609977324,69,80.000000000000,0.700000000000,0.172466309956,0.000076907983,-26.231866868892,6.783284082409,0.057003177745,21.647608757019,10.482166290283,7.317232131958,3.848210334778
1836,0.041632653061,69,80.000000000000,0.700000000000,1.792669617327,0.000161824308,-26.245416903792,0.784008735543,0.082686619220,33.992983818054,14.170871734619,11.872706413269,7.949405670166
1837,0.041655328798,69,80.000000000000,0.700000000000,1.069749380602,0.000000000000,-26.253502688982,-24.980358060644,0.000000000000,40.163035392761,13.182542800903,14.085598945618,12.894893646240
1838,0.041678004535,69,80.000000000000,0.700000000000,0.000000000000,0.000000000000,-26.253502688982,-48.136475406267,0.000000000000,35.179389953613,10.705204963684,11.561227798462,12.912957191467
1839,0.041700680272,69,80.000000000000,0.700000000000,0.000000000000,0.000000000000,-26.253502688982,-61.499390445330,0.000000000000,34.294941902161,13.207727432251,10.624500274658,10.462714195251
1840,0.041723356009,69,80.000000000000,0.700000000000,0.000000000000,0.000000000000,-26.253502688982,-66.966812930681,0.000000000000,44.007679939270,18.824630737305,14.209436416626,10.973612785339
1841,0.041746031746,69,80.000000000000,0.700000000000,0.000000000000,0.000000000000,-26.253502688982,-68.593354068377,0.000000000000,57.820354461670,23.256488800049,19.481595993042,15.082269668579
1842,0.041768707483,69,80.000000000000,0.700000000000,0.000000000000,0.000000000000,-26.253502688982,-68.820538364031,0.000000000000,68.434535980225,25.128675460815,23.334697723389,19.971162796021
1843,0.041791383220,69,80.000000000000,0.700000000000,0.000000000000,0.000000000000,-26.253502688982,-68.641438327410,0.000000000000,73.612731933594,25.218936920166,24.995029449463,23.398765563965
1844,0.041814058957,69,80.000000000000,0.700000000000,0.000000000000,0.000000000000,-26.253502688982,-68.356209598162,0.000000000000,74.498237609863,24.535358428955,25.102928161621,24.859951019287
1845,0.041836734694,69,80.000000000000,0.700000000000,0.000000000000,0.000000000000,-26.253502688982,-68.028786502459,0.000000000000,73.272451400757,23.653495788574,24.534938812256,25.084016799927
1846,0.041859410431,69,80.000000000000,0.700000000000,0.000000000000,0.000000000000,-26.253502688982,-67.664730868914,0.000000000000,70.653034210205,22.699571609497,23.582038879395,24.371423721313
1847,0.041882086168,69,80.000000000000,0.700000000000,0.000000000000,0.000000000000,-26.253502688982,-67.275849185564,0.000000000000,68.555608749390,21.931371688843,22.879119873047,23.745117187500
1848,0.041904761905,69,80.000000000000,0.700000000000,0.000000000000,0.000000000000,-26.253502688982,-66.801651797869,0.000000000000,65.504446029663,20.825086593628,21.806690216064,22.872669219971
1849,0.041927437642,69,80.000000000000,0.700000000000,0.000000000000,0.000000000000,-26.253502688982,-66.604920230486,0.000000000000,62.571514129639,20.129920959473,20.813707351685,21.627885818481
1850,0.041950113379,69,80.000000000000,0.700000000000,0.000000000000,0.000000000000,-26.253502688982,-65.070599399187,0.000000000000,61.006172180176,19.537727355957,20.433582305908,21.034862518311
1851,0.041972789116,69,80.000000000000,0.700000000000,0.000000000000,0.000000000000,-26.253502688982,-68.200192294695,0.000000000000,58.330783843994,18.052879333496,19.467073440552,20.810831069946
1852,0.041995464853,69,80.000000000000,0.700000000000,0.000000000000,0.000000000000,-26.253502688982,-58.673535190203,0.000000000000,52.731975555420,16.812942504883,17.538963317871,18.380069732666
1853,0.042018140590,69,80.000000000000,0.700000000000,0.000000000000,0.000000000000,-26.253502688982,-72.665337405779,0.000000000000,54.781196594238,17.128261566162,17.879627227783,19.773307800293
1854,0.042040816327,69,80.000000000000,0.700000000000,0.000000000000,0.000000000000,-26.253502688982,-60.482003055193,0.000000000000,43.728888511658,16.141401290894,14.518703460693,13.068783760071
1855,0.042063492063,69,80.000000000000,0.700000000000,0.000000000000,0.000000000000,-26.253502688982,-55.438019595720,0.000000000000,63.527009963989,20.136402130127,21.638927459717,21.751680374146
1856,0.042086167800,69,80.000000000000,0.700000000000,0.000000000000,0.000000000000,-26.253502688982,-65.910054050066,0.000000000000,42.881273269653,12.924822807312,13.552794456482,16.403656005859
1857,0.042108843537,69,80.000000000000,0.700000000000,0.000000000000,0.000000000000,-26.253502688982,-69.352860293963,0.000000000000,49.327605247498,19.977397918701,16.604467391968,12.745739936829
1858,0.042131519274,69,80.000000000000,0.700000000000,0.000000000000,0.000000000000,-26.253502688982,-60.327133975603,0.000000000000,60.562484741211,17.532373428345,21.805349349976,21.224761962891
1859,0.042154195011,69,80.000000000000,0.700000000000,0.000000000000,0.000000000000,-26.253502688982,-49.186400256731,0.000000000000,47.508215904236,10.691802024841,15.284933090210,21.531480789185
1860,0.042176870748,69,80.000000000000,0.700000000000,0.000000000000,0.000000000000,-26.253502688982,-41.795147739031,0.000000000000,36.060899734497,14.190357208252,9.531283378601,12.339259147644
1861,0.042199546485,69,80.000000000000,0.700000000000,0.000000000000,0.000000000000,-26.253502688982,-38.102474055864,0.000000000000,50.216174125671,25.746658325195,15.109058380127,9.360457420349
1862,0.042222222222,69,80.000000000000,0.700000000000,0.000000000000,0.000000000000,-26.253502688982,-36.374874911882,0.000000000000,77.334106445312,35.482177734375,25.958887100220,15.893041610718
1863,0.042244897959,69,80.000000000000,0.700000000000,0.000000000000,0.000000000000,-26.253502688982,-35.379205546953,0.000000000000,101.338924407959,40.371208190918,34.900184631348,26.067531585693
1864,0.042267573696,69,80.000000000000,0.700000000000,0.000000000000,0.000000000000,-26.253502688982,-34.585890613176,0.000000000000,116.042266845703,41.799575805664,39.755393981934,34.487297058105
1865,0.042290249433,69,80.000000000000,0.700000000000,0.000000000000,0.000000000000,-26.253502688982,-33.841832957842,0.000000000000,121.929481506348,41.593467712402,41.363994598389,38.972019195557
1866,0.042312925170,69,80.000000000000,0.700000000000,0.000000000000,0.000000000000,-26.253502688982,-33.125482402422,0.000000000000,124.325836181641,40.920421600342,41.749393463135,41.656021118164
1867,0.042335600907,69,80.000000000000,0.700000000000,0.000000000000,0.000000000000,-26.253502688982,-32.444959483721,0.000000000000,120.113410949707,39.615474700928,40.137073516846,40.360862731934
1868,0.042358276644,69,80.000000000000,0.700000000000,0.000000000000,0.000000000000,-26.253502688982,-31.796538196184,0.000000000000,122.575778961182,39.874855041504,41.109191894531,41.591732025146
1869,0.042380952381,69,80.000000000000,0.700000000000,0.000000000000,0.000000000000,-26.253502688982,-31.228957973101,0.000000000000,115.919700622559,36.712253570557,38.519386291504,40.688060760498
1870,0.042403628118,69,80.000000000000,0.700000000000,0.000000000000,0.000000000000,-26.253502688982,-30.511480174639,0.000000000000,111.030334472656,37.125251770020,36.572479248047,37.332603454590
1871,0.042426303855,69,80.000000000000,0.700000000000,0.000000000000,0.000000000000,-26.253502688982,-30.508734546282,0.000000000000,115.334358215332,39.000061035156,38.702369689941,37.631927490234
1872,0.042448979592,69,80.000000000000,0.700000000000,0.000000000000,0.000000000000,-26.253502688982,-28.587551913836,0.000000000000,114.404819488525,35.939281463623,39.142379760742,39.323158264160
1873,0.042471655329,69,80.000000000000,0.700000000000,0.000000000000,0.000000000000,-26.253502688982,-30.739604793169,0.000000000000,105.997339248657,29.616411209106,35.753982543945,40.626945495605
1874,0.042494331066,69,80.000000000000,0.700000000000,0.000000000000,0.000000000000,-26.253502688982,-27.639973483660,0.000000000000,81.661211013794,23.313022613525,27.312471389771,31.035717010498
1875,0.042517006803,69,80.000000000000,0.700000000000,0.000000000000,0.000000000000,-26.253502688982,-26.949647746660,0.000000000000,85.602655410767,22.691013336182,28.064771652222,34.846870422363
1876,0.042539682540,69,80.000000000000,0.700000000000,0.000000000000,0.000000000000,-26.253502688982,-29.410615764238,0.000000000000,46.875927925110,14.824834823608,14.292374610901,17.758718490601
1877,0.042562358277,69,80.000000000000,0.700000000000,0.000000000000,0.000000000000,-26.253502688982,-29.723070941546,0.000000000000,71.697954177856,25.866554260254,24.743459701538,21.087940216064
1878,0.042585034014,69,80.000000000000,0.700000000000,0.000000000000,0.000000000000,-26.253502688982,-27.056846461870,0.000000000000,63.936437606812,14.717966079712,21.762058258057,27.456413269043
1879,0.042607709751,69,80.000000000000,0.700000000000,0.000000000000,0.000000000000,-26.253502688982,-23.705159030535,0.000000000000,39.575242996216,13.269622802734,10.839725494385,15.465894699097
1880,0.042630385488,69,80.000000000000,0.700000000000,0.000000000000,0.000000000000,-26.253502688982,-21.227516017534,0.000000000000,50.254252433777,23.770839691162,16.302169799805,10.181242942810
1881,0.042653061224,69,80.000000000000,0.700000000000,0.000000000000,0.000000000000,-26.253502688982,-19.813419185259,0.000000000000,70.262771606445,23.932163238525,26.134160995483,20.196447372437
1882,0.042675736961,69,80.000000000000,0.700000000000,0.000000000000,0.000000000000,-26.253502688982,-19.109234653093,0.000000000000,61.803043365479,11.459707260132,23.179437637329,27.163898468018
1883,0.042698412698,69,80.000000000000,0.700000000000,0.000000000000,0.000000000000,-26.253502688982,-18.779241405108,0.000000000000,31.976272583008,-1.671258926392,11.084955215454,22.562576293945
1884,0.042721088435,69,80.000000000000,0.700000000000,0.000000000000,0.000000000000,-26.253502688982,-18.629233203508,0.000000000000,-0.212193489075,-9.674773216248,-1.099463462830,10.562043190002
1885,0.042743764172,69,80.000000000000,0.700000000000,0.000000000000,0.000000000000,-26.253502688982,-18.566379390337,0.000000000000,-20.986650943756,-13.022063255310,-8.445963859558,0.481376171112
1886,0.042766439909,69,80.000000000000,0.700000000000,0.000000000000,0.000000000000,-26.253502688982,-18.549028239824,0.000000000000,-38.283235549927,-14.508811950684,-13.552848815918,-10.221574783325
1887,0.042789115646,69,80.000000000000,0.700000000000,0.000000000000,0.000000000000,-26.253502688982,-18.558530650713,0.000000000000,-32.375009536743,-13.161238670349,-11.316190719604,-7.897580146790
1888,0.042811791383,69,80.000000000000,0.700000000000,0.000000000000,0.000000000000,-26.253502688982,-18.586924396135,0.000000000000,-53.655664443970,-17.079757690430,-18.595903396606,-17.980003356934
1889,0.042834467120,69,80.000000000000,0.700000000000,0.000000000000,0.000000000000,-26.253502688982,-18.615347705462,0.000000000000,-34.649632453918,-10.002148628235,-10.778322219849,-13.869161605835
1890,0.042857142857,69,80.000000000000,0.700000000000,0.000000000000,0.000000000000,-26.253502688982,-18.739818416216,0.000000000000,-39.722157478333,-17.160005569458,-13.184628486633,-9.377523422241
1891,0.042879818594,69,80.000000000000,0.700000000000,0.000000000000,0.000000000000,-26.253502688982,-18.451649032213,0.000000000000,-52.786952972412,-15.963405609131,-19.249912261963,-17.573635101318
1892,0.042902494331,69,80.000000000000,0.700000000000,0.000000000000,0.000000000000,-26.253502688982,-19.580904803850,0.000000000000,-43.315506935120,-9.614540100098,-14.074233055115,-19.626733779907
1893,0.042925170068,69,80.000000000000,0.700000000000,0.000000000000,0.000000000000,-26.253502688982,-17.638926349260,0.000000000000,-32.178830146790,-12.872587203979,-8.238267898560,-11.067975044250
1894,0.042947845805,69,80.000000000000,0.700000000000,0.000000000000,0.000000000000,-26.253502688982,-18.882508597948,0.000000000000,-47.101819038391,-24.767232894897,-13.793413162231,-8.541172981262
1895,0.042970521542,69,80.000000000000,0.700000000000,0.000000000000,0.000000000000,-26.253502688982,-21.411320529558,0.000000000000,-71.661019325256,-34.933723449707,-23.905992507935,-12.821303367615
1896,0.042993197279,69,80.000000000000,0.700000000000,0.000000000000,0.000000000000,-26.253502688982,-19.932670913317,0.000000000000,-103.770774841309,-41.945007324219,-35.860679626465,-25.965087890625
1897,0.043015873016,69,80.000000000000,0.700000000000,0.000000000000,0.000000000000,-26.253502688982,-14.752361140825,0.000000000000,-114.041873931885,-41.685943603516,-38.923171997070,-33.432758331299
1898,0.043038548753,69,80.000000000000,0.700000000000,0.000000000000,0.000000000000,-26.253502688982,-9.358105502703,0.000000000000,-125.999855041504,-45.018676757812,-42.706336975098,-38.274841308594
1899,0.043061224490,69,80.000000000000,0.700000000000,0.000000000000,0.000000000000,-26.253502688982,-5.946553073504,0.000000000000,-133.429813385010,-44.378631591797,-45.448535919189,-43.602645874023
1900,0.043083900227,69,80.000000000000,0.700000000000,0.000000000000,0.000000000000,-26.253502688982,-4.630431018450,0.000000000000,-128.968688964844,-40.733722686768,-43.258476257324,-44.976490020752
1901,0.043106575964,69,80.000000000000,0.700000000000,0.000000000000,0.000000000000,-26.253502688982,-4.638047061541,0.000000000000,-122.992622375488,-40.288146972656,-40.352809906006,-42.351665496826
1902,0.043129251701,69,80.000000000000,0.700000000000,0.000000000000,0.000000000000,-26.253502688982,-5.264181933977,0.000000000000,-124.185970306396,-43.264358520508,-40.688571929932,-40.233039855957
1903,0.043151927438,69,80.000000000000,0.700000000000,0.000000000000,0.000000000000,-26.253502688982,-6.120060763933,0.000000000000,-131.190158843994,-46.638526916504,-43.559696197510,-40.991935729980
1904,0.043174603175,69,80.000000000000,0.700000000000,0.000000000000,0.000000000000,-26.253502688982,-7.047003589251,0.000000000000,-139.274044036865,-48.666790008545,-46.660408020020,-43.946846008301
1905,0.043197278912,69,80.000000000000,0.700000000000,0.000000000000,0.000000000000,-26.253502688982,-7.993664584734,0.000000000000,-143.668235778809,-49.247291564941,-48.372074127197,-46.048870086670
1906,0.043219954649,69,80.000000000000,0.700000000000,0.000000000000,0.000000000000,-26.253502688982,-8.944529376604,0.000000000000,-149.052459716797,-49.159759521484,-49.817451477051,-50.075248718262
1907,0.043242630385,69,80.000000000000,0.700000000000,0.000000000000,0.000000000000,-26.253502688982,-9.896525226213,0.000000000000,-140.188587188721,-47.671871185303,-47.148971557617,-45.367744445801
1908,0.043265306122,69,80.000000000000,0.700000000000,0.000000000000,0.000000000000,-26.253502688982,-10.820599399187,0.000000000000,-157.358940124512,-49.453529357910,-52.678764343262,-55.226646423340
1909,0.043287981859,69,80.000000000000,0.700000000000,0.000000000000,0.000000000000,-26.253502688982,-11.841353259661,0.000000000000,-125.146461486816,-41.598220825195,-40.838768005371,-42.709472656250
1910,0.043310657596,69,80.000000000000,0.700000000000,0.000000000000,0.000000000000,-26.253502688982,-12.348802409746,0.000000000000,-149.388160705566,-51.988494873047,-50.919410705566,-46.480255126953
1911,0.043333333333,69,80.000000000000,0.700000000000,0.000000000000,0.000000000000,-26.253502688982,-14.640824161150,0.000000000000,-143.673324584961,-40.701980590820,-48.718521118164,-54.252822875977
1912,0.043356009070,69,80.000000000000,0.700000000000,0.000000000000,0.000000000000,-26.253502688982,-11.904885135271,0.000000000000,-117.035255432129,-37.386928558350,-36.700462341309,-42.947864532471
1913,0.043378684807,69,80.000000000000,0.700000000000,0.000000000000,0.000000000000,-26.253502688982,-18.389309726336,0.000000000000,-122.108612060547,-46.728088378906,-39.948593139648,-35.431930541992
1914,0.043401360544,69,80.000000000000,0.700000000000,0.000000000000,0.000000000000,-26.253502688982,-14.036731563189,0.000000000000,-139.824386596680,-47.012290954590,-49.229549407959,-43.582546234131
1915,0.043424036281,69,80.000000000000,0.700000000000,0.000000000000,0.000000000000,-26.253502688982,-14.697913013079,0.000000000000,-131.298381805420,-34.304145812988,-46.577095031738,-50.417140960693
1916,0.043446712018,69,80.000000000000,0.700000000000,0.000000000000,0.000000000000,-26.253502688982,-18.675330958941,0.000000000000,-101.057159423828,-20.259487152100,-34.408084869385,-46.389587402344
1917,0.043469387755,69,80.000000000000,0.700000000000,0.000000000000,0.000000000000,-26.253502688982,-17.609889827349,0.000000000000,-66.273874282837,-10.701246261597,-21.066593170166,-34.506034851074
1918,0.043492063492,69,80.000000000000,0.700000000000,0.000000000000,0.000000000000,-26.253502688982,-11.695536456682,0.000000000000,-39.631410121918,-6.175409793854,-11.758940696716,-21.697059631348
1919,0.043514739229,69,80.000000000000,0.700000000000,0.000000000000,0.000000000000,-26.253502688982,-6.397715411760,0.000000000000,-24.608437061310,-4.367329597473,-7.230481624603,-13.010625839233
1920,0.043537414966,69,80.000000000000,0.700000000000,0.000000000000,0.000000000000,-26.253502688982,-3.408316455462,0.000000000000,-15.410930633545,-2.681005477905,-4.628816604614,-8.101108551025
1921,0.043560090703,69,80.000000000000,0.700000000000,0.000000000000,0.000000000000,-26.253502688982,-2.107910953142,0.000000000000,-9.034149169922,-1.567806243896,-2.615348815918,-4.850994110107
1922,0.043582766440,69,80.000000000000,0.700000000000,0.000000000000,0.000000000000,-26.253502688982,-1.654396854021,0.000000000000,-5.941890716553,-1.628731727600,-1.640303611755,-2.672855377197
1923,0.043605442177,69,80.000000000000,0.700000000000,0.000000000000,0.000000000000,-26.253502688982,-1.561781726458,0.000000000000,-5.746897697449,-2.243220329285,-1.747069358826,-1.756608009338
1924,0.043628117914,69,80.000000000000,0.700000000000,0.000000000000,0.000000000000,-26.253502688982,-1.612786136248,0.000000000000,-6.816113471985,-2.656024932861,-2.278473854065,-1.881614685059
1925,0.043650793651,69,80.000000000000,0.700000000000,0.000000000000,0.000000000000,-26.253502688982,-1.715962253191,0.000000000000,-7.414299964905,-2.625960350037,-2.588499069214,-2.199840545654
1926,0.043673469388,69,80.000000000000,0.700000000000,0.000000000000,0.000000000000,-26.253502688982,-1.831406436541,0.000000000000,-7.856339454651,-2.300440788269,-2.685821533203,-2.870077133179
1927,0.043696145125,69,80.000000000000,0.700000000000,0.000000000000,0.000000000000,-26.253502688982,-1.943423114397,0.000000000000,-5.443977355957,-1.662920951843,-1.929940223694,-1.851116180420
1928,0.043718820862,69,80.000000000000,0.700000000000,0.000000000000,0.000000000000,-26.253502688982,-2.034531436541,0.000000000000,-7.539911270142,-1.536849975586,-2.556320190430,-3.446741104126
1929,0.043741496599,69,80.000000000000,0.700000000000,0.000000000000,0.000000000000,-26.253502688982,-2.179444156267,0.000000000000,0.015308380127,0.289878845215,0.172544479370,-0.447114944458
1930,0.043764172336,69,80.000000000000,0.700000000000,0.000000000000,0.000000000000,-26.253502688982,-1.970866046526,0.000000000000,-4.976409912109,-1.631620407104,-1.916713714600,-1.428075790405
1931,0.043786848073,69,80.000000000000,0.700000000000,0.000000000000,0.000000000000,-26.253502688982,-3.299391589739,0.000000000000,-0.804217338562,1.686887741089,-0.391324996948,-2.099780082703
1932,0.043809523810,69,80.000000000000,0.700000000000,0.001802693876,0.000010586727,-26.253516314786,0.933749355696,0.021149213512,5.335412979126,2.094735145569,2.355828285217,0.884849548340
1933,0.043832199546,69,80.000000000000,0.700000000000,0.008868631897,0.000000000000,-26.253583349041,-10.207318565980,0.000000000000,2.617916107178,-0.572663307190,1.067072868347,2.123506546021
1934,0.043854875283,69,80.000000000000,0.700000000000,0.253204755781,0.000090882249,-26.255497217187,8.015814386555,0.061965918311,-0.774563789368,-0.316384315491,-0.969344139099,0.511164665222
1935,0.043877551020,69,80.000000000000,0.700000000000,1.358826851736,0.000068513235,-26.265768017276,-9.874726623729,0.053802269288,1.024047851562,3.330389976501,-0.408856391907,-1.897485733032
1936,0.043900226757,69,80.000000000000,0.700000000000,0.000000000000,0.000000000000,-26.265768017276,-11.381446804507,0.000000000000,13.438947677612,8.120747566223,4.283371925354,1.034828186035
1937,0.043922902494,69,80.000000000000,0.700000000000,0.087735092238,0.000057325688,-26.266431169901,5.056125674741,0.049213923992,19.419741630554,9.962577819824,6.498958587646,2.958205223083
1938,0.043945578231,69,80.000000000000,0.700000000000,1.248921416550,0.000151543163,-26.275871241076,3.293368541087,0.080016864731,31.392573356628,13.817102432251,10.975063323975,6.600407600403
1939,0.043968253968,69,80.000000000000,0.700000000000,1.328496275813,0.000000000000,-26.285912785111,-20.574398070743,0.000000000000,39.369206428528,13.435287475586,13.963133811951,11.970785140991
1940,0.043990929705,69,80.000000000000,0.700000000000,0.000000000000,0.000000000000,-26.285912785111,-44.423440250932,0.000000000000,35.835577964783,10.769663810730,11.959886550903,13.106027603149
1941,0.044013605442,69,80.000000000000,0.700000000000,0.000000000000,0.000000000000,-26.285912785111,-59.462525639115,0.000000000000,33.716244697571,12.510526657104,10.410472869873,10.795245170593
1942,0.044036281179,69,80.000000000000,0.700000000000,0.000000000000,0.000000000000,-26.285912785111,-66.124802860795,0.000000000000,41.449984550476,17.842674255371,13.187488555908,10.419821739197
1943,0.044058956916,69,80.000000000000,0.700000000000,0.000000000000,0.000000000000,-26.285912785111,-68.322869572221,0.000000000000,54.649780273438,22.564544677734,18.307653427124,13.777582168579
1944,0.044081632653,69,80.000000000000,0.700000000000,0.000000000000,0.000000000000,-26.285912785111,-68.759648594437,0.000000000000,66.028505325317,24.848421096802,22.542171478271,18.637912750244
1945,0.044104308390,69,80.000000000000,0.700000000000,0.000000000000,0.000000000000,-26.285912785111,-68.643624577103,0.000000000000,72.395456314087,25.205204010010,24.667758941650,22.522493362427
1946,0.044126984127,69,80.000000000000,0.700000000000,0.000000000000,0.000000000000,-26.285912785111,-68.376832279740,0.000000000000,74.193700790405,24.633493423462,25.080055236816,24.480152130127
1947,0.044149659864,69,80.000000000000,0.700000000000,0.000000000000,0.000000000000,-26.285912785111,-68.058152470170,0.000000000000,73.512445449829,23.786180496216,24.664482116699,25.061782836914
1948,0.044172335601,69,80.000000000000,0.700000000000,0.000000000000,0.000000000000,-26.285912785111,-67.700707706986,0.000000000000,71.093847274780,22.828189849854,23.748004913330,24.517652511597
1949,0.044195011338,69,80.000000000000,0.700000000000,0.000000000000,0.000000000000,-26.285912785111,-67.322427067338,0.000000000000,69.050407409668,22.069162368774,23.055503845215,23.925741195679
1950,0.044217687075,69,80.000000000000,0.700000000000,0.000000000000,0.000000000000,-26.285912785111,-66.834477696000,0.000000000000,66.138126373291,20.967300415039,22.025886535645,23.144939422607
1951,0.044240362812,69,80.000000000000,0.700000000000,0.000000000000,0.000000000000,-26.285912785111,-66.720879826127,0.000000000000,63.074218750000,20.222709655762,20.963687896729,21.887821197510
1952,0.044263038549,69,80.000000000000,0.700000000000,0.000000000000,0.000000000000,-26.285912785111,-64.945290836869,0.000000000000,61.384611129761,19.687587738037,20.557756423950,21.139266967773
1953,0.044285714286,69,80.000000000000,0.700000000000,0.000000000000,0.000000000000,-26.285912785111,-68.609177860795,0.000000000000,59.188512802124,18.282016754150,19.769466400146,21.137029647827
1954,0.044308390023,69,80.000000000000,0.700000000000,0.000000000000,0.000000000000,-26.285912785111,-58.516728672562,0.000000000000,53.193302154541,16.901508331299,17.738912582397,18.552881240845
1955,0.044331065760,69,80.000000000000,0.700000000000,0.000000000000,0.000000000000,-26.285912785111,-72.050179752885,0.000000000000,55.782749176025,17.160043716431,18.191228866577,20.431476593018
1956,0.044353741497,69,80.000000000000,0.700000000000,0.000000000000,0.000000000000,-26.285912785111,-62.054829868851,0.000000000000,43.117054939270,15.895725250244,14.198379516602,13.022950172424
1957,0.044376417234,69,80.000000000000,0.700000000000,0.000000000000,0.000000000000,-26.285912785111,-55.225907597123,0.000000000000,62.882266998291,20.279445648193,21.532131195068,21.070690155029
1958,0.044399092971,69,80.000000000000,0.700000000000,0.000000000000,0.000000000000,-26.285912785111,-64.439225468217,0.000000000000,45.249326705933,13.185935974121,14.348339080811,17.715051651001
1959,0.044421768707,69,80.000000000000,0.700000000000,0.000000000000,0.000000000000,-26.285912785111,-69.558907780228,0.000000000000,47.480552673340,19.428779602051,15.704099655151,12.347673416138
1960,0.044444444444,69,80.000000000000,0.700000000000,0.000000000000,0.000000000000,-26.285912785111,-62.083287510453,0.000000000000,59.742406845093,18.258972167969,21.693058013916,19.790376663208
1961,0.044467120181,69,80.000000000000,0.700000000000,0.000000000000,0.000000000000,-26.285912785111,-50.989770206986,0.000000000000,50.561783790588,11.250725746155,16.774505615234,22.536552429199
1962,0.044489795918,69,80.000000000000,0.700000000000,0.000000000000,0.000000000000,-26.285912785111,-42.950272831498,0.000000000000,37.011251449585,12.964773178101,9.827260971069,14.219217300415
1963,0.044512471655,69,80.000000000000,0.700000000000,0.000000000000,0.000000000000,-26.285912785111,-38.695771488725,0.000000000000,46.254302978516,23.713447570801,13.320850372314,9.220005035400
1964,0.044535147392,69,80.000000000000,0.700000000000,0.000000000000,0.000000000000,-26.285912785111,-36.679060253678,0.000000000000,71.043989181519,33.935386657715,23.490991592407,13.617610931396
1965,0.044557823129,69,80.000000000000,0.700000000000,0.000000000000,0.000000000000,-26.285912785111,-35.576483044205,0.000000000000,95.821521759033,39.604309082031,33.012454986572,23.204757690430
1966,0.044580498866,69,80.000000000000,0.700000000000,0.000000000000,0.000000000000,-26.285912785111,-34.753205570756,0.000000000000,112.621517181396,41.557243347168,38.757404327393,32.306869506836
1967,0.044603174603,69,80.000000000000,0.700000000000,0.000000000000,0.000000000000,-26.285912785111,-34.001270565568,0.000000000000,120.221851348877,41.585990905762,40.970722198486,37.665138244629
1968,0.044625850340,69,80.000000000000,0.700000000000,0.000000000000,0.000000000000,-26.285912785111,-33.279965672074,0.000000000000,124.023120880127,41.028129577637,41.773605346680,41.221385955811
1969,0.044648526077,69,80.000000000000,0.700000000000,0.000000000000,0.000000000000,-26.285912785111,-32.594167027055,0.000000000000,120.143390655518,39.668979644775,40.177719116211,40.296691894531
1970,0.044671201814,69,80.000000000000,0.700000000000,0.000000000000,0.000000000000,-26.285912785111,-31.936608585892,0.000000000000,122.665275573730,40.039176940918,41.188438415527,41.437660217285
1971,0.044693877551,69,80.000000000000,0.700000000000,0.000000000000,0.000000000000,-26.285912785111,-31.373965534745,0.000000000000,117.132465362549,36.956748962402,39.002292633057,41.173423767090
1972,0.044716553288,69,80.000000000000,0.700000000000,0.000000000000,0.000000000000,-26.285912785111,-30.614236149369,0.000000000000,111.293342590332,36.893451690674,36.590255737305,37.809635162354
1973,0.044739229025,69,80.000000000000,0.700000000000,0.000000000000,0.000000000000,-26.285912785111,-30.692723545609,0.000000000000,114.662284851074,38.965148925781,38.322223663330,37.374912261963
1974,0.044761904762,69,80.000000000000,0.700000000000,0.000000000000,0.000000000000,-26.285912785111,-28.647181782304,0.000000000000,114.767108917236,36.672523498535,39.318538665771,38.776046752930
1975,0.044784580499,69,80.000000000000,0.700000000000,0.000000000000,0.000000000000,-26.285912785111,-30.790926250993,0.000000000000,109.292613983154,30.746520996094,37.011245727539,41.534847259521
1976,0.044807256236,69,80.000000000000,0.700000000000,0.000000000000,0.000000000000,-26.285912785111,-28.040716442643,0.000000000000,84.347845077515,24.022933959961,28.333576202393,31.991334915161
1977,0.044829931973,69,80.000000000000,0.700000000000,0.000000000000,0.000000000000,-26.285912785111,-26.884255680619,0.000000000000,89.333560943604,23.397558212280,29.454793930054,36.481208801270
1978,0.044852607710,69,80.000000000000,0.700000000000,0.000000000000,0.000000000000,-26.285912785111,-29.155489239274,0.000000000000,49.888934135437,14.748305320740,15.043401718140,20.097227096558
1979,0.044875283447,69,80.000000000000,0.700000000000,0.000000000000,0.000000000000,-26.285912785111,-29.901572498856,0.000000000000,68.947937011719,25.478988647461,23.623441696167,19.845506668091
1980,0.044897959184,69,80.000000000000,0.700000000000,0.000000000000,0.000000000000,-26.285912785111,-27.622943195878,0.000000000000,66.867601394653,15.921468734741,23.144128799438,27.802003860474
1981,0.044920634921,69,80.000000000000,0.700000000000,0.000000000000,0.000000000000,-26.285912785111,-24.304817471085,0.000000000000,42.462811470032,12.657185554504,11.795021057129,18.010604858398
1982,0.044943310658,69,80.000000000000,0.700000000000,0.000000000000,0.000000000000,-26.285912785111,-21.663439068375,0.000000000000,46.995475769043,22.513748168945,14.563512802124,9.918214797974
1983,0.044965986395,69,80.000000000000,0.700000000000,0.000000000000,0.000000000000,-26.285912785111,-20.078826222001,0.000000000000,67.436893463135,24.746387481689,24.969247817993,17.721258163452
1984,0.044988662132,69,80.000000000000,0.700000000000,0.000000000000,0.000000000000,-26.285912785111,-19.264096531449,0.000000000000,64.714336395264,13.760976791382,24.622213363647,26.331146240234
1985,0.045011337868,69,80.000000000000,0.700000000000,0.000000000000,0.000000000000,-26.285912785111,-18.875765118180,0.000000000000,38.984151840210,0.423607826233,13.951252937317,24.609291076660
1986,0.045034013605,69,80.000000000000,0.700000000000,0.000000000000,0.000000000000,-26.285912785111,-18.697310719071,0.000000000000,6.779584407806,-8.457546234131,1.428763866425,13.808366775513
1987,0.045056689342,69,80.000000000000,0.700000000000,0.000000000000,0.000000000000,-26.285912785111,-18.620412144242,0.000000000000,-15.517697811127,-12.467232704163,-6.758380889893,3.707915782928
1988,0.045079365079,69,80.000000000000,0.700000000000,0.000000000000,0.000000000000,-26.285912785111,-18.595521244584,0.000000000000,-35.984846115112,-14.412223815918,-12.992061614990,-8.580560684204
1989,0.045102040816,69,80.000000000000,0.700000000000,0.000000000000,0.000000000000,-26.285912785111,-18.600341114579,0.000000000000,-30.505463600159,-12.953487396240,-10.767980575562,-6.783995628357
1990,0.045124716553,69,80.000000000000,0.700000000000,0.000000000000,0.000000000000,-26.285912785111,-18.626635822831,0.000000000000,-52.459634780884,-17.223274230957,-18.419763565063,-16.816596984863
1991,0.045147392290,69,80.000000000000,0.700000000000,0.000000000000,0.000000000000,-26.285912785111,-18.646731648026,0.000000000000,-36.905947685242,-10.247964859009,-11.606896400452,-15.051086425781
1992,0.045170068027,69,80.000000000000,0.700000000000,0.000000000000,0.000000000000,-26.285912785111,-18.795210156022,0.000000000000,-37.956204414368,-16.512443542480,-12.295361518860,-9.148399353027
1993,0.045192743764,69,80.000000000000,0.700000000000,0.000000000000,0.000000000000,-26.285912785111,-18.435274395524,0.000000000000,-51.390088081360,-16.517673492432,-18.890010833740,-15.982403755188
1994,0.045215419501,69,80.000000000000,0.700000000000,0.000000000000,0.000000000000,-26.285912785111,-19.659743580399,0.000000000000,-45.788937568665,-10.132732391357,-15.381752967834,-20.274452209473
1995,0.045238095238,69,80.000000000000,0.700000000000,0.000000000000,0.000000000000,-26.285912785111,-17.789892468034,0.000000000000,-32.943109512329,-11.649551391602,-8.537113189697,-12.756444931030
1996,0.045260770975,69,80.000000000000,0.700000000000,0.000000000000,0.000000000000,-26.285912785111,-18.609828743516,0.000000000000,-43.374938011169,-22.671464920044,-12.094199180603,-8.609273910522
1997,0.045283446712,69,80.000000000000,0.700000000000,0.000000000000,0.000000000000,-26.285912785111,-21.282903942643,0.000000000000,-64.938611030579,-33.172290802002,-21.228893280029,-10.537426948547
1998,0.045306122449,69,80.000000000000,0.700000000000,0.000000000000,0.000000000000,-26.285912785111,-20.507007870255,0.000000000000,-97.617977142334,-41.085063934326,-33.761417388916,-22.771495819092
1999,0.045328798186,69,80.000000000000,0.700000000000,0.000000000000,0.000000000000,-26.285912785111,-15.773808750687,0.000000000000,-110.581077575684,-41.331760406494,-37.919342041016,-31.329975128174
2000,0.045351473923,69,80.000000000000,0.700000000000,0.000000000000,0.000000000000,-26.285912785111,-10.288021359025,0.000000000000,-123.032215118408,-44.636604309082,-41.792968750000,-36.602642059326
2001,0.045374149660,69,80.000000000000,0.700000000000,0.000000000000,0.000000000000,-26.285912785111,-6.514889988480,0.000000000000,-132.178123474121,-44.633522033691,-45.171951293945,-42.372650146484
2002,0.045396825397,69,80.000000000000,0.700000000000,0.000000000000,0.000000000000,-26.285912785111,-4.863721165238,0.000000000000,-129.738586425781,-41.095687866211,-43.746879577637,-44.896018981934
2003,0.045419501134,69,80.000000000000,0.700000000000,0.000000000000,0.000000000000,-26.285912785111,-4.668095860062,0.000000000000,-123.700180053711,-40.070419311523,-40.677585601807,-42.952175140381
2004,0.045442176871,69,80.000000000000,0.700000000000,0.000000000000,0.000000000000,-26.285912785111,-5.199836048661,0.000000000000,-123.432628631592,-42.625816345215,-40.328952789307,-40.477859497070
2005,0.045464852608,69,80.000000000000,0.700000000000,0.000000000000,0.000000000000,-26.285912785111,-6.019593510209,0.000000000000,-129.297569274902,-46.029235839844,-42.788215637207,-40.480117797852
2006,0.045487528345,69,80.000000000000,0.700000000000,0.000000000000,0.000000000000,-26.285912785111,-6.934094700394,0.000000000000,-137.398262023926,-48.303581237793,-45.961517333984,-43.133163452148
2007,0.045510204082,69,80.000000000000,0.700000000000,0.000000000000,0.000000000000,-26.285912785111,-7.876208576737,0.000000000000,-142.015018463135,-49.095077514648,-47.868797302246,-45.051143646240
2008,0.045532879819,69,80.000000000000,0.700000000000,0.000000000000,0.000000000000,-26.285912785111,-8.824786457597,0.000000000000,-148.931331634521,-49.203220367432,-49.806640625000,-49.921470642090
2009,0.045555555556,69,80.000000000000,0.700000000000,0.000000000000,0.000000000000,-26.285912785111,-9.777413639603,0.000000000000,-139.127346038818,-47.601142883301,-46.817508697510,-44.708694458008
2010,0.045578231293,69,80.000000000000,0.700000000000,0.000000000000,0.000000000000,-26.285912785111,-10.694592747269,0.000000000000,-158.110179901123,-49.824821472168,-53.113636016846,-55.171722412109
2011,0.045600907029,69,80.000000000000,0.700000000000,0.000000000000,0.000000000000,-26.285912785111,-11.746470722733,0.000000000000,-126.881603240967,-41.512828826904,-41.270095825195,-44.098678588867
2012,0.045623582766,69,80.000000000000,0.700000000000,0.000000000000,0.000000000000,-26.285912785111,-12.159674915849,0.000000000000,-146.196453094482,-51.634906768799,-49.698425292969,-44.863121032715
2013,0.045646258503,69,80.000000000000,0.700000000000,0.000000000000,0.000000000000,-26.285912785111,-14.669684681474,0.000000000000,-146.279190063477,-42.021083831787,-50.053230285645,-54.204875946045
2014,0.045668934240,69,80.000000000000,0.700000000000,0.000000000000,0.000000000000,-26.285912785111,-11.707461628495,0.000000000000,-120.595355987549,-37.027648925781,-37.981868743896,-45.585838317871
2015,0.045691609977,69,80.000000000000,0.700000000000,0.000000000000,0.000000000000,-26.285912785111,-18.007362637101,0.000000000000,-119.819938659668,-45.561103820801,-38.541984558105,-35.716850280762
2016,0.045714285714,69,80.000000000000,0.700000000000,0.000000000000,0.000000000000,-26.285912785111,-14.453881535111,0.000000000000,-137.316509246826,-47.797641754150,-48.091949462891,-41.426918029785
2017,0.045736961451,69,80.000000000000,0.700000000000,0.000000000000,0.000000000000,-26.285912785111,-14.393666538773,0.000000000000,-134.146568298340,-36.661190032959,-47.953296661377,-49.532081604004
2018,0.045759637188,69,80.000000000000,0.700000000000,0.000000000000,0.000000000000,-26.285912785111,-18.278678211747,0.000000000000,-108.174581527710,-22.536066055298,-37.356372833252,-48.282142639160
2019,0.045782312925,69,80.000000000000,0.700000000000,0.000000000000,0.000000000000,-26.285912785111,-18.186905178605,0.000000000000,-74.100915908813,-12.147516250610,-23.917964935303,-38.035434722900
2020,0.045804988662,69,80.000000000000,0.700000000000,0.000000000000,0.000000000000,-26.285912785111,-12.788938793717,0.000000000000,-45.528033256531,-6.855263710022,-13.620073318481,-25.052696228027
2021,0.045827664399,69,80.000000000000,0.700000000000,0.000000000000,0.000000000000,-26.285912785111,-7.294442448197,0.000000000000,-28.193032264709,-4.716925621033,-8.212039947510,-15.264066696167
2022,0.045850340136,69,80.000000000000,0.700000000000,0.000000000000,0.000000000000,-26.285912785111,-3.933791431962,0.000000000000,-17.661592483521,-2.956357002258,-5.237708091736,-9.467527389526
2023,0.045873015873,69,80.000000000000,0.700000000000,0.000000000000,0.000000000000,-26.285912785111,-2.375272068559,0.000000000000,-10.458689689636,-1.691955566406,-3.018179893494,-5.748554229736
2024,0.045895691610,69,80.000000000000,0.700000000000,0.000000000000,0.000000000000,-26.285912785111,-1.792258534013,0.000000000000,-6.575821876526,-1.581209182739,-1.786222457886,-3.208390235901
2025,0.045918367347,69,80.000000000000,0.700000000000,0.000000000000,0.000000000000,-26.285912785111,-1.643830570756,0.000000000000,-5.766539573669,-2.142609596252,-1.689758300781,-1.934171676636
2026,0.045941043084,69,80.000000000000,0.700000000000,0.000000000000,0.000000000000,-26.285912785111,-1.672597202836,0.000000000000,-6.617618560791,-2.605578422546,-2.171283721924,-1.840756416321
2027,0.045963718821,69,80.000000000000,0.700000000000,0.000000000000,0.000000000000,-26.285912785111,-1.767949375687,0.000000000000,-7.225122451782,-2.645991325378,-2.524091720581,-2.055039405823
2028,0.045986394558,69,80.000000000000,0.700000000000,0.000000000000,0.000000000000,-26.285912785111,-1.881707462846,0.000000000000,-8.007495880127,-2.380502700806,-2.743136405945,-2.883856773376
2029,0.046009070295,69,80.000000000000,0.700000000000,0.000000000000,0.000000000000,-26.285912785111,-1.995505604325,0.000000000000,-5.484079360962,-1.736749649048,-1.956021308899,-1.791308403015
2030,0.046031746032,69,80.000000000000,0.700000000000,0.000000000000,0.000000000000,-26.285912785111,-2.083943638383,0.000000000000,-8.032324790955,-1.697446823120,-2.760498046875,-3.574379920959
2031,0.046054421769,69,80.000000000000,0.700000000000,0.000000000000,0.000000000000,-26.285912785111,-2.253049168168,0.000000000000,-0.518045425415,0.249995231628,0.027232170105,-0.795272827148
2032,0.046077097506,69,80.000000000000,0.700000000000,0.000000000000,0.000000000000,-26.285912785111,-1.953288349686,0.000000000000,-4.722827911377,-1.696338653564,-1.810172080994,-1.216317176819
2033,0.046099773243,69,80.000000000000,0.700000000000,0.000000000000,0.000000000000,-26.285912785111,-3.577262196122,0.000000000000,-1.890032768250,1.310497283936,-0.858947753906,-2.341582298279
2034,0.046122448980,69,80.000000000000,0.700000000000,0.003978653742,0.000014936407,-26.285942858080,1.317391124191,0.025120971490,4.564816474915,2.233190536499,2.089977264404,0.241648674011
2035,0.046145124717,69,80.000000000000,0.700000000000,0.019562555713,0.000000000000,-26.286090723202,-10.588046167739,0.000000000000,3.164412498474,-0.308198928833,1.415805816650,2.056805610657
2036,0.046167800454,69,80.000000000000,0.700000000000,0.199505242867,0.000081935374,-26.287598699339,7.226699956729,0.058836804273,-0.258868217468,-0.599963188171,-0.723637580872,1.064732551575
2037,0.046190476190,69,80.000000000000,0.700000000000,1.120367604634,0.000072772794,-26.296067086373,-7.944989089365,0.055449531573,-0.192586898804,2.569643974304,-0.931794166565,-1.830436706543
2038,0.046213151927,69,80.000000000000,0.700000000000,0.000000000000,0.000000000000,-26.296067086373,-12.382875291024,0.000000000000,11.230514049530,7.438701152802,3.423588752747,0.368224143982
2039,0.046235827664,69,80.000000000000,0.700000000000,0.029847920548,0.000035872223,-26.296292694238,3.163930090751,0.038930726070,17.258133888245,9.416185379028,5.685422897339,2.156525611877
2040,0.046258503401,69,80.000000000000,0.700000000000,0.723826193240,0.000130072071,-26.301763791693,5.157938990619,0.074131943248,28.692877769470,13.397885322571,10.011352539062,5.283639907837
2041,0.046281179138,69,80.000000000000,0.700000000000,1.320304234497,0.000002089245,-26.311743415536,-16.250683144359,0.009395242611,38.164615631104,13.635720252991,13.681973457336,10.846921920776
2042,0.046303854875,69,80.000000000000,0.700000000000,0.000000000000,0.000000000000,-26.311743415536,-40.513395942392,0.000000000000,36.333486557007,10.908273696899,12.338651657104,13.086561203003
2043,0.046326530612,69,80.000000000000,0.700000000000,0.000000000000,0.000000000000,-26.311743415536,-57.148632682504,0.000000000000,33.465610504150,11.918603897095,10.354931831360,11.192074775696
2044,0.046349206349,69,80.000000000000,0.700000000000,0.000000000000,0.000000000000,-26.311743415536,-65.095122016611,0.000000000000,39.278555870056,16.875980377197,12.299718856812,10.102856636047
2045,0.046371882086,69,80.000000000000,0.700000000000,0.000000000000,0.000000000000,-26.311743415536,-67.960539497079,0.000000000000,51.561721801758,21.813844680786,17.128486633301,12.619390487671
2046,0.046394557823,69,80.000000000000,0.700000000000,0.000000000000,0.000000000000,-26.311743415536,-68.660730994882,0.000000000000,63.428659439087,24.502660751343,21.655220031738,17.270778656006
2047,0.046417233560,69,80.000000000000,0.700000000000,0.000000000000,0.000000000000,-26.311743415536,-68.629442847909,0.000000000000,70.908243179321,25.151659011841,24.243185043335,21.513399124146
2048,0.046439909297,69,80.000000000000,0.700000000000,0.000000000000,0.000000000000,-26.311743415536,-68.387732185068,0.000000000000,73.677001953125,24.714895248413,24.994850158691,23.967256546021
2049,0.046462585034,69,80.000000000000,0.700000000000,0.000000000000,0.000000000000,-26.311743415536,-68.079363502206,0.000000000000,73.630311965942,23.914419174194,24.765537261963,24.950355529785
2050,0.046485260771,69,80.000000000000,0.700000000000,0.000000000000,0.000000000000,-26.311743415536,-67.728476203622,0.000000000000,71.486713409424,22.956026077271,23.905765533447,24.624921798706
2051,0.046507936508,69,80.000000000000,0.700000000000,0.000000000000,0.000000000000,-26.311743415536,-67.362436927499,0.000000000000,69.515729904175,22.205350875854,23.225051879883,24.085327148438
2052,0.046530612245,69,80.000000000000,0.700000000000,0.000000000000,0.000000000000,-26.311743415536,-66.855238593759,0.000000000000,66.760061264038,21.112689971924,22.245759963989,23.401611328125
2053,0.046553287982,69,80.000000000000,0.700000000000,0.000000000000,0.000000000000,-26.311743415536,-66.841055549325,0.000000000000,63.609792709351,20.316226959229,21.125417709351,22.168148040771
2054,0.046575963719,69,80.000000000000,0.700000000000,0.000000000000,0.000000000000,-26.311743415536,-64.795950568857,0.000000000000,61.733438491821,19.825139999390,20.667518615723,21.240779876709
2055,0.046598639456,69,80.000000000000,0.700000000000,0.000000000000,0.000000000000,-26.311743415536,-68.999289191904,0.000000000000,60.021369934082,18.512863159180,20.058387756348,21.450119018555
2056,0.046621315193,69,80.000000000000,0.700000000000,0.000000000000,0.000000000000,-26.311743415536,-58.452086127939,0.000000000000,53.628618240356,17.008161544800,17.937164306641,18.683292388916
2057,0.046643990930,69,80.000000000000,0.700000000000,0.000000000000,0.000000000000,-26.311743415536,-71.326338447275,0.000000000000,56.871007919312,17.221094131470,18.553504943848,21.096408843994
2058,0.046666666667,69,80.000000000000,0.700000000000,0.000000000000,0.000000000000,-26.311743415536,-63.528353370370,0.000000000000,42.767147064209,15.650190353394,13.943604469299,13.173352241516
2059,0.046689342404,69,80.000000000000,0.700000000000,0.000000000000,0.000000000000,-26.311743415536,-55.284067786874,0.000000000000,61.917913436890,20.368740081787,21.303071975708,20.246101379395
2060,0.046712018141,69,80.000000000000,0.700000000000,0.000000000000,0.000000000000,-26.311743415536,-63.023562110605,0.000000000000,47.554801940918,13.478910446167,15.176240921021,18.899650573730
2061,0.046734693878,69,80.000000000000,0.700000000000,0.000000000000,0.000000000000,-26.311743415536,-69.375914252939,0.000000000000,46.153573036194,18.866201400757,14.948061943054,12.339309692383
2062,0.046757369615,69,80.000000000000,0.700000000000,0.000000000000,0.000000000000,-26.311743415536,-63.645456947030,0.000000000000,58.433269500732,18.861263275146,21.322238922119,18.249767303467
2063,0.046780045351,69,80.000000000000,0.700000000000,0.000000000000,0.000000000000,-26.311743415536,-52.816328681650,0.000000000000,53.031493186951,11.916380882263,18.114326477051,23.000785827637
2064,0.046802721088,69,80.000000000000,0.700000000000,0.000000000000,0.000000000000,-26.311743415536,-44.207680381479,0.000000000000,38.917217254639,12.091372489929,10.573126792908,16.252717971802
2065,0.046825396825,69,80.000000000000,0.700000000000,0.000000000000,0.000000000000,-26.311743415536,-39.367788947763,0.000000000000,43.305123329163,21.745000839233,11.900959014893,9.659163475037
2066,0.046848072562,69,80.000000000000,0.700000000000,0.000000000000,0.000000000000,-26.311743415536,-37.019282973947,0.000000000000,65.181831359863,32.286399841309,21.087596893311,11.807834625244
2067,0.046870748299,69,80.000000000000,0.700000000000,0.000000000000,0.000000000000,-26.311743415536,-35.782825149240,0.000000000000,90.084548950195,38.712776184082,30.970016479492,20.401756286621
2068,0.046893424036,69,80.000000000000,0.700000000000,0.000000000000,0.000000000000,-26.311743415536,-34.918383277597,0.000000000000,108.735710144043,41.236091613770,37.574096679688,29.925521850586
2069,0.046916099773,69,80.000000000000,0.700000000000,0.000000000000,0.000000000000,-26.311743415536,-34.155393279733,0.000000000000,118.081554412842,41.540618896484,40.442897796631,36.098037719727
2070,0.046938775510,69,80.000000000000,0.700000000000,0.000000000000,0.000000000000,-26.311743415536,-33.428659118356,0.000000000000,123.438571929932,41.125991821289,41.731887817383,40.580692291260
2071,0.046961451247,69,80.000000000000,0.700000000000,0.000000000000,0.000000000000,-26.311743415536,-32.737922347726,0.000000000000,120.095531463623,39.718711853027,40.207824707031,40.168994903564
2072,0.046984126984,69,80.000000000000,0.700000000000,0.000000000000,0.000000000000,-26.311743415536,-32.070479072275,0.000000000000,122.614757537842,40.184860229492,41.219245910645,41.210651397705
2073,0.047006802721,69,80.000000000000,0.700000000000,0.000000000000,0.000000000000,-26.311743415536,-31.515174544992,0.000000000000,118.255825042725,37.228954315186,39.475654602051,41.551216125488
2074,0.047029478458,69,80.000000000000,0.700000000000,0.000000000000,0.000000000000,-26.311743415536,-30.708217300119,0.000000000000,111.772998809814,36.697662353516,36.708354949951,38.366981506348
2075,0.047052154195,69,80.000000000000,0.700000000000,0.000000000000,0.000000000000,-26.311743415536,-30.871257461252,0.000000000000,114.082866668701,38.853771209717,37.947887420654,37.281208038330
2076,0.047074829932,69,80.000000000000,0.700000000000,0.000000000000,0.000000000000,-26.311743415536,-28.713979400339,0.000000000000,114.712173461914,37.290699005127,39.313209533691,38.108264923096
2077,0.047097505669,69,80.000000000000,0.700000000000,0.000000000000,0.000000000000,-26.311743415536,-30.809452689828,0.000000000000,112.203649520874,31.860017776489,38.139255523682,42.204376220703
2078,0.047120181406,69,80.000000000000,0.700000000000,0.000000000000,0.000000000000,-26.311743415536,-28.433406509103,0.000000000000,86.934944152832,24.771795272827,29.332311630249,32.830837249756
2079,0.047142857143,69,80.000000000000,0.700000000000,0.000000000000,0.000000000000,-26.311743415536,-26.874659217538,0.000000000000,92.914337158203,24.166328430176,30.854133605957,37.893875122070
2080,0.047165532880,69,80.000000000000,0.700000000000,0.000000000000,0.000000000000,-26.311743415536,-28.884378112497,0.000000000000,53.623115539551,14.784757614136,16.076444625854,22.761913299561
2081,0.047188208617,69,80.000000000000,0.700000000000,0.000000000000,0.000000000000,-26.311743415536,-29.998907722177,0.000000000000,66.558925628662,25.021453857422,22.526599884033,19.010871887207
2082,0.047210884354,69,80.000000000000,0.700000000000,0.000000000000,0.000000000000,-26.311743415536,-28.134787238779,0.000000000000,69.002143859863,17.098308563232,24.244651794434,27.659183502197
2083,0.047233560091,69,80.000000000000,0.700000000000,0.000000000000,0.000000000000,-26.311743415536,-24.902961410226,0.000000000000,45.850543975830,12.282562255859,13.057682037354,20.510299682617
2084,0.047256235828,69,80.000000000000,0.700000000000,0.000000000000,0.000000000000,-26.311743415536,-22.122098601999,0.000000000000,44.818229675293,21.222831726074,13.187520980835,10.407876968384
2085,0.047278911565,69,80.000000000000,0.700000000000,0.000000000000,0.000000000000,-26.311743415536,-20.364936507883,0.000000000000,63.913940429688,25.135604858398,23.404600143433,15.373735427856
2086,0.047301587302,69,80.000000000000,0.700000000000,0.000000000000,0.000000000000,-26.311743415536,-19.429625190439,0.000000000000,66.358736038208,15.896867752075,25.553358078003,24.908510208130
2087,0.047324263039,69,80.000000000000,0.700000000000,0.000000000000,0.000000000000,-26.311743415536,-18.974814094247,0.000000000000,45.216104030609,2.592452526093,16.621381759644,26.002269744873
2088,0.047346938776,69,80.000000000000,0.700000000000,0.000000000000,0.000000000000,-26.311743415536,-18.763299621286,0.000000000000,13.759398937225,-7.098011970520,4.062325000763,16.795085906982
2089,0.047369614512,69,80.000000000000,0.700000000000,0.000000000000,0.000000000000,-26.311743415536,-18.670120872201,0.000000000000,-9.540172576904,-11.801231384277,-4.842307090759,7.103365898132
2090,0.047392290249,69,80.000000000000,0.700000000000,0.000000000000,0.000000000000,-26.311743415536,-18.636685050668,0.000000000000,-33.157790660858,-14.271686553955,-12.269668579102,-6.616435527802
2091,0.047414965986,69,80.000000000000,0.700000000000,0.000000000000,0.000000000000,-26.311743415536,-18.636260665597,0.000000000000,-28.472095489502,-12.727294921875,-10.170171737671,-5.574628829956
2092,0.047437641723,69,80.000000000000,0.700000000000,0.000000000000,0.000000000000,-26.311743415536,-18.660699523630,0.000000000000,-50.748590469360,-17.317440032959,-18.082061767578,-15.349088668823
2093,0.047460317460,69,80.000000000000,0.700000000000,0.000000000000,0.000000000000,-26.311743415536,-18.670450843515,0.000000000000,-38.984078407288,-10.533930778503,-12.452960014343,-15.997187614441
2094,0.047482993197,69,80.000000000000,0.700000000000,0.000000000000,0.000000000000,-26.311743415536,-18.847242988290,0.000000000000,-36.734077453613,-15.865241050720,-11.577691078186,-9.291145324707
2095,0.047505668934,69,80.000000000000,0.700000000000,0.000000000000,0.000000000000,-26.311743415536,-18.412529624643,0.000000000000,-49.612209320068,-16.947679519653,-18.303026199341,-14.361503601074
2096,0.047528344671,69,80.000000000000,0.700000000000,0.000000000000,0.000000000000,-26.311743415536,-19.716078437509,0.000000000000,-47.642647743225,-10.737275123596,-16.510448455811,-20.394924163818
2097,0.047551020408,69,80.000000000000,0.700000000000,0.000000000000,0.000000000000,-26.311743415536,-17.958984054269,0.000000000000,-34.541464805603,-10.774835586548,-9.246823310852,-14.519805908203
2098,0.047573696145,69,80.000000000000,0.700000000000,0.000000000000,0.000000000000,-26.311743415536,-18.365185416879,0.000000000000,-40.670677185059,-20.663890838623,-10.785720825195,-9.221065521240
2099,0.047596371882,69,80.000000000000,0.700000000000,0.000000000000,0.000000000000,-26.311743415536,-21.082001365365,0.000000000000,-58.763699531555,-31.316238403320,-18.656955718994,-8.790505409241
2100,0.047619047619,69,80.000000000000,0.700000000000,0.000000000000,0.000000000000,-26.311743415536,-20.963896430673,0.000000000000,-91.220468521118,-40.089942932129,-31.489070892334,-19.641454696655
2101,0.047641723356,69,80.000000000000,0.700000000000,0.000000000000,0.000000000000,-26.311743415536,-16.741338409128,0.000000000000,-106.695390701294,-40.921401977539,-36.755752563477,-29.018236160278
2102,0.047664399093,69,80.000000000000,0.700000000000,0.000000000000,0.000000000000,-26.311743415536,-11.243679679574,0.000000000000,-119.792213439941,-44.204788208008,-40.792816162109,-34.794609069824
2103,0.047687074830,69,80.000000000000,0.700000000000,0.000000000000,0.000000000000,-26.311743415536,-7.140150703134,0.000000000000,-130.462181091309,-44.811428070068,-44.729110717773,-40.921642303467
2104,0.047709750567,69,80.000000000000,0.700000000000,0.000000000000,0.000000000000,-26.311743415536,-5.143746055307,0.000000000000,-130.154541015625,-41.485607147217,-44.138195037842,-44.530738830566
2105,0.047732426304,69,80.000000000000,0.700000000000,0.000000000000,0.000000000000,-26.311743415536,-4.722845710458,0.000000000000,-124.489173889160,-39.946014404297,-41.083152770996,-43.460006713867
2106,0.047755102041,69,80.000000000000,0.700000000000,0.000000000000,0.000000000000,-26.311743415536,-5.143416083993,0.000000000000,-123.001663208008,-42.034942626953,-40.105934143066,-40.860786437988
2107,0.047777777778,69,80.000000000000,0.700000000000,0.000000000000,0.000000000000,-26.311743415536,-5.918299354257,0.000000000000,-127.613075256348,-45.402275085449,-42.074920654297,-40.135879516602
2108,0.047800453515,69,80.000000000000,0.700000000000,0.000000000000,0.000000000000,-26.311743415536,-6.816803611459,0.000000000000,-135.550464630127,-47.898857116699,-45.240772247314,-42.410835266113
2109,0.047823129252,69,80.000000000000,0.700000000000,0.000000000000,0.000000000000,-26.311743415536,-7.753176368417,0.000000000000,-140.175891876221,-48.903667449951,-47.288276672363,-43.983947753906
2110,0.047845804989,69,80.000000000000,0.700000000000,0.000000000000,0.000000000000,-26.311743415536,-8.698927558603,0.000000000000,-148.694137573242,-49.233940124512,-49.761810302734,-49.698387145996
2111,0.047868480726,69,80.000000000000,0.700000000000,0.000000000000,0.000000000000,-26.311743415536,-9.652504600229,0.000000000000,-138.001846313477,-47.505867004395,-46.445701599121,-44.050277709961
2112,0.047891156463,69,80.000000000000,0.700000000000,0.000000000000,0.000000000000,-26.311743415536,-10.560413993539,0.000000000000,-158.457332611084,-50.184307098389,-53.442733764648,-54.830291748047
2113,0.047913832200,69,80.000000000000,0.700000000000,0.000000000000,0.000000000000,-26.311743415536,-11.649660743417,0.000000000000,-128.991516113281,-41.498718261719,-41.870315551758,-45.622482299805
2114,0.047936507937,69,80.000000000000,0.700000000000,0.000000000000,0.000000000000,-26.311743415536,-11.956597007455,0.000000000000,-143.208278656006,-51.198040008545,-48.458911895752,-43.551326751709
2115,0.047959183673,69,80.000000000000,0.700000000000,0.000000000000,0.000000000000,-26.311743415536,-14.686726249399,0.000000000000,-147.956470489502,-43.294082641602,-51.058986663818,-53.603401184082
2116,0.047981859410,69,80.000000000000,0.700000000000,0.000000000000,0.000000000000,-26.311743415536,-11.545061744394,0.000000000000,-124.453388214111,-36.901454925537,-39.515033721924,-48.036899566650
2117,0.048004535147,69,80.000000000000,0.700000000000,0.000000000000,0.000000000000,-26.311743415536,-17.594808257760,0.000000000000,-118.619384765625,-44.389125823975,-37.527618408203,-36.702640533447
2118,0.048027210884,69,80.000000000000,0.700000000000,0.000000000000,0.000000000000,-26.311743415536,-14.837457336130,0.000000000000,-134.257633209229,-48.168861389160,-46.609802246094,-39.478969573975
2119,0.048049886621,69,80.000000000000,0.700000000000,0.000000000000,0.000000000000,-26.311743415536,-14.165447868051,0.000000000000,-135.774311065674,-38.830467224121,-48.814090728760,-48.129753112793
2120,0.048072562358,69,80.000000000000,0.700000000000,0.000000000000,0.000000000000,-26.311743415536,-17.858240760507,0.000000000000,-114.420413970947,-24.868194580078,-40.063907623291,-49.488311767578
2121,0.048095238095,69,80.000000000000,0.700000000000,0.000000000000,0.000000000000,-26.311743415536,-18.519838966073,0.000000000000,-81.850145339966,-13.738061904907,-26.855796813965,-41.256286621094
2122,0.048117913832,69,80.000000000000,0.700000000000,0.000000000000,0.000000000000,-26.311743415536,-13.822533286752,0.000000000000,-51.879879474640,-7.646431446075,-15.700466156006,-28.532981872559
2123,0.048140589569,69,80.000000000000,0.700000000000,0.000000000000,0.000000000000,-26.311743415536,-8.228146232309,0.000000000000,-32.276955604553,-5.112155914307,-9.359972953796,-17.804826736450
2124,0.048163265306,69,80.000000000000,0.700000000000,0.000000000000,0.000000000000,-26.311743415536,-4.512123740854,0.000000000000,-20.235016822815,-3.253259658813,-5.927444458008,-11.054312705994
2125,0.048185941043,69,80.000000000000,0.700000000000,0.000000000000,0.000000000000,-26.311743415536,-2.675621665658,0.000000000000,-12.107733249664,-1.845814704895,-3.479042053223,-6.782876491547
2126,0.048208616780,69,80.000000000000,0.700000000000,0.000000000000,0.000000000000,-26.311743415536,-1.943344749155,0.000000000000,-7.403573036194,-1.557217597961,-1.990036010742,-3.856319427490
2127,0.048231292517,69,80.000000000000,0.700000000000,0.000000000000,0.000000000000,-26.311743415536,-1.727865852060,0.000000000000,-5.918250083923,-2.045267105103,-1.668444633484,-2.204538345337
2128,0.048253968254,69,80.000000000000,0.700000000000,0.000000000000,0.000000000000,-26.311743415536,-1.729197181405,0.000000000000,-6.471117019653,-2.544981956482,-2.069601058960,-1.856534004211
2129,0.048276643991,69,80.000000000000,0.700000000000,0.000000000000,0.000000000000,-26.311743415536,-1.814469016733,0.000000000000,-7.007637977600,-2.653536796570,-2.442267417908,-1.911833763123
2130,0.048299319728,69,80.000000000000,0.700000000000,0.000000000000,0.000000000000,-26.311743415536,-1.925501502695,0.000000000000,-8.125008583069,-2.454197883606,-2.787138938904,-2.883671760559
2131,0.048321995465,69,80.000000000000,0.700000000000,0.000000000000,0.000000000000,-26.311743415536,-2.041052497568,0.000000000000,-5.488889694214,-1.803720474243,-1.966495513916,-1.718673706055
2132,0.048344671202,69,80.000000000000,0.700000000000,0.000000000000,0.000000000000,-26.311743415536,-2.124989188852,0.000000000000,-8.445745468140,-1.858059883118,-2.945803642273,-3.641881942749
2133,0.048367346939,69,80.000000000000,0.700000000000,0.000000000000,0.000000000000,-26.311743415536,-2.325033820810,0.000000000000,-1.127040863037,0.199467658997,-0.151071548462,-1.175436973572
2134,0.048390022676,69,80.000000000000,0.700000000000,0.000000000000,0.000000000000,-26.311743415536,-1.914614356698,0.000000000000,-4.451460838318,-1.734093666077,-1.679254531860,-1.038112640381
2135,0.048412698413,69,80.000000000000,0.700000000000,0.000000000000,0.000000000000,-26.311743415536,-3.870531715097,0.000000000000,-2.806714057922,0.927951812744,-1.269969940186,-2.464695930481
2136,0.048435374150,69,80.000000000000,0.700000000000,0.007121909066,0.000019239129,-26.311797247049,1.696891151724,0.028510580277,3.652495384216,2.308577537537,1.740736961365,-0.396819114685
2137,0.048458049887,69,80.000000000000,0.700000000000,0.034996203099,0.000000000000,-26.312061768614,-10.846916029089,0.000000000000,3.491008758545,-0.019172668457,1.687301635742,1.822879791260
2138,0.048480725624,69,80.000000000000,0.700000000000,0.146689246937,0.000071680924,-26.313170530873,6.322257536806,0.055031982139,0.380253791809,-0.789067268372,-0.394227981567,1.563549041748
2139,0.048503401361,69,80.000000000000,0.700000000000,0.870857708696,0.000073855397,-26.319752977651,-6.064405173471,0.055860455947,-1.059772491455,1.858466148376,-1.314745903015,-1.603492736816
2140,0.048526077098,69,80.000000000000,0.700000000000,0.000913787530,0.000000000000,-26.319759884586,-13.020113781032,0.000000000000,9.203129291534,6.742712497711,2.614633560181,-0.154216766357
2141,0.048548752834,69,80.000000000000,0.700000000000,0.003259402892,0.000013696033,-26.319784521041,1.207990130672,0.024055298873,15.193030357361,8.847105979919,4.888794898987,1.457129478455
2142,0.048571428571,69,80.000000000000,0.700000000000,0.314795831829,0.000097661395,-26.322163930200,6.199222713478,0.064235457064,25.956353187561,12.916659355164,9.001542091370,4.038151741028
2143,0.048594104308,69,80.000000000000,0.700000000000,1.038179390478,0.000029498669,-26.330011091126,-12.083718245785,0.035303240354,36.580881118774,13.773036003113,13.242103576660,9.565741539001
2144,0.048616780045,69,80.000000000000,0.700000000000,0.000000000000,0.000000000000,-26.330011091126,-36.457878789796,0.000000000000,36.593760490417,11.104914665222,12.661659240723,12.827186584473
2145,0.048639455782,69,80.000000000000,0.700000000000,0.000000000000,0.000000000000,-26.330011091126,-54.561877927674,0.000000000000,33.454534530640,11.434473991394,10.434042930603,11.586017608643
2146,0.048662131519,69,80.000000000000,0.700000000000,0.000000000000,0.000000000000,-26.330011091126,-63.861024579896,0.000000000000,37.500160217285,15.939504623413,11.560979843140,9.999675750732
2147,0.048684807256,69,80.000000000000,0.700000000000,0.000000000000,0.000000000000,-26.330011091126,-67.490667066468,0.000000000000,48.626774787903,21.013494491577,15.972175598145,11.641104698181
2148,0.048707482993,69,80.000000000000,0.700000000000,0.000000000000,0.000000000000,-26.330011091126,-68.514779767884,0.000000000000,60.692146301270,24.090820312500,20.688098907471,15.913227081299
2149,0.048730158730,69,80.000000000000,0.700000000000,0.000000000000,0.000000000000,-26.330011091126,-68.594705304993,0.000000000000,69.164983749390,25.053962707520,23.719543457031,20.391477584839
2150,0.048752834467,69,80.000000000000,0.700000000000,0.000000000000,0.000000000000,-26.330011091126,-68.386930189027,0.000000000000,72.933677673340,24.776021957397,24.839403152466,23.318252563477
2151,0.048775510204,69,80.000000000000,0.700000000000,0.000000000000,0.000000000000,-26.330011091126,-68.091226301087,0.000000000000,73.604173660278,24.036460876465,24.831102371216,24.736610412598
2152,0.048798185941,69,80.000000000000,0.700000000000,0.000000000000,0.000000000000,-26.330011091126,-67.746915540589,0.000000000000,71.816751480103,23.082668304443,24.052042007446,24.682041168213
2153,0.048820861678,69,80.000000000000,0.700000000000,0.000000000000,0.000000000000,-26.330011091126,-67.395173749818,0.000000000000,69.945693969727,22.339618682861,23.386589050293,24.219486236572
2154,0.048843537415,69,80.000000000000,0.700000000000,0.000000000000,0.000000000000,-26.330011091126,-66.862230024232,0.000000000000,67.361780166626,21.260915756226,22.464059829712,23.636804580688
2155,0.048866213152,69,80.000000000000,0.700000000000,0.000000000000,0.000000000000,-26.330011091126,-66.964975080384,0.000000000000,64.177328109741,20.411731719971,21.299959182739,22.465637207031
2156,0.048888888889,69,80.000000000000,0.700000000000,0.000000000000,0.000000000000,-26.330011091126,-64.624204358948,0.000000000000,62.060726165771,19.950729370117,20.766227722168,21.343769073486
2157,0.048911564626,69,80.000000000000,0.700000000000,0.000000000000,0.000000000000,-26.330011091126,-69.360250196351,0.000000000000,60.831773757935,18.742767333984,20.332973480225,21.756032943726
2158,0.048934240363,69,80.000000000000,0.700000000000,0.000000000000,0.000000000000,-26.330011091126,-58.482232770814,0.000000000000,54.028045654297,17.130128860474,18.126840591431,18.771076202393
2159,0.048956916100,69,80.000000000000,0.700000000000,0.000000000000,0.000000000000,-26.330011091126,-70.514077863587,0.000000000000,58.004859924316,17.312309265137,18.957172393799,21.735378265381
2160,0.048979591837,69,80.000000000000,0.700000000000,0.000000000000,0.000000000000,-26.330011091126,-64.873201093568,0.000000000000,42.713598251343,15.412113189697,13.771236419678,13.530248641968
2161,0.049002267574,69,80.000000000000,0.700000000000,0.000000000000,0.000000000000,-26.330011091126,-55.586114606751,0.000000000000,60.696416854858,20.403608322144,20.961746215820,19.331062316895
2162,0.049024943311,69,80.000000000000,0.700000000000,0.000000000000,0.000000000000,-26.330011091126,-61.703592023743,0.000000000000,49.694749832153,13.797615051270,16.004327774048,19.892807006836
2163,0.049047619048,69,80.000000000000,0.700000000000,0.000000000000,0.000000000000,-26.330011091126,-68.953324994935,0.000000000000,45.358891487122,18.302890777588,14.360746383667,12.695254325867
2164,0.049070294785,69,80.000000000000,0.700000000000,0.000000000000,0.000000000000,-26.330011091126,-64.984735212220,0.000000000000,56.811201095581,19.336143493652,20.739288330078,16.735769271851
2165,0.049092970522,69,80.000000000000,0.700000000000,0.000000000000,0.000000000000,-26.330011091126,-54.634963712586,0.000000000000,54.823646545410,12.654012680054,19.241674423218,22.927959442139
2166,0.049115646259,69,80.000000000000,0.700000000000,0.000000000000,0.000000000000,-26.330011091126,-45.558019361390,0.000000000000,41.182240486145,11.445873260498,11.575310707092,18.161056518555
2167,0.049138321995,69,80.000000000000,0.700000000000,0.000000000000,0.000000000000,-26.330011091126,-40.122510633362,0.000000000000,41.373790740967,19.882686614990,10.883139610291,10.607964515686
2168,0.049160997732,69,80.000000000000,0.700000000000,0.000000000000,0.000000000000,-26.330011091126,-37.401209554566,0.000000000000,59.892243385315,30.556770324707,18.812398910522,10.523074150085
2169,0.049183673469,69,80.000000000000,0.700000000000,0.000000000000,0.000000000000,-26.330011091126,-36.001244268311,0.000000000000,84.265604019165,37.696983337402,28.809614181519,17.759006500244
2170,0.049206349206,69,80.000000000000,0.700000000000,0.000000000000,0.000000000000,-26.330011091126,-35.082073888673,0.000000000000,104.437631607056,40.828514099121,36.207740783691,27.401376724243
2171,0.049229024943,69,80.000000000000,0.700000000000,0.000000000000,0.000000000000,-26.330011091126,-34.303683004273,0.000000000000,115.498119354248,41.450611114502,39.767593383789,34.279914855957
2172,0.049251700680,69,80.000000000000,0.700000000000,0.000000000000,0.000000000000,-26.330011091126,-33.570633611573,0.000000000000,122.527904510498,41.210247039795,41.608730316162,39.708927154541
2173,0.049274376417,69,80.000000000000,0.700000000000,0.000000000000,0.000000000000,-26.330011091126,-32.875269613160,0.000000000000,119.942707061768,39.765048980713,40.223060607910,39.954597473145
2174,0.049297052154,69,80.000000000000,0.700000000000,0.000000000000,0.000000000000,-26.330011091126,-32.197046956910,0.000000000000,122.427291870117,40.309856414795,41.202449798584,40.914985656738
2175,0.049319727891,69,80.000000000000,0.700000000000,0.000000000000,0.000000000000,-26.330011091126,-31.651738843812,0.000000000000,119.250415802002,37.523204803467,39.923130035400,41.804080963135
2176,0.049342403628,69,80.000000000000,0.700000000000,0.000000000000,0.000000000000,-26.330011091126,-30.792712888611,0.000000000000,112.428222656250,36.545303344727,36.920436859131,38.962482452393
2177,0.049365079365,69,80.000000000000,0.700000000000,0.000000000000,0.000000000000,-26.330011091126,-31.041990003480,0.000000000000,113.659828186035,38.681018829346,37.610092163086,37.368717193604
2178,0.049387755102,69,80.000000000000,0.700000000000,0.000000000000,0.000000000000,-26.330011091126,-28.788725576295,0.000000000000,114.319702148438,37.791305541992,39.147991180420,37.380405426025
2179,0.049410430839,69,80.000000000000,0.700000000000,0.000000000000,0.000000000000,-26.330011091126,-30.796554288758,0.000000000000,114.709484100342,32.942569732666,39.122604370117,42.644309997559
2180,0.049433106576,69,80.000000000000,0.700000000000,0.000000000000,0.000000000000,-26.330011091126,-28.809652051819,0.000000000000,89.394691467285,25.551185607910,30.291275024414,33.552230834961
2181,0.049455782313,69,80.000000000000,0.700000000000,0.000000000000,0.000000000000,-26.330011091126,-26.918339452637,0.000000000000,96.251232147217,24.990085601807,32.228652954102,39.032493591309
2182,0.049478458050,69,80.000000000000,0.700000000000,0.000000000000,0.000000000000,-26.330011091126,-28.608544072999,0.000000000000,57.971073150635,14.942653656006,17.379129409790,25.649290084839
2183,0.049501133787,69,80.000000000000,0.700000000000,0.000000000000,0.000000000000,-26.330011091126,-30.019574842347,0.000000000000,64.704683303833,24.510864257812,21.518253326416,18.675565719604
2184,0.049523809524,69,80.000000000000,0.700000000000,0.000000000000,0.000000000000,-26.330011091126,-28.585058889283,0.000000000000,70.395181655884,18.224372863770,25.048328399658,27.122480392456
2185,0.049546485261,69,80.000000000000,0.700000000000,0.000000000000,0.000000000000,-26.330011091126,-25.490978917969,0.000000000000,49.480289459229,12.135744094849,14.541688919067,22.802856445312
2186,0.049569160998,69,80.000000000000,0.700000000000,0.000000000000,0.000000000000,-26.330011091126,-22.599661550416,0.000000000000,43.734495162964,19.942445755005,12.222129821777,11.569919586182
2187,0.049591836735,69,80.000000000000,0.700000000000,0.000000000000,0.000000000000,-26.330011091126,-20.671500882996,0.000000000000,60.359145164490,25.240167617798,21.671222686768,13.447754859924
2188,0.049614512472,69,80.000000000000,0.700000000000,0.000000000000,0.000000000000,-26.330011091126,-19.606500348939,0.000000000000,66.847614288330,17.830499649048,25.973720550537,23.043394088745
2189,0.049637188209,69,80.000000000000,0.700000000000,0.000000000000,0.000000000000,-26.330011091126,-19.076677045716,0.000000000000,50.547490119934,4.803080558777,19.024940490723,26.719469070435
2190,0.049659863946,69,80.000000000000,0.700000000000,0.000000000000,0.000000000000,-26.330011091126,-18.826929769410,0.000000000000,20.547846317291,-5.603093147278,6.743991374969,19.406948089600
2191,0.049682539683,69,80.000000000000,0.700000000000,0.000000000000,0.000000000000,-26.330011091126,-18.714867315186,0.000000000000,-3.158537149429,-11.016350746155,-2.712041139603,10.569854736328
2192,0.049705215420,69,80.000000000000,0.700000000000,0.000000000000,0.000000000000,-26.330011091126,-18.671697339905,0.000000000000,-29.778803348541,-14.078016281128,-11.366924285889,-4.333862781525
2193,0.049727891156,69,80.000000000000,0.700000000000,0.000000000000,0.000000000000,-26.330011091126,-18.665351591004,0.000000000000,-26.262934207916,-12.482061386108,-9.518964767456,-4.261908054352
2194,0.049750566893,69,80.000000000000,0.700000000000,0.000000000000,0.000000000000,-26.330011091126,-18.688272199525,0.000000000000,-48.540505409241,-17.358467102051,-17.579120635986,-13.602917671204
2195,0.049773242630,69,80.000000000000,0.700000000000,0.000000000000,0.000000000000,-26.330011091126,-18.685398778809,0.000000000000,-40.749842643738,-10.852823257446,-13.275816917419,-16.621202468872
2196,0.049795918367,69,80.000000000000,0.700000000000,0.000000000000,0.000000000000,-26.330011091126,-18.894694051636,0.000000000000,-36.032944679260,-15.231868743896,-11.049131393433,-9.751944541931
2197,0.049818594104,69,80.000000000000,0.700000000000,0.000000000000,0.000000000000,-26.330011091126,-18.384038171662,0.000000000000,-47.626182556152,-17.253021240234,-17.539878845215,-12.833282470703
2198,0.049841269841,69,80.000000000000,0.700000000000,0.000000000000,0.000000000000,-26.330011091126,-19.747536382569,0.000000000000,-48.832541465759,-11.399218559265,-17.413246154785,-20.020076751709
2199,0.049863945578,69,80.000000000000,0.700000000000,0.000000000000,0.000000000000,-26.330011091126,-18.140067777527,0.000000000000,-36.387580871582,-10.122375488281,-10.171941757202,-16.093263626099
2200,0.049886621315,69,80.000000000000,0.700000000000,0.000000000000,0.000000000000,-26.330011091126,-18.153951368226,0.000000000000,-38.940941810608,-18.778150558472,-9.884115219116,-10.278676033020
2201,0.049909297052,69,80.000000000000,0.700000000000,0.000000000000,0.000000000000,-26.330011091126,-20.821865758790,0.000000000000,-53.275489807129,-29.389793395996,-16.256381988525,-7.629314422607
2202,0.049931972789,69,80.000000000000,0.700000000000,0.000000000000,0.000000000000,-26.330011091126,-21.303181371583,0.000000000000,-84.729782104492,-38.959403991699,-29.083700180054,-16.686677932739
2203,0.049954648526,69,80.000000000000,0.700000000000,0.000000000000,0.000000000000,-26.330011091126,-17.641549787415,0.000000000000,-102.414510726929,-40.446430206299,-35.426658630371,-26.541421890259
2204,0.049977324263,69,80.000000000000,0.700000000000,0.000000000000,0.000000000000,-26.330011091126,-12.212758741273,0.000000000000,-116.283672332764,-43.724380493164,-39.704555511475,-32.854736328125
2205,0.050000000000,69,80.000000000000,0.700000000000,0.000000000000,0.000000000000,-26.330011091126,-7.818116865052,0.000000000000,-128.302955627441,-44.907218933105,-44.123645782471,-39.272090911865
2206,0.050022675737,69,80.000000000000,0.700000000000,0.000000000000,0.000000000000,-26.330011091126,-5.471938810242,0.000000000000,-130.163452148438,-41.887390136719,-44.406089782715,-43.869972229004
2207,0.050045351474,69,80.000000000000,0.700000000000,0.000000000000,0.000000000000,-26.330011091126,-4.804940900696,0.000000000000,-125.265316009521,-39.910591125488,-41.538658142090,-43.816066741943
2208,0.050068027211,69,80.000000000000,0.700000000000,0.000000000000,0.000000000000,-26.330011091126,-5.096521100892,0.000000000000,-122.854698181152,-41.501022338867,-40.017387390137,-41.336288452148
2209,0.050090702948,69,80.000000000000,0.700000000000,0.000000000000,0.000000000000,-26.330011091126,-5.816510877503,0.000000000000,-126.162914276123,-44.766727447510,-41.437522888184,-39.958663940430
2210,0.050113378685,69,80.000000000000,0.700000000000,0.000000000000,0.000000000000,-26.330011091126,-6.694680890931,0.000000000000,-133.782745361328,-47.455543518066,-44.515663146973,-41.811538696289
2211,0.050136054422,69,80.000000000000,0.700000000000,0.000000000000,0.000000000000,-26.330011091126,-7.623784742249,0.000000000000,-138.181144714355,-48.671012878418,-46.634689331055,-42.875442504883
2212,0.050158730159,69,80.000000000000,0.700000000000,0.000000000000,0.000000000000,-26.330011091126,-8.566011152161,0.000000000000,-148.327415466309,-49.250087738037,-49.678348541260,-49.398979187012
2213,0.050181405896,69,80.000000000000,0.700000000000,0.000000000000,0.000000000000,-26.330011091126,-9.520978650941,0.000000000000,-136.846549987793,-47.386211395264,-46.041400909424,-43.418937683105
2214,0.050204081633,69,80.000000000000,0.700000000000,0.000000000000,0.000000000000,-26.330011091126,-10.416829786194,0.000000000000,-158.367603302002,-50.524032592773,-53.646575927734,-54.196994781494
2215,0.050226757370,69,80.000000000000,0.700000000000,0.000000000000,0.000000000000,-26.330011091126,-11.550227842225,0.000000000000,-131.370456695557,-41.558853149414,-42.620841979980,-47.190761566162
2216,0.050249433107,69,80.000000000000,0.700000000000,0.000000000000,0.000000000000,-26.330011091126,-11.739659986390,0.000000000000,-140.568588256836,-50.692092895508,-47.257202148438,-42.619293212891
2217,0.050272108844,69,80.000000000000,0.700000000000,0.000000000000,0.000000000000,-26.330011091126,-14.687081060303,0.000000000000,-148.763813018799,-44.496349334717,-51.721740722656,-52.545722961426
2218,0.050294784580,69,80.000000000000,0.700000000000,0.000000000000,0.000000000000,-26.330011091126,-11.416675290955,0.000000000000,-128.343593597412,-36.994758605957,-41.207351684570,-50.141483306885
2219,0.050317460317,69,80.000000000000,0.700000000000,0.000000000000,0.000000000000,-26.330011091126,-17.158513746155,0.000000000000,-118.454101562500,-43.249561309814,-36.933101654053,-38.271438598633
2220,0.050340136054,69,80.000000000000,0.700000000000,0.000000000000,0.000000000000,-26.330011091126,-15.178731641663,0.000000000000,-131.286659240723,-48.268112182617,-45.012489318848,-38.006057739258
2221,0.050362811791,69,80.000000000000,0.700000000000,0.000000000000,0.000000000000,-26.330011091126,-14.006076536072,0.000000000000,-136.341323852539,-40.784179687500,-49.179298400879,-46.377845764160
2222,0.050385487528,69,80.000000000000,0.700000000000,0.000000000000,0.000000000000,-26.330011091126,-17.426928243531,0.000000000000,-119.693973541260,-27.222484588623,-42.464797973633,-50.006690979004
2223,0.050408163265,69,80.000000000000,0.700000000000,0.000000000000,0.000000000000,-26.330011091126,-18.734169683350,0.000000000000,-89.340523719788,-15.463967323303,-29.819065093994,-44.057491302490
2224,0.050430839002,69,80.000000000000,0.700000000000,0.000000000000,0.000000000000,-26.330011091126,-14.775956830872,0.000000000000,-58.578893661499,-8.556549072266,-17.982915878296,-32.039428710938
2225,0.050453514739,69,80.000000000000,0.700000000000,0.000000000000,0.000000000000,-26.330011091126,-9.185313901795,0.000000000000,-36.855524063110,-5.561964035034,-10.687982559204,-20.605577468872
2226,0.050476190476,69,80.000000000000,0.700000000000,0.000000000000,0.000000000000,-26.330011091126,-5.141320905579,0.000000000000,-23.165311336517,-3.574055671692,-6.712276935577,-12.878978729248
2227,0.050498866213,69,80.000000000000,0.700000000000,0.000000000000,0.000000000000,-26.330011091126,-3.011377057923,0.000000000000,-14.002374172211,-2.029118537903,-4.001914024353,-7.971341609955
2228,0.050521541950,69,80.000000000000,0.700000000000,0.000000000000,0.000000000000,-26.330011091126,-2.109714231385,0.000000000000,-8.437348365784,-1.558879852295,-2.254163742065,-4.624304771423
2229,0.050544217687,69,80.000000000000,0.700000000000,0.000000000000,0.000000000000,-26.330011091126,-1.814626417054,0.000000000000,-6.219156265259,-1.954409599304,-1.689105033875,-2.575641632080
2230,0.050566893424,69,80.000000000000,0.700000000000,0.000000000000,0.000000000000,-26.330011091126,-1.782407483948,0.000000000000,-6.398193359375,-2.476008415222,-1.980147361755,-1.942037582397
2231,0.050589569161,69,80.000000000000,0.700000000000,0.000000000000,0.000000000000,-26.330011091126,-1.854898176087,0.000000000000,-6.776508331299,-2.648490905762,-2.346104621887,-1.781912803650
2232,0.050612244898,69,80.000000000000,0.700000000000,0.000000000000,0.000000000000,-26.330011091126,-1.961930951966,0.000000000000,-8.211555480957,-2.520961761475,-2.817817687988,-2.872776031494
2233,0.050634920635,69,80.000000000000,0.700000000000,0.000000000000,0.000000000000,-26.330011091126,-2.079244336976,0.000000000000,-5.465223312378,-1.863342285156,-1.962151527405,-1.639729499817
2234,0.050657596372,69,80.000000000000,0.700000000000,0.000000000000,0.000000000000,-26.330011091126,-2.156327924622,0.000000000000,-8.769982337952,-2.017078399658,-3.107278823853,-3.645625114441
2235,0.050680272109,69,80.000000000000,0.700000000000,0.000000000000,0.000000000000,-26.330011091126,-2.395280561341,0.000000000000,-1.796906471252,0.136507034302,-0.361097335815,-1.572316169739
2236,0.050702947846,69,80.000000000000,0.700000000000,0.000000000000,0.000000000000,-26.330011091126,-1.853027067078,0.000000000000,-4.192379951477,-1.746340751648,-1.534843444824,-0.911195755005
2237,0.050725623583,69,80.000000000000,0.700000000000,0.000000000000,0.000000000000,-26.330011091126,-4.175269803895,0.000000000000,-3.548835754395,0.547063827515,-1.615160942078,-2.480738639832
2238,0.050748299320,69,80.000000000000,0.700000000000,0.011149076371,0.000023378280,-26.330095362301,2.061964311706,0.031428209264,2.654764175415,2.320529937744,1.326586723328,-0.992352485657
2239,0.050770975057,69,80.000000000000,0.700000000000,0.054750859080,0.000000000000,-26.330509200993,-10.978091988233,0.000000000000,3.585165023804,0.280027389526,1.866190910339,1.438946723938
2240,0.050793650794,69,80.000000000000,0.700000000000,0.098838239722,0.000060374007,-26.331256277635,5.324987396297,0.050505462929,1.067908287048,-0.888448715210,-0.008971214294,1.965328216553
2241,0.050816326531,69,80.000000000000,0.700000000000,0.629008261511,0.000071733767,-26.336010686264,-4.278543138408,0.055052263035,-1.604712486267,1.205912590027,-1.558426856995,-1.252198219299
2242,0.050839002268,69,80.000000000000,0.700000000000,0.012882304058,0.000000000000,-26.336108058176,-13.311973876282,0.000000000000,7.382507801056,6.040417194366,1.870975494385,-0.528884887695
2243,0.050861678005,69,80.000000000000,0.700000000000,0.000000000000,0.000000000000,-26.336108058176,-0.749918788157,0.000000000000,13.250119209290,8.259819984436,4.120725631714,0.869573593140
2244,0.050884353741,69,80.000000000000,0.700000000000,0.167875868436,0.000076011186,-26.337376961188,6.704186589040,0.056669856191,23.242456436157,12.378047943115,7.966474533081,2.897933959961
2245,0.050907029478,69,80.000000000000,0.700000000000,0.902688483436,0.000057017244,-26.344200003391,-8.303846706709,0.049081346167,34.665412902832,13.838403701782,12.649821281433,8.177187919617
2246,0.050929705215,69,80.000000000000,0.700000000000,0.000000000000,0.000000000000,-26.344200003391,-32.317697394138,0.000000000000,36.556956291199,11.342726707458,12.897050857544,12.317178726196
2247,0.050952380952,69,80.000000000000,0.700000000000,0.000000000000,0.000000000000,-26.344200003391,-51.717616904026,0.000000000000,33.589134216309,11.057747840881,10.618905067444,11.912481307983
2248,0.050975056689,69,80.000000000000,0.700000000000,0.000000000000,0.000000000000,-26.344200003391,-62.412738669162,0.000000000000,36.100281715393,15.047168731689,10.979361534119,10.073751449585
2249,0.050997732426,69,80.000000000000,0.700000000000,0.000000000000,0.000000000000,-26.344200003391,-66.901561606174,0.000000000000,45.904449462891,20.173849105835,14.865873336792,10.864727020264
2250,0.051020408163,69,80.000000000000,0.700000000000,0.000000000000,0.000000000000,-26.344200003391,-68.316192496067,0.000000000000,57.880779266357,23.613670349121,19.658329010010,14.608779907227
2251,0.051043083900,69,80.000000000000,0.700000000000,0.000000000000,0.000000000000,-26.344200003391,-68.538970816379,0.000000000000,67.189334869385,24.908187866211,23.098011016846,19.183135986328
2252,0.051065759637,69,80.000000000000,0.700000000000,0.000000000000,0.000000000000,-26.344200003391,-68.376579153781,0.000000000000,71.955492019653,24.813148498535,24.606765747070,22.535577774048
2253,0.051088435374,69,80.000000000000,0.700000000000,0.000000000000,0.000000000000,-26.344200003391,-68.096893179660,0.000000000000,73.413368225098,24.150260925293,24.853784561157,24.409322738647
2254,0.051111111111,69,80.000000000000,0.700000000000,0.000000000000,0.000000000000,-26.344200003391,-67.759326803928,0.000000000000,72.067274093628,23.207550048828,24.182844161987,24.676879882812
2255,0.051133786848,69,80.000000000000,0.700000000000,0.000000000000,0.000000000000,-26.344200003391,-67.424438345676,0.000000000000,70.333265304565,22.471632003784,23.538730621338,24.322902679443
2256,0.051156462585,69,80.000000000000,0.700000000000,0.000000000000,0.000000000000,-26.344200003391,-66.858207571750,0.000000000000,67.934310913086,21.411514282227,22.678314208984,23.844482421875
2257,0.051179138322,69,80.000000000000,0.700000000000,0.000000000000,0.000000000000,-26.344200003391,-67.096324789768,0.000000000000,64.773771286011,20.510379791260,21.487691879272,22.775699615479
2258,0.051201814059,69,80.000000000000,0.700000000000,0.000000000000,0.000000000000,-26.344200003391,-64.436866629367,0.000000000000,62.373409271240,20.065025329590,20.857315063477,21.451068878174
2259,0.051224489796,69,80.000000000000,0.700000000000,0.000000000000,0.000000000000,-26.344200003391,-69.686557638889,0.000000000000,61.623872756958,18.969429016113,20.593511581421,22.060932159424
2260,0.051247165533,69,80.000000000000,0.700000000000,0.000000000000,0.000000000000,-26.344200003391,-58.611297476535,0.000000000000,54.387903213501,17.264410018921,18.302253723145,18.821239471436
2261,0.051269841270,69,80.000000000000,0.700000000000,0.000000000000,0.000000000000,-26.344200003391,-69.638648855930,0.000000000000,59.140325546265,17.433683395386,19.390674591064,22.315967559814
2262,0.051292517007,69,80.000000000000,0.700000000000,0.000000000000,0.000000000000,-26.344200003391,-66.069393027072,0.000000000000,42.975371360779,15.188709259033,13.695187568665,14.091474533081
2263,0.051315192744,69,80.000000000000,0.700000000000,0.000000000000,0.000000000000,-26.344200003391,-56.106181967502,0.000000000000,59.294530868530,20.384920120239,20.523517608643,18.386093139648
2264,0.051337868481,69,80.000000000000,0.700000000000,0.000000000000,0.000000000000,-26.344200003391,-60.503005850559,0.000000000000,51.584052085876,14.136403083801,16.801908493042,20.645740509033
2265,0.051360544218,69,80.000000000000,0.700000000000,0.000000000000,0.000000000000,-26.344200003391,-68.318710196262,0.000000000000,45.073316574097,17.751264572144,13.956789970398,13.365262031555
2266,0.051383219955,69,80.000000000000,0.700000000000,0.000000000000,0.000000000000,-26.344200003391,-66.088489401584,0.000000000000,55.049678802490,19.683832168579,19.997098922729,15.368747711182
2267,0.051405895692,69,80.000000000000,0.700000000000,0.000000000000,0.000000000000,-26.344200003391,-56.418588507419,0.000000000000,55.970949172974,13.450378417969,20.133150100708,22.387420654297
2268,0.051428571429,69,80.000000000000,0.700000000000,0.000000000000,0.000000000000,-26.344200003391,-46.993156302219,0.000000000000,43.613589286804,11.030054092407,12.765480995178,19.818054199219
2269,0.051451247166,69,80.000000000000,0.700000000000,0.000000000000,0.000000000000,-26.344200003391,-40.966695654636,0.000000000000,40.372439384460,18.152456283569,10.268829345703,11.951153755188
2270,0.051473922902,69,80.000000000000,0.700000000000,0.000000000000,0.000000000000,-26.344200003391,-37.834886420017,0.000000000000,55.288463592529,28.770610809326,16.725074768066,9.792778015137
2271,0.051496598639,69,80.000000000000,0.700000000000,0.000000000000,0.000000000000,-26.344200003391,-36.239665854221,0.000000000000,78.507359504700,36.560234069824,26.574527740479,15.372597694397
2272,0.051519274376,69,80.000000000000,0.700000000000,0.000000000000,0.000000000000,-26.344200003391,-35.249742377048,0.000000000000,99.799436569214,40.327842712402,34.667095184326,24.804498672485
2273,0.051541950113,69,80.000000000000,0.700000000000,0.000000000000,0.000000000000,-26.344200003391,-34.450258124118,0.000000000000,112.476608276367,41.308982849121,38.934665679932,32.232959747314
2274,0.051564625850,69,80.000000000000,0.700000000000,0.000000000000,0.000000000000,-26.344200003391,-33.709473479038,0.000000000000,121.252208709717,41.276512145996,41.388122558594,38.587574005127
2275,0.051587301587,69,80.000000000000,0.700000000000,0.000000000000,0.000000000000,-26.344200003391,-33.009741652256,0.000000000000,119.652320861816,39.808097839355,40.217041015625,39.627182006836
2276,0.051609977324,69,80.000000000000,0.700000000000,0.000000000000,0.000000000000,-26.344200003391,-32.319669592624,0.000000000000,122.105545043945,40.412654876709,41.139839172363,40.553050994873
2277,0.051632653061,69,80.000000000000,0.700000000000,0.000000000000,0.000000000000,-26.344200003391,-31.787240851169,0.000000000000,120.084148406982,37.833232879639,40.329757690430,41.921157836914
2278,0.051655328798,69,80.000000000000,0.700000000000,0.000000000000,0.000000000000,-26.344200003391,-30.871600020175,0.000000000000,113.208168029785,36.441810607910,37.215221405029,39.551136016846
2279,0.051678004535,69,80.000000000000,0.700000000000,0.000000000000,0.000000000000,-26.344200003391,-31.206975806003,0.000000000000,113.437911987305,38.462402343750,37.335212707520,37.640296936035
2280,0.051700680272,69,80.000000000000,0.700000000000,0.000000000000,0.000000000000,-26.344200003391,-28.876289236789,0.000000000000,113.674968719482,38.174568176270,38.849029541016,36.651371002197
2281,0.051723356009,69,80.000000000000,0.700000000000,0.000000000000,0.000000000000,-26.344200003391,-30.758748877292,0.000000000000,116.804206848145,33.980781555176,39.951141357422,42.872283935547
2282,0.051746031746,69,80.000000000000,0.700000000000,0.000000000000,0.000000000000,-26.344200003391,-29.166126120334,0.000000000000,91.709934234619,26.352121353149,31.195589065552,34.162223815918
2283,0.051768707483,69,80.000000000000,0.700000000000,0.000000000000,0.000000000000,-26.344200003391,-27.015621054416,0.000000000000,99.265457153320,25.860248565674,33.544609069824,39.860599517822
2284,0.051791383220,69,80.000000000000,0.700000000000,0.000000000000,0.000000000000,-26.344200003391,-28.342713225132,0.000000000000,62.796530723572,15.227803230286,18.927980422974,28.640747070312
2285,0.051814058957,69,80.000000000000,0.700000000000,0.000000000000,0.000000000000,-26.344200003391,-29.974061835056,0.000000000000,63.521358489990,23.964954376221,20.659517288208,18.896886825562
2286,0.051836734694,69,80.000000000000,0.700000000000,0.000000000000,0.000000000000,-26.344200003391,-28.972316611057,0.000000000000,71.150938034058,19.278751373291,25.557348251343,26.314838409424
2287,0.051859410431,69,80.000000000000,0.700000000000,0.000000000000,0.000000000000,-26.344200003391,-26.064591276889,0.000000000000,53.123138427734,12.202478408813,16.159593582153,24.761066436768
2288,0.051882086168,69,80.000000000000,0.700000000000,0.000000000000,0.000000000000,-26.344200003391,-23.095996725803,0.000000000000,43.638298988342,18.697881698608,11.674915313721,13.265501976013
2289,0.051904761905,69,80.000000000000,0.700000000000,0.000000000000,0.000000000000,-26.344200003391,-21.002264845615,0.000000000000,57.008033752441,25.075479507446,19.868824005127,12.063730239868
2290,0.051927437642,69,80.000000000000,0.700000000000,0.000000000000,0.000000000000,-26.344200003391,-19.799764502292,0.000000000000,66.360074996948,19.536273956299,25.912187576294,20.911613464355
2291,0.051950113379,69,80.000000000000,0.700000000000,0.000000000000,0.000000000000,-26.344200003391,-19.186185705905,0.000000000000,54.903831481934,7.021856307983,21.102123260498,26.779851913452
2292,0.051972789116,69,80.000000000000,0.700000000000,0.000000000000,0.000000000000,-26.344200003391,-18.892486441379,0.000000000000,26.973613739014,-3.983482360840,9.411556243896,21.545539855957
2293,0.051995464853,69,80.000000000000,0.700000000000,0.000000000000,0.000000000000,-26.344200003391,-18.758540976291,0.000000000000,3.499166011810,-10.106746673584,-0.391158580780,13.997071266174
2294,0.052018140590,69,80.000000000000,0.700000000000,0.000000000000,0.000000000000,-26.344200003391,-18.704241621738,0.000000000000,-25.844877243042,-13.821638107300,-10.268559455872,-1.754679679871
2295,0.052040816327,69,80.000000000000,0.700000000000,0.000000000000,0.000000000000,-26.344200003391,-18.691148627048,0.000000000000,-23.862634658813,-12.216519355774,-8.808839797974,-2.837275505066
2296,0.052063492063,69,80.000000000000,0.700000000000,0.000000000000,0.000000000000,-26.344200003391,-18.712993490940,0.000000000000,-45.867405891418,-17.343393325806,-16.911285400391,-11.612727165222
2297,0.052086167800,69,80.000000000000,0.700000000000,0.000000000000,0.000000000000,-26.344200003391,-18.694971907382,0.000000000000,-42.085903167725,-11.197561264038,-14.035367965698,-16.852973937988
2298,0.052108843537,69,80.000000000000,0.700000000000,0.000000000000,0.000000000000,-26.344200003391,-18.940675604587,0.000000000000,-35.792180061340,-14.624740600586,-10.716160774231,-10.451278686523
2299,0.052131519274,69,80.000000000000,0.700000000000,0.000000000000,0.000000000000,-26.344200003391,-18.354921210056,0.000000000000,-45.589536666870,-17.435672760010,-16.654668807983,-11.499195098877
2300,0.052154195011,69,80.000000000000,0.700000000000,0.000000000000,0.000000000000,-26.344200003391,-19.756821501499,0.000000000000,-49.414991378784,-12.105998992920,-18.075422286987,-19.233570098877
2301,0.052176870748,69,80.000000000000,0.700000000000,0.000000000000,0.000000000000,-26.344200003391,-18.331026900058,0.000000000000,-38.307574272156,-9.692309379578,-11.244993209839,-17.370271682739
2302,0.052199546485,69,80.000000000000,0.700000000000,0.000000000000,0.000000000000,-26.344200003391,-17.984138357883,0.000000000000,-38.074275970459,-17.038835525513,-9.381658554077,-11.653781890869
2303,0.052222222222,69,80.000000000000,0.700000000000,0.000000000000,0.000000000000,-26.344200003391,-20.520304548984,0.000000000000,-48.574801445007,-27.419216156006,-14.087147712708,-7.068437576294
2304,0.052244897959,69,80.000000000000,0.700000000000,0.000000000000,0.000000000000,-26.344200003391,-21.531560766941,0.000000000000,-78.303174972534,-37.696464538574,-26.592784881592,-14.013925552368
2305,0.052267573696,69,80.000000000000,0.700000000000,0.000000000000,0.000000000000,-26.344200003391,-18.466949808841,0.000000000000,-97.789379119873,-39.898715972900,-33.932373046875,-23.958290100098
2306,0.052290249433,69,80.000000000000,0.700000000000,0.000000000000,0.000000000000,-26.344200003391,-13.186786520725,0.000000000000,-112.514476776123,-43.196048736572,-38.526233673096,-30.792194366455
2307,0.052312925170,69,80.000000000000,0.700000000000,0.000000000000,0.000000000000,-26.344200003391,-8.547752249485,0.000000000000,-125.726886749268,-44.917251586914,-43.361530303955,-37.448104858398
2308,0.052335600907,69,80.000000000000,0.700000000000,0.000000000000,0.000000000000,-26.344200003391,-5.853450644260,0.000000000000,-129.728488922119,-42.285274505615,-44.528820037842,-42.914394378662
2309,0.052358276644,69,80.000000000000,0.700000000000,0.000000000000,0.000000000000,-26.344200003391,-4.921390402561,0.000000000000,-125.937339782715,-39.957580566406,-42.011375427246,-43.968383789062
2310,0.052380952381,69,80.000000000000,0.700000000000,0.000000000000,0.000000000000,-26.344200003391,-5.065410483127,0.000000000000,-122.939224243164,-41.031799316406,-40.055358886719,-41.852066040039
2311,0.052403628118,69,80.000000000000,0.700000000000,0.000000000000,0.000000000000,-26.344200003391,-5.719226706272,0.000000000000,-124.959018707275,-44.132049560547,-40.890686035156,-39.936283111572
2312,0.052426303855,69,80.000000000000,0.700000000000,0.000000000000,0.000000000000,-26.344200003391,-6.571863043552,0.000000000000,-132.143432617188,-46.977592468262,-43.804763793945,-41.361076354980
2313,0.052448979592,69,80.000000000000,0.700000000000,0.000000000000,0.000000000000,-26.344200003391,-7.491767752414,0.000000000000,-136.068794250488,-48.395606994629,-45.914932250977,-41.758255004883
2314,0.052471655329,69,80.000000000000,0.700000000000,0.000000000000,0.000000000000,-26.344200003391,-8.429563391452,0.000000000000,-147.819053649902,-49.249675750732,-49.551662445068,-49.017715454102
2315,0.052494331066,69,80.000000000000,0.700000000000,0.000000000000,0.000000000000,-26.344200003391,-9.386506903415,0.000000000000,-135.696254730225,-47.242797851562,-45.613677978516,-42.839778900146
2316,0.052517006803,69,80.000000000000,0.700000000000,0.000000000000,0.000000000000,-26.344200003391,-10.267070639377,0.000000000000,-157.828048706055,-50.836074829102,-53.709403991699,-53.282569885254
2317,0.052539682540,69,80.000000000000,0.700000000000,0.000000000000,0.000000000000,-26.344200003391,-11.451824057346,0.000000000000,-133.896751403809,-41.693984985352,-43.495346069336,-48.707420349121
2318,0.052562358277,69,80.000000000000,0.700000000000,0.000000000000,0.000000000000,-26.344200003391,-11.513736593967,0.000000000000,-138.387012481689,-50.131664276123,-46.144996643066,-42.110351562500
2319,0.052585034014,69,80.000000000000,0.700000000000,0.000000000000,0.000000000000,-26.344200003391,-14.670603621250,0.000000000000,-148.805076599121,-45.606338500977,-52.044197082520,-51.154541015625
2320,0.052607709751,69,80.000000000000,0.700000000000,0.000000000000,0.000000000000,-26.344200003391,-11.324508536106,0.000000000000,-132.037715911865,-37.290500640869,-42.967376708984,-51.779838562012
2321,0.052630385488,69,80.000000000000,0.700000000000,0.000000000000,0.000000000000,-26.344200003391,-16.708775389438,0.000000000000,-119.179328918457,-42.165725708008,-36.752723693848,-40.260879516602
2322,0.052653061224,69,80.000000000000,0.700000000000,0.000000000000,0.000000000000,-26.344200003391,-15.474865782505,0.000000000000,-128.606048583984,-48.112785339355,-43.395606994629,-37.097656250000
2323,0.052675736961,69,80.000000000000,0.700000000000,0.000000000000,0.000000000000,-26.344200003391,-13.912423956638,0.000000000000,-136.041725158691,-42.499473571777,-49.087276458740,-44.454975128174
2324,0.052698412698,69,80.000000000000,0.700000000000,0.000000000000,0.000000000000,-26.344200003391,-16.985559332614,0.000000000000,-123.946586608887,-29.564605712891,-44.505355834961,-49.876625061035
2325,0.052721088435,69,80.000000000000,0.700000000000,0.000000000000,0.000000000000,-26.344200003391,-18.830989706760,0.000000000000,-96.403175354004,-17.312515258789,-32.742874145508,-46.347785949707
2326,0.052743764172,69,80.000000000000,0.700000000000,0.000000000000,0.000000000000,-26.344200003391,-15.640951025730,0.000000000000,-65.497483253479,-9.591208457947,-20.441194534302,-35.465080261230
2327,0.052766439909,69,80.000000000000,0.700000000000,0.000000000000,0.000000000000,-26.344200003391,-10.156028616672,0.000000000000,-41.902152061462,-6.075519561768,-12.204972267151,-23.621660232544
2328,0.052789115646,69,80.000000000000,0.700000000000,0.000000000000,0.000000000000,-26.344200003391,-5.822296011692,0.000000000000,-26.479329109192,-3.921972274780,-7.607000350952,-14.950356483459
2329,0.052811791383,69,80.000000000000,0.700000000000,0.000000000000,0.000000000000,-26.344200003391,-3.388887274509,0.000000000000,-16.165690422058,-2.241743087769,-4.592293739319,-9.331653594971
2330,0.052834467120,69,80.000000000000,0.700000000000,0.000000000000,0.000000000000,-26.344200003391,-2.298015463596,0.000000000000,-9.690487861633,-1.587994575500,-2.580985069275,-5.521508216858
2331,0.052857142857,69,80.000000000000,0.700000000000,0.000000000000,0.000000000000,-26.344200003391,-1.909524786716,0.000000000000,-6.685253143311,-1.873223304749,-1.757164955139,-3.054864883423
2332,0.052879818594,69,80.000000000000,0.700000000000,0.000000000000,0.000000000000,-26.344200003391,-1.836650717502,0.000000000000,-6.420210838318,-2.400716781616,-1.909861564636,-2.109632492065
2333,0.052902494331,69,80.000000000000,0.700000000000,0.000000000000,0.000000000000,-26.344200003391,-1.893152106052,0.000000000000,-6.548630714417,-2.630992889404,-2.239476203918,-1.678161621094
2334,0.052925170068,69,80.000000000000,0.700000000000,0.000000000000,0.000000000000,-26.344200003391,-1.994638312107,0.000000000000,-8.271173477173,-2.580286979675,-2.835516929626,-2.855369567871
2335,0.052947845805,69,80.000000000000,0.700000000000,0.000000000000,0.000000000000,-26.344200003391,-2.113769400363,0.000000000000,-5.421322822571,-1.915203094482,-1.944308280945,-1.561811447144
2336,0.052970521542,69,80.000000000000,0.700000000000,0.000000000000,0.000000000000,-26.344200003391,-2.181043493991,0.000000000000,-8.998383522034,-2.172744750977,-3.240405082703,-3.585233688354
2337,0.052993197279,69,80.000000000000,0.700000000000,0.000000000000,0.000000000000,-26.344200003391,-2.468145239597,0.000000000000,-2.508769035339,0.059667587280,-0.599853515625,-1.968583106995
2338,0.053015873016,69,80.000000000000,0.700000000000,0.000000000000,0.000000000000,-26.344200003391,-1.771541464572,0.000000000000,-3.972023963928,-1.735279083252,-1.388150215149,-0.848594665527
2339,0.053038548753,69,80.000000000000,0.700000000000,0.000000000000,0.000000000000,-26.344200003391,-4.491103995090,0.000000000000,-4.121761322021,0.175263404846,-1.888930320740,-2.408094406128
2340,0.053061224490,69,80.000000000000,0.700000000000,0.015780689110,0.000027190402,-26.344319282976,2.398193490262,0.033893871138,1.625789642334,2.270587921143,0.867916107178,-1.512714385986
2341,0.053083900227,69,80.000000000000,0.700000000000,0.077448633888,0.000000000000,-26.344904684593,-10.983136665159,0.000000000000,3.451053619385,0.575846672058,1.942937850952,0.932269096375
2342,0.053106575964,69,80.000000000000,0.700000000000,0.058935104144,0.000048219106,-26.345350150232,4.252925134133,0.045135985879,1.736106872559,-0.904839515686,0.403671264648,2.237275123596
2343,0.053129251701,69,80.000000000000,0.700000000000,0.410771835072,0.000066307345,-26.348455001593,-2.631000046283,0.052929059486,-1.865966796875,0.619606971741,-1.668602943420,-0.816970825195
2344,0.053151927438,69,80.000000000000,0.700000000000,0.032647169796,0.000000000000,-26.348701767805,-13.280764531336,0.000000000000,5.785453796387,5.339735031128,1.205012321472,-0.759293556213
2345,0.053174603175,69,80.000000000000,0.700000000000,0.000000000000,0.000000000000,-26.348701767805,-2.677667908552,0.000000000000,11.449916839600,7.659113883972,3.392053604126,0.398749351501
2346,0.053197278912,69,80.000000000000,0.700000000000,0.169504693905,0.000076330964,-26.349982982423,6.732391066668,0.056788935974,20.605291366577,11.787710189819,6.927117347717,1.890463829041
2347,0.053219954649,69,80.000000000000,0.700000000000,1.104143510543,0.000094981961,-26.358328738360,-5.011034020656,0.063348147970,32.477663993835,13.825073242188,11.917171478271,6.735419273376
2348,0.053242630385,69,80.000000000000,0.700000000000,0.040296810292,0.000000000000,-26.358633324984,-28.174926568797,0.000000000000,36.185091972351,11.604558944702,13.018149375916,11.562383651733
2349,0.053265306122,69,80.000000000000,0.700000000000,0.000000000000,0.000000000000,-26.358633324984,-48.638733193758,0.000000000000,33.775858879089,10.785239219666,10.876998901367,12.113620758057
2350,0.053287981859,69,80.000000000000,0.700000000000,0.000000000000,0.000000000000,-26.358633324984,-60.744482324007,0.000000000000,35.045258522034,14.211512565613,10.555969238281,10.277776718140
2351,0.053310657596,69,80.000000000000,0.700000000000,0.000000000000,0.000000000000,-26.358633324984,-66.182356164339,0.000000000000,43.440281867981,19.306264877319,13.834617614746,10.299399375916
2352,0.053333333333,69,80.000000000000,0.700000000000,0.000000000000,0.000000000000,-26.358633324984,-68.059213921908,0.000000000000,55.057819366455,23.073383331299,18.586095809937,13.398340225220
2353,0.053356009070,69,80.000000000000,0.700000000000,0.000000000000,0.000000000000,-26.358633324984,-68.461847588900,0.000000000000,65.013908386230,24.710962295532,22.382911682129,17.920034408569
2354,0.053378684807,69,80.000000000000,0.700000000000,0.000000000000,0.000000000000,-26.358633324984,-68.359285638216,0.000000000000,70.741392135620,24.822450637817,24.291358947754,21.627582550049
2355,0.053401360544,69,80.000000000000,0.700000000000,0.000000000000,0.000000000000,-26.358633324984,-68.100240990999,0.000000000000,73.039640426636,24.253484725952,24.826026916504,23.960128784180
2356,0.053424036281,69,80.000000000000,0.700000000000,0.000000000000,0.000000000000,-26.358633324984,-67.769773766878,0.000000000000,72.220260620117,23.329906463623,24.293468475342,24.596885681152
2357,0.053446712018,69,80.000000000000,0.700000000000,0.000000000000,0.000000000000,-26.358633324984,-67.454893395785,0.000000000000,70.670145034790,22.601037979126,23.679821014404,24.389286041260
2358,0.053469387755,69,80.000000000000,0.700000000000,0.000000000000,0.000000000000,-26.358633324984,-66.846815392855,0.000000000000,68.468286514282,21.563917160034,22.885894775391,24.018474578857
2359,0.053492063492,69,80.000000000000,0.700000000000,0.000000000000,0.000000000000,-26.358633324984,-67.239275262240,0.000000000000,65.394088745117,20.613185882568,21.688299179077,23.092603683472
2360,0.053514739229,69,80.000000000000,0.700000000000,0.000000000000,0.000000000000,-26.358633324984,-64.242231652620,0.000000000000,62.676862716675,20.168962478638,20.944053649902,21.563846588135
2361,0.053537414966,69,80.000000000000,0.700000000000,0.000000000000,0.000000000000,-26.358633324984,-69.974127099398,0.000000000000,62.402458190918,19.190925598145,20.841266632080,22.370265960693
2362,0.053560090703,69,80.000000000000,0.700000000000,0.000000000000,0.000000000000,-26.358633324984,-58.841421410921,0.000000000000,54.710830688477,17.407875061035,18.459232330322,18.843723297119
2363,0.053582766440,69,80.000000000000,0.700000000000,0.000000000000,0.000000000000,-26.358633324984,-68.726133630160,0.000000000000,60.233491897583,17.584308624268,19.840719223022,22.808464050293
2364,0.053605442177,69,80.000000000000,0.700000000000,0.000000000000,0.000000000000,-26.358633324984,-67.102873132113,0.000000000000,43.554779052734,14.986877441406,13.725697517395,14.842204093933
2365,0.053628117914,69,80.000000000000,0.700000000000,0.000000000000,0.000000000000,-26.358633324984,-56.817497537020,0.000000000000,57.797931671143,20.314926147461,20.008287429810,17.474718093872
2366,0.053650793651,69,80.000000000000,0.700000000000,0.000000000000,0.000000000000,-26.358633324984,-59.449671075228,0.000000000000,53.160097122192,14.490127563477,17.541196823120,21.128772735596
2367,0.053673469388,69,80.000000000000,0.700000000000,0.000000000000,0.000000000000,-26.358633324984,-67.489340112093,0.000000000000,45.243498802185,17.222797393799,13.741092681885,14.279608726501
2368,0.053696145125,69,80.000000000000,0.700000000000,0.000000000000,0.000000000000,-26.358633324984,-66.949632928255,0.000000000000,53.299276351929,19.905300140381,19.148994445801,14.244981765747
2369,0.053718820862,69,80.000000000000,0.700000000000,0.000000000000,0.000000000000,-26.358633324984,-58.141346261385,0.000000000000,56.525931358337,14.284249305725,20.771638870239,21.470043182373
2370,0.053741496599,69,80.000000000000,0.700000000000,0.000000000000,0.000000000000,-26.358633324984,-48.502785012606,0.000000000000,46.089735984802,10.856373786926,14.089437484741,21.143924713135
2371,0.053764172336,69,80.000000000000,0.700000000000,0.000000000000,0.000000000000,-26.358633324984,-41.905967996004,0.000000000000,40.179764747620,16.577678680420,10.044620513916,13.557465553284
2372,0.053786848073,69,80.000000000000,0.700000000000,0.000000000000,0.000000000000,-26.358633324984,-38.330881402376,0.000000000000,51.445872306824,26.953613281250,14.878119468689,9.614139556885
2373,0.053809523810,69,80.000000000000,0.700000000000,0.000000000000,0.000000000000,-26.358633324984,-36.507223412874,0.000000000000,72.949760437012,35.308815002441,24.312904357910,13.328041076660
2374,0.053832199546,69,80.000000000000,0.700000000000,0.000000000000,0.000000000000,-26.358633324984,-35.428077027682,0.000000000000,94.909837722778,39.728649139404,32.967620849609,22.213567733765
2375,0.053854875283,69,80.000000000000,0.700000000000,0.000000000000,0.000000000000,-26.358633324984,-34.600281045321,0.000000000000,109.038877487183,41.108673095703,37.937599182129,29.992605209351
2376,0.053877551020,69,80.000000000000,0.700000000000,0.000000000000,0.000000000000,-26.358633324984,-33.849677369478,0.000000000000,119.580730438232,41.319789886475,41.054138183594,37.206802368164
2377,0.053900226757,69,80.000000000000,0.700000000000,0.000000000000,0.000000000000,-26.358633324984,-33.145735070589,0.000000000000,119.187793731689,39.847583770752,40.181312561035,39.158897399902
2378,0.053922902494,69,80.000000000000,0.700000000000,0.000000000000,0.000000000000,-26.358633324984,-32.442557618502,0.000000000000,121.650180816650,40.492267608643,41.033714294434,40.124198913574
2379,0.053945578231,69,80.000000000000,0.700000000000,0.000000000000,0.000000000000,-26.358633324984,-31.926057145479,0.000000000000,120.732685089111,38.152404785156,40.682479858398,41.897800445557
2380,0.053968253968,69,80.000000000000,0.700000000000,0.000000000000,0.000000000000,-26.358633324984,-30.949702546480,0.000000000000,114.055942535400,36.390594482422,37.577274322510,40.088073730469
2381,0.053990929705,69,80.000000000000,0.700000000000,0.000000000000,0.000000000000,-26.358633324984,-31.369079873446,0.000000000000,113.442131042480,38.213424682617,37.144393920898,38.084312438965
2382,0.054013605442,69,80.000000000000,0.700000000000,0.000000000000,0.000000000000,-26.358633324984,-28.981951997164,0.000000000000,112.864078521729,38.443325042725,38.445693969727,35.975059509277
2383,0.054036281179,69,80.000000000000,0.700000000000,0.000000000000,0.000000000000,-26.358633324984,-30.703964517000,0.000000000000,118.495353698730,34.962478637695,40.620040893555,42.912834167480
2384,0.054058956916,69,80.000000000000,0.700000000000,0.000000000000,0.000000000000,-26.358633324984,-29.501121804598,0.000000000000,93.873685836792,27.165273666382,32.033416748047,34.674995422363
2385,0.054081632653,69,80.000000000000,0.700000000000,0.000000000000,0.000000000000,-26.358633324984,-27.166225716952,0.000000000000,101.897480010986,26.767097473145,34.770141601562,40.360240936279
2386,0.054104308390,69,80.000000000000,0.700000000000,0.000000000000,0.000000000000,-26.358633324984,-28.101194665316,0.000000000000,67.943080902100,15.643329620361,20.689451217651,31.610300064087
2387,0.054126984127,69,80.000000000000,0.700000000000,0.000000000000,0.000000000000,-26.358633324984,-29.874955460909,0.000000000000,63.100372314453,23.401908874512,20.004436492920,19.694026947021
2388,0.054149659864,69,80.000000000000,0.700000000000,0.000000000000,0.000000000000,-26.358633324984,-29.297477052096,0.000000000000,71.410480499268,20.243978500366,25.790126800537,25.376375198364
2389,0.054172335601,69,80.000000000000,0.700000000000,0.000000000000,0.000000000000,-26.358633324984,-26.620440766695,0.000000000000,56.595832824707,12.466133117676,17.828414916992,26.301284790039
2390,0.054195011338,69,80.000000000000,0.700000000000,0.000000000000,0.000000000000,-26.358633324984,-23.611102387789,0.000000000000,44.400148391724,17.519796371460,11.541170120239,15.339181900024
2391,0.054217687075,69,80.000000000000,0.700000000000,0.000000000000,0.000000000000,-26.358633324984,-21.361269280794,0.000000000000,54.003426551819,24.647417068481,18.077121734619,11.278887748718
2392,0.054240362812,69,80.000000000000,0.700000000000,0.000000000000,0.000000000000,-26.358633324984,-20.015152261141,0.000000000000,65.100448608398,20.993000030518,25.414211273193,18.693237304688
2393,0.054263038549,69,80.000000000000,0.700000000000,0.000000000000,0.000000000000,-26.358633324984,-19.309059426668,0.000000000000,58.262287139893,9.214557647705,22.806266784668,26.241462707520
2394,0.054285714286,69,80.000000000000,0.700000000000,0.000000000000,0.000000000000,-26.358633324984,-18.965187356356,0.000000000000,32.883449077606,-2.253483295441,12.000488281250,23.136444091797
2395,0.054308390023,69,80.000000000000,0.700000000000,0.000000000000,0.000000000000,-26.358633324984,-18.805927560213,0.000000000000,10.287062168121,-9.068792343140,2.087692737579,17.268161773682
2396,0.054331065760,69,80.000000000000,0.700000000000,0.000000000000,0.000000000000,-26.358633324984,-18.738873765352,0.000000000000,-21.375722885132,-13.492847442627,-8.964028358459,1.081152915955
2397,0.054353741497,69,80.000000000000,0.700000000000,0.000000000000,0.000000000000,-26.358633324984,-18.718033120516,0.000000000000,-21.254219651222,-11.928681373596,-8.032724380493,-1.292813897133
2398,0.054376417234,69,80.000000000000,0.700000000000,0.000000000000,0.000000000000,-26.358633324984,-18.739344880465,0.000000000000,-42.772199630737,-17.269903182983,-16.082431793213,-9.419864654541
2399,0.054399092971,69,80.000000000000,0.700000000000,0.000000000000,0.000000000000,-26.358633324984,-18.703455254915,0.000000000000,-42.896891593933,-11.561162948608,-14.693531990051,-16.642196655273
2400,0.054421768707,69,80.000000000000,0.700000000000,0.000000000000,0.000000000000,-26.358633324984,-18.989012048128,0.000000000000,-35.920145034790,-14.055132865906,-10.574511528015,-11.290500640869
2401,0.054444444444,69,80.000000000000,0.700000000000,0.000000000000,0.000000000000,-26.358633324984,-18.331108376864,0.000000000000,-43.630401611328,-17.498588562012,-15.700314521790,-10.431498527527
2402,0.054467120181,69,80.000000000000,0.700000000000,0.000000000000,0.000000000000,-26.358633324984,-19.748117730501,0.000000000000,-49.457473754883,-12.836811065674,-18.487445831299,-18.133216857910
2403,0.054489795918,69,80.000000000000,0.700000000000,0.000000000000,0.000000000000,-26.358633324984,-18.530338570955,0.000000000000,-40.201392173767,-9.495086669922,-12.413918495178,-18.292387008667
2404,0.054512471655,69,80.000000000000,0.700000000000,0.000000000000,0.000000000000,-26.358633324984,-17.862770364168,0.000000000000,-37.934153556824,-15.468344688416,-9.257138252258,-13.208670616150
2405,0.054535147392,69,80.000000000000,0.700000000000,0.000000000000,0.000000000000,-26.358633324984,-20.195676133516,0.000000000000,-44.720545768738,-25.432180404663,-12.200519561768,-7.087845802307
2406,0.054557823129,69,80.000000000000,0.700000000000,0.000000000000,0.000000000000,-26.358633324984,-21.658767983797,0.000000000000,-72.094803810120,-36.307441711426,-24.069393157959,-11.717968940735
2407,0.054580498866,69,80.000000000000,0.700000000000,0.000000000000,0.000000000000,-26.358633324984,-19.212564751986,0.000000000000,-92.890558242798,-39.270786285400,-32.279899597168,-21.339872360229
2408,0.054603174603,69,80.000000000000,0.700000000000,0.000000000000,0.000000000000,-26.358633324984,-14.157788560274,0.000000000000,-108.498809814453,-42.619941711426,-37.255867004395,-28.623001098633
2409,0.054625850340,69,80.000000000000,0.700000000000,0.000000000000,0.000000000000,-26.358633324984,-9.327621743563,0.000000000000,-122.764671325684,-44.839241027832,-42.450527191162,-35.474903106689
2410,0.054648526077,69,80.000000000000,0.700000000000,0.000000000000,0.000000000000,-26.358633324984,-6.293415353182,0.000000000000,-128.828636169434,-42.664138793945,-44.489524841309,-41.674972534180
2411,0.054671201814,69,80.000000000000,0.700000000000,0.000000000000,0.000000000000,-26.358633324984,-5.079851434115,0.000000000000,-126.420803070068,-40.078445434570,-42.467990875244,-43.874366760254
2412,0.054693877551,69,80.000000000000,0.700000000000,0.000000000000,0.000000000000,-26.358633324984,-5.057335183504,0.000000000000,-123.191757202148,-40.633300781250,-40.206405639648,-42.352050781250
2413,0.054716553288,69,80.000000000000,0.700000000000,0.000000000000,0.000000000000,-26.358633324984,-5.632492349032,0.000000000000,-123.998409271240,-43.507823944092,-40.445274353027,-40.045310974121
2414,0.054739229025,69,80.000000000000,0.700000000000,0.000000000000,0.000000000000,-26.358633324984,-6.453449532870,0.000000000000,-130.674144744873,-46.469955444336,-43.126964569092,-41.077224731445
2415,0.054761904762,69,80.000000000000,0.700000000000,0.000000000000,0.000000000000,-26.358633324984,-7.361761376742,0.000000000000,-133.883247375488,-48.076606750488,-45.138618469238,-40.668022155762
2416,0.054784580499,69,80.000000000000,0.700000000000,0.000000000000,0.000000000000,-26.358633324984,-8.293970391634,0.000000000000,-147.159244537354,-49.230594635010,-49.377365112305,-48.551284790039
2417,0.054807256236,69,80.000000000000,0.700000000000,0.000000000000,0.000000000000,-26.358633324984,-9.253616616610,0.000000000000,-134.583877563477,-47.076667785645,-45.172393798828,-42.334815979004
2418,0.054829931973,69,80.000000000000,0.700000000000,0.000000000000,0.000000000000,-26.358633324984,-10.115225121859,0.000000000000,-156.846492767334,-51.112785339355,-53.620029449463,-52.113677978516
2419,0.054852607710,69,80.000000000000,0.700000000000,0.000000000000,0.000000000000,-26.358633324984,-11.358792588595,0.000000000000,-136.440952301025,-41.902740478516,-44.461048126221,-50.077163696289
2420,0.054875283447,69,80.000000000000,0.700000000000,0.000000000000,0.000000000000,-26.358633324984,-11.284817025545,0.000000000000,-136.732982635498,-49.531452178955,-45.167076110840,-42.034454345703
2421,0.054897959184,69,80.000000000000,0.700000000000,0.000000000000,0.000000000000,-26.358633324984,-14.638348863009,0.000000000000,-148.216979980469,-46.605747222900,-52.044338226318,-49.566894531250
2422,0.054920634921,69,80.000000000000,0.700000000000,0.000000000000,0.000000000000,-26.358633324984,-11.270572945955,0.000000000000,-135.355625152588,-37.769035339355,-44.709079742432,-52.877510070801
2423,0.054943310658,69,80.000000000000,0.700000000000,0.000000000000,0.000000000000,-26.358633324984,-16.255696580294,0.000000000000,-120.634849548340,-41.166419982910,-36.969581604004,-42.498847961426
2424,0.054965986395,69,80.000000000000,0.700000000000,0.000000000000,0.000000000000,-26.358633324984,-15.725111291292,0.000000000000,-126.322620391846,-47.710880279541,-41.833061218262,-36.778678894043
2425,0.054988662132,69,80.000000000000,0.700000000000,0.000000000000,0.000000000000,-26.358633324984,-13.883150384310,0.000000000000,-135.083377838135,-43.957382202148,-48.590541839600,-42.535453796387
2426,0.055011337868,69,80.000000000000,0.700000000000,0.000000000000,0.000000000000,-26.358633324984,-16.544262215975,0.000000000000,-127.180683135986,-31.860046386719,-46.146091461182,-49.174545288086
2427,0.055034013605,69,80.000000000000,0.700000000000,0.000000000000,0.000000000000,-26.358633324984,-18.799456403139,0.000000000000,-102.890672683716,-19.267408370972,-35.561191558838,-48.062072753906
2428,0.055056689342,69,80.000000000000,0.700000000000,0.000000000000,0.000000000000,-26.358633324984,-16.410565659884,0.000000000000,-72.494758605957,-10.753625869751,-23.040525436401,-38.700607299805
2429,0.055079365079,69,80.000000000000,0.700000000000,0.000000000000,0.000000000000,-26.358633324984,-11.130607888582,0.000000000000,-47.367966175079,-6.661919116974,-13.914012908936,-26.792034149170
2430,0.055102040816,69,80.000000000000,0.700000000000,0.000000000000,0.000000000000,-26.358633324984,-6.555254266146,0.000000000000,-30.193434715271,-4.301090240479,-8.626088142395,-17.266256332397
2431,0.055124716553,69,80.000000000000,0.700000000000,0.000000000000,0.000000000000,-26.358633324984,-3.814670846346,0.000000000000,-18.621024131775,-2.483810424805,-5.257147789001,-10.880065917969
2432,0.055147392290,69,80.000000000000,0.700000000000,0.000000000000,0.000000000000,-26.358633324984,-2.515728280428,0.000000000000,-11.177643775940,-1.646072387695,-2.973087310791,-6.558484077454
2433,0.055170068027,69,80.000000000000,0.700000000000,0.000000000000,0.000000000000,-26.358633324984,-2.019007012728,0.000000000000,-7.331707000732,-1.804816246033,-1.877511978149,-3.649378776550
2434,0.055192743764,69,80.000000000000,0.700000000000,0.000000000000,0.000000000000,-26.358633324984,-1.897352502230,0.000000000000,-6.557934761047,-2.321417808533,-1.865730285645,-2.370786666870
2435,0.055215419501,69,80.000000000000,0.700000000000,0.000000000000,0.000000000000,-26.358633324984,-1.934070870760,0.000000000000,-6.342830657959,-2.601441383362,-2.127006530762,-1.614382743835
2436,0.055238095238,69,80.000000000000,0.700000000000,0.000000000000,0.000000000000,-26.358633324984,-2.028120324495,0.000000000000,-8.309363365173,-2.631737709045,-2.840983390808,-2.836642265320
2437,0.055260770975,69,80.000000000000,0.700000000000,0.000000000000,0.000000000000,-26.358633324984,-2.149196908358,0.000000000000,-5.366556167603,-1.959001541138,-1.914786338806,-1.492768287659
2438,0.055283446712,69,80.000000000000,0.700000000000,0.000000000000,0.000000000000,-26.358633324984,-2.203018472078,0.000000000000,-9.128348350525,-2.323201179504,-3.341335296631,-3.463811874390
2439,0.055306122449,69,80.000000000000,0.700000000000,0.000000000000,0.000000000000,-26.358633324984,-2.548780724886,0.000000000000,-3.240884780884,-0.032090187073,-0.862713813782,-2.346080780029
2440,0.055328798186,69,80.000000000000,0.700000000000,0.000000000000,0.000000000000,-26.358633324984,-1.674429223421,0.000000000000,-3.811574935913,-1.703758239746,-1.250100135803,-0.857716560364
2441,0.055351473923,69,80.000000000000,0.700000000000,0.000000000000,0.000000000000,-26.358633324984,-4.817674920443,0.000000000000,-4.540102005005,-0.180606842041,-2.089391708374,-2.270103454590
2442,0.055374149660,69,80.000000000000,0.700000000000,0.020568075246,0.000030510201,-26.358788790405,2.690999701139,0.035903425732,0.614352226257,2.162028312683,0.385898590088,-1.933574676514
2443,0.055396825397,69,80.000000000000,0.700000000000,0.100888567561,0.000000000000,-26.359551364612,-10.867171511329,0.000000000000,3.107268333435,0.855875968933,1.913876533508,0.337515830994
2444,0.055419501134,69,80.000000000000,0.700000000000,0.028967006651,0.000035408014,-26.359770314020,3.122986858655,0.038678011879,2.326908111572,-0.846686363220,0.815917015076,2.357677459717
2445,0.055442176871,69,80.000000000000,0.700000000000,0.230382495276,0.000057518863,-26.361511678308,-1.159764222798,0.049296774463,-1.890593528748,0.105575561523,-1.655715942383,-0.340453147888
2446,0.055464852608,69,80.000000000000,0.700000000000,0.049332309743,0.000000000000,-26.361884560467,-12.950064952491,0.000000000000,4.419516563416,4.648678779602,0.626605987549,-0.855768203735
2447,0.055487528345,69,80.000000000000,0.700000000000,0.000000000000,0.000000000000,-26.361884560467,-4.529904808880,0.000000000000,9.807336807251,7.049990653992,2.712523460388,0.044822692871
2448,0.055510204082,69,80.000000000000,0.700000000000,0.144779556709,0.000071273688,-26.362978888182,6.286339316486,0.054875434711,18.091704368591,11.152172088623,5.903829574585,1.035702705383
2449,0.055532879819,69,80.000000000000,0.700000000000,1.166435662882,0.000118033164,-26.371795484274,-2.096949805725,0.070617994622,30.085120201111,13.728447914124,11.061205863953,5.295466423035
2450,0.055555555556,69,80.000000000000,0.700000000000,0.283343239261,0.000000000000,-26.373937156528,-24.163397487181,0.000000000000,35.461917877197,11.873422622681,13.004352569580,10.584142684937
2451,0.055578231293,69,80.000000000000,0.700000000000,0.000000000000,0.000000000000,-26.373937156528,-45.350854423374,0.000000000000,33.926817893982,10.611146926880,11.173752784729,12.141918182373
2452,0.055600907029,69,80.000000000000,0.700000000000,0.000000000000,0.000000000000,-26.373937156528,-58.850507285923,0.000000000000,34.285403251648,13.443377494812,10.285001754761,10.557024002075
2453,0.055623582766,69,80.000000000000,0.700000000000,0.000000000000,0.000000000000,-26.373937156528,-65.318872001499,0.000000000000,41.263844490051,18.422773361206,12.900228500366,9.940842628479
2454,0.055646258503,69,80.000000000000,0.700000000000,0.000000000000,0.000000000000,-26.373937156528,-67.733495261997,0.000000000000,52.284603118896,22.473524093628,17.493501663208,12.317577362061
2455,0.055668934240,69,80.000000000000,0.700000000000,0.000000000000,0.000000000000,-26.373937156528,-68.358418968052,0.000000000000,62.678857803345,24.459611892700,21.581726074219,16.637519836426
2456,0.055691609977,69,80.000000000000,0.700000000000,0.000000000000,0.000000000000,-26.373937156528,-68.333516624302,0.000000000000,69.298048019409,24.800083160400,23.889337539673,20.608627319336
2457,0.055714285714,69,80.000000000000,0.700000000000,0.000000000000,0.000000000000,-26.373937156528,-68.101266410679,0.000000000000,72.468332290649,24.343532562256,24.740400314331,23.384399414062
2458,0.055736961451,69,80.000000000000,0.700000000000,0.000000000000,0.000000000000,-26.373937156528,-67.778546836704,0.000000000000,72.257089614868,23.448772430420,24.378549575806,24.429767608643
2459,0.055759637188,69,80.000000000000,0.700000000000,0.000000000000,0.000000000000,-26.373937156528,-67.487515952915,0.000000000000,70.946720123291,22.727443695068,23.807870864868,24.411405563354
2460,0.055782312925,69,80.000000000000,0.700000000000,0.000000000000,0.000000000000,-26.373937156528,-66.828069236606,0.000000000000,68.953952789307,21.717439651489,23.084041595459,24.152471542358
2461,0.055804988662,69,80.000000000000,0.700000000000,0.000000000000,0.000000000000,-26.373937156528,-67.393907096714,0.000000000000,66.031480789185,20.721002578735,21.900787353516,23.409690856934
2462,0.055827664399,69,80.000000000000,0.700000000000,0.000000000000,0.000000000000,-26.373937156528,-64.045465019077,0.000000000000,62.974676132202,20.263687133789,21.029392242432,21.681596755981
2463,0.055850340136,69,80.000000000000,0.700000000000,0.000000000000,0.000000000000,-26.373937156528,-70.216039207309,0.000000000000,63.171920776367,19.405735015869,21.078258514404,22.687927246094
2464,0.055873015873,69,80.000000000000,0.700000000000,0.000000000000,0.000000000000,-26.373937156528,-59.168454673618,0.000000000000,55.005418777466,17.557392120361,18.595375061035,18.852651596069
2465,0.055895691610,69,80.000000000000,0.700000000000,0.000000000000,0.000000000000,-26.373937156528,-67.798379447788,0.000000000000,61.243436813354,17.762403488159,20.292930603027,23.188102722168
2466,0.055918367347,69,80.000000000000,0.700000000000,0.000000000000,0.000000000000,-26.373937156528,-67.960996177524,0.000000000000,44.437449455261,14.813017845154,13.868793487549,15.755638122559
2467,0.055941043084,69,80.000000000000,0.700000000000,0.000000000000,0.000000000000,-26.373937156528,-57.686717536777,0.000000000000,56.295377731323,20.197044372559,19.439449310303,16.658884048462
2468,0.055963718821,69,80.000000000000,0.700000000000,0.000000000000,0.000000000000,-26.373937156528,-58.574170616001,0.000000000000,54.385887145996,14.854198455811,18.198625564575,21.333063125610
2469,0.055986394558,69,80.000000000000,0.700000000000,0.000000000000,0.000000000000,-26.373937156528,-66.516706016391,0.000000000000,45.793506622314,16.728015899658,13.709529876709,15.355960845947
2470,0.056009070295,69,80.000000000000,0.700000000000,0.000000000000,0.000000000000,-26.373937156528,-67.563283470005,0.000000000000,51.685940742493,20.004051208496,18.248161315918,13.433728218079
2471,0.056031746032,69,80.000000000000,0.700000000000,0.000000000000,0.000000000000,-26.373937156528,-59.774770286411,0.000000000000,56.534213066101,15.121333122253,21.139976501465,20.272903442383
2472,0.056054421769,69,80.000000000000,0.700000000000,0.000000000000,0.000000000000,-26.373937156528,-50.070191886753,0.000000000000,48.416501998901,10.897888183594,15.459753036499,22.058860778809
2473,0.056077097506,69,80.000000000000,0.700000000000,0.000000000000,0.000000000000,-26.373937156528,-42.940084007114,0.000000000000,40.657013893127,15.180086135864,10.185361862183,15.291565895081
2474,0.056099773243,69,80.000000000000,0.700000000000,0.000000000000,0.000000000000,-26.373937156528,-38.895528343052,0.000000000000,48.400748252869,25.132574081421,13.314947128296,9.953227043152
2475,0.056122448980,69,80.000000000000,0.700000000000,0.000000000000,0.000000000000,-26.373937156528,-36.809649970859,0.000000000000,67.722482681274,33.951919555664,22.075878143311,11.694684982300
2476,0.056145124717,69,80.000000000000,0.700000000000,0.000000000000,0.000000000000,-26.373937156528,-35.620443847507,0.000000000000,89.870168685913,39.027019500732,31.131385803223,19.711763381958
2477,0.056167800454,69,80.000000000000,0.700000000000,0.000000000000,0.000000000000,-26.373937156528,-34.755435493320,0.000000000000,105.223903656006,40.842758178711,36.774215698242,27.606929779053
2478,0.056190476190,69,80.000000000000,0.700000000000,0.000000000000,0.000000000000,-26.373937156528,-33.992133643955,0.000000000000,117.493621826172,41.334518432617,40.591712951660,35.567390441895
2479,0.056213151927,69,80.000000000000,0.700000000000,0.000000000000,0.000000000000,-26.373937156528,-33.283974197239,0.000000000000,118.510486602783,39.882766723633,40.105392456055,38.522327423096
2480,0.056235827664,69,80.000000000000,0.700000000000,0.000000000000,0.000000000000,-26.373937156528,-32.566225555271,0.000000000000,121.058628082275,40.548213958740,40.886402130127,39.624011993408
2481,0.056258503401,69,80.000000000000,0.700000000000,0.000000000000,0.000000000000,-26.373937156528,-32.068811920017,0.000000000000,121.179275512695,38.473941802979,40.970565795898,41.734767913818
2482,0.056281179138,69,80.000000000000,0.700000000000,0.000000000000,0.000000000000,-26.373937156528,-31.028257873386,0.000000000000,114.912338256836,36.393074035645,37.987972259521,40.531291961670
2483,0.056303854875,69,80.000000000000,0.700000000000,0.000000000000,0.000000000000,-26.373937156528,-31.527495887607,0.000000000000,113.678096771240,37.949180603027,37.052886962891,38.676029205322
2484,0.056326530612,69,80.000000000000,0.700000000000,0.000000000000,0.000000000000,-26.373937156528,-29.106831100315,0.000000000000,111.969680786133,38.602813720703,37.969257354736,35.397609710693
2485,0.056349206349,69,80.000000000000,0.700000000000,0.000000000000,0.000000000000,-26.373937156528,-30.636885192722,0.000000000000,119.801906585693,35.876956939697,41.129646301270,42.795303344727
2486,0.056371882086,69,80.000000000000,0.700000000000,0.000000000000,0.000000000000,-26.373937156528,-29.810155418247,0.000000000000,95.888004302979,27.981220245361,32.796363830566,35.110420227051
2487,0.056394557823,69,80.000000000000,0.700000000000,0.000000000000,0.000000000000,-26.373937156528,-27.364968803257,0.000000000000,104.109869003296,27.699991226196,35.876708984375,40.533168792725
2488,0.056417233560,69,80.000000000000,0.700000000000,0.000000000000,0.000000000000,-26.373937156528,-27.893153694004,0.000000000000,73.243864059448,16.189653396606,22.621379852295,34.432830810547
2489,0.056439909297,69,80.000000000000,0.700000000000,0.000000000000,0.000000000000,-26.373937156528,-29.732104804844,0.000000000000,63.484348297119,22.839927673340,19.597467422485,21.046953201294
2490,0.056462585034,69,80.000000000000,0.700000000000,0.000000000000,0.000000000000,-26.373937156528,-29.559340026706,0.000000000000,71.337865829468,21.106227874756,25.779335021973,24.452302932739
2491,0.056485260771,69,80.000000000000,0.700000000000,0.000000000000,0.000000000000,-26.373937156528,-27.151769187778,0.000000000000,59.761310577393,12.906261444092,19.471149444580,27.383899688721
2492,0.056507936508,69,80.000000000000,0.700000000000,0.000000000000,0.000000000000,-26.373937156528,-24.140663650364,0.000000000000,45.891590118408,16.447029113770,11.808984756470,17.635576248169
2493,0.056530612245,69,80.000000000000,0.700000000000,0.000000000000,0.000000000000,-26.373937156528,-21.748277213901,0.000000000000,51.540191650391,24.001544952393,16.402151107788,11.136495590210
2494,0.056553287982,69,80.000000000000,0.700000000000,0.000000000000,0.000000000000,-26.373937156528,-20.254487541050,0.000000000000,63.287410736084,22.185356140137,24.540378570557,16.561676025391
2495,0.056575963719,69,80.000000000000,0.700000000000,0.000000000000,0.000000000000,-26.373937156528,-19.447346237034,0.000000000000,60.649263381958,11.347148895264,24.105602264404,25.196512222290
2496,0.056598639456,69,80.000000000000,0.700000000000,0.000000000000,0.000000000000,-26.373937156528,-19.046632316440,0.000000000000,38.150748729706,-0.430758953094,14.446757316589,24.134750366211
2497,0.056621315193,69,80.000000000000,0.700000000000,0.000000000000,0.000000000000,-26.373937156528,-18.858182456821,0.000000000000,17.048580646515,-7.901388645172,4.683476448059,20.266492843628
2498,0.056643990930,69,80.000000000000,0.700000000000,0.000000000000,0.000000000000,-26.373937156528,-18.776496436924,0.000000000000,-16.414902687073,-13.082097053528,-7.448641777039,4.115836143494
2499,0.056666666667,69,80.000000000000,0.700000000000,0.000000000000,0.000000000000,-26.373937156528,-18.746700790256,0.000000000000,-18.421354532242,-11.615799903870,-7.182372093201,0.376817464828
2500,0.056689342404,69,80.000000000000,0.700000000000,0.000000000000,0.000000000000,-26.373937156528,-18.768118408054,0.000000000000,-39.305346488953,-17.136163711548,-15.099414825439,-7.069767951965
2501,0.056712018141,69,80.000000000000,0.700000000000,0.000000000000,0.000000000000,-26.373937156528,-18.711501624912,0.000000000000,-43.113196372986,-11.936757087708,-15.215597152710,-15.960842132568
2502,0.056734693878,69,80.000000000000,0.700000000000,0.000000000000,0.000000000000,-26.373937156528,-19.039711501926,0.000000000000,-36.302379608154,-13.533075332642,-10.609897613525,-12.159406661987
2503,0.056757369615,69,80.000000000000,0.700000000000,0.000000000000,0.000000000000,-26.373937156528,-18.314735915989,0.000000000000,-41.847782135010,-17.447662353516,-14.728266716003,-9.671853065491
2504,0.056780045351,69,80.000000000000,0.700000000000,0.000000000000,0.000000000000,-26.373937156528,-19.722535636753,0.000000000000,-49.019211769104,-13.559699058533,-18.641111373901,-16.818401336670
2505,0.056802721088,69,80.000000000000,0.700000000000,0.000000000000,0.000000000000,-26.373937156528,-18.732769992679,0.000000000000,-41.897751808167,-9.501755714417,-13.594772338867,-18.801223754883
2506,0.056825396825,69,80.000000000000,0.700000000000,0.000000000000,0.000000000000,-26.373937156528,-17.791412856907,0.000000000000,-38.366055488586,-14.085337638855,-9.476103782654,-14.804614067078
2507,0.056848072562,69,80.000000000000,0.700000000000,0.000000000000,0.000000000000,-26.373937156528,-19.862006690830,0.000000000000,-41.729418754578,-23.457225799561,-10.637114524841,-7.635078430176
2508,0.056870748299,69,80.000000000000,0.700000000000,0.000000000000,0.000000000000,-26.373937156528,-21.692799117893,0.000000000000,-66.247328758240,-34.801944732666,-21.570062637329,-9.875321388245
2509,0.056893424036,69,80.000000000000,0.700000000000,0.000000000000,0.000000000000,-26.373937156528,-19.871594455570,0.000000000000,-87.805309295654,-38.556198120117,-30.483325958252,-18.765785217285
2510,0.056916099773,69,80.000000000000,0.700000000000,0.000000000000,0.000000000000,-26.373937156528,-15.114044692844,0.000000000000,-104.259059906006,-41.995666503906,-35.892158508301,-26.371234893799
2511,0.056938775510,69,80.000000000000,0.700000000000,0.000000000000,0.000000000000,-26.373937156528,-10.151420142978,0.000000000000,-119.450466156006,-44.672111511230,-41.399677276611,-33.378677368164
2512,0.056961451247,69,80.000000000000,0.700000000000,0.000000000000,0.000000000000,-26.373937156528,-6.792336967319,0.000000000000,-127.457675933838,-43.009765625000,-44.276329040527,-40.171581268311
2513,0.056984126984,69,80.000000000000,0.700000000000,0.000000000000,0.000000000000,-26.373937156528,-5.283994224399,0.000000000000,-126.641082763672,-40.262924194336,-42.875762939453,-43.502395629883
2514,0.057006802721,69,80.000000000000,0.700000000000,0.000000000000,0.000000000000,-26.373937156528,-5.075963523716,0.000000000000,-123.541385650635,-40.309684753418,-40.452186584473,-42.779514312744
2515,0.057029478458,69,80.000000000000,0.700000000000,0.000000000000,0.000000000000,-26.373937156528,-5.558848884433,0.000000000000,-123.263462066650,-42.903476715088,-40.107776641846,-40.252208709717
2516,0.057052154195,69,80.000000000000,0.700000000000,0.000000000000,0.000000000000,-26.373937156528,-6.340995338291,0.000000000000,-129.407112121582,-45.938461303711,-42.500637054443,-40.968013763428
2517,0.057074829932,69,80.000000000000,0.700000000000,0.000000000000,0.000000000000,-26.373937156528,-7.234780814975,0.000000000000,-131.673469543457,-47.713916778564,-44.317951202393,-39.641601562500
2518,0.057097505669,69,80.000000000000,0.700000000000,0.000000000000,0.000000000000,-26.373937156528,-8.159936454624,0.000000000000,-146.341499328613,-49.190650939941,-49.151565551758,-47.999282836914
2519,0.057120181406,69,80.000000000000,0.700000000000,0.000000000000,0.000000000000,-26.373937156528,-9.123164680332,0.000000000000,-133.538414001465,-46.889251708984,-44.727767944336,-41.921394348145
2520,0.057142857143,69,80.000000000000,0.700000000000,0.000000000000,0.000000000000,-26.373937156528,-9.961713340610,0.000000000000,-155.450878143311,-51.346973419189,-53.372406005859,-50.731498718262
2521,0.057165532880,69,80.000000000000,0.700000000000,0.000000000000,0.000000000000,-26.373937156528,-11.271619346470,0.000000000000,-138.874374389648,-42.181800842285,-45.480354309082,-51.212219238281
2522,0.057188208617,69,80.000000000000,0.700000000000,0.000000000000,0.000000000000,-26.373937156528,-11.055432823032,0.000000000000,-135.633689880371,-48.905929565430,-44.359329223633,-42.368431091309
2523,0.057210884354,69,80.000000000000,0.700000000000,0.000000000000,0.000000000000,-26.373937156528,-14.588141944736,0.000000000000,-147.156265258789,-47.479759216309,-51.753578186035,-47.922927856445
2524,0.057233560091,69,80.000000000000,0.700000000000,0.000000000000,0.000000000000,-26.373937156528,-11.252374198765,0.000000000000,-138.164142608643,-38.406558990479,-46.353073120117,-53.404510498047
2525,0.057256235828,69,80.000000000000,0.700000000000,0.000000000000,0.000000000000,-26.373937156528,-15.804615524143,0.000000000000,-122.661643981934,-40.286613464355,-37.558135986328,-44.816894531250
2526,0.057278911565,69,80.000000000000,0.700000000000,0.000000000000,0.000000000000,-26.373937156528,-15.926122215122,0.000000000000,-124.592739105225,-47.109706878662,-40.423072814941,-37.059959411621
2527,0.057301587302,69,80.000000000000,0.700000000000,0.000000000000,0.000000000000,-26.373937156528,-13.912156608433,0.000000000000,-133.686321258545,-45.146743774414,-47.757087707520,-40.782489776611
2528,0.057324263039,69,80.000000000000,0.700000000000,0.000000000000,0.000000000000,-26.373937156528,-16.121234443516,0.000000000000,-129.446575164795,-34.075046539307,-47.363403320312,-48.008125305176
2529,0.057346938776,69,80.000000000000,0.700000000000,0.000000000000,0.000000000000,-26.373937156528,-18.662217643589,0.000000000000,-108.684719085693,-21.309070587158,-38.209739685059,-49.165908813477
2530,0.057369614512,69,80.000000000000,0.700000000000,0.000000000000,0.000000000000,-26.373937156528,-17.075912978977,0.000000000000,-79.423849105835,-12.044363021851,-25.738529205322,-41.640956878662
2531,0.057392290249,69,80.000000000000,0.700000000000,0.000000000000,0.000000000000,-26.373937156528,-12.095283058017,0.000000000000,-53.182900905609,-7.329863071442,-15.811530113220,-30.041507720947
2532,0.057414965986,69,80.000000000000,0.700000000000,0.000000000000,0.000000000000,-26.373937156528,-7.335198905796,0.000000000000,-34.310708999634,-4.716269493103,-9.782734870911,-19.811704635620
2533,0.057437641723,69,80.000000000000,0.700000000000,0.000000000000,0.000000000000,-26.373937156528,-4.290723350376,0.000000000000,-21.389904975891,-2.755787849426,-6.004735946655,-12.629381179810
2534,0.057460317460,69,80.000000000000,0.700000000000,0.000000000000,0.000000000000,-26.373937156528,-2.766576316684,0.000000000000,-12.914612770081,-1.734377861023,-3.433501243591,-7.746733665466
2535,0.057482993197,69,80.000000000000,0.700000000000,0.000000000000,0.000000000000,-26.373937156528,-2.146010902256,0.000000000000,-8.173160552979,-1.752176284790,-2.054550170898,-4.366434097290
2536,0.057505668934,69,80.000000000000,0.700000000000,0.000000000000,0.000000000000,-26.373937156528,-1.966390159458,0.000000000000,-6.831271171570,-2.240637779236,-1.854658126831,-2.735975265503
2537,0.057528344671,69,80.000000000000,0.700000000000,0.000000000000,0.000000000000,-26.373937156528,-1.978881385654,0.000000000000,-6.179499626160,-2.560506820679,-2.014002799988,-1.604990005493
2538,0.057551020408,69,80.000000000000,0.700000000000,0.000000000000,0.000000000000,-26.373937156528,-2.063218620151,0.000000000000,-8.333141326904,-2.674970626831,-2.835380554199,-2.822790145874
2539,0.057573696145,69,80.000000000000,0.700000000000,0.000000000000,0.000000000000,-26.373937156528,-2.186460044712,0.000000000000,-5.311091423035,-1.994559288025,-1.875889778137,-1.440642356873
2540,0.057596371882,69,80.000000000000,0.700000000000,0.000000000000,0.000000000000,-26.373937156528,-2.222417381138,0.000000000000,-9.161629676819,-2.466529846191,-3.407109260559,-3.287990570068
2541,0.057619047619,69,80.000000000000,0.700000000000,0.000000000000,0.000000000000,-26.373937156528,-2.638583686680,0.000000000000,-3.970097541809,-0.139352798462,-1.143607139587,-2.687137603760
2542,0.057641723356,69,80.000000000000,0.700000000000,0.000000000000,0.000000000000,-26.373937156528,-1.562743690342,0.000000000000,-3.725858688354,-1.655174255371,-1.130767822266,-0.939916610718
2543,0.057664399093,69,80.000000000000,0.700000000000,0.000000000000,0.000000000000,-26.373937156528,-5.150186088413,0.000000000000,-4.825684547424,-0.514472007751,-2.218255996704,-2.092956542969
2544,0.057687074830,69,80.000000000000,0.700000000000,0.025023421375,0.000033225240,-26.374126298035,2.930466148525,0.037466870441,-0.338680267334,1.999656677246,-0.098607063293,-2.239729881287
2545,0.057709750567,69,80.000000000000,0.700000000000,0.122685472008,0.000000000000,-26.375053625866,-10.634309971472,0.000000000000,2.583876609802,1.109125137329,1.780984878540,-0.306233406067
2546,0.057732426304,69,80.000000000000,0.700000000000,0.009865084221,0.000022167108,-26.375128191884,1.955138940052,0.030603273026,2.794671058655,-0.723852157593,1.201850891113,2.316672325134
2547,0.057755102041,69,80.000000000000,0.700000000000,0.100042548590,0.000045506961,-26.375884371390,0.107878949894,0.043848250688,-1.731001853943,-0.331876754761,-1.534301757812,0.135176658630
2548,0.057777777778,69,80.000000000000,0.700000000000,0.054778621453,0.000000000000,-26.376298419927,-12.348402167544,0.000000000000,3.283163547516,3.975173473358,0.142718315125,-0.834728240967
2549,0.057800453515,69,80.000000000000,0.700000000000,0.000000000000,0.000000000000,-26.376298419927,-6.242120258306,0.000000000000,8.331521034241,6.437612533569,2.090525627136,-0.196617126465
2550,0.057823129252,69,80.000000000000,0.700000000000,0.103976899927,0.000061719212,-26.377084337538,5.443634517695,0.051065024393,15.739912986755,10.478651046753,4.915722846985,0.345539093018
2551,0.057845804989,69,80.000000000000,0.700000000000,1.056689687151,0.000127306288,-26.385071410003,0.387973257541,0.073339557414,27.559203147888,13.546081542969,10.103071212769,3.910050392151
2552,0.057868480726,69,80.000000000000,0.700000000000,0.591657533231,0.000000000000,-26.389543500201,-20.282673614736,0.000000000000,34.391868591309,12.132894515991,12.841709136963,9.417264938354
2553,0.057891156463,69,80.000000000000,0.700000000000,0.000000000000,0.000000000000,-26.389543500201,-41.884448018329,0.000000000000,33.964342117310,10.527303695679,11.474116325378,11.962922096252
2554,0.057913832200,69,80.000000000000,0.700000000000,0.000000000000,0.000000000000,-26.389543500201,-56.728109326617,0.000000000000,33.758937835693,12.751647949219,10.154155731201,10.853134155273
2555,0.057936507937,69,80.000000000000,0.700000000000,0.000000000000,0.000000000000,-26.389543500201,-64.296594586627,0.000000000000,39.387861251831,17.535804748535,12.080358505249,9.771697998047
2556,0.057959183673,69,80.000000000000,0.700000000000,0.000000000000,0.000000000000,-26.389543500201,-67.326753583209,0.000000000000,49.617305755615,21.819021224976,16.403673171997,11.394611358643
2557,0.057981859410,69,80.000000000000,0.700000000000,0.000000000000,0.000000000000,-26.389543500201,-68.221738782184,0.000000000000,60.230021476746,24.152278900146,20.705032348633,15.372710227966
2558,0.058004535147,69,80.000000000000,0.700000000000,0.000000000000,0.000000000000,-26.389543500201,-68.296014752643,0.000000000000,67.640031814575,24.742280960083,23.398952484131,19.498798370361
2559,0.058027210884,69,80.000000000000,0.700000000000,0.000000000000,0.000000000000,-26.389543500201,-68.098569836871,0.000000000000,71.689460754395,24.417558670044,24.589918136597,22.681983947754
2560,0.058049886621,69,80.000000000000,0.700000000000,0.000000000000,0.000000000000,-26.389543500201,-67.784650769488,0.000000000000,72.159376144409,23.562961578369,24.432163238525,24.164251327515
2561,0.058072562358,69,80.000000000000,0.700000000000,0.000000000000,0.000000000000,-26.389543500201,-67.522104230182,0.000000000000,71.152166366577,22.850410461426,23.920497894287,24.381258010864
2562,0.058095238095,69,80.000000000000,0.700000000000,0.000000000000,0.000000000000,-26.389543500201,-66.800889935748,0.000000000000,69.381231307983,21.871313095093,23.269889831543,24.240028381348
2563,0.058117913832,69,80.000000000000,0.700000000000,0.000000000000,0.000000000000,-26.389543500201,-67.558694806354,0.000000000000,66.677618026733,20.834487915039,22.123529434204,23.719600677490
2564,0.058140589569,69,80.000000000000,0.700000000000,0.000000000000,0.000000000000,-26.389543500201,-63.850965466754,0.000000000000,63.268625259399,20.350519180298,21.115806579590,21.802299499512
2565,0.058163265306,69,80.000000000000,0.700000000000,0.000000000000,0.000000000000,-26.389543500201,-70.405256238238,0.000000000000,63.935249328613,19.612741470337,21.307003021240,23.015504837036
2566,0.058185941043,69,80.000000000000,0.700000000000,0.000000000000,0.000000000000,-26.389543500201,-59.584741559283,0.000000000000,55.285301208496,17.709928512573,18.710155487061,18.865217208862
2567,0.058208616780,69,80.000000000000,0.700000000000,0.000000000000,0.000000000000,-26.389543500201,-66.874994244830,0.000000000000,62.134937286377,17.965385437012,20.732559204102,23.436992645264
2568,0.058231292517,69,80.000000000000,0.700000000000,0.000000000000,0.000000000000,-26.389543500201,-68.635084119098,0.000000000000,45.593436241150,14.672868728638,14.125975608826,16.794591903687
2569,0.058253968254,69,80.000000000000,0.700000000000,0.000000000000,0.000000000000,-26.389543500201,-58.676874127643,0.000000000000,54.872886657715,20.035675048828,18.842706680298,15.994504928589
2570,0.058276643991,69,80.000000000000,0.700000000000,0.000000000000,0.000000000000,-26.389543500201,-57.896703686969,0.000000000000,55.251176834106,15.224613189697,18.755870819092,21.270692825317
2571,0.058299319728,69,80.000000000000,0.700000000000,0.000000000000,0.000000000000,-26.389543500201,-65.455079999225,0.000000000000,46.632675170898,16.276376724243,13.849838256836,16.506460189819
2572,0.058321995465,69,80.000000000000,0.700000000000,0.000000000000,0.000000000000,-26.389543500201,-67.931131329791,0.000000000000,50.310151100159,19.987171173096,17.346736907959,12.976243019104
2573,0.058344671202,69,80.000000000000,0.700000000000,0.000000000000,0.000000000000,-26.389543500201,-61.291250195758,0.000000000000,56.078166961670,15.931695938110,21.237970352173,18.908500671387
2574,0.058367346939,69,80.000000000000,0.700000000000,0.000000000000,0.000000000000,-26.389543500201,-51.675180402057,0.000000000000,50.428449630737,11.120988845825,16.790828704834,22.516632080078
2575,0.058390022676,69,80.000000000000,0.700000000000,0.000000000000,0.000000000000,-26.389543500201,-44.065286603229,0.000000000000,41.645444869995,13.975778579712,10.651424407959,17.018241882324
2576,0.058412698413,69,80.000000000000,0.700000000000,0.000000000000,0.000000000000,-26.389543500201,-39.533185925738,0.000000000000,46.150602340698,23.334714889526,12.068093299866,10.747794151306
2577,0.058435374150,69,80.000000000000,0.700000000000,0.000000000000,0.000000000000,-26.389543500201,-37.151663747089,0.000000000000,62.938280105591,32.501567840576,19.915512084961,10.521200180054
2578,0.058458049887,69,80.000000000000,0.700000000000,0.000000000000,0.000000000000,-26.389543500201,-35.829392400043,0.000000000000,84.789535522461,38.220794677734,29.186626434326,17.382114410400
2579,0.058480725624,69,80.000000000000,0.700000000000,0.000000000000,0.000000000000,-26.389543500201,-34.916481938617,0.000000000000,101.087005615234,40.504623413086,35.447273254395,25.135108947754
2580,0.058503401361,69,80.000000000000,0.700000000000,0.000000000000,0.000000000000,-26.389543500201,-34.136649098651,0.000000000000,114.984191894531,41.314643859863,39.987419128418,33.682128906250
2581,0.058526077098,69,80.000000000000,0.700000000000,0.000000000000,0.000000000000,-26.389543500201,-33.424034085528,0.000000000000,117.582180023193,39.912357330322,39.977050781250,37.692771911621
2582,0.058548752834,69,80.000000000000,0.700000000000,0.000000000000,0.000000000000,-26.389543500201,-32.690009084003,0.000000000000,120.324222564697,40.580448150635,40.699752807617,39.044021606445
2583,0.058571428571,69,80.000000000000,0.700000000000,0.000000000000,0.000000000000,-26.389543500201,-32.214872327106,0.000000000000,121.413970947266,38.791107177734,41.185810089111,41.437053680420
2584,0.058594104308,69,80.000000000000,0.700000000000,0.000000000000,0.000000000000,-26.389543500201,-31.107403722064,0.000000000000,115.719238281250,36.448783874512,38.426532745361,40.843921661377
2585,0.058616780045,69,80.000000000000,0.700000000000,0.000000000000,0.000000000000,-26.389543500201,-31.680291142718,0.000000000000,114.133388519287,37.683979034424,37.069725036621,39.379684448242
2586,0.058639455782,69,80.000000000000,0.700000000000,0.000000000000,0.000000000000,-26.389543500201,-29.250363316791,0.000000000000,111.067169189453,38.660453796387,37.451503753662,34.955211639404
2587,0.058662131519,69,80.000000000000,0.700000000000,0.000000000000,0.000000000000,-26.389543500201,-30.561311688678,0.000000000000,120.751850128174,36.715167999268,41.485084533691,42.551597595215
2588,0.058684807256,69,80.000000000000,0.700000000000,0.000000000000,0.000000000000,-26.389543500201,-30.088578191058,0.000000000000,97.762130737305,28.790691375732,33.479625701904,35.491813659668
2589,0.058707482993,69,80.000000000000,0.700000000000,0.000000000000,0.000000000000,-26.389543500201,-27.604496922748,0.000000000000,105.888555526733,28.647592544556,36.840297698975,40.400665283203
2590,0.058730158730,69,80.000000000000,0.700000000000,0.000000000000,0.000000000000,-26.389543500201,-27.724966016070,0.000000000000,78.531690597534,16.864580154419,24.674884796143,36.992225646973
2591,0.058752834467,69,80.000000000000,0.700000000000,0.000000000000,0.000000000000,-26.389543500201,-29.554828610675,0.000000000000,64.666423797607,22.296812057495,19.471450805664,22.898160934448
2592,0.058775510204,69,80.000000000000,0.700000000000,0.000000000000,0.000000000000,-26.389543500201,-29.757111516254,0.000000000000,71.106355667114,21.855516433716,25.569530487061,23.681308746338
2593,0.058798185941,69,80.000000000000,0.700000000000,0.000000000000,0.000000000000,-26.389543500201,-27.651118245380,0.000000000000,62.530628204346,13.498798370361,21.019556045532,28.012273788452
2594,0.058820861678,69,80.000000000000,0.700000000000,0.000000000000,0.000000000000,-26.389543500201,-24.678647961871,0.000000000000,47.952940940857,15.510692596436,12.445902824402,19.996345520020
2595,0.058843537415,69,80.000000000000,0.700000000000,0.000000000000,0.000000000000,-26.389543500201,-22.161259618060,0.000000000000,49.764086723328,23.189289093018,14.939877510071,11.634920120239
2596,0.058866213152,69,80.000000000000,0.700000000000,0.000000000000,0.000000000000,-26.389543500201,-20.518135991351,0.000000000000,61.146501541138,23.106018066406,23.365364074707,14.675119400024
2597,0.058888888889,69,80.000000000000,0.700000000000,0.000000000000,0.000000000000,-26.389543500201,-19.601886716144,0.000000000000,62.136323928833,13.386816024780,24.984699249268,23.764808654785
2598,0.058911564626,69,80.000000000000,0.700000000000,0.000000000000,0.000000000000,-26.389543500201,-19.137303319232,0.000000000000,42.682399749756,1.464040756226,16.689693450928,24.528665542603
2599,0.058934240363,69,80.000000000000,0.700000000000,0.000000000000,0.000000000000,-26.389543500201,-18.915331807391,0.000000000000,23.624562740326,-6.606190681458,7.347914218903,22.882839202881
2600,0.058956916100,69,80.000000000000,0.700000000000,0.000000000000,0.000000000000,-26.389543500201,-18.816860165851,0.000000000000,-11.029510021210,-12.580323219299,-5.724508762360,7.275321960449
2601,0.058979591837,69,80.000000000000,0.700000000000,0.000000000000,0.000000000000,-26.389543500201,-18.776666608111,0.000000000000,-15.350992202759,-11.274409294128,-6.248918533325,2.172335624695
2602,0.059002267574,69,80.000000000000,0.700000000000,0.000000000000,0.000000000000,-26.389543500201,-18.798911061542,0.000000000000,-35.521536350250,-16.940650939941,-13.971437454224,-4.609447956085
2603,0.059024943311,69,80.000000000000,0.700000000000,0.000000000000,0.000000000000,-26.389543500201,-18.718628850238,0.000000000000,-42.693040847778,-12.317580223083,-15.571347236633,-14.804113388062
2604,0.059047619048,69,80.000000000000,0.700000000000,0.000000000000,0.000000000000,-26.389543500201,-19.091499295489,0.000000000000,-36.810105323792,-13.067134857178,-10.798941612244,-12.944028854370
2605,0.059070294785,69,80.000000000000,0.700000000000,0.000000000000,0.000000000000,-26.389543500201,-18.306592908160,0.000000000000,-40.309004783630,-17.292011260986,-13.786630630493,-9.230362892151
2606,0.059092970522,69,80.000000000000,0.700000000000,0.000000000000,0.000000000000,-26.389543500201,-19.680588689105,0.000000000000,-48.188383102417,-14.247460365295,-18.544260025024,-15.396662712097
2607,0.059115646259,69,80.000000000000,0.700000000000,0.000000000000,0.000000000000,-26.389543500201,-18.932063069598,0.000000000000,-43.256172180176,-9.677322387695,-14.707452774048,-18.871397018433
2608,0.059138321995,69,80.000000000000,0.700000000000,0.000000000000,0.000000000000,-26.389543500201,-17.768790211932,0.000000000000,-39.201669692993,-12.902488708496,-9.990633010864,-16.308547973633
2609,0.059160997732,69,80.000000000000,0.700000000000,0.000000000000,0.000000000000,-26.389543500201,-19.531193223254,0.000000000000,-39.576972007751,-21.522907257080,-9.425069808960,-8.628994941711
2610,0.059183673469,69,80.000000000000,0.700000000000,0.000000000000,0.000000000000,-26.389543500201,-21.642127957599,0.000000000000,-60.884313583374,-33.192741394043,-19.152454376221,-8.539117813110
2611,0.059206349206,69,80.000000000000,0.700000000000,0.000000000000,0.000000000000,-26.389543500201,-20.438046422259,0.000000000000,-82.633295059204,-37.749862670898,-28.563816070557,-16.319616317749
2612,0.059229024943,69,80.000000000000,0.700000000000,0.000000000000,0.000000000000,-26.389543500201,-16.042873349444,0.000000000000,-99.827156066895,-41.322353363037,-34.435264587402,-24.069538116455
2613,0.059251700680,69,80.000000000000,0.700000000000,0.000000000000,0.000000000000,-26.389543500201,-11.010612454669,0.000000000000,-115.821498870850,-44.415874481201,-40.218891143799,-31.186733245850
2614,0.059274376417,69,80.000000000000,0.700000000000,0.000000000000,0.000000000000,-26.389543500201,-7.348522153155,0.000000000000,-125.622852325439,-43.309070587158,-43.882286071777,-38.431495666504
2615,0.059297052154,69,80.000000000000,0.700000000000,0.000000000000,0.000000000000,-26.389543500201,-5.535901990192,0.000000000000,-126.535774230957,-40.499343872070,-43.203678131104,-42.832752227783
2616,0.059319727891,69,80.000000000000,0.700000000000,0.000000000000,0.000000000000,-26.389543500201,-5.123826947467,0.000000000000,-123.913459777832,-40.063129425049,-40.770195007324,-43.080135345459
2617,0.059342403628,69,80.000000000000,0.700000000000,0.000000000000,0.000000000000,-26.389543500201,-5.499839749591,0.000000000000,-122.723091125488,-42.328033447266,-39.879955291748,-40.515102386475
2618,0.059365079365,69,80.000000000000,0.700000000000,0.000000000000,0.000000000000,-26.389543500201,-6.235004391925,0.000000000000,-128.362991333008,-45.389724731445,-41.942802429199,-41.030464172363
2619,0.059387755102,69,80.000000000000,0.700000000000,0.000000000000,0.000000000000,-26.389543500201,-7.110740628497,0.000000000000,-129.490753173828,-47.308261871338,-43.467460632324,-38.715030670166
2620,0.059410430839,69,80.000000000000,0.700000000000,0.000000000000,0.000000000000,-26.389543500201,-8.026998486774,0.000000000000,-145.363506317139,-49.127628326416,-48.871124267578,-47.364753723145
2621,0.059433106576,69,80.000000000000,0.700000000000,0.000000000000,0.000000000000,-26.389543500201,-8.994827237384,0.000000000000,-132.583225250244,-46.682346343994,-44.289886474609,-41.610992431641
2622,0.059455782313,69,80.000000000000,0.700000000000,0.000000000000,0.000000000000,-26.389543500201,-9.805803265826,0.000000000000,-153.687492370605,-51.532081604004,-52.965980529785,-49.189430236816
2623,0.059478458050,69,80.000000000000,0.700000000000,0.000000000000,0.000000000000,-26.389543500201,-11.189427342670,0.000000000000,-141.077236175537,-42.526069641113,-46.512699127197,-52.038467407227
2624,0.059501133787,69,80.000000000000,0.700000000000,0.000000000000,0.000000000000,-26.389543500201,-10.827108350055,0.000000000000,-135.074935913086,-48.269020080566,-43.747306823730,-43.058609008789
2625,0.059523809524,69,80.000000000000,0.700000000000,0.000000000000,0.000000000000,-26.389543500201,-14.517137494342,0.000000000000,-145.786891937256,-48.217250823975,-51.214378356934,-46.355262756348
2626,0.059546485261,69,80.000000000000,0.700000000000,0.000000000000,0.000000000000,-26.389543500201,-11.265640225665,0.000000000000,-140.380229949951,-39.175987243652,-47.829998016357,-53.374244689941
2627,0.059569160998,69,80.000000000000,0.700000000000,0.000000000000,0.000000000000,-26.389543500201,-15.358621564166,0.000000000000,-125.075862884521,-39.553123474121,-38.473224639893,-47.049514770508
2628,0.059591836735,69,80.000000000000,0.700000000000,0.000000000000,0.000000000000,-26.389543500201,-16.074433293597,0.000000000000,-123.521308898926,-46.361545562744,-39.251506805420,-37.908256530762
2629,0.059614512472,69,80.000000000000,0.700000000000,0.000000000000,0.000000000000,-26.389543500201,-13.990653958575,0.000000000000,-132.069137573242,-46.064491271973,-46.666938781738,-39.337707519531
2630,0.059637188209,69,80.000000000000,0.700000000000,0.000000000000,0.000000000000,-26.389543500201,-15.729664769427,0.000000000000,-130.836879730225,-36.177635192871,-48.150585174561,-46.508659362793
2631,0.059659863946,69,80.000000000000,0.700000000000,0.000000000000,0.000000000000,-26.389543500201,-18.444848981158,0.000000000000,-113.701965332031,-23.415100097656,-40.628795623779,-49.658069610596
2632,0.059682539683,69,80.000000000000,0.700000000000,0.000000000000,0.000000000000,-26.389543500201,-17.630731549518,0.000000000000,-86.139631271362,-13.461122512817,-28.486572265625,-44.191936492920
2633,0.059705215420,69,80.000000000000,0.700000000000,0.000000000000,0.000000000000,-26.389543500201,-13.035185780780,0.000000000000,-59.258190155029,-8.087318420410,-17.886772155762,-33.284099578857
2634,0.059727891156,69,80.000000000000,0.700000000000,0.000000000000,0.000000000000,-26.389543500201,-8.154523816363,0.000000000000,-38.818855285645,-5.173047065735,-11.087866783142,-22.557941436768
2635,0.059750566893,69,80.000000000000,0.700000000000,0.000000000000,0.000000000000,-26.389543500201,-4.816917386310,0.000000000000,-24.489711761475,-3.058568000793,-6.844281196594,-14.586862564087
2636,0.059773242630,69,80.000000000000,0.700000000000,0.000000000000,0.000000000000,-26.389543500201,-3.052898373859,0.000000000000,-14.917778015137,-1.853988647461,-3.965862274170,-9.097927093506
2637,0.059795918367,69,80.000000000000,0.700000000000,0.000000000000,0.000000000000,-26.389543500201,-2.292417493121,0.000000000000,-9.223982810974,-1.718132019043,-2.292294502258,-5.213556289673
2638,0.059818594104,69,80.000000000000,0.700000000000,0.000000000000,0.000000000000,-26.389543500201,-2.044610944049,0.000000000000,-7.259073257446,-2.161078453064,-1.883335113525,-3.214659690857
2639,0.059841269841,69,80.000000000000,0.700000000000,0.000000000000,0.000000000000,-26.389543500201,-2.027730908649,0.000000000000,-6.080217361450,-2.509135246277,-1.906375885010,-1.664706230164
2640,0.059863945578,69,80.000000000000,0.700000000000,0.000000000000,0.000000000000,-26.389543500201,-2.099611249225,0.000000000000,-8.351117134094,-2.709744453430,-2.820322990417,-2.821049690247
2641,0.059886621315,69,80.000000000000,0.700000000000,0.000000000000,0.000000000000,-26.389543500201,-2.225341763751,0.000000000000,-5.265525817871,-2.021821975708,-1.830336570740,-1.413367271423
2642,0.059909297052,69,80.000000000000,0.700000000000,0.000000000000,0.000000000000,-26.389543500201,-2.238191571490,0.000000000000,-9.104376792908,-2.600813865662,-3.435840606689,-3.067722320557
2643,0.059931972789,69,80.000000000000,0.700000000000,0.000000000000,0.000000000000,-26.389543500201,-2.737636533038,0.000000000000,-4.673371315002,-0.262220382690,-1.435283660889,-2.975867271423
2644,0.059954648526,69,80.000000000000,0.700000000000,0.000000000000,0.000000000000,-26.389543500201,-1.436851468341,0.000000000000,-3.722724914551,-1.593337059021,-1.038854598999,-1.090533256531
2645,0.059977324263,69,80.000000000000,0.700000000000,0.000000000000,0.000000000000,-26.389543500201,-5.482057538287,0.000000000000,-5.005200386047,-0.821177482605,-2.280530929565,-1.903491973877
2646,0.060000000000,69,80.000000000000,0.700000000000,0.028671251656,0.000035250377,-26.389760214122,3.109083208783,0.038591817887,-1.202081680298,1.789566040039,-0.566065788269,-2.425581932068
2647,0.060022675737,69,80.000000000000,0.700000000000,0.140520352756,0.000000000000,-26.390822348307,-10.289906463107,0.000000000000,1.919039726257,1.326228141785,1.551398277283,-0.958586692810
2648,0.060045351474,69,80.000000000000,0.700000000000,0.001155364260,0.000008724899,-26.390831081219,0.769536080648,0.019199660867,3.107359886169,-0.547283172607,1.538471221924,2.116171836853
2649,0.060068027211,69,80.000000000000,0.700000000000,0.026281876798,0.000030528603,-26.391029734861,1.154070935258,0.035914251556,-1.441720008850,-0.690233230591,-1.322263717651,0.570776939392
2650,0.060090702948,69,80.000000000000,0.700000000000,0.046594773603,0.000000000000,-26.391381925138,-11.511918498047,0.000000000000,2.366416931152,3.326865196228,-0.242830276489,-0.717617988586
2651,0.060113378685,69,80.000000000000,0.700000000000,0.000000000000,0.000000000000,-26.391381925138,-7.761888211759,0.000000000000,7.025918960571,5.827217102051,1.532912254333,-0.334210395813
2652,0.060136054422,69,80.000000000000,0.700000000000,0.060240079285,0.000048680449,-26.391837254535,4.293615633456,0.045351394526,13.578681945801,9.774885177612,3.980076789856,-0.176280021667
2653,0.060158730159,69,80.000000000000,0.700000000000,0.814721953542,0.000124291328,-26.397995394774,2.402393910375,0.072465913299,24.971350669861,13.277641296387,9.067001342773,2.626708030701
2654,0.060181405896,69,80.000000000000,0.700000000000,0.805969282461,0.000000000000,-26.404087377256,-16.519753238908,0.000000000000,32.998046875000,12.367511749268,12.523231506348,8.107303619385
2655,0.060204081633,69,80.000000000000,0.700000000000,0.000000000000,0.000000000000,-26.404087377256,-38.274565053648,0.000000000000,33.824676513672,10.523464202881,11.744121551514,11.557090759277
2656,0.060226757370,69,80.000000000000,0.700000000000,0.000000000000,0.000000000000,-26.404087377256,-54.378418279356,0.000000000000,33.396419525146,12.143052101135,10.145298957825,11.108068466187
2657,0.060249433107,69,80.000000000000,0.700000000000,0.000000000000,0.000000000000,-26.404087377256,-63.101566625303,0.000000000000,37.808312416077,16.657827377319,11.387750625610,9.762734413147
2658,0.060272108844,69,80.000000000000,0.700000000000,0.000000000000,0.000000000000,-26.404087377256,-66.825405431455,0.000000000000,47.104075431824,21.116077423096,15.339850425720,10.648147583008
2659,0.060294784580,69,80.000000000000,0.700000000000,0.000000000000,0.000000000000,-26.404087377256,-68.043209386534,0.000000000000,57.716639518738,23.788024902344,19.766237258911,14.162377357483
2660,0.060317460317,69,80.000000000000,0.700000000000,0.000000000000,0.000000000000,-26.404087377256,-68.242180181211,0.000000000000,65.789461135864,24.645475387573,22.820781707764,18.323204040527
2661,0.060340136054,69,80.000000000000,0.700000000000,0.000000000000,0.000000000000,-26.404087377256,-68.089699102110,0.000000000000,70.698623657227,24.472507476807,24.368370056152,21.857746124268
2662,0.060362811791,69,80.000000000000,0.700000000000,0.000000000000,0.000000000000,-26.404087377256,-67.786167455381,0.000000000000,71.909885406494,23.671045303345,24.447956085205,23.790884017944
2663,0.060385487528,69,80.000000000000,0.700000000000,0.000000000000,0.000000000000,-26.404087377256,-67.557617498106,0.000000000000,71.274681091309,22.969440460205,24.014896392822,24.290344238281
2664,0.060408163265,69,80.000000000000,0.700000000000,0.000000000000,0.000000000000,-26.404087377256,-66.763534856504,0.000000000000,69.739728927612,22.024688720703,23.440496444702,24.274543762207
2665,0.060430839002,69,80.000000000000,0.700000000000,0.000000000000,0.000000000000,-26.404087377256,-67.730881047911,0.000000000000,67.322864532471,20.954095840454,22.354314804077,24.014453887939
2666,0.060453514739,69,80.000000000000,0.700000000000,0.000000000000,0.000000000000,-26.404087377256,-63.662636113828,0.000000000000,63.558734893799,20.430870056152,21.205183029175,21.922681808472
2667,0.060476190476,69,80.000000000000,0.700000000000,0.000000000000,0.000000000000,-26.404087377256,-70.535221410459,0.000000000000,64.693267822266,19.811241149902,21.530223846436,23.351802825928
2668,0.060498866213,69,80.000000000000,0.700000000000,0.000000000000,0.000000000000,-26.404087377256,-60.079876256651,0.000000000000,55.567878723145,17.862657546997,18.804967880249,18.900253295898
2669,0.060521541950,69,80.000000000000,0.700000000000,0.000000000000,0.000000000000,-26.404087377256,-65.973560643858,0.000000000000,62.880735397339,18.189956665039,21.145215988159,23.545562744141
2670,0.060544217687,69,80.000000000000,0.700000000000,0.000000000000,0.000000000000,-26.404087377256,-69.120720220274,0.000000000000,46.979331016541,14.571362495422,14.494115829468,17.913852691650
2671,0.060566893424,69,80.000000000000,0.700000000000,0.000000000000,0.000000000000,-26.404087377256,-59.749080968565,0.000000000000,53.608101844788,19.835914611816,18.244739532471,15.527447700500
2672,0.060589569161,69,80.000000000000,0.700000000000,0.000000000000,0.000000000000,-26.404087377256,-57.427227330869,0.000000000000,55.770994186401,15.597700119019,19.200351715088,20.972942352295
2673,0.060612244898,69,80.000000000000,0.700000000000,0.000000000000,0.000000000000,-26.404087377256,-64.354923558897,0.000000000000,47.663450241089,15.876087188721,14.142728805542,17.644634246826
2674,0.060634920635,69,80.000000000000,0.700000000000,0.000000000000,0.000000000000,-26.404087377256,-68.061497045225,0.000000000000,49.242478370667,19.864765167236,16.493129730225,12.884583473206
2675,0.060657596372,69,80.000000000000,0.700000000000,0.000000000000,0.000000000000,-26.404087377256,-62.665325475401,0.000000000000,55.268070220947,16.690713882446,21.081565856934,17.495790481567
2676,0.060680272109,69,80.000000000000,0.700000000000,0.000000000000,0.000000000000,-26.404087377256,-53.294967961973,0.000000000000,52.009877204895,11.491868019104,18.007762908936,22.510246276855
2677,0.060702947846,69,80.000000000000,0.700000000000,0.000000000000,0.000000000000,-26.404087377256,-45.274614644712,0.000000000000,42.976616859436,12.974729537964,11.390753746033,18.611133575439
2678,0.060725623583,69,80.000000000000,0.700000000000,0.000000000000,0.000000000000,-26.404087377256,-40.246390653318,0.000000000000,44.656288146973,21.586849212646,11.157753944397,11.911684989929
2679,0.060748299320,69,80.000000000000,0.700000000000,0.000000000000,0.000000000000,-26.404087377256,-37.537243200010,0.000000000000,58.687325477600,30.972341537476,17.882608413696,9.832375526428
2680,0.060770975057,69,80.000000000000,0.700000000000,0.000000000000,0.000000000000,-26.404087377256,-36.057030034727,0.000000000000,79.779396057129,37.309753417969,27.167034149170,15.302608489990
2681,0.060793650794,69,80.000000000000,0.700000000000,0.000000000000,0.000000000000,-26.404087377256,-35.083641362852,0.000000000000,96.698146820068,40.088226318359,33.964893341064,22.645027160645
2682,0.060816326531,69,80.000000000000,0.700000000000,0.000000000000,0.000000000000,-26.404087377256,-34.282364202207,0.000000000000,112.060573577881,41.253742218018,39.230285644531,31.576545715332
2683,0.060839002268,69,80.000000000000,0.700000000000,0.000000000000,0.000000000000,-26.404087377256,-33.564741445249,0.000000000000,116.367710113525,39.934467315674,39.782634735107,36.650608062744
2684,0.060861678005,69,80.000000000000,0.700000000000,0.000000000000,0.000000000000,-26.404087377256,-32.812475515074,0.000000000000,119.435951232910,40.589290618896,40.474700927734,38.371959686279
2685,0.060884353741,69,80.000000000000,0.700000000000,0.000000000000,0.000000000000,-26.404087377256,-32.362740827268,0.000000000000,121.432456970215,39.097423553467,41.322582244873,41.012451171875
2686,0.060907029478,69,80.000000000000,0.700000000000,0.000000000000,0.000000000000,-26.404087377256,-31.186564756101,0.000000000000,116.422473907471,36.555454254150,38.871025085449,40.995994567871
2687,0.060929705215,69,80.000000000000,0.700000000000,0.000000000000,0.000000000000,-26.404087377256,-31.824857068723,0.000000000000,114.779716491699,37.431015014648,37.197647094727,40.151054382324
2688,0.060952380952,69,80.000000000000,0.700000000000,0.000000000000,0.000000000000,-26.404087377256,-29.410713506407,0.000000000000,110.221668243408,38.625556945801,36.923439025879,34.672672271729
2689,0.060975056689,69,80.000000000000,0.700000000000,0.000000000000,0.000000000000,-26.404087377256,-30.480426145262,0.000000000000,121.379753112793,37.469879150391,41.695770263672,42.214103698730
2690,0.060997732426,69,80.000000000000,0.700000000000,0.000000000000,0.000000000000,-26.404087377256,-30.332043958372,0.000000000000,99.510269165039,29.584781646729,34.081954956055,35.843532562256
2691,0.061020408163,69,80.000000000000,0.700000000000,0.000000000000,0.000000000000,-26.404087377256,-27.875962567991,0.000000000000,107.242496490479,29.598144531250,37.642440795898,40.001911163330
2692,0.061043083900,69,80.000000000000,0.700000000000,0.000000000000,0.000000000000,-26.404087377256,-27.600534749693,0.000000000000,83.648786544800,17.663419723511,26.796504974365,39.188861846924
2693,0.061065759637,69,80.000000000000,0.700000000000,0.000000000000,0.000000000000,-26.404087377256,-29.352001500791,0.000000000000,66.593580245972,21.789815902710,19.646442413330,25.157321929932
2694,0.061088435374,69,80.000000000000,0.700000000000,0.000000000000,0.000000000000,-26.404087377256,-29.890757871336,0.000000000000,70.884950637817,22.485815048218,25.214233398438,23.184902191162
2695,0.061111111111,69,80.000000000000,0.700000000000,0.000000000000,0.000000000000,-26.404087377256,-28.110906911558,0.000000000000,64.864093780518,14.217180252075,22.417318344116,28.229595184326
2696,0.061133786848,69,80.000000000000,0.700000000000,0.000000000000,0.000000000000,-26.404087377256,-25.217826200193,0.000000000000,50.408040046692,14.733609199524,13.402013778687,22.272417068481
2697,0.061156462585,69,80.000000000000,0.700000000000,0.000000000000,0.000000000000,-26.404087377256,-22.596771550840,0.000000000000,48.754915237427,22.261028289795,13.767370223999,12.726516723633
2698,0.061179138322,69,80.000000000000,0.700000000000,0.000000000000,0.000000000000,-26.404087377256,-20.805339170164,0.000000000000,58.896215438843,23.755556106567,21.973968505859,13.166690826416
2699,0.061201814059,69,80.000000000000,0.700000000000,0.000000000000,0.000000000000,-26.404087377256,-19.772690129942,0.000000000000,62.833438873291,15.302982330322,25.445114135742,22.085342407227
2700,0.061224489796,69,80.000000000000,0.700000000000,0.000000000000,0.000000000000,-26.404087377256,-19.236954999632,0.000000000000,46.423414230347,3.407760620117,18.674770355225,24.340883255005
2701,0.061247165533,69,80.000000000000,0.700000000000,0.000000000000,0.000000000000,-26.404087377256,-18.976682973570,0.000000000000,29.861725330353,-5.187778949738,10.027050971985,25.022453308105
2702,0.061269841270,69,80.000000000000,0.700000000000,0.000000000000,0.000000000000,-26.404087377256,-18.858971906370,0.000000000000,-5.308261394501,-11.979284286499,-3.801214694977,10.472237586975
2703,0.061292517007,69,80.000000000000,0.700000000000,0.000000000000,0.000000000000,-26.404087377256,-18.806680989927,0.000000000000,-12.036077022552,-10.900375366211,-5.223588466644,4.087886810303
2704,0.061315192744,69,80.000000000000,0.700000000000,0.000000000000,0.000000000000,-26.404087377256,-18.830524755186,0.000000000000,-31.476631641388,-16.681987762451,-12.709393501282,-2.085250377655
2705,0.061337868481,69,80.000000000000,0.700000000000,0.000000000000,0.000000000000,-26.404087377256,-18.723638845152,0.000000000000,-41.622191429138,-12.696702003479,-15.735736846924,-13.189752578735
2706,0.061360544218,69,80.000000000000,0.700000000000,0.000000000000,0.000000000000,-26.404087377256,-19.142221761411,0.000000000000,-37.309005737305,-12.664209365845,-11.110454559326,-13.534341812134
2707,0.061383219955,69,80.000000000000,0.700000000000,0.000000000000,0.000000000000,-26.404087377256,-18.306462598509,0.000000000000,-39.046636581421,-17.043340682983,-12.917522430420,-9.085773468018
2708,0.061405895692,69,80.000000000000,0.700000000000,0.000000000000,0.000000000000,-26.404087377256,-19.622539830869,0.000000000000,-47.071747779846,-14.878293037415,-18.219192504883,-13.974262237549
2709,0.061428571429,69,80.000000000000,0.700000000000,0.000000000000,0.000000000000,-26.404087377256,-19.121528936094,0.000000000000,-44.185688018799,-9.987199783325,-15.684179306030,-18.514308929443
2710,0.061451247166,69,80.000000000000,0.700000000000,0.000000000000,0.000000000000,-26.404087377256,-17.791319204038,0.000000000000,-40.270296096802,-11.926376342773,-10.742094039917,-17.601825714111
2711,0.061473922902,69,80.000000000000,0.700000000000,0.000000000000,0.000000000000,-26.404087377256,-19.213135076231,0.000000000000,-38.201110839844,-19.656921386719,-8.578783035278,-9.965406417847
2712,0.061496598639,69,80.000000000000,0.700000000000,0.000000000000,0.000000000000,-26.404087377256,-21.515797925657,0.000000000000,-56.103918552399,-31.495498657227,-16.872905731201,-7.735514163971
2713,0.061519274376,69,80.000000000000,0.700000000000,0.000000000000,0.000000000000,-26.404087377256,-20.907213998503,0.000000000000,-77.481331825256,-36.848381042480,-26.549186706543,-14.083764076233
2714,0.061541950113,69,80.000000000000,0.700000000000,0.000000000000,0.000000000000,-26.404087377256,-16.931316686338,0.000000000000,-95.245094299316,-40.598731994629,-32.887535095215,-21.758827209473
2715,0.061564625850,69,80.000000000000,0.700000000000,0.000000000000,0.000000000000,-26.404087377256,-11.894968343443,0.000000000000,-111.917942047119,-44.071426391602,-38.918685913086,-28.927829742432
2716,0.061587301587,69,80.000000000000,0.700000000000,0.000000000000,0.000000000000,-26.404087377256,-7.958437276548,0.000000000000,-123.343246459961,-43.550277709961,-43.305114746094,-36.487854003906
2717,0.061609977324,69,80.000000000000,0.700000000000,0.000000000000,0.000000000000,-26.404087377256,-5.836368871397,0.000000000000,-126.056240081787,-40.774909973145,-43.423419952393,-41.857910156250
2718,0.061632653061,69,80.000000000000,0.700000000000,0.000000000000,0.000000000000,-26.404087377256,-5.202648473448,0.000000000000,-124.233303070068,-39.893814086914,-41.134658813477,-43.204830169678
2719,0.061655328798,69,80.000000000000,0.700000000000,0.000000000000,0.000000000000,-26.404087377256,-5.456379247373,0.000000000000,-122.334590911865,-41.789855957031,-39.758628845215,-40.786106109619
2720,0.061678004535,69,80.000000000000,0.700000000000,0.000000000000,0.000000000000,-26.404087377256,-6.135345769590,0.000000000000,-127.549331665039,-44.831024169922,-41.468315124512,-41.249992370605
2721,0.061700680272,69,80.000000000000,0.700000000000,0.000000000000,0.000000000000,-26.404087377256,-6.988849950498,0.000000000000,-127.386226654053,-46.861236572266,-42.603649139404,-37.921340942383
2722,0.061723356009,69,80.000000000000,0.700000000000,0.000000000000,0.000000000000,-26.404087377256,-7.893923116392,0.000000000000,-144.227828979492,-49.039329528809,-48.533935546875,-46.654563903809
2723,0.061746031746,69,80.000000000000,0.700000000000,0.000000000000,0.000000000000,-26.404087377256,-8.867506337827,0.000000000000,-131.734668731689,-46.458007812500,-43.868236541748,-41.408424377441
2724,0.061768707483,69,80.000000000000,0.700000000000,0.000000000000,0.000000000000,-26.404087377256,-9.646025014585,0.000000000000,-151.617950439453,-51.662338256836,-52.405792236328,-47.549819946289
2725,0.061791383220,69,80.000000000000,0.700000000000,0.000000000000,0.000000000000,-26.404087377256,-11.110361409849,0.000000000000,-142.945976257324,-42.928916931152,-47.516502380371,-52.500556945801
2726,0.061814058957,69,80.000000000000,0.700000000000,0.000000000000,0.000000000000,-26.404087377256,-10.600679708189,0.000000000000,-135.005432128906,-47.634059906006,-43.345520019531,-44.025852203369
2727,0.061836734694,69,80.000000000000,0.700000000000,0.000000000000,0.000000000000,-26.404087377256,-14.422269178098,0.000000000000,-144.267917633057,-48.810894012451,-50.477519989014,-44.979503631592
2728,0.061859410431,69,80.000000000000,0.700000000000,0.000000000000,0.000000000000,-26.404087377256,-11.304961515135,0.000000000000,-141.971145629883,-40.048034667969,-49.083473205566,-52.839637756348
2729,0.061882086168,69,80.000000000000,0.700000000000,0.000000000000,0.000000000000,-26.404087377256,-14.919263196653,0.000000000000,-127.684505462646,-38.984367370605,-39.653732299805,-49.046405792236
2730,0.061904761905,69,80.000000000000,0.700000000000,0.000000000000,0.000000000000,-26.404087377256,-16.166852307981,0.000000000000,-123.147323608398,-45.516845703125,-38.383560180664,-39.246917724609
2731,0.061927437642,69,80.000000000000,0.700000000000,0.000000000000,0.000000000000,-26.404087377256,-14.108027768797,0.000000000000,-130.434654235840,-46.715175628662,-45.407558441162,-38.311920166016
2732,0.061950113379,69,80.000000000000,0.700000000000,0.000000000000,0.000000000000,-26.404087377256,-15.377785993284,0.000000000000,-131.478549957275,-38.138614654541,-48.518043518066,-44.821891784668
2733,0.061972789116,69,80.000000000000,0.700000000000,0.000000000000,0.000000000000,-26.404087377256,-18.170134854978,0.000000000000,-117.897411346436,-25.560794830322,-42.765892028809,-49.570724487305
2734,0.061995464853,69,80.000000000000,0.700000000000,0.000000000000,0.000000000000,-26.404087377256,-18.071771932310,0.000000000000,-92.506466865540,-14.998631477356,-31.231487274170,-46.276348114014
2735,0.062018140590,69,80.000000000000,0.700000000000,0.000000000000,0.000000000000,-26.404087377256,-13.935245824522,0.000000000000,-65.490196228027,-8.941190719604,-20.121576309204,-36.427429199219
2736,0.062040816327,69,80.000000000000,0.700000000000,0.000000000000,0.000000000000,-26.404087377256,-9.003574681944,0.000000000000,-43.689002037048,-5.677487373352,-12.549165725708,-25.462348937988
2737,0.062063492063,69,80.000000000000,0.700000000000,0.000000000000,0.000000000000,-26.404087377256,-5.391292882627,0.000000000000,-27.931303024292,-3.393536567688,-7.785504341125,-16.752262115479
2738,0.062086167800,69,80.000000000000,0.700000000000,0.000000000000,0.000000000000,-26.404087377256,-3.375950170225,0.000000000000,-17.203182220459,-2.005857467651,-4.574525833130,-10.622798919678
2739,0.062108843537,69,80.000000000000,0.700000000000,0.000000000000,0.000000000000,-26.404087377256,-2.459406209654,0.000000000000,-10.498401165009,-1.705330848694,-2.594490051270,-6.198580265045
2740,0.062131519274,69,80.000000000000,0.700000000000,0.000000000000,0.000000000000,-26.404087377256,-2.132234883970,0.000000000000,-7.859062194824,-2.085572242737,-1.958151817322,-3.815338134766
2741,0.062154195011,69,80.000000000000,0.700000000000,0.000000000000,0.000000000000,-26.404087377256,-2.080086065000,0.000000000000,-6.067383766174,-2.448552131653,-1.810544967651,-1.808286666870
2742,0.062176870748,69,80.000000000000,0.700000000000,0.000000000000,0.000000000000,-26.404087377256,-2.136232686704,0.000000000000,-8.373523712158,-2.735939979553,-2.797876358032,-2.839707374573
2743,0.062199546485,69,80.000000000000,0.700000000000,0.000000000000,0.000000000000,-26.404087377256,-2.264896703428,0.000000000000,-5.240575790405,-2.040874481201,-1.781198501587,-1.418502807617
2744,0.062222222222,69,80.000000000000,0.700000000000,0.000000000000,0.000000000000,-26.404087377256,-2.248493505186,0.000000000000,-8.966933250427,-2.724183082581,-3.426849365234,-2.815900802612
2745,0.062244897959,69,80.000000000000,0.700000000000,0.000000000000,0.000000000000,-26.404087377256,-2.845081639952,0.000000000000,-5.329300880432,-0.400288581848,-1.729644775391,-3.199367523193
2746,0.062267573696,69,80.000000000000,0.700000000000,0.000000000000,0.000000000000,-26.404087377256,-1.296856237119,0.000000000000,-3.803043365479,-1.522346496582,-0.981268882751,-1.299427986145
2747,0.062290249433,69,80.000000000000,0.700000000000,0.000000000000,0.000000000000,-26.404087377256,-5.805481267637,0.000000000000,-5.107731819153,-1.096590995789,-2.284075737000,-1.727065086365
2748,0.062312925170,69,80.000000000000,0.700000000000,0.031113047819,0.000036525550,-26.404322547686,3.221553491884,0.039283641364,-1.955118179321,1.538879394531,-0.999141693115,-2.494855880737
2749,0.062335600907,69,80.000000000000,0.700000000000,0.152453308951,0.000000000000,-26.405474878063,-9.840679100026,0.000000000000,1.155495643616,1.499598503113,1.236717224121,-1.580820083618
2750,0.062358276644,69,80.000000000000,0.700000000000,0.000000000000,0.000000000000,-26.405474878063,-0.413632608166,0.000000000000,3.246887207031,-0.328670501709,1.806555747986,1.769001960754
2751,0.062380952381,69,80.000000000000,0.700000000000,0.010067620886,0.000022363844,-26.405550974971,1.972491049061,0.030738777024,-1.076321601868,-0.968791007996,-1.040015220642,0.932484626770
2752,0.062403628118,69,80.000000000000,0.700000000000,0.049447818453,0.000000000000,-26.405924730212,-10.492594151823,0.000000000000,1.651915550232,2.710943222046,-0.529477119446,-0.529550552368
2753,0.062426303855,69,80.000000000000,0.700000000000,0.000000000000,0.000000000000,-26.405924730212,-9.049996309192,0.000000000000,5.888559341431,5.224042892456,1.044805526733,-0.380289077759
2754,0.062448979592,69,80.000000000000,0.700000000000,0.024888259003,0.000033147093,-26.406112850084,2.923573560803,0.037422782623,11.627050399780,9.048953056335,3.111887931824,-0.533790588379
2755,0.062471655329,69,80.000000000000,0.700000000000,0.520129036728,0.000110643234,-26.410044286492,3.922794934197,0.068371606915,22.389448165894,12.924812316895,7.979234695435,1.485401153564
2756,0.062494331066,69,80.000000000000,0.700000000000,0.848660092534,0.000007511128,-26.416458950834,-12.893787184820,0.017814184752,31.319257259369,12.563110351562,12.048871994019,6.707274913788
2757,0.062517006803,69,80.000000000000,0.700000000000,0.000000000000,0.000000000000,-26.416458950834,-34.561091290312,0.000000000000,33.460536003113,10.587640762329,11.952340126038,10.920555114746
2758,0.062539682540,69,80.000000000000,0.700000000000,0.000000000000,0.000000000000,-26.416458950834,-51.807703839140,0.000000000000,33.125393867493,11.622024536133,10.235415458679,11.267953872681
2759,0.062562358277,69,80.000000000000,0.700000000000,0.000000000000,0.000000000000,-26.416458950834,-61.721932278471,0.000000000000,36.505588531494,15.801049232483,10.829686164856,9.874853134155
2760,0.062585034014,69,80.000000000000,0.700000000000,0.000000000000,0.000000000000,-26.416458950834,-66.215828762846,0.000000000000,44.782667160034,20.372043609619,14.324407577515,10.086215972900
2761,0.062607709751,69,80.000000000000,0.700000000000,0.000000000000,0.000000000000,-26.416458950834,-67.813671933012,0.000000000000,55.188870429993,23.366912841797,18.781194686890,13.040762901306
2762,0.062630385488,69,80.000000000000,0.700000000000,0.000000000000,0.000000000000,-26.416458950834,-68.167031155424,0.000000000000,63.775272369385,24.506395339966,22.157951354980,17.110925674438
2763,0.062653061224,69,80.000000000000,0.700000000000,0.000000000000,0.000000000000,-26.416458950834,-68.072155819731,0.000000000000,69.497688293457,24.505184173584,24.070648193359,20.921855926514
2764,0.062675736961,69,80.000000000000,0.700000000000,0.000000000000,0.000000000000,-26.416458950834,-67.781304226713,0.000000000000,71.493528366089,23.771354675293,24.419332504272,23.302841186523
2765,0.062698412698,69,80.000000000000,0.700000000000,0.000000000000,0.000000000000,-26.416458950834,-67.593243466215,0.000000000000,71.301807403564,23.083953857422,24.087802886963,24.130050659180
2766,0.062721088435,69,80.000000000000,0.700000000000,0.000000000000,0.000000000000,-26.416458950834,-66.714669094877,0.000000000000,70.018791198730,22.176647186279,23.592834472656,24.249309539795
2767,0.062743764172,69,80.000000000000,0.700000000000,0.000000000000,0.000000000000,-26.416458950834,-67.907555447416,0.000000000000,67.956483840942,21.080074310303,22.590419769287,24.285989761353
2768,0.062766439909,69,80.000000000000,0.700000000000,0.000000000000,0.000000000000,-26.416458950834,-63.484753475981,0.000000000000,63.843526840210,20.506206512451,21.298751831055,22.038568496704
2769,0.062789115646,69,80.000000000000,0.700000000000,0.000000000000,0.000000000000,-26.416458950834,-70.601025448637,0.000000000000,65.444044113159,20.000904083252,21.750568389893,23.692571640015
2770,0.062811791383,69,80.000000000000,0.700000000000,0.000000000000,0.000000000000,-26.416458950834,-60.642205105619,0.000000000000,55.872650146484,18.013038635254,18.882999420166,18.976612091064
2771,0.062834467120,69,80.000000000000,0.700000000000,0.000000000000,0.000000000000,-26.416458950834,-65.110566006498,0.000000000000,63.463243484497,18.432222366333,21.517585754395,23.513435363770
2772,0.062857142857,69,80.000000000000,0.700000000000,0.000000000000,0.000000000000,-26.416458950834,-69.418637142973,0.000000000000,48.541280746460,14.512535095215,14.965597152710,19.063148498535
2773,0.062879818594,69,80.000000000000,0.700000000000,0.000000000000,0.000000000000,-26.416458950834,-60.864868985014,0.000000000000,52.565347671509,19.603282928467,17.671812057495,15.290252685547
2774,0.062902494331,69,80.000000000000,0.700000000000,0.000000000000,0.000000000000,-26.416458950834,-57.167233334379,0.000000000000,55.982456207275,15.969867706299,19.525402069092,20.487186431885
2775,0.062925170068,69,80.000000000000,0.700000000000,0.000000000000,0.000000000000,-26.416458950834,-63.262177334623,0.000000000000,48.789033889771,15.533943176270,14.563283920288,18.691806793213
2776,0.062947845805,69,80.000000000000,0.700000000000,0.000000000000,0.000000000000,-26.416458950834,-67.907593594389,0.000000000000,48.521644592285,19.649324417114,15.729669570923,13.142650604248
2777,0.062970521542,69,80.000000000000,0.700000000000,0.000000000000,0.000000000000,-26.416458950834,-63.872353421049,0.000000000000,54.230012893677,17.379068374634,20.700460433960,16.150484085083
2778,0.062993197279,69,80.000000000000,0.700000000000,0.000000000000,0.000000000000,-26.416458950834,-54.905690060453,0.000000000000,53.105138778687,11.980485916138,19.052135467529,22.072517395020
2779,0.063015873016,69,80.000000000000,0.700000000000,0.000000000000,0.000000000000,-26.416458950834,-46.558955059843,0.000000000000,44.672233581543,12.243653297424,12.404719352722,20.023860931396
2780,0.063038548753,69,80.000000000000,0.700000000000,0.000000000000,0.000000000000,-26.416458950834,-41.036706791716,0.000000000000,43.846387863159,19.914585113525,10.590969085693,13.340833663940
2781,0.063061224490,69,80.000000000000,0.700000000000,0.000000000000,0.000000000000,-26.416458950834,-37.970521794157,0.000000000000,55.033135414124,29.381103515625,16.024580001831,9.627451896667
2782,0.063083900227,69,80.000000000000,0.700000000000,0.000000000000,0.000000000000,-26.416458950834,-36.306038723783,0.000000000000,74.947924613953,36.295787811279,25.110685348511,13.541451454163
2783,0.063106575964,69,80.000000000000,0.700000000000,0.000000000000,0.000000000000,-26.416458950834,-35.257697926359,0.000000000000,92.139160156250,39.588279724121,32.340744018555,20.210136413574
2784,0.063129251701,69,80.000000000000,0.700000000000,0.000000000000,0.000000000000,-26.416458950834,-34.428818569975,0.000000000000,108.746564865112,41.145141601562,38.312557220459,29.288866043091
2785,0.063151927438,69,80.000000000000,0.700000000000,0.000000000000,0.000000000000,-26.416458950834,-33.705240116911,0.000000000000,114.837787628174,39.946540832520,39.507640838623,35.383605957031
2786,0.063174603175,69,80.000000000000,0.700000000000,0.000000000000,0.000000000000,-26.416458950834,-32.932486401396,0.000000000000,118.378726959229,40.575325012207,40.210887908936,37.592514038086
2787,0.063197278912,69,80.000000000000,0.700000000000,0.000000000000,0.000000000000,-26.416458950834,-32.511117802458,0.000000000000,121.234573364258,39.386806488037,41.377716064453,40.470050811768
2788,0.063219954649,69,80.000000000000,0.700000000000,0.000000000000,0.000000000000,-26.416458950834,-31.265475140409,0.000000000000,116.974166870117,36.709243774414,39.299381256104,40.965541839600
2789,0.063242630385,69,80.000000000000,0.700000000000,0.000000000000,0.000000000000,-26.416458950834,-31.958993779020,0.000000000000,115.575717926025,37.202068328857,37.433300018311,40.940349578857
2790,0.063265306122,69,80.000000000000,0.700000000000,0.000000000000,0.000000000000,-26.416458950834,-29.585825787382,0.000000000000,109.485797882080,38.508998870850,36.414108276367,34.562690734863
2791,0.063287981859,69,80.000000000000,0.700000000000,0.000000000000,0.000000000000,-26.416458950834,-30.397703038053,0.000000000000,121.724281311035,38.135761260986,41.774700164795,41.813819885254
2792,0.063310657596,69,80.000000000000,0.700000000000,0.000000000000,0.000000000000,-26.416458950834,-30.537591801481,0.000000000000,101.149181365967,30.355152130127,34.605468750000,36.188560485840
2793,0.063333333333,69,80.000000000000,0.700000000000,0.000000000000,0.000000000000,-26.416458950834,-28.170323239164,0.000000000000,108.201763153076,30.539699554443,38.270950317383,39.391113281250
2794,0.063356009070,69,80.000000000000,0.700000000000,0.000000000000,0.000000000000,-26.416458950834,-27.522288189726,0.000000000000,88.455736160278,18.579229354858,28.930618286133,40.945888519287
2795,0.063378684807,69,80.000000000000,0.700000000000,0.000000000000,0.000000000000,-26.416458950834,-29.132799015837,0.000000000000,69.172843933105,21.335523605347,20.129152297974,27.708168029785
2796,0.063401360544,69,80.000000000000,0.700000000000,0.000000000000,0.000000000000,-26.416458950834,-29.961989270048,0.000000000000,70.826322555542,22.995092391968,24.772760391235,23.058469772339
2797,0.063424036281,69,80.000000000000,0.700000000000,0.000000000000,0.000000000000,-26.416458950834,-28.524663792448,0.000000000000,66.768663406372,15.033452987671,23.622367858887,28.112842559814
2798,0.063446712018,69,80.000000000000,0.700000000000,0.000000000000,0.000000000000,-26.416458950834,-25.750964985685,0.000000000000,53.080474853516,14.130701065063,14.614433288574,24.335340499878
2799,0.063469387755,69,80.000000000000,0.700000000000,0.000000000000,0.000000000000,-26.416458950834,-23.051019535856,0.000000000000,48.531267166138,21.264316558838,12.940893173218,14.326057434082
2800,0.063492063492,69,80.000000000000,0.700000000000,0.000000000000,0.000000000000,-26.416458950834,-21.115227566557,0.000000000000,56.549169540405,24.079902648926,20.394542694092,12.074724197388
2801,0.063514739229,69,80.000000000000,0.700000000000,0.000000000000,0.000000000000,-26.416458950834,-19.959928379850,0.000000000000,62.868263244629,17.065063476562,25.501232147217,20.301967620850
2802,0.063537414966,69,80.000000000000,0.700000000000,0.000000000000,0.000000000000,-26.416458950834,-19.345651493864,0.000000000000,49.358362674713,5.375177860260,20.355939865112,23.627244949341
2803,0.063560090703,69,80.000000000000,0.700000000000,0.000000000000,0.000000000000,-26.416458950834,-19.041865216093,0.000000000000,35.620940685272,-3.653736591339,12.663179397583,26.611497879028
2804,0.063582766440,69,80.000000000000,0.700000000000,0.000000000000,0.000000000000,-26.416458950834,-18.902144299345,0.000000000000,0.641907215118,-11.271895408630,-1.696188449860,13.609991073608
2805,0.063605442177,69,80.000000000000,0.700000000000,0.000000000000,0.000000000000,-26.416458950834,-18.835762844877,0.000000000000,-8.478107452393,-10.489021301270,-4.098519802094,6.109433650970
2806,0.063628117914,69,80.000000000000,0.700000000000,0.000000000000,0.000000000000,-26.416458950834,-18.862007008390,0.000000000000,-27.224897146225,-16.358722686768,-11.325189590454,0.459015130997
2807,0.063650793651,69,80.000000000000,0.700000000000,0.000000000000,0.000000000000,-26.416458950834,-18.725657330351,0.000000000000,-39.912112236023,-13.066760063171,-15.689292907715,-11.156059265137
2808,0.063673469388,69,80.000000000000,0.700000000000,0.000000000000,0.000000000000,-26.416458950834,-19.189930783110,0.000000000000,-37.667789459229,-12.329334259033,-11.506994247437,-13.831460952759
2809,0.063696145125,69,80.000000000000,0.700000000000,0.000000000000,0.000000000000,-26.416458950834,-18.314146862822,0.000000000000,-38.058220863342,-16.715290069580,-12.154900550842,-9.188030242920
2810,0.063718820862,69,80.000000000000,0.700000000000,0.000000000000,0.000000000000,-26.416458950834,-19.549386845427,0.000000000000,-45.781992912292,-15.435575485229,-17.699737548828,-12.646679878235
2811,0.063741496599,69,80.000000000000,0.700000000000,0.000000000000,0.000000000000,-26.416458950834,-19.295250759916,0.000000000000,-44.642765045166,-10.398601531982,-16.471420288086,-17.772743225098
2812,0.063764172336,69,80.000000000000,0.700000000000,0.000000000000,0.000000000000,-26.416458950834,-17.854348049955,0.000000000000,-41.596070289612,-11.219789505005,-11.726561546326,-18.649719238281
2813,0.063786848073,69,80.000000000000,0.700000000000,0.000000000000,0.000000000000,-26.416458950834,-18.916565285521,0.000000000000,-37.519736289978,-17.888454437256,-8.102324485779,-11.528957366943
2814,0.063809523810,69,80.000000000000,0.700000000000,0.000000000000,0.000000000000,-26.416458950834,-21.324140415983,0.000000000000,-51.974942207336,-29.728580474854,-14.784184455872,-7.462177276611
2815,0.063832199546,69,80.000000000000,0.700000000000,0.000000000000,0.000000000000,-26.416458950834,-21.276750431852,0.000000000000,-72.457535743713,-35.850265502930,-24.473152160645,-12.134118080139
2816,0.063854875283,69,80.000000000000,0.700000000000,0.000000000000,0.000000000000,-26.416458950834,-17.767459736662,0.000000000000,-90.564607620239,-39.823257446289,-31.254180908203,-19.487169265747
2817,0.063877551020,69,80.000000000000,0.700000000000,0.000000000000,0.000000000000,-26.416458950834,-12.793787823515,0.000000000000,-107.782978057861,-43.640419006348,-37.509994506836,-26.632564544678
2818,0.063900226757,69,80.000000000000,0.700000000000,0.000000000000,0.000000000000,-26.416458950834,-8.617752896147,0.000000000000,-120.648113250732,-43.723060607910,-42.546859741211,-34.378192901611
2819,0.063922902494,69,80.000000000000,0.700000000000,0.000000000000,0.000000000000,-26.416458950834,-6.185866223173,0.000000000000,-125.168487548828,-41.076072692871,-43.510185241699,-40.582229614258
2820,0.063945578231,69,80.000000000000,0.700000000000,0.000000000000,0.000000000000,-26.416458950834,-5.314331875639,0.000000000000,-124.429626464844,-39.799915313721,-41.517589569092,-43.112121582031
2821,0.063968253968,69,80.000000000000,0.700000000000,0.000000000000,0.000000000000,-26.416458950834,-5.429797039824,0.000000000000,-122.046169281006,-41.296424865723,-39.735721588135,-41.014022827148
2822,0.063990929705,69,80.000000000000,0.700000000000,0.000000000000,0.000000000000,-26.416458950834,-6.042313443022,0.000000000000,-126.959709167480,-44.270095825195,-41.089073181152,-41.600540161133
2823,0.064013605442,69,80.000000000000,0.700000000000,0.000000000000,0.000000000000,-26.416458950834,-6.868689404325,0.000000000000,-125.408126831055,-46.375331878662,-41.744457244873,-37.288337707520
2824,0.064036281179,69,80.000000000000,0.700000000000,0.000000000000,0.000000000000,-26.416458950834,-7.759781704741,0.000000000000,-142.942348480225,-48.923664093018,-48.139160156250,-45.879524230957
2825,0.064058956916,69,80.000000000000,0.700000000000,0.000000000000,0.000000000000,-26.416458950834,-8.740378247099,0.000000000000,-131.001316070557,-46.218505859375,-43.471298217773,-41.311511993408
2826,0.064081632653,69,80.000000000000,0.700000000000,0.000000000000,0.000000000000,-26.416458950834,-9.481238232450,0.000000000000,-149.315181732178,-51.732849121094,-51.702228546143,-45.880104064941
2827,0.064104308390,69,80.000000000000,0.700000000000,0.000000000000,0.000000000000,-26.416458950834,-11.032650814848,0.000000000000,-144.399349212646,-43.382480621338,-48.451179504395,-52.565689086914
2828,0.064126984127,69,80.000000000000,0.700000000000,0.000000000000,0.000000000000,-26.416458950834,-10.377287731962,0.000000000000,-135.343532562256,-47.013801574707,-43.157405853271,-45.172325134277
2829,0.064149659864,69,80.000000000000,0.700000000000,0.000000000000,0.000000000000,-26.416458950834,-14.301305638151,0.000000000000,-142.742790222168,-49.257198333740,-49.599109649658,-43.886482238770
2830,0.064172335601,69,80.000000000000,0.700000000000,0.000000000000,0.000000000000,-26.416458950834,-11.365118847685,0.000000000000,-142.950904846191,-40.992340087891,-50.072158813477,-51.886405944824
2831,0.064195011338,69,80.000000000000,0.700000000000,0.000000000000,0.000000000000,-26.416458950834,-14.487917767363,0.000000000000,-130.301246643066,-38.590850830078,-41.027313232422,-50.683082580566
2832,0.064217687075,69,80.000000000000,0.700000000000,0.000000000000,0.000000000000,-26.416458950834,-16.201503620939,0.000000000000,-123.460525512695,-44.624961853027,-37.865692138672,-40.969871520996
2833,0.064240362812,69,80.000000000000,0.700000000000,0.000000000000,0.000000000000,-26.416458950834,-14.253336773710,0.000000000000,-128.775611877441,-47.049201965332,-44.008285522461,-37.718124389648
2834,0.064263038549,69,80.000000000000,0.700000000000,0.000000000000,0.000000000000,-26.416458950834,-15.070374356108,0.000000000000,-131.499614715576,-39.926162719727,-48.484821319580,-43.088630676270
2835,0.064285714286,69,80.000000000000,0.700000000000,0.000000000000,0.000000000000,-26.416458950834,-17.858092175322,0.000000000000,-121.263336181641,-27.719360351562,-44.577514648438,-48.966461181641
2836,0.064308390023,69,80.000000000000,0.700000000000,0.000000000000,0.000000000000,-26.416458950834,-18.337484227018,0.000000000000,-98.405181884766,-16.648582458496,-33.917533874512,-47.839065551758
2837,0.064331065760,69,80.000000000000,0.700000000000,0.000000000000,0.000000000000,-26.416458950834,-14.778545246916,0.000000000000,-71.765277862549,-9.897006988525,-22.490509033203,-39.377761840820
2838,0.064353741497,69,80.000000000000,0.700000000000,0.000000000000,0.000000000000,-26.416458950834,-9.871754513578,0.000000000000,-48.875537872314,-6.236003875732,-14.170181274414,-28.469352722168
2839,0.064376417234,69,80.000000000000,0.700000000000,0.000000000000,0.000000000000,-26.416458950834,-6.011050091581,0.000000000000,-31.716793060303,-3.762606620789,-8.838049888611,-19.116136550903
2840,0.064399092971,69,80.000000000000,0.700000000000,0.000000000000,0.000000000000,-26.416458950834,-3.736845837431,0.000000000000,-19.785286903381,-2.190885543823,-5.264584541321,-12.329816818237
2841,0.064421768707,69,80.000000000000,0.700000000000,0.000000000000,0.000000000000,-26.416458950834,-2.648472653227,0.000000000000,-12.010460376740,-1.716221809387,-2.964752197266,-7.329486370087
2842,0.064444444444,69,80.000000000000,0.700000000000,0.000000000000,0.000000000000,-26.416458950834,-2.229882107573,0.000000000000,-8.647768974304,-2.017042160034,-2.085123062134,-4.545603752136
2843,0.064467120181,69,80.000000000000,0.700000000000,0.000000000000,0.000000000000,-26.416458950834,-2.135794506865,0.000000000000,-6.163801193237,-2.380249023438,-1.733330726624,-2.050221443176
2844,0.064489795918,69,80.000000000000,0.700000000000,0.000000000000,0.000000000000,-26.416458950834,-2.172320233183,0.000000000000,-8.412265777588,-2.753573417664,-2.770585060120,-2.888107299805
2845,0.064512471655,69,80.000000000000,0.700000000000,0.000000000000,0.000000000000,-26.416458950834,-2.304488049345,0.000000000000,-5.246803283691,-2.051942825317,-1.731821060181,-1.463039398193
2846,0.064535147392,69,80.000000000000,0.700000000000,0.000000000000,0.000000000000,-26.416458950834,-2.251755581694,0.000000000000,-8.763402938843,-2.834871292114,-3.380752563477,-2.547779083252
2847,0.064557823129,69,80.000000000000,0.700000000000,0.000000000000,0.000000000000,-26.416458950834,-2.960135327177,0.000000000000,-5.919506072998,-0.552651405334,-2.018125534058,-3.348729133606
2848,0.064580498866,69,80.000000000000,0.700000000000,0.000000000000,0.000000000000,-26.416458950834,-1.143643246489,0.000000000000,-3.961152076721,-1.446440696716,-0.962797164917,-1.551914215088
2849,0.064603174603,69,80.000000000000,0.700000000000,0.000000000000,0.000000000000,-26.416458950834,-6.112679348783,0.000000000000,-5.162361145020,-1.337679862976,-2.239024162292,-1.585657119751
2850,0.064625850340,69,80.000000000000,0.700000000000,0.032060525493,0.000037005063,-26.416701282849,3.263846530123,0.039540661338,-2.587597846985,1.255472183228,-1.383416175842,-2.459653854370
2851,0.064648526077,69,80.000000000000,0.700000000000,0.157082464487,0.000000000000,-26.417888603064,-9.295295771500,0.000000000000,0.337129592896,1.623532295227,0.852152824402,-2.138555526733
2852,0.064671201814,69,80.000000000000,0.700000000000,0.000000000000,0.000000000000,-26.417888603064,-1.574989280554,0.000000000000,3.208571434021,-0.080103874207,1.991310119629,1.297365188599
2853,0.064693877551,69,80.000000000000,0.700000000000,0.018505522387,0.000029140157,-26.418028478517,2.570161857752,0.035088055492,-0.684631347656,-1.168627738953,-0.709538459778,1.193534851074
2854,0.064716553288,69,80.000000000000,0.700000000000,0.090792399964,0.000000000000,-26.418714740043,-9.346394257902,0.000000000000,1.116298675537,2.133967399597,-0.719897270203,-0.297771453857
2855,0.064739229025,69,80.000000000000,0.700000000000,0.000000000000,0.000000000000,-26.418714740043,-10.080312945610,0.000000000000,4.912523269653,4.633235931396,0.629486083984,-0.350198745728
2856,0.064761904762,69,80.000000000000,0.700000000000,0.004727700814,0.000016099685,-26.418750474743,1.419992230172,0.026080868420,9.894525527954,8.309102058411,2.323496818542,-0.738073348999
2857,0.064784580499,69,80.000000000000,0.700000000000,0.251572314426,0.000086886817,-26.420652003953,4.825562022594,0.060588514023,19.874811172485,12.491168975830,6.866912841797,0.516729354858
2858,0.064807256236,69,80.000000000000,0.700000000000,0.715460146483,0.000033361302,-26.426059865982,-9.453971773883,0.037543508467,29.406431198120,12.707126617432,11.425222396851,5.274082183838
2859,0.064829931973,69,80.000000000000,0.700000000000,0.000000000000,0.000000000000,-26.426059865982,-30.788829946548,0.000000000000,32.842530250549,10.706498146057,12.071157455444,10.064874649048
2860,0.064852607710,69,80.000000000000,0.700000000000,0.000000000000,0.000000000000,-26.426059865982,-49.027818822891,0.000000000000,32.874935150146,11.190642356873,10.397725105286,11.286567687988
2861,0.064875283447,69,80.000000000000,0.700000000000,0.000000000000,0.000000000000,-26.426059865982,-60.148662710220,0.000000000000,35.446542739868,14.977080345154,10.407715797424,10.061746597290
2862,0.064897959184,69,80.000000000000,0.700000000000,0.000000000000,0.000000000000,-26.426059865982,-65.484920644791,0.000000000000,42.678764343262,19.595283508301,13.377903938293,9.705576896667
2863,0.064920634921,69,80.000000000000,0.700000000000,0.000000000000,0.000000000000,-26.426059865982,-67.523723745377,0.000000000000,52.695216178894,22.890071868896,17.767684936523,12.037459373474
2864,0.064943310658,69,80.000000000000,0.700000000000,0.000000000000,0.000000000000,-26.426059865982,-68.065441274673,0.000000000000,61.631971359253,24.322168350220,21.416189193726,15.893613815308
2865,0.064965986395,69,80.000000000000,0.700000000000,0.000000000000,0.000000000000,-26.426059865982,-68.043613576920,0.000000000000,68.095129013062,24.512294769287,23.693092346191,19.889741897583
2866,0.064988662132,69,80.000000000000,0.700000000000,0.000000000000,0.000000000000,-26.426059865982,-67.768585348160,0.000000000000,70.898328781128,23.861968994141,24.339679718018,22.696680068970
2867,0.065011337868,69,80.000000000000,0.700000000000,0.000000000000,0.000000000000,-26.426059865982,-67.628597402603,0.000000000000,71.220941543579,23.193271636963,24.135515213013,23.892154693604
2868,0.065034013605,69,80.000000000000,0.700000000000,0.000000000000,0.000000000000,-26.426059865982,-66.653659963638,0.000000000000,70.207584381104,22.326208114624,23.723789215088,24.157587051392
2869,0.065056689342,69,80.000000000000,0.700000000000,0.000000000000,0.000000000000,-26.426059865982,-68.085910940201,0.000000000000,68.566802978516,21.212440490723,22.828678131104,24.525684356689
2870,0.065079365079,69,80.000000000000,0.700000000000,0.000000000000,0.000000000000,-26.426059865982,-63.322078847916,0.000000000000,64.120296478271,20.577989578247,21.397060394287,22.145246505737
2871,0.065102040816,69,80.000000000000,0.700000000000,0.000000000000,0.000000000000,-26.426059865982,-70.599754476578,0.000000000000,66.182640075684,20.181758880615,21.970344543457,24.030536651611
2872,0.065124716553,69,80.000000000000,0.700000000000,0.000000000000,0.000000000000,-26.426059865982,-61.259521627457,0.000000000000,56.219451904297,18.158908843994,18.949045181274,19.111497879028
2873,0.065147392290,69,80.000000000000,0.700000000000,0.000000000000,0.000000000000,-26.426059865982,-64.303627157242,0.000000000000,63.875497817993,18.687816619873,21.838098526001,23.349582672119
2874,0.065170068027,69,80.000000000000,0.700000000000,0.000000000000,0.000000000000,-26.426059865982,-69.534778738052,0.000000000000,50.218664169312,14.499456405640,15.528694152832,20.190513610840
2875,0.065192743764,69,80.000000000000,0.700000000000,0.000000000000,0.000000000000,-26.426059865982,-61.987560415298,0.000000000000,51.791423797607,19.343324661255,17.148345947266,15.299753189087
2876,0.065215419501,69,80.000000000000,0.700000000000,0.000000000000,0.000000000000,-26.426059865982,-57.110912466080,0.000000000000,55.933856964111,16.335250854492,19.728057861328,19.870548248291
2877,0.065238095238,69,80.000000000000,0.700000000000,0.000000000000,0.000000000000,-26.426059865982,-62.214294576675,0.000000000000,49.920335769653,15.255200386047,15.082549095154,19.582586288452
2878,0.065260770975,69,80.000000000000,0.700000000000,0.000000000000,0.000000000000,-26.426059865982,-67.564037466080,0.000000000000,48.155224800110,19.355102539062,15.090809822083,13.709312438965
2879,0.065283446712,69,80.000000000000,0.700000000000,0.000000000000,0.000000000000,-26.426059865982,-64.893238210709,0.000000000000,53.093199729919,17.982282638550,20.134906768799,14.976010322571
2880,0.065306122449,69,80.000000000000,0.700000000000,0.000000000000,0.000000000000,-26.426059865982,-56.482975149185,0.000000000000,53.696771621704,12.556425094604,19.877349853516,21.262996673584
2881,0.065328798186,69,80.000000000000,0.700000000000,0.000000000000,0.000000000000,-26.426059865982,-47.907333517105,0.000000000000,46.356157302856,11.707112312317,13.552073478699,21.096971511841
2882,0.065351473923,69,80.000000000000,0.700000000000,0.000000000000,0.000000000000,-26.426059865982,-41.904762411148,0.000000000000,43.646736145020,18.347806930542,10.369228363037,14.929700851440
2883,0.065374149660,69,80.000000000000,0.700000000000,0.000000000000,0.000000000000,-26.426059865982,-38.455904150040,0.000000000000,52.012232780457,27.747016906738,14.384064674377,9.881151199341
2884,0.065396825397,69,80.000000000000,0.700000000000,0.000000000000,0.000000000000,-26.426059865982,-36.579887533218,0.000000000000,70.394661903381,35.182983398438,23.058811187744,12.152867317200
2885,0.065419501134,69,80.000000000000,0.700000000000,0.000000000000,0.000000000000,-26.426059865982,-35.440243864090,0.000000000000,87.500270843506,39.000503540039,30.594009399414,17.905757904053
2886,0.065442176871,69,80.000000000000,0.700000000000,0.000000000000,0.000000000000,-26.426059865982,-34.576252126724,0.000000000000,105.081649780273,40.982070922852,37.230407714844,26.869171142578
2887,0.065464852608,69,80.000000000000,0.700000000000,0.000000000000,0.000000000000,-26.426059865982,-33.845262670547,0.000000000000,112.971626281738,39.945365905762,39.137306213379,33.888954162598
2888,0.065487528345,69,80.000000000000,0.700000000000,0.000000000000,0.000000000000,-26.426059865982,-33.049452924759,0.000000000000,117.134330749512,40.539306640625,39.906372070312,36.688652038574
2889,0.065510204082,69,80.000000000000,0.700000000000,0.000000000000,0.000000000000,-26.426059865982,-32.659149313004,0.000000000000,120.822792053223,39.653732299805,41.350257873535,39.818801879883
2890,0.065532879819,69,80.000000000000,0.700000000000,0.000000000000,0.000000000000,-26.426059865982,-31.344426298172,0.000000000000,117.334342956543,36.904891967773,39.690341949463,40.739109039307
2891,0.065555555556,69,80.000000000000,0.700000000000,0.000000000000,0.000000000000,-26.426059865982,-32.081211233170,0.000000000000,116.470191955566,37.007297515869,37.767684936523,41.695209503174
2892,0.065578231293,69,80.000000000000,0.700000000000,0.000000000000,0.000000000000,-26.426059865982,-29.773719930679,0.000000000000,108.898235321045,38.322872161865,35.949527740479,34.625835418701
2893,0.065600907029,69,80.000000000000,0.700000000000,0.000000000000,0.000000000000,-26.426059865982,-30.317023420364,0.000000000000,121.825889587402,38.709426879883,41.737697601318,41.378765106201
2894,0.065623582766,69,80.000000000000,0.700000000000,0.000000000000,0.000000000000,-26.426059865982,-30.703913831741,0.000000000000,102.695775985718,31.094224929810,35.055263519287,36.546287536621
2895,0.065646258503,69,80.000000000000,0.700000000000,0.000000000000,0.000000000000,-26.426059865982,-28.478869581253,0.000000000000,108.814231872559,31.460369110107,38.720298767090,38.633563995361
2896,0.065668934240,69,80.000000000000,0.700000000000,0.000000000000,0.000000000000,-26.426059865982,-27.491461896927,0.000000000000,92.838792800903,19.603086471558,31.021873474121,42.213832855225
2897,0.065691609977,69,80.000000000000,0.700000000000,0.000000000000,0.000000000000,-26.426059865982,-28.906673574478,0.000000000000,72.286109924316,20.951791763306,20.915147781372,30.419170379639
2898,0.065714285714,69,80.000000000000,0.700000000000,0.000000000000,0.000000000000,-26.426059865982,-29.974391126663,0.000000000000,71.057088851929,23.385311126709,24.306962966919,23.364814758301
2899,0.065736961451,69,80.000000000000,0.700000000000,0.000000000000,0.000000000000,-26.426059865982,-28.887413167984,0.000000000000,68.291841506958,15.919305801392,24.608243942261,27.764291763306
2900,0.065759637188,69,80.000000000000,0.700000000000,0.000000000000,0.000000000000,-26.426059865982,-26.271233701736,0.000000000000,55.807220458984,13.709560394287,16.011894226074,26.085765838623
2901,0.065782312925,69,80.000000000000,0.700000000000,0.000000000000,0.000000000000,-26.426059865982,-23.520143651993,0.000000000000,49.045517921448,20.239629745483,12.490679740906,16.315208435059
2902,0.065804988662,69,80.000000000000,0.700000000000,0.000000000000,0.000000000000,-26.426059865982,-21.447025442154,0.000000000000,54.494283676147,24.166814804077,18.791877746582,11.535591125488
2903,0.065827664399,69,80.000000000000,0.700000000000,0.000000000000,0.000000000000,-26.426059865982,-20.164162778885,0.000000000000,62.390558242798,18.647098541260,25.184125900269,18.559333801270
2904,0.065850340136,69,80.000000000000,0.700000000000,0.000000000000,0.000000000000,-26.426059865982,-19.463995122940,0.000000000000,51.509579181671,7.339359760284,21.697357177734,22.472862243652
2905,0.065873015873,69,80.000000000000,0.700000000000,0.000000000000,0.000000000000,-26.426059865982,-19.111085081131,0.000000000000,40.784531354904,-2.014677286148,15.196970939636,27.602237701416
2906,0.065895691610,69,80.000000000000,0.700000000000,0.000000000000,0.000000000000,-26.426059865982,-18.946263456375,0.000000000000,6.700552940369,-10.452558517456,0.565297126770,16.587814331055
2907,0.065918367347,69,80.000000000000,0.700000000000,0.000000000000,0.000000000000,-26.426059865982,-18.863474035294,0.000000000000,-4.689277410507,-10.035289764404,-2.867659330368,8.213671684265
2908,0.065941043084,69,80.000000000000,0.700000000000,0.000000000000,0.000000000000,-26.426059865982,-18.892906332047,0.000000000000,-22.816990137100,-15.969167709351,-9.831178665161,2.983356237411
2909,0.065963718821,69,80.000000000000,0.700000000000,0.000000000000,0.000000000000,-26.426059865982,-18.724409246475,0.000000000000,-37.590629577637,-13.417634963989,-15.416234016418,-8.756760597229
2910,0.065986394558,69,80.000000000000,0.700000000000,0.000000000000,0.000000000000,-26.426059865982,-19.233175420792,0.000000000000,-37.765628814697,-12.065427780151,-11.946522712708,-13.753678321838
2911,0.066009070295,69,80.000000000000,0.700000000000,0.000000000000,0.000000000000,-26.426059865982,-18.329665327103,0.000000000000,-37.308723449707,-16.322776794434,-11.522975921631,-9.462970733643
2912,0.066031746032,69,80.000000000000,0.700000000000,0.000000000000,0.000000000000,-26.426059865982,-19.463041448624,0.000000000000,-44.426604270935,-15.907519340515,-17.028106689453,-11.490978240967
2913,0.066054421769,69,80.000000000000,0.700000000000,0.000000000000,0.000000000000,-26.426059865982,-19.448475027115,0.000000000000,-44.639336585999,-10.884415626526,-17.035390853882,-16.719530105591
2914,0.066077097506,69,80.000000000000,0.700000000000,0.000000000000,0.000000000000,-26.426059865982,-17.952619695694,0.000000000000,-42.814988136292,-10.704966545105,-12.800928115845,-19.309093475342
2915,0.066099773243,69,80.000000000000,0.700000000000,0.000000000000,0.000000000000,-26.426059865982,-18.649149084122,0.000000000000,-37.423469543457,-16.243583679199,-7.984673500061,-13.195212364197
2916,0.066122448980,69,80.000000000000,0.700000000000,0.000000000000,0.000000000000,-26.426059865982,-21.078683042557,0.000000000000,-48.535625934601,-27.912925720215,-12.933650970459,-7.689049243927
2917,0.066145124717,69,80.000000000000,0.700000000000,0.000000000000,0.000000000000,-26.426059865982,-21.546891355545,0.000000000000,-67.665612220764,-34.756244659424,-22.374273300171,-10.535094261169
2918,0.066167800454,69,80.000000000000,0.700000000000,0.000000000000,0.000000000000,-26.426059865982,-18.540928983719,0.000000000000,-85.845935821533,-38.994277954102,-29.543827056885,-17.307830810547
2919,0.066190476190,69,80.000000000000,0.700000000000,0.000000000000,0.000000000000,-26.426059865982,-13.696357870132,0.000000000000,-103.462940216064,-43.125099182129,-36.004135131836,-24.333705902100
2920,0.066213151927,69,80.000000000000,0.700000000000,0.000000000000,0.000000000000,-26.426059865982,-9.321605825455,0.000000000000,-117.575218200684,-43.818607330322,-41.613464355469,-32.143146514893
2921,0.066235827664,69,80.000000000000,0.700000000000,0.000000000000,0.000000000000,-26.426059865982,-6.584705495865,0.000000000000,-123.853263854980,-41.388813018799,-43.443321228027,-39.021129608154
2922,0.066258503401,69,80.000000000000,0.700000000000,0.000000000000,0.000000000000,-26.426059865982,-5.461143636734,0.000000000000,-124.437561035156,-39.777687072754,-41.889797210693,-42.770076751709
2923,0.066281179138,69,80.000000000000,0.700000000000,0.000000000000,0.000000000000,-26.426059865982,-5.422056341202,0.000000000000,-121.799907684326,-40.854103088379,-39.798530578613,-41.147274017334
2924,0.066303854875,69,80.000000000000,0.700000000000,0.000000000000,0.000000000000,-26.426059865982,-5.956871175797,0.000000000000,-126.573654174805,-43.714954376221,-40.813350677490,-42.045349121094
2925,0.066326530612,69,80.000000000000,0.700000000000,0.000000000000,0.000000000000,-26.426059865982,-6.750469350845,0.000000000000,-123.599205017090,-45.853961944580,-40.908679962158,-36.836563110352
2926,0.066349206349,69,80.000000000000,0.700000000000,0.000000000000,0.000000000000,-26.426059865982,-7.624199056656,0.000000000000,-141.520366668701,-48.778709411621,-47.687492370605,-45.054164886475
2927,0.066371882086,69,80.000000000000,0.700000000000,0.000000000000,0.000000000000,-26.426059865982,-8.613144063980,0.000000000000,-130.383712768555,-45.966262817383,-43.106155395508,-41.311294555664
2928,0.066394557823,69,80.000000000000,0.700000000000,0.000000000000,0.000000000000,-26.426059865982,-9.310896062881,0.000000000000,-146.858898162842,-51.739707946777,-50.870601654053,-44.248588562012
2929,0.066417233560,69,80.000000000000,0.700000000000,0.000000000000,0.000000000000,-26.426059865982,-10.954873228104,0.000000000000,-145.382446289062,-43.877929687500,-49.278945922852,-52.225570678711
2930,0.066439909297,69,80.000000000000,0.700000000000,0.000000000000,0.000000000000,-26.426059865982,-10.158554220230,0.000000000000,-135.991638183594,-46.422431945801,-43.177757263184,-46.391448974609
2931,0.066462585034,69,80.000000000000,0.700000000000,0.000000000000,0.000000000000,-26.426059865982,-14.153089666397,0.000000000000,-141.331493377686,-49.556655883789,-48.637714385986,-43.137123107910
2932,0.066485260771,69,80.000000000000,0.700000000000,0.000000000000,0.000000000000,-26.426059865982,-11.441608572037,0.000000000000,-143.373645782471,-41.978458404541,-50.770866394043,-50.624320983887
2933,0.066507936508,69,80.000000000000,0.700000000000,0.000000000000,0.000000000000,-26.426059865982,-14.068455839188,0.000000000000,-132.760131835938,-38.375946044922,-42.515365600586,-51.868820190430
2934,0.066530612245,69,80.000000000000,0.700000000000,0.000000000000,0.000000000000,-26.426059865982,-16.178173208267,0.000000000000,-124.366950988770,-43.722099304199,-37.710556030273,-42.934295654297
2935,0.066553287982,69,80.000000000000,0.700000000000,0.000000000000,0.000000000000,-26.426059865982,-14.415980482132,0.000000000000,-127.448238372803,-47.156379699707,-42.629924774170,-37.661933898926
2936,0.066575963719,69,80.000000000000,0.700000000000,0.000000000000,0.000000000000,-26.426059865982,-14.809530401260,0.000000000000,-131.070125579834,-41.520244598389,-48.094421386719,-41.455459594727
2937,0.066598639456,69,80.000000000000,0.700000000000,0.000000000000,0.000000000000,-26.426059865982,-17.522720479996,0.000000000000,-123.829517364502,-29.862926483154,-46.031585693359,-47.935005187988
2938,0.066621315193,69,80.000000000000,0.700000000000,0.000000000000,0.000000000000,-26.426059865982,-18.505038404495,0.000000000000,-103.739025115967,-18.399665832520,-36.488559722900,-48.850799560547
2939,0.066643990930,69,80.000000000000,0.700000000000,0.000000000000,0.000000000000,-26.426059865982,-15.550823354752,0.000000000000,-77.965438842773,-10.958618164062,-24.961345672607,-42.045475006104
2940,0.066666666667,69,80.000000000000,0.700000000000,0.000000000000,0.000000000000,-26.426059865982,-10.747733259232,0.000000000000,-54.317043781281,-6.855149745941,-15.949561119080,-31.512332916260
2941,0.066689342404,69,80.000000000000,0.700000000000,0.000000000000,0.000000000000,-26.426059865982,-6.672718191177,0.000000000000,-35.837667465210,-4.168235778809,-10.010818481445,-21.658613204956
2942,0.066712018141,69,80.000000000000,0.700000000000,0.000000000000,0.000000000000,-26.426059865982,-4.136707448990,0.000000000000,-22.675476551056,-2.409987449646,-6.041802883148,-14.223686218262
2943,0.066734693878,69,80.000000000000,0.700000000000,0.000000000000,0.000000000000,-26.426059865982,-2.861612463028,0.000000000000,-13.773766517639,-1.753058433533,-3.406689643860,-8.614018440247
2944,0.066757369615,69,80.000000000000,0.700000000000,0.000000000000,0.000000000000,-26.426059865982,-2.338840627701,0.000000000000,-9.640493869781,-1.958450317383,-2.269857406616,-5.412186145782
2945,0.066780045351,69,80.000000000000,0.700000000000,0.000000000000,0.000000000000,-26.426059865982,-2.195350790054,0.000000000000,-6.392307281494,-2.305980682373,-1.681847572327,-2.404479026794
2946,0.066802721088,69,80.000000000000,0.700000000000,0.000000000000,0.000000000000,-26.426059865982,-2.207677984268,0.000000000000,-8.480906486511,-2.762806892395,-2.741458892822,-2.976640701294
2947,0.066825396825,69,80.000000000000,0.700000000000,0.000000000000,0.000000000000,-26.426059865982,-2.344059133560,0.000000000000,-5.294417381287,-2.055401802063,-1.685732841492,-1.553282737732
2948,0.066848072562,69,80.000000000000,0.700000000000,0.000000000000,0.000000000000,-26.426059865982,-2.246967458755,0.000000000000,-8.511040687561,-2.931259155273,-3.299508094788,-2.280273437500
2949,0.066870748299,69,80.000000000000,0.700000000000,0.000000000000,0.000000000000,-26.426059865982,-3.082294607193,0.000000000000,-6.429806709290,-0.717915534973,-2.292101860046,-3.419789314270
2950,0.066893424036,69,80.000000000000,0.700000000000,0.000000000000,0.000000000000,-26.426059865982,-0.979124212296,0.000000000000,-4.185821533203,-1.369863510132,-0.985902786255,-1.830055236816
2951,0.066916099773,69,80.000000000000,0.700000000000,0.000000000000,0.000000000000,-26.426059865982,-6.396345281631,0.000000000000,-5.196012496948,-1.542546272278,-2.157129287720,-1.496336936951
2952,0.066938775510,69,80.000000000000,0.700000000000,0.031368355840,0.000036655563,-26.426296966177,3.233020639389,0.039353494489,-3.099159240723,0.947690963745,-1.707906723022,-2.338943481445
2953,0.066961451247,69,80.000000000000,0.700000000000,0.153700745865,0.000000000000,-26.427458725405,-8.664326543032,0.000000000000,-0.494152069092,1.694250106812,0.415538787842,-2.603940963745
2954,0.066984126984,69,80.000000000000,0.700000000000,0.000000000000,0.000000000000,-26.427458725405,-2.691878281069,0.000000000000,2.999803543091,0.186270713806,2.082779884338,0.730752944946
2955,0.067006802721,69,80.000000000000,0.700000000000,0.025370010396,0.000033424544,-26.427650486633,2.948044814634,0.037579076628,-0.310414314270,-1.292531013489,-0.353414535522,1.335531234741
2956,0.067029478458,69,80.000000000000,0.700000000000,0.124380435705,0.000000000000,-26.428590625981,-8.097814394925,0.000000000000,0.731874465942,1.601724624634,-0.819841384888,-0.050008773804
2957,0.067052154195,69,80.000000000000,0.700000000000,0.000000000000,0.000000000000,-26.428590625981,-10.838552326420,0.000000000000,4.086612701416,4.059782028198,0.288323402405,-0.261492729187
2958,0.067074829932,69,80.000000000000,0.700000000000,0.000000000000,0.000000000000,-26.428590625981,-0.155273288944,0.000000000000,8.381723403931,7.563583374023,1.624341964722,-0.806201934814
2959,0.067097505669,69,80.000000000000,0.700000000000,0.096891304152,0.000059854029,-26.429322986556,5.279125362179,0.050287500707,17.479812622070,11.982009887695,5.757025718689,-0.259222984314
2960,0.067120181406,69,80.000000000000,0.700000000000,0.530255211319,0.000047751882,-26.433330962454,-6.302898176706,0.044916778785,27.318696975708,12.788839340210,10.664955139160,3.864902496338
2961,0.067142857143,69,80.000000000000,0.700000000000,0.000000000000,0.000000000000,-26.433330962454,-27.006287047659,0.000000000000,31.959374427795,10.865733146667,12.077857971191,9.015783309937
2962,0.067165532880,69,80.000000000000,0.700000000000,0.000000000000,0.000000000000,-26.433330962454,-46.056759307181,0.000000000000,32.579797744751,10.848612785339,10.602956771851,11.128228187561
2963,0.067188208617,69,80.000000000000,0.700000000000,0.000000000000,0.000000000000,-26.433330962454,-58.376562545096,0.000000000000,34.587260246277,14.196633338928,10.117614746094,10.273012161255
2964,0.067210884354,69,80.000000000000,0.700000000000,0.000000000000,0.000000000000,-26.433330962454,-64.620953032767,0.000000000000,40.805070877075,18.794960021973,12.518222808838,9.491888046265
2965,0.067233560091,69,80.000000000000,0.700000000000,0.000000000000,0.000000000000,-26.433330962454,-67.164322325980,0.000000000000,50.280044555664,22.359714508057,16.744798660278,11.175531387329
2966,0.067256235828,69,80.000000000000,0.700000000000,0.000000000000,0.000000000000,-26.433330962454,-67.932648131644,0.000000000000,59.398112297058,24.090450286865,20.603816986084,14.703845024109
2967,0.067278911565,69,80.000000000000,0.700000000000,0.000000000000,0.000000000000,-26.433330962454,-68.002399871146,0.000000000000,66.506011962891,24.490516662598,23.233760833740,18.781734466553
2968,0.067301587302,69,80.000000000000,0.700000000000,0.000000000000,0.000000000000,-26.433330962454,-67.747402617728,0.000000000000,70.116321563721,23.940742492676,24.202617645264,21.972961425781
2969,0.067324263039,69,80.000000000000,0.700000000000,0.000000000000,0.000000000000,-26.433330962454,-67.664230773245,0.000000000000,71.019922256470,23.296602249146,24.153923034668,23.569396972656
2970,0.067346938776,69,80.000000000000,0.700000000000,0.000000000000,0.000000000000,-26.433330962454,-66.581104705130,0.000000000000,70.295263290405,22.472345352173,23.830162048340,23.992755889893
2971,0.067369614512,69,80.000000000000,0.700000000000,0.000000000000,0.000000000000,-26.433330962454,-68.263805815970,0.000000000000,69.141370773315,21.350997924805,23.065559387207,24.724813461304
2972,0.067392290249,69,80.000000000000,0.700000000000,0.000000000000,0.000000000000,-26.433330962454,-63.180225798880,0.000000000000,64.385454177856,20.647628784180,21.499984741211,22.237840652466
2973,0.067414965986,69,80.000000000000,0.700000000000,0.000000000000,0.000000000000,-26.433330962454,-70.531067321097,0.000000000000,66.901092529297,20.354129791260,22.191272735596,24.355690002441
2974,0.067437641723,69,80.000000000000,0.700000000000,0.000000000000,0.000000000000,-26.433330962454,-61.919392058646,0.000000000000,56.626579284668,18.298524856567,19.009204864502,19.318849563599
2975,0.067460317460,69,80.000000000000,0.700000000000,0.000000000000,0.000000000000,-26.433330962454,-63.571056792532,0.000000000000,64.121364593506,18.952049255371,22.097492218018,23.071823120117
2976,0.067482993197,69,80.000000000000,0.700000000000,0.000000000000,0.000000000000,-26.433330962454,-69.480602690970,0.000000000000,51.948123931885,14.534214019775,16.168136596680,21.245773315430
2977,0.067505668934,69,80.000000000000,0.700000000000,0.000000000000,0.000000000000,-26.433330962454,-63.083836028372,0.000000000000,51.315371513367,19.062080383301,16.696487426758,15.556803703308
2978,0.067528344671,69,80.000000000000,0.700000000000,0.000000000000,0.000000000000,-26.433330962454,-57.247517058646,0.000000000000,55.681762695312,16.686395645142,19.809530258179,19.185836791992
2979,0.067551020408,69,80.000000000000,0.700000000000,0.000000000000,0.000000000000,-26.433330962454,-61.236675689017,0.000000000000,50.980924606323,15.043268203735,15.668972015381,20.268684387207
2980,0.067573696145,69,80.000000000000,0.700000000000,0.000000000000,0.000000000000,-26.433330962454,-67.060715148245,0.000000000000,48.122620582581,18.997512817383,14.601850509644,14.523257255554
2981,0.067596371882,69,80.000000000000,0.700000000000,0.000000000000,0.000000000000,-26.433330962454,-65.718532988821,0.000000000000,51.978378295898,18.490055084229,19.432207107544,14.056116104126
2982,0.067619047619,69,80.000000000000,0.700000000000,0.000000000000,0.000000000000,-26.433330962454,-58.003719756400,0.000000000000,53.846414566040,13.201354980469,20.465059280396,20.180000305176
2983,0.067641723356,69,80.000000000000,0.700000000000,0.000000000000,0.000000000000,-26.433330962454,-49.307602355277,0.000000000000,47.885035514832,11.355093002319,14.759785652161,21.770156860352
2984,0.067664399093,69,80.000000000000,0.700000000000,0.000000000000,0.000000000000,-26.433330962454,-42.850618788992,0.000000000000,43.936194419861,16.906358718872,10.471688270569,16.558147430420
2985,0.067687074830,69,80.000000000000,0.700000000000,0.000000000000,0.000000000000,-26.433330962454,-38.998401114737,0.000000000000,49.631884574890,26.090774536133,12.996569633484,10.544540405273
2986,0.067709750567,69,80.000000000000,0.700000000000,0.000000000000,0.000000000000,-26.433330962454,-36.883287856375,0.000000000000,66.205739974976,33.977703094482,21.054355621338,11.173681259155
2987,0.067732426304,69,80.000000000000,0.700000000000,0.000000000000,0.000000000000,-26.433330962454,-35.634211966788,0.000000000000,82.875969886780,38.321807861328,28.749134063721,15.805027961731
2988,0.067755102041,69,80.000000000000,0.700000000000,0.000000000000,0.000000000000,-26.433330962454,-34.726123282706,0.000000000000,101.120052337646,40.757812500000,35.984550476074,24.377689361572
2989,0.067777777778,69,80.000000000000,0.700000000000,0.000000000000,0.000000000000,-26.433330962454,-33.985657164847,0.000000000000,110.759258270264,39.927040100098,38.657356262207,32.174861907959
2990,0.067800453515,69,80.000000000000,0.700000000000,0.000000000000,0.000000000000,-26.433330962454,-33.163893172537,0.000000000000,115.682819366455,40.482032775879,39.557464599609,35.643321990967
2991,0.067823129252,69,80.000000000000,0.700000000000,0.000000000000,0.000000000000,-26.433330962454,-32.806950995718,0.000000000000,120.200733184814,39.893302917480,41.241085052490,39.066345214844
2992,0.067845804989,69,80.000000000000,0.700000000000,0.000000000000,0.000000000000,-26.433330962454,-31.424763152396,0.000000000000,117.471851348877,37.135971069336,40.024246215820,40.311634063721
2993,0.067868480726,69,80.000000000000,0.700000000000,0.000000000000,0.000000000000,-26.433330962454,-32.191283652579,0.000000000000,117.405406951904,36.855018615723,38.186786651611,42.363601684570
2994,0.067891156463,69,80.000000000000,0.700000000000,0.000000000000,0.000000000000,-26.433330962454,-29.973053405081,0.000000000000,108.483119964600,38.080131530762,35.551818847656,34.851169586182
2995,0.067913832200,69,80.000000000000,0.700000000000,0.000000000000,0.000000000000,-26.433330962454,-30.243078658377,0.000000000000,121.724845886230,39.189437866211,41.602577209473,40.932830810547
2996,0.067936507937,69,80.000000000000,0.700000000000,0.000000000000,0.000000000000,-26.433330962454,-30.831837127005,0.000000000000,104.164985656738,31.795345306396,35.438922882080,36.930717468262
2997,0.067959183673,69,80.000000000000,0.700000000000,0.000000000000,0.000000000000,-26.433330962454,-28.793995330130,0.000000000000,109.141349792480,32.348598480225,38.991779327393,37.800971984863
2998,0.067981859410,69,80.000000000000,0.700000000000,0.000000000000,0.000000000000,-26.433330962454,-27.508681723868,0.000000000000,96.713088989258,20.723701477051,33.016857147217,42.972530364990
2999,0.068004535147,69,80.000000000000,0.700000000000,0.000000000000,0.000000000000,-26.433330962454,-28.683602759634,0.000000000000,75.797508239746,20.656702041626,21.988599777222,33.152206420898
3000,0.068027210884,69,80.000000000000,0.700000000000,0.000000000000,0.000000000000,-26.433330962454,-29.933805892264,0.000000000000,71.671012878418,23.662433624268,23.878080368042,24.130498886108
3001,0.068049886621,69,80.000000000000,0.700000000000,0.000000000000,0.000000000000,-26.433330962454,-29.196317145621,0.000000000000,69.513080596924,16.847045898438,25.364540100098,27.301494598389
3002,0.068072562358,69,80.000000000000,0.700000000000,0.000000000000,0.000000000000,-26.433330962454,-26.772880027091,0.000000000000,58.453290939331,13.471956253052,17.520639419556,27.460695266724
3003,0.068095238095,69,80.000000000000,0.700000000000,0.000000000000,0.000000000000,-26.433330962454,-24.000803420340,0.000000000000,50.181733131409,19.216167449951,12.416937828064,18.548627853394
3004,0.068117913832,69,80.000000000000,0.700000000000,0.000000000000,0.000000000000,-26.433330962454,-21.800549933707,0.000000000000,52.870695114136,24.039428710938,17.256532669067,11.574733734131
3005,0.068140589569,69,80.000000000000,0.700000000000,0.000000000000,0.000000000000,-26.433330962454,-20.386817405020,0.000000000000,61.573001861572,20.031490325928,24.543689727783,16.997821807861
3006,0.068163265306,69,80.000000000000,0.700000000000,0.000000000000,0.000000000000,-26.433330962454,-19.593648383414,0.000000000000,52.936923980713,9.272922515869,22.675979614258,20.988021850586
3007,0.068185941043,69,80.000000000000,0.700000000000,0.000000000000,0.000000000000,-26.433330962454,-19.185658881461,0.000000000000,45.262577056885,-0.284135818481,17.569850921631,27.976861953735
3008,0.068208616780,69,80.000000000000,0.700000000000,0.000000000000,0.000000000000,-26.433330962454,-18.992318579947,0.000000000000,12.739520072937,-9.517461776733,2.950505256653,19.306476593018
3009,0.068231292517,69,80.000000000000,0.700000000000,0.000000000000,0.000000000000,-26.433330962454,-18.890459487235,0.000000000000,-0.693831920624,-9.533926010132,-1.527619838715,10.367713928223
3010,0.068253968254,69,80.000000000000,0.700000000000,0.000000000000,0.000000000000,-26.433330962454,-18.923804709708,0.000000000000,-18.300745010376,-15.511956214905,-8.240416526794,5.451627731323
3011,0.068276643991,69,80.000000000000,0.700000000000,0.000000000000,0.000000000000,-26.433330962454,-18.720726439749,0.000000000000,-34.700698375702,-13.737183570862,-14.905371665955,-6.058143138885
3012,0.068299319728,69,80.000000000000,0.700000000000,0.000000000000,0.000000000000,-26.433330962454,-19.271554419791,0.000000000000,-37.498195648193,-11.873015403748,-12.384105682373,-13.241074562073
3013,0.068321995465,69,80.000000000000,0.700000000000,0.000000000000,0.000000000000,-26.433330962454,-18.353775450980,0.000000000000,-36.735280990601,-15.881391525269,-11.035227775574,-9.818661689758
3014,0.068344671202,69,80.000000000000,0.700000000000,0.000000000000,0.000000000000,-26.433330962454,-19.366749236380,0.000000000000,-43.094734191895,-16.285951614380,-16.250375747681,-10.558406829834
3015,0.068367346939,69,80.000000000000,0.700000000000,0.000000000000,0.000000000000,-26.433330962454,-19.578245589529,0.000000000000,-44.248240470886,-11.427121162415,-17.366647720337,-15.454471588135
3016,0.068390022676,69,80.000000000000,0.700000000000,0.000000000000,0.000000000000,-26.433330962454,-18.081024596487,0.000000000000,-43.801058769226,-10.369734764099,-13.892723083496,-19.538600921631
3017,0.068412698413,69,80.000000000000,0.700000000000,0.000000000000,0.000000000000,-26.433330962454,-18.417902419363,0.000000000000,-37.772581100464,-14.741563796997,-8.196654319763,-14.834362983704
3018,0.068435374150,69,80.000000000000,0.700000000000,0.000000000000,0.000000000000,-26.433330962454,-20.792337844168,0.000000000000,-45.790319442749,-26.070980072021,-11.360304832458,-8.359034538269
3019,0.068458049887,69,80.000000000000,0.700000000000,0.000000000000,0.000000000000,-26.433330962454,-21.720893332755,0.000000000000,-63.198989868164,-33.569355010986,-20.294519424438,-9.335115432739
3020,0.068480725624,69,80.000000000000,0.700000000000,0.000000000000,0.000000000000,-26.433330962454,-19.243648001944,0.000000000000,-81.155769348145,-38.110214233398,-27.768894195557,-15.276660919189
3021,0.068503401361,69,80.000000000000,0.700000000000,0.000000000000,0.000000000000,-26.433330962454,-14.592686126029,0.000000000000,-99.007328033447,-42.528175354004,-34.412872314453,-22.066280364990
3022,0.068526077098,69,80.000000000000,0.700000000000,0.000000000000,0.000000000000,-26.433330962454,-10.065170714652,0.000000000000,-114.169235229492,-43.829692840576,-40.514255523682,-29.825286865234
3023,0.068548752834,69,80.000000000000,0.700000000000,0.000000000000,0.000000000000,-26.433330962454,-7.033495375906,0.000000000000,-122.105697631836,-41.698989868164,-43.206790924072,-37.199916839600
3024,0.068571428571,69,80.000000000000,0.700000000000,0.000000000000,0.000000000000,-26.433330962454,-5.646160552298,0.000000000000,-124.201107025146,-39.821548461914,-42.222000122070,-42.157558441162
3025,0.068594104308,69,80.000000000000,0.700000000000,0.000000000000,0.000000000000,-26.433330962454,-5.436247298514,0.000000000000,-121.534965515137,-40.467979431152,-39.930137634277,-41.136848449707
3026,0.068616780045,69,80.000000000000,0.700000000000,0.000000000000,0.000000000000,-26.433330962454,-5.881189772879,0.000000000000,-126.357490539551,-43.173732757568,-40.645271301270,-42.538486480713
3027,0.068639455782,69,80.000000000000,0.700000000000,0.000000000000,0.000000000000,-26.433330962454,-6.635570952689,0.000000000000,-121.994171142578,-45.301406860352,-40.115257263184,-36.577507019043
3028,0.068662131519,69,80.000000000000,0.700000000000,0.000000000000,0.000000000000,-26.433330962454,-7.487904021536,0.000000000000,-139.980342864990,-48.602790832520,-47.181270599365,-44.196281433105
3029,0.068684807256,69,80.000000000000,0.700000000000,0.000000000000,0.000000000000,-26.433330962454,-8.486557433402,0.000000000000,-129.874763488770,-45.703777313232,-42.778266906738,-41.392719268799
3030,0.068707482993,69,80.000000000000,0.700000000000,0.000000000000,0.000000000000,-26.433330962454,-9.135593840872,0.000000000000,-144.330909729004,-51.680068969727,-49.930530548096,-42.720310211182
3031,0.068730158730,69,80.000000000000,0.700000000000,0.000000000000,0.000000000000,-26.433330962454,-10.876499602591,0.000000000000,-145.867160797119,-44.405128479004,-49.965888977051,-51.496143341064
3032,0.068752834467,69,80.000000000000,0.700000000000,0.000000000000,0.000000000000,-26.433330962454,-9.947039077078,0.000000000000,-136.842670440674,-45.874618530273,-43.392719268799,-47.575332641602
3033,0.068775510204,69,80.000000000000,0.700000000000,0.000000000000,0.000000000000,-26.433330962454,-13.978047797476,0.000000000000,-140.124885559082,-49.713676452637,-47.651481628418,-42.759727478027
3034,0.068798185941,69,80.000000000000,0.700000000000,0.000000000000,0.000000000000,-26.433330962454,-11.530687758719,0.000000000000,-143.324558258057,-42.976783752441,-51.170719146729,-49.177055358887
3035,0.068820861678,69,80.000000000000,0.700000000000,0.000000000000,0.000000000000,-26.433330962454,-13.667134711539,0.000000000000,-134.929912567139,-38.337608337402,-44.039134979248,-52.553169250488
3036,0.068843537415,69,80.000000000000,0.700000000000,0.000000000000,0.000000000000,-26.433330962454,-16.098984191214,0.000000000000,-125.721412658691,-42.835525512695,-37.904602050781,-44.981285095215
3037,0.068866213152,69,80.000000000000,0.700000000000,0.000000000000,0.000000000000,-26.433330962454,-14.586565444266,0.000000000000,-126.555316925049,-47.061744689941,-41.356678009033,-38.136894226074
3038,0.068888888889,69,80.000000000000,0.700000000000,0.000000000000,0.000000000000,-26.433330962454,-14.596550414359,0.000000000000,-130.363471984863,-42.905883789062,-47.403419494629,-40.054168701172
3039,0.068911564626,69,80.000000000000,0.700000000000,0.000000000000,0.000000000000,-26.433330962454,-17.168996283804,0.000000000000,-125.660594940186,-31.963516235352,-47.109336853027,-46.587741851807
3040,0.068934240363,69,80.000000000000,0.700000000000,0.000000000000,0.000000000000,-26.433330962454,-18.584804007803,0.000000000000,-108.438449859619,-20.237739562988,-38.890323638916,-49.310386657715
3041,0.068956916100,69,80.000000000000,0.700000000000,0.000000000000,0.000000000000,-26.433330962454,-16.244423339163,0.000000000000,-83.974319458008,-12.127929687500,-27.495906829834,-44.350482940674
3042,0.068979591837,69,80.000000000000,0.700000000000,0.000000000000,0.000000000000,-26.433330962454,-11.620794722830,0.000000000000,-59.938325881958,-7.541378021240,-17.880472183228,-34.516475677490
3043,0.069002267574,69,80.000000000000,0.700000000000,0.000000000000,0.000000000000,-26.433330962454,-7.372700164114,0.000000000000,-40.273440361023,-4.613402366638,-11.311244964600,-24.348793029785
3044,0.069024943311,69,80.000000000000,0.700000000000,0.000000000000,0.000000000000,-26.433330962454,-4.577074477469,0.000000000000,-25.880429744720,-2.664163589478,-6.912435054779,-16.303831100464
3045,0.069047619048,69,80.000000000000,0.700000000000,0.000000000000,0.000000000000,-26.433330962454,-3.101784179007,0.000000000000,-15.800991058350,-1.817903518677,-3.924026489258,-10.059061050415
3046,0.069070294785,69,80.000000000000,0.700000000000,0.000000000000,0.000000000000,-26.433330962454,-2.461552092825,0.000000000000,-10.851260185242,-1.912761688232,-2.517546653748,-6.420951843262
3047,0.069092970522,69,80.000000000000,0.700000000000,0.000000000000,0.000000000000,-26.433330962454,-2.260422179495,0.000000000000,-6.775384902954,-2.227742195129,-1.663391113281,-2.884251594543
3048,0.069115646259,69,80.000000000000,0.700000000000,0.000000000000,0.000000000000,-26.433330962454,-2.243221709525,0.000000000000,-8.594650268555,-2.763957023621,-2.713984489441,-3.116708755493
3049,0.069138321995,69,80.000000000000,0.700000000000,0.000000000000,0.000000000000,-26.433330962454,-2.384653517996,0.000000000000,-5.393163681030,-2.051766395569,-1.646565437317,-1.694831848145
3050,0.069160997732,69,80.000000000000,0.700000000000,0.000000000000,0.000000000000,-26.433330962454,-2.234201857840,0.000000000000,-8.229510307312,-3.011937141418,-3.186393737793,-2.031179428101
3051,0.069183673469,69,80.000000000000,0.700000000000,0.000000000000,0.000000000000,-26.433330962454,-3.211859175955,0.000000000000,-6.851100921631,-0.894228935242,-2.543303489685,-3.413568496704
3052,0.069206349206,69,80.000000000000,0.700000000000,0.000000000000,0.000000000000,-26.433330962454,-0.806719252860,0.000000000000,-4.461564064026,-1.296722412109,-1.050659179688,-2.114182472229
3053,0.069229024943,69,80.000000000000,0.700000000000,0.000000000000,0.000000000000,-26.433330962454,-6.650364348685,0.000000000000,-5.231668472290,-1.710430145264,-2.051044464111,-1.470193862915
3054,0.069251700680,69,80.000000000000,0.700000000000,0.029048217306,0.000035451140,-26.433550525699,3.126790573801,0.038701559108,-3.497928619385,0.624076843262,-1.965384483337,-2.156620979309
3055,0.069274376417,69,80.000000000000,0.700000000000,0.142362845704,0.000000000000,-26.434626586513,-7.961586507427,0.000000000000,-1.301044464111,1.709869384766,-0.053696632385,-2.957217216492
3056,0.069297052154,69,80.000000000000,0.700000000000,0.000000000000,0.000000000000,-26.434626586513,-3.740624435024,0.000000000000,2.638098716736,0.458581924438,2.076021194458,0.103495597839
3057,0.069319727891,69,80.000000000000,0.700000000000,0.028684582474,0.000035257502,-26.434843401196,3.109711639805,0.038595717923,0.010386466980,-1.344874382019,0.006144523621,1.349116325378
3058,0.069342403628,69,80.000000000000,0.700000000000,0.140585511474,0.000000000000,-26.435906027889,-6.788735273529,0.000000000000,0.468360900879,1.119088172913,-0.837864875793,0.187137603760
3059,0.069365079365,69,80.000000000000,0.700000000000,0.000000000000,0.000000000000,-26.435906027889,-11.320643042659,0.000000000000,3.396147727966,3.508419036865,0.020764350891,-0.133035659790
3060,0.069387755102,69,80.000000000000,0.700000000000,0.000000000000,0.000000000000,-26.435906027889,-1.757786368465,0.000000000000,7.081375122070,6.820490837097,1.020832061768,-0.759947776794
3061,0.069410430839,69,80.000000000000,0.700000000000,0.099676545356,0.000060596114,-26.436659440930,5.344577217961,0.050598278616,15.246217727661,11.404150009155,4.675402641296,-0.833334922791
3062,0.069433106576,69,80.000000000000,0.700000000000,0.673994728914,0.000079820271,-26.441753883325,-3.604115622162,0.058072424104,25.119336128235,12.799562454224,9.786046981812,2.533726692200
3063,0.069455782313,69,80.000000000000,0.700000000000,0.039319065414,0.000000000000,-26.442051079587,-23.283634828028,0.000000000000,30.817013740540,11.050490379333,11.955430984497,7.811092376709
3064,0.069478458050,69,80.000000000000,0.700000000000,0.000000000000,0.000000000000,-26.442051079587,-42.920768883542,0.000000000000,32.183964729309,10.593339920044,10.820706367493,10.769918441772
3065,0.069501133787,69,80.000000000000,0.700000000000,0.000000000000,0.000000000000,-26.442051079587,-56.406932976560,0.000000000000,33.876401901245,13.469253540039,9.949644088745,10.457504272461
3066,0.069523809524,69,80.000000000000,0.700000000000,0.000000000000,0.000000000000,-26.442051079587,-63.616222527341,0.000000000000,39.161229133606,17.980844497681,11.759788513184,9.420596122742
3067,0.069546485261,69,80.000000000000,0.700000000000,0.000000000000,0.000000000000,-26.442051079587,-66.729236748532,0.000000000000,47.981366157532,21.779151916504,15.732216835022,10.469997406006
3068,0.069569160998,69,80.000000000000,0.700000000000,0.000000000000,0.000000000000,-26.442051079587,-67.766525414304,0.000000000000,57.114414215088,23.809499740601,19.731592178345,13.573322296143
3069,0.069591836735,69,80.000000000000,0.700000000000,0.000000000000,0.000000000000,-26.442051079587,-67.949737694577,0.000000000000,64.751653671265,24.436588287354,22.692695617676,17.622369766235
3070,0.069614512472,69,80.000000000000,0.700000000000,0.000000000000,0.000000000000,-26.442051079587,-67.720256951169,0.000000000000,69.144254684448,24.005310058594,24.002275466919,21.136669158936
3071,0.069637188209,69,80.000000000000,0.700000000000,0.000000000000,0.000000000000,-26.442051079587,-67.703899529294,0.000000000000,70.687702178955,23.393028259277,24.138587951660,23.156085968018
3072,0.069659863946,69,80.000000000000,0.700000000000,0.000000000000,0.000000000000,-26.442051079587,-66.501155999020,0.000000000000,70.271184921265,22.613983154297,23.908653259277,23.748548507690
3073,0.069682539683,69,80.000000000000,0.700000000000,0.000000000000,0.000000000000,-26.442051079587,-68.442135002927,0.000000000000,69.667074203491,21.495340347290,23.297222137451,24.874511718750
3074,0.069705215420,69,80.000000000000,0.700000000000,0.000000000000,0.000000000000,-26.442051079587,-63.067760613278,0.000000000000,64.634822845459,20.716432571411,21.606760025024,22.311630249023
3075,0.069727891156,69,80.000000000000,0.700000000000,0.000000000000,0.000000000000,-26.442051079587,-70.399528649167,0.000000000000,67.588743209839,20.518610000610,22.414289474487,24.655843734741
3076,0.069750566893,69,80.000000000000,0.700000000000,0.000000000000,0.000000000000,-26.442051079587,-62.611637261228,0.000000000000,57.109050750732,18.430618286133,19.070495605469,19.607936859131
3077,0.069773242630,69,80.000000000000,0.700000000000,0.000000000000,0.000000000000,-26.442051079587,-62.931903984860,0.000000000000,64.214935302734,19.220035552979,22.289257049561,22.705642700195
3078,0.069795918367,69,80.000000000000,0.700000000000,0.000000000000,0.000000000000,-26.442051079587,-69.274913933591,0.000000000000,53.667497634888,14.617868423462,16.865795135498,22.183834075928
3079,0.069818594104,69,80.000000000000,0.700000000000,0.000000000000,0.000000000000,-26.442051079587,-64.126796868161,0.000000000000,51.148363113403,18.766185760498,16.335411071777,16.046766281128
3080,0.069841269841,69,80.000000000000,0.700000000000,0.000000000000,0.000000000000,-26.442051079587,-57.565704491452,0.000000000000,55.291557312012,17.016284942627,19.776790618896,18.498481750488
3081,0.069863945578,69,80.000000000000,0.700000000000,0.000000000000,0.000000000000,-26.442051079587,-60.351638939694,0.000000000000,51.910820960999,14.899519920349,16.289953231812,20.721347808838
3082,0.069886621315,69,80.000000000000,0.700000000000,0.000000000000,0.000000000000,-26.442051079587,-66.405212548093,0.000000000000,48.380058288574,18.592596054077,14.278329849243,15.509132385254
3083,0.069909297052,69,80.000000000000,0.700000000000,0.000000000000,0.000000000000,-26.442051079587,-66.345928337888,0.000000000000,50.983865737915,18.894569396973,18.641727447510,13.447568893433
3084,0.069931972789,69,80.000000000000,0.700000000000,0.000000000000,0.000000000000,-26.442051079587,-59.449001458005,0.000000000000,53.654729843140,13.900617599487,20.814468383789,18.939643859863
3085,0.069954648526,69,80.000000000000,0.700000000000,0.000000000000,0.000000000000,-26.442051079587,-50.748979714230,0.000000000000,49.233423233032,11.202579498291,15.986032485962,22.044811248779
3086,0.069977324263,69,80.000000000000,0.700000000000,0.000000000000,0.000000000000,-26.442051079587,-43.875927117185,0.000000000000,44.582448959351,15.606754302979,10.865442276001,18.110252380371
3087,0.070000000000,69,80.000000000000,0.700000000000,0.000000000000,0.000000000000,-26.442051079587,-39.605766442136,0.000000000000,47.870104789734,24.433837890625,11.888554573059,11.547712326050
3088,0.070022675737,69,80.000000000000,0.700000000000,0.000000000000,0.000000000000,-26.442051079587,-37.224406388120,0.000000000000,62.449610710144,32.688522338867,19.140296936035,10.620791435242
3089,0.070045351474,69,80.000000000000,0.700000000000,0.000000000000,0.000000000000,-26.442051079587,-35.846169617490,0.000000000000,78.360531806946,37.550498962402,26.835241317749,13.974791526794
3090,0.070068027211,69,80.000000000000,0.700000000000,0.000000000000,0.000000000000,-26.442051079587,-34.883451607541,0.000000000000,96.928890228271,40.465923309326,34.580657958984,21.882308959961
3091,0.070090702948,69,80.000000000000,0.700000000000,0.000000000000,0.000000000000,-26.442051079587,-34.130725052670,0.000000000000,108.203367233276,39.887046813965,38.054790496826,30.261529922485
3092,0.070113378685,69,80.000000000000,0.700000000000,0.000000000000,0.000000000000,-26.442051079587,-33.279737618283,0.000000000000,114.004352569580,40.404212951660,39.158725738525,34.441413879395
3093,0.070136054422,69,80.000000000000,0.700000000000,0.000000000000,0.000000000000,-26.442051079587,-32.957931664304,0.000000000000,119.371929168701,40.101352691650,41.052467346191,38.218109130859
3094,0.070158730159,69,80.000000000000,0.700000000000,0.000000000000,0.000000000000,-26.442051079587,-31.511165764645,0.000000000000,117.364688873291,37.395133972168,40.283706665039,39.685848236084
3095,0.070181405896,69,80.000000000000,0.700000000000,0.000000000000,0.000000000000,-26.442051079587,-32.292586472348,0.000000000000,118.320522308350,36.751621246338,38.672378540039,42.896522521973
3096,0.070204081633,69,80.000000000000,0.700000000000,0.000000000000,0.000000000000,-26.442051079587,-30.185480263547,0.000000000000,108.250179290771,37.794235229492,35.238529205322,35.217414855957
3097,0.070226757370,69,80.000000000000,0.700000000000,0.000000000000,0.000000000000,-26.442051079587,-30.183549073056,0.000000000000,121.459514617920,39.576232910156,41.388317108154,40.494964599609
3098,0.070249433107,69,80.000000000000,0.700000000000,0.000000000000,0.000000000000,-26.442051079587,-30.926562455014,0.000000000000,105.567970275879,32.452888488770,35.765911102295,37.349170684814
3099,0.070272108844,69,80.000000000000,0.700000000000,0.000000000000,0.000000000000,-26.442051079587,-29.111743119077,0.000000000000,109.253276824951,33.193424224854,39.093318939209,36.966533660889
3100,0.070294784580,69,80.000000000000,0.700000000000,0.000000000000,0.000000000000,-26.442051079587,-27.576372292355,0.000000000000,100.025093078613,21.927505493164,34.866092681885,43.231494903564
3101,0.070317460317,69,80.000000000000,0.700000000000,0.000000000000,0.000000000000,-26.442051079587,-28.476152565793,0.000000000000,79.557840347290,20.466239929199,23.321344375610,35.770256042480
3102,0.070340136054,69,80.000000000000,0.700000000000,0.000000000000,0.000000000000,-26.442051079587,-29.850440171079,0.000000000000,72.724601745605,23.836153030396,23.543579101562,25.344869613647
3103,0.070362811791,69,80.000000000000,0.700000000000,0.000000000000,0.000000000000,-26.442051079587,-29.453053620175,0.000000000000,70.532997131348,17.790380477905,25.896251678467,26.846364974976
3104,0.070385487528,69,80.000000000000,0.700000000000,0.000000000000,0.000000000000,-26.442051079587,-27.253691819028,0.000000000000,60.922809600830,13.415555953979,19.070016860962,28.437236785889
3105,0.070408163265,69,80.000000000000,0.700000000000,0.000000000000,0.000000000000,-26.442051079587,-24.492520478085,0.000000000000,51.793693542480,18.218387603760,12.699703216553,20.875602722168
3106,0.070430839002,69,80.000000000000,0.700000000000,0.000000000000,0.000000000000,-26.442051079587,-22.178477433041,0.000000000000,51.687101364136,23.696521759033,15.841937065125,12.148642539978
3107,0.070453514739,69,80.000000000000,0.700000000000,0.000000000000,0.000000000000,-26.442051079587,-20.632444527463,0.000000000000,60.580960273743,21.204380035400,23.639675140381,15.736905097961
3108,0.070476190476,69,80.000000000000,0.700000000000,0.000000000000,0.000000000000,-26.442051079587,-19.739596512631,0.000000000000,53.732522010803,11.148737907410,23.282659530640,19.301124572754
3109,0.070498866213,69,80.000000000000,0.700000000000,0.000000000000,0.000000000000,-26.442051079587,-19.270295288876,0.000000000000,48.997672080994,1.521647453308,19.726493835449,27.749530792236
3110,0.070521541950,69,80.000000000000,0.700000000000,0.000000000000,0.000000000000,-26.442051079587,-19.044695046262,0.000000000000,18.629401206970,-8.464846611023,5.420000076294,21.674247741699
3111,0.070544217687,69,80.000000000000,0.700000000000,0.000000000000,0.000000000000,-26.442051079587,-18.920746949033,0.000000000000,3.471598148346,-8.979644775391,-0.078424930573,12.529667854309
3112,0.070566893424,69,80.000000000000,0.700000000000,0.000000000000,0.000000000000,-26.442051079587,-18.958605912045,0.000000000000,-13.721142292023,-14.986192703247,-6.566539287567,7.831589698792
3113,0.070589569161,69,80.000000000000,0.700000000000,0.000000000000,0.000000000000,-26.442051079587,-18.718851235227,0.000000000000,-31.302380323410,-14.013288497925,-14.152122497559,-3.136969327927
3114,0.070612244898,69,80.000000000000,0.700000000000,0.000000000000,0.000000000000,-26.442051079587,-19.308048394040,0.000000000000,-36.782732009888,-11.750140190125,-12.773838996887,-12.258752822876
3115,0.070634920635,69,80.000000000000,0.700000000000,0.000000000000,0.000000000000,-26.442051079587,-18.390251305417,0.000000000000,-36.254120826721,-15.406878471375,-10.694183349609,-10.153059005737
3116,0.070657596372,69,80.000000000000,0.700000000000,0.000000000000,0.000000000000,-26.442051079587,-19.267301705197,0.000000000000,-41.846543312073,-16.564933776855,-15.412029266357,-9.869580268860
3117,0.070680272109,69,80.000000000000,0.700000000000,0.000000000000,0.000000000000,-26.442051079587,-19.685773041562,0.000000000000,-43.568380355835,-12.012018203735,-17.471021652222,-14.085340499878
3118,0.070702947846,69,80.000000000000,0.700000000000,0.000000000000,0.000000000000,-26.442051079587,-18.237136986569,0.000000000000,-44.547840118408,-10.226921081543,-14.962425231934,-19.358493804932
3119,0.070725623583,69,80.000000000000,0.700000000000,0.000000000000,0.000000000000,-26.442051079587,-18.231429245786,0.000000000000,-38.425519943237,-13.399389266968,-8.698894500732,-16.327236175537
3120,0.070748299320,69,80.000000000000,0.700000000000,0.000000000000,0.000000000000,-26.442051079587,-20.481357720212,0.000000000000,-43.711122512817,-24.226154327393,-10.093126296997,-9.391841888428
3121,0.070770975057,69,80.000000000000,0.700000000000,0.000000000000,0.000000000000,-26.442051079587,-21.807196762875,0.000000000000,-59.135608673096,-32.295013427734,-18.277587890625,-8.563007354736
3122,0.070793650794,69,80.000000000000,0.700000000000,0.000000000000,0.000000000000,-26.442051079587,-19.872303154782,0.000000000000,-76.564405441284,-37.169754028320,-25.945743560791,-13.448907852173
3123,0.070816326531,69,80.000000000000,0.700000000000,0.000000000000,0.000000000000,-26.442051079587,-15.476034310178,0.000000000000,-94.468635559082,-41.852687835693,-32.748565673828,-19.867382049561
3124,0.070839002268,69,80.000000000000,0.700000000000,0.000000000000,0.000000000000,-26.442051079587,-10.846022751645,0.000000000000,-110.480323791504,-43.750675201416,-39.261478424072,-27.468170166016
3125,0.070861678005,69,80.000000000000,0.700000000000,0.000000000000,0.000000000000,-26.442051079587,-7.535385277585,0.000000000000,-119.934364318848,-41.992633819580,-42.789424896240,-35.152305603027
3126,0.070884353741,69,80.000000000000,0.700000000000,0.000000000000,0.000000000000,-26.442051079587,-5.875492241696,0.000000000000,-123.675045013428,-39.924270629883,-42.485851287842,-41.264923095703
3127,0.070907029478,69,80.000000000000,0.700000000000,0.000000000000,0.000000000000,-26.442051079587,-5.478840020017,0.000000000000,-121.190883636475,-40.141696929932,-40.110061645508,-40.939125061035
3128,0.070929705215,69,80.000000000000,0.700000000000,0.000000000000,0.000000000000,-26.442051079587,-5.820924904660,0.000000000000,-126.265819549561,-42.654415130615,-40.584411621094,-43.026992797852
3129,0.070952380952,69,80.000000000000,0.700000000000,0.000000000000,0.000000000000,-26.442051079587,-6.528856423215,0.000000000000,-120.617584228516,-44.722808837891,-39.382545471191,-36.512229919434
3130,0.070975056689,69,80.000000000000,0.700000000000,0.000000000000,0.000000000000,-26.442051079587,-7.355034020261,0.000000000000,-138.345256805420,-48.394569396973,-46.624633789062,-43.326053619385
3131,0.070997732426,69,80.000000000000,0.700000000000,0.000000000000,0.000000000000,-26.442051079587,-8.364723351315,0.000000000000,-129.460498809814,-45.433540344238,-42.491226196289,-41.535732269287
3132,0.071020408163,69,80.000000000000,0.700000000000,0.000000000000,0.000000000000,-26.442051079587,-8.959373619870,0.000000000000,-141.810554504395,-51.552223205566,-48.905189514160,-41.353141784668
3133,0.071043083900,69,80.000000000000,0.700000000000,0.000000000000,0.000000000000,-26.442051079587,-10.800216820554,0.000000000000,-145.852306365967,-44.952781677246,-50.483375549316,-50.416149139404
3134,0.071065759637,69,80.000000000000,0.700000000000,0.000000000000,0.000000000000,-26.442051079587,-9.748483803586,0.000000000000,-137.783237457275,-45.383338928223,-43.778968811035,-48.620929718018
3135,0.071088435374,69,80.000000000000,0.700000000000,0.000000000000,0.000000000000,-26.442051079587,-13.780491020993,0.000000000000,-139.181102752686,-49.736282348633,-46.695201873779,-42.749618530273
3136,0.071111111111,69,80.000000000000,0.700000000000,0.000000000000,0.000000000000,-26.442051079587,-11.631628182248,0.000000000000,-142.908996582031,-43.959251403809,-51.278305053711,-47.671440124512
3137,0.071133786848,69,80.000000000000,0.700000000000,0.000000000000,0.000000000000,-26.442051079587,-13.292960312680,0.000000000000,-136.722537994385,-38.469818115234,-45.524803161621,-52.727916717529
3138,0.071156462585,69,80.000000000000,0.700000000000,0.000000000000,0.000000000000,-26.442051079587,-15.970681336240,0.000000000000,-127.359851837158,-41.988464355469,-38.416252136230,-46.955135345459
3139,0.071179138322,69,80.000000000000,0.700000000000,0.000000000000,0.000000000000,-26.442051079587,-14.759443428830,0.000000000000,-126.068325042725,-46.765815734863,-40.233776092529,-39.068733215332
3140,0.071201814059,69,80.000000000000,0.700000000000,0.000000000000,0.000000000000,-26.442051079587,-14.435646202878,0.000000000000,-129.534461975098,-44.070610046387,-46.474922180176,-38.988929748535
3141,0.071224489796,69,80.000000000000,0.700000000000,0.000000000000,0.000000000000,-26.442051079587,-16.802308228330,0.000000000000,-126.849384307861,-33.993629455566,-47.805797576904,-45.049957275391
3142,0.071247165533,69,80.000000000000,0.700000000000,0.000000000000,0.000000000000,-26.442051079587,-18.563352253751,0.000000000000,-112.464107513428,-22.146083831787,-41.072792053223,-49.245231628418
3143,0.071269841270,69,80.000000000000,0.700000000000,0.000000000000,0.000000000000,-26.442051079587,-16.855748322324,0.000000000000,-89.683255195618,-13.404706001282,-30.051212310791,-46.227336883545
3144,0.071292517007,69,80.000000000000,0.700000000000,0.000000000000,0.000000000000,-26.442051079587,-12.483430054501,0.000000000000,-65.653423309326,-8.300802230835,-19.950239181519,-37.402381896973
3145,0.071315192744,69,80.000000000000,0.700000000000,0.000000000000,0.000000000000,-26.442051079587,-8.109619286374,0.000000000000,-44.990983963013,-5.101566314697,-12.744558334351,-27.144859313965
3146,0.071337868481,69,80.000000000000,0.700000000000,0.000000000000,0.000000000000,-26.442051079587,-5.062133934811,0.000000000000,-29.400501728058,-2.954569816589,-7.882951259613,-18.562980651855
3147,0.071360544218,69,80.000000000000,0.700000000000,0.000000000000,0.000000000000,-26.442051079587,-3.375124123410,0.000000000000,-18.103153228760,-1.912651062012,-4.520677566528,-11.669824600220
3148,0.071383219955,69,80.000000000000,0.700000000000,0.000000000000,0.000000000000,-26.442051079587,-2.603899147824,0.000000000000,-12.292700767517,-1.882909774780,-2.832973480225,-7.576817512512
3149,0.071405895692,69,80.000000000000,0.700000000000,0.000000000000,0.000000000000,-26.442051079587,-2.336166527585,0.000000000000,-7.334794044495,-2.147758483887,-1.685336112976,-3.501699447632
3150,0.071428571429,69,80.000000000000,0.700000000000,0.000000000000,0.000000000000,-26.442051079587,-2.283270027951,0.000000000000,-8.770261764526,-2.757507324219,-2.692119598389,-3.320634841919
3151,0.071451247166,69,80.000000000000,0.700000000000,0.000000000000,0.000000000000,-26.442051079587,-2.430723336057,0.000000000000,-5.552323341370,-2.041696548462,-1.617972373962,-1.892654418945
3152,0.071473922902,69,80.000000000000,0.700000000000,0.000000000000,0.000000000000,-26.442051079587,-2.216980126218,0.000000000000,-7.940031051636,-3.075743675232,-3.045927047729,-1.818360328674
3153,0.071496598639,69,80.000000000000,0.700000000000,0.000000000000,0.000000000000,-26.442051079587,-3.352176812009,0.000000000000,-7.179940223694,-1.079336166382,-2.764227867126,-3.336376190186
3154,0.071519274376,69,80.000000000000,0.700000000000,0.000000000000,0.000000000000,-26.442051079587,-0.633602288083,0.000000000000,-4.770214080811,-1.230852127075,-1.154808044434,-2.384553909302
3155,0.071541950113,69,80.000000000000,0.700000000000,0.000000000000,0.000000000000,-26.442051079587,-6.872333672360,0.000000000000,-5.287086486816,-1.841658592224,-1.933611869812,-1.511816024780
3156,0.071564625850,69,80.000000000000,0.700000000000,0.025236618677,0.000033348021,-26.442241832563,2.941295478030,0.037536034682,-3.798733711243,0.293092727661,-2.152484893799,-1.939341545105
3157,0.071587301587,69,80.000000000000,0.700000000000,0.123728105893,0.000000000000,-26.443177041224,-7.206186202940,0.000000000000,-2.052861213684,1.670348167419,-0.535594940186,-3.187614440918
3158,0.071609977324,69,80.000000000000,0.700000000000,0.000000000000,0.000000000000,-26.443177041224,-4.703038033655,0.000000000000,2.148706436157,0.725534439087,1.971041679382,-0.547869682312
3159,0.071632653061,69,80.000000000000,0.700000000000,0.027666279071,0.000034707746,-26.443386158979,3.061223212072,0.038293632312,0.250767707825,-1.331459045410,0.348196029663,1.234030723572
3160,0.071655328798,69,80.000000000000,0.700000000000,0.136376197505,0.000007306910,-26.444416969240,-5.465516989872,0.017570343115,0.294686317444,0.689914703369,-0.784929275513,0.389700889587
3161,0.071678004535,69,80.000000000000,0.700000000000,0.000000000000,0.000000000000,-26.444416969240,-11.532063453615,0.000000000000,2.823863983154,2.983559608459,-0.175621032715,0.015925407410
3162,0.071700680272,69,80.000000000000,0.700000000000,0.000000000000,0.000000000000,-26.444416969240,-3.352385490358,0.000000000000,5.979594230652,6.087626457214,0.516311645508,-0.624343872070
3163,0.071723356009,69,80.000000000000,0.700000000000,0.086183887173,0.000056882792,-26.445068396959,5.017062217771,0.049023442805,13.204266548157,10.765695571899,3.645815849304,-1.207244873047
3164,0.071746031746,69,80.000000000000,0.700000000000,0.730099271910,0.000099164137,-26.450586909974,-1.249033295607,0.064727774333,22.871837615967,12.732755661011,8.810794830322,1.328287124634
3165,0.071768707483,69,80.000000000000,0.700000000000,0.220239721577,0.000000000000,-26.452251609306,-19.715186392697,0.000000000000,29.436793804169,11.245759010315,11.693140983582,6.497893810272
3166,0.071791383220,69,80.000000000000,0.700000000000,0.000000000000,0.000000000000,-26.452251609306,-39.646893676261,0.000000000000,31.643379211426,10.420038223267,11.020795822144,10.202545166016
3167,0.071814058957,69,80.000000000000,0.700000000000,0.000000000000,0.000000000000,-26.452251609306,-54.240871604423,0.000000000000,33.258812904358,12.803081512451,9.889017105103,10.566714286804
3168,0.071836734694,69,80.000000000000,0.700000000000,0.000000000000,0.000000000000,-26.452251609306,-62.460319694023,0.000000000000,37.734498977661,17.163061141968,11.112943649292,9.458494186401
3169,0.071859410431,69,80.000000000000,0.700000000000,0.000000000000,0.000000000000,-26.452251609306,-66.208107169608,0.000000000000,45.829013824463,21.152748107910,14.749467849731,9.926797866821
3170,0.071882086168,69,80.000000000000,0.700000000000,0.000000000000,0.000000000000,-26.452251609306,-67.560508903007,0.000000000000,54.821775436401,23.478282928467,18.812459945679,12.531032562256
3171,0.071904761905,69,80.000000000000,0.700000000000,0.000000000000,0.000000000000,-26.452251609306,-67.882625754814,0.000000000000,62.858840942383,24.347385406494,22.072082519531,16.439373016357
3172,0.071927437642,69,80.000000000000,0.700000000000,0.000000000000,0.000000000000,-26.452251609306,-67.685638602714,0.000000000000,67.984132766724,24.053113937378,23.733589172363,20.197429656982
3173,0.071950113379,69,80.000000000000,0.700000000000,0.000000000000,0.000000000000,-26.452251609306,-67.747417624931,0.000000000000,70.215036392212,23.481483459473,24.084838867188,22.648714065552
3174,0.071972789116,69,80.000000000000,0.700000000000,0.000000000000,0.000000000000,-26.452251609306,-66.414440330009,0.000000000000,70.125234603882,22.750001907349,23.955871582031,23.419361114502
3175,0.071995464853,69,80.000000000000,0.700000000000,0.000000000000,0.000000000000,-26.452251609306,-68.617767508964,0.000000000000,70.130283355713,21.644853591919,23.519588470459,24.965841293335
3176,0.072018140590,69,80.000000000000,0.700000000000,0.000000000000,0.000000000000,-26.452251609306,-62.988994773368,0.000000000000,64.863929748535,20.785575866699,21.716060638428,22.362293243408
3177,0.072040816327,69,80.000000000000,0.700000000000,0.000000000000,0.000000000000,-26.452251609306,-70.207500632743,0.000000000000,68.232774734497,20.675989151001,22.639408111572,24.917377471924
3178,0.072063492063,69,80.000000000000,0.700000000000,0.000000000000,0.000000000000,-26.452251609306,-63.321674521903,0.000000000000,57.677097320557,18.554412841797,19.140426635742,19.982257843018
3179,0.072086167800,69,80.000000000000,0.700000000000,0.000000000000,0.000000000000,-26.452251609306,-62.398891623954,0.000000000000,64.179256439209,19.486864089966,22.409965515137,22.282426834106
3180,0.072108843537,69,80.000000000000,0.700000000000,0.000000000000,0.000000000000,-26.452251609306,-68.926220115165,0.000000000000,55.319403648376,14.750418663025,17.601451873779,22.967533111572
3181,0.072131519274,69,80.000000000000,0.700000000000,0.000000000000,0.000000000000,-26.452251609306,-65.089000876884,0.000000000000,51.283958435059,18.462711334229,16.080490112305,16.740756988525
3182,0.072154195011,69,80.000000000000,0.700000000000,0.000000000000,0.000000000000,-26.452251609306,-58.046249564628,0.000000000000,54.832469940186,17.318620681763,19.642147064209,17.871702194214
3183,0.072176870748,69,80.000000000000,0.700000000000,0.000000000000,0.000000000000,-26.452251609306,-59.586643393974,0.000000000000,52.699539184570,14.833423614502,16.923664093018,20.942451477051
3184,0.072199546485,69,80.000000000000,0.700000000000,0.000000000000,0.000000000000,-26.452251609306,-65.634391959648,0.000000000000,48.867321014404,18.156597137451,14.126123428345,16.584600448608
3185,0.072222222222,69,80.000000000000,0.700000000000,0.000000000000,0.000000000000,-26.452251609306,-66.773365195732,0.000000000000,50.180891990662,19.190673828125,17.812309265137,13.177908897400
3186,0.072244897959,69,80.000000000000,0.700000000000,0.000000000000,0.000000000000,-26.452251609306,-60.797489341239,0.000000000000,53.194747924805,14.625341415405,20.922517776489,17.646888732910
3187,0.072267573696,69,80.000000000000,0.700000000000,0.000000000000,0.000000000000,-26.452251609306,-52.215267356376,0.000000000000,50.318456649780,11.230604171753,17.163673400879,21.924179077148
3188,0.072290249433,69,80.000000000000,0.700000000000,0.000000000000,0.000000000000,-26.452251609306,-44.976753409843,0.000000000000,45.461771965027,14.464710235596,11.510941505432,19.486120223999
3189,0.072312925170,69,80.000000000000,0.700000000000,0.000000000000,0.000000000000,-26.452251609306,-40.281221564750,0.000000000000,46.679495811462,22.798057556152,11.076610565186,12.804827690125
3190,0.072335600907,69,80.000000000000,0.700000000000,0.000000000000,0.000000000000,-26.452251609306,-37.607680495719,0.000000000000,59.173995018005,31.326114654541,17.357978820801,10.489901542664
3191,0.072358276644,69,80.000000000000,0.700000000000,0.000000000000,0.000000000000,-26.452251609306,-36.079221900443,0.000000000000,74.043470382690,36.686424255371,24.885398864746,12.471647262573
3192,0.072380952381,69,80.000000000000,0.700000000000,0.000000000000,0.000000000000,-26.452251609306,-35.049730475883,0.000000000000,92.585494995117,40.100395202637,33.029644012451,19.455455780029
3193,0.072403628118,69,80.000000000000,0.700000000000,0.000000000000,0.000000000000,-26.452251609306,-34.281125243644,0.000000000000,105.320381164551,39.820281982422,37.318695068359,28.181404113770
3194,0.072426303855,69,80.000000000000,0.700000000000,0.000000000000,0.000000000000,-26.452251609306,-33.397255118827,0.000000000000,112.081398010254,40.306381225586,38.703098297119,33.071918487549
3195,0.072448979592,69,80.000000000000,0.700000000000,0.000000000000,0.000000000000,-26.452251609306,-33.111710723380,0.000000000000,118.338966369629,40.274463653564,40.787551879883,37.276950836182
3196,0.072471655329,69,80.000000000000,0.700000000000,0.000000000000,0.000000000000,-26.452251609306,-31.604530509452,0.000000000000,116.999698638916,37.674343109131,40.454124450684,38.871231079102
3197,0.072494331066,69,80.000000000000,0.700000000000,0.000000000000,0.000000000000,-26.452251609306,-32.385016616325,0.000000000000,119.154754638672,36.701488494873,39.202960968018,43.250305175781
3198,0.072517006803,69,80.000000000000,0.700000000000,0.000000000000,0.000000000000,-26.452251609306,-30.408629592399,0.000000000000,108.195556640625,37.478782653809,35.022209167480,35.694564819336
3199,0.072539682540,69,80.000000000000,0.700000000000,0.000000000000,0.000000000000,-26.452251609306,-30.141914542655,0.000000000000,121.065055847168,39.872032165527,41.114227294922,40.078796386719
3200,0.072562358277,69,80.000000000000,0.700000000000,0.000000000000,0.000000000000,-26.452251609306,-30.990480597953,0.000000000000,106.910877227783,33.062370300293,36.046901702881,37.801605224609
3201,0.072585034014,69,80.000000000000,0.700000000000,0.000000000000,0.000000000000,-26.452251609306,-29.424916442375,0.000000000000,109.223793029785,33.984767913818,39.039093017578,36.199932098389
3202,0.072607709751,69,80.000000000000,0.700000000000,0.000000000000,0.000000000000,-26.452251609306,-27.691810782890,0.000000000000,102.753503799438,23.198953628540,36.526046752930,43.028503417969
3203,0.072630385488,69,80.000000000000,0.700000000000,0.000000000000,0.000000000000,-26.452251609306,-28.292184051017,0.000000000000,83.416061401367,20.394157409668,24.874755859375,38.147148132324
3204,0.072653061224,69,80.000000000000,0.700000000000,0.000000000000,0.000000000000,-26.452251609306,-29.731569465141,0.000000000000,74.205715179443,23.909503936768,23.344268798828,26.951942443848
3205,0.072675736961,69,80.000000000000,0.700000000000,0.000000000000,0.000000000000,-26.452251609306,-29.656778510551,0.000000000000,71.459821701050,18.724550247192,26.221666336060,26.513605117798
3206,0.072698412698,69,80.000000000000,0.700000000000,0.000000000000,0.000000000000,-26.452251609306,-27.708056624870,0.000000000000,63.158256530762,13.533439636230,20.594932556152,29.029884338379
3207,0.072721088435,69,80.000000000000,0.700000000000,0.000000000000,0.000000000000,-26.452251609306,-24.990685637931,0.000000000000,53.764740943909,17.281141281128,13.316664695740,23.166934967041
3208,0.072743764172,69,80.000000000000,0.700000000000,0.000000000000,0.000000000000,-26.452251609306,-22.579261001090,0.000000000000,51.002053260803,23.171340942383,14.621253967285,13.209458351135
3209,0.072766439909,69,80.000000000000,0.700000000000,0.000000000000,0.000000000000,-26.452251609306,-20.901595290641,0.000000000000,59.563022613525,22.156042098999,22.538871765137,14.868108749390
3210,0.072789115646,69,80.000000000000,0.700000000000,0.000000000000,0.000000000000,-26.452251609306,-19.903030570487,0.000000000000,54.012708663940,12.940475463867,23.522310256958,17.549922943115
3211,0.072811791383,69,80.000000000000,0.700000000000,0.000000000000,0.000000000000,-26.452251609306,-19.366001304130,0.000000000000,51.967513084412,3.384018898010,21.617202758789,26.966291427612
3212,0.072834467120,69,80.000000000000,0.700000000000,0.000000000000,0.000000000000,-26.452251609306,-19.104092772941,0.000000000000,24.246330738068,-7.295218944550,7.928787231445,23.612762451172
3213,0.072857142857,69,80.000000000000,0.700000000000,0.000000000000,0.000000000000,-26.452251609306,-18.954658683280,0.000000000000,7.758640289307,-8.367317199707,1.475866317749,14.650091171265
3214,0.072879818594,69,80.000000000000,0.700000000000,0.000000000000,0.000000000000,-26.452251609306,-18.997450049858,0.000000000000,-9.120141029358,-14.391445159912,-4.823534011841,10.094838142395
3215,0.072902494331,69,80.000000000000,0.700000000000,0.000000000000,0.000000000000,-26.452251609306,-18.719342406730,0.000000000000,-27.467535972595,-14.233783721924,-13.158012390137,-0.075739860535
3216,0.072925170068,69,80.000000000000,0.700000000000,0.000000000000,0.000000000000,-26.452251609306,-19.341965850334,0.000000000000,-35.591545104980,-11.702371597290,-13.080789566040,-10.808383941650
3217,0.072947845805,69,80.000000000000,0.700000000000,0.000000000000,0.000000000000,-26.452251609306,-18.438806708793,0.000000000000,-35.770705223083,-14.915212631226,-10.492470741272,-10.363021850586
3218,0.072970521542,69,80.000000000000,0.700000000000,0.000000000000,0.000000000000,-26.452251609306,-19.167842086295,0.000000000000,-40.713465690613,-16.741617202759,-14.556421279907,-9.415427207947
3219,0.072993197279,69,80.000000000000,0.700000000000,0.000000000000,0.000000000000,-26.452251609306,-19.769392188529,0.000000000000,-42.667792320251,-12.611933708191,-17.352760314941,-12.703098297119
3220,0.073015873016,69,80.000000000000,0.700000000000,0.000000000000,0.000000000000,-26.452251609306,-18.414373572807,0.000000000000,-44.989542007446,-10.255195617676,-15.946195602417,-18.788150787354
3221,0.073038548753,69,80.000000000000,0.700000000000,0.000000000000,0.000000000000,-26.452251609306,-18.092834647636,0.000000000000,-39.247460365295,-12.231307029724,-9.443716049194,-17.572437286377
3222,0.073061224490,69,80.000000000000,0.700000000000,0.000000000000,0.000000000000,-26.452251609306,-20.157929595451,0.000000000000,-42.242274284363,-22.402416229248,-9.150146484375,-10.689711570740
3223,0.073083900227,69,80.000000000000,0.700000000000,0.000000000000,0.000000000000,-26.452251609306,-21.812162574272,0.000000000000,-55.533796310425,-30.941013336182,-16.367082595825,-8.225700378418
3224,0.073106575964,69,80.000000000000,0.700000000000,0.000000000000,0.000000000000,-26.452251609306,-20.421416457633,0.000000000000,-72.142418861389,-36.172092437744,-24.094581604004,-11.875744819641
3225,0.073129251701,69,80.000000000000,0.700000000000,0.000000000000,0.000000000000,-26.452251609306,-16.336050208549,0.000000000000,-89.901813507080,-41.101947784424,-31.024324417114,-17.775541305542
3226,0.073151927438,69,80.000000000000,0.700000000000,0.000000000000,0.000000000000,-26.452251609306,-11.657140906791,0.000000000000,-106.562755584717,-43.577468872070,-37.869770050049,-25.115516662598
3227,0.073174603175,69,80.000000000000,0.700000000000,0.000000000000,0.000000000000,-26.452251609306,-8.088926490287,0.000000000000,-117.360038757324,-42.256233215332,-42.185035705566,-32.918769836426
3228,0.073197278912,69,80.000000000000,0.700000000000,0.000000000000,0.000000000000,-26.452251609306,-6.151104148368,0.000000000000,-122.826091766357,-40.077129364014,-42.654888153076,-40.094074249268
3229,0.073219954649,69,80.000000000000,0.700000000000,0.000000000000,0.000000000000,-26.452251609306,-5.552559073905,0.000000000000,-120.710685729980,-39.877357482910,-40.315029144287,-40.518299102783
3230,0.073242630385,69,80.000000000000,0.700000000000,0.000000000000,0.000000000000,-26.452251609306,-5.778129752616,0.000000000000,-126.243759155273,-42.164649963379,-40.625614166260,-43.453495025635
3231,0.073265306122,69,80.000000000000,0.700000000000,0.000000000000,0.000000000000,-26.452251609306,-6.431577857475,0.000000000000,-119.482128143311,-44.124069213867,-38.727542877197,-36.630516052246
3232,0.073287981859,69,80.000000000000,0.700000000000,0.000000000000,0.000000000000,-26.452251609306,-7.226068671684,0.000000000000,-136.641517639160,-48.153091430664,-46.023498535156,-42.464927673340
3233,0.073310657596,69,80.000000000000,0.700000000000,0.000000000000,0.000000000000,-26.452251609306,-8.248010810356,0.000000000000,-129.121349334717,-45.157981872559,-42.246677398682,-41.716690063477
3234,0.073333333333,69,80.000000000000,0.700000000000,0.000000000000,0.000000000000,-26.452251609306,-8.782644446830,0.000000000000,-139.370491027832,-51.355667114258,-47.820381164551,-40.194442749023
3235,0.073356009070,69,80.000000000000,0.700000000000,0.000000000000,0.000000000000,-26.452251609306,-10.724871810417,0.000000000000,-145.362297058105,-45.508773803711,-50.809230804443,-49.044292449951
3236,0.073378684807,69,80.000000000000,0.700000000000,0.000000000000,0.000000000000,-26.452251609306,-9.564653571586,0.000000000000,-138.704875946045,-44.960220336914,-44.306098937988,-49.438556671143
3237,0.073401360544,69,80.000000000000,0.700000000000,0.000000000000,0.000000000000,-26.452251609306,-13.561514075736,0.000000000000,-138.495544433594,-49.625923156738,-45.807968139648,-43.061653137207
3238,0.073424036281,69,80.000000000000,0.700000000000,0.000000000000,0.000000000000,-26.452251609306,-11.739734824638,0.000000000000,-142.237621307373,-44.899013519287,-51.112884521484,-46.225723266602
3239,0.073446712018,69,80.000000000000,0.700000000000,0.000000000000,0.000000000000,-26.452251609306,-12.950810607414,0.000000000000,-138.088630676270,-38.761482238770,-46.904937744141,-52.422210693359
3240,0.073469387755,69,80.000000000000,0.700000000000,0.000000000000,0.000000000000,-26.452251609306,-15.787480529289,0.000000000000,-129.149051666260,-41.212673187256,-39.210639953613,-48.725738525391
3241,0.073492063492,69,80.000000000000,0.700000000000,0.000000000000,0.000000000000,-26.452251609306,-14.925269301872,0.000000000000,-126.009880065918,-46.303359985352,-39.324806213379,-40.381713867188
3242,0.073514739229,69,80.000000000000,0.700000000000,0.000000000000,0.000000000000,-26.452251609306,-14.326017554740,0.000000000000,-128.721996307373,-45.007789611816,-45.379360198975,-38.334846496582
3243,0.073537414966,69,80.000000000000,0.700000000000,0.000000000000,0.000000000000,-26.452251609306,-16.437023337821,0.000000000000,-127.509220123291,-35.926883697510,-48.129905700684,-43.452430725098
3244,0.073560090703,69,80.000000000000,0.700000000000,0.000000000000,0.000000000000,-26.452251609306,-18.455732997398,0.000000000000,-115.807765960693,-24.105712890625,-42.992271423340,-48.709781646729
3245,0.073582766440,69,80.000000000000,0.700000000000,0.000000000000,0.000000000000,-26.452251609306,-17.378429587821,0.000000000000,-94.996907234192,-14.786396980286,-32.580947875977,-47.629562377930
3246,0.073605442177,69,80.000000000000,0.700000000000,0.000000000000,0.000000000000,-26.452251609306,-13.324343856315,0.000000000000,-71.369475364685,-9.138936042786,-22.140245437622,-40.090293884277
3247,0.073628117914,69,80.000000000000,0.700000000000,0.000000000000,0.000000000000,-26.452251609306,-8.877311881523,0.000000000000,-49.944644927979,-5.636587142944,-14.313066482544,-29.994991302490
3248,0.073650793651,69,80.000000000000,0.700000000000,0.000000000000,0.000000000000,-26.452251609306,-5.591531928520,0.000000000000,-33.228230476379,-3.282557487488,-8.959674835205,-20.985998153687
3249,0.073673469388,69,80.000000000000,0.700000000000,0.000000000000,0.000000000000,-26.452251609306,-3.683792289237,0.000000000000,-20.688695907593,-2.039046287537,-5.200781822205,-13.448867797852
3250,0.073696145125,69,80.000000000000,0.700000000000,0.000000000000,0.000000000000,-26.452251609306,-2.768078025321,0.000000000000,-13.975881576538,-1.871762275696,-3.220559120178,-8.883560180664
3251,0.073718820862,69,80.000000000000,0.700000000000,0.000000000000,0.000000000000,-26.452251609306,-2.424123939018,0.000000000000,-8.091182708740,-2.068447113037,-1.755034446716,-4.267701148987
3252,0.073741496599,69,80.000000000000,0.700000000000,0.000000000000,0.000000000000,-26.452251609306,-2.328483756523,0.000000000000,-9.025941848755,-2.744112014771,-2.680277824402,-3.601552009583
3253,0.073764172336,69,80.000000000000,0.700000000000,0.000000000000,0.000000000000,-26.452251609306,-2.483032401542,0.000000000000,-5.780778884888,-2.025979042053,-1.603554725647,-2.151245117188
3254,0.073786848073,69,80.000000000000,0.700000000000,0.000000000000,0.000000000000,-26.452251609306,-2.195188697318,0.000000000000,-7.664548873901,-3.121806144714,-2.883755683899,-1.658987045288
3255,0.073809523810,69,80.000000000000,0.700000000000,0.000000000000,0.000000000000,-26.452251609306,-3.502565558891,0.000000000000,-7.418719291687,-1.270634651184,-2.948508262634,-3.199576377869
3256,0.073832199546,69,80.000000000000,0.700000000000,0.000000000000,0.000000000000,-26.452251609306,-0.463554557304,0.000000000000,-5.092635154724,-1.175712585449,-1.293938636780,-2.622983932495
3257,0.073854875283,69,80.000000000000,0.700000000000,0.000000000000,0.000000000000,-26.452251609306,-7.056648429374,0.000000000000,-5.374066352844,-1.937589645386,-1.817162513733,-1.619314193726
3258,0.073877551020,69,80.000000000000,0.700000000000,0.020344516892,0.000030365572,-26.452405384944,2.678243462105,0.035818227519,-4.020995140076,-0.037115097046,-2.269604682922,-1.714275360107
3259,0.073900226757,69,80.000000000000,0.700000000000,0.099794427251,0.000000000000,-26.453159689004,-6.415379189294,0.000000000000,-2.726827621460,1.577363967896,-1.010673522949,-3.293518066406
3260,0.073922902494,69,80.000000000000,0.700000000000,0.000000000000,0.000000000000,-26.453159689004,-5.558464407022,0.000000000000,1.561970710754,0.976690292358,1.772500038147,-1.187219619751
3261,0.073945578231,69,80.000000000000,0.700000000000,0.022500510466,0.000031724956,-26.453329760890,2.798141122763,0.036611192178,0.393145561218,-1.259325027466,0.653891563416,0.998579025269
3262,0.073968253968,69,80.000000000000,0.700000000000,0.115025452162,0.000016030156,-26.454199189856,-4.172289050004,0.026024489948,0.180678367615,0.316960334778,-0.673921585083,0.537639617920
3263,0.073990929705,69,80.000000000000,0.700000000000,0.000000000000,0.000000000000,-26.454199189856,-11.483353967383,0.000000000000,2.350854873657,2.489218711853,-0.305044174194,0.166680335999
3264,0.074013605442,69,80.000000000000,0.700000000000,0.000000000000,0.000000000000,-26.454199189856,-4.880894059851,0.000000000000,5.057332038879,5.372370719910,0.111145973206,-0.426184654236
3265,0.074036281179,69,80.000000000000,0.700000000000,0.062187859235,0.000049358654,-26.454669241702,4.353433256433,0.045666214195,11.372487068176,10.075811386108,2.689222335815,-1.392546653748
3266,0.074058956916,69,80.000000000000,0.700000000000,0.670124506172,0.000106688779,-26.459734430713,0.731091092333,0.067138669276,20.636397361755,12.584117889404,7.764738082886,0.287541389465
3267,0.074081632653,69,80.000000000000,0.700000000000,0.431911147992,0.000000000000,-26.462999065241,-16.298808581719,0.000000000000,27.852823257446,11.436788558960,11.286748886108,5.129285812378
3268,0.074104308390,69,80.000000000000,0.700000000000,0.000000000000,0.000000000000,-26.462999065241,-36.265321452936,0.000000000000,30.927773475647,10.321924209595,11.174622535706,9.431226730347
3269,0.074126984127,69,80.000000000000,0.700000000000,0.000000000000,0.000000000000,-26.462999065241,-51.882280071100,0.000000000000,32.679188728333,12.204647064209,9.916605949402,10.557935714722
3270,0.074149659864,69,80.000000000000,0.700000000000,0.000000000000,0.000000000000,-26.462999065241,-61.143315990289,0.000000000000,36.501224517822,16.351858139038,10.583494186401,9.565872192383
3271,0.074172335601,69,80.000000000000,0.700000000000,0.000000000000,0.000000000000,-26.462999065241,-65.589421947321,0.000000000000,43.843318939209,20.485868453979,13.815132141113,9.542318344116
3272,0.074195011338,69,80.000000000000,0.700000000000,0.000000000000,0.000000000000,-26.462999065241,-67.306413371881,0.000000000000,52.559225082397,23.096542358398,17.861183166504,11.601499557495
3273,0.074217687075,69,80.000000000000,0.700000000000,0.000000000000,0.000000000000,-26.462999065241,-67.796590526422,0.000000000000,60.858758926392,24.220005035400,21.376371383667,15.262382507324
3274,0.074240362812,69,80.000000000000,0.700000000000,0.000000000000,0.000000000000,-26.462999065241,-67.640794475397,0.000000000000,66.643474578857,24.081438064575,23.392568588257,19.169467926025
3275,0.074263038549,69,80.000000000000,0.700000000000,0.000000000000,0.000000000000,-26.462999065241,-67.793428142389,0.000000000000,69.595174789429,23.560745239258,23.987932205200,22.046497344971
3276,0.074285714286,69,80.000000000000,0.700000000000,0.000000000000,0.000000000000,-26.462999065241,-66.320810039362,0.000000000000,69.848228454590,22.879249572754,23.968336105347,23.000642776489
3277,0.074308390023,69,80.000000000000,0.700000000000,0.000000000000,0.000000000000,-26.462999065241,-68.786435802301,0.000000000000,70.516965866089,21.798730850220,23.728374481201,24.989860534668
3278,0.074331065760,69,80.000000000000,0.700000000000,0.000000000000,0.000000000000,-26.462999065241,-62.946595866998,0.000000000000,65.068202972412,20.856071472168,21.826080322266,22.386051177979
3279,0.074353741497,69,80.000000000000,0.700000000000,0.000000000000,0.000000000000,-26.462999065241,-69.957902629694,0.000000000000,68.818958282471,20.827199935913,22.865631103516,25.126127243042
3280,0.074376417234,69,80.000000000000,0.700000000000,0.000000000000,0.000000000000,-26.462999065241,-64.033651073297,0.000000000000,58.335004806519,18.669620513916,19.226537704468,20.438846588135
3281,0.074399092971,69,80.000000000000,0.700000000000,0.000000000000,0.000000000000,-26.462999065241,-61.980355937799,0.000000000000,64.044433593750,19.747728347778,22.459419250488,21.837285995483
3282,0.074421768707,69,80.000000000000,0.700000000000,0.000000000000,0.000000000000,-26.462999065241,-68.466554363092,0.000000000000,56.854413032532,14.930808067322,18.353672027588,23.569932937622
3283,0.074444444444,69,80.000000000000,0.700000000000,0.000000000000,0.000000000000,-26.462999065241,-65.946416576227,0.000000000000,51.699584007263,18.158998489380,15.942681312561,17.597904205322
3284,0.074467120181,69,80.000000000000,0.700000000000,0.000000000000,0.000000000000,-26.462999065241,-58.664849956354,0.000000000000,54.369472503662,17.587282180786,19.421464920044,17.360725402832
3285,0.074489795918,69,80.000000000000,0.700000000000,0.000000000000,0.000000000000,-26.462999065241,-58.961869914850,0.000000000000,53.290822029114,14.830590248108,17.528522491455,20.931709289551
3286,0.074512471655,69,80.000000000000,0.700000000000,0.000000000000,0.000000000000,-26.462999065241,-64.787812908014,0.000000000000,49.518610000610,17.706544876099,14.143222808838,17.668842315674
3287,0.074535147392,69,80.000000000000,0.700000000000,0.000000000000,0.000000000000,-26.462999065241,-67.003473003229,0.000000000000,49.616904258728,19.377281188965,16.991718292236,13.247904777527
3288,0.074557823129,69,80.000000000000,0.700000000000,0.000000000000,0.000000000000,-26.462999065241,-62.028848369440,0.000000000000,52.553495407104,15.349067687988,20.799699783325,16.404727935791
3289,0.074580498866,69,80.000000000000,0.700000000000,0.000000000000,0.000000000000,-26.462999065241,-53.688001354059,0.000000000000,51.082396507263,11.414572715759,18.230161666870,21.437662124634
3290,0.074603174603,69,80.000000000000,0.700000000000,0.000000000000,0.000000000000,-26.462999065241,-46.146327693781,0.000000000000,46.455045700073,13.491691589355,12.360101699829,20.603252410889
3291,0.074625850340,69,80.000000000000,0.700000000000,0.000000000000,0.000000000000,-26.462999065241,-41.026084621271,0.000000000000,45.991969108582,21.205219268799,10.566901206970,14.219848632812
3292,0.074648526077,69,80.000000000000,0.700000000000,0.000000000000,0.000000000000,-26.462999065241,-38.036502559503,0.000000000000,56.404159545898,29.903091430664,15.745424270630,10.755643844604
3293,0.074671201814,69,80.000000000000,0.700000000000,0.000000000000,0.000000000000,-26.462999065241,-36.335753162225,0.000000000000,70.005178451538,35.731113433838,22.935583114624,11.338481903076
3294,0.074693877551,69,80.000000000000,0.700000000000,0.000000000000,0.000000000000,-26.462999065241,-35.225735385736,0.000000000000,88.174058914185,39.655883789062,31.347709655762,17.170465469360
3295,0.074716553288,69,80.000000000000,0.700000000000,0.000000000000,0.000000000000,-26.462999065241,-34.436678607782,0.000000000000,102.140781402588,39.721172332764,36.441024780273,25.978584289551
3296,0.074739229025,69,80.000000000000,0.700000000000,0.000000000000,0.000000000000,-26.462999065241,-33.515848834833,0.000000000000,109.900922775269,40.188770294189,38.182205200195,31.529947280884
3297,0.074761904762,69,80.000000000000,0.700000000000,0.000000000000,0.000000000000,-26.462999065241,-33.266909320673,0.000000000000,117.103004455566,40.409980773926,40.449859619141,36.243164062500
3298,0.074784580499,69,80.000000000000,0.700000000000,0.000000000000,0.000000000000,-26.462999065241,-31.704728801569,0.000000000000,116.371829986572,37.965145111084,40.523998260498,37.882686614990
3299,0.074807256236,69,80.000000000000,0.700000000000,0.000000000000,0.000000000000,-26.462999065241,-32.467783649286,0.000000000000,119.850177764893,36.706974029541,39.754737854004,43.388465881348
3300,0.074829931973,69,80.000000000000,0.700000000000,0.000000000000,0.000000000000,-26.462999065241,-30.638954837640,0.000000000000,108.303081512451,37.147148132324,34.910152435303,36.245780944824
3301,0.074852607710,69,80.000000000000,0.700000000000,0.000000000000,0.000000000000,-26.462999065241,-30.120152194818,0.000000000000,120.572448730469,40.080692291260,40.799167633057,39.692588806152
3302,0.074875283447,69,80.000000000000,0.700000000000,0.000000000000,0.000000000000,-26.462999065241,-31.025843341669,0.000000000000,108.194107055664,33.620498657227,36.293041229248,38.280567169189
3303,0.074897959184,69,80.000000000000,0.700000000000,0.000000000000,0.000000000000,-26.462999065241,-29.726059635004,0.000000000000,109.125095367432,34.713676452637,38.848747253418,35.562671661377
3304,0.074920634921,69,80.000000000000,0.700000000000,0.000000000000,0.000000000000,-26.462999065241,-27.850083072504,0.000000000000,104.907802581787,24.520854949951,37.960754394531,42.426193237305
3305,0.074943310658,69,80.000000000000,0.700000000000,0.000000000000,0.000000000000,-26.462999065241,-28.137468059381,0.000000000000,87.226879119873,20.451023101807,26.600940704346,40.174915313721
3306,0.074965986395,69,80.000000000000,0.700000000000,0.000000000000,0.000000000000,-26.462999065241,-29.584109027704,0.000000000000,76.130323410034,23.910062789917,23.333599090576,28.886661529541
3307,0.074988662132,69,80.000000000000,0.700000000000,0.000000000000,0.000000000000,-26.462999065241,-29.806913097223,0.000000000000,72.400941848755,19.627605438232,26.371152877808,26.402183532715
3308,0.075011337868,69,80.000000000000,0.700000000000,0.000000000000,0.000000000000,-26.462999065241,-28.129901607355,0.000000000000,65.136785507202,13.813835144043,22.037868499756,29.285081863403
3309,0.075034013605,69,80.000000000000,0.700000000000,0.000000000000,0.000000000000,-26.462999065241,-25.489426334222,0.000000000000,55.973365783691,16.434244155884,14.230463027954,25.308658599854
3310,0.075056689342,69,80.000000000000,0.700000000000,0.000000000000,0.000000000000,-26.462999065241,-22.999888141473,0.000000000000,50.842376708984,22.502304077148,13.656698226929,14.683374404907
3311,0.075079365079,69,80.000000000000,0.700000000000,0.000000000000,0.000000000000,-26.462999065241,-21.193553645929,0.000000000000,58.649291992188,22.882717132568,21.313962936401,14.452611923218
3312,0.075102040816,69,80.000000000000,0.700000000000,0.000000000000,0.000000000000,-26.462999065241,-20.084111888727,0.000000000000,53.909893035889,14.623343467712,23.413787841797,15.872761726379
3313,0.075124716553,69,80.000000000000,0.700000000000,0.000000000000,0.000000000000,-26.462999065241,-19.472860057672,0.000000000000,54.185296535492,5.282281398773,23.200092315674,25.702922821045
3314,0.075147392290,69,80.000000000000,0.700000000000,0.000000000000,0.000000000000,-26.462999065241,-19.170306880792,0.000000000000,29.478465080261,-6.011526107788,10.427769660950,25.062221527100
3315,0.075170068027,69,80.000000000000,0.700000000000,0.000000000000,0.000000000000,-26.462999065241,-18.991615016779,0.000000000000,12.108807563782,-7.692162513733,3.126707077026,16.674263000488
3316,0.075192743764,69,80.000000000000,0.700000000000,0.000000000000,0.000000000000,-26.462999065241,-19.039509494623,0.000000000000,-4.537060737610,-13.727775573730,-3.025668144226,12.216382980347
3317,0.075215419501,69,80.000000000000,0.700000000000,0.000000000000,0.000000000000,-26.462999065241,-18.721850116571,0.000000000000,-23.277791500092,-14.387258529663,-11.931135177612,3.040602207184
3318,0.075238095238,69,80.000000000000,0.700000000000,0.000000000000,0.000000000000,-26.462999065241,-19.371755321344,0.000000000000,-33.858543395996,-11.711217880249,-13.251078605652,-8.896246910095
3319,0.075260770975,69,80.000000000000,0.700000000000,0.000000000000,0.000000000000,-26.462999065241,-18.497879703363,0.000000000000,-35.185433387756,-14.421457290649,-10.412781715393,-10.351194381714
3320,0.075283446712,69,80.000000000000,0.700000000000,0.000000000000,0.000000000000,-26.462999065241,-19.070547778925,0.000000000000,-39.700618743896,-16.816902160645,-13.723392486572,-9.160324096680
3321,0.075306122449,69,80.000000000000,0.700000000000,0.000000000000,0.000000000000,-26.462999065241,-19.827357013544,0.000000000000,-41.620431900024,-13.202540397644,-17.028299331665,-11.389592170715
3322,0.075328798186,69,80.000000000000,0.700000000000,0.000000000000,0.000000000000,-26.462999065241,-18.605008323511,0.000000000000,-45.084404945374,-10.428017616272,-16.786417007446,-17.869970321655
3323,0.075351473923,69,80.000000000000,0.700000000000,0.000000000000,0.000000000000,-26.462999065241,-18.002551753839,0.000000000000,-40.111822128296,-11.246864318848,-10.375391006470,-18.489566802979
3324,0.075374149660,69,80.000000000000,0.700000000000,0.000000000000,0.000000000000,-26.462999065241,-19.832668979486,0.000000000000,-41.305030822754,-20.623657226562,-8.537675857544,-12.143697738647
3325,0.075396825397,69,80.000000000000,0.700000000000,0.000000000000,0.000000000000,-26.462999065241,-21.742637355646,0.000000000000,-52.429492950439,-29.517425537109,-14.604675292969,-8.307392120361
3326,0.075419501134,69,80.000000000000,0.700000000000,0.000000000000,0.000000000000,-26.462999065241,-20.886227805933,0.000000000000,-67.956985473633,-35.117084503174,-22.239128112793,-10.600772857666
3327,0.075442176871,69,80.000000000000,0.700000000000,0.000000000000,0.000000000000,-26.462999065241,-17.161788661798,0.000000000000,-85.363417625427,-40.279441833496,-29.254241943359,-15.829733848572
3328,0.075464852608,69,80.000000000000,0.700000000000,0.000000000000,0.000000000000,-26.462999065241,-12.489816387018,0.000000000000,-102.473709106445,-43.307495117188,-36.355712890625,-22.810501098633
3329,0.075487528345,69,80.000000000000,0.700000000000,0.000000000000,0.000000000000,-26.462999065241,-8.690835674127,0.000000000000,-114.414133071899,-42.476982116699,-41.392311096191,-30.544839859009
3330,0.075510204082,69,80.000000000000,0.700000000000,0.000000000000,0.000000000000,-26.462999065241,-6.473544795831,0.000000000000,-121.633537292480,-40.270164489746,-42.705413818359,-38.657958984375
3331,0.075532879819,69,80.000000000000,0.700000000000,0.000000000000,0.000000000000,-26.462999065241,-5.659097392877,0.000000000000,-120.043720245361,-39.675460815430,-40.519817352295,-39.848442077637
3332,0.075555555556,69,80.000000000000,0.700000000000,0.000000000000,0.000000000000,-26.462999065241,-5.754012782892,0.000000000000,-126.229713439941,-41.711532592773,-40.758945465088,-43.759235382080
3333,0.075578231293,69,80.000000000000,0.700000000000,0.000000000000,0.000000000000,-26.462999065241,-6.344175060114,0.000000000000,-118.587566375732,-43.511756896973,-38.165119171143,-36.910690307617
3334,0.075600907029,69,80.000000000000,0.700000000000,0.000000000000,0.000000000000,-26.462999065241,-7.100610454401,0.000000000000,-134.897689819336,-47.877891540527,-45.385505676270,-41.634292602539
3335,0.075623582766,69,80.000000000000,0.700000000000,0.000000000000,0.000000000000,-26.462999065241,-8.135833461603,0.000000000000,-128.833667755127,-44.879409790039,-42.044338226318,-41.909919738770
3336,0.075646258503,69,80.000000000000,0.700000000000,0.000000000000,0.000000000000,-26.462999065241,-8.604976375421,0.000000000000,-137.073112487793,-51.091148376465,-46.703517913818,-39.278446197510
3337,0.075668934240,69,80.000000000000,0.700000000000,0.000000000000,0.000000000000,-26.462999065241,-10.648286540826,0.000000000000,-144.444049835205,-46.060394287109,-50.928649902344,-47.455005645752
3338,0.075691609977,69,80.000000000000,0.700000000000,0.000000000000,0.000000000000,-26.462999065241,-9.396064479669,0.000000000000,-139.504577636719,-44.613471984863,-44.935943603516,-49.955162048340
3339,0.075714285714,69,80.000000000000,0.700000000000,0.000000000000,0.000000000000,-26.462999065241,-13.321763713678,0.000000000000,-138.096450805664,-49.408248901367,-45.042274475098,-43.645927429199
3340,0.075736961451,69,80.000000000000,0.700000000000,0.000000000000,0.000000000000,-26.462999065241,-11.849207599481,0.000000000000,-141.424606323242,-45.773300170898,-50.707172393799,-44.944133758545
3341,0.075759637188,69,80.000000000000,0.700000000000,0.000000000000,0.000000000000,-26.462999065241,-12.643552501520,0.000000000000,-139.015846252441,-39.196929931641,-48.121337890625,-51.697578430176
3342,0.075782312925,69,80.000000000000,0.700000000000,0.000000000000,0.000000000000,-26.462999065241,-15.565412242731,0.000000000000,-130.957225799561,-40.534347534180,-40.238922119141,-50.183956146240
3343,0.075804988662,69,80.000000000000,0.700000000000,0.000000000000,0.000000000000,-26.462999065241,-15.074645717462,0.000000000000,-126.371810913086,-45.713653564453,-38.680732727051,-41.977424621582
3344,0.075827664399,69,80.000000000000,0.700000000000,0.000000000000,0.000000000000,-26.462999065241,-14.263915736993,0.000000000000,-128.042514801025,-45.716888427734,-44.191322326660,-38.134304046631
3345,0.075850340136,69,80.000000000000,0.700000000000,0.000000000000,0.000000000000,-26.462999065241,-16.084269244989,0.000000000000,-127.765922546387,-37.738796234131,-48.104118347168,-41.923007965088
3346,0.075873015873,69,80.000000000000,0.700000000000,0.000000000000,0.000000000000,-26.462999065241,-18.279529292902,0.000000000000,-118.491397857666,-26.095787048340,-44.613315582275,-47.782295227051
3347,0.075895691610,69,80.000000000000,0.700000000000,0.000000000000,0.000000000000,-26.462999065241,-17.807895381769,0.000000000000,-99.838106155396,-16.268053054810,-35.037139892578,-48.532913208008
3348,0.075918367347,69,80.000000000000,0.700000000000,0.000000000000,0.000000000000,-26.462999065241,-14.131585796198,0.000000000000,-76.991128921509,-10.060438156128,-24.426113128662,-42.504577636719
3349,0.075941043084,69,80.000000000000,0.700000000000,0.000000000000,0.000000000000,-26.462999065241,-9.667709071954,0.000000000000,-55.077209472656,-6.222627639771,-16.015508651733,-32.839073181152
3350,0.075963718821,69,80.000000000000,0.700000000000,0.000000000000,0.000000000000,-26.462999065241,-6.163116176447,0.000000000000,-37.347139358521,-3.649721145630,-10.148330688477,-23.549087524414
3351,0.075986394558,69,80.000000000000,0.700000000000,0.000000000000,0.000000000000,-26.462999065241,-4.028665263971,0.000000000000,-23.562430381775,-2.198719978333,-5.968681335449,-15.395029067993
3352,0.076009070295,69,80.000000000000,0.700000000000,0.000000000000,0.000000000000,-26.462999065241,-2.955339153131,0.000000000000,-15.909977912903,-1.882089614868,-3.684384346008,-10.343503952026
3353,0.076031746032,69,80.000000000000,0.700000000000,0.000000000000,0.000000000000,-26.462999065241,-2.525008876642,0.000000000000,-9.063690185547,-1.992401123047,-1.879722595215,-5.191566467285
3354,0.076054421769,69,80.000000000000,0.700000000000,0.000000000000,0.000000000000,-26.462999065241,-2.378635127863,0.000000000000,-9.381129264832,-2.724600791931,-2.683317184448,-3.973211288452
3355,0.076077097506,69,80.000000000000,0.700000000000,0.000000000000,0.000000000000,-26.462999065241,-2.541450221857,0.000000000000,-6.087191581726,-2.005527496338,-1.606811523438,-2.474852561951
3356,0.076099773243,69,80.000000000000,0.700000000000,0.000000000000,0.000000000000,-26.462999065241,-2.167894084772,0.000000000000,-7.424906730652,-3.149572372437,-2.706480026245,-1.568854331970
3357,0.076122448980,69,80.000000000000,0.700000000000,0.000000000000,0.000000000000,-26.462999065241,-3.661088664850,0.000000000000,-7.575517654419,-1.465242385864,-3.091238975525,-3.019036293030
3358,0.076145124717,69,80.000000000000,0.700000000000,0.000000000000,0.000000000000,-26.462999065241,-0.299638469537,0.000000000000,-5.410404205322,-1.134272575378,-1.461776733398,-2.814354896545
3359,0.076167800454,69,80.000000000000,0.700000000000,0.000000000000,0.000000000000,-26.462999065241,-7.197496135553,0.000000000000,-5.498261451721,-2.000502586365,-1.712893486023,-1.784865379333
3360,0.076190476190,69,80.000000000000,0.700000000000,0.014944846014,0.000026554600,-26.463112027040,2.342115680853,0.033495250876,-4.186553955078,-0.358947753906,-2.320633888245,-1.506972312927
3361,0.076213151927,69,80.000000000000,0.700000000000,0.073354057527,0.000000000000,-26.463666479477,-5.606705758260,0.000000000000,-3.308681488037,1.434150695801,-1.460846900940,-3.281985282898
3362,0.076235827664,69,80.000000000000,0.700000000000,0.000000000000,0.000000000000,-26.463666479477,-6.290692846665,0.000000000000,0.910657882690,1.202694892883,1.489233970642,-1.781270980835
3363,0.076258503401,69,80.000000000000,0.700000000000,0.015277224526,0.000026809780,-26.463781953586,2.364622552505,0.033655804613,0.429187774658,-1.136529922485,0.907159805298,0.658557891846
3364,0.076281179138,69,80.000000000000,0.700000000000,0.082851627205,0.000020092208,-26.464408194154,-2.950232054067,0.029135815932,0.098567008972,0.001831054688,-0.519103050232,0.615839004517
3365,0.076303854875,69,80.000000000000,0.700000000000,0.000000000000,0.000000000000,-26.464408194154,-11.192313467592,0.000000000000,1.957539558411,2.028935432434,-0.373339653015,0.301943778992
3366,0.076326530612,69,80.000000000000,0.700000000000,0.000000000000,0.000000000000,-26.464408194154,-6.292943274110,0.000000000000,4.291894912720,4.681551933289,-0.197111129761,-0.192545890808
3367,0.076349206349,69,80.000000000000,0.700000000000,0.035718724078,0.000038784969,-26.464678176951,3.420834268004,0.040480426644,9.758166313171,9.344465255737,1.823142051697,-1.409440994263
3368,0.076371882086,69,80.000000000000,0.700000000000,0.517139108375,0.000103596779,-26.468587013749,2.311653879913,0.066158626927,18.466876983643,12.351590156555,6.675478935242,-0.560192108154
3369,0.076394557823,69,80.000000000000,0.700000000000,0.566029205506,0.000000000000,-26.472865390208,-13.030506541774,0.000000000000,26.108797073364,11.609443664551,10.738500595093,3.760852813721
3370,0.076417233560,69,80.000000000000,0.700000000000,0.000000000000,0.000000000000,-26.472865390208,-32.809247302440,0.000000000000,30.021467208862,10.290425300598,11.256371498108,8.474670410156
3371,0.076439909297,69,80.000000000000,0.700000000000,0.000000000000,0.000000000000,-26.472865390208,-49.338511752513,0.000000000000,32.085543632507,11.678709030151,10.009839057922,10.396995544434
3372,0.076462585034,69,80.000000000000,0.700000000000,0.000000000000,0.000000000000,-26.472865390208,-59.656562137034,0.000000000000,35.428908348083,15.557346343994,10.172468185425,9.699093818665
3373,0.076485260771,69,80.000000000000,0.700000000000,0.000000000000,0.000000000000,-26.472865390208,-64.861216830638,0.000000000000,42.034400939941,19.784786224365,12.946096420288,9.303518295288
3374,0.076507936508,69,80.000000000000,0.700000000000,0.000000000000,0.000000000000,-26.472865390208,-66.994944857982,0.000000000000,50.361956596375,22.664844512939,16.893871307373,10.803240776062
3375,0.076530612245,69,80.000000000000,0.700000000000,0.000000000000,0.000000000000,-26.472865390208,-67.686129855540,0.000000000000,58.785619735718,24.051860809326,20.612295150757,14.121463775635
3376,0.076553287982,69,80.000000000000,0.700000000000,0.000000000000,0.000000000000,-26.472865390208,-67.582156466868,0.000000000000,65.135284423828,24.087463378906,22.976573944092,18.071247100830
3377,0.076575963719,69,80.000000000000,0.700000000000,0.000000000000,0.000000000000,-26.472865390208,-67.839808749583,0.000000000000,68.824470520020,23.629438400269,23.843196868896,21.351835250854
3378,0.076598639456,69,80.000000000000,0.700000000000,0.000000000000,0.000000000000,-26.472865390208,-66.219817447093,0.000000000000,69.432357788086,23.000528335571,23.942506790161,22.489322662354
3379,0.076621315193,69,80.000000000000,0.700000000000,0.000000000000,0.000000000000,-26.472865390208,-68.943267154124,0.000000000000,70.812929153442,21.955991744995,23.919162750244,24.937774658203
3380,0.076643990930,69,80.000000000000,0.700000000000,0.000000000000,0.000000000000,-26.472865390208,-62.941943454173,0.000000000000,65.243091583252,20.928731918335,21.934633255005,22.379726409912
3381,0.076666666667,69,80.000000000000,0.700000000000,0.000000000000,0.000000000000,-26.472865390208,-69.654582309154,0.000000000000,69.332540512085,20.973255157471,23.090936660767,25.268348693848
3382,0.076689342404,69,80.000000000000,0.700000000000,0.000000000000,0.000000000000,-26.472865390208,-64.731372165111,0.000000000000,59.080396652222,18.776456832886,19.335906982422,20.968032836914
3383,0.076712018141,69,80.000000000000,0.700000000000,0.000000000000,0.000000000000,-26.472865390208,-61.680079745677,0.000000000000,63.845319747925,19.998085021973,22.440675735474,21.406558990479
3384,0.076734693878,69,80.000000000000,0.700000000000,0.000000000000,0.000000000000,-26.472865390208,-67.918360995677,0.000000000000,58.233525276184,15.156939506531,19.100721359253,23.975864410400
3385,0.076757369615,69,80.000000000000,0.700000000000,0.000000000000,0.000000000000,-26.472865390208,-66.679862307933,0.000000000000,52.359074592590,17.862499237061,15.928133964539,18.568441390991
3386,0.076780045351,69,80.000000000000,0.700000000000,0.000000000000,0.000000000000,-26.472865390208,-59.393710421947,0.000000000000,53.965980529785,17.818361282349,19.135702133179,17.011917114258
3387,0.076802721088,69,80.000000000000,0.700000000000,0.000000000000,0.000000000000,-26.472865390208,-58.490207003978,0.000000000000,53.681291580200,14.885992050171,18.077644348145,20.717655181885
3388,0.076825396825,69,80.000000000000,0.700000000000,0.000000000000,0.000000000000,-26.472865390208,-63.903235721019,0.000000000000,50.260778427124,17.257547378540,14.317743301392,18.685487747192
3389,0.076848072562,69,80.000000000000,0.700000000000,0.000000000000,0.000000000000,-26.472865390208,-67.043826388743,0.000000000000,49.314290046692,19.456987380981,16.224092483521,13.633210182190
3390,0.076870748299,69,80.000000000000,0.700000000000,0.000000000000,0.000000000000,-26.472865390208,-63.124820041087,0.000000000000,51.824852943420,16.048686981201,20.469003677368,15.307162284851
3391,0.076893424036,69,80.000000000000,0.700000000000,0.000000000000,0.000000000000,-26.472865390208,-55.147326754954,0.000000000000,51.503067970276,11.728840827942,19.133695602417,20.640531539917
3392,0.076916099773,69,80.000000000000,0.700000000000,0.000000000000,0.000000000000,-26.472865390208,-47.375537204173,0.000000000000,47.453759193420,12.694522857666,13.358391761780,21.400844573975
3393,0.076938775510,69,80.000000000000,0.700000000000,0.000000000000,0.000000000000,-26.472865390208,-41.840069102672,0.000000000000,45.723891258240,19.676408767700,10.354878425598,15.692604064941
3394,0.076961451247,69,80.000000000000,0.700000000000,0.000000000000,0.000000000000,-26.472865390208,-38.513552951243,0.000000000000,54.142604827881,28.433780670166,14.335796356201,11.373027801514
3395,0.076984126984,69,80.000000000000,0.700000000000,0.000000000000,0.000000000000,-26.472865390208,-36.617860125926,0.000000000000,66.313123703003,34.687858581543,21.023532867432,10.601732254028
3396,0.077006802721,69,80.000000000000,0.700000000000,0.000000000000,0.000000000000,-26.472865390208,-35.411988543895,0.000000000000,83.781732559204,39.127872467041,29.556171417236,15.097688674927
3397,0.077029478458,69,80.000000000000,0.700000000000,0.000000000000,0.000000000000,-26.472865390208,-34.596859263804,0.000000000000,98.708530426025,39.583755493164,35.417324066162,23.707450866699
3398,0.077052154195,69,80.000000000000,0.700000000000,0.000000000000,0.000000000000,-26.472865390208,-33.634537028697,0.000000000000,107.456535339355,40.051200866699,37.586761474609,29.818572998047
3399,0.077074829932,69,80.000000000000,0.700000000000,0.000000000000,0.000000000000,-26.472865390208,-33.421648311046,0.000000000000,115.663871765137,40.505989074707,40.042835235596,35.115047454834
3400,0.077097505669,69,80.000000000000,0.700000000000,0.000000000000,0.000000000000,-26.472865390208,-31.811060237315,0.000000000000,115.483123779297,38.258911132812,40.485080718994,36.739131927490
3401,0.077120181406,69,80.000000000000,0.700000000000,0.000000000000,0.000000000000,-26.472865390208,-32.539897250560,0.000000000000,120.354164123535,36.768459320068,40.302654266357,43.283050537109
3402,0.077142857143,69,80.000000000000,0.700000000000,0.000000000000,0.000000000000,-26.472865390208,-30.872290896800,0.000000000000,108.546089172363,36.812191009521,34.904392242432,36.829505920410
3403,0.077165532880,69,80.000000000000,0.700000000000,0.000000000000,0.000000000000,-26.472865390208,-30.119140910533,0.000000000000,120.007926940918,40.207542419434,40.460861206055,39.339523315430
3404,0.077188208617,69,80.000000000000,0.700000000000,0.000000000000,0.000000000000,-26.472865390208,-31.035092639354,0.000000000000,109.412254333496,34.125190734863,36.515304565430,38.771759033203
3405,0.077210884354,69,80.000000000000,0.700000000000,0.000000000000,0.000000000000,-26.472865390208,-30.008069323924,0.000000000000,109.023143768311,35.372562408447,38.546470642090,35.104110717773
3406,0.077233560091,69,80.000000000000,0.700000000000,0.000000000000,0.000000000000,-26.472865390208,-28.044765757945,0.000000000000,106.525367736816,25.874835968018,39.143245697021,41.507286071777
3407,0.077256235828,69,80.000000000000,0.700000000000,0.000000000000,0.000000000000,-26.472865390208,-28.016024875072,0.000000000000,90.857467651367,20.643413543701,28.444362640381,41.769691467285
3408,0.077278911565,69,80.000000000000,0.700000000000,0.000000000000,0.000000000000,-26.472865390208,-29.414839076426,0.000000000000,78.447830200195,23.856527328491,23.542819976807,31.048482894897
3409,0.077301587302,69,80.000000000000,0.700000000000,0.000000000000,0.000000000000,-26.472865390208,-29.903585719493,0.000000000000,73.455238342285,20.481470108032,26.385328292847,26.588439941406
3410,0.077324263039,69,80.000000000000,0.700000000000,0.000000000000,0.000000000000,-26.472865390208,-28.513286876109,0.000000000000,66.867972373962,14.241032600403,23.351688385010,29.275251388550
3411,0.077346938776,69,80.000000000000,0.700000000000,0.000000000000,0.000000000000,-26.472865390208,-25.982191371348,0.000000000000,58.302419662476,15.701761245728,15.391481399536,27.209177017212
3412,0.077369614512,69,80.000000000000,0.700000000000,0.000000000000,0.000000000000,-26.472865390208,-23.436385440257,0.000000000000,51.196544647217,21.728099822998,12.993829727173,16.474615097046
3413,0.077392290249,69,80.000000000000,0.700000000000,0.000000000000,0.000000000000,-26.472865390208,-21.506785678294,0.000000000000,57.945447921753,23.386577606201,20.040140151978,14.518730163574
3414,0.077414965986,69,80.000000000000,0.700000000000,0.000000000000,0.000000000000,-26.472865390208,-20.282399463084,0.000000000000,53.563869476318,16.174808502197,22.989164352417,14.399896621704
3415,0.077437641723,69,80.000000000000,0.700000000000,0.000000000000,0.000000000000,-26.472865390208,-19.590476321605,0.000000000000,55.698046684265,7.194136619568,24.443044662476,24.060865402222
3416,0.077460317460,69,80.000000000000,0.700000000000,0.000000000000,0.000000000000,-26.472865390208,-19.242702769664,0.000000000000,34.231899261475,-4.619253158569,12.865461349487,25.985691070557
3417,0.077482993197,69,80.000000000000,0.700000000000,0.000000000000,0.000000000000,-26.472865390208,-19.030600833323,0.000000000000,16.456008434296,-6.949962615967,4.860816478729,18.545154571533
3418,0.077505668934,69,80.000000000000,0.700000000000,0.000000000000,0.000000000000,-26.472865390208,-19.083439158824,0.000000000000,-0.008633136749,-12.995663642883,-1.187322139740,14.174352645874
3419,0.077528344671,69,80.000000000000,0.700000000000,0.000000000000,0.000000000000,-26.472865390208,-18.725571917918,0.000000000000,-18.822404384613,-14.463822364807,-10.486376762390,6.127794742584
3420,0.077551020408,69,80.000000000000,0.700000000000,0.000000000000,0.000000000000,-26.472865390208,-19.395502375987,0.000000000000,-31.578157901764,-11.767121315002,-13.246502876282,-6.564533710480
3421,0.077573696145,69,80.000000000000,0.700000000000,0.000000000000,0.000000000000,-26.472865390208,-18.565130519298,0.000000000000,-34.399515151978,-13.938768386841,-10.428403854370,-10.032342910767
3422,0.077596371882,69,80.000000000000,0.700000000000,0.000000000000,0.000000000000,-26.472865390208,-18.976991938975,0.000000000000,-38.787260055542,-16.794906616211,-12.946791648865,-9.045561790466
3423,0.077619047619,69,80.000000000000,0.700000000000,0.000000000000,0.000000000000,-26.472865390208,-19.858293818858,0.000000000000,-40.498785972595,-13.763051033020,-16.524583816528,-10.211151123047
3424,0.077641723356,69,80.000000000000,0.700000000000,0.000000000000,0.000000000000,-26.472865390208,-18.800872611430,0.000000000000,-44.823404312134,-10.718244552612,-17.437500000000,-16.667659759521
3425,0.077664399093,69,80.000000000000,0.700000000000,0.000000000000,0.000000000000,-26.472865390208,-17.958903598216,0.000000000000,-40.906763076782,-10.450756072998,-11.432788848877,-19.023218154907
3426,0.077687074830,69,80.000000000000,0.700000000000,0.000000000000,0.000000000000,-26.472865390208,-19.514814185527,0.000000000000,-40.803537368774,-18.913022994995,-8.250007629395,-13.640506744385
3427,0.077709750567,69,80.000000000000,0.700000000000,0.000000000000,0.000000000000,-26.472865390208,-21.606173800853,0.000000000000,-49.834890365601,-28.036464691162,-13.028268814087,-8.770156860352
3428,0.077732426304,69,80.000000000000,0.700000000000,0.000000000000,0.000000000000,-26.472865390208,-21.263220118907,0.000000000000,-64.068264961243,-34.005485534668,-20.406009674072,-9.656769752502
3429,0.077755102041,69,80.000000000000,0.700000000000,0.000000000000,0.000000000000,-26.472865390208,-17.942395495799,0.000000000000,-80.910299301147,-39.388797760010,-27.453557968140,-14.067943572998
3430,0.077777777778,69,80.000000000000,0.700000000000,0.000000000000,0.000000000000,-26.472865390208,-13.334250735667,0.000000000000,-98.272068023682,-42.939586639404,-34.737415313721,-20.595066070557
3431,0.077800453515,69,80.000000000000,0.700000000000,0.000000000000,0.000000000000,-26.472865390208,-9.336451815989,0.000000000000,-111.137092590332,-42.643028259277,-40.414634704590,-28.079429626465
3432,0.077823129252,69,80.000000000000,0.700000000000,0.000000000000,0.000000000000,-26.472865390208,-6.842322635081,0.000000000000,-120.089149475098,-40.492389678955,-42.617202758789,-36.979557037354
3433,0.077845804989,69,80.000000000000,0.700000000000,0.000000000000,0.000000000000,-26.472865390208,-5.799538897899,0.000000000000,-119.148029327393,-39.534866333008,-40.698257446289,-38.914905548096
3434,0.077868480726,69,80.000000000000,0.700000000000,0.000000000000,0.000000000000,-26.472865390208,-5.749385165599,0.000000000000,-126.158542633057,-41.301406860352,-40.969928741455,-43.887207031250
3435,0.077891156463,69,80.000000000000,0.700000000000,0.000000000000,0.000000000000,-26.472865390208,-6.266734408763,0.000000000000,-117.920307159424,-42.892982482910,-37.707321166992,-37.320003509521
3436,0.077913832200,69,80.000000000000,0.700000000000,0.000000000000,0.000000000000,-26.472865390208,-6.977883624461,0.000000000000,-133.142822265625,-47.569011688232,-44.719852447510,-40.853958129883
3437,0.077936507937,69,80.000000000000,0.700000000000,0.000000000000,0.000000000000,-26.472865390208,-8.027123736766,0.000000000000,-128.571399688721,-44.599929809570,-41.882064819336,-42.089405059814
3438,0.077959183673,69,80.000000000000,0.700000000000,0.000000000000,0.000000000000,-26.472865390208,-8.425563144114,0.000000000000,-134.967658996582,-50.760612487793,-45.582557678223,-38.624488830566
3439,0.077981859410,69,80.000000000000,0.700000000000,0.000000000000,0.000000000000,-26.472865390208,-10.567762660411,0.000000000000,-143.163215637207,-46.594814300537,-50.834854125977,-45.733547210693
3440,0.078004535147,69,80.000000000000,0.700000000000,0.000000000000,0.000000000000,-26.472865390208,-9.242400454905,0.000000000000,-140.094577789307,-44.348442077637,-45.625740051270,-50.120395660400
3441,0.078027210884,69,80.000000000000,0.700000000000,0.000000000000,0.000000000000,-26.472865390208,-13.061869906810,0.000000000000,-137.951324462891,-49.100105285645,-44.429855346680,-44.421363830566
3442,0.078049886621,69,80.000000000000,0.700000000000,0.000000000000,0.000000000000,-26.472865390208,-11.953799533275,0.000000000000,-140.574405670166,-46.562808990479,-50.103450775146,-43.908145904541
3443,0.078072562358,69,80.000000000000,0.700000000000,0.000000000000,0.000000000000,-26.472865390208,-12.371910380748,0.000000000000,-139.525592803955,-39.756835937500,-49.127620697021,-50.641136169434
3444,0.078095238095,69,80.000000000000,0.700000000000,0.000000000000,0.000000000000,-26.472865390208,-15.309815692332,0.000000000000,-132.663665771484,-39.973648071289,-41.441642761230,-51.248374938965
3445,0.078117913832,69,80.000000000000,0.700000000000,0.000000000000,0.000000000000,-26.472865390208,-15.199324893382,0.000000000000,-127.110069274902,-45.035583496094,-38.334629058838,-43.739856719971
3446,0.078140589569,69,80.000000000000,0.700000000000,0.000000000000,0.000000000000,-26.472865390208,-14.243529605296,0.000000000000,-127.584327697754,-46.203163146973,-42.985847473145,-38.395317077637
3447,0.078163265306,69,80.000000000000,0.700000000000,0.000000000000,0.000000000000,-26.472865390208,-15.752004908946,0.000000000000,-127.749401092529,-39.407455444336,-47.763401031494,-40.578544616699
3448,0.078185941043,69,80.000000000000,0.700000000000,0.000000000000,0.000000000000,-26.472865390208,-18.051011371043,0.000000000000,-120.564392089844,-28.094089508057,-45.910293579102,-46.560009002686
3449,0.078208616780,69,80.000000000000,0.700000000000,0.000000000000,0.000000000000,-26.472865390208,-18.141868876842,0.000000000000,-104.151515960693,-17.842281341553,-37.371932983398,-48.937301635742
3450,0.078231292517,69,80.000000000000,0.700000000000,0.000000000000,0.000000000000,-26.472865390208,-14.893365191844,0.000000000000,-82.425283432007,-11.068864822388,-26.778171539307,-44.578247070312
3451,0.078253968254,69,80.000000000000,0.700000000000,0.000000000000,0.000000000000,-26.472865390208,-10.471455859569,0.000000000000,-60.321662902832,-6.864021301270,-17.846523284912,-35.611118316650
3452,0.078276643991,69,80.000000000000,0.700000000000,0.000000000000,0.000000000000,-26.472865390208,-6.773352908519,0.000000000000,-41.730969429016,-4.057923316956,-11.453538894653,-26.219507217407
3453,0.078299319728,69,80.000000000000,0.700000000000,0.000000000000,0.000000000000,-26.472865390208,-4.409735965159,0.000000000000,-26.724430084229,-2.393230438232,-6.828832626343,-17.502367019653
3454,0.078321995465,69,80.000000000000,0.700000000000,0.000000000000,0.000000000000,-26.472865390208,-3.166415500072,0.000000000000,-18.101881027222,-1.916553497314,-4.228241920471,-11.957085609436
3455,0.078344671202,69,80.000000000000,0.700000000000,0.000000000000,0.000000000000,-26.472865390208,-2.639165210155,0.000000000000,-10.269545555115,-1.922357559204,-2.066445350647,-6.280742645264
3456,0.078367346939,69,80.000000000000,0.700000000000,0.000000000000,0.000000000000,-26.472865390208,-2.433102893260,0.000000000000,-9.856214523315,-2.699978828430,-2.706521987915,-4.449713706970
3457,0.078390022676,69,80.000000000000,0.700000000000,0.000000000000,0.000000000000,-26.472865390208,-2.605395602611,0.000000000000,-6.480209350586,-1.981369018555,-1.631090164185,-2.867750167847
3458,0.078412698413,69,80.000000000000,0.700000000000,0.000000000000,0.000000000000,-26.472865390208,-2.133832263377,0.000000000000,-7.242131233215,-3.158834457397,-2.521459579468,-1.561837196350
3459,0.078435374150,69,80.000000000000,0.700000000000,0.000000000000,0.000000000000,-26.472865390208,-3.825026797679,0.000000000000,-7.663633346558,-1.660085678101,-3.189229965210,-2.814317703247
3460,0.078458049887,69,80.000000000000,0.700000000000,0.000000000000,0.000000000000,-26.472865390208,-0.144591617015,0.000000000000,-5.707414627075,-1.108936309814,-1.650575637817,-2.947902679443
3461,0.078480725624,69,80.000000000000,0.700000000000,0.000000000000,0.000000000000,-26.472865390208,-7.289492892650,0.000000000000,-5.659542083740,-2.033486366272,-1.630329132080,-1.995726585388
3462,0.078503401361,69,80.000000000000,0.700000000000,0.009685822255,0.000021991067,-26.472938601261,1.939612103078,0.030481512064,-4.317561149597,-0.665550231934,-2.312510490417,-1.339500427246
3463,0.078526077098,69,80.000000000000,0.700000000000,0.047575309391,0.000000000000,-26.473298202995,-4.797642873445,0.000000000000,-3.792580604553,1.245310783386,-1.870231628418,-3.167659759521
3464,0.078548752834,69,80.000000000000,0.700000000000,0.000000000000,0.000000000000,-26.473298202995,-6.887215744499,0.000000000000,0.227425575256,1.395483970642,1.133598327637,-2.301656723022
3465,0.078571428571,69,80.000000000000,0.700000000000,0.008025034858,0.000020264183,-26.473358860855,1.787300933358,0.029260241426,0.359107017517,-0.971915245056,1.095257759094,0.235764503479
3466,0.078594104308,69,80.000000000000,0.700000000000,0.046932822610,0.000019682147,-26.473713606301,-1.835022324198,0.028836967565,0.024228096008,-0.255038261414,-0.335508346558,0.614774703979
3467,0.078616780045,69,80.000000000000,0.700000000000,0.000000000000,0.000000000000,-26.473713606301,-10.682984083596,0.000000000000,1.624589920044,1.605729103088,-0.387762069702,0.406622886658
3468,0.078639455782,69,80.000000000000,0.700000000000,0.000000000000,0.000000000000,-26.473713606301,-7.547390669290,0.000000000000,3.658488273621,4.021368026733,-0.413471221924,0.050591468811
3469,0.078662131519,69,80.000000000000,0.700000000000,0.014145645862,0.000025927586,-26.473820527283,2.286813050803,0.033097439357,8.358368873596,8.582168579102,1.061221122742,-1.285020828247
3470,0.078684807256,69,80.000000000000,0.700000000000,0.324943445228,0.000091240312,-26.476276637980,3.480140102726,0.062087866500,16.408460617065,12.035301208496,5.571478843689,-1.198319435120
3471,0.078707482993,69,80.000000000000,0.700000000000,0.579664115361,0.000017164695,-26.480658074982,-9.929286538379,0.026929692648,24.254500389099,11.750563621521,10.056803703308,2.447133064270
3472,0.078730158730,69,80.000000000000,0.700000000000,0.000000000000,0.000000000000,-26.480658074982,-29.314867517121,0.000000000000,28.923210620880,10.315463066101,11.244079589844,7.363667964935
3473,0.078752834467,69,80.000000000000,0.700000000000,0.000000000000,0.000000000000,-26.480658074982,-46.621176263459,0.000000000000,31.432278633118,11.228149414062,10.143719673157,10.060409545898
3474,0.078775510204,69,80.000000000000,0.700000000000,0.000000000000,0.000000000000,-26.480658074982,-57.993809243805,0.000000000000,34.478727340698,14.789247512817,9.876062393188,9.813417434692
3475,0.078798185941,69,80.000000000000,0.700000000000,0.000000000000,0.000000000000,-26.480658074982,-64.012049218781,0.000000000000,40.402105331421,19.056566238403,12.156858444214,9.188680648804
3476,0.078820861678,69,80.000000000000,0.700000000000,0.000000000000,0.000000000000,-26.480658074982,-66.616514703400,0.000000000000,48.259605407715,22.184637069702,15.927437782288,10.147530555725
3477,0.078843537415,69,80.000000000000,0.700000000000,0.000000000000,0.000000000000,-26.480658074982,-67.545401116974,0.000000000000,56.675071716309,23.840761184692,19.788784027100,13.045526504517
3478,0.078866213152,69,80.000000000000,0.700000000000,0.000000000000,0.000000000000,-26.480658074982,-67.506071588166,0.000000000000,63.477724075317,24.068309783936,22.484563827515,16.924850463867
3479,0.078888888889,69,80.000000000000,0.700000000000,0.000000000000,0.000000000000,-26.480658074982,-67.884378930695,0.000000000000,67.902891159058,23.686017990112,23.646253585815,20.570619583130
3480,0.078911564626,69,80.000000000000,0.700000000000,0.000000000000,0.000000000000,-26.480658074982,-66.111425897248,0.000000000000,68.871688842773,23.112600326538,23.874818801880,21.884269714355
3481,0.078934240363,69,80.000000000000,0.700000000000,0.000000000000,0.000000000000,-26.480658074982,-69.083609124787,0.000000000000,71.004018783569,22.115488052368,24.087415695190,24.801115036011
3482,0.078956916100,69,80.000000000000,0.700000000000,0.000000000000,0.000000000000,-26.480658074982,-62.975740930207,0.000000000000,65.384063720703,21.004163742065,22.039245605469,22.340654373169
3483,0.078979591837,69,80.000000000000,0.700000000000,0.000000000000,0.000000000000,-26.480658074982,-69.302877923615,0.000000000000,69.759164810181,21.115184783936,23.312313079834,25.331666946411
3484,0.079002267574,69,80.000000000000,0.700000000000,0.000000000000,0.000000000000,-26.480658074982,-65.399504205353,0.000000000000,59.903968811035,18.875579833984,19.474720001221,21.553668975830
3485,0.079024943311,69,80.000000000000,0.700000000000,0.000000000000,0.000000000000,-26.480658074982,-61.498426934845,0.000000000000,63.618886947632,20.233776092529,22.359874725342,21.025236129761
3486,0.079047619048,69,80.000000000000,0.700000000000,0.000000000000,0.000000000000,-26.480658074982,-67.304884454376,0.000000000000,59.429867744446,15.425738334656,19.821495056152,24.182634353638
3487,0.079070294785,69,80.000000000000,0.700000000000,0.000000000000,0.000000000000,-26.480658074982,-67.275370141632,0.000000000000,53.215457916260,17.580509185791,16.037858963013,19.597089767456
3488,0.079092970522,69,80.000000000000,0.700000000000,0.000000000000,0.000000000000,-26.480658074982,-60.203432580597,0.000000000000,53.676216125488,18.009361267090,18.808540344238,16.858314514160
3489,0.079115646259,69,80.000000000000,0.700000000000,0.000000000000,0.000000000000,-26.480658074982,-58.178177377350,0.000000000000,53.887349128723,14.993737220764,18.549617767334,20.343994140625
3490,0.079138321995,69,80.000000000000,0.700000000000,0.000000000000,0.000000000000,-26.480658074982,-63.015760919220,0.000000000000,51.023825645447,16.823509216309,14.630558967590,19.569757461548
3491,0.079160997732,69,80.000000000000,0.700000000000,0.000000000000,0.000000000000,-26.480658074982,-66.864775201447,0.000000000000,49.271057128906,19.435548782349,15.547738075256,14.287770271301
3492,0.079183673469,69,80.000000000000,0.700000000000,0.000000000000,0.000000000000,-26.480658074982,-64.068354150421,0.000000000000,51.101132392883,16.704708099365,19.963747024536,14.432677268982
3493,0.079206349206,69,80.000000000000,0.700000000000,0.000000000000,0.000000000000,-26.480658074982,-56.573122522003,0.000000000000,51.597578048706,12.149728775024,19.837266921997,19.610582351685
3494,0.079229024943,69,80.000000000000,0.700000000000,0.000000000000,0.000000000000,-26.480658074982,-48.653711816437,0.000000000000,48.494457244873,12.118272781372,14.490415573120,21.885768890381
3495,0.079251700680,69,80.000000000000,0.700000000000,0.000000000000,0.000000000000,-26.480658074982,-42.721884271271,0.000000000000,45.781986236572,18.231456756592,10.425500869751,17.125028610229
3496,0.079274376417,69,80.000000000000,0.700000000000,0.000000000000,0.000000000000,-26.480658074982,-39.041402360565,0.000000000000,52.370094299316,26.933925628662,13.156018257141,12.280150413513
3497,0.079297052154,69,80.000000000000,0.700000000000,0.000000000000,0.000000000000,-26.480658074982,-36.928020974762,0.000000000000,63.018730163574,33.561759948730,19.187414169312,10.269556045532
3498,0.079319727891,69,80.000000000000,0.700000000000,0.000000000000,0.000000000000,-26.480658074982,-35.609502336151,0.000000000000,79.494527816772,38.512882232666,27.681060791016,13.300584793091
3499,0.079342403628,69,80.000000000000,0.700000000000,0.000000000000,0.000000000000,-26.480658074982,-34.761529466278,0.000000000000,95.079647064209,39.401855468750,34.247344970703,21.430446624756
3500,0.079365079365,69,80.000000000000,0.700000000000,0.000000000000,0.000000000000,-26.480658074982,-33.752706071503,0.000000000000,104.750377655029,39.893039703369,36.907131195068,27.950206756592
3501,0.079387755102,69,80.000000000000,0.700000000000,0.000000000000,0.000000000000,-26.480658074982,-33.574285050995,0.000000000000,114.020454406738,40.561252593994,39.569419860840,33.889781951904
3502,0.079410430839,69,80.000000000000,0.700000000000,0.000000000000,0.000000000000,-26.480658074982,-31.922957917816,0.000000000000,114.341445922852,38.547058105469,40.332374572754,35.462013244629
3503,0.079433106576,69,80.000000000000,0.700000000000,0.000000000000,0.000000000000,-26.480658074982,-32.600866815216,0.000000000000,120.621250152588,36.884449005127,40.821365356445,42.915435791016
3504,0.079455782313,69,80.000000000000,0.700000000000,0.000000000000,0.000000000000,-26.480658074982,-31.104656716950,0.000000000000,108.889396667480,36.485923767090,35.001888275146,37.401584625244
3505,0.079478458050,69,80.000000000000,0.700000000000,0.000000000000,0.000000000000,-26.480658074982,-30.139342805512,0.000000000000,119.392642974854,40.259170532227,40.115318298340,39.018154144287
3506,0.079501133787,69,80.000000000000,0.700000000000,0.000000000000,0.000000000000,-26.480658074982,-31.021441957123,0.000000000000,110.554531097412,34.575561523438,36.723793029785,39.255176544189
3507,0.079523809524,69,80.000000000000,0.700000000000,0.000000000000,0.000000000000,-26.480658074982,-30.265048524506,0.000000000000,108.973514556885,35.955341339111,38.159832000732,34.858341217041
3508,0.079546485261,69,80.000000000000,0.700000000000,0.000000000000,0.000000000000,-26.480658074982,-28.268856546051,0.000000000000,107.666967391968,27.241819381714,40.056537628174,40.368610382080
3509,0.079569160998,69,80.000000000000,0.700000000000,0.000000000000,0.000000000000,-26.480658074982,-27.930770417816,0.000000000000,94.196565628052,20.974193572998,30.345075607300,42.877296447754
3510,0.079591836735,69,80.000000000000,0.700000000000,0.000000000000,0.000000000000,-26.480658074982,-29.230906030304,0.000000000000,81.078382492065,23.768442153931,23.990039825439,33.319900512695
3511,0.079614512472,69,80.000000000000,0.700000000000,0.000000000000,0.000000000000,-26.480658074982,-29.948312303192,0.000000000000,74.702821731567,21.271728515625,26.311399459839,27.119693756104
3512,0.079637188209,69,80.000000000000,0.700000000000,0.000000000000,0.000000000000,-26.480658074982,-28.853251001007,0.000000000000,68.388759613037,14.796308517456,24.501571655273,29.090879440308
3513,0.079659863946,69,80.000000000000,0.700000000000,0.000000000000,0.000000000000,-26.480658074982,-26.462578317292,0.000000000000,60.648216247559,15.101945877075,16.741580963135,28.804689407349
3514,0.079682539683,69,80.000000000000,0.700000000000,0.000000000000,0.000000000000,-26.480658074982,-23.884562989838,0.000000000000,52.021469116211,20.886093139648,12.660535812378,18.474840164185
3515,0.079705215420,69,80.000000000000,0.700000000000,0.000000000000,0.000000000000,-26.480658074982,-21.839631578095,0.000000000000,57.401449203491,23.633016586304,18.749149322510,15.019283294678
3516,0.079727891156,69,80.000000000000,0.700000000000,0.000000000000,0.000000000000,-26.480658074982,-20.497544786103,0.000000000000,53.104967117310,17.573108673096,22.289653778076,13.242204666138
3517,0.079750566893,69,80.000000000000,0.700000000000,0.000000000000,0.000000000000,-26.480658074982,-19.718694230683,0.000000000000,56.582406997681,9.096109390259,25.325080871582,22.161216735840
3518,0.079773242630,69,80.000000000000,0.700000000000,0.000000000000,0.000000000000,-26.480658074982,-19.320930024750,0.000000000000,38.435512065887,-3.126458644867,15.189908027649,26.372062683105
3519,0.079795918367,69,80.000000000000,0.700000000000,0.000000000000,0.000000000000,-26.480658074982,-19.070904275543,0.000000000000,20.729779720306,-6.137269020081,6.660158634186,20.206890106201
3520,0.079818594104,69,80.000000000000,0.700000000000,0.000000000000,0.000000000000,-26.480658074982,-19.128134271271,0.000000000000,4.430798768997,-12.195973396301,0.677080392838,15.949691772461
3521,0.079841269841,69,80.000000000000,0.700000000000,0.000000000000,0.000000000000,-26.480658074982,-18.729970475800,0.000000000000,-14.192301750183,-14.454801559448,-8.844119071960,9.106618881226
3522,0.079863945578,69,80.000000000000,0.700000000000,0.000000000000,0.000000000000,-26.480658074982,-19.411679765351,0.000000000000,-28.772810697556,-11.859317779541,-13.035617828369,-3.877875089645
3523,0.079886621315,69,80.000000000000,0.700000000000,0.000000000000,0.000000000000,-26.480658074982,-18.638195535309,0.000000000000,-33.324420928955,-13.478569030762,-10.505564689636,-9.340287208557
3524,0.079909297052,69,80.000000000000,0.700000000000,0.000000000000,0.000000000000,-26.480658074982,-18.888789674408,0.000000000000,-37.929757118225,-16.682443618774,-12.252611160278,-8.994702339172
3525,0.079931972789,69,80.000000000000,0.700000000000,0.000000000000,0.000000000000,-26.480658074982,-19.861891290314,0.000000000000,-39.365930557251,-14.276321411133,-15.876409530640,-9.213199615479
3526,0.079954648526,69,80.000000000000,0.700000000000,0.000000000000,0.000000000000,-26.480658074982,-18.994295617707,0.000000000000,-44.225458145142,-11.099403381348,-17.867189407349,-15.258865356445
3527,0.079977324263,69,80.000000000000,0.700000000000,0.000000000000,0.000000000000,-26.480658074982,-17.958956262238,0.000000000000,-41.667612075806,-9.885342597961,-12.594719886780,-19.187549591064
