frequency_hz,alpha_per_second,eta,t60_seconds,delay_37_magnitude,delay_37_db,delay_87_magnitude,delay_87_db,delay_181_magnitude,delay_181_db,delay_271_magnitude,delay_271_db,delay_359_magnitude,delay_359_db,delay_492_magnitude,delay_492_db,delay_687_magnitude,delay_687_db,delay_721_magnitude,delay_721_db
20.0,20.316927291123932,0.3233539406821005,0.34,0.9830985121204437,-0.1480592236894761,0.9607116058478955,-0.3481392557022809,0.9199950999077711,-0.7242897158863544,0.8826292410979177,-1.084433773509404,0.8475615928970988,-1.4365746298519406,0.7971877642515378,-1.9687875150060021,0.7286937053792424,-2.7490996398559426,0.7173684904893013,-2.885154061624649
20.070211353454244,20.316927291123932,0.3222227558918543,0.34,0.9830985121204437,-0.1480592236894761,0.9607116058478955,-0.3481392557022809,0.9199950999077711,-0.7242897158863544,0.8826292410979177,-1.084433773509404,0.8475615928970988,-1.4365746298519406,0.7971877642515378,-1.9687875150060021,0.7286937053792424,-2.7490996398559426,0.7173684904893013,-2.885154061624649
20.14066918861619,20.316927291123932,0.3210955283103155,0.34,0.9830985121204437,-0.1480592236894761,0.9607116058478955,-0.3481392557022809,0.9199950999077711,-0.7242897158863544,0.8826292410979177,-1.084433773509404,0.8475615928970988,-1.4365746298519406,0.7971877642515378,-1.9687875150060021,0.7286937053792424,-2.7490996398559426,0.7173684904893013,-2.885154061624649
20.211374370776532,20.316927291123932,0.3199722440940339,0.34,0.9830985121204437,-0.1480592236894761,0.9607116058478955,-0.3481392557022809,0.9199950999077711,-0.7242897158863544,0.8826292410979177,-1.084433773509404,0.8475615928970988,-1.4365746298519406,0.7971877642515378,-1.9687875150060021,0.7286937053792424,-2.7490996398559426,0.7173684904893013,-2.885154061624649
20.282327768263663,20.316927291123932,0.31885288944798695,0.34,0.9830985121204437,-0.1480592236894761,0.9607116058478955,-0.3481392557022809,0.9199950999077711,-0.7242897158863544,0.8826292410979177,-1.084433773509404,0.8475615928970988,-1.4365746298519406,0.7971877642515378,-1.9687875150060021,0.7286937053792424,-2.7490996398559426,0.7173684904893013,-2.885154061624649
20.35353025245428,20.316927291123932,0.3177374506254114,0.34,0.9830985121204437,-0.1480592236894761,0.9607116058478955,-0.3481392557022809,0.9199950999077711,-0.7242897158863544,0.8826292410979177,-1.084433773509404,0.8475615928970988,-1.4365746298519406,0.7971877642515378,-1.9687875150060021,0.7286937053792424,-2.7490996398559426,0.7173684904893013,-2.885154061624649
20.424982697784124,20.316927291123932,0.316625913927634,0.34,0.9830985121204437,-0.1480592236894761,0.9607116058478955,-0.3481392557022809,0.9199950999077711,-0.7242897158863544,0.8826292410979177,-1.084433773509404,0.8475615928970988,-1.4365746298519406,0.7971877642515378,-1.9687875150060021,0.7286937053792424,-2.7490996398559426,0.7173684904893013,-2.885154061624649
20.496685981758667,20.316927291123932,0.3155182657039037,0.34,0.9830985121204437,-0.1480592236894761,0.9607116058478955,-0.3481392557022809,0.9199950999077711,-0.7242897158863544,0.8826292410979177,-1.084433773509404,0.8475615928970988,-1.4365746298519406,0.7971877642515378,-1.9687875150060021,0.7286937053792424,-2.7490996398559426,0.7173684904893013,-2.885154061624649
20.56864098496396,20.316927291123932,0.3144144923512233,0.34,0.9830985121204437,-0.1480592236894761,0.9607116058478955,-0.3481392557022809,0.9199950999077711,-0.7242897158863544,0.8826292410979177,-1.084433773509404,0.8475615928970988,-1.4365746298519406,0.7971877642515378,-1.9687875150060021,0.7286937053792424,-2.7490996398559426,0.7173684904893013,-2.885154061624649
20.640848591077397,20.316927291123932,0.31331458031418297,0.34,0.9830985121204437,-0.1480592236894761,0.9607116058478955,-0.3481392557022809,0.9199950999077711,-0.7242897158863544,0.8826292410979177,-1.084433773509404,0.8475615928970988,-1.4365746298519406,0.7971877642515378,-1.9687875150060021,0.7286937053792424,-2.7490996398559426,0.7173684904893013,-2.885154061624649
20.71330968687859,20.316927291123932,0.3122185160847934,0.34,0.9830985121204437,-0.1480592236894761,0.9607116058478955,-0.3481392557022809,0.9199950999077711,-0.7242897158863544,0.8826292410979177,-1.084433773509404,0.8475615928970988,-1.4365746298519406,0.7971877642515378,-1.9687875150060021,0.7286937053792424,-2.7490996398559426,0.7173684904893013,-2.885154061624649
20.786025162260216,20.316927291123932,0.3111262862023206,0.34,0.9830985121204437,-0.1480592236894761,0.9607116058478955,-0.3481392557022809,0.9199950999077711,-0.7242897158863544,0.8826292410979177,-1.084433773509404,0.8475615928970988,-1.4365746298519406,0.7971877642515378,-1.9687875150060021,0.7286937053792424,-2.7490996398559426,0.7173684904893013,-2.885154061624649
20.858995910239027,20.316927291123932,0.3100378772531195,0.34,0.9830985121204437,-0.1480592236894761,0.9607116058478955,-0.3481392557022809,0.9199950999077711,-0.7242897158863544,0.8826292410979177,-1.084433773509404,0.8475615928970988,-1.4365746298519406,0.7971877642515378,-1.9687875150060021,0.7286937053792424,-2.7490996398559426,0.7173684904893013,-2.885154061624649
20.932222826966747,20.316927291123932,0.3089532758704701,0.34,0.9830985121204437,-0.1480592236894761,0.9607116058478955,-0.3481392557022809,0.9199950999077711,-0.7242897158863544,0.8826292410979177,-1.084433773509404,0.8475615928970988,-1.4365746298519406,0.7971877642515378,-1.9687875150060021,0.7286937053792424,-2.7490996398559426,0.7173684904893013,-2.885154061624649
21.005706811741113,20.316927291123932,0.3078724687344129,0.34,0.9830985121204437,-0.1480592236894761,0.9607116058478955,-0.3481392557022809,0.9199950999077711,-0.7242897158863544,0.8826292410979177,-1.084433773509404,0.8475615928970988,-1.4365746298519406,0.7971877642515378,-1.9687875150060021,0.7286937053792424,-2.7490996398559426,0.7173684904893013,-2.885154061624649
21.079448767016878,20.316927291123932,0.3067954425715857,0.34,0.9830985121204437,-0.1480592236894761,0.9607116058478955,-0.3481392557022809,0.9199950999077711,-0.7242897158863544,0.8826292410979177,-1.084433773509404,0.8475615928970988,-1.4365746298519406,0.7971877642515378,-1.9687875150060021,0.7286937053792424,-2.7490996398559426,0.7173684904893013,-2.885154061624649
21.15344959841696,20.316927291123932,0.30572218415506,0.34,0.9830985121204437,-0.1480592236894761,0.9607116058478955,-0.3481392557022809,0.9199950999077711,-0.7242897158863544,0.8826292410979177,-1.084433773509404,0.8475615928970988,-1.4365746298519406,0.7971877642515378,-1.9687875150060021,0.7286937053792424,-2.7490996398559426,0.7173684904893013,-2.885154061624649
21.227710214743507,20.316927291123932,0.304652680304179,0.34,0.9830985121204437,-0.1480592236894761,0.9607116058478955,-0.3481392557022809,0.9199950999077711,-0.7242897158863544,0.8826292410979177,-1.084433773509404,0.8475615928970988,-1.4365746298519406,0.7971877642515378,-1.9687875150060021,0.7286937053792424,-2.7490996398559426,0.7173684904893013,-2.885154061624649
21.302231527989093,20.316927291123932,0.3035869178843957,0.34,0.9830985121204437,-0.1480592236894761,0.9607116058478955,-0.3481392557022809,0.9199950999077711,-0.7242897158863544,0.8826292410979177,-1.084433773509404,0.8475615928970988,-1.4365746298519406,0.7971877642515378,-1.9687875150060021,0.7286937053792424,-2.7490996398559426,0.7173684904893013,-2.885154061624649
21.377014453347883,20.316927291123932,0.3025248838071114,0.34,0.9830985121204437,-0.1480592236894761,0.9607116058478955,-0.3481392557022809,0.9199950999077711,-0.7242897158863544,0.8826292410979177,-1.084433773509404,0.8475615928970988,-1.4365746298519406,0.7971877642515378,-1.9687875150060021,0.7286937053792424,-2.7490996398559426,0.7173684904893013,-2.885154061624649
21.452059909226904,20.316927291123932,0.30146656502951524,0.34,0.9830985121204437,-0.1480592236894761,0.9607116058478955,-0.3481392557022809,0.9199950999077711,-0.7242897158863544,0.8826292410979177,-1.084433773509404,0.8475615928970988,-1.4365746298519406,0.7971877642515378,-1.9687875150060021,0.7286937053792424,-2.7490996398559426,0.7173684904893013,-2.885154061624649
21.52736881725732,20.316927291123932,0.30041194855442366,0.34,0.9830985121204437,-0.1480592236894761,0.9607116058478955,-0.3481392557022809,0.9199950999077711,-0.7242897158863544,0.8826292410979177,-1.084433773509404,0.8475615928970988,-1.4365746298519406,0.7971877642515378,-1.9687875150060021,0.7286937053792424,-2.7490996398559426,0.7173684904893013,-2.885154061624649
21.602942102305743,20.316927291123932,0.29936102143012083,0.34,0.9830985121204437,-0.1480592236894761,0.9607116058478955,-0.3481392557022809,0.9199950999077711,-0.7242897158863544,0.8826292410979177,-1.084433773509404,0.8475615928970988,-1.4365746298519406,0.7971877642515378,-1.9687875150060021,0.7286937053792424,-2.7490996398559426,0.7173684904893013,-2.885154061624649
21.678780692485567,20.316927291123932,0.2983137707502003,0.34,0.9830985121204437,-0.1480592236894761,0.9607116058478955,-0.3481392557022809,0.9199950999077711,-0.7242897158863544,0.8826292410979177,-1.084433773509404,0.8475615928970988,-1.4365746298519406,0.7971877642515378,-1.9687875150060021,0.7286937053792424,-2.7490996398559426,0.7173684904893013,-2.885154061624649
21.754885519168422,20.316927291123932,0.2972701836534055,0.34,0.9830985121204437,-0.1480592236894761,0.9607116058478955,-0.3481392557022809,0.9199950999077711,-0.7242897158863544,0.8826292410979177,-1.084433773509404,0.8475615928970988,-1.4365746298519406,0.7971877642515378,-1.9687875150060021,0.7286937053792424,-2.7490996398559426,0.7173684904893013,-2.885154061624649
21.831257516995567,20.316927291123932,0.29623024732347225,0.34,0.9830985121204437,-0.1480592236894761,0.9607116058478955,-0.3481392557022809,0.9199950999077711,-0.7242897158863544,0.8826292410979177,-1.084433773509404,0.8475615928970988,-1.4365746298519406,0.7971877642515378,-1.9687875150060021,0.7286937053792424,-2.7490996398559426,0.7173684904893013,-2.885154061624649
21.907897623889394,20.316927291123932,0.2951939489889712,0.34,0.9830985121204437,-0.1480592236894761,0.9607116058478955,-0.3481392557022809,0.9199950999077711,-0.7242897158863544,0.8826292410979177,-1.084433773509404,0.8475615928970988,-1.4365746298519406,0.7971877642515378,-1.9687875150060021,0.7286937053792424,-2.7490996398559426,0.7173684904893013,-2.885154061624649
21.984806781064908,20.316927291123932,0.2941612759231516,0.34,0.9830985121204437,-0.1480592236894761,0.9607116058478955,-0.3481392557022809,0.9199950999077711,-0.7242897158863544,0.8826292410979177,-1.084433773509404,0.8475615928970988,-1.4365746298519406,0.7971877642515378,-1.9687875150060021,0.7286937053792424,-2.7490996398559426,0.7173684904893013,-2.885154061624649
22.061985933041335,20.316927291123932,0.2931322154437842,0.34,0.9830985121204437,-0.1480592236894761,0.9607116058478955,-0.3481392557022809,0.9199950999077711,-0.7242897158863544,0.8826292410979177,-1.084433773509404,0.8475615928970988,-1.4365746298519406,0.7971877642515378,-1.9687875150060021,0.7286937053792424,-2.7490996398559426,0.7173684904893013,-2.885154061624649
22.139436027653698,20.316927291123932,0.2921067549130058,0.34,0.9830985121204437,-0.1480592236894761,0.9607116058478955,-0.3481392557022809,0.9199950999077711,-0.7242897158863544,0.8826292410979177,-1.084433773509404,0.8475615928970988,-1.4365746298519406,0.7971877642515378,-1.9687875150060021,0.7286937053792424,-2.7490996398559426,0.7173684904893013,-2.885154061624649
22.217158016064467,20.316927291123932,0.2910848817371639,0.34,0.9830985121204437,-0.1480592236894761,0.9607116058478955,-0.3481392557022809,0.9199950999077711,-0.7242897158863544,0.8826292410979177,-1.084433773509404,0.8475615928970988,-1.4365746298519406,0.7971877642515378,-1.9687875150060021,0.7286937053792424,-2.7490996398559426,0.7173684904893013,-2.885154061624649
22.2951528527752,20.316927291123932,0.2900665833666629,0.34,0.9830985121204437,-0.1480592236894761,0.9607116058478955,-0.3481392557022809,0.9199950999077711,-0.7242897158863544,0.8826292410979177,-1.084433773509404,0.8475615928970988,-1.4365746298519406,0.7971877642515378,-1.9687875150060021,0.7286937053792424,-2.7490996398559426,0.7173684904893013,-2.885154061624649
22.373421495638325,20.316927291123932,0.2890518472958085,0.34,0.9830985121204437,-0.1480592236894761,0.9607116058478955,-0.3481392557022809,0.9199950999077711,-0.7242897158863544,0.8826292410979177,-1.084433773509404,0.8475615928970988,-1.4365746298519406,0.7971877642515378,-1.9687875150060021,0.7286937053792424,-2.7490996398559426,0.7173684904893013,-2.885154061624649
22.451964905868877,20.316927291123932,0.28804066106265536,0.34,0.9830985121204437,-0.1480592236894761,0.9607116058478955,-0.3481392557022809,0.9199950999077711,-0.7242897158863544,0.8826292410979177,-1.084433773509404,0.8475615928970988,-1.4365746298519406,0.7971877642515378,-1.9687875150060021,0.7286937053792424,-2.7490996398559426,0.7173684904893013,-2.885154061624649
22.530784048056297,20.316927291123932,0.2870330122488532,0.34,0.9830985121204437,-0.1480592236894761,0.9607116058478955,-0.3481392557022809,0.9199950999077711,-0.7242897158863544,0.8826292410979177,-1.084433773509404,0.8475615928970988,-1.4365746298519406,0.7971877642515378,-1.9687875150060021,0.7286937053792424,-2.7490996398559426,0.7173684904893013,-2.885154061624649
22.60987989017626,20.316927291123932,0.2860288884794953,0.34,0.9830985121204437,-0.1480592236894761,0.9607116058478955,-0.3481392557022809,0.9199950999077711,-0.7242897158863544,0.8826292410979177,-1.084433773509404,0.8475615928970988,-1.4365746298519406,0.7971877642515378,-1.9687875150060021,0.7286937053792424,-2.7490996398559426,0.7173684904893013,-2.885154061624649
22.689253403602613,20.316927291123932,0.2850282774229655,0.34,0.9830985121204437,-0.1480592236894761,0.9607116058478955,-0.3481392557022809,0.9199950999077711,-0.7242897158863544,0.8826292410979177,-1.084433773509404,0.8475615928970988,-1.4365746298519406,0.7971877642515378,-1.9687875150060021,0.7286937053792424,-2.7490996398559426,0.7173684904893013,-2.885154061624649
22.768905563119276,20.316927291123932,0.28403116679078705,0.34,0.9830985121204437,-0.1480592236894761,0.9607116058478955,-0.3481392557022809,0.9199950999077711,-0.7242897158863544,0.8826292410979177,-1.084433773509404,0.8475615928970988,-1.4365746298519406,0.7971877642515378,-1.9687875150060021,0.7286937053792424,-2.7490996398559426,0.7173684904893013,-2.885154061624649
22.848837346932207,20.316927291123932,0.28303754433747197,0.34,0.9830985121204437,-0.1480592236894761,0.9607116058478955,-0.3481392557022809,0.9199950999077711,-0.7242897158863544,0.8826292410979177,-1.084433773509404,0.8475615928970988,-1.4365746298519406,0.7971877642515378,-1.9687875150060021,0.7286937053792424,-2.7490996398559426,0.7173684904893013,-2.885154061624649
22.929049736681403,20.316927291123932,0.28204739786037075,0.34,0.9830985121204437,-0.1480592236894761,0.9607116058478955,-0.3481392557022809,0.9199950999077711,-0.7242897158863544,0.8826292410979177,-1.084433773509404,0.8475615928970988,-1.4365746298519406,0.7971877642515378,-1.9687875150060021,0.7286937053792424,-2.7490996398559426,0.7173684904893013,-2.885154061624649
23.009543717453006,20.316927291123932,0.28106071519952197,0.34,0.9830985121204437,-0.1480592236894761,0.9607116058478955,-0.3481392557022809,0.9199950999077711,-0.7242897158863544,0.8826292410979177,-1.084433773509404,0.8475615928970988,-1.4365746298519406,0.7971877642515378,-1.9687875150060021,0.7286937053792424,-2.7490996398559426,0.7173684904893013,-2.885154061624649
23.090320277791363,20.316927291123932,0.2800774842375031,0.34,0.9830985121204437,-0.1480592236894761,0.9607116058478955,-0.3481392557022809,0.9199950999077711,-0.7242897158863544,0.8826292410979177,-1.084433773509404,0.8475615928970988,-1.4365746298519406,0.7971877642515378,-1.9687875150060021,0.7286937053792424,-2.7490996398559426,0.7173684904893013,-2.885154061624649
23.171380409711144,20.316927291123932,0.27909769289928243,0.34,0.9830985121204437,-0.1480592236894761,0.9607116058478955,-0.3481392557022809,0.9199950999077711,-0.7242897158863544,0.8826292410979177,-1.084433773509404,0.8475615928970988,-1.4365746298519406,0.7971877642515378,-1.9687875150060021,0.7286937053792424,-2.7490996398559426,0.7173684904893013,-2.885154061624649
23.25272510870959,20.316927291123932,0.27812132915206944,0.34,0.9830985121204437,-0.1480592236894761,0.9607116058478955,-0.3481392557022809,0.9199950999077711,-0.7242897158863544,0.8826292410979177,-1.084433773509404,0.8475615928970988,-1.4365746298519406,0.7971877642515378,-1.9687875150060021,0.7286937053792424,-2.7490996398559426,0.7173684904893013,-2.885154061624649
23.33435537377869,20.316927291123932,0.2771483810051682,0.34,0.9830985121204437,-0.1480592236894761,0.9607116058478955,-0.3481392557022809,0.9199950999077711,-0.7242897158863544,0.8826292410979177,-1.084433773509404,0.8475615928970988,-1.4365746298519406,0.7971877642515378,-1.9687875150060021,0.7286937053792424,-2.7490996398559426,0.7173684904893013,-2.885154061624649
23.41627220741745,20.316927291123932,0.27617883650982955,0.34,0.9830985121204437,-0.1480592236894761,0.9607116058478955,-0.3481392557022809,0.9199950999077711,-0.7242897158863544,0.8826292410979177,-1.084433773509404,0.8475615928970988,-1.4365746298519406,0.7971877642515378,-1.9687875150060021,0.7286937053792424,-2.7490996398559426,0.7173684904893013,-2.885154061624649
23.498476615644247,20.316927291123932,0.27521268375910435,0.34,0.9830985121204437,-0.1480592236894761,0.9607116058478955,-0.3481392557022809,0.9199950999077711,-0.7242897158863544,0.8826292410979177,-1.084433773509404,0.8475615928970988,-1.4365746298519406,0.7971877642515378,-1.9687875150060021,0.7286937053792424,-2.7490996398559426,0.7173684904893013,-2.885154061624649
23.58096960800911,20.316927291123932,0.27424991088769785,0.34,0.9830985121204437,-0.1480592236894761,0.9607116058478955,-0.3481392557022809,0.9199950999077711,-0.7242897158863544,0.8826292410979177,-1.084433773509404,0.8475615928970988,-1.4365746298519406,0.7971877642515378,-1.9687875150060021,0.7286937053792424,-2.7490996398559426,0.7173684904893013,-2.885154061624649
23.663752197606193,20.316927291123932,0.273290506071823,0.34,0.9830985121204437,-0.1480592236894761,0.9607116058478955,-0.3481392557022809,0.9199950999077711,-0.7242897158863544,0.8826292410979177,-1.084433773509404,0.8475615928970988,-1.4365746298519406,0.7971877642515378,-1.9687875150060021,0.7286937053792424,-2.7490996398559426,0.7173684904893013,-2.885154061624649
23.746825401086188,20.316927291123932,0.2723344575290558,0.34,0.9830985121204437,-0.1480592236894761,0.9607116058478955,-0.3481392557022809,0.9199950999077711,-0.7242897158863544,0.8826292410979177,-1.084433773509404,0.8475615928970988,-1.4365746298519406,0.7971877642515378,-1.9687875150060021,0.7286937053792424,-2.7490996398559426,0.7173684904893013,-2.885154061624649
23.83019023866878,20.316927291123932,0.2713817535181909,0.34,0.9830985121204437,-0.1480592236894761,0.9607116058478955,-0.3481392557022809,0.9199950999077711,-0.7242897158863544,0.8826292410979177,-1.084433773509404,0.8475615928970988,-1.4365746298519406,0.7971877642515378,-1.9687875150060021,0.7286937053792424,-2.7490996398559426,0.7173684904893013,-2.885154061624649
23.91384773415523,20.316927291123932,0.2704323823390967,0.34,0.9830985121204437,-0.1480592236894761,0.9607116058478955,-0.3481392557022809,0.9199950999077711,-0.7242897158863544,0.8826292410979177,-1.084433773509404,0.8475615928970988,-1.4365746298519406,0.7971877642515378,-1.9687875150060021,0.7286937053792424,-2.7490996398559426,0.7173684904893013,-2.885154061624649
23.997798914940915,20.316927291123932,0.2694863323325723,0.34,0.9830985121204437,-0.1480592236894761,0.9607116058478955,-0.3481392557022809,0.9199950999077711,-0.7242897158863544,0.8826292410979177,-1.084433773509404,0.8475615928970988,-1.4365746298519406,0.7971877642515378,-1.9687875150060021,0.7286937053792424,-2.7490996398559426,0.7173684904893013,-2.885154061624649
24.082044812027963,20.316927291123932,0.2685435918802035,0.34,0.9830985121204437,-0.1480592236894761,0.9607116058478955,-0.3481392557022809,0.9199950999077711,-0.7242897158863544,0.8826292410979177,-1.084433773509404,0.8475615928970988,-1.4365746298519406,0.7971877642515378,-1.9687875150060021,0.7286937053792424,-2.7490996398559426,0.7173684904893013,-2.885154061624649
24.166586460037873,20.316927291123932,0.2676041494042214,0.34,0.9830985121204437,-0.1480592236894761,0.9607116058478955,-0.3481392557022809,0.9199950999077711,-0.7242897158863544,0.8826292410979177,-1.084433773509404,0.8475615928970988,-1.4365746298519406,0.7971877642515378,-1.9687875150060021,0.7286937053792424,-2.7490996398559426,0.7173684904893013,-2.885154061624649
24.251424897224283,20.316927291123932,0.26666799336735897,0.34,0.9830985121204437,-0.1480592236894761,0.9607116058478955,-0.3481392557022809,0.9199950999077711,-0.7242897158863544,0.8826292410979177,-1.084433773509404,0.8475615928970988,-1.4365746298519406,0.7971877642515378,-1.9687875150060021,0.7286937053792424,-2.7490996398559426,0.7173684904893013,-2.885154061624649
24.336561165485683,20.316927291123932,0.2657351122727099,0.34,0.9830985121204437,-0.1480592236894761,0.9607116058478955,-0.3481392557022809,0.9199950999077711,-0.7242897158863544,0.8826292410979177,-1.084433773509404,0.8475615928970988,-1.4365746298519406,0.7971877642515378,-1.9687875150060021,0.7286937053792424,-2.7490996398559426,0.7173684904893013,-2.885154061624649
24.42199631037823,20.316927291123932,0.2648054946635872,0.34,0.9830985121204437,-0.1480592236894761,0.9607116058478955,-0.3481392557022809,0.9199950999077711,-0.7242897158863544,0.8826292410979177,-1.084433773509404,0.8475615928970988,-1.4365746298519406,0.7971877642515378,-1.9687875150060021,0.7286937053792424,-2.7490996398559426,0.7173684904893013,-2.885154061624649
24.507731381128536,20.316927291123932,0.2638791291233833,0.34,0.9830985121204437,-0.1480592236894761,0.9607116058478955,-0.3481392557022809,0.9199950999077711,-0.7242897158863544,0.8826292410979177,-1.084433773509404,0.8475615928970988,-1.4365746298519406,0.7971877642515378,-1.9687875150060021,0.7286937053792424,-2.7490996398559426,0.7173684904893013,-2.885154061624649
24.593767430646636,20.316927291123932,0.2629560042754284,0.34,0.9830985121204437,-0.1480592236894761,0.9607116058478955,-0.3481392557022809,0.9199950999077711,-0.7242897158863544,0.8826292410979177,-1.084433773509404,0.8475615928970988,-1.4365746298519406,0.7971877642515378,-1.9687875150060021,0.7286937053792424,-2.7490996398559426,0.7173684904893013,-2.885154061624649
24.680105515538866,20.316927291123932,0.26203610878285205,0.34,0.9830985121204437,-0.1480592236894761,0.9607116058478955,-0.3481392557022809,0.9199950999077711,-0.7242897158863544,0.8826292410979177,-1.084433773509404,0.8475615928970988,-1.4365746298519406,0.7971877642515378,-1.9687875150060021,0.7286937053792424,-2.7490996398559426,0.7173684904893013,-2.885154061624649
24.76674669612085,20.316927291123932,0.2611194313484431,0.34,0.9830985121204437,-0.1480592236894761,0.9607116058478955,-0.3481392557022809,0.9199950999077711,-0.7242897158863544,0.8826292410979177,-1.084433773509404,0.8475615928970988,-1.4365746298519406,0.7971877642515378,-1.9687875150060021,0.7286937053792424,-2.7490996398559426,0.7173684904893013,-2.885154061624649
24.853692036430502,20.316927291123932,0.2602059607145118,0.34,0.9830985121204437,-0.1480592236894761,0.9607116058478955,-0.3481392557022809,0.9199950999077711,-0.7242897158863544,0.8826292410979177,-1.084433773509404,0.8475615928970988,-1.4365746298519406,0.7971877642515378,-1.9687875150060021,0.7286937053792424,-2.7490996398559426,0.7173684904893013,-2.885154061624649
24.940942604241137,20.316927291123932,0.2592956856627504,0.34,0.9830985121204437,-0.1480592236894761,0.9607116058478955,-0.3481392557022809,0.9199950999077711,-0.7242897158863544,0.8826292410979177,-1.084433773509404,0.8475615928970988,-1.4365746298519406,0.7971877642515378,-1.9687875150060021,0.7286937053792424,-2.7490996398559426,0.7173684904893013,-2.885154061624649
25.028499471074554,20.316927291123932,0.25838859501409644,0.34,0.9830985121204437,-0.1480592236894761,0.9607116058478955,-0.3481392557022809,0.9199950999077711,-0.7242897158863544,0.8826292410979177,-1.084433773509404,0.8475615928970988,-1.4365746298519406,0.7971877642515378,-1.9687875150060021,0.7286937053792424,-2.7490996398559426,0.7173684904893013,-2.885154061624649
25.11636371221421,20.316927291123932,0.25748467762859467,0.34,0.9830985121204437,-0.1480592236894761,0.9607116058478955,-0.3481392557022809,0.9199950999077711,-0.7242897158863544,0.8826292410979177,-1.084433773509404,0.8475615928970988,-1.4365746298519406,0.7971877642515378,-1.9687875150060021,0.7286937053792424,-2.7490996398559426,0.7173684904893013,-2.885154061624649
25.20453640671839,20.316927291123932,0.2565839224052611,0.34,0.9830985121204437,-0.1480592236894761,0.9607116058478955,-0.3481392557022809,0.9199950999077711,-0.7242897158863544,0.8826292410979177,-1.084433773509404,0.8475615928970988,-1.4365746298519406,0.7971877642515378,-1.9687875150060021,0.7286937053792424,-2.7490996398559426,0.7173684904893013,-2.885154061624649
25.29301863743351,20.316927291123932,0.2556863182819457,0.34,0.9830985121204437,-0.1480592236894761,0.9607116058478955,-0.3481392557022809,0.9199950999077711,-0.7242897158863544,0.8826292410979177,-1.084433773509404,0.8475615928970988,-1.4365746298519406,0.7971877642515378,-1.9687875150060021,0.7286937053792424,-2.7490996398559426,0.7173684904893013,-2.885154061624649
25.381811491007387,20.316927291123932,0.2547918542351973,0.34,0.9830985121204437,-0.1480592236894761,0.9607116058478955,-0.3481392557022809,0.9199950999077711,-0.7242897158863544,0.8826292410979177,-1.084433773509404,0.8475615928970988,-1.4365746298519406,0.7971877642515378,-1.9687875150060021,0.7286937053792424,-2.7490996398559426,0.7173684904893013,-2.885154061624649
25.470916057902603,20.316927291123932,0.2539005192801275,0.34,0.9830985121204437,-0.1480592236894761,0.9607116058478955,-0.3481392557022809,0.9199950999077711,-0.7242897158863544,0.8826292410979177,-1.084433773509404,0.8475615928970988,-1.4365746298519406,0.7971877642515378,-1.9687875150060021,0.7286937053792424,-2.7490996398559426,0.7173684904893013,-2.885154061624649
25.560333432409838,20.316927291123932,0.25301230247027695,0.34,0.9830985121204437,-0.1480592236894761,0.9607116058478955,-0.3481392557022809,0.9199950999077711,-0.7242897158863544,0.8826292410979177,-1.084433773509404,0.8475615928970988,-1.4365746298519406,0.7971877642515378,-1.9687875150060021,0.7286937053792424,-2.7490996398559426,0.7173684904893013,-2.885154061624649
25.650064712661397,20.316927291123932,0.2521271928974794,0.34,0.9830985121204437,-0.1480592236894761,0.9607116058478955,-0.3481392557022809,0.9199950999077711,-0.7242897158863544,0.8826292410979177,-1.084433773509404,0.8475615928970988,-1.4365746298519406,0.7971877642515378,-1.9687875150060021,0.7286937053792424,-2.7490996398559426,0.7173684904893013,-2.885154061624649
25.74011100064464,20.316927291123932,0.2512451796917289,0.34,0.9830985121204437,-0.1480592236894761,0.9607116058478955,-0.3481392557022809,0.9199950999077711,-0.7242897158863544,0.8826292410979177,-1.084433773509404,0.8475615928970988,-1.4365746298519406,0.7971877642515378,-1.9687875150060021,0.7286937053792424,-2.7490996398559426,0.7173684904893013,-2.885154061624649
25.830473402215535,20.316927291123932,0.25036625202104557,0.34,0.9830985121204437,-0.1480592236894761,0.9607116058478955,-0.3481392557022809,0.9199950999077711,-0.7242897158863544,0.8826292410979177,-1.084433773509404,0.8475615928970988,-1.4365746298519406,0.7971877642515378,-1.9687875150060021,0.7286937053792424,-2.7490996398559426,0.7173684904893013,-2.885154061624649
25.921153027112204,20.316927291123932,0.24949039909134346,0.34,0.9830985121204437,-0.1480592236894761,0.9607116058478955,-0.3481392557022809,0.9199950999077711,-0.7242897158863544,0.8826292410979177,-1.084433773509404,0.8475615928970988,-1.4365746298519406,0.7971877642515378,-1.9687875150060021,0.7286937053792424,-2.7490996398559426,0.7173684904893013,-2.885154061624649
26.012150988968607,20.316927291123932,0.24861761014629696,0.34,0.9830985121204437,-0.1480592236894761,0.9607116058478955,-0.3481392557022809,0.9199950999077711,-0.7242897158863544,0.8826292410979177,-1.084433773509404,0.8475615928970988,-1.4365746298519406,0.7971877642515378,-1.9687875150060021,0.7286937053792424,-2.7490996398559426,0.7173684904893013,-2.885154061624649
26.103468405328183,20.316927291123932,0.24774787446720928,0.34,0.9830985121204437,-0.1480592236894761,0.9607116058478955,-0.3481392557022809,0.9199950999077711,-0.7242897158863544,0.8826292410979177,-1.084433773509404,0.8475615928970988,-1.4365746298519406,0.7971877642515378,-1.9687875150060021,0.7286937053792424,-2.7490996398559426,0.7173684904893013,-2.885154061624649
26.195106397657604,20.316927291123932,0.2468811813728805,0.34,0.9830985121204437,-0.1480592236894761,0.9607116058478955,-0.3481392557022809,0.9199950999077711,-0.7242897158863544,0.8826292410979177,-1.084433773509404,0.8475615928970988,-1.4365746298519406,0.7971877642515378,-1.9687875150060021,0.7286937053792424,-2.7490996398559426,0.7173684904893013,-2.885154061624649
26.287066091360472,20.316927291123932,0.24601752021947726,0.34,0.9830985121204437,-0.1480592236894761,0.9607116058478955,-0.3481392557022809,0.9199950999077711,-0.7242897158863544,0.8826292410979177,-1.084433773509404,0.8475615928970988,-1.4365746298519406,0.7971877642515378,-1.9687875150060021,0.7286937053792424,-2.7490996398559426,0.7173684904893013,-2.885154061624649
26.37934861579125,20.316927291123932,0.24515688040040062,0.34,0.9830985121204437,-0.1480592236894761,0.9607116058478955,-0.3481392557022809,0.9199950999077711,-0.7242897158863544,0.8826292410979177,-1.084433773509404,0.8475615928970988,-1.4365746298519406,0.7971877642515378,-1.9687875150060021,0.7286937053792424,-2.7490996398559426,0.7173684904893013,-2.885154061624649
26.47195510426905,20.316927291123932,0.24429925134615704,0.34,0.9830985121204437,-0.1480592236894761,0.9607116058478955,-0.3481392557022809,0.9199950999077711,-0.7242897158863544,0.8826292410979177,-1.084433773509404,0.8475615928970988,-1.4365746298519406,0.7971877642515378,-1.9687875150060021,0.7286937053792424,-2.7490996398559426,0.7173684904893013,-2.885154061624649
26.564886694091594,20.316927291123932,0.2434446225242278,0.34,0.9830985121204437,-0.1480592236894761,0.9607116058478955,-0.3481392557022809,0.9199950999077711,-0.7242897158863544,0.8826292410979177,-1.084433773509404,0.8475615928970988,-1.4365746298519406,0.7971877642515378,-1.9687875150060021,0.7286937053792424,-2.7490996398559426,0.7173684904893013,-2.885154061624649
26.658144526549133,20.316927291123932,0.24259298343894026,0.34,0.9830985121204437,-0.1480592236894761,0.9607116058478955,-0.3481392557022809,0.9199950999077711,-0.7242897158863544,0.8826292410979177,-1.084433773509404,0.8475615928970988,-1.4365746298519406,0.7971877642515378,-1.9687875150060021,0.7286937053792424,-2.7490996398559426,0.7173684904893013,-2.885154061624649
26.751729746938523,20.316927291123932,0.24174432363133844,0.34,0.9830985121204437,-0.1480592236894761,0.9607116058478955,-0.3481392557022809,0.9199950999077711,-0.7242897158863544,0.8826292410979177,-1.084433773509404,0.8475615928970988,-1.4365746298519406,0.7971877642515378,-1.9687875150060021,0.7286937053792424,-2.7490996398559426,0.7173684904893013,-2.885154061624649
26.845643504577268,20.316927291123932,0.2408986326790547,0.34,0.9830985121204437,-0.1480592236894761,0.9607116058478955,-0.3481392557022809,0.9199950999077711,-0.7242897158863544,0.8826292410979177,-1.084433773509404,0.8475615928970988,-1.4365746298519406,0.7971877642515378,-1.9687875150060021,0.7286937053792424,-2.7490996398559426,0.7173684904893013,-2.885154061624649
26.939886952817588,20.316927291123932,0.24005590019618217,0.34,0.9830985121204437,-0.1480592236894761,0.9607116058478955,-0.3481392557022809,0.9199950999077711,-0.7242897158863544,0.8826292410979177,-1.084433773509404,0.8475615928970988,-1.4365746298519406,0.7971877642515378,-1.9687875150060021,0.7286937053792424,-2.7490996398559426,0.7173684904893013,-2.885154061624649
27.03446124906067,20.316927291123932,0.2392161158331466,0.34,0.9830985121204437,-0.1480592236894761,0.9607116058478955,-0.3481392557022809,0.9199950999077711,-0.7242897158863544,0.8826292410979177,-1.084433773509404,0.8475615928970988,-1.4365746298519406,0.7971877642515378,-1.9687875150060021,0.7286937053792424,-2.7490996398559426,0.7173684904893013,-2.885154061624649
27.12936755477081,20.316927291123932,0.2383792692765795,0.34,0.9830985121204437,-0.1480592236894761,0.9607116058478955,-0.3481392557022809,0.9199950999077711,-0.7242897158863544,0.8826292410979177,-1.084433773509404,0.8475615928970988,-1.4365746298519406,0.7971877642515378,-1.9687875150060021,0.7286937053792424,-2.7490996398559426,0.7173684904893013,-2.885154061624649
27.22460703548971,20.316927291123932,0.2375453502491916,0.34,0.9830985121204437,-0.1480592236894761,0.9607116058478955,-0.3481392557022809,0.9199950999077711,-0.7242897158863544,0.8826292410979177,-1.084433773509404,0.8475615928970988,-1.4365746298519406,0.7971877642515378,-1.9687875150060021,0.7286937053792424,-2.7490996398559426,0.7173684904893013,-2.885154061624649
27.320180860850805,20.316927291123932,0.23671434850964643,0.34,0.9830985121204437,-0.1480592236894761,0.9607116058478955,-0.3481392557022809,0.9199950999077711,-0.7242897158863544,0.8826292410979177,-1.084433773509404,0.8475615928970988,-1.4365746298519406,0.7971877642515378,-1.9687875150060021,0.7286937053792424,-2.7490996398559426,0.7173684904893013,-2.885154061624649
27.416090204593555,20.316927291123932,0.23588625385243492,0.34,0.9830985121204437,-0.1480592236894761,0.9607116058478955,-0.3481392557022809,0.9199950999077711,-0.7242897158863544,0.8826292410979177,-1.084433773509404,0.8475615928970988,-1.4365746298519406,0.7971877642515378,-1.9687875150060021,0.7286937053792424,-2.7490996398559426,0.7173684904893013,-2.885154061624649
27.51233624457796,20.316927291123932,0.2350610561077495,0.34,0.9830985121204437,-0.1480592236894761,0.9607116058478955,-0.3481392557022809,0.9199950999077711,-0.7242897158863544,0.8826292410979177,-1.084433773509404,0.8475615928970988,-1.4365746298519406,0.7971877642515378,-1.9687875150060021,0.7286937053792424,-2.7490996398559426,0.7173684904893013,-2.885154061624649
27.608920162798974,20.316927291123932,0.23423874514135948,0.34,0.9830985121204437,-0.1480592236894761,0.9607116058478955,-0.3481392557022809,0.9199950999077711,-0.7242897158863544,0.8826292410979177,-1.084433773509404,0.8475615928970988,-1.4365746298519406,0.7971877642515378,-1.9687875150060021,0.7286937053792424,-2.7490996398559426,0.7173684904893013,-2.885154061624649
27.705843145400983,20.316927291123932,0.23341931085448697,0.34,0.9830985121204437,-0.1480592236894761,0.9607116058478955,-0.3481392557022809,0.9199950999077711,-0.7242897158863544,0.8826292410979177,-1.084433773509404,0.8475615928970988,-1.4365746298519406,0.7971877642515378,-1.9687875150060021,0.7286937053792424,-2.7490996398559426,0.7173684904893013,-2.885154061624649
27.80310638269246,20.316927291123932,0.23260274318368224,0.34,0.9830985121204437,-0.1480592236894761,0.9607116058478955,-0.3481392557022809,0.9199950999077711,-0.7242897158863544,0.8826292410979177,-1.084433773509404,0.8475615928970988,-1.4365746298519406,0.7971877642515378,-1.9687875150060021,0.7286937053792424,-2.7490996398559426,0.7173684904893013,-2.885154061624649
27.900711069160515,20.316927291123932,0.23178903210070026,0.34,0.9830985121204437,-0.1480592236894761,0.9607116058478955,-0.3481392557022809,0.9199950999077711,-0.7242897158863544,0.8826292410979177,-1.084433773509404,0.8475615928970988,-1.4365746298519406,0.7971877642515378,-1.9687875150060021,0.7286937053792424,-2.7490996398559426,0.7173684904893013,-2.885154061624649
27.99865840348559,20.316927291123932,0.230978167612378,0.34,0.9830985121204437,-0.1480592236894761,0.9607116058478955,-0.3481392557022809,0.9199950999077711,-0.7242897158863544,0.8826292410979177,-1.084433773509404,0.8475615928970988,-1.4365746298519406,0.7971877642515378,-1.9687875150060021,0.7286937053792424,-2.7490996398559426,0.7173684904893013,-2.885154061624649
28.09694958855619,20.316927291123932,0.23017013976051098,0.34,0.9830985121204437,-0.1480592236894761,0.9607116058478955,-0.3481392557022809,0.9199950999077711,-0.7242897158863544,0.8826292410979177,-1.084433773509404,0.8475615928970988,-1.4365746298519406,0.7971877642515378,-1.9687875150060021,0.7286937053792424,-2.7490996398559426,0.7173684904893013,-2.885154061624649
28.195585831483594,20.316927291123932,0.22936493862173196,0.34,0.9830985121204437,-0.1480592236894761,0.9607116058478955,-0.3481392557022809,0.9199950999077711,-0.7242897158863544,0.8826292410979177,-1.084433773509404,0.8475615928970988,-1.4365746298519406,0.7971877642515378,-1.9687875150060021,0.7286937053792424,-2.7490996398559426,0.7173684904893013,-2.885154061624649
28.29456834361678,20.316927291123932,0.22856255430738792,0.34,0.9830985121204437,-0.1480592236894761,0.9607116058478955,-0.3481392557022809,0.9199950999077711,-0.7242897158863544,0.8826292410979177,-1.084433773509404,0.8475615928970988,-1.4365746298519406,0.7971877642515378,-1.9687875150060021,0.7286937053792424,-2.7490996398559426,0.7173684904893013,-2.885154061624649
28.393898340557236,20.316927291123932,0.22776297696341938,0.34,0.9830985121204437,-0.1480592236894761,0.9607116058478955,-0.3481392557022809,0.9199950999077711,-0.7242897158863544,0.8826292410979177,-1.084433773509404,0.8475615928970988,-1.4365746298519406,0.7971877642515378,-1.9687875150060021,0.7286937053792424,-2.7490996398559426,0.7173684904893013,-2.885154061624649
28.49357704217387,20.316927291123932,0.22696619677023935,0.34,0.9830985121204437,-0.1480592236894761,0.9607116058478955,-0.3481392557022809,0.9199950999077711,-0.7242897158863544,0.8826292410979177,-1.084433773509404,0.8475615928970988,-1.4365746298519406,0.7971877642515378,-1.9687875150060021,0.7286937053792424,-2.7490996398559426,0.7173684904893013,-2.885154061624649
28.593605672618057,20.316927291123932,0.2261722039426124,0.34,0.9830985121204437,-0.1480592236894761,0.9607116058478955,-0.3481392557022809,0.9199950999077711,-0.7242897158863544,0.8826292410979177,-1.084433773509404,0.8475615928970988,-1.4365746298519406,0.7971877642515378,-1.9687875150060021,0.7286937053792424,-2.7490996398559426,0.7173684904893013,-2.885154061624649
28.693985460338627,20.316927291123932,0.22538098872953458,0.34,0.9830985121204437,-0.1480592236894761,0.9607116058478955,-0.3481392557022809,0.9199950999077711,-0.7242897158863544,0.8826292410979177,-1.084433773509404,0.8475615928970988,-1.4365746298519406,0.7971877642515378,-1.9687875150060021,0.7286937053792424,-2.7490996398559426,0.7173684904893013,-2.885154061624649
28.794717638096976,20.316927291123932,0.22459254141411383,0.34,0.9830985121204437,-0.1480592236894761,0.9607116058478955,-0.3481392557022809,0.9199950999077711,-0.7242897158863544,0.8826292410979177,-1.084433773509404,0.8475615928970988,-1.4365746298519406,0.7971877642515378,-1.9687875150060021,0.7286937053792424,-2.7490996398559426,0.7173684904893013,-2.885154061624649
28.895803442982153,20.316927291123932,0.2238068523134508,0.34,0.9830985121204437,-0.1480592236894761,0.9607116058478955,-0.3481392557022809,0.9199950999077711,-0.7242897158863544,0.8826292410979177,-1.084433773509404,0.8475615928970988,-1.4365746298519406,0.7971877642515378,-1.9687875150060021,0.7286937053792424,-2.7490996398559426,0.7173684904893013,-2.885154061624649
28.997244116426128,20.316927291123932,0.22302391177851935,0.34,0.9830985121204437,-0.1480592236894761,0.9607116058478955,-0.3481392557022809,0.9199950999077711,-0.7242897158863544,0.8826292410979177,-1.084433773509404,0.8475615928970988,-1.4365746298519406,0.7971877642515378,-1.9687875150060021,0.7286937053792424,-2.7490996398559426,0.7173684904893013,-2.885154061624649
29.099040904218995,20.316927291123932,0.22224371019404848,0.34,0.9830985121204437,-0.1480592236894761,0.9607116058478955,-0.3481392557022809,0.9199950999077711,-0.7242897158863544,0.8826292410979177,-1.084433773509404,0.8475615928970988,-1.4365746298519406,0.7971877642515378,-1.9687875150060021,0.7286937053792424,-2.7490996398559426,0.7173684904893013,-2.885154061624649
29.201195056524288,20.316927291123932,0.22146623797840426,0.34,0.9830985121204437,-0.1480592236894761,0.9607116058478955,-0.3481392557022809,0.9199950999077711,-0.7242897158863544,0.8826292410979177,-1.084433773509404,0.8475615928970988,-1.4365746298519406,0.7971877642515378,-1.9687875150060021,0.7286937053792424,-2.7490996398559426,0.7173684904893013,-2.885154061624649
29.30370782789428,20.316927291123932,0.22069148558347212,0.34,0.9830985121204437,-0.1480592236894761,0.9607116058478955,-0.3481392557022809,0.9199950999077711,-0.7242897158863544,0.8826292410979177,-1.084433773509404,0.8475615928970988,-1.4365746298519406,0.7971877642515378,-1.9687875150060021,0.7286937053792424,-2.7490996398559426,0.7173684904893013,-2.885154061624649
29.406580477285484,20.316927291123932,0.21991944349453935,0.34,0.9830985121204437,-0.1480592236894761,0.9607116058478955,-0.3481392557022809,0.9199950999077711,-0.7242897158863544,0.8826292410979177,-1.084433773509404,0.8475615928970988,-1.4365746298519406,0.7971877642515378,-1.9687875150060021,0.7286937053792424,-2.7490996398559426,0.7173684904893013,-2.885154061624649
29.50981426807405,20.316927291123932,0.21915010223017856,0.34,0.9830985121204437,-0.1480592236894761,0.9607116058478955,-0.3481392557022809,0.9199950999077711,-0.7242897158863544,0.8826292410979177,-1.084433773509404,0.8475615928970988,-1.4365746298519406,0.7971877642515378,-1.9687875150060021,0.7286937053792424,-2.7490996398559426,0.7173684904893013,-2.885154061624649
29.613410468071304,20.316927291123932,0.21838345234213088,0.34,0.9830985121204437,-0.1480592236894761,0.9607116058478955,-0.3481392557022809,0.9199950999077711,-0.7242897158863544,0.8826292410979177,-1.084433773509404,0.8475615928970988,-1.4365746298519406,0.7971877642515378,-1.9687875150060021,0.7286937053792424,-2.7490996398559426,0.7173684904893013,-2.885154061624649
29.717370349539266,20.316927291123932,0.21761948441519066,0.34,0.9830985121204437,-0.1480592236894761,0.9607116058478955,-0.3481392557022809,0.9199950999077711,-0.7242897158863544,0.8826292410979177,-1.084433773509404,0.8475615928970988,-1.4365746298519406,0.7971877642515378,-1.9687875150060021,0.7286937053792424,-2.7490996398559426,0.7173684904893013,-2.885154061624649
29.821695189206373,20.316927291123932,0.21685818906708884,0.34,0.9830985121204437,-0.1480592236894761,0.9607116058478955,-0.3481392557022809,0.9199950999077711,-0.7242897158863544,0.8826292410979177,-1.084433773509404,0.8475615928970988,-1.4365746298519406,0.7971877642515378,-1.9687875150060021,0.7286937053792424,-2.7490996398559426,0.7173684904893013,-2.885154061624649
29.926386268283075,20.316927291123932,0.21609955694837846,0.34,0.9830985121204437,-0.1480592236894761,0.9607116058478955,-0.3481392557022809,0.9199950999077711,-0.7242897158863544,0.8826292410979177,-1.084433773509404,0.8475615928970988,-1.4365746298519406,0.7971877642515378,-1.9687875150060021,0.7286937053792424,-2.7490996398559426,0.7173684904893013,-2.885154061624649
30.031444872477618,20.316927291123932,0.21534357874231946,0.34,0.9830985121204437,-0.1480592236894761,0.9607116058478955,-0.3481392557022809,0.9199950999077711,-0.7242897158863544,0.8826292410979177,-1.084433773509404,0.8475615928970988,-1.4365746298519406,0.7971877642515378,-1.9687875150060021,0.7286937053792424,-2.7490996398559426,0.7173684904893013,-2.885154061624649
30.136872292011773,20.316927291123932,0.21459024516476466,0.34,0.9830985121204437,-0.1480592236894761,0.9607116058478955,-0.3481392557022809,0.9199950999077711,-0.7242897158863544,0.8826292410979177,-1.084433773509404,0.8475615928970988,-1.4365746298519406,0.7971877642515378,-1.9687875150060021,0.7286937053792424,-2.7490996398559426,0.7173684904893013,-2.885154061624649
30.24266982163676,20.316927291123932,0.2138395469640453,0.34,0.9830985121204437,-0.1480592236894761,0.9607116058478955,-0.3481392557022809,0.9199950999077711,-0.7242897158863544,0.8826292410979177,-1.084433773509404,0.8475615928970988,-1.4365746298519406,0.7971877642515378,-1.9687875150060021,0.7286937053792424,-2.7490996398559426,0.7173684904893013,-2.885154061624649
30.34883876064912,20.316927291123932,0.2130914749208575,0.34,0.9830985121204437,-0.1480592236894761,0.9607116058478955,-0.3481392557022809,0.9199950999077711,-0.7242897158863544,0.8826292410979177,-1.084433773509404,0.8475615928970988,-1.4365746298519406,0.7971877642515378,-1.9687875150060021,0.7286937053792424,-2.7490996398559426,0.7173684904893013,-2.885154061624649
30.455380412906607,20.316927291123932,0.2123460198481495,0.34,0.9830985121204437,-0.1480592236894761,0.9607116058478955,-0.3481392557022809,0.9199950999077711,-0.7242897158863544,0.8826292410979177,-1.084433773509404,0.8475615928970988,-1.4365746298519406,0.7971877642515378,-1.9687875150060021,0.7286937053792424,-2.7490996398559426,0.7173684904893013,-2.885154061624649
30.562296086844306,20.316927291123932,0.21160317259100817,0.34,0.9830985121204437,-0.1480592236894761,0.9607116058478955,-0.3481392557022809,0.9199950999077711,-0.7242897158863544,0.8826292410979177,-1.084433773509404,0.8475615928970988,-1.4365746298519406,0.7971877642515378,-1.9687875150060021,0.7286937053792424,-2.7490996398559426,0.7173684904893013,-2.885154061624649
30.669587095490634,20.316927291123932,0.21086292402654705,0.34,0.9830985121204437,-0.1480592236894761,0.9607116058478955,-0.3481392557022809,0.9199950999077711,-0.7242897158863544,0.8826292410979177,-1.084433773509404,0.8475615928970988,-1.4365746298519406,0.7971877642515378,-1.9687875150060021,0.7286937053792424,-2.7490996398559426,0.7173684904893013,-2.885154061624649
30.77725475648349,20.316927291123932,0.21012526506379403,0.34,0.9830985121204437,-0.1480592236894761,0.9607116058478955,-0.3481392557022809,0.9199950999077711,-0.7242897158863544,0.8826292410979177,-1.084433773509404,0.8475615928970988,-1.4365746298519406,0.7971877642515378,-1.9687875150060021,0.7286937053792424,-2.7490996398559426,0.7173684904893013,-2.885154061624649
30.885300392086442,20.316927291123932,0.2093901866435798,0.34,0.9830985121204437,-0.1480592236894761,0.9607116058478955,-0.3481392557022809,0.9199950999077711,-0.7242897158863544,0.8826292410979177,-1.084433773509404,0.8475615928970988,-1.4365746298519406,0.7971877642515378,-1.9687875150060021,0.7286937053792424,-2.7490996398559426,0.7173684904893013,-2.885154061624649
30.993725329204903,20.316927291123932,0.208657679738427,0.34,0.9830985121204437,-0.1480592236894761,0.9607116058478955,-0.3481392557022809,0.9199950999077711,-0.7242897158863544,0.8826292410979177,-1.084433773509404,0.8475615928970988,-1.4365746298519406,0.7971877642515378,-1.9687875150060021,0.7286937053792424,-2.7490996398559426,0.7173684904893013,-2.885154061624649
31.102530899402527,20.316927291123932,0.2079277353524385,0.34,0.9830985121204437,-0.1480592236894761,0.9607116058478955,-0.3481392557022809,0.9199950999077711,-0.7242897158863544,0.8826292410979177,-1.084433773509404,0.8475615928970988,-1.4365746298519406,0.7971877642515378,-1.9687875150060021,0.7286937053792424,-2.7490996398559426,0.7173684904893013,-2.885154061624649
31.211718438917515,20.316927291123932,0.2072003445211875,0.34,0.9830985121204437,-0.1480592236894761,0.9607116058478955,-0.3481392557022809,0.9199950999077711,-0.7242897158863544,0.8826292410979177,-1.084433773509404,0.8475615928970988,-1.4365746298519406,0.7971877642515378,-1.9687875150060021,0.7286937053792424,-2.7490996398559426,0.7173684904893013,-2.885154061624649
31.32128928867897,20.316927291123932,0.20647549831160766,0.34,0.9830985121204437,-0.1480592236894761,0.9607116058478955,-0.3481392557022809,0.9199950999077711,-0.7242897158863544,0.8826292410979177,-1.084433773509404,0.8475615928970988,-1.4365746298519406,0.7971877642515378,-1.9687875150060021,0.7286937053792424,-2.7490996398559426,0.7173684904893013,-2.885154061624649
31.43124479432347,20.316927291123932,0.2057531878218827,0.34,0.9830985121204437,-0.1480592236894761,0.9607116058478955,-0.3481392557022809,0.9199950999077711,-0.7242897158863544,0.8826292410979177,-1.084433773509404,0.8475615928970988,-1.4365746298519406,0.7971877642515378,-1.9687875150060021,0.7286937053792424,-2.7490996398559426,0.7173684904893013,-2.885154061624649
31.54158630621152,20.316927291123932,0.2050334041813376,0.34,0.9830985121204437,-0.1480592236894761,0.9607116058478955,-0.3481392557022809,0.9199950999077711,-0.7242897158863544,0.8826292410979177,-1.084433773509404,0.8475615928970988,-1.4365746298519406,0.7971877642515378,-1.9687875150060021,0.7286937053792424,-2.7490996398559426,0.7173684904893013,-2.885154061624649
31.652315179444162,20.316927291123932,0.20431613855032943,0.34,0.9830985121204437,-0.1480592236894761,0.9607116058478955,-0.3481392557022809,0.9199950999077711,-0.7242897158863544,0.8826292410979177,-1.084433773509404,0.8475615928970988,-1.4365746298519406,0.7971877642515378,-1.9687875150060021,0.7286937053792424,-2.7490996398559426,0.7173684904893013,-2.885154061624649
31.763432773879632,20.316927291123932,0.20360138212013887,0.34,0.9830985121204437,-0.1480592236894761,0.9607116058478955,-0.3481392557022809,0.9199950999077711,-0.7242897158863544,0.8826292410979177,-1.084433773509404,0.8475615928970988,-1.4365746298519406,0.7971877642515378,-1.9687875150060021,0.7286937053792424,-2.7490996398559426,0.7173684904893013,-2.885154061624649
31.874940454149975,20.316927291123932,0.20288912611286225,0.34,0.9830985121204437,-0.1480592236894761,0.9607116058478955,-0.3481392557022809,0.9199950999077711,-0.7242897158863544,0.8826292410979177,-1.084433773509404,0.8475615928970988,-1.4365746298519406,0.7971877642515378,-1.9687875150060021,0.7286937053792424,-2.7490996398559426,0.7173684904893013,-2.885154061624649
31.98683958967794,20.316927291123932,0.20217936178130325,0.34,0.9830985121204437,-0.1480592236894761,0.9607116058478955,-0.3481392557022809,0.9199950999077711,-0.7242897158863544,0.8826292410979177,-1.084433773509404,0.8475615928970988,-1.4365746298519406,0.7971877642515378,-1.9687875150060021,0.7286937053792424,-2.7490996398559426,0.7173684904893013,-2.885154061624649
32.099131554693706,20.316927291123932,0.20147208040886572,0.34,0.9830985121204437,-0.1480592236894761,0.9607116058478955,-0.3481392557022809,0.9199950999077711,-0.7242897158863544,0.8826292410979177,-1.084433773509404,0.8475615928970988,-1.4365746298519406,0.7971877642515378,-1.9687875150060021,0.7286937053792424,-2.7490996398559426,0.7173684904893013,-2.885154061624649
32.211817728251745,20.316927291123932,0.20076727330944705,0.34,0.9830985121204437,-0.1480592236894761,0.9607116058478955,-0.3481392557022809,0.9199950999077711,-0.7242897158863544,0.8826292410979177,-1.084433773509404,0.8475615928970988,-1.4365746298519406,0.7971877642515378,-1.9687875150060021,0.7286937053792424,-2.7490996398559426,0.7173684904893013,-2.885154061624649
32.32489949424784,20.316927291123932,0.20006493182733068,0.34,0.9830985121204437,-0.1480592236894761,0.9607116058478955,-0.3481392557022809,0.9199950999077711,-0.7242897158863544,0.8826292410979177,-1.084433773509404,0.8475615928970988,-1.4365746298519406,0.7971877642515378,-1.9687875150060021,0.7286937053792424,-2.7490996398559426,0.7173684904893013,-2.885154061624649
32.43837824143601,20.316927291123932,0.1993650473370804,0.34,0.9830985121204437,-0.1480592236894761,0.9607116058478955,-0.3481392557022809,0.9199950999077711,-0.7242897158863544,0.8826292410979177,-1.084433773509404,0.8475615928970988,-1.4365746298519406,0.7971877642515378,-1.9687875150060021,0.7286937053792424,-2.7490996398559426,0.7173684904893013,-2.885154061624649
32.55225536344562,20.316927291123932,0.19866761124343418,0.34,0.9830985121204437,-0.1480592236894761,0.9607116058478955,-0.3481392557022809,0.9199950999077711,-0.7242897158863544,0.8826292410979177,-1.084433773509404,0.8475615928970988,-1.4365746298519406,0.7971877642515378,-1.9687875150060021,0.7286937053792424,-2.7490996398559426,0.7173684904893013,-2.885154061624649
32.6665322587984,20.316927291123932,0.19797261498119892,0.34,0.9830985121204437,-0.1480592236894761,0.9607116058478955,-0.3481392557022809,0.9199950999077711,-0.7242897158863544,0.8826292410979177,-1.084433773509404,0.8475615928970988,-1.4365746298519406,0.7971877642515378,-1.9687875150060021,0.7286937053792424,-2.7490996398559426,0.7173684904893013,-2.885154061624649
32.781210330925745,20.316927291123932,0.1972800500151447,0.34,0.9830985121204437,-0.1480592236894761,0.9607116058478955,-0.3481392557022809,0.9199950999077711,-0.7242897158863544,0.8826292410979177,-1.084433773509404,0.8475615928970988,-1.4365746298519406,0.7971877642515378,-1.9687875150060021,0.7286937053792424,-2.7490996398559426,0.7173684904893013,-2.885154061624649
32.89629098818587,20.316927291123932,0.19658990783990052,0.34,0.9830985121204437,-0.1480592236894761,0.9607116058478955,-0.3481392557022809,0.9199950999077711,-0.7242897158863544,0.8826292410979177,-1.084433773509404,0.8475615928970988,-1.4365746298519406,0.7971877642515378,-1.9687875150060021,0.7286937053792424,-2.7490996398559426,0.7173684904893013,-2.885154061624649
33.01177564388114,20.316927291123932,0.19590217997984935,0.34,0.9830985121204437,-0.1480592236894761,0.9607116058478955,-0.3481392557022809,0.9199950999077711,-0.7242897158863544,0.8826292410979177,-1.084433773509404,0.8475615928970988,-1.4365746298519406,0.7971877642515378,-1.9687875150060021,0.7286937053792424,-2.7490996398559426,0.7173684904893013,-2.885154061624649
33.127665716275374,20.316927291123932,0.19521685798902463,0.34,0.9830985121204437,-0.1480592236894761,0.9607116058478955,-0.3481392557022809,0.9199950999077711,-0.7242897158863544,0.8826292410979177,-1.084433773509404,0.8475615928970988,-1.4365746298519406,0.7971877642515378,-1.9687875150060021,0.7286937053792424,-2.7490996398559426,0.7173684904893013,-2.885154061624649
33.24396262861134,20.316927291123932,0.194533933451006,0.34,0.9830985121204437,-0.1480592236894761,0.9607116058478955,-0.3481392557022809,0.9199950999077711,-0.7242897158863544,0.8826292410979177,-1.084433773509404,0.8475615928970988,-1.4365746298519406,0.7971877642515378,-1.9687875150060021,0.7286937053792424,-2.7490996398559426,0.7173684904893013,-2.885154061624649
33.36066780912819,20.316927291123932,0.19385339797881623,0.34,0.9830985121204437,-0.1480592236894761,0.9607116058478955,-0.3481392557022809,0.9199950999077711,-0.7242897158863544,0.8826292410979177,-1.084433773509404,0.8475615928970988,-1.4365746298519406,0.7971877642515378,-1.9687875150060021,0.7286937053792424,-2.7490996398559426,0.7173684904893013,-2.885154061624649
33.47778269107902,20.316927291123932,0.19317524321481785,0.34,0.9830985121204437,-0.1480592236894761,0.9607116058478955,-0.3481392557022809,0.9199950999077711,-0.7242897158863544,0.8826292410979177,-1.084433773509404,0.8475615928970988,-1.4365746298519406,0.7971877642515378,-1.9687875150060021,0.7286937053792424,-2.7490996398559426,0.7173684904893013,-2.885154061624649
33.595308712748405,20.316927291123932,0.1924994608306114,0.34,0.9830985121204437,-0.1480592236894761,0.9607116058478955,-0.3481392557022809,0.9199950999077711,-0.7242897158863544,0.8826292410979177,-1.084433773509404,0.8475615928970988,-1.4365746298519406,0.7971877642515378,-1.9687875150060021,0.7286937053792424,-2.7490996398559426,0.7173684904893013,-2.885154061624649
33.713247317470156,20.316927291123932,0.19182604252693208,0.34,0.9830985121204437,-0.1480592236894761,0.9607116058478955,-0.3481392557022809,0.9199950999077711,-0.7242897158863544,0.8826292410979177,-1.084433773509404,0.8475615928970988,-1.4365746298519406,0.7971877642515378,-1.9687875150060021,0.7286937053792424,-2.7490996398559426,0.7173684904893013,-2.885154061624649
33.83159995364502,20.316927291123932,0.1911549800335484,0.34,0.9830985121204437,-0.1480592236894761,0.9607116058478955,-0.3481392557022809,0.9199950999077711,-0.7242897158863544,0.8826292410979177,-1.084433773509404,0.8475615928970988,-1.4365746298519406,0.7971877642515378,-1.9687875150060021,0.7286937053792424,-2.7490996398559426,0.7173684904893013,-2.885154061624649
33.95036807475843,20.316927291123932,0.1904862651091604,0.34,0.9830985121204437,-0.1480592236894761,0.9607116058478955,-0.3481392557022809,0.9199950999077711,-0.7242897158863544,0.8826292410979177,-1.084433773509404,0.8475615928970988,-1.4365746298519406,0.7971877642515378,-1.9687875150060021,0.7286937053792424,-2.7490996398559426,0.7173684904893013,-2.885154061624649
34.06955313939835,20.316927291123932,0.18981988954129894,0.34,0.9830985121204437,-0.1480592236894761,0.9607116058478955,-0.3481392557022809,0.9199950999077711,-0.7242897158863544,0.8826292410979177,-1.084433773509404,0.8475615928970988,-1.4365746298519406,0.7971877642515378,-1.9687875150060021,0.7286937053792424,-2.7490996398559426,0.7173684904893013,-2.885154061624649
34.18915661127327,20.316927291123932,0.18915584514622408,0.34,0.9830985121204437,-0.1480592236894761,0.9607116058478955,-0.3481392557022809,0.9199950999077711,-0.7242897158863544,0.8826292410979177,-1.084433773509404,0.8475615928970988,-1.4365746298519406,0.7971877642515378,-1.9687875150060021,0.7286937053792424,-2.7490996398559426,0.7173684904893013,-2.885154061624649
34.30917995923009,20.316927291123932,0.18849412376882504,0.34,0.9830985121204437,-0.1480592236894761,0.9607116058478955,-0.3481392557022809,0.9199950999077711,-0.7242897158863544,0.8826292410979177,-1.084433773509404,0.8475615928970988,-1.4365746298519406,0.7971877642515378,-1.9687875150060021,0.7286937053792424,-2.7490996398559426,0.7173684904893013,-2.885154061624649
34.42962465727225,20.316927291123932,0.1878347172825199,0.34,0.9830985121204437,-0.1480592236894761,0.9607116058478955,-0.3481392557022809,0.9199950999077711,-0.7242897158863544,0.8826292410979177,-1.084433773509404,0.8475615928970988,-1.4365746298519406,0.7971877642515378,-1.9687875150060021,0.7286937053792424,-2.7490996398559426,0.7173684904893013,-2.885154061624649
34.55049218457768,20.316927291123932,0.18717761758915616,0.34,0.9830985121204437,-0.1480592236894761,0.9607116058478955,-0.3481392557022809,0.9199950999077711,-0.7242897158863544,0.8826292410979177,-1.084433773509404,0.8475615928970988,-1.4365746298519406,0.7971877642515378,-1.9687875150060021,0.7286937053792424,-2.7490996398559426,0.7173684904893013,-2.885154061624649
34.67178402551715,20.316927291123932,0.1865228166189106,0.34,0.9830985121204437,-0.1480592236894761,0.9607116058478955,-0.3481392557022809,0.9199950999077711,-0.7242897158863544,0.8826292410979177,-1.084433773509404,0.8475615928970988,-1.4365746298519406,0.7971877642515378,-1.9687875150060021,0.7286937053792424,-2.7490996398559426,0.7173684904893013,-2.885154061624649
34.79350166967238,20.316927291123932,0.18587030633019078,0.34,0.9830985121204437,-0.1480592236894761,0.9607116058478955,-0.3481392557022809,0.9199950999077711,-0.7242897158863544,0.8826292410979177,-1.084433773509404,0.8475615928970988,-1.4365746298519406,0.7971877642515378,-1.9687875150060021,0.7286937053792424,-2.7490996398559426,0.7173684904893013,-2.885154061624649
34.915646611854406,20.316927291123932,0.1852200787095358,0.34,0.9830985121204437,-0.1480592236894761,0.9607116058478955,-0.3481392557022809,0.9199950999077711,-0.7242897158863544,0.8826292410979177,-1.084433773509404,0.8475615928970988,-1.4365746298519406,0.7971877642515378,-1.9687875150060021,0.7286937053792424,-2.7490996398559426,0.7173684904893013,-2.885154061624649
35.03822035212182,20.316927291123932,0.18457212577151855,0.34,0.9830985121204437,-0.1480592236894761,0.9607116058478955,-0.3481392557022809,0.9199950999077711,-0.7242897158863544,0.8826292410979177,-1.084433773509404,0.8475615928970988,-1.4365746298519406,0.7971877642515378,-1.9687875150060021,0.7286937053792424,-2.7490996398559426,0.7173684904893013,-2.885154061624649
35.161224395799344,20.316927291123932,0.1839264395586469,0.34,0.9830985121204437,-0.1480592236894761,0.9607116058478955,-0.3481392557022809,0.9199950999077711,-0.7242897158863544,0.8826292410979177,-1.084433773509404,0.8475615928970988,-1.4365746298519406,0.7971877642515378,-1.9687875150060021,0.7286937053792424,-2.7490996398559426,0.7173684904893013,-2.885154061624649
35.28466025349623,20.316927291123932,0.1832830121412664,0.34,0.9830985121204437,-0.1480592236894761,0.9607116058478955,-0.3481392557022809,0.9199950999077711,-0.7242897158863544,0.8826292410979177,-1.084433773509404,0.8475615928970988,-1.4365746298519406,0.7971877642515378,-1.9687875150060021,0.7286937053792424,-2.7490996398559426,0.7173684904893013,-2.885154061624649
35.40852944112478,20.316927291123932,0.18264183561746297,0.34,0.9830985121204437,-0.1480592236894761,0.9607116058478955,-0.3481392557022809,0.9199950999077711,-0.7242897158863544,0.8826292410979177,-1.084433773509404,0.8475615928970988,-1.4365746298519406,0.7971877642515378,-1.9687875150060021,0.7286937053792424,-2.7490996398559426,0.7173684904893013,-2.885154061624649
35.53283347991907,20.316927291123932,0.18200290211296538,0.34,0.9830985121204437,-0.1480592236894761,0.9607116058478955,-0.3481392557022809,0.9199950999077711,-0.7242897158863544,0.8826292410979177,-1.084433773509404,0.8475615928970988,-1.4365746298519406,0.7971877642515378,-1.9687875150060021,0.7286937053792424,-2.7490996398559426,0.7173684904893013,-2.885154061624649
35.657573896453535,20.316927291123932,0.18136620378104912,0.34,0.9830985121204437,-0.1480592236894761,0.9607116058478955,-0.3481392557022809,0.9199950999077711,-0.7242897158863544,0.8826292410979177,-1.084433773509404,0.8475615928970988,-1.4365746298519406,0.7971877642515378,-1.9687875150060021,0.7286937053792424,-2.7490996398559426,0.7173684904893013,-2.885154061624649
35.78275222266176,20.316927291123932,0.18073173280243968,0.34,0.9830985121204437,-0.1480592236894761,0.9607116058478955,-0.3481392557022809,0.9199950999077711,-0.7242897158863544,0.8826292410979177,-1.084433773509404,0.8475615928970988,-1.4365746298519406,0.7971877642515378,-1.9687875150060021,0.7286937053792424,-2.7490996398559426,0.7173684904893013,-2.885154061624649
35.908369995855324,20.316927291123932,0.18009948138521642,0.34,0.9830985121204437,-0.1480592236894761,0.9607116058478955,-0.3481392557022809,0.9199950999077711,-0.7242897158863544,0.8826292410979177,-1.084433773509404,0.8475615928970988,-1.4365746298519406,0.7971877642515378,-1.9687875150060021,0.7286937053792424,-2.7490996398559426,0.7173684904893013,-2.885154061624649
36.03442875874256,20.316927291123932,0.17946944176471752,0.34,0.9830985121204437,-0.1480592236894761,0.9607116058478955,-0.3481392557022809,0.9199950999077711,-0.7242897158863544,0.8826292410979177,-1.084433773509404,0.8475615928970988,-1.4365746298519406,0.7971877642515378,-1.9687875150060021,0.7286937053792424,-2.7490996398559426,0.7173684904893013,-2.885154061624649
36.160930059447644,20.316927291123932,0.1788416062034438,0.34,0.9830985121204437,-0.1480592236894761,0.9607116058478955,-0.3481392557022809,0.9199950999077711,-0.7242897158863544,0.8826292410979177,-1.084433773509404,0.8475615928970988,-1.4365746298519406,0.7971877642515378,-1.9687875150060021,0.7286937053792424,-2.7490996398559426,0.7173684904893013,-2.885154061624649
36.287875451529565,20.316927291123932,0.17821596699096412,0.34,0.9830985121204437,-0.1480592236894761,0.9607116058478955,-0.3481392557022809,0.9199950999077711,-0.7242897158863544,0.8826292410979177,-1.084433773509404,0.8475615928970988,-1.4365746298519406,0.7971877642515378,-1.9687875150060021,0.7286937053792424,-2.7490996398559426,0.7173684904893013,-2.885154061624649
36.41526649400111,20.316927291123932,0.17759251644382082,0.34,0.9830985121204437,-0.1480592236894761,0.9607116058478955,-0.3481392557022809,0.9199950999077711,-0.7242897158863544,0.8826292410979177,-1.084433773509404,0.8475615928970988,-1.4365746298519406,0.7971877642515378,-1.9687875150060021,0.7286937053792424,-2.7490996398559426,0.7173684904893013,-2.885154061624649
36.54310475134814,20.316927291123932,0.1769712469054351,0.34,0.9830985121204437,-0.1480592236894761,0.9607116058478955,-0.3481392557022809,0.9199950999077711,-0.7242897158863544,0.8826292410979177,-1.084433773509404,0.8475615928970988,-1.4365746298519406,0.7971877642515378,-1.9687875150060021,0.7286937053792424,-2.7490996398559426,0.7173684904893013,-2.885154061624649
36.67139179354876,20.316927291123932,0.17635215074601288,0.34,0.9830985121204437,-0.1480592236894761,0.9607116058478955,-0.3481392557022809,0.9199950999077711,-0.7242897158863544,0.8826292410979177,-1.084433773509404,0.8475615928970988,-1.4365746298519406,0.7971877642515378,-1.9687875150060021,0.7286937053792424,-2.7490996398559426,0.7173684904893013,-2.885154061624649
36.80012919609255,20.316927291123932,0.1757352203624515,0.34,0.9830985121204437,-0.1480592236894761,0.9607116058478955,-0.3481392557022809,0.9199950999077711,-0.7242897158863544,0.8826292410979177,-1.084433773509404,0.8475615928970988,-1.4365746298519406,0.7971877642515378,-1.9687875150060021,0.7286937053792424,-2.7490996398559426,0.7173684904893013,-2.885154061624649
36.92931854,20.316927291123932,0.175120448178246,0.34,0.9830985121204437,-0.1480592236894761,0.9607116058478955,-0.3481392557022809,0.9199950999077711,-0.7242897158863544,0.8826292410979177,-1.084433773509404,0.8475615928970988,-1.4365746298519406,0.7971877642515378,-1.9687875150060021,0.7286937053792424,-2.7490996398559426,0.7173684904893013,-2.885154061624649
37.05896141184181,20.316927291123932,0.17450782664339648,0.34,0.9830985121204437,-0.1480592236894761,0.9607116058478955,-0.3481392557022809,0.9199950999077711,-0.7242897158863544,0.8826292410979177,-1.084433773509404,0.8475615928970988,-1.4365746298519406,0.7971877642515378,-1.9687875150060021,0.7286937053792424,-2.7490996398559426,0.7173684904893013,-2.885154061624649
37.1890594037585,20.316927291123932,0.17389734823431474,0.34,0.9830985121204437,-0.1480592236894761,0.9607116058478955,-0.3481392557022809,0.9199950999077711,-0.7242897158863544,0.8826292410979177,-1.084433773509404,0.8475615928970988,-1.4365746298519406,0.7971877642515378,-1.9687875150060021,0.7286937053792424,-2.7490996398559426,0.7173684904893013,-2.885154061624649
37.31961411347992,20.316927291123932,0.17328900545373235,0.34,0.9830985121204437,-0.1480592236894761,0.9607116058478955,-0.3481392557022809,0.9199950999077711,-0.7242897158863544,0.8826292410979177,-1.084433773509404,0.8475615928970988,-1.4365746298519406,0.7971877642515378,-1.9687875150060021,0.7286937053792424,-2.7490996398559426,0.7173684904893013,-2.885154061624649
37.4506271443448,20.316927291123932,0.1726827908306087,0.34,0.9830985121204437,-0.1480592236894761,0.9607116058478955,-0.3481392557022809,0.9199950999077711,-0.7242897158863544,0.8826292410979177,-1.084433773509404,0.8475615928970988,-1.4365746298519406,0.7971877642515378,-1.9687875150060021,0.7286937053792424,-2.7490996398559426,0.7173684904893013,-2.885154061624649
37.58210010532053,20.316927291123932,0.1720786969200388,0.34,0.9830985121204437,-0.1480592236894761,0.9607116058478955,-0.3481392557022809,0.9199950999077711,-0.7242897158863544,0.8826292410979177,-1.084433773509404,0.8475615928970988,-1.4365746298519406,0.7971877642515378,-1.9687875150060021,0.7286937053792424,-2.7490996398559426,0.7173684904893013,-2.885154061624649
37.714034611022896,20.316927291123932,0.17147671630316208,0.34,0.9830985121204437,-0.1480592236894761,0.9607116058478955,-0.3481392557022809,0.9199950999077711,-0.7242897158863544,0.8826292410979177,-1.084433773509404,0.8475615928970988,-1.4365746298519406,0.7971877642515378,-1.9687875150060021,0.7286937053792424,-2.7490996398559426,0.7173684904893013,-2.885154061624649
37.84643228173589,20.316927291123932,0.1708768415870714,0.34,0.9830985121204437,-0.1480592236894761,0.9607116058478955,-0.3481392557022809,0.9199950999077711,-0.7242897158863544,0.8826292410979177,-1.084433773509404,0.8475615928970988,-1.4365746298519406,0.7971877642515378,-1.9687875150060021,0.7286937053792424,-2.7490996398559426,0.7173684904893013,-2.885154061624649
37.979294743431666,20.316927291123932,0.17027906540472185,0.34,0.9830985121204437,-0.1480592236894761,0.9607116058478955,-0.3481392557022809,0.9199950999077711,-0.7242897158863544,0.8826292410979177,-1.084433773509404,0.8475615928970988,-1.4365746298519406,0.7971877642515378,-1.9687875150060021,0.7286937053792424,-2.7490996398559426,0.7173684904893013,-2.885154061624649
38.112623627790356,20.316927291123932,0.16968338041484102,0.34,0.9830985121204437,-0.1480592236894761,0.9607116058478955,-0.3481392557022809,0.9199950999077711,-0.7242897158863544,0.8826292410979177,-1.084433773509404,0.8475615928970988,-1.4365746298519406,0.7971877642515378,-1.9687875150060021,0.7286937053792424,-2.7490996398559426,0.7173684904893013,-2.885154061624649
38.24642057222032,20.316927291123932,0.16908977930183797,0.34,0.9830985121204437,-0.1480592236894761,0.9607116058478955,-0.3481392557022809,0.9199950999077711,-0.7242897158863544,0.8826292410979177,-1.084433773509404,0.8475615928970988,-1.4365746298519406,0.7971877642515378,-1.9687875150060021,0.7286937053792424,-2.7490996398559426,0.7173684904893013,-2.885154061624649
38.380687219878126,20.316927291123932,0.16849825477571387,0.34,0.9830985121204437,-0.1480592236894761,0.9607116058478955,-0.3481392557022809,0.9199950999077711,-0.7242897158863544,0.8826292410979177,-1.084433773509404,0.8475615928970988,-1.4365746298519406,0.7971877642515378,-1.9687875150060021,0.7286937053792424,-2.7490996398559426,0.7173684904893013,-2.885154061624649
38.51542521968871,20.316927291123932,0.16790879957197258,0.34,0.9830985121204437,-0.1480592236894761,0.9607116058478955,-0.3481392557022809,0.9199950999077711,-0.7242897158863544,0.8826292410979177,-1.084433773509404,0.8475615928970988,-1.4365746298519406,0.7971877642515378,-1.9687875150060021,0.7286937053792424,-2.7490996398559426,0.7173684904893013,-2.885154061624649
38.650636226365705,20.316927291123932,0.16732140645153112,0.34,0.9830985121204437,-0.1480592236894761,0.9607116058478955,-0.3481392557022809,0.9199950999077711,-0.7242897158863544,0.8826292410979177,-1.084433773509404,0.8475615928970988,-1.4365746298519406,0.7971877642515378,-1.9687875150060021,0.7286937053792424,-2.7490996398559426,0.7173684904893013,-2.885154061624649
38.78632190043174,20.316927291123932,0.1667360682006309,0.34,0.9830985121204437,-0.1480592236894761,0.9607116058478955,-0.3481392557022809,0.9199950999077711,-0.7242897158863544,0.8826292410979177,-1.084433773509404,0.8475615928970988,-1.4365746298519406,0.7971877642515378,-1.9687875150060021,0.7286937053792424,-2.7490996398559426,0.7173684904893013,-2.885154061624649
38.922483908238796,20.316927291123932,0.16615277763074907,0.34,0.9830985121204437,-0.1480592236894761,0.9607116058478955,-0.3481392557022809,0.9199950999077711,-0.7242897158863544,0.8826292410979177,-1.084433773509404,0.8475615928970988,-1.4365746298519406,0.7971877642515378,-1.9687875150060021,0.7286937053792424,-2.7490996398559426,0.7173684904893013,-2.885154061624649
39.059123921988736,20.316927291123932,0.16557152757851032,0.34,0.9830985121204437,-0.1480592236894761,0.9607116058478955,-0.3481392557022809,0.9199950999077711,-0.7242897158863544,0.8826292410979177,-1.084433773509404,0.8475615928970988,-1.4365746298519406,0.7971877642515378,-1.9687875150060021,0.7286937053792424,-2.7490996398559426,0.7173684904893013,-2.885154061624649
39.19624361975372,20.316927291123932,0.16499231090559904,0.34,0.9830985121204437,-0.1480592236894761,0.9607116058478955,-0.3481392557022809,0.9199950999077711,-0.7242897158863544,0.8826292410979177,-1.084433773509404,0.8475615928970988,-1.4365746298519406,0.7971877642515378,-1.9687875150060021,0.7286937053792424,-2.7490996398559426,0.7173684904893013,-2.885154061624649
39.33384468549698,20.316927291123932,0.16441512049867135,0.34,0.9830985121204437,-0.1480592236894761,0.9607116058478955,-0.3481392557022809,0.9199950999077711,-0.7242897158863544,0.8826292410979177,-1.084433773509404,0.8475615928970988,-1.4365746298519406,0.7971877642515378,-1.9687875150060021,0.7286937053792424,-2.7490996398559426,0.7173684904893013,-2.885154061624649
39.471928809093384,20.316927291123932,0.1638399492692678,0.34,0.9830985121204437,-0.1480592236894761,0.9607116058478955,-0.3481392557022809,0.9199950999077711,-0.7242897158863544,0.8826292410979177,-1.084433773509404,0.8475615928970988,-1.4365746298519406,0.7971877642515378,-1.9687875150060021,0.7286937053792424,-2.7490996398559426,0.7173684904893013,-2.885154061624649
39.61049768635018,20.316927291123932,0.16326679015372667,0.34,0.9830985121204437,-0.1480592236894761,0.9607116058478955,-0.3481392557022809,0.9199950999077711,-0.7242897158863544,0.8826292410979177,-1.084433773509404,0.8475615928970988,-1.4365746298519406,0.7971877642515378,-1.9687875150060021,0.7286937053792424,-2.7490996398559426,0.7173684904893013,-2.885154061624649
39.749553019027914,20.316927291123932,0.16269563611309668,0.34,0.9830985121204437,-0.1480592236894761,0.9607116058478955,-0.3481392557022809,0.9199950999077711,-0.7242897158863544,0.8826292410979177,-1.084433773509404,0.8475615928970988,-1.4365746298519406,0.7971877642515378,-1.9687875150060021,0.7286937053792424,-2.7490996398559426,0.7173684904893013,-2.885154061624649
39.88909651486129,20.316927291123932,0.16212648013305092,0.34,0.9830985121204437,-0.1480592236894761,0.9607116058478955,-0.3481392557022809,0.9199950999077711,-0.7242897158863544,0.8826292410979177,-1.084433773509404,0.8475615928970988,-1.4365746298519406,0.7971877642515378,-1.9687875150060021,0.7286937053792424,-2.7490996398559426,0.7173684904893013,-2.885154061624649
40.029129887580055,20.316927291123932,0.16155931522380074,0.34,0.9830985121204437,-0.1480592236894761,0.9607116058478955,-0.3481392557022809,0.9199950999077711,-0.7242897158863544,0.8826292410979177,-1.084433773509404,0.8475615928970988,-1.4365746298519406,0.7971877642515378,-1.9687875150060021,0.7286937053792424,-2.7490996398559426,0.7173684904893013,-2.885154061624649
40.16965485693019,20.316927291123932,0.1609941344200096,0.34,0.9830985121204437,-0.1480592236894761,0.9607116058478955,-0.3481392557022809,0.9199950999077711,-0.7242897158863544,0.8826292410979177,-1.084433773509404,0.8475615928970988,-1.4365746298519406,0.7971877642515378,-1.9687875150060021,0.7286937053792424,-2.7490996398559426,0.7173684904893013,-2.885154061624649
40.310673148694924,20.316927291123932,0.16043093078070775,0.34,0.9830985121204437,-0.1480592236894761,0.9607116058478955,-0.3481392557022809,0.9199950999077711,-0.7242897158863544,0.8826292410979177,-1.084433773509404,0.8475615928970988,-1.4365746298519406,0.7971877642515378,-1.9687875150060021,0.7286937053792424,-2.7490996398559426,0.7173684904893013,-2.885154061624649
40.452186494715995,20.316927291123932,0.15986969738920692,0.34,0.9830985121204437,-0.1480592236894761,0.9607116058478955,-0.3481392557022809,0.9199950999077711,-0.7242897158863544,0.8826292410979177,-1.084433773509404,0.8475615928970988,-1.4365746298519406,0.7971877642515378,-1.9687875150060021,0.7286937053792424,-2.7490996398559426,0.7173684904893013,-2.885154061624649
40.59419663291489,20.316927291123932,0.1593104273530154,0.34,0.9830985121204437,-0.1480592236894761,0.9607116058478955,-0.3481392557022809,0.9199950999077711,-0.7242897158863544,0.8826292410979177,-1.084433773509404,0.8475615928970988,-1.4365746298519406,0.7971877642515378,-1.9687875150060021,0.7286937053792424,-2.7490996398559426,0.7173684904893013,-2.885154061624649
40.73670530731412,20.316927291123932,0.15875311380375356,0.34,0.9830985121204437,-0.1480592236894761,0.9607116058478955,-0.3481392557022809,0.9199950999077711,-0.7242897158863544,0.8826292410979177,-1.084433773509404,0.8475615928970988,-1.4365746298519406,0.7971877642515378,-1.9687875150060021,0.7286937053792424,-2.7490996398559426,0.7173684904893013,-2.885154061624649
40.87971426805877,20.316927291123932,0.15819774989706914,0.34,0.9830985121204437,-0.1480592236894761,0.9607116058478955,-0.3481392557022809,0.9199950999077711,-0.7242897158863544,0.8826292410979177,-1.084433773509404,0.8475615928970988,-1.4365746298519406,0.7971877642515378,-1.9687875150060021,0.7286937053792424,-2.7490996398559426,0.7173684904893013,-2.885154061624649
41.023225271437944,20.316927291123932,0.1576443288125533,0.34,0.9830985121204437,-0.1480592236894761,0.9607116058478955,-0.3481392557022809,0.9199950999077711,-0.7242897158863544,0.8826292410979177,-1.084433773509404,0.8475615928970988,-1.4365746298519406,0.7971877642515378,-1.9687875150060021,0.7286937053792424,-2.7490996398559426,0.7173684904893013,-2.885154061624649
41.16724007990624,20.316927291123932,0.1570928437536573,0.34,0.9830985121204437,-0.1480592236894761,0.9607116058478955,-0.3481392557022809,0.9199950999077711,-0.7242897158863544,0.8826292410979177,-1.084433773509404,0.8475615928970988,-1.4365746298519406,0.7971877642515378,-1.9687875150060021,0.7286937053792424,-2.7490996398559426,0.7173684904893013,-2.885154061624649
41.31176046210554,20.316927291123932,0.15654328794760838,0.34,0.9830985121204437,-0.1480592236894761,0.9607116058478955,-0.3481392557022809,0.9199950999077711,-0.7242897158863544,0.8826292410979177,-1.084433773509404,0.8475615928970988,-1.4365746298519406,0.7971877642515378,-1.9687875150060021,0.7286937053792424,-2.7490996398559426,0.7173684904893013,-2.885154061624649
41.45678819288663,20.316927291123932,0.15599565464532694,0.34,0.9830985121204437,-0.1480592236894761,0.9607116058478955,-0.3481392557022809,0.9199950999077711,-0.7242897158863544,0.8826292410979177,-1.084433773509404,0.8475615928970988,-1.4365746298519406,0.7971877642515378,-1.9687875150060021,0.7286937053792424,-2.7490996398559426,0.7173684904893013,-2.885154061624649
41.60232505333105,20.316927291123932,0.1554499371213436,0.34,0.9830985121204437,-0.1480592236894761,0.9607116058478955,-0.3481392557022809,0.9199950999077711,-0.7242897158863544,0.8826292410979177,-1.084433773509404,0.8475615928970988,-1.4365746298519406,0.7971877642515378,-1.9687875150060021,0.7286937053792424,-2.7490996398559426,0.7173684904893013,-2.885154061624649
41.74837283077296,20.316927291123932,0.1549061286737166,0.34,0.9830985121204437,-0.1480592236894761,0.9607116058478955,-0.3481392557022809,0.9199950999077711,-0.7242897158863544,0.8826292410979177,-1.084433773509404,0.8475615928970988,-1.4365746298519406,0.7971877642515378,-1.9687875150060021,0.7286937053792424,-2.7490996398559426,0.7173684904893013,-2.885154061624649
41.894933318820996,20.316927291123932,0.15436422262394964,0.34,0.9830985121204437,-0.1480592236894761,0.9607116058478955,-0.3481392557022809,0.9199950999077711,-0.7242897158863544,0.8826292410979177,-1.084433773509404,0.8475615928970988,-1.4365746298519406,0.7971877642515378,-1.9687875150060021,0.7286937053792424,-2.7490996398559426,0.7173684904893013,-2.885154061624649
42.04200831738048,20.316927291123932,0.15382421231690951,0.34,0.9830985121204437,-0.1480592236894761,0.9607116058478955,-0.3481392557022809,0.9199950999077711,-0.7242897158863544,0.8826292410979177,-1.084433773509404,0.8475615928970988,-1.4365746298519406,0.7971877642515378,-1.9687875150060021,0.7286937053792424,-2.7490996398559426,0.7173684904893013,-2.885154061624649
42.18959963267539,20.316927291123932,0.15328609112074454,0.34,0.9830985121204437,-0.1480592236894761,0.9607116058478955,-0.3481392557022809,0.9199950999077711,-0.7242897158863544,0.8826292410979177,-1.084433773509404,0.8475615928970988,-1.4365746298519406,0.7971877642515378,-1.9687875150060021,0.7286937053792424,-2.7490996398559426,0.7173684904893013,-2.885154061624649
42.337709077270524,20.316927291123932,0.15274985242680345,0.34,0.9830985121204437,-0.1480592236894761,0.9607116058478955,-0.3481392557022809,0.9199950999077711,-0.7242897158863544,0.8826292410979177,-1.084433773509404,0.8475615928970988,-1.4365746298519406,0.7971877642515378,-1.9687875150060021,0.7286937053792424,-2.7490996398559426,0.7173684904893013,-2.885154061624649
42.48633847009388,20.316927291123932,0.1522154896495537,0.34,0.9830985121204437,-0.1480592236894761,0.9607116058478955,-0.3481392557022809,0.9199950999077711,-0.7242897158863544,0.8826292410979177,-1.084433773509404,0.8475615928970988,-1.4365746298519406,0.7971877642515378,-1.9687875150060021,0.7286937053792424,-2.7490996398559426,0.7173684904893013,-2.885154061624649
42.63548963645889,20.316927291123932,0.15168299622650083,0.34,0.9830985121204437,-0.1480592236894761,0.9607116058478955,-0.3481392557022809,0.9199950999077711,-0.7242897158863544,0.8826292410979177,-1.084433773509404,0.8475615928970988,-1.4365746298519406,0.7971877642515378,-1.9687875150060021,0.7286937053792424,-2.7490996398559426,0.7173684904893013,-2.885154061624649
42.78516440808689,20.316927291123932,0.15115236561810796,0.34,0.9830985121204437,-0.1480592236894761,0.9607116058478955,-0.3481392557022809,0.9199950999077711,-0.7242897158863544,0.8826292410979177,-1.084433773509404,0.8475615928970988,-1.4365746298519406,0.7971877642515378,-1.9687875150060021,0.7286937053792424,-2.7490996398559426,0.7173684904893013,-2.885154061624649
42.935364623129615,20.316927291123932,0.15062359130771522,0.34,0.9830985121204437,-0.1480592236894761,0.9607116058478955,-0.3481392557022809,0.9199950999077711,-0.7242897158863544,0.8826292410979177,-1.084433773509404,0.8475615928970988,-1.4365746298519406,0.7971877642515378,-1.9687875150060021,0.7286937053792424,-2.7490996398559426,0.7173684904893013,-2.885154061624649
43.08609212619168,20.316927291123932,0.15009666680146017,0.34,0.9830985121204437,-0.1480592236894761,0.9607116058478955,-0.3481392557022809,0.9199950999077711,-0.7242897158863544,0.8826292410979177,-1.084433773509404,0.8475615928970988,-1.4365746298519406,0.7971877642515378,-1.9687875150060021,0.7286937053792424,-2.7490996398559426,0.7173684904893013,-2.885154061624649
43.237348768353385,20.316927291123932,0.14957158562819753,0.34,0.9830985121204437,-0.1480592236894761,0.9607116058478955,-0.3481392557022809,0.9199950999077711,-0.7242897158863544,0.8826292410979177,-1.084433773509404,0.8475615928970988,-1.4365746298519406,0.7971877642515378,-1.9687875150060021,0.7286937053792424,-2.7490996398559426,0.7173684904893013,-2.885154061624649
43.38913640719337,20.316927291123932,0.1490483413394199,0.34,0.9830985121204437,-0.1480592236894761,0.9607116058478955,-0.3481392557022809,0.9199950999077711,-0.7242897158863544,0.8826292410979177,-1.084433773509404,0.8475615928970988,-1.4365746298519406,0.7971877642515378,-1.9687875150060021,0.7286937053792424,-2.7490996398559426,0.7173684904893013,-2.885154061624649
43.541456906811355,20.316927291123932,0.14852692750917895,0.34,0.9830985121204437,-0.1480592236894761,0.9607116058478955,-0.3481392557022809,0.9199950999077711,-0.7242897158863544,0.8826292410979177,-1.084433773509404,0.8475615928970988,-1.4365746298519406,0.7971877642515378,-1.9687875150060021,0.7286937053792424,-2.7490996398559426,0.7173684904893013,-2.885154061624649
43.69431213785119,20.316927291123932,0.1480073377340058,0.34,0.9830985121204437,-0.1480592236894761,0.9607116058478955,-0.3481392557022809,0.9199950999077711,-0.7242897158863544,0.8826292410979177,-1.084433773509404,0.8475615928970988,-1.4365746298519406,0.7971877642515378,-1.9687875150060021,0.7286937053792424,-2.7490996398559426,0.7173684904893013,-2.885154061624649
43.84770397752372,20.316927291123932,0.14748956563283283,0.34,0.9830985121204437,-0.1480592236894761,0.9607116058478955,-0.3481392557022809,0.9199950999077711,-0.7242897158863544,0.8826292410979177,-1.084433773509404,0.8475615928970988,-1.4365746298519406,0.7971877642515378,-1.9687875150060021,0.7286937053792424,-2.7490996398559426,0.7173684904893013,-2.885154061624649
44.001634309629864,20.316927291123932,0.1469736048469153,0.34,0.9830985121204437,-0.1480592236894761,0.9607116058478955,-0.3481392557022809,0.9199950999077711,-0.7242897158863544,0.8826292410979177,-1.084433773509404,0.8475615928970988,-1.4365746298519406,0.7971877642515378,-1.9687875150060021,0.7286937053792424,-2.7490996398559426,0.7173684904893013,-2.885154061624649
44.15610502458377,20.316927291123932,0.14645944903975303,0.34,0.9830985121204437,-0.1480592236894761,0.9607116058478955,-0.3481392557022809,0.9199950999077711,-0.7242897158863544,0.8826292410979177,-1.084433773509404,0.8475615928970988,-1.4365746298519406,0.7971877642515378,-1.9687875150060021,0.7286937053792424,-2.7490996398559426,0.7173684904893013,-2.885154061624649
44.31111801943596,20.316927291123932,0.14594709189701302,0.34,0.9830985121204437,-0.1480592236894761,0.9607116058478955,-0.3481392557022809,0.9199950999077711,-0.7242897158863544,0.8826292410979177,-1.084433773509404,0.8475615928970988,-1.4365746298519406,0.7971877642515378,-1.9687875150060021,0.7286937053792424,-2.7490996398559426,0.7173684904893013,-2.885154061624649
44.46667519789672,20.316927291123932,0.14543652712645141,0.34,0.9830985121204437,-0.1480592236894761,0.9607116058478955,-0.3481392557022809,0.9199950999077711,-0.7242897158863544,0.8826292410979177,-1.084433773509404,0.8475615928970988,-1.4365746298519406,0.7971877642515378,-1.9687875150060021,0.7286937053792424,-2.7490996398559426,0.7173684904893013,-2.885154061624649
44.622778470359464,20.316927291123932,0.1449277484578363,0.34,0.9830985121204437,-0.1480592236894761,0.9607116058478955,-0.3481392557022809,0.9199950999077711,-0.7242897158863544,0.8826292410979177,-1.084433773509404,0.8475615928970988,-1.4365746298519406,0.7971877642515378,-1.9687875150060021,0.7286937053792424,-2.7490996398559426,0.7173684904893013,-2.885154061624649
44.7794297539241,20.316927291123932,0.1444207496428712,0.34,0.9830985121204437,-0.1480592236894761,0.9607116058478955,-0.3481392557022809,0.9199950999077711,-0.7242897158863544,0.8826292410979177,-1.084433773509404,0.8475615928970988,-1.4365746298519406,0.7971877642515378,-1.9687875150060021,0.7286937053792424,-2.7490996398559426,0.7173684904893013,-2.885154061624649
44.93663097242071,20.316927291123932,0.14391552445511763,0.34,0.9830985121204437,-0.1480592236894761,0.9607116058478955,-0.3481392557022809,0.9199950999077711,-0.7242897158863544,0.8826292410979177,-1.084433773509404,0.8475615928970988,-1.4365746298519406,0.7971877642515378,-1.9687875150060021,0.7286937053792424,-2.7490996398559426,0.7173684904893013,-2.885154061624649
45.09438405643308,20.316927291123932,0.1434120666899192,0.34,0.9830985121204437,-0.1480592236894761,0.9607116058478955,-0.3481392557022809,0.9199950999077711,-0.7242897158863544,0.8826292410979177,-1.084433773509404,0.8475615928970988,-1.4365746298519406,0.7971877642515378,-1.9687875150060021,0.7286937053792424,-2.7490996398559426,0.7173684904893013,-2.885154061624649
45.252690943322456,20.316927291123932,0.142910370164325,0.34,0.9830985121204437,-0.1480592236894761,0.9607116058478955,-0.3481392557022809,0.9199950999077711,-0.7242897158863544,0.8826292410979177,-1.084433773509404,0.8475615928970988,-1.4365746298519406,0.7971877642515378,-1.9687875150060021,0.7286937053792424,-2.7490996398559426,0.7173684904893013,-2.885154061624649
45.41155357725134,20.316927291123932,0.1424104287170139,0.34,0.9830985121204437,-0.1480592236894761,0.9607116058478955,-0.3481392557022809,0.9199950999077711,-0.7242897158863544,0.8826292410979177,-1.084433773509404,0.8475615928970988,-1.4365746298519406,0.7971877642515378,-1.9687875150060021,0.7286937053792424,-2.7490996398559426,0.7173684904893013,-2.885154061624649
45.57097390920727,20.316927291123932,0.14191223620821908,0.34,0.9830985121204437,-0.1480592236894761,0.9607116058478955,-0.3481392557022809,0.9199950999077711,-0.7242897158863544,0.8826292410979177,-1.084433773509404,0.8475615928970988,-1.4365746298519406,0.7971877642515378,-1.9687875150060021,0.7286937053792424,-2.7490996398559426,0.7173684904893013,-2.885154061624649
45.730953897026936,20.316927291123932,0.14141578651965203,0.34,0.9830985121204437,-0.1480592236894761,0.9607116058478955,-0.3481392557022809,0.9199950999077711,-0.7242897158863544,0.8826292410979177,-1.084433773509404,0.8475615928970988,-1.4365746298519406,0.7971877642515378,-1.9687875150060021,0.7286937053792424,-2.7490996398559426,0.7173684904893013,-2.885154061624649
45.89149550542015,20.316927291123932,0.14092107355442787,0.34,0.9830985121204437,-0.1480592236894761,0.9607116058478955,-0.3481392557022809,0.9199950999077711,-0.7242897158863544,0.8826292410979177,-1.084433773509404,0.8475615928970988,-1.4365746298519406,0.7971877642515378,-1.9687875150060021,0.7286937053792424,-2.7490996398559426,0.7173684904893013,-2.885154061624649
46.05260070599389,20.316927291123932,0.14042809123699065,0.34,0.9830985121204437,-0.1480592236894761,0.9607116058478955,-0.3481392557022809,0.9199950999077711,-0.7242897158863544,0.8826292410979177,-1.084433773509404,0.8475615928970988,-1.4365746298519406,0.7971877642515378,-1.9687875150060021,0.7286937053792424,-2.7490996398559426,0.7173684904893013,-2.885154061624649
46.21427147727667,20.316927291123932,0.1399368335130381,0.34,0.9830985121204437,-0.1480592236894761,0.9607116058478955,-0.3481392557022809,0.9199950999077711,-0.7242897158863544,0.8826292410979177,-1.084433773509404,0.8475615928970988,-1.4365746298519406,0.7971877642515378,-1.9687875150060021,0.7286937053792424,-2.7490996398559426,0.7173684904893013,-2.885154061624649
46.37650980474276,20.316927291123932,0.13944729434944766,0.34,0.9830985121204437,-0.1480592236894761,0.9607116058478955,-0.3481392557022809,0.9199950999077711,-0.7242897158863544,0.8826292410979177,-1.084433773509404,0.8475615928970988,-1.4365746298519406,0.7971877642515378,-1.9687875150060021,0.7286937053792424,-2.7490996398559426,0.7173684904893013,-2.885154061624649
46.539317680836504,20.316927291123932,0.1389594677342027,0.34,0.9830985121204437,-0.1480592236894761,0.9607116058478955,-0.3481392557022809,0.9199950999077711,-0.7242897158863544,0.8826292410979177,-1.084433773509404,0.8475615928970988,-1.4365746298519406,0.7971877642515378,-1.9687875150060021,0.7286937053792424,-2.7490996398559426,0.7173684904893013,-2.885154061624649
46.70269710499693,20.316927291123932,0.138473347676318,0.34,0.9830985121204437,-0.1480592236894761,0.9607116058478955,-0.3481392557022809,0.9199950999077711,-0.7242897158863544,0.8826292410979177,-1.084433773509404,0.8475615928970988,-1.4365746298519406,0.7971877642515378,-1.9687875150060021,0.7286937053792424,-2.7490996398559426,0.7173684904893013,-2.885154061624649
46.866650083682195,20.316927291123932,0.13798892820576664,0.34,0.9830985121204437,-0.1480592236894761,0.9607116058478955,-0.3481392557022809,0.9199950999077711,-0.7242897158863544,0.8826292410979177,-1.084433773509404,0.8475615928970988,-1.4365746298519406,0.7971877642515378,-1.9687875150060021,0.7286937053792424,-2.7490996398559426,0.7173684904893013,-2.885154061624649
47.03117863039428,20.316927291123932,0.13750620337340658,0.34,0.9830985121204437,-0.1480592236894761,0.9607116058478955,-0.3481392557022809,0.9199950999077711,-0.7242897158863544,0.8826292410979177,-1.084433773509404,0.8475615928970988,-1.4365746298519406,0.7971877642515378,-1.9687875150060021,0.7286937053792424,-2.7490996398559426,0.7173684904893013,-2.885154061624649
47.19628476570371,20.316927291123932,0.13702516725090752,0.34,0.9830985121204437,-0.1480592236894761,0.9607116058478955,-0.3481392557022809,0.9199950999077711,-0.7242897158863544,0.8826292410979177,-1.084433773509404,0.8475615928970988,-1.4365746298519406,0.7971877642515378,-1.9687875150060021,0.7286937053792424,-2.7490996398559426,0.7173684904893013,-2.885154061624649
47.3619705172743,20.316927291123932,0.13654581393067833,0.34,0.9830985121204437,-0.1480592236894761,0.9607116058478955,-0.3481392557022809,0.9199950999077711,-0.7242897158863544,0.8826292410979177,-1.084433773509404,0.8475615928970988,-1.4365746298519406,0.7971877642515378,-1.9687875150060021,0.7286937053792424,-2.7490996398559426,0.7173684904893013,-2.885154061624649
47.52823791988819,20.316927291123932,0.1360681375257941,0.34,0.9830985121204437,-0.1480592236894761,0.9607116058478955,-0.3481392557022809,0.9199950999077711,-0.7242897158863544,0.8826292410979177,-1.084433773509404,0.8475615928970988,-1.4365746298519406,0.7971877642515378,-1.9687875150060021,0.7286937053792424,-2.7490996398559426,0.7173684904893013,-2.885154061624649
47.69508901547074,20.316927291123932,0.13559213216992422,0.34,0.9830985121204437,-0.1480592236894761,0.9607116058478955,-0.3481392557022809,0.9199950999077711,-0.7242897158863544,0.8826292410979177,-1.084433773509404,0.8475615928970988,-1.4365746298519406,0.7971877642515378,-1.9687875150060021,0.7286937053792424,-2.7490996398559426,0.7173684904893013,-2.885154061624649
47.86252585311558,20.316927291123932,0.13511779201726018,0.34,0.9830985121204437,-0.1480592236894761,0.9607116058478955,-0.3481392557022809,0.9199950999077711,-0.7242897158863544,0.8826292410979177,-1.084433773509404,0.8475615928970988,-1.4365746298519406,0.7971877642515378,-1.9687875150060021,0.7286937053792424,-2.7490996398559426,0.7173684904893013,-2.885154061624649
48.03055048910987,20.316927291123932,0.13464511124244374,0.34,0.9830985121204437,-0.1480592236894761,0.9607116058478955,-0.3481392557022809,0.9199950999077711,-0.7242897158863544,0.8826292410979177,-1.084433773509404,0.8475615928970988,-1.4365746298519406,0.7971877642515378,-1.9687875150060021,0.7286937053792424,-2.7490996398559426,0.7173684904893013,-2.885154061624649
48.1991649869595,20.316927291123932,0.13417408404049544,0.34,0.9830985121204437,-0.1480592236894761,0.9607116058478955,-0.3481392557022809,0.9199950999077711,-0.7242897158863544,0.8826292410979177,-1.084433773509404,0.8475615928970988,-1.4365746298519406,0.7971877642515378,-1.9687875150060021,0.7286937053792424,-2.7490996398559426,0.7173684904893013,-2.885154061624649
48.368371417414444,20.316927291123932,0.13370470462674328,0.34,0.9830985121204437,-0.1480592236894761,0.9607116058478955,-0.3481392557022809,0.9199950999077711,-0.7242897158863544,0.8826292410979177,-1.084433773509404,0.8475615928970988,-1.4365746298519406,0.7971877642515378,-1.9687875150060021,0.7286937053792424,-2.7490996398559426,0.7173684904893013,-2.885154061624649
48.538171858494174,20.316927291123932,0.13323696723675166,0.34,0.9830985121204437,-0.1480592236894761,0.9607116058478955,-0.3481392557022809,0.9199950999077711,-0.7242897158863544,0.8826292410979177,-1.084433773509404,0.8475615928970988,-1.4365746298519406,0.7971877642515378,-1.9687875150060021,0.7286937053792424,-2.7490996398559426,0.7173684904893013,-2.885154061624649
48.70856839551315,20.316927291123932,0.13277086612625086,0.34,0.9830985121204437,-0.1480592236894761,0.9607116058478955,-0.3481392557022809,0.9199950999077711,-0.7242897158863544,0.8826292410979177,-1.084433773509404,0.8475615928970988,-1.4365746298519406,0.7971877642515378,-1.9687875150060021,0.7286937053792424,-2.7490996398559426,0.7173684904893013,-2.885154061624649
48.87956312110652,20.316927291123932,0.132306395571066,0.34,0.9830985121204437,-0.1480592236894761,0.9607116058478955,-0.3481392557022809,0.9199950999077711,-0.7242897158863544,0.8826292410979177,-1.084433773509404,0.8475615928970988,-1.4365746298519406,0.7971877642515378,-1.9687875150060021,0.7286937053792424,-2.7490996398559426,0.7173684904893013,-2.885154061624649
49.05115813525579,20.316927291123932,0.1318435498670471,0.34,0.9830985121204437,-0.1480592236894761,0.9607116058478955,-0.3481392557022809,0.9199950999077711,-0.7242897158863544,0.8826292410979177,-1.084433773509404,0.8475615928970988,-1.4365746298519406,0.7971877642515378,-1.9687875150060021,0.7286937053792424,-2.7490996398559426,0.7173684904893013,-2.885154061624649
49.223355545314504,20.316927291123932,0.131382323329999,0.34,0.9830985121204437,-0.1480592236894761,0.9607116058478955,-0.3481392557022809,0.9199950999077711,-0.7242897158863544,0.8826292410979177,-1.084433773509404,0.8475615928970988,-1.4365746298519406,0.7971877642515378,-1.9687875150060021,0.7286937053792424,-2.7490996398559426,0.7173684904893013,-2.885154061624649
49.396157466034296,20.316927291123932,0.1309227102956114,0.34,0.9830985121204437,-0.1480592236894761,0.9607116058478955,-0.3481392557022809,0.9199950999077711,-0.7242897158863544,0.8826292410979177,-1.084433773509404,0.8475615928970988,-1.4365746298519406,0.7971877642515378,-1.9687875150060021,0.7286937053792424,-2.7490996398559426,0.7173684904893013,-2.885154061624649
49.56956601959075,20.316927291123932,0.13046470511938935,0.34,0.9830985121204437,-0.1480592236894761,0.9607116058478955,-0.3481392557022809,0.9199950999077711,-0.7242897158863544,0.8826292410979177,-1.084433773509404,0.8475615928970988,-1.4365746298519406,0.7971877642515378,-1.9687875150060021,0.7286937053792424,-2.7490996398559426,0.7173684904893013,-2.885154061624649
49.7435833356095,20.316927291123932,0.13000830217658405,0.34,0.9830985121204437,-0.1480592236894761,0.9607116058478955,-0.3481392557022809,0.9199950999077711,-0.7242897158863544,0.8826292410979177,-1.084433773509404,0.8475615928970988,-1.4365746298519406,0.7971877642515378,-1.9687875150060021,0.7286937053792424,-2.7490996398559426,0.7173684904893013,-2.885154061624649
49.91821155119237,20.316927291123932,0.12955349586212359,0.34,0.9830985121204437,-0.1480592236894761,0.9607116058478955,-0.3481392557022809,0.9199950999077711,-0.7242897158863544,0.8826292410979177,-1.084433773509404,0.8475615928970988,-1.4365746298519406,0.7971877642515378,-1.9687875150060021,0.7286937053792424,-2.7490996398559426,0.7173684904893013,-2.885154061624649
50.09345281094359,20.316927291123932,0.12910028059054435,0.34,0.9830985121204437,-0.1480592236894761,0.9607116058478955,-0.3481392557022809,0.9199950999077711,-0.7242897158863544,0.8826292410979177,-1.084433773509404,0.8475615928970988,-1.4365746298519406,0.7971877642515378,-1.9687875150060021,0.7286937053792424,-2.7490996398559426,0.7173684904893013,-2.885154061624649
50.26930926699622,20.316927291123932,0.12864865079592216,0.34,0.9830985121204437,-0.1480592236894761,0.9607116058478955,-0.3481392557022809,0.9199950999077711,-0.7242897158863544,0.8826292410979177,-1.084433773509404,0.8475615928970988,-1.4365746298519406,0.7971877642515378,-1.9687875150060021,0.7286937053792424,-2.7490996398559426,0.7173684904893013,-2.885154061624649
50.44578307903853,20.316927291123932,0.12819860093180396,0.34,0.9830985121204437,-0.1480592236894761,0.9607116058478955,-0.3481392557022809,0.9199950999077711,-0.7242897158863544,0.8826292410979177,-1.084433773509404,0.8475615928970988,-1.4365746298519406,0.7971877642515378,-1.9687875150060021,0.7286937053792424,-2.7490996398559426,0.7173684904893013,-2.885154061624649
50.622876414340446,20.316927291123932,0.12775012547114006,0.34,0.9830985121204437,-0.1480592236894761,0.9607116058478955,-0.3481392557022809,0.9199950999077711,-0.7242897158863544,0.8826292410979177,-1.084433773509404,0.8475615928970988,-1.4365746298519406,0.7971877642515378,-1.9687875150060021,0.7286937053792424,-2.7490996398559426,0.7173684904893013,-2.885154061624649
50.80059144778033,20.316927291123932,0.12730321890621574,0.34,0.9830985121204437,-0.1480592236894761,0.9607116058478955,-0.3481392557022809,0.9199950999077711,-0.7242897158863544,0.8826292410979177,-1.084433773509404,0.8475615928970988,-1.4365746298519406,0.7971877642515378,-1.9687875150060021,0.7286937053792424,-2.7490996398559426,0.7173684904893013,-2.885154061624649
50.978930361871555,20.316927291123932,0.12685787574858384,0.34,0.9830985121204437,-0.1480592236894761,0.9607116058478955,-0.3481392557022809,0.9199950999077711,-0.7242897158863544,0.8826292410979177,-1.084433773509404,0.8475615928970988,-1.4365746298519406,0.7971877642515378,-1.9687875150060021,0.7286937053792424,-2.7490996398559426,0.7173684904893013,-2.885154061624649
51.15789534678938,20.316927291123932,0.12641409052899744,0.34,0.9830985121204437,-0.1480592236894761,0.9607116058478955,-0.3481392557022809,0.9199950999077711,-0.7242897158863544,0.8826292410979177,-1.084433773509404,0.8475615928970988,-1.4365746298519406,0.7971877642515378,-1.9687875150060021,0.7286937053792424,-2.7490996398559426,0.7173684904893013,-2.885154061624649
51.33748860039783,20.316927291123932,0.12597185779734252,0.34,0.9830985121204437,-0.1480592236894761,0.9607116058478955,-0.3481392557022809,0.9199950999077711,-0.7242897158863544,0.8826292410979177,-1.084433773509404,0.8475615928970988,-1.4365746298519406,0.7971877642515378,-1.9687875150060021,0.7286937053792424,-2.7490996398559426,0.7173684904893013,-2.885154061624649
51.517712328276616,20.316927291123932,0.1255311721225714,0.34,0.9830985121204437,-0.1480592236894761,0.9607116058478955,-0.3481392557022809,0.9199950999077711,-0.7242897158863544,0.8826292410979177,-1.084433773509404,0.8475615928970988,-1.4365746298519406,0.7971877642515378,-1.9687875150060021,0.7286937053792424,-2.7490996398559426,0.7173684904893013,-2.885154061624649
51.698568743748346,20.316927291123932,0.12509202809263537,0.34,0.9830985121204437,-0.1480592236894761,0.9607116058478955,-0.3481392557022809,0.9199950999077711,-0.7242897158863544,0.8826292410979177,-1.084433773509404,0.8475615928970988,-1.4365746298519406,0.7971877642515378,-1.9687875150060021,0.7286937053792424,-2.7490996398559426,0.7173684904893013,-2.885154061624649
51.88006006790566,20.316927291123932,0.12465442031441885,0.34,0.9830985121204437,-0.1480592236894761,0.9607116058478955,-0.3481392557022809,0.9199950999077711,-0.7242897158863544,0.8826292410979177,-1.084433773509404,0.8475615928970988,-1.4365746298519406,0.7971877642515378,-1.9687875150060021,0.7286937053792424,-2.7490996398559426,0.7173684904893013,-2.885154061624649
52.062188529638405,20.316927291123932,0.12421834341367298,0.34,0.9830985121204437,-0.1480592236894761,0.9607116058478955,-0.3481392557022809,0.9199950999077711,-0.7242897158863544,0.8826292410979177,-1.084433773509404,0.8475615928970988,-1.4365746298519406,0.7971877642515378,-1.9687875150060021,0.7286937053792424,-2.7490996398559426,0.7173684904893013,-2.885154061624649
52.244956365661196,20.316927291123932,0.12378379203494937,0.34,0.9830985121204437,-0.1480592236894761,0.9607116058478955,-0.3481392557022809,0.9199950999077711,-0.7242897158863544,0.8826292410979177,-1.084433773509404,0.8475615928970988,-1.4365746298519406,0.7971877642515378,-1.9687875150060021,0.7286937053792424,-2.7490996398559426,0.7173684904893013,-2.885154061624649
52.42836582054074,20.316927291123932,0.12335076084153464,0.34,0.9830985121204437,-0.1480592236894761,0.9607116058478955,-0.3481392557022809,0.9199950999077711,-0.7242897158863544,0.8826292410979177,-1.084433773509404,0.8475615928970988,-1.4365746298519406,0.7971877642515378,-1.9687875150060021,0.7286937053792424,-2.7490996398559426,0.7173684904893013,-2.885154061624649
52.612419146723454,20.316927291123932,0.12291924451538473,0.34,0.9830985121204437,-0.1480592236894761,0.9607116058478955,-0.3481392557022809,0.9199950999077711,-0.7242897158863544,0.8826292410979177,-1.084433773509404,0.8475615928970988,-1.4365746298519406,0.7971877642515378,-1.9687875150060021,0.7286937053792424,-2.7490996398559426,0.7173684904893013,-2.885154061624649
52.797118604563146,20.316927291123932,0.1224892377570596,0.34,0.9830985121204437,-0.1480592236894761,0.9607116058478955,-0.3481392557022809,0.9199950999077711,-0.7242897158863544,0.8826292410979177,-1.084433773509404,0.8475615928970988,-1.4365746298519406,0.7971877642515378,-1.9687875150060021,0.7286937053792424,-2.7490996398559426,0.7173684904893013,-2.885154061624649
52.98246646234867,20.316927291123932,0.12206073528565829,0.34,0.9830985121204437,-0.1480592236894761,0.9607116058478955,-0.3481392557022809,0.9199950999077711,-0.7242897158863544,0.8826292410979177,-1.084433773509404,0.8475615928970988,-1.4365746298519406,0.7971877642515378,-1.9687875150060021,0.7286937053792424,-2.7490996398559426,0.7173684904893013,-2.885154061624649
53.16846499633194,20.316927291123932,0.12163373183875384,0.34,0.9830985121204437,-0.1480592236894761,0.9607116058478955,-0.3481392557022809,0.9199950999077711,-0.7242897158863544,0.8826292410979177,-1.084433773509404,0.8475615928970988,-1.4365746298519406,0.7971877642515378,-1.9687875150060021,0.7286937053792424,-2.7490996398559426,0.7173684904893013,-2.885154061624649
53.35511649075582,20.316927291123932,0.1212082221723287,0.34,0.9830985121204437,-0.1480592236894761,0.9607116058478955,-0.3481392557022809,0.9199950999077711,-0.7242897158863544,0.8826292410979177,-1.084433773509404,0.8475615928970988,-1.4365746298519406,0.7971877642515378,-1.9687875150060021,0.7286937053792424,-2.7490996398559426,0.7173684904893013,-2.885154061624649
53.542423237882055,20.316927291123932,0.1207842010607106,0.34,0.9830985121204437,-0.1480592236894761,0.9607116058478955,-0.3481392557022809,0.9199950999077711,-0.7242897158863544,0.8826292410979177,-1.084433773509404,0.8475615928970988,-1.4365746298519406,0.7971877642515378,-1.9687875150060021,0.7286937053792424,-2.7490996398559426,0.7173684904893013,-2.885154061624649
53.73038753801963,20.316927291123932,0.12036166329650802,0.34,0.9830985121204437,-0.1480592236894761,0.9607116058478955,-0.3481392557022809,0.9199950999077711,-0.7242897158863544,0.8826292410979177,-1.084433773509404,0.8475615928970988,-1.4365746298519406,0.7971877642515378,-1.9687875150060021,0.7286937053792424,-2.7490996398559426,0.7173684904893013,-2.885154061624649
53.91901169955292,20.316927291123932,0.11994060369054638,0.34,0.9830985121204437,-0.1480592236894761,0.9607116058478955,-0.3481392557022809,0.9199950999077711,-0.7242897158863544,0.8826292410979177,-1.084433773509404,0.8475615928970988,-1.4365746298519406,0.7971877642515378,-1.9687875150060021,0.7286937053792424,-2.7490996398559426,0.7173684904893013,-2.885154061624649
54.108298038969956,20.316927291123932,0.11952101707180442,0.34,0.9830985121204437,-0.1480592236894761,0.9607116058478955,-0.3481392557022809,0.9199950999077711,-0.7242897158863544,0.8826292410979177,-1.084433773509404,0.8475615928970988,-1.4365746298519406,0.7971877642515378,-1.9687875150060021,0.7286937053792424,-2.7490996398559426,0.7173684904893013,-2.885154061624649
54.29824888089103,20.316927291123932,0.11910289828735053,0.34,0.9830985121204437,-0.1480592236894761,0.9607116058478955,-0.3481392557022809,0.9199950999077711,-0.7242897158863544,0.8826292410979177,-1.084433773509404,0.8475615928970988,-1.4365746298519406,0.7971877642515378,-1.9687875150060021,0.7286937053792424,-2.7490996398559426,0.7173684904893013,-2.885154061624649
54.488866558097165,20.316927291123932,0.11868624220227952,0.34,0.9830985121204437,-0.1480592236894761,0.9607116058478955,-0.3481392557022809,0.9199950999077711,-0.7242897158863544,0.8826292410979177,-1.084433773509404,0.8475615928970988,-1.4365746298519406,0.7971877642515378,-1.9687875150060021,0.7286937053792424,-2.7490996398559426,0.7173684904893013,-2.885154061624649
54.68015341155874,20.316927291123932,0.11827104369964964,0.34,0.9830985121204437,-0.1480592236894761,0.9607116058478955,-0.3481392557022809,0.9199950999077711,-0.7242897158863544,0.8826292410979177,-1.084433773509404,0.8475615928970988,-1.4365746298519406,0.7971877642515378,-1.9687875150060021,0.7286937053792424,-2.7490996398559426,0.7173684904893013,-2.885154061624649
54.872111790464324,20.316927291123932,0.11785729768041948,0.34,0.9830985121204437,-0.1480592236894761,0.9607116058478955,-0.3481392557022809,0.9199950999077711,-0.7242897158863544,0.8826292410979177,-1.084433773509404,0.8475615928970988,-1.4365746298519406,0.7971877642515378,-1.9687875150060021,0.7286937053792424,-2.7490996398559426,0.7173684904893013,-2.885154061624649
55.064744052249374,20.316927291123932,0.11744499906338586,0.34,0.9830985121204437,-0.1480592236894761,0.9607116058478955,-0.3481392557022809,0.9199950999077711,-0.7242897158863544,0.8826292410979177,-1.084433773509404,0.8475615928970988,-1.4365746298519406,0.7971877642515378,-1.9687875150060021,0.7286937053792424,-2.7490996398559426,0.7173684904893013,-2.885154061624649
55.25805256262536,20.316927291123932,0.11703414278512085,0.34,0.9830985121204437,-0.1480592236894761,0.9607116058478955,-0.3481392557022809,0.9199950999077711,-0.7242897158863544,0.8826292410979177,-1.084433773509404,0.8475615928970988,-1.4365746298519406,0.7971877642515378,-1.9687875150060021,0.7286937053792424,-2.7490996398559426,0.7173684904893013,-2.885154061624649
55.45203969560877,20.316927291123932,0.11662472379990986,0.34,0.9830985121204437,-0.1480592236894761,0.9607116058478955,-0.3481392557022809,0.9199950999077711,-0.7242897158863544,0.8826292410979177,-1.084433773509404,0.8475615928970988,-1.4365746298519406,0.7971877642515378,-1.9687875150060021,0.7286937053792424,-2.7490996398559426,0.7173684904893013,-2.885154061624649
55.64670783355012,20.316927291123932,0.11621673707968981,0.34,0.9830985121204437,-0.1480592236894761,0.9607116058478955,-0.3481392557022809,0.9199950999077711,-0.7242897158863544,0.8826292410979177,-1.084433773509404,0.8475615928970988,-1.4365746298519406,0.7971877642515378,-1.9687875150060021,0.7286937053792424,-2.7490996398559426,0.7173684904893013,-2.885154061624649
55.84205936716343,20.316927291123932,0.11581017761398711,0.34,0.9830985121204437,-0.1480592236894761,0.9607116058478955,-0.3481392557022809,0.9199950999077711,-0.7242897158863544,0.8826292410979177,-1.084433773509404,0.8475615928970988,-1.4365746298519406,0.7971877642515378,-1.9687875150060021,0.7286937053792424,-2.7490996398559426,0.7173684904893013,-2.885154061624649
56.03809669555547,20.316927291123932,0.11540504040985623,0.34,0.9830985121204437,-0.1480592236894761,0.9607116058478955,-0.3481392557022809,0.9199950999077711,-0.7242897158863544,0.8826292410979177,-1.084433773509404,0.8475615928970988,-1.4365746298519406,0.7971877642515378,-1.9687875150060021,0.7286937053792424,-2.7490996398559426,0.7173684904893013,-2.885154061624649
56.2348222262552,20.316927291123932,0.11500132049181845,0.34,0.9830985121204437,-0.1480592236894761,0.9607116058478955,-0.3481392557022809,0.9199950999077711,-0.7242897158863544,0.8826292410979177,-1.084433773509404,0.8475615928970988,-1.4365746298519406,0.7971877642515378,-1.9687875150060021,0.7286937053792424,-2.7490996398559426,0.7173684904893013,-2.885154061624649
56.43223837524343,20.316927291123932,0.1145990129018006,0.34,0.9830985121204437,-0.1480592236894761,0.9607116058478955,-0.3481392557022809,0.9199950999077711,-0.7242897158863544,0.8826292410979177,-1.084433773509404,0.8475615928970988,-1.4365746298519406,0.7971877642515378,-1.9687875150060021,0.7286937053792424,-2.7490996398559426,0.7173684904893013,-2.885154061624649
56.63034756698234,20.316927291123932,0.11419811269907452,0.34,0.9830985121204437,-0.1480592236894761,0.9607116058478955,-0.3481392557022809,0.9199950999077711,-0.7242897158863544,0.8826292410979177,-1.084433773509404,0.8475615928970988,-1.4365746298519406,0.7971877642515378,-1.9687875150060021,0.7286937053792424,-2.7490996398559426,0.7173684904893013,-2.885154061624649
56.82915223444544,20.316927291123932,0.11379861496019583,0.34,0.9830985121204437,-0.1480592236894761,0.9607116058478955,-0.3481392557022809,0.9199950999077711,-0.7242897158863544,0.8826292410979177,-1.084433773509404,0.8475615928970988,-1.4365746298519406,0.7971877642515378,-1.9687875150060021,0.7286937053792424,-2.7490996398559426,0.7173684904893013,-2.885154061624649
57.02865481914734,20.316927291123932,0.11340051477894392,0.34,0.9830985121204437,-0.1480592236894761,0.9607116058478955,-0.3481392557022809,0.9199950999077711,-0.7242897158863544,0.8826292410979177,-1.084433773509404,0.8475615928970988,-1.4365746298519406,0.7971877642515378,-1.9687875150060021,0.7286937053792424,-2.7490996398559426,0.7173684904893013,-2.885154061624649
57.22885777117369,20.316927291123932,0.11300380726626161,0.34,0.9830985121204437,-0.1480592236894761,0.9607116058478955,-0.3481392557022809,0.9199950999077711,-0.7242897158863544,0.8826292410979177,-1.084433773509404,0.8475615928970988,-1.4365746298519406,0.7971877642515378,-1.9687875150060021,0.7286937053792424,-2.7490996398559426,0.7173684904893013,-2.885154061624649
57.429763549211415,20.316927291123932,0.1126084875501949,0.34,0.9830985121204437,-0.1480592236894761,0.9607116058478955,-0.3481392557022809,0.9199950999077711,-0.7242897158863544,0.8826292410979177,-1.084433773509404,0.8475615928970988,-1.4365746298519406,0.7971877642515378,-1.9687875150060021,0.7286937053792424,-2.7490996398559426,0.7173684904893013,-2.885154061624649
57.631374620578775,20.316927291123932,0.11221455077583334,0.34,0.9830985121204437,-0.1480592236894761,0.9607116058478955,-0.3481392557022809,0.9199950999077711,-0.7242897158863544,0.8826292410979177,-1.084433773509404,0.8475615928970988,-1.4365746298519406,0.7971877642515378,-1.9687875150060021,0.7286937053792424,-2.7490996398559426,0.7173684904893013,-2.885154061624649
57.83369346125574,20.316927291123932,0.11182199210525037,0.34,0.9830985121204437,-0.1480592236894761,0.9607116058478955,-0.3481392557022809,0.9199950999077711,-0.7242897158863544,0.8826292410979177,-1.084433773509404,0.8475615928970988,-1.4365746298519406,0.7971877642515378,-1.9687875150060021,0.7286937053792424,-2.7490996398559426,0.7173684904893013,-2.885154061624649
58.036722555914395,20.316927291123932,0.11143080671744383,0.34,0.9830985121204437,-0.1480592236894761,0.9607116058478955,-0.3481392557022809,0.9199950999077711,-0.7242897158863544,0.8826292410979177,-1.084433773509404,0.8475615928970988,-1.4365746298519406,0.7971877642515378,-1.9687875150060021,0.7286937053792424,-2.7490996398559426,0.7173684904893013,-2.885154061624649
58.240464397949346,20.316927291123932,0.11104098980827694,0.34,0.9830985121204437,-0.1480592236894761,0.9607116058478955,-0.3481392557022809,0.9199950999077711,-0.7242897158863544,0.8826292410979177,-1.084433773509404,0.8475615928970988,-1.4365746298519406,0.7971877642515378,-1.9687875150060021,0.7286937053792424,-2.7490996398559426,0.7173684904893013,-2.885154061624649
58.44492148950852,20.316927291123932,0.11065253659041903,0.34,0.9830985121204437,-0.1480592236894761,0.9607116058478955,-0.3481392557022809,0.9199950999077711,-0.7242897158863544,0.8826292410979177,-1.084433773509404,0.8475615928970988,-1.4365746298519406,0.7971877642515378,-1.9687875150060021,0.7286937053792424,-2.7490996398559426,0.7173684904893013,-2.885154061624649
58.65009634152382,20.316927291123932,0.11026544229328686,0.34,0.9830985121204437,-0.1480592236894761,0.9607116058478955,-0.3481392557022809,0.9199950999077711,-0.7242897158863544,0.8826292410979177,-1.084433773509404,0.8475615928970988,-1.4365746298519406,0.7971877642515378,-1.9687875150060021,0.7286937053792424,-2.7490996398559426,0.7173684904893013,-2.885154061624649
58.85599147374182,20.316927291123932,0.10987970216298626,0.34,0.9830985121204437,-0.1480592236894761,0.9607116058478955,-0.3481392557022809,0.9199950999077711,-0.7242897158863544,0.8826292410979177,-1.084433773509404,0.8475615928970988,-1.4365746298519406,0.7971877642515378,-1.9687875150060021,0.7286937053792424,-2.7490996398559426,0.7173684904893013,-2.885154061624649
59.06260941475495,20.316927291123932,0.10949531146225333,0.34,0.9830985121204437,-0.1480592236894761,0.9607116058478955,-0.3481392557022809,0.9199950999077711,-0.7242897158863544,0.8826292410979177,-1.084433773509404,0.8475615928970988,-1.4365746298519406,0.7971877642515378,-1.9687875150060021,0.7286937053792424,-2.7490996398559426,0.7173684904893013,-2.885154061624649
59.26995270203241,20.316927291123932,0.10911226547039658,0.34,0.9830985121204437,-0.1480592236894761,0.9607116058478955,-0.3481392557022809,0.9199950999077711,-0.7242897158863544,0.8826292410979177,-1.084433773509404,0.8475615928970988,-1.4365746298519406,0.7971877642515378,-1.9687875150060021,0.7286937053792424,-2.7490996398559426,0.7173684904893013,-2.885154061624649
59.478023881951344,20.316927291123932,0.10873055948323881,0.34,0.9830985121204437,-0.1480592236894761,0.9607116058478955,-0.3481392557022809,0.9199950999077711,-0.7242897158863544,0.8826292410979177,-1.084433773509404,0.8475615928970988,-1.4365746298519406,0.7971877642515378,-1.9687875150060021,0.7286937053792424,-2.7490996398559426,0.7173684904893013,-2.885154061624649
59.68682550982815,20.316927291123932,0.1083501888130594,0.34,0.9830985121204437,-0.1480592236894761,0.9607116058478955,-0.3481392557022809,0.9199950999077711,-0.7242897158863544,0.8826292410979177,-1.084433773509404,0.8475615928970988,-1.4365746298519406,0.7971877642515378,-1.9687875150060021,0.7286937053792424,-2.7490996398559426,0.7173684904893013,-2.885154061624649
59.89636014994976,20.316927291123932,0.10797114878853675,0.34,0.9830985121204437,-0.1480592236894761,0.9607116058478955,-0.3481392557022809,0.9199950999077711,-0.7242897158863544,0.8826292410979177,-1.084433773509404,0.8475615928970988,-1.4365746298519406,0.7971877642515378,-1.9687875150060021,0.7286937053792424,-2.7490996398559426,0.7173684904893013,-2.885154061624649
60.10663037560529,20.316927291123932,0.10759343475469088,0.34,0.9830985121204437,-0.1480592236894761,0.9607116058478955,-0.3481392557022809,0.9199950999077711,-0.7242897158863544,0.8826292410979177,-1.084433773509404,0.8475615928970988,-1.4365746298519406,0.7971877642515378,-1.9687875150060021,0.7286937053792424,-2.7490996398559426,0.7173684904893013,-2.885154061624649
60.31763876911758,20.316927291123932,0.10721704207282616,0.34,0.9830985121204437,-0.1480592236894761,0.9607116058478955,-0.3481392557022809,0.9199950999077711,-0.7242897158863544,0.8826292410979177,-1.084433773509404,0.8475615928970988,-1.4365746298519406,0.7971877642515378,-1.9687875150060021,0.7286937053792424,-2.7490996398559426,0.7173684904893013,-2.885154061624649
60.529387921874765,20.316927291123932,0.10684196612047463,0.34,0.9830985121204437,-0.1480592236894761,0.9607116058478955,-0.3481392557022809,0.9199950999077711,-0.7242897158863544,0.8826292410979177,-1.084433773509404,0.8475615928970988,-1.4365746298519406,0.7971877642515378,-1.9687875150060021,0.7286937053792424,-2.7490996398559426,0.7173684904893013,-2.885154061624649
60.74188043436234,20.316927291123932,0.10646820229133888,0.34,0.9830985121204437,-0.1480592236894761,0.9607116058478955,-0.3481392557022809,0.9199950999077711,-0.7242897158863544,0.8826292410979177,-1.084433773509404,0.8475615928970988,-1.4365746298519406,0.7971877642515378,-1.9687875150060021,0.7286937053792424,-2.7490996398559426,0.7173684904893013,-2.885154061624649
60.95511891619496,20.316927291123932,0.10609574599523573,0.34,0.9830985121204437,-0.1480592236894761,0.9607116058478955,-0.3481392557022809,0.9199950999077711,-0.7242897158863544,0.8826292410979177,-1.084433773509404,0.8475615928970988,-1.4365746298519406,0.7971877642515378,-1.9687875150060021,0.7286937053792424,-2.7490996398559426,0.7173684904893013,-2.885154061624649
61.16910598614847,20.316927291123932,0.10572459265803977,0.34,0.9830985121204437,-0.1480592236894761,0.9607116058478955,-0.3481392557022809,0.9199950999077711,-0.7242897158863544,0.8826292410979177,-1.084433773509404,0.8475615928970988,-1.4365746298519406,0.7971877642515378,-1.9687875150060021,0.7286937053792424,-2.7490996398559426,0.7173684904893013,-2.885154061624649
61.38384427219218,20.316927291123932,0.10535473772162711,0.34,0.9830985121204437,-0.1480592236894761,0.9607116058478955,-0.3481392557022809,0.9199950999077711,-0.7242897158863544,0.8826292410979177,-1.084433773509404,0.8475615928970988,-1.4365746298519406,0.7971877642515378,-1.9687875150060021,0.7286937053792424,-2.7490996398559426,0.7173684904893013,-2.885154061624649
61.59933641152093,20.316927291123932,0.10498617664381966,0.34,0.9830985121204437,-0.1480592236894761,0.9607116058478955,-0.3481392557022809,0.9199950999077711,-0.7242897158863544,0.8826292410979177,-1.084433773509404,0.8475615928970988,-1.4365746298519406,0.7971877642515378,-1.9687875150060021,0.7286937053792424,-2.7490996398559426,0.7173684904893013,-2.885154061624649
61.81558505058773,20.316927291123932,0.10461890489832906,0.34,0.9830985121204437,-0.1480592236894761,0.9607116058478955,-0.3481392557022809,0.9199950999077711,-0.7242897158863544,0.8826292410979177,-1.084433773509404,0.8475615928970988,-1.4365746298519406,0.7971877642515378,-1.9687875150060021,0.7286937053792424,-2.7490996398559426,0.7173684904893013,-2.885154061624649
62.032592845136136,20.316927291123932,0.10425291797470113,0.34,0.9830985121204437,-0.1480592236894761,0.9607116058478955,-0.3481392557022809,0.9199950999077711,-0.7242897158863544,0.8826292410979177,-1.084433773509404,0.8475615928970988,-1.4365746298519406,0.7971877642515378,-1.9687875150060021,0.7286937053792424,-2.7490996398559426,0.7173684904893013,-2.885154061624649
62.250362460232786,20.316927291123932,0.10388821137826072,0.34,0.9830985121204437,-0.1480592236894761,0.9607116058478955,-0.3481392557022809,0.9199950999077711,-0.7242897158863544,0.8826292410979177,-1.084433773509404,0.8475615928970988,-1.4365746298519406,0.7971877642515378,-1.9687875150060021,0.7286937053792424,-2.7490996398559426,0.7173684904893013,-2.885154061624649
62.46889657030029,20.316927291123932,0.10352478063005623,0.34,0.9830985121204437,-0.1480592236894761,0.9607116058478955,-0.3481392557022809,0.9199950999077711,-0.7242897158863544,0.8826292410979177,-1.084433773509404,0.8475615928970988,-1.4365746298519406,0.7971877642515378,-1.9687875150060021,0.7286937053792424,-2.7490996398559426,0.7173684904893013,-2.885154061624649
62.68819785915001,20.316927291123932,0.10316262126680471,0.34,0.9830985121204437,-0.1480592236894761,0.9607116058478955,-0.3481392557022809,0.9199950999077711,-0.7242897158863544,0.8826292410979177,-1.084433773509404,0.8475615928970988,-1.4365746298519406,0.7971877642515378,-1.9687875150060021,0.7286937053792424,-2.7490996398559426,0.7173684904893013,-2.885154061624649
62.90826902001492,20.316927291123932,0.10280172884083714,0.34,0.9830985121204437,-0.1480592236894761,0.9607116058478955,-0.3481392557022809,0.9199950999077711,-0.7242897158863544,0.8826292410979177,-1.084433773509404,0.8475615928970988,-1.4365746298519406,0.7971877642515378,-1.9687875150060021,0.7286937053792424,-2.7490996398559426,0.7173684904893013,-2.885154061624649
63.12911275558286,20.316927291123932,0.10244209892004366,0.34,0.9830985121204437,-0.1480592236894761,0.9607116058478955,-0.3481392557022809,0.9199950999077711,-0.7242897158863544,0.8826292410979177,-1.084433773509404,0.8475615928970988,-1.4365746298519406,0.7971877642515378,-1.9687875150060021,0.7286937053792424,-2.7490996398559426,0.7173684904893013,-2.885154061624649
63.350731778029605,20.316927291123932,0.10208372708781921,0.34,0.9830985121204437,-0.1480592236894761,0.9607116058478955,-0.3481392557022809,0.9199950999077711,-0.7242897158863544,0.8826292410979177,-1.084433773509404,0.8475615928970988,-1.4365746298519406,0.7971877642515378,-1.9687875150060021,0.7286937053792424,-2.7490996398559426,0.7173684904893013,-2.885154061624649
63.57312880905221,20.316927291123932,0.10172660894300925,0.34,0.9830985121204437,-0.1480592236894761,0.9607116058478955,-0.3481392557022809,0.9199950999077711,-0.7242897158863544,0.8826292410979177,-1.084433773509404,0.8475615928970988,-1.4365746298519406,0.7971877642515378,-1.9687875150060021,0.7286937053792424,-2.7490996398559426,0.7173684904893013,-2.885154061624649
63.796306579902456,20.316927291123932,0.10137074009985575,0.34,0.9830985121204437,-0.1480592236894761,0.9607116058478955,-0.3481392557022809,0.9199950999077711,-0.7242897158863544,0.8826292410979177,-1.084433773509404,0.8475615928970988,-1.4365746298519406,0.7971877642515378,-1.9687875150060021,0.7286937053792424,-2.7490996398559426,0.7173684904893013,-2.885154061624649
64.0202678314203,20.316927291123932,0.10101611618794343,0.34,0.9830985121204437,-0.1480592236894761,0.9607116058478955,-0.3481392557022809,0.9199950999077711,-0.7242897158863544,0.8826292410979177,-1.084433773509404,0.8475615928970988,-1.4365746298519406,0.7971877642515378,-1.9687875150060021,0.7286937053792424,-2.7490996398559426,0.7173684904893013,-2.885154061624649
64.24501531406764,20.316927291123932,0.10066273285214584,0.34,0.9830985121204437,-0.1480592236894761,0.9607116058478955,-0.3481392557022809,0.9199950999077711,-0.7242897158863544,0.8826292410979177,-1.084433773509404,0.8475615928970988,-1.4365746298519406,0.7971877642515378,-1.9687875150060021,0.7286937053792424,-2.7490996398559426,0.7173684904893013,-2.885154061624649
64.47055178796214,20.316927291123932,0.100310585752572,0.34,0.9830985121204437,-0.1480592236894761,0.9607116058478955,-0.3481392557022809,0.9199950999077711,-0.7242897158863544,0.8826292410979177,-1.084433773509404,0.8475615928970988,-1.4365746298519406,0.7971877642515378,-1.9687875150060021,0.7286937053792424,-2.7490996398559426,0.7173684904893013,-2.885154061624649
64.69688002291083,20.316927291123932,0.09995967056451331,0.34,0.9830985121204437,-0.1480592236894761,0.9607116058478955,-0.3481392557022809,0.9199950999077711,-0.7242897158863544,0.8826292410979177,-1.084433773509404,0.8475615928970988,-1.4365746298519406,0.7971877642515378,-1.9687875150060021,0.7286937053792424,-2.7490996398559426,0.7173684904893013,-2.885154061624649
64.92400279844463,20.316927291123932,0.09960998297838992,0.34,0.9830985121204437,-0.1480592236894761,0.9607116058478955,-0.3481392557022809,0.9199950999077711,-0.7242897158863544,0.8826292410979177,-1.084433773509404,0.8475615928970988,-1.4365746298519406,0.7971877642515378,-1.9687875150060021,0.7286937053792424,-2.7490996398559426,0.7173684904893013,-2.885154061624649
65.15192290385191,20.316927291123932,0.09926151869969847,0.34,0.9830985121204437,-0.1480592236894761,0.9607116058478955,-0.3481392557022809,0.9199950999077711,-0.7242897158863544,0.8826292410979177,-1.084433773509404,0.8475615928970988,-1.4365746298519406,0.7971877642515378,-1.9687875150060021,0.7286937053792424,-2.7490996398559426,0.7173684904893013,-2.885154061624649
65.3806431382132,20.316927291123932,0.09891427344895874,0.34,0.9830985121204437,-0.1480592236894761,0.9607116058478955,-0.3481392557022809,0.9199950999077711,-0.7242897158863544,0.8826292410979177,-1.084433773509404,0.8475615928970988,-1.4365746298519406,0.7971877642515378,-1.9687875150060021,0.7286937053792424,-2.7490996398559426,0.7173684904893013,-2.885154061624649
65.61016631043537,20.316927291123932,0.09856824296166146,0.34,0.9830985121204437,-0.1480592236894761,0.9607116058478955,-0.3481392557022809,0.9199950999077711,-0.7242897158863544,0.8826292410979177,-1.084433773509404,0.8475615928970988,-1.4365746298519406,0.7971877642515378,-1.9687875150060021,0.7286937053792424,-2.7490996398559426,0.7173684904893013,-2.885154061624649
65.84049523928606,20.316927291123932,0.0982234229882159,0.34,0.9830985121204437,-0.1480592236894761,0.9607116058478955,-0.3481392557022809,0.9199950999077711,-0.7242897158863544,0.8826292410979177,-1.084433773509404,0.8475615928970988,-1.4365746298519406,0.7971877642515378,-1.9687875150060021,0.7286937053792424,-2.7490996398559426,0.7173684904893013,-2.885154061624649
66.07163275342845,20.316927291123932,0.09787980929389753,0.34,0.9830985121204437,-0.1480592236894761,0.9607116058478955,-0.3481392557022809,0.9199950999077711,-0.7242897158863544,0.8826292410979177,-1.084433773509404,0.8475615928970988,-1.4365746298519406,0.7971877642515378,-1.9687875150060021,0.7286937053792424,-2.7490996398559426,0.7173684904893013,-2.885154061624649
66.30358169145597,20.316927291123932,0.09753739765879603,0.34,0.9830985121204437,-0.1480592236894761,0.9607116058478955,-0.3481392557022809,0.9199950999077711,-0.7242897158863544,0.8826292410979177,-1.084433773509404,0.8475615928970988,-1.4365746298519406,0.7971877642515378,-1.9687875150060021,0.7286937053792424,-2.7490996398559426,0.7173684904893013,-2.885154061624649
66.53634490192702,20.316927291123932,0.09719618387776378,0.34,0.9830985121204437,-0.1480592236894761,0.9607116058478955,-0.3481392557022809,0.9199950999077711,-0.7242897158863544,0.8826292410979177,-1.084433773509404,0.8475615928970988,-1.4365746298519406,0.7971877642515378,-1.9687875150060021,0.7286937053792424,-2.7490996398559426,0.7173684904893013,-2.885154061624649
66.76992524340015,20.316927291123932,0.09685616376036373,0.34,0.9830985121204437,-0.1480592236894761,0.9607116058478955,-0.3481392557022809,0.9199950999077711,-0.7242897158863544,0.8826292410979177,-1.084433773509404,0.8475615928970988,-1.4365746298519406,0.7971877642515378,-1.9687875150060021,0.7286937053792424,-2.7490996398559426,0.7173684904893013,-2.885154061624649
67.00432558446906,20.316927291123932,0.09651733313081827,0.34,0.9830985121204437,-0.1480592236894761,0.9607116058478955,-0.3481392557022809,0.9199950999077711,-0.7242897158863544,0.8826292410979177,-1.084433773509404,0.8475615928970988,-1.4365746298519406,0.7971877642515378,-1.9687875150060021,0.7286937053792424,-2.7490996398559426,0.7173684904893013,-2.885154061624649
67.23954880379775,20.316927291123932,0.09617968782795792,0.34,0.9830985121204437,-0.1480592236894761,0.9607116058478955,-0.3481392557022809,0.9199950999077711,-0.7242897158863544,0.8826292410979177,-1.084433773509404,0.8475615928970988,-1.4365746298519406,0.7971877642515378,-1.9687875150060021,0.7286937053792424,-2.7490996398559426,0.7173684904893013,-2.885154061624649
67.47559779015613,20.316927291123932,0.09584322370517001,0.34,0.9830985121204437,-0.1480592236894761,0.9607116058478955,-0.3481392557022809,0.9199950999077711,-0.7242897158863544,0.8826292410979177,-1.084433773509404,0.8475615928970988,-1.4365746298519406,0.7971877642515378,-1.9687875150060021,0.7286937053792424,-2.7490996398559426,0.7173684904893013,-2.885154061624649
67.71247544245517,20.316927291123932,0.0955079366303481,0.34,0.9830985121204437,-0.1480592236894761,0.9607116058478955,-0.3481392557022809,0.9199950999077711,-0.7242897158863544,0.8826292410979177,-1.084433773509404,0.8475615928970988,-1.4365746298519406,0.7971877642515378,-1.9687875150060021,0.7286937053792424,-2.7490996398559426,0.7173684904893013,-2.885154061624649
67.95018466978277,20.316927291123932,0.09517382248584086,0.34,0.9830985121204437,-0.1480592236894761,0.9607116058478955,-0.3481392557022809,0.9199950999077711,-0.7242897158863544,0.8826292410979177,-1.084433773509404,0.8475615928970988,-1.4365746298519406,0.7971877642515378,-1.9687875150060021,0.7286937053792424,-2.7490996398559426,0.7173684904893013,-2.885154061624649
68.18872839143935,20.316927291123932,0.09484087716840175,0.34,0.9830985121204437,-0.1480592236894761,0.9607116058478955,-0.3481392557022809,0.9199950999077711,-0.7242897158863544,0.8826292410979177,-1.084433773509404,0.8475615928970988,-1.4365746298519406,0.7971877642515378,-1.9687875150060021,0.7286937053792424,-2.7490996398559426,0.7173684904893013,-2.885154061624649
68.4281095369737,20.316927291123932,0.0945090965891387,0.34,0.9830985121204437,-0.1480592236894761,0.9607116058478955,-0.3481392557022809,0.9199950999077711,-0.7242897158863544,0.8826292410979177,-1.084433773509404,0.8475615928970988,-1.4365746298519406,0.7971877642515378,-1.9687875150060021,0.7286937053792424,-2.7490996398559426,0.7173684904893013,-2.885154061624649
68.668331046219,20.316927291123932,0.09417847667346356,0.34,0.9830985121204437,-0.1480592236894761,0.9607116058478955,-0.3481392557022809,0.9199950999077711,-0.7242897158863544,0.8826292410979177,-1.084433773509404,0.8475615928970988,-1.4365746298519406,0.7971877642515378,-1.9687875150060021,0.7286937053792424,-2.7490996398559426,0.7173684904893013,-2.885154061624649
68.90939586932897,20.316927291123932,0.09384901336104232,0.34,0.9830985121204437,-0.1480592236894761,0.9607116058478955,-0.3481392557022809,0.9199950999077711,-0.7242897158863544,0.8826292410979177,-1.084433773509404,0.8475615928970988,-1.4365746298519406,0.7971877642515378,-1.9687875150060021,0.7286937053792424,-2.7490996398559426,0.7173684904893013,-2.885154061624649
69.15130696681392,20.316927291123932,0.09352070260574534,0.34,0.9830985121204437,-0.1480592236894761,0.9607116058478955,-0.3481392557022809,0.9199950999077711,-0.7242897158863544,0.8826292410979177,-1.084433773509404,0.8475615928970988,-1.4365746298519406,0.7971877642515378,-1.9687875150060021,0.7286937053792424,-2.7490996398559426,0.7173684904893013,-2.885154061624649
69.39406730957745,20.316927291123932,0.09319354037559711,0.34,0.9830985121204437,-0.1480592236894761,0.9607116058478955,-0.3481392557022809,0.9199950999077711,-0.7242897158863544,0.8826292410979177,-1.084433773509404,0.8475615928970988,-1.4365746298519406,0.7971877642515378,-1.9687875150060021,0.7286937053792424,-2.7490996398559426,0.7173684904893013,-2.885154061624649
69.63767987895245,20.316927291123932,0.09286752265272759,0.34,0.9830985121204437,-0.1480592236894761,0.9607116058478955,-0.3481392557022809,0.9199950999077711,-0.7242897158863544,0.8826292410979177,-1.084433773509404,0.8475615928970988,-1.4365746298519406,0.7971877642515378,-1.9687875150060021,0.7286937053792424,-2.7490996398559426,0.7173684904893013,-2.885154061624649
69.88214766673818,20.316927291123932,0.09254264543332211,0.34,0.9830985121204437,-0.1480592236894761,0.9607116058478955,-0.3481392557022809,0.9199950999077711,-0.7242897158863544,0.8826292410979177,-1.084433773509404,0.8475615928970988,-1.4365746298519406,0.7971877642515378,-1.9687875150060021,0.7286937053792424,-2.7490996398559426,0.7173684904893013,-2.885154061624649
70.12747367523676,20.316927291123932,0.09221890472757253,0.34,0.9830985121204437,-0.1480592236894761,0.9607116058478955,-0.3481392557022809,0.9199950999077711,-0.7242897158863544,0.8826292410979177,-1.084433773509404,0.8475615928970988,-1.4365746298519406,0.7971877642515378,-1.9687875150060021,0.7286937053792424,-2.7490996398559426,0.7173684904893013,-2.885154061624649
70.37366091729001,20.316927291123932,0.09189629655962835,0.34,0.9830985121204437,-0.1480592236894761,0.9607116058478955,-0.3481392557022809,0.9199950999077711,-0.7242897158863544,0.8826292410979177,-1.084433773509404,0.8475615928970988,-1.4365746298519406,0.7971877642515378,-1.9687875150060021,0.7286937053792424,-2.7490996398559426,0.7173684904893013,-2.885154061624649
70.62071241631665,20.316927291123932,0.09157481696754755,0.34,0.9830985121204437,-0.1480592236894761,0.9607116058478955,-0.3481392557022809,0.9199950999077711,-0.7242897158863544,0.8826292410979177,-1.084433773509404,0.8475615928970988,-1.4365746298519406,0.7971877642515378,-1.9687875150060021,0.7286937053792424,-2.7490996398559426,0.7173684904893013,-2.885154061624649
70.8686312063493,20.316927291123932,0.09125446200324816,0.34,0.9830985121204437,-0.1480592236894761,0.9607116058478955,-0.3481392557022809,0.9199950999077711,-0.7242897158863544,0.8826292410979177,-1.084433773509404,0.8475615928970988,-1.4365746298519406,0.7971877642515378,-1.9687875150060021,0.7286937053792424,-2.7490996398559426,0.7173684904893013,-2.885154061624649
71.11742033207163,20.316927291123932,0.09093522773245993,0.34,0.9830985121204437,-0.1480592236894761,0.9607116058478955,-0.3481392557022809,0.9199950999077711,-0.7242897158863544,0.8826292410979177,-1.084433773509404,0.8475615928970988,-1.4365746298519406,0.7971877642515378,-1.9687875150060021,0.7286937053792424,-2.7490996398559426,0.7173684904893013,-2.885154061624649
71.36708284885611,20.316927291123932,0.09061711023467545,0.34,0.9830985121204437,-0.1480592236894761,0.9607116058478955,-0.3481392557022809,0.9199950999077711,-0.7242897158863544,0.8826292410979177,-1.084433773509404,0.8475615928970988,-1.4365746298519406,0.7971877642515378,-1.9687875150060021,0.7286937053792424,-2.7490996398559426,0.7173684904893013,-2.885154061624649
71.61762182280107,20.316927291123932,0.0903001056031027,0.34,0.9830985121204437,-0.1480592236894761,0.9607116058478955,-0.3481392557022809,0.9199950999077711,-0.7242897158863544,0.8826292410979177,-1.084433773509404,0.8475615928970988,-1.4365746298519406,0.7971877642515378,-1.9687875150060021,0.7286937053792424,-2.7490996398559426,0.7173684904893013,-2.885154061624649
71.86904033076871,20.316927291123932,0.0899842099446166,0.34,0.9830985121204437,-0.1480592236894761,0.9607116058478955,-0.3481392557022809,0.9199950999077711,-0.7242897158863544,0.8826292410979177,-1.084433773509404,0.8475615928970988,-1.4365746298519406,0.7971877642515378,-1.9687875150060021,0.7286937053792424,-2.7490996398559426,0.7173684904893013,-2.885154061624649
72.12134146042278,20.316927291123932,0.08966941937971128,0.34,0.9830985121204437,-0.1480592236894761,0.9607116058478955,-0.3481392557022809,0.9199950999077711,-0.7242897158863544,0.8826292410979177,-1.084433773509404,0.8475615928970988,-1.4365746298519406,0.7971877642515378,-1.9687875150060021,0.7286937053792424,-2.7490996398559426,0.7173684904893013,-2.885154061624649
72.37452831026638,20.316927291123932,0.08935573004245265,0.34,0.9830985121204437,-0.1480592236894761,0.9607116058478955,-0.3481392557022809,0.9199950999077711,-0.7242897158863544,0.8826292410979177,-1.084433773509404,0.8475615928970988,-1.4365746298519406,0.7971877642515378,-1.9687875150060021,0.7286937053792424,-2.7490996398559426,0.7173684904893013,-2.885154061624649
72.62860398968019,20.316927291123932,0.08904313808043066,0.34,0.9830985121204437,-0.1480592236894761,0.9607116058478955,-0.3481392557022809,0.9199950999077711,-0.7242897158863544,0.8826292410979177,-1.084433773509404,0.8475615928970988,-1.4365746298519406,0.7971877642515378,-1.9687875150060021,0.7286937053792424,-2.7490996398559426,0.7173684904893013,-2.885154061624649
72.8835716189606,20.316927291123932,0.08873163965471204,0.34,0.9830985121204437,-0.1480592236894761,0.9607116058478955,-0.3481392557022809,0.9199950999077711,-0.7242897158863544,0.8826292410979177,-1.084433773509404,0.8475615928970988,-1.4365746298519406,0.7971877642515378,-1.9687875150060021,0.7286937053792424,-2.7490996398559426,0.7173684904893013,-2.885154061624649
73.13943432935788,20.316927291123932,0.08842123093979344,0.34,0.9830985121204437,-0.1480592236894761,0.9607116058478955,-0.3481392557022809,0.9199950999077711,-0.7242897158863544,0.8826292410979177,-1.084433773509404,0.8475615928970988,-1.4365746298519406,0.7971877642515378,-1.9687875150060021,0.7286937053792424,-2.7490996398559426,0.7173684904893013,-2.885154061624649
73.396195263115,20.316927291123932,0.08811190812355388,0.34,0.9830985121204437,-0.1480592236894761,0.9607116058478955,-0.3481392557022809,0.9199950999077711,-0.7242897158863544,0.8826292410979177,-1.084433773509404,0.8475615928970988,-1.4365746298519406,0.7971877642515378,-1.9687875150060021,0.7286937053792424,-2.7490996398559426,0.7173684904893013,-2.885154061624649
73.65385757350576,20.316927291123932,0.08780366740720856,0.34,0.9830985121204437,-0.1480592236894761,0.9607116058478955,-0.3481392557022809,0.9199950999077711,-0.7242897158863544,0.8826292410979177,-1.084433773509404,0.8475615928970988,-1.4365746298519406,0.7971877642515378,-1.9687875150060021,0.7286937053792424,-2.7490996398559426,0.7173684904893013,-2.885154061624649
73.91242442487385,20.316927291123932,0.08749650500526181,0.34,0.9830985121204437,-0.1480592236894761,0.9607116058478955,-0.3481392557022809,0.9199950999077711,-0.7242897158863544,0.8826292410979177,-1.084433773509404,0.8475615928970988,-1.4365746298519406,0.7971877642515378,-1.9687875150060021,0.7286937053792424,-2.7490996398559426,0.7173684904893013,-2.885154061624649
74.17189899267163,20.316927291123932,0.08719041714546061,0.34,0.9830985121204437,-0.1480592236894761,0.9607116058478955,-0.3481392557022809,0.9199950999077711,-0.7242897158863544,0.8826292410979177,-1.084433773509404,0.8475615928970988,-1.4365746298519406,0.7971877642515378,-1.9687875150060021,0.7286937053792424,-2.7490996398559426,0.7173684904893013,-2.885154061624649
74.43228446349897,20.316927291123932,0.0868854000687486,0.34,0.9830985121204437,-0.1480592236894761,0.9607116058478955,-0.3481392557022809,0.9199950999077711,-0.7242897158863544,0.8826292410979177,-1.084433773509404,0.8475615928970988,-1.4365746298519406,0.7971877642515378,-1.9687875150060021,0.7286937053792424,-2.7490996398559426,0.7173684904893013,-2.885154061624649
74.69358403514264,20.316927291123932,0.0865814500292195,0.34,0.9830985121204437,-0.1480592236894761,0.9607116058478955,-0.3481392557022809,0.9199950999077711,-0.7242897158863544,0.8826292410979177,-1.084433773509404,0.8475615928970988,-1.4365746298519406,0.7971877642515378,-1.9687875150060021,0.7286937053792424,-2.7490996398559426,0.7173684904893013,-2.885154061624649
74.95580091661544,20.316927291123932,0.08627856329407126,0.34,0.9830985121204437,-0.1480592236894761,0.9607116058478955,-0.3481392557022809,0.9199950999077711,-0.7242897158863544,0.8826292410979177,-1.084433773509404,0.8475615928970988,-1.4365746298519406,0.7971877642515378,-1.9687875150060021,0.7286937053792424,-2.7490996398559426,0.7173684904893013,-2.885154061624649
75.21893832819552,20.316927291123932,0.08597673614356043,0.34,0.9830985121204437,-0.1480592236894761,0.9607116058478955,-0.3481392557022809,0.9199950999077711,-0.7242897158863544,0.8826292410979177,-1.084433773509404,0.8475615928970988,-1.4365746298519406,0.7971877642515378,-1.9687875150060021,0.7286937053792424,-2.7490996398559426,0.7173684904893013,-2.885154061624649
75.48299950146625,20.316927291123932,0.08567596487095597,0.34,0.9830985121204437,-0.1480592236894761,0.9607116058478955,-0.3481392557022809,0.9199950999077711,-0.7242897158863544,0.8826292410979177,-1.084433773509404,0.8475615928970988,-1.4365746298519406,0.7971877642515378,-1.9687875150060021,0.7286937053792424,-2.7490996398559426,0.7173684904893013,-2.885154061624649
75.74798767935543,20.316927291123932,0.08537624578249443,0.34,0.9830985121204437,-0.1480592236894761,0.9607116058478955,-0.3481392557022809,0.9199950999077711,-0.7242897158863544,0.8826292410979177,-1.084433773509404,0.8475615928970988,-1.4365746298519406,0.7971877642515378,-1.9687875150060021,0.7286937053792424,-2.7490996398559426,0.7173684904893013,-2.885154061624649
76.01390611617558,20.316927291123932,0.08507757519733393,0.34,0.9830985121204437,-0.1480592236894761,0.9607116058478955,-0.3481392557022809,0.9199950999077711,-0.7242897158863544,0.8826292410979177,-1.084433773509404,0.8475615928970988,-1.4365746298519406,0.7971877642515378,-1.9687875150060021,0.7286937053792424,-2.7490996398559426,0.7173684904893013,-2.885154061624649
76.28075807766363,20.316927291123932,0.0847799494475093,0.34,0.9830985121204437,-0.1480592236894761,0.9607116058478955,-0.3481392557022809,0.9199950999077711,-0.7242897158863544,0.8826292410979177,-1.084433773509404,0.8475615928970988,-1.4365746298519406,0.7971877642515378,-1.9687875150060021,0.7286937053792424,-2.7490996398559426,0.7173684904893013,-2.885154061624649
76.54854684102105,20.316927291123932,0.08448336487788705,0.34,0.9830985121204437,-0.1480592236894761,0.9607116058478955,-0.3481392557022809,0.9199950999077711,-0.7242897158863544,0.8826292410979177,-1.084433773509404,0.8475615928970988,-1.4365746298519406,0.7971877642515378,-1.9687875150060021,0.7286937053792424,-2.7490996398559426,0.7173684904893013,-2.885154061624649
76.81727569495422,20.316927291123932,0.0841878178461203,0.34,0.9830985121204437,-0.1480592236894761,0.9607116058478955,-0.3481392557022809,0.9199950999077711,-0.7242897158863544,0.8826292410979177,-1.084433773509404,0.8475615928970988,-1.4365746298519406,0.7971877642515378,-1.9687875150060021,0.7286937053792424,-2.7490996398559426,0.7173684904893013,-2.885154061624649
77.08694793971478,20.316927291123932,0.08389330472260409,0.34,0.9830985121204437,-0.1480592236894761,0.9607116058478955,-0.3481392557022809,0.9199950999077711,-0.7242897158863544,0.8826292410979177,-1.084433773509404,0.8475615928970988,-1.4365746298519406,0.7971877642515378,-1.9687875150060021,0.7286937053792424,-2.7490996398559426,0.7173684904893013,-2.885154061624649
77.35756688713998,20.316927291123932,0.08359982189043105,0.34,0.9830985121204437,-0.1480592236894761,0.9607116058478955,-0.3481392557022809,0.9199950999077711,-0.7242897158863544,0.8826292410979177,-1.084433773509404,0.8475615928970988,-1.4365746298519406,0.7971877642515378,-1.9687875150060021,0.7286937053792424,-2.7490996398559426,0.7173684904893013,-2.885154061624649
77.62913586069364,20.316927291123932,0.08330736574534664,0.34,0.9830985121204437,-0.1480592236894761,0.9607116058478955,-0.3481392557022809,0.9199950999077711,-0.7242897158863544,0.8826292410979177,-1.084433773509404,0.8475615928970988,-1.4365746298519406,0.7971877642515378,-1.9687875150060021,0.7286937053792424,-2.7490996398559426,0.7173684904893013,-2.885154061624649
77.9016581955068,20.316927291123932,0.08301593269570502,0.34,0.9830985121204437,-0.1480592236894761,0.9607116058478955,-0.3481392557022809,0.9199950999077711,-0.7242897158863544,0.8826292410979177,-1.084433773509404,0.8475615928970988,-1.4365746298519406,0.7971877642515378,-1.9687875150060021,0.7286937053792424,-2.7490996398559426,0.7173684904893013,-2.885154061624649
78.17513723841857,20.316927291123932,0.08272551916242513,0.34,0.9830985121204437,-0.1480592236894761,0.9607116058478955,-0.3481392557022809,0.9199950999077711,-0.7242897158863544,0.8826292410979177,-1.084433773509404,0.8475615928970988,-1.4365746298519406,0.7971877642515378,-1.9687875150060021,0.7286937053792424,-2.7490996398559426,0.7173684904893013,-2.885154061624649
78.44957634801763,20.316927291123932,0.08243612157894628,0.34,0.9830985121204437,-0.1480592236894761,0.9607116058478955,-0.3481392557022809,0.9199950999077711,-0.7242897158863544,0.8826292410979177,-1.084433773509404,0.8475615928970988,-1.4365746298519406,0.7971877642515378,-1.9687875150060021,0.7286937053792424,-2.7490996398559426,0.7173684904893013,-2.885154061624649
78.72497889468295,20.316927291123932,0.0821477363911849,0.34,0.9830985121204437,-0.1480592236894761,0.9607116058478955,-0.3481392557022809,0.9199950999077711,-0.7242897158863544,0.8826292410979177,-1.084433773509404,0.8475615928970988,-1.4365746298519406,0.7971877642515378,-1.9687875150060021,0.7286937053792424,-2.7490996398559426,0.7173684904893013,-2.885154061624649
79.00134826062556,20.316927291123932,0.0818603600574905,0.34,0.9830985121204437,-0.1480592236894761,0.9607116058478955,-0.3481392557022809,0.9199950999077711,-0.7242897158863544,0.8826292410979177,-1.084433773509404,0.8475615928970988,-1.4365746298519406,0.7971877642515378,-1.9687875150060021,0.7286937053792424,-2.7490996398559426,0.7173684904893013,-2.885154061624649
79.27868783993002,20.316927291123932,0.08157398904860227,0.34,0.9830985121204437,-0.1480592236894761,0.9607116058478955,-0.3481392557022809,0.9199950999077711,-0.7242897158863544,0.8826292410979177,-1.084433773509404,0.8475615928970988,-1.4365746298519406,0.7971877642515378,-1.9687875150060021,0.7286937053792424,-2.7490996398559426,0.7173684904893013,-2.885154061624649
79.55700103859591,20.316927291123932,0.08128861984760588,0.34,0.9830985121204437,-0.1480592236894761,0.9607116058478955,-0.3481392557022809,0.9199950999077711,-0.7242897158863544,0.8826292410979177,-1.084433773509404,0.8475615928970988,-1.4365746298519406,0.7971877642515378,-1.9687875150060021,0.7286937053792424,-2.7490996398559426,0.7173684904893013,-2.885154061624649
79.83629127457992,20.316927291123932,0.08100424894989008,0.34,0.9830985121204437,-0.1480592236894761,0.9607116058478955,-0.3481392557022809,0.9199950999077711,-0.7242897158863544,0.8826292410979177,-1.084433773509404,0.8475615928970988,-1.4365746298519406,0.7971877642515378,-1.9687875150060021,0.7286937053792424,-2.7490996398559426,0.7173684904893013,-2.885154061624649
80.11656197783773,20.316927291123932,0.08072087286310373,0.34,0.9830985121204437,-0.1480592236894761,0.9607116058478955,-0.3481392557022809,0.9199950999077711,-0.7242897158863544,0.8826292410979177,-1.084433773509404,0.8475615928970988,-1.4365746298519406,0.7971877642515378,-1.9687875150060021,0.7286937053792424,-2.7490996398559426,0.7173684904893013,-2.885154061624649
80.39781659036592,20.316927291123932,0.0804384881071131,0.34,0.9830985121204437,-0.1480592236894761,0.9607116058478955,-0.3481392557022809,0.9199950999077711,-0.7242897158863544,0.8826292410979177,-1.084433773509404,0.8475615928970988,-1.4365746298519406,0.7971877642515378,-1.9687875150060021,0.7286937053792424,-2.7490996398559426,0.7173684904893013,-2.885154061624649
80.68005856624474,20.316927291123932,0.0801570912139587,0.34,0.9830985121204437,-0.1480592236894761,0.9607116058478955,-0.3481392557022809,0.9199950999077711,-0.7242897158863544,0.8826292410979177,-1.084433773509404,0.8475615928970988,-1.4365746298519406,0.7971877642515378,-1.9687875150060021,0.7286937053792424,-2.7490996398559426,0.7173684904893013,-2.885154061624649
80.9632913716799,20.316927291123932,0.07987667872781325,0.34,0.9830985121204437,-0.1480592236894761,0.9607116058478955,-0.3481392557022809,0.9199950999077711,-0.7242897158863544,0.8826292410979177,-1.084433773509404,0.8475615928970988,-1.4365746298519406,0.7971877642515378,-1.9687875150060021,0.7286937053792424,-2.7490996398559426,0.7173684904893013,-2.885154061624649
81.2475184850457,20.316927291123932,0.0795972472049387,0.34,0.9830985121204437,-0.1480592236894761,0.9607116058478955,-0.3481392557022809,0.9199950999077711,-0.7242897158863544,0.8826292410979177,-1.084433773509404,0.8475615928970988,-1.4365746298519406,0.7971877642515378,-1.9687875150060021,0.7286937053792424,-2.7490996398559426,0.7173684904893013,-2.885154061624649
81.53274339692742,20.316927291123932,0.07931879321364431,0.34,0.9830985121204437,-0.1480592236894761,0.9607116058478955,-0.3481392557022809,0.9199950999077711,-0.7242897158863544,0.8826292410979177,-1.084433773509404,0.8475615928970988,-1.4365746298519406,0.7971877642515378,-1.9687875150060021,0.7286937053792424,-2.7490996398559426,0.7173684904893013,-2.885154061624649
81.8189696101642,20.316927291123932,0.07904131333424441,0.34,0.9830985121204437,-0.1480592236894761,0.9607116058478955,-0.3481392557022809,0.9199950999077711,-0.7242897158863544,0.8826292410979177,-1.084433773509404,0.8475615928970988,-1.4365746298519406,0.7971877642515378,-1.9687875150060021,0.7286937053792424,-2.7490996398559426,0.7173684904893013,-2.885154061624649
82.10620063989225,20.316927291123932,0.07876480415901628,0.34,0.9830985121204437,-0.1480592236894761,0.9607116058478955,-0.3481392557022809,0.9199950999077711,-0.7242897158863544,0.8826292410979177,-1.084433773509404,0.8475615928970988,-1.4365746298519406,0.7971877642515378,-1.9687875150060021,0.7286937053792424,-2.7490996398559426,0.7173684904893013,-2.885154061624649
82.39444001358791,20.316927291123932,0.07848926229215836,0.34,0.9830985121204437,-0.1480592236894761,0.9607116058478955,-0.3481392557022809,0.9199950999077711,-0.7242897158863544,0.8826292410979177,-1.084433773509404,0.8475615928970988,-1.4365746298519406,0.7971877642515378,-1.9687875150060021,0.7286937053792424,-2.7490996398559426,0.7173684904893013,-2.885154061624649
82.68369127111079,20.316927291123932,0.07821468434974879,0.34,0.9830985121204437,-0.1480592236894761,0.9607116058478955,-0.3481392557022809,0.9199950999077711,-0.7242897158863544,0.8826292410979177,-1.084433773509404,0.8475615928970988,-1.4365746298519406,0.7971877642515378,-1.9687875150060021,0.7286937053792424,-2.7490996398559426,0.7173684904893013,-2.885154061624649
82.9739579647477,20.316927291123932,0.07794106695970333,0.34,0.9830985121204437,-0.1480592236894761,0.9607116058478955,-0.3481392557022809,0.9199950999077711,-0.7242897158863544,0.8826292410979177,-1.084433773509404,0.8475615928970988,-1.4365746298519406,0.7971877642515378,-1.9687875150060021,0.7286937053792424,-2.7490996398559426,0.7173684904893013,-2.885154061624649
83.2652436592557,20.316927291123932,0.07766840676173455,0.34,0.9830985121204437,-0.1480592236894761,0.9607116058478955,-0.3481392557022809,0.9199950999077711,-0.7242897158863544,0.8826292410979177,-1.084433773509404,0.8475615928970988,-1.4365746298519406,0.7971877642515378,-1.9687875150060021,0.7286937053792424,-2.7490996398559426,0.7173684904893013,-2.885154061624649
83.55755193190639,20.316927291123932,0.07739670040731005,0.34,0.9830985121204437,-0.1480592236894761,0.9607116058478955,-0.3481392557022809,0.9199950999077711,-0.7242897158863544,0.8826292410979177,-1.084433773509404,0.8475615928970988,-1.4365746298519406,0.7971877642515378,-1.9687875150060021,0.7286937053792424,-2.7490996398559426,0.7173684904893013,-2.885154061624649
83.85088637252954,20.316927291123932,0.07712594455961165,0.34,0.9830985121204437,-0.1480592236894761,0.9607116058478955,-0.3481392557022809,0.9199950999077711,-0.7242897158863544,0.8826292410979177,-1.084433773509404,0.8475615928970988,-1.4365746298519406,0.7971877642515378,-1.9687875150060021,0.7286937053792424,-2.7490996398559426,0.7173684904893013,-2.885154061624649
84.1452505835572,20.316927291123932,0.07685613589349438,0.34,0.9830985121204437,-0.1480592236894761,0.9607116058478955,-0.3481392557022809,0.9199950999077711,-0.7242897158863544,0.8826292410979177,-1.084433773509404,0.8475615928970988,-1.4365746298519406,0.7971877642515378,-1.9687875150060021,0.7286937053792424,-2.7490996398559426,0.7173684904893013,-2.885154061624649
84.44064818006808,20.316927291123932,0.07658727109544548,0.34,0.9830985121204437,-0.1480592236894761,0.9607116058478955,-0.3481392557022809,0.9199950999077711,-0.7242897158863544,0.8826292410979177,-1.084433773509404,0.8475615928970988,-1.4365746298519406,0.7971877642515378,-1.9687875150060021,0.7286937053792424,-2.7490996398559426,0.7173684904893013,-2.885154061624649
84.73708278983193,20.316927291123932,0.07631934686354379,0.34,0.9830985121204437,-0.1480592236894761,0.9607116058478955,-0.3481392557022809,0.9199950999077711,-0.7242897158863544,0.8826292410979177,-1.084433773509404,0.8475615928970988,-1.4365746298519406,0.7971877642515378,-1.9687875150060021,0.7286937053792424,-2.7490996398559426,0.7173684904893013,-2.885154061624649
85.0345580533538,20.316927291123932,0.07605235990741938,0.34,0.9830985121204437,-0.1480592236894761,0.9607116058478955,-0.3481392557022809,0.9199950999077711,-0.7242897158863544,0.8826292410979177,-1.084433773509404,0.8475615928970988,-1.4365746298519406,0.7971877642515378,-1.9687875150060021,0.7286937053792424,-2.7490996398559426,0.7173684904893013,-2.885154061624649
85.33307762391931,20.316927291123932,0.07578630694821269,0.34,0.9830985121204437,-0.1480592236894761,0.9607116058478955,-0.3481392557022809,0.9199950999077711,-0.7242897158863544,0.8826292410979177,-1.084433773509404,0.8475615928970988,-1.4365746298519406,0.7971877642515378,-1.9687875150060021,0.7286937053792424,-2.7490996398559426,0.7173684904893013,-2.885154061624649
85.63264516763887,20.316927291123932,0.07552118471853489,0.34,0.9830985121204437,-0.1480592236894761,0.9607116058478955,-0.3481392557022809,0.9199950999077711,-0.7242897158863544,0.8826292410979177,-1.084433773509404,0.8475615928970988,-1.4365746298519406,0.7971877642515378,-1.9687875150060021,0.7286937053792424,-2.7490996398559426,0.7173684904893013,-2.885154061624649
85.93326436349321,20.316927291123932,0.07525698996242718,0.34,0.9830985121204437,-0.1480592236894761,0.9607116058478955,-0.3481392557022809,0.9199950999077711,-0.7242897158863544,0.8826292410979177,-1.084433773509404,0.8475615928970988,-1.4365746298519406,0.7971877642515378,-1.9687875150060021,0.7286937053792424,-2.7490996398559426,0.7173684904893013,-2.885154061624649
86.23493890337835,20.316927291123932,0.07499371943532106,0.34,0.9830985121204437,-0.1480592236894761,0.9607116058478955,-0.3481392557022809,0.9199950999077711,-0.7242897158863544,0.8826292410979177,-1.084433773509404,0.8475615928970988,-1.4365746298519406,0.7971877642515378,-1.9687875150060021,0.7286937053792424,-2.7490996398559426,0.7173684904893013,-2.885154061624649
86.53767249215085,20.316927291123932,0.0747313699039986,0.34,0.9830985121204437,-0.1480592236894761,0.9607116058478955,-0.3481392557022809,0.9199950999077711,-0.7242897158863544,0.8826292410979177,-1.084433773509404,0.8475615928970988,-1.4365746298519406,0.7971877642515378,-1.9687875150060021,0.7286937053792424,-2.7490996398559426,0.7173684904893013,-2.885154061624649
86.84146884767354,20.316927291123932,0.07446993814655244,0.34,0.9830985121204437,-0.1480592236894761,0.9607116058478955,-0.3481392557022809,0.9199950999077711,-0.7242897158863544,0.8826292410979177,-1.084433773509404,0.8475615928970988,-1.4365746298519406,0.7971877642515378,-1.9687875150060021,0.7286937053792424,-2.7490996398559426,0.7173684904893013,-2.885154061624649
87.14633170086105,20.316927291123932,0.07420942095234642,0.34,0.9830985121204437,-0.1480592236894761,0.9607116058478955,-0.3481392557022809,0.9199950999077711,-0.7242897158863544,0.8826292410979177,-1.084433773509404,0.8475615928970988,-1.4365746298519406,0.7971877642515378,-1.9687875150060021,0.7286937053792424,-2.7490996398559426,0.7173684904893013,-2.885154061624649
87.4522647957255,20.316927291123932,0.07394981512197622,0.34,0.9830985121204437,-0.1480592236894761,0.9607116058478955,-0.3481392557022809,0.9199950999077711,-0.7242897158863544,0.8826292410979177,-1.084433773509404,0.8475615928970988,-1.4365746298519406,0.7971877642515378,-1.9687875150060021,0.7286937053792424,-2.7490996398559426,0.7173684904893013,-2.885154061624649
87.75927188942288,20.316927291123932,0.07369111746722969,0.34,0.9830985121204437,-0.1480592236894761,0.9607116058478955,-0.3481392557022809,0.9199950999077711,-0.7242897158863544,0.8826292410979177,-1.084433773509404,0.8475615928970988,-1.4365746298519406,0.7971877642515378,-1.9687875150060021,0.7286937053792424,-2.7490996398559426,0.7173684904893013,-2.885154061624649
88.06735675229864,20.316927291123932,0.07343332481104826,0.34,0.9830985121204437,-0.1480592236894761,0.9607116058478955,-0.3481392557022809,0.9199950999077711,-0.7242897158863544,0.8826292410979177,-1.084433773509404,0.8475615928970988,-1.4365746298519406,0.7971877642515378,-1.9687875150060021,0.7286937053792424,-2.7490996398559426,0.7173684904893013,-2.885154061624649
88.37652316793445,20.316927291123932,0.07317643398748744,0.34,0.9830985121204437,-0.1480592236894761,0.9607116058478955,-0.3481392557022809,0.9199950999077711,-0.7242897158863544,0.8826292410979177,-1.084433773509404,0.8475615928970988,-1.4365746298519406,0.7971877642515378,-1.9687875150060021,0.7286937053792424,-2.7490996398559426,0.7173684904893013,-2.885154061624649
88.68677493319454,20.316927291123932,0.07292044184167812,0.34,0.9830985121204437,-0.1480592236894761,0.9607116058478955,-0.3481392557022809,0.9199950999077711,-0.7242897158863544,0.8826292410979177,-1.084433773509404,0.8475615928970988,-1.4365746298519406,0.7971877642515378,-1.9687875150060021,0.7286937053792424,-2.7490996398559426,0.7173684904893013,-2.885154061624649
88.9981158582721,20.316927291123932,0.07266534522978796,0.34,0.9830985121204437,-0.1480592236894761,0.9607116058478955,-0.3481392557022809,0.9199950999077711,-0.7242897158863544,0.8826292410979177,-1.084433773509404,0.8475615928970988,-1.4365746298519406,0.7971877642515378,-1.9687875150060021,0.7286937053792424,-2.7490996398559426,0.7173684904893013,-2.885154061624649
89.31054976673644,20.316927291123932,0.07241114101898252,0.34,0.9830985121204437,-0.1480592236894761,0.9607116058478955,-0.3481392557022809,0.9199950999077711,-0.7242897158863544,0.8826292410979177,-1.084433773509404,0.8475615928970988,-1.4365746298519406,0.7971877642515378,-1.9687875150060021,0.7286937053792424,-2.7490996398559426,0.7173684904893013,-2.885154061624649
89.62408049557973,20.316927291123932,0.07215782608738693,0.34,0.9830985121204437,-0.1480592236894761,0.9607116058478955,-0.3481392557022809,0.9199950999077711,-0.7242897158863544,0.8826292410979177,-1.084433773509404,0.8475615928970988,-1.4365746298519406,0.7971877642515378,-1.9687875150060021,0.7286937053792424,-2.7490996398559426,0.7173684904893013,-2.885154061624649
89.93871189526406,20.316927291123932,0.07190539732404762,0.34,0.9830985121204437,-0.1480592236894761,0.9607116058478955,-0.3481392557022809,0.9199950999077711,-0.7242897158863544,0.8826292410979177,-1.084433773509404,0.8475615928970988,-1.4365746298519406,0.7971877642515378,-1.9687875150060021,0.7286937053792424,-2.7490996398559426,0.7173684904893013,-2.885154061624649
90.25444782976894,20.316927291123932,0.07165385162889391,0.34,0.9830985121204437,-0.1480592236894761,0.9607116058478955,-0.3481392557022809,0.9199950999077711,-0.7242897158863544,0.8826292410979177,-1.084433773509404,0.8475615928970988,-1.4365746298519406,0.7971877642515378,-1.9687875150060021,0.7286937053792424,-2.7490996398559426,0.7173684904893013,-2.885154061624649
90.57129217663865,20.316927291123932,0.07140318591270009,0.34,0.9830985121204437,-0.1480592236894761,0.9607116058478955,-0.3481392557022809,0.9199950999077711,-0.7242897158863544,0.8826292410979177,-1.084433773509404,0.8475615928970988,-1.4365746298519406,0.7971877642515378,-1.9687875150060021,0.7286937053792424,-2.7490996398559426,0.7173684904893013,-2.885154061624649
90.88924882702968,20.316927291123932,0.07115339709704759,0.34,0.9830985121204437,-0.1480592236894761,0.9607116058478955,-0.3481392557022809,0.9199950999077711,-0.7242897158863544,0.8826292410979177,-1.084433773509404,0.8475615928970988,-1.4365746298519406,0.7971877642515378,-1.9687875150060021,0.7286937053792424,-2.7490996398559426,0.7173684904893013,-2.885154061624649
91.20832168575897,20.316927291123932,0.07090448211428675,0.34,0.9830985121204437,-0.1480592236894761,0.9607116058478955,-0.3481392557022809,0.9199950999077711,-0.7242897158863544,0.8826292410979177,-1.084433773509404,0.8475615928970988,-1.4365746298519406,0.7971877642515378,-1.9687875150060021,0.7286937053792424,-2.7490996398559426,0.7173684904893013,-2.885154061624649
91.52851467135132,20.316927291123932,0.0706564379074997,0.34,0.9830985121204437,-0.1480592236894761,0.9607116058478955,-0.3481392557022809,0.9199950999077711,-0.7242897158863544,0.8826292410979177,-1.084433773509404,0.8475615928970988,-1.4365746298519406,0.7971877642515378,-1.9687875150060021,0.7286937053792424,-2.7490996398559426,0.7173684904893013,-2.885154061624649
91.84983171608792,20.316927291123932,0.07040926143046239,0.34,0.9830985121204437,-0.1480592236894761,0.9607116058478955,-0.3481392557022809,0.9199950999077711,-0.7242897158863544,0.8826292410979177,-1.084433773509404,0.8475615928970988,-1.4365746298519406,0.7971877642515378,-1.9687875150060021,0.7286937053792424,-2.7490996398559426,0.7173684904893013,-2.885154061624649
92.17227676605451,20.316927291123932,0.07016294964760733,0.34,0.9830985121204437,-0.1480592236894761,0.9607116058478955,-0.3481392557022809,0.9199950999077711,-0.7242897158863544,0.8826292410979177,-1.084433773509404,0.8475615928970988,-1.4365746298519406,0.7971877642515378,-1.9687875150060021,0.7286937053792424,-2.7490996398559426,0.7173684904893013,-2.885154061624649
92.4958537811897,20.316927291123932,0.06991749953398645,0.34,0.9830985121204437,-0.1480592236894761,0.9607116058478955,-0.3481392557022809,0.9199950999077711,-0.7242897158863544,0.8826292410979177,-1.084433773509404,0.8475615928970988,-1.4365746298519406,0.7971877642515378,-1.9687875150060021,0.7286937053792424,-2.7490996398559426,0.7173684904893013,-2.885154061624649
92.82056673533384,20.316927291123932,0.0696729080752337,0.34,0.9830985121204437,-0.1480592236894761,0.9607116058478955,-0.3481392557022809,0.9199950999077711,-0.7242897158863544,0.8826292410979177,-1.084433773509404,0.8475615928970988,-1.4365746298519406,0.7971877642515378,-1.9687875150060021,0.7286937053792424,-2.7490996398559426,0.7173684904893013,-2.885154061624649
93.14641961627775,20.316927291123932,0.06942917226752814,0.34,0.9830985121204437,-0.1480592236894761,0.9607116058478955,-0.3481392557022809,0.9199950999077711,-0.7242897158863544,0.8826292410979177,-1.084433773509404,0.8475615928970988,-1.4365746298519406,0.7971877642515378,-1.9687875150060021,0.7286937053792424,-2.7490996398559426,0.7173684904893013,-2.885154061624649
93.4734164258115,20.316927291123932,0.06918628911755716,0.34,0.9830985121204437,-0.1480592236894761,0.9607116058478955,-0.3481392557022809,0.9199950999077711,-0.7242897158863544,0.8826292410979177,-1.084433773509404,0.8475615928970988,-1.4365746298519406,0.7971877642515378,-1.9687875150060021,0.7286937053792424,-2.7490996398559426,0.7173684904893013,-2.885154061624649
93.80156117977394,20.316927291123932,0.06894425564247943,0.34,0.9830985121204437,-0.1480592236894761,0.9607116058478955,-0.3481392557022809,0.9199950999077711,-0.7242897158863544,0.8826292410979177,-1.084433773509404,0.8475615928970988,-1.4365746298519406,0.7971877642515378,-1.9687875150060021,0.7286937053792424,-2.7490996398559426,0.7173684904893013,-2.885154061624649
94.13085790810159,20.316927291123932,0.0687030688698887,0.34,0.9830985121204437,-0.1480592236894761,0.9607116058478955,-0.3481392557022809,0.9199950999077711,-0.7242897158863544,0.8826292410979177,-1.084433773509404,0.8475615928970988,-1.4365746298519406,0.7971877642515378,-1.9687875150060021,0.7286937053792424,-2.7490996398559426,0.7173684904893013,-2.885154061624649
94.46131065487842,20.316927291123932,0.06846272583777684,0.34,0.9830985121204437,-0.1480592236894761,0.9607116058478955,-0.3481392557022809,0.9199950999077711,-0.7242897158863544,0.8826292410979177,-1.084433773509404,0.8475615928970988,-1.4365746298519406,0.7971877642515378,-1.9687875150060021,0.7286937053792424,-2.7490996398559426,0.7173684904893013,-2.885154061624649
94.7929234783855,20.316927291123932,0.06822322359449776,0.34,0.9830985121204437,-0.1480592236894761,0.9607116058478955,-0.3481392557022809,0.9199950999077711,-0.7242897158863544,0.8826292410979177,-1.084433773509404,0.8475615928970988,-1.4365746298519406,0.7971877642515378,-1.9687875150060021,0.7286937053792424,-2.7490996398559426,0.7173684904893013,-2.885154061624649
95.12570045115059,20.316927291123932,0.0679845591987311,0.34,0.9830985121204437,-0.1480592236894761,0.9607116058478955,-0.3481392557022809,0.9199950999077711,-0.7242897158863544,0.8826292410979177,-1.084433773509404,0.8475615928970988,-1.4365746298519406,0.7971877642515378,-1.9687875150060021,0.7286937053792424,-2.7490996398559426,0.7173684904893013,-2.885154061624649
95.45964565999849,20.316927291123932,0.06774672971944606,0.34,0.9830985121204437,-0.1480592236894761,0.9607116058478955,-0.3481392557022809,0.9199950999077711,-0.7242897158863544,0.8826292410979177,-1.084433773509404,0.8475615928970988,-1.4365746298519406,0.7971877642515378,-1.9687875150060021,0.7286937053792424,-2.7490996398559426,0.7173684904893013,-2.885154061624649
95.79476320610108,20.316927291123932,0.06750973223586534,0.34,0.9830985121204437,-0.1480592236894761,0.9607116058478955,-0.3481392557022809,0.9199950999077711,-0.7242897158863544,0.8826292410979177,-1.084433773509404,0.8475615928970988,-1.4365746298519406,0.7971877642515378,-1.9687875150060021,0.7286937053792424,-2.7490996398559426,0.7173684904893013,-2.885154061624649
96.13105720502747,20.316927291123932,0.06727356383742956,0.34,0.9830985121204437,-0.1480592236894761,0.9607116058478955,-0.3481392557022809,0.9199950999077711,-0.7242897158863544,0.8826292410979177,-1.084433773509404,0.8475615928970988,-1.4365746298519406,0.7971877642515378,-1.9687875150060021,0.7286937053792424,-2.7490996398559426,0.7173684904893013,-2.885154061624649
96.46853178679513,20.316927291123932,0.06703822162376105,0.34,0.9830985121204437,-0.1480592236894761,0.9607116058478955,-0.3481392557022809,0.9199950999077711,-0.7242897158863544,0.8826292410979177,-1.084433773509404,0.8475615928970988,-1.4365746298519406,0.7971877642515378,-1.9687875150060021,0.7286937053792424,-2.7490996398559426,0.7173684904893013,-2.885154061624649
96.80719109591985,20.316927291123932,0.06680370270462871,0.34,0.9830985121204437,-0.1480592236894761,0.9607116058478955,-0.3481392557022809,0.9199950999077711,-0.7242897158863544,0.8826292410979177,-1.084433773509404,0.8475615928970988,-1.4365746298519406,0.7971877642515378,-1.9687875150060021,0.7286937053792424,-2.7490996398559426,0.7173684904893013,-2.885154061624649
97.14703929146725,20.316927291123932,0.06657000419991219,0.34,0.9830985121204437,-0.1480592236894761,0.9607116058478955,-0.3481392557022809,0.9199950999077711,-0.7242897158863544,0.8826292410979177,-1.084433773509404,0.8475615928970988,-1.4365746298519406,0.7971877642515378,-1.9687875150060021,0.7286937053792424,-2.7490996398559426,0.7173684904893013,-2.885154061624649
97.4880805471036,20.316927291123932,0.06633712323956661,0.34,0.9830985121204437,-0.1480592236894761,0.9607116058478955,-0.3481392557022809,0.9199950999077711,-0.7242897158863544,0.8826292410979177,-1.084433773509404,0.8475615928970988,-1.4365746298519406,0.7971877642515378,-1.9687875150060021,0.7286937053792424,-2.7490996398559426,0.7173684904893013,-2.885154061624649
97.83031905114703,20.316927291123932,0.06610505696358746,0.34,0.9830985121204437,-0.1480592236894761,0.9607116058478955,-0.3481392557022809,0.9199950999077711,-0.7242897158863544,0.8826292410979177,-1.084433773509404,0.8475615928970988,-1.4365746298519406,0.7971877642515378,-1.9687875150060021,0.7286937053792424,-2.7490996398559426,0.7173684904893013,-2.885154061624649
98.1737590066191,20.316927291123932,0.0658738025219752,0.34,0.9830985121204437,-0.1480592236894761,0.9607116058478955,-0.3481392557022809,0.9199950999077711,-0.7242897158863544,0.8826292410979177,-1.084433773509404,0.8475615928970988,-1.4365746298519406,0.7971877642515378,-1.9687875150060021,0.7286937053792424,-2.7490996398559426,0.7173684904893013,-2.885154061624649
98.5184046312964,20.316927291123932,0.06564335707470043,0.34,0.9830985121204437,-0.1480592236894761,0.9607116058478955,-0.3481392557022809,0.9199950999077711,-0.7242897158863544,0.8826292410979177,-1.084433773509404,0.8475615928970988,-1.4365746298519406,0.7971877642515378,-1.9687875150060021,0.7286937053792424,-2.7490996398559426,0.7173684904893013,-2.885154061624649
98.86426015776215,20.316927291123932,0.06541371779166912,0.34,0.9830985121204437,-0.1480592236894761,0.9607116058478955,-0.3481392557022809,0.9199950999077711,-0.7242897158863544,0.8826292410979177,-1.084433773509404,0.8475615928970988,-1.4365746298519406,0.7971877642515378,-1.9687875150060021,0.7286937053792424,-2.7490996398559426,0.7173684904893013,-2.885154061624649
99.21132983345863,20.316927291123932,0.06518488185268748,0.34,0.9830985121204437,-0.1480592236894761,0.9607116058478955,-0.3481392557022809,0.9199950999077711,-0.7242897158863544,0.8826292410979177,-1.084433773509404,0.8475615928970988,-1.4365746298519406,0.7971877642515378,-1.9687875150060021,0.7286937053792424,-2.7490996398559426,0.7173684904893013,-2.885154061624649
99.55961792073875,20.316927291123932,0.06495684644742782,0.34,0.9830985121204437,-0.1480592236894761,0.9607116058478955,-0.3481392557022809,0.9199950999077711,-0.7242897158863544,0.8826292410979177,-1.084433773509404,0.8475615928970988,-1.4365746298519406,0.7971877642515378,-1.9687875150060021,0.7286937053792424,-2.7490996398559426,0.7173684904893013,-2.885154061624649
99.90912869691886,20.316927291123932,0.06472960877539362,0.34,0.9830985121204437,-0.1480592236894761,0.9607116058478955,-0.3481392557022809,0.9199950999077711,-0.7242897158863544,0.8826292410979177,-1.084433773509404,0.8475615928970988,-1.4365746298519406,0.7971877642515378,-1.9687875150060021,0.7286937053792424,-2.7490996398559426,0.7173684904893013,-2.885154061624649
100.25986645433115,20.316927291123932,0.06450316604588532,0.34,0.9830985121204437,-0.1480592236894761,0.9607116058478955,-0.3481392557022809,0.9199950999077711,-0.7242897158863544,0.8826292410979177,-1.084433773509404,0.8475615928970988,-1.4365746298519406,0.7971877642515378,-1.9687875150060021,0.7286937053792424,-2.7490996398559426,0.7173684904893013,-2.885154061624649
100.6118355003761,20.316927291123932,0.06427751547796616,0.34,0.9830985121204437,-0.1480592236894761,0.9607116058478955,-0.3481392557022809,0.9199950999077711,-0.7242897158863544,0.8826292410979177,-1.084433773509404,0.8475615928970988,-1.4365746298519406,0.7971877642515378,-1.9687875150060021,0.7286937053792424,-2.7490996398559426,0.7173684904893013,-2.885154061624649
100.965040157576,20.316927291123932,0.06405265430042764,0.34,0.9830985121204437,-0.1480592236894761,0.9607116058478955,-0.3481392557022809,0.9199950999077711,-0.7242897158863544,0.8826292410979177,-1.084433773509404,0.8475615928970988,-1.4365746298519406,0.7971877642515378,-1.9687875150060021,0.7286937053792424,-2.7490996398559426,0.7173684904893013,-2.885154061624649
101.31948476362732,20.316927291123932,0.06382857975175597,0.34,0.9830985121204437,-0.1480592236894761,0.9607116058478955,-0.3481392557022809,0.9199950999077711,-0.7242897158863544,0.8826292410979177,-1.084433773509404,0.8475615928970988,-1.4365746298519406,0.7971877642515378,-1.9687875150060021,0.7286937053792424,-2.7490996398559426,0.7173684904893013,-2.885154061624649
101.67517367145429,20.316927291123932,0.06360528908009791,0.34,0.9830985121204437,-0.1480592236894761,0.9607116058478955,-0.3481392557022809,0.9199950999077711,-0.7242897158863544,0.8826292410979177,-1.084433773509404,0.8475615928970988,-1.4365746298519406,0.7971877642515378,-1.9687875150060021,0.7286937053792424,-2.7490996398559426,0.7173684904893013,-2.885154061624649
102.03211124926274,20.316927291123932,0.06338277954322678,0.34,0.9830985121204437,-0.1480592236894761,0.9607116058478955,-0.3481392557022809,0.9199950999077711,-0.7242897158863544,0.8826292410979177,-1.084433773509404,0.8475615928970988,-1.4365746298519406,0.7971877642515378,-1.9687875150060021,0.7286937053792424,-2.7490996398559426,0.7173684904893013,-2.885154061624649
102.39030188059292,20.316927291123932,0.0631610484085093,0.34,0.9830985121204437,-0.1480592236894761,0.9607116058478955,-0.3481392557022809,0.9199950999077711,-0.7242897158863544,0.8826292410979177,-1.084433773509404,0.8475615928970988,-1.4365746298519406,0.7971877642515378,-1.9687875150060021,0.7286937053792424,-2.7490996398559426,0.7173684904893013,-2.885154061624649
102.7497499643742,20.316927291123932,0.06294009295287142,0.34,0.9830985121204437,-0.1480592236894761,0.9607116058478955,-0.3481392557022809,0.9199950999077711,-0.7242897158863544,0.8826292410979177,-1.084433773509404,0.8475615928970988,-1.4365746298519406,0.7971877642515378,-1.9687875150060021,0.7286937053792424,-2.7490996398559426,0.7173684904893013,-2.885154061624649
103.11045991497843,20.316927291123932,0.06271991046276541,0.34,0.9830985121204437,-0.1480592236894761,0.9607116058478955,-0.3481392557022809,0.9199950999077711,-0.7242897158863544,0.8826292410979177,-1.084433773509404,0.8475615928970988,-1.4365746298519406,0.7971877642515378,-1.9687875150060021,0.7286937053792424,-2.7490996398559426,0.7173684904893013,-2.885154061624649
103.47243616227449,20.316927291123932,0.06250049823413621,0.34,0.9830985121204437,-0.1480592236894761,0.9607116058478955,-0.3481392557022809,0.9199950999077711,-0.7242897158863544,0.8826292410979177,-1.084433773509404,0.8475615928970988,-1.4365746298519406,0.7971877642515378,-1.9687875150060021,0.7286937053792424,-2.7490996398559426,0.7173684904893013,-2.885154061624649
103.83568315168247,20.316927291123932,0.06228185357238844,0.34,0.9830985121204437,-0.1480592236894761,0.9607116058478955,-0.3481392557022809,0.9199950999077711,-0.7242897158863544,0.8826292410979177,-1.084433773509404,0.8475615928970988,-1.4365746298519406,0.7971877642515378,-1.9687875150060021,0.7286937053792424,-2.7490996398559426,0.7173684904893013,-2.885154061624649
104.2002053442288,20.316927291123932,0.06206397379235292,0.34,0.9830985121204437,-0.1480592236894761,0.9607116058478955,-0.3481392557022809,0.9199950999077711,-0.7242897158863544,0.8826292410979177,-1.084433773509404,0.8475615928970988,-1.4365746298519406,0.7971877642515378,-1.9687875150060021,0.7286937053792424,-2.7490996398559426,0.7173684904893013,-2.885154061624649
104.56600721660016,20.316927291123932,0.06184685621825428,0.34,0.9830985121204437,-0.1480592236894761,0.9607116058478955,-0.3481392557022809,0.9199950999077711,-0.7242897158863544,0.8826292410979177,-1.084433773509404,0.8475615928970988,-1.4365746298519406,0.7971877642515378,-1.9687875150060021,0.7286937053792424,-2.7490996398559426,0.7173684904893013,-2.885154061624649
104.93309326119939,20.316927291123932,0.06163049818367749,0.34,0.9830985121204437,-0.1480592236894761,0.9607116058478955,-0.3481392557022809,0.9199950999077711,-0.7242897158863544,0.8826292410979177,-1.084433773509404,0.8475615928970988,-1.4365746298519406,0.7971877642515378,-1.9687875150060021,0.7286937053792424,-2.7490996398559426,0.7173684904893013,-2.885154061624649
105.30146798619988,20.316927291123932,0.06141489703153562,0.34,0.9830985121204437,-0.1480592236894761,0.9607116058478955,-0.3481392557022809,0.9199950999077711,-0.7242897158863544,0.8826292410979177,-1.084433773509404,0.8475615928970988,-1.4365746298519406,0.7971877642515378,-1.9687875150060021,0.7286937053792424,-2.7490996398559426,0.7173684904893013,-2.885154061624649
105.67113591560131,20.316927291123932,0.061200050114036945,0.34,0.9830985121204437,-0.1480592236894761,0.9607116058478955,-0.3481392557022809,0.9199950999077711,-0.7242897158863544,0.8826292410979177,-1.084433773509404,0.8475615928970988,-1.4365746298519406,0.7971877642515378,-1.9687875150060021,0.7286937053792424,-2.7490996398559426,0.7173684904893013,-2.885154061624649
106.04210158928544,20.316927291123932,0.06098595479265235,0.34,0.9830985121204437,-0.1480592236894761,0.9607116058478955,-0.3481392557022809,0.9199950999077711,-0.7242897158863544,0.8826292410979177,-1.084433773509404,0.8475615928970988,-1.4365746298519406,0.7971877642515378,-1.9687875150060021,0.7286937053792424,-2.7490996398559426,0.7173684904893013,-2.885154061624649
106.41436956307118,20.316927291123932,0.060772608438083256,0.34,0.9830985121204437,-0.1480592236894761,0.9607116058478955,-0.3481392557022809,0.9199950999077711,-0.7242897158863544,0.8826292410979177,-1.084433773509404,0.8475615928970988,-1.4365746298519406,0.7971877642515378,-1.9687875150060021,0.7286937053792424,-2.7490996398559426,0.7173684904893013,-2.885154061624649
106.78794440877138,20.316927291123932,0.06056000843022889,0.34,0.9830985121204437,-0.1480592236894761,0.9607116058478955,-0.3481392557022809,0.9199950999077711,-0.7242897158863544,0.8826292410979177,-1.084433773509404,0.8475615928970988,-1.4365746298519406,0.7971877642515378,-1.9687875150060021,0.7286937053792424,-2.7490996398559426,0.7173684904893013,-2.885154061624649
107.16283071424824,20.316927291123932,0.06034815215815453,0.34,0.9830985121204437,-0.1480592236894761,0.9607116058478955,-0.3481392557022809,0.9199950999077711,-0.7242897158863544,0.8826292410979177,-1.084433773509404,0.8475615928970988,-1.4365746298519406,0.7971877642515378,-1.9687875150060021,0.7286937053792424,-2.7490996398559426,0.7173684904893013,-2.885154061624649
107.53903308347006,20.316927291123932,0.060137037020059195,0.34,0.9830985121204437,-0.1480592236894761,0.9607116058478955,-0.3481392557022809,0.9199950999077711,-0.7242897158863544,0.8826292410979177,-1.084433773509404,0.8475615928970988,-1.4365746298519406,0.7971877642515378,-1.9687875150060021,0.7286937053792424,-2.7490996398559426,0.7173684904893013,-2.885154061624649
107.91655613656755,20.316927291123932,0.05992666042324379,0.34,0.9830985121204437,-0.1480592236894761,0.9607116058478955,-0.3481392557022809,0.9199950999077711,-0.7242897158863544,0.8826292410979177,-1.084433773509404,0.8475615928970988,-1.4365746298519406,0.7971877642515378,-1.9687875150060021,0.7286937053792424,-2.7490996398559426,0.7173684904893013,-2.885154061624649
108.29540450989106,20.316927291123932,0.05971701978407907,0.34,0.9830985121204437,-0.1480592236894761,0.9607116058478955,-0.3481392557022809,0.9199950999077711,-0.7242897158863544,0.8826292410979177,-1.084433773509404,0.8475615928970988,-1.4365746298519406,0.7971877642515378,-1.9687875150060021,0.7286937053792424,-2.7490996398559426,0.7173684904893013,-2.885154061624649
108.6755828560667,20.316927291123932,0.05950811252797428,0.34,0.9830985121204437,-0.1480592236894761,0.9607116058478955,-0.3481392557022809,0.9199950999077711,-0.7242897158863544,0.8826292410979177,-1.084433773509404,0.8475615928970988,-1.4365746298519406,0.7971877642515378,-1.9687875150060021,0.7286937053792424,-2.7490996398559426,0.7173684904893013,-2.885154061624649
109.0570958440544,20.316927291123932,0.059299936089345105,0.34,0.9830985121204437,-0.1480592236894761,0.9607116058478955,-0.3481392557022809,0.9199950999077711,-0.7242897158863544,0.8826292410979177,-1.084433773509404,0.8475615928970988,-1.4365746298519406,0.7971877642515378,-1.9687875150060021,0.7286937053792424,-2.7490996398559426,0.7173684904893013,-2.885154061624649
109.43994815920446,20.316927291123932,0.059092487911582545,0.34,0.9830985121204437,-0.1480592236894761,0.9607116058478955,-0.3481392557022809,0.9199950999077711,-0.7242897158863544,0.8826292410979177,-1.084433773509404,0.8475615928970988,-1.4365746298519406,0.7971877642515378,-1.9687875150060021,0.7286937053792424,-2.7490996398559426,0.7173684904893013,-2.885154061624649
109.8241445033154,20.316927291123932,0.05888576544702136,0.34,0.9830985121204437,-0.1480592236894761,0.9607116058478955,-0.3481392557022809,0.9199950999077711,-0.7242897158863544,0.8826292410979177,-1.084433773509404,0.8475615928970988,-1.4365746298519406,0.7971877642515378,-1.9687875150060021,0.7286937053792424,-2.7490996398559426,0.7173684904893013,-2.885154061624649
110.20968959469205,20.316927291123932,0.05867976615690857,0.34,0.9830985121204437,-0.1480592236894761,0.9607116058478955,-0.3481392557022809,0.9199950999077711,-0.7242897158863544,0.8826292410979177,-1.084433773509404,0.8475615928970988,-1.4365746298519406,0.7971877642515378,-1.9687875150060021,0.7286937053792424,-2.7490996398559426,0.7173684904893013,-2.885154061624649
110.59658816820276,20.316927291123932,0.058474487511372776,0.34,0.9830985121204437,-0.1480592236894761,0.9607116058478955,-0.3481392557022809,0.9199950999077711,-0.7242897158863544,0.8826292410979177,-1.084433773509404,0.8475615928970988,-1.4365746298519406,0.7971877642515378,-1.9687875150060021,0.7286937053792424,-2.7490996398559426,0.7173684904893013,-2.885154061624649
110.98484497533835,20.316927291123932,0.058269926989392484,0.34,0.9830985121204437,-0.1480592236894761,0.9607116058478955,-0.3481392557022809,0.9199950999077711,-0.7242897158863544,0.8826292410979177,-1.084433773509404,0.8475615928970988,-1.4365746298519406,0.7971877642515378,-1.9687875150060021,0.7286937053792424,-2.7490996398559426,0.7173684904893013,-2.885154061624649
111.37446478426979,20.316927291123932,0.0580660820787657,0.34,0.9830985121204437,-0.1480592236894761,0.9607116058478955,-0.3481392557022809,0.9199950999077711,-0.7242897158863544,0.8826292410979177,-1.084433773509404,0.8475615928970988,-1.4365746298519406,0.7971877642515378,-1.9687875150060021,0.7286937053792424,-2.7490996398559426,0.7173684904893013,-2.885154061624649
111.765452379907,20.316927291123932,0.057862950276078774,0.34,0.9830985121204437,-0.1480592236894761,0.9607116058478955,-0.3481392557022809,0.9199950999077711,-0.7242897158863544,0.8826292410979177,-1.084433773509404,0.8475615928970988,-1.4365746298519406,0.7971877642515378,-1.9687875150060021,0.7286937053792424,-2.7490996398559426,0.7173684904893013,-2.885154061624649
112.157812563958,20.316927291123932,0.05766052908667559,0.34,0.9830985121204437,-0.1480592236894761,0.9607116058478955,-0.3481392557022809,0.9199950999077711,-0.7242897158863544,0.8826292410979177,-1.084433773509404,0.8475615928970988,-1.4365746298519406,0.7971877642515378,-1.9687875150060021,0.7286937053792424,-2.7490996398559426,0.7173684904893013,-2.885154061624649
112.55155015498708,20.316927291123932,0.05745881602462725,0.34,0.9830985121204437,-0.1480592236894761,0.9607116058478955,-0.3481392557022809,0.9199950999077711,-0.7242897158863544,0.8826292410979177,-1.084433773509404,0.8475615928970988,-1.4365746298519406,0.7971877642515378,-1.9687875150060021,0.7286937053792424,-2.7490996398559426,0.7173684904893013,-2.885154061624649
112.94666998847487,20.316927291123932,0.05725780861270114,0.34,0.9830985121204437,-0.1480592236894761,0.9607116058478955,-0.3481392557022809,0.9199950999077711,-0.7242897158863544,0.8826292410979177,-1.084433773509404,0.8475615928970988,-1.4365746298519406,0.7971877642515378,-1.9687875150060021,0.7286937053792424,-2.7490996398559426,0.7173684904893013,-2.885154061624649
113.34317691687694,20.316927291123932,0.05705750438233088,0.34,0.9830985121204437,-0.1480592236894761,0.9607116058478955,-0.3481392557022809,0.9199950999077711,-0.7242897158863544,0.8826292410979177,-1.084433773509404,0.8475615928970988,-1.4365746298519406,0.7971877642515378,-1.9687875150060021,0.7286937053792424,-2.7490996398559426,0.7173684904893013,-2.885154061624649
113.74107580968388,20.316927291123932,0.05685790087358576,0.34,0.9830985121204437,-0.1480592236894761,0.9607116058478955,-0.3481392557022809,0.9199950999077711,-0.7242897158863544,0.8826292410979177,-1.084433773509404,0.8475615928970988,-1.4365746298519406,0.7971877642515378,-1.9687875150060021,0.7286937053792424,-2.7490996398559426,0.7173684904893013,-2.885154061624649
114.14037155348079,20.316927291123932,0.05665899563514073,0.34,0.9830985121204437,-0.1480592236894761,0.9607116058478955,-0.3481392557022809,0.9199950999077711,-0.7242897158863544,0.8826292410979177,-1.084433773509404,0.8475615928970988,-1.4365746298519406,0.7971877642515378,-1.9687875150060021,0.7286937053792424,-2.7490996398559426,0.7173684904893013,-2.885154061624649
114.54106905200784,20.316927291123932,0.056460786224245954,0.34,0.9830985121204437,-0.1480592236894761,0.9607116058478955,-0.3481392557022809,0.9199950999077711,-0.7242897158863544,0.8826292410979177,-1.084433773509404,0.8475615928970988,-1.4365746298519406,0.7971877642515378,-1.9687875150060021,0.7286937053792424,-2.7490996398559426,0.7173684904893013,-2.885154061624649
114.94317322621964,20.316927291123932,0.056263270206697295,0.34,0.9830985121204437,-0.1480592236894761,0.9607116058478955,-0.3481392557022809,0.9199950999077711,-0.7242897158863544,0.8826292410979177,-1.084433773509404,0.8475615928970988,-1.4365746298519406,0.7971877642515378,-1.9687875150060021,0.7286937053792424,-2.7490996398559426,0.7173684904893013,-2.885154061624649
115.34668901434661,20.316927291123932,0.0560664451568059,0.34,0.9830985121204437,-0.1480592236894761,0.9607116058478955,-0.3481392557022809,0.9199950999077711,-0.7242897158863544,0.8826292410979177,-1.084433773509404,0.8475615928970988,-1.4365746298519406,0.7971877642515378,-1.9687875150060021,0.7286937053792424,-2.7490996398559426,0.7173684904893013,-2.885154061624649
115.75162137195481,20.316927291123932,0.05587030865736886,0.34,0.9830985121204437,-0.1480592236894761,0.9607116058478955,-0.3481392557022809,0.9199950999077711,-0.7242897158863544,0.8826292410979177,-1.084433773509404,0.8475615928970988,-1.4365746298519406,0.7971877642515378,-1.9687875150060021,0.7286937053792424,-2.7490996398559426,0.7173684904893013,-2.885154061624649
116.15797527200714,20.316927291123932,0.05567485829963936,0.34,0.9830985121204437,-0.1480592236894761,0.9607116058478955,-0.3481392557022809,0.9199950999077711,-0.7242897158863544,0.8826292410979177,-1.084433773509404,0.8475615928970988,-1.4365746298519406,0.7971877642515378,-1.9687875150060021,0.7286937053792424,-2.7490996398559426,0.7173684904893013,-2.885154061624649
116.5657557049248,20.316927291123932,0.055480091683296845,0.34,0.9830985121204437,-0.1480592236894761,0.9607116058478955,-0.3481392557022809,0.9199950999077711,-0.7242897158863544,0.8826292410979177,-1.084433773509404,0.8475615928970988,-1.4365746298519406,0.7971877642515378,-1.9687875150060021,0.7286937053792424,-2.7490996398559426,0.7173684904893013,-2.885154061624649
116.9749676786477,20.316927291123932,0.055286006416418045,0.34,0.9830985121204437,-0.1480592236894761,0.9607116058478955,-0.3481392557022809,0.9199950999077711,-0.7242897158863544,0.8826292410979177,-1.084433773509404,0.8475615928970988,-1.4365746298519406,0.7971877642515378,-1.9687875150060021,0.7286937053792424,-2.7490996398559426,0.7173684904893013,-2.885154061624649
117.38561621869695,20.316927291123932,0.05509260011544707,0.34,0.9830985121204437,-0.1480592236894761,0.9607116058478955,-0.3481392557022809,0.9199950999077711,-0.7242897158863544,0.8826292410979177,-1.084433773509404,0.8475615928970988,-1.4365746298519406,0.7971877642515378,-1.9687875150060021,0.7286937053792424,-2.7490996398559426,0.7173684904893013,-2.885154061624649
117.79770636823577,20.316927291123932,0.054899870405166584,0.34,0.9830985121204437,-0.1480592236894761,0.9607116058478955,-0.3481392557022809,0.9199950999077711,-0.7242897158863544,0.8826292410979177,-1.084433773509404,0.8475615928970988,-1.4365746298519406,0.7971877642515378,-1.9687875150060021,0.7286937053792424,-2.7490996398559426,0.7173684904893013,-2.885154061624649
118.21124318813166,20.316927291123932,0.05470781491866842,0.34,0.9830985121204437,-0.1480592236894761,0.9607116058478955,-0.3481392557022809,0.9199950999077711,-0.7242897158863544,0.8826292410979177,-1.084433773509404,0.8475615928970988,-1.4365746298519406,0.7971877642515378,-1.9687875150060021,0.7286937053792424,-2.7490996398559426,0.7173684904893013,-2.885154061624649
118.62623175701908,20.316927291123932,0.05451643129732437,0.34,0.9830985121204437,-0.1480592236894761,0.9607116058478955,-0.3481392557022809,0.9199950999077711,-0.7242897158863544,0.8826292410979177,-1.084433773509404,0.8475615928970988,-1.4365746298519406,0.7971877642515378,-1.9687875150060021,0.7286937053792424,-2.7490996398559426,0.7173684904893013,-2.885154061624649
119.04267717136086,20.316927291123932,0.05432571719075762,0.34,0.9830985121204437,-0.1480592236894761,0.9607116058478955,-0.3481392557022809,0.9199950999077711,-0.7242897158863544,0.8826292410979177,-1.084433773509404,0.8475615928970988,-1.4365746298519406,0.7971877642515378,-1.9687875150060021,0.7286937053792424,-2.7490996398559426,0.7173684904893013,-2.885154061624649
119.46058454551181,20.316927291123932,0.05413567025681343,0.34,0.9830985121204437,-0.1480592236894761,0.9607116058478955,-0.3481392557022809,0.9199950999077711,-0.7242897158863544,0.8826292410979177,-1.084433773509404,0.8475615928970988,-1.4365746298519406,0.7971877642515378,-1.9687875150060021,0.7286937053792424,-2.7490996398559426,0.7173684904893013,-2.885154061624649
119.87995901178063,20.316927291123932,0.05394628816153072,0.34,0.9830985121204437,-0.1480592236894761,0.9607116058478955,-0.3481392557022809,0.9199950999077711,-0.7242897158863544,0.8826292410979177,-1.084433773509404,0.8475615928970988,-1.4365746298519406,0.7971877642515378,-1.9687875150060021,0.7286937053792424,-2.7490996398559426,0.7173684904893013,-2.885154061624649
120.30080572049349,20.316927291123932,0.053757568579113256,0.34,0.9830985121204437,-0.1480592236894761,0.9607116058478955,-0.3481392557022809,0.9199950999077711,-0.7242897158863544,0.8826292410979177,-1.084433773509404,0.8475615928970988,-1.4365746298519406,0.7971877642515378,-1.9687875150060021,0.7286937053792424,-2.7490996398559426,0.7173684904893013,-2.885154061624649
120.72312984005701,20.316927291123932,0.05356950919190115,0.34,0.9830985121204437,-0.1480592236894761,0.9607116058478955,-0.3481392557022809,0.9199950999077711,-0.7242897158863544,0.8826292410979177,-1.084433773509404,0.8475615928970988,-1.4365746298519406,0.7971877642515378,-1.9687875150060021,0.7286937053792424,-2.7490996398559426,0.7173684904893013,-2.885154061624649
121.1469365570222,20.316927291123932,0.05338210769034216,0.34,0.9830985121204437,-0.1480592236894761,0.9607116058478955,-0.3481392557022809,0.9199950999077711,-0.7242897158863544,0.8826292410979177,-1.084433773509404,0.8475615928970988,-1.4365746298519406,0.7971877642515378,-1.9687875150060021,0.7286937053792424,-2.7490996398559426,0.7173684904893013,-2.885154061624649
121.57223107614732,20.316927291123932,0.05319536177296381,0.34,0.9830985121204437,-0.1480592236894761,0.9607116058478955,-0.3481392557022809,0.9199950999077711,-0.7242897158863544,0.8826292410979177,-1.084433773509404,0.8475615928970988,-1.4365746298519406,0.7971877642515378,-1.9687875150060021,0.7286937053792424,-2.7490996398559426,0.7173684904893013,-2.885154061624649
121.99901862046279,20.316927291123932,0.05300926914634453,0.34,0.9830985121204437,-0.1480592236894761,0.9607116058478955,-0.3481392557022809,0.9199950999077711,-0.7242897158863544,0.8826292410979177,-1.084433773509404,0.8475615928970988,-1.4365746298519406,0.7971877642515378,-1.9687875150060021,0.7286937053792424,-2.7490996398559426,0.7173684904893013,-2.885154061624649
122.42730443133445,20.316927291123932,0.05282382752508601,0.34,0.9830985121204437,-0.1480592236894761,0.9607116058478955,-0.3481392557022809,0.9199950999077711,-0.7242897158863544,0.8826292410979177,-1.084433773509404,0.8475615928970988,-1.4365746298519406,0.7971877642515378,-1.9687875150060021,0.7286937053792424,-2.7490996398559426,0.7173684904893013,-2.885154061624649
122.8570937685283,20.316927291123932,0.052639034631784924,0.34,0.9830985121204437,-0.1480592236894761,0.9607116058478955,-0.3481392557022809,0.9199950999077711,-0.7242897158863544,0.8826292410979177,-1.084433773509404,0.8475615928970988,-1.4365746298519406,0.7971877642515378,-1.9687875150060021,0.7286937053792424,-2.7490996398559426,0.7173684904893013,-2.885154061624649
123.28839191027552,20.316927291123932,0.052454888197004765,0.34,0.9830985121204437,-0.1480592236894761,0.9607116058478955,-0.3481392557022809,0.9199950999077711,-0.7242897158863544,0.8826292410979177,-1.084433773509404,0.8475615928970988,-1.4365746298519406,0.7971877642515378,-1.9687875150060021,0.7286937053792424,-2.7490996398559426,0.7173684904893013,-2.885154061624649
123.72120415333633,20.316927291123932,0.0522713859592484,0.34,0.9830985121204437,-0.1480592236894761,0.9607116058478955,-0.3481392557022809,0.9199950999077711,-0.7242897158863544,0.8826292410979177,-1.084433773509404,0.8475615928970988,-1.4365746298519406,0.7971877642515378,-1.9687875150060021,0.7286937053792424,-2.7490996398559426,0.7173684904893013,-2.885154061624649
124.1555358130661,20.316927291123932,0.052088525664929844,0.34,0.9830985121204437,-0.1480592236894761,0.9607116058478955,-0.3481392557022809,0.9199950999077711,-0.7242897158863544,0.8826292410979177,-1.084433773509404,0.8475615928970988,-1.4365746298519406,0.7971877642515378,-1.9687875150060021,0.7286937053792424,-2.7490996398559426,0.7173684904893013,-2.885154061624649
124.59139222347976,20.316927291123932,0.051906305068346946,0.34,0.9830985121204437,-0.1480592236894761,0.9607116058478955,-0.3481392557022809,0.9199950999077711,-0.7242897158863544,0.8826292410979177,-1.084433773509404,0.8475615928970988,-1.4365746298519406,0.7971877642515378,-1.9687875150060021,0.7286937053792424,-2.7490996398559426,0.7173684904893013,-2.885154061624649
125.02877873731777,20.316927291123932,0.05172472193165363,0.34,0.9830985121204437,-0.1480592236894761,0.9607116058478955,-0.3481392557022809,0.9199950999077711,-0.7242897158863544,0.8826292410979177,-1.084433773509404,0.8475615928970988,-1.4365746298519406,0.7971877642515378,-1.9687875150060021,0.7286937053792424,-2.7490996398559426,0.7173684904893013,-2.885154061624649
125.4677007261116,20.316927291123932,0.051543774024832505,0.34,0.9830985121204437,-0.1480592236894761,0.9607116058478955,-0.3481392557022809,0.9199950999077711,-0.7242897158863544,0.8826292410979177,-1.084433773509404,0.8475615928970988,-1.4365746298519406,0.7971877642515378,-1.9687875150060021,0.7286937053792424,-2.7490996398559426,0.7173684904893013,-2.885154061624649
125.90816358025026,20.316927291123932,0.05136345912566724,0.34,0.9830985121204437,-0.1480592236894761,0.9607116058478955,-0.3481392557022809,0.9199950999077711,-0.7242897158863544,0.8826292410979177,-1.084433773509404,0.8475615928970988,-1.4365746298519406,0.7971877642515378,-1.9687875150060021,0.7286937053792424,-2.7490996398559426,0.7173684904893013,-2.885154061624649
126.35017270904557,20.316927291123932,0.05118377501971569,0.34,0.9830985121204437,-0.1480592236894761,0.9607116058478955,-0.3481392557022809,0.9199950999077711,-0.7242897158863544,0.8826292410979177,-1.084433773509404,0.8475615928970988,-1.4365746298519406,0.7971877642515378,-1.9687875150060021,0.7286937053792424,-2.7490996398559426,0.7173684904893013,-2.885154061624649
126.7937335407996,20.316927291123932,0.05100471950028223,0.34,0.9830985121204437,-0.1480592236894761,0.9607116058478955,-0.3481392557022809,0.9199950999077711,-0.7242897158863544,0.8826292410979177,-1.084433773509404,0.8475615928970988,-1.4365746298519406,0.7971877642515378,-1.9687875150060021,0.7286937053792424,-2.7490996398559426,0.7173684904893013,-2.885154061624649
127.23885152287046,20.316927291123932,0.05082629036839105,0.34,0.9830985121204437,-0.1480592236894761,0.9607116058478955,-0.3481392557022809,0.9199950999077711,-0.7242897158863544,0.8826292410979177,-1.084433773509404,0.8475615928970988,-1.4365746298519406,0.7971877642515378,-1.9687875150060021,0.7286937053792424,-2.7490996398559426,0.7173684904893013,-2.885154061624649
127.6855321217396,20.316927291123932,0.050648485432759,0.34,0.9830985121204437,-0.1480592236894761,0.9607116058478955,-0.3481392557022809,0.9199950999077711,-0.7242897158863544,0.8826292410979177,-1.084433773509404,0.8475615928970988,-1.4365746298519406,0.7971877642515378,-1.9687875150060021,0.7286937053792424,-2.7490996398559426,0.7173684904893013,-2.885154061624649
128.1337808230793,20.316927291123932,0.0504713025097685,0.34,0.9830985121204437,-0.1480592236894761,0.9607116058478955,-0.3481392557022809,0.9199950999077711,-0.7242897158863544,0.8826292410979177,-1.084433773509404,0.8475615928970988,-1.4365746298519406,0.7971877642515378,-1.9687875150060021,0.7286937053792424,-2.7490996398559426,0.7173684904893013,-2.885154061624649
128.5836031318191,20.316927291123932,0.05029473942344112,0.34,0.9830985121204437,-0.1480592236894761,0.9607116058478955,-0.3481392557022809,0.9199950999077711,-0.7242897158863544,0.8826292410979177,-1.084433773509404,0.8475615928970988,-1.4365746298519406,0.7971877642515378,-1.9687875150060021,0.7286937053792424,-2.7490996398559426,0.7173684904893013,-2.885154061624649
129.03500457221458,20.316927291123932,0.05011879400541039,0.34,0.9830985121204437,-0.1480592236894761,0.9607116058478955,-0.3481392557022809,0.9199950999077711,-0.7242897158863544,0.8826292410979177,-1.084433773509404,0.8475615928970988,-1.4365746298519406,0.7971877642515378,-1.9687875150060021,0.7286937053792424,-2.7490996398559426,0.7173684904893013,-2.885154061624649
129.4879906879141,20.316927291123932,0.049943464094895564,0.34,0.9830985121204437,-0.1480592236894761,0.9607116058478955,-0.3481392557022809,0.9199950999077711,-0.7242897158863544,0.8826292410979177,-1.084433773509404,0.8475615928970988,-1.4365746298519406,0.7971877642515378,-1.9687875150060021,0.7286937053792424,-2.7490996398559426,0.7173684904893013,-2.885154061624649
129.94256704202746,20.316927291123932,0.049768747538674954,0.34,0.9830985121204437,-0.1480592236894761,0.9607116058478955,-0.3481392557022809,0.9199950999077711,-0.7242897158863544,0.8826292410979177,-1.084433773509404,0.8475615928970988,-1.4365746298519406,0.7971877642515378,-1.9687875150060021,0.7286937053792424,-2.7490996398559426,0.7173684904893013,-2.885154061624649
130.3987392171945,20.316927291123932,0.04959464219105927,0.34,0.9830985121204437,-0.1480592236894761,0.9607116058478955,-0.3481392557022809,0.9199950999077711,-0.7242897158863544,0.8826292410979177,-1.084433773509404,0.8475615928970988,-1.4365746298519406,0.7971877642515378,-1.9687875150060021,0.7286937053792424,-2.7490996398559426,0.7173684904893013,-2.885154061624649
130.85651281565274,20.316927291123932,0.04942114591386569,0.34,0.9830985121204437,-0.1480592236894761,0.9607116058478955,-0.3481392557022809,0.9199950999077711,-0.7242897158863544,0.8826292410979177,-1.084433773509404,0.8475615928970988,-1.4365746298519406,0.7971877642515378,-1.9687875150060021,0.7286937053792424,-2.7490996398559426,0.7173684904893013,-2.885154061624649
131.31589345930726,20.316927291123932,0.04924825657639116,0.34,0.9830985121204437,-0.1480592236894761,0.9607116058478955,-0.3481392557022809,0.9199950999077711,-0.7242897158863544,0.8826292410979177,-1.084433773509404,0.8475615928970988,-1.4365746298519406,0.7971877642515378,-1.9687875150060021,0.7286937053792424,-2.7490996398559426,0.7173684904893013,-2.885154061624649
131.77688678979888,20.316927291123932,0.049075972055386566,0.34,0.9830985121204437,-0.1480592236894761,0.9607116058478955,-0.3481392557022809,0.9199950999077711,-0.7242897158863544,0.8826292410979177,-1.084433773509404,0.8475615928970988,-1.4365746298519406,0.7971877642515378,-1.9687875150060021,0.7286937053792424,-2.7490996398559426,0.7173684904893013,-2.885154061624649
132.23949846857386,20.316927291123932,0.04890429023503052,0.34,0.9830985121204437,-0.1480592236894761,0.9607116058478955,-0.3481392557022809,0.9199950999077711,-0.7242897158863544,0.8826292410979177,-1.084433773509404,0.8475615928970988,-1.4365746298519406,0.7971877642515378,-1.9687875150060021,0.7286937053792424,-2.7490996398559426,0.7173684904893013,-2.885154061624649
132.70373417695322,20.316927291123932,0.04873320900690339,0.34,0.9830985121204437,-0.1480592236894761,0.9607116058478955,-0.3481392557022809,0.9199950999077711,-0.7242897158863544,0.8826292410979177,-1.084433773509404,0.8475615928970988,-1.4365746298519406,0.7971877642515378,-1.9687875150060021,0.7286937053792424,-2.7490996398559426,0.7173684904893013,-2.885154061624649
133.16959961620307,20.316927291123932,0.04856272626996127,0.34,0.9830985121204437,-0.1480592236894761,0.9607116058478955,-0.3481392557022809,0.9199950999077711,-0.7242897158863544,0.8826292410979177,-1.084433773509404,0.8475615928970988,-1.4365746298519406,0.7971877642515378,-1.9687875150060021,0.7286937053792424,-2.7490996398559426,0.7173684904893013,-2.885154061624649
133.63710050760366,20.316927291123932,0.048392839930510516,0.34,0.9830985121204437,-0.1480592236894761,0.9607116058478955,-0.3481392557022809,0.9199950999077711,-0.7242897158863544,0.8826292410979177,-1.084433773509404,0.8475615928970988,-1.4365746298519406,0.7971877642515378,-1.9687875150060021,0.7286937053792424,-2.7490996398559426,0.7173684904893013,-2.885154061624649
134.1062425925207,20.316927291123932,0.04822354790218161,0.34,0.9830985121204437,-0.1480592236894761,0.9607116058478955,-0.3481392557022809,0.9199950999077711,-0.7242897158863544,0.8826292410979177,-1.084433773509404,0.8475615928970988,-1.4365746298519406,0.7971877642515378,-1.9687875150060021,0.7286937053792424,-2.7490996398559426,0.7173684904893013,-2.885154061624649
134.57703163247493,20.316927291123932,0.04805484810590392,0.34,0.9830985121204437,-0.1480592236894761,0.9607116058478955,-0.3481392557022809,0.9199950999077711,-0.7242897158863544,0.8826292410979177,-1.084433773509404,0.8475615928970988,-1.4365746298519406,0.7971877642515378,-1.9687875150060021,0.7286937053792424,-2.7490996398559426,0.7173684904893013,-2.885154061624649
135.0494734092134,20.316927291123932,0.04788673846987996,0.34,0.9830985121204437,-0.1480592236894761,0.9607116058478955,-0.3481392557022809,0.9199950999077711,-0.7242897158863544,0.8826292410979177,-1.084433773509404,0.8475615928970988,-1.4365746298519406,0.7971877642515378,-1.9687875150060021,0.7286937053792424,-2.7490996398559426,0.7173684904893013,-2.885154061624649
135.52357372478062,20.316927291123932,0.04771921692955989,0.34,0.9830985121204437,-0.1480592236894761,0.9607116058478955,-0.3481392557022809,0.9199950999077711,-0.7242897158863544,0.8826292410979177,-1.084433773509404,0.8475615928970988,-1.4365746298519406,0.7971877642515378,-1.9687875150060021,0.7286937053792424,-2.7490996398559426,0.7173684904893013,-2.885154061624649
135.9993384015892,20.316927291123932,0.04755228142761641,0.34,0.9830985121204437,-0.1480592236894761,0.9607116058478955,-0.3481392557022809,0.9199950999077711,-0.7242897158863544,0.8826292410979177,-1.084433773509404,0.8475615928970988,-1.4365746298519406,0.7971877642515378,-1.9687875150060021,0.7286937053792424,-2.7490996398559426,0.7173684904893013,-2.885154061624649
136.4767732824921,20.316927291123932,0.04738592991391919,0.34,0.9830985121204437,-0.1480592236894761,0.9607116058478955,-0.3481392557022809,0.9199950999077711,-0.7242897158863544,0.8826292410979177,-1.084433773509404,0.8475615928970988,-1.4365746298519406,0.7971877642515378,-1.9687875150060021,0.7286937053792424,-2.7490996398559426,0.7173684904893013,-2.885154061624649
136.95588423085374,20.316927291123932,0.04722016034550994,0.34,0.9830985121204437,-0.1480592236894761,0.9607116058478955,-0.3481392557022809,0.9199950999077711,-0.7242897158863544,0.8826292410979177,-1.084433773509404,0.8475615928970988,-1.4365746298519406,0.7971877642515378,-1.9687875150060021,0.7286937053792424,-2.7490996398559426,0.7173684904893013,-2.885154061624649
137.4366771306222,20.316927291123932,0.04705497068657725,0.34,0.9830985121204437,-0.1480592236894761,0.9607116058478955,-0.3481392557022809,0.9199950999077711,-0.7242897158863544,0.8826292410979177,-1.084433773509404,0.8475615928970988,-1.4365746298519406,0.7971877642515378,-1.9687875150060021,0.7286937053792424,-2.7490996398559426,0.7173684904893013,-2.885154061624649
137.91915788640202,20.316927291123932,0.04689035890843141,0.34,0.9830985121204437,-0.1480592236894761,0.9607116058478955,-0.3481392557022809,0.9199950999077711,-0.7242897158863544,0.8826292410979177,-1.084433773509404,0.8475615928970988,-1.4365746298519406,0.7971877642515378,-1.9687875150060021,0.7286937053792424,-2.7490996398559426,0.7173684904893013,-2.885154061624649
138.40333242352563,20.316927291123932,0.04672632298947987,0.34,0.9830985121204437,-0.1480592236894761,0.9607116058478955,-0.3481392557022809,0.9199950999077711,-0.7242897158863544,0.8826292410979177,-1.084433773509404,0.8475615928970988,-1.4365746298519406,0.7971877642515378,-1.9687875150060021,0.7286937053792424,-2.7490996398559426,0.7173684904893013,-2.885154061624649
138.88920668812733,20.316927291123932,0.046562860915201953,0.34,0.9830985121204437,-0.1480592236894761,0.9607116058478955,-0.3481392557022809,0.9199950999077711,-0.7242897158863544,0.8826292410979177,-1.084433773509404,0.8475615928970988,-1.4365746298519406,0.7971877642515378,-1.9687875150060021,0.7286937053792424,-2.7490996398559426,0.7173684904893013,-2.885154061624649
139.37678664721537,20.316927291123932,0.046399970678124514,0.34,0.9830985121204437,-0.1480592236894761,0.9607116058478955,-0.3481392557022809,0.9199950999077711,-0.7242897158863544,0.8826292410979177,-1.084433773509404,0.8475615928970988,-1.4365746298519406,0.7971877642515378,-1.9687875150060021,0.7286937053792424,-2.7490996398559426,0.7173684904893013,-2.885154061624649
139.86607828874565,20.316927291123932,0.04623765027779709,0.34,0.9830985121204437,-0.1480592236894761,0.9607116058478955,-0.3481392557022809,0.9199950999077711,-0.7242897158863544,0.8826292410979177,-1.084433773509404,0.8475615928970988,-1.4365746298519406,0.7971877642515378,-1.9687875150060021,0.7286937053792424,-2.7490996398559426,0.7173684904893013,-2.885154061624649
140.35708762169506,20.316927291123932,0.0460758977207674,0.34,0.9830985121204437,-0.1480592236894761,0.9607116058478955,-0.3481392557022809,0.9199950999077711,-0.7242897158863544,0.8826292410979177,-1.084433773509404,0.8475615928970988,-1.4365746298519406,0.7971877642515378,-1.9687875150060021,0.7286937053792424,-2.7490996398559426,0.7173684904893013,-2.885154061624649
140.84982067613586,20.316927291123932,0.0459147110205567,0.34,0.9830985121204437,-0.1480592236894761,0.9607116058478955,-0.3481392557022809,0.9199950999077711,-0.7242897158863544,0.8826292410979177,-1.084433773509404,0.8475615928970988,-1.4365746298519406,0.7971877642515378,-1.9687875150060021,0.7286937053792424,-2.7490996398559426,0.7173684904893013,-2.885154061624649
141.34428350330873,20.316927291123932,0.045754088197635684,0.34,0.9830985121204437,-0.1480592236894761,0.9607116058478955,-0.3481392557022809,0.9199950999077711,-0.7242897158863544,0.8826292410979177,-1.084433773509404,0.8475615928970988,-1.4365746298519406,0.7971877642515378,-1.9687875150060021,0.7286937053792424,-2.7490996398559426,0.7173684904893013,-2.885154061624649
141.84048217569818,20.316927291123932,0.04559402727939984,0.34,0.9830985121204437,-0.1480592236894761,0.9607116058478955,-0.3481392557022809,0.9199950999077711,-0.7242897158863544,0.8826292410979177,-1.084433773509404,0.8475615928970988,-1.4365746298519406,0.7971877642515378,-1.9687875150060021,0.7286937053792424,-2.7490996398559426,0.7173684904893013,-2.885154061624649
142.33842278710614,20.316927291123932,0.04543452630014554,0.34,0.9830985121204437,-0.1480592236894761,0.9607116058478955,-0.3481392557022809,0.9199950999077711,-0.7242897158863544,0.8826292410979177,-1.084433773509404,0.8475615928970988,-1.4365746298519406,0.7971877642515378,-1.9687875150060021,0.7286937053792424,-2.7490996398559426,0.7173684904893013,-2.885154061624649
142.8381114527273,20.316927291123932,0.04527558330104573,0.34,0.9830985121204437,-0.1480592236894761,0.9607116058478955,-0.3481392557022809,0.9199950999077711,-0.7242897158863544,0.8826292410979177,-1.084433773509404,0.8475615928970988,-1.4365746298519406,0.7971877642515378,-1.9687875150060021,0.7286937053792424,-2.7490996398559426,0.7173684904893013,-2.885154061624649
143.33955430922458,20.316927291123932,0.045117196330125765,0.34,0.9830985121204437,-0.1480592236894761,0.9607116058478955,-0.3481392557022809,0.9199950999077711,-0.7242897158863544,0.8826292410979177,-1.084433773509404,0.8475615928970988,-1.4365746298519406,0.7971877642515378,-1.9687875150060021,0.7286937053792424,-2.7490996398559426,0.7173684904893013,-2.885154061624649
143.84275751480342,20.316927291123932,0.04495936344223975,0.34,0.9830985121204437,-0.1480592236894761,0.9607116058478955,-0.3481392557022809,0.9199950999077711,-0.7242897158863544,0.8826292410979177,-1.084433773509404,0.8475615928970988,-1.4365746298519406,0.7971877642515378,-1.9687875150060021,0.7286937053792424,-2.7490996398559426,0.7173684904893013,-2.885154061624649
144.34772724928874,20.316927291123932,0.04480208269904627,0.34,0.9830985121204437,-0.1480592236894761,0.9607116058478955,-0.3481392557022809,0.9199950999077711,-0.7242897158863544,0.8826292410979177,-1.084433773509404,0.8475615928970988,-1.4365746298519406,0.7971877642515378,-1.9687875150060021,0.7286937053792424,-2.7490996398559426,0.7173684904893013,-2.885154061624649
144.8544697141996,20.316927291123932,0.04464535216898497,0.34,0.9830985121204437,-0.1480592236894761,0.9607116058478955,-0.3481392557022809,0.9199950999077711,-0.7242897158863544,0.8826292410979177,-1.084433773509404,0.8475615928970988,-1.4365746298519406,0.7971877642515378,-1.9687875150060021,0.7286937053792424,-2.7490996398559426,0.7173684904893013,-2.885154061624649
145.3629911328262,20.316927291123932,0.04448916992725254,0.34,0.9830985121204437,-0.1480592236894761,0.9607116058478955,-0.3481392557022809,0.9199950999077711,-0.7242897158863544,0.8826292410979177,-1.084433773509404,0.8475615928970988,-1.4365746298519406,0.7971877642515378,-1.9687875150060021,0.7286937053792424,-2.7490996398559426,0.7173684904893013,-2.885154061624649
145.87329775030577,20.316927291123932,0.044333534055779264,0.34,0.9830985121204437,-0.1480592236894761,0.9607116058478955,-0.3481392557022809,0.9199950999077711,-0.7242897158863544,0.8826292410979177,-1.084433773509404,0.8475615928970988,-1.4365746298519406,0.7971877642515378,-1.9687875150060021,0.7286937053792424,-2.7490996398559426,0.7173684904893013,-2.885154061624649
146.38539583369996,20.316927291123932,0.044178442643205244,0.34,0.9830985121204437,-0.1480592236894761,0.9607116058478955,-0.3481392557022809,0.9199950999077711,-0.7242897158863544,0.8826292410979177,-1.084433773509404,0.8475615928970988,-1.4365746298519406,0.7971877642515378,-1.9687875150060021,0.7286937053792424,-2.7490996398559426,0.7173684904893013,-2.885154061624649
146.89929167207083,20.316927291123932,0.044023893784857236,0.34,0.9830985121204437,-0.1480592236894761,0.9607116058478955,-0.3481392557022809,0.9199950999077711,-0.7242897158863544,0.8826292410979177,-1.084433773509404,0.8475615928970988,-1.4365746298519406,0.7971877642515378,-1.9687875150060021,0.7286937053792424,-2.7490996398559426,0.7173684904893013,-2.885154061624649
147.4149915765592,20.316927291123932,0.043869885582724914,0.34,0.9830985121204437,-0.1480592236894761,0.9607116058478955,-0.3481392557022809,0.9199950999077711,-0.7242897158863544,0.8826292410979177,-1.084433773509404,0.8475615928970988,-1.4365746298519406,0.7971877642515378,-1.9687875150060021,0.7286937053792424,-2.7490996398559426,0.7173684904893013,-2.885154061624649
147.93250188046105,20.316927291123932,0.0437164161454379,0.34,0.9830985121204437,-0.1480592236894761,0.9607116058478955,-0.3481392557022809,0.9199950999077711,-0.7242897158863544,0.8826292410979177,-1.084433773509404,0.8475615928970988,-1.4365746298519406,0.7971877642515378,-1.9687875150060021,0.7286937053792424,-2.7490996398559426,0.7173684904893013,-2.885154061624649
148.45182893930595,20.316927291123932,0.04356348358824231,0.34,0.9830985121204437,-0.1480592236894761,0.9607116058478955,-0.3481392557022809,0.9199950999077711,-0.7242897158863544,0.8826292410979177,-1.084433773509404,0.8475615928970988,-1.4365746298519406,0.7971877642515378,-1.9687875150060021,0.7286937053792424,-2.7490996398559426,0.7173684904893013,-2.885154061624649
148.97297913093533,20.316927291123932,0.043411086032977594,0.34,0.9830985121204437,-0.1480592236894761,0.9607116058478955,-0.3481392557022809,0.9199950999077711,-0.7242897158863544,0.8826292410979177,-1.084433773509404,0.8475615928970988,-1.4365746298519406,0.7971877642515378,-1.9687875150060021,0.7286937053792424,-2.7490996398559426,0.7173684904893013,-2.885154061624649
149.49595885557991,20.316927291123932,0.0432592216080537,0.34,0.9830985121204437,-0.1480592236894761,0.9607116058478955,-0.3481392557022809,0.9199950999077711,-0.7242897158863544,0.8826292410979177,-1.084433773509404,0.8475615928970988,-1.4365746298519406,0.7971877642515378,-1.9687875150060021,0.7286937053792424,-2.7490996398559426,0.7173684904893013,-2.885154061624649
150.0207745359395,20.316927291123932,0.04310788844842774,0.34,0.9830985121204437,-0.1480592236894761,0.9607116058478955,-0.3481392557022809,0.9199950999077711,-0.7242897158863544,0.8826292410979177,-1.084433773509404,0.8475615928970988,-1.4365746298519406,0.7971877642515378,-1.9687875150060021,0.7286937053792424,-2.7490996398559426,0.7173684904893013,-2.885154061624649
150.54743261726068,20.316927291123932,0.04295708469558146,0.34,0.9830985121204437,-0.1480592236894761,0.9607116058478955,-0.3481392557022809,0.9199950999077711,-0.7242897158863544,0.8826292410979177,-1.084433773509404,0.8475615928970988,-1.4365746298519406,0.7971877642515378,-1.9687875150060021,0.7286937053792424,-2.7490996398559426,0.7173684904893013,-2.885154061624649
151.07593956741655,20.316927291123932,0.04280680849749818,0.34,0.9830985121204437,-0.1480592236894761,0.9607116058478955,-0.3481392557022809,0.9199950999077711,-0.7242897158863544,0.8826292410979177,-1.084433773509404,0.8475615928970988,-1.4365746298519406,0.7971877642515378,-1.9687875150060021,0.7286937053792424,-2.7490996398559426,0.7173684904893013,-2.885154061624649
151.6063018769866,20.316927291123932,0.04265705800864003,0.34,0.9830985121204437,-0.1480592236894761,0.9607116058478955,-0.3481392557022809,0.9199950999077711,-0.7242897158863544,0.8826292410979177,-1.084433773509404,0.8475615928970988,-1.4365746298519406,0.7971877642515378,-1.9687875150060021,0.7286937053792424,-2.7490996398559426,0.7173684904893013,-2.885154061624649
152.1385260593353,20.316927291123932,0.042507831389925484,0.34,0.9830985121204437,-0.1480592236894761,0.9607116058478955,-0.3481392557022809,0.9199950999077711,-0.7242897158863544,0.8826292410979177,-1.084433773509404,0.8475615928970988,-1.4365746298519406,0.7971877642515378,-1.9687875150060021,0.7286937053792424,-2.7490996398559426,0.7173684904893013,-2.885154061624649
152.67261865069335,20.316927291123932,0.0423591268087065,0.34,0.9830985121204437,-0.1480592236894761,0.9607116058478955,-0.3481392557022809,0.9199950999077711,-0.7242897158863544,0.8826292410979177,-1.084433773509404,0.8475615928970988,-1.4365746298519406,0.7971877642515378,-1.9687875150060021,0.7286937053792424,-2.7490996398559426,0.7173684904893013,-2.885154061624649
153.20858621023686,20.316927291123932,0.04221094243874631,0.34,0.9830985121204437,-0.1480592236894761,0.9607116058478955,-0.3481392557022809,0.9199950999077711,-0.7242897158863544,0.8826292410979177,-1.084433773509404,0.8475615928970988,-1.4365746298519406,0.7971877642515378,-1.9687875150060021,0.7286937053792424,-2.7490996398559426,0.7173684904893013,-2.885154061624649
153.7464353201685,20.316927291123932,0.04206327646019677,0.34,0.9830985121204437,-0.1480592236894761,0.9607116058478955,-0.3481392557022809,0.9199950999077711,-0.7242897158863544,0.8826292410979177,-1.084433773509404,0.8475615928970988,-1.4365746298519406,0.7971877642515378,-1.9687875150060021,0.7286937053792424,-2.7490996398559426,0.7173684904893013,-2.885154061624649
154.2861725857981,20.316927291123932,0.041916127059576154,0.34,0.9830985121204437,-0.1480592236894761,0.9607116058478955,-0.3481392557022809,0.9199950999077711,-0.7242897158863544,0.8826292410979177,-1.084433773509404,0.8475615928970988,-1.4365746298519406,0.7971877642515378,-1.9687875150060021,0.7286937053792424,-2.7490996398559426,0.7173684904893013,-2.885154061624649
154.82780463562437,20.316927291123932,0.041769492429746674,0.34,0.9830985121204437,-0.1480592236894761,0.9607116058478955,-0.3481392557022809,0.9199950999077711,-0.7242897158863544,0.8826292410979177,-1.084433773509404,0.8475615928970988,-1.4365746298519406,0.7971877642515378,-1.9687875150060021,0.7286937053792424,-2.7490996398559426,0.7173684904893013,-2.885154061624649
155.3713381214151,20.316927291123932,0.0416233707698926,0.34,0.9830985121204437,-0.1480592236894761,0.9607116058478955,-0.3481392557022809,0.9199950999077711,-0.7242897158863544,0.8826292410979177,-1.084433773509404,0.8475615928970988,-1.4365746298519406,0.7971877642515378,-1.9687875150060021,0.7286937053792424,-2.7490996398559426,0.7173684904893013,-2.885154061624649
155.91677971829026,20.316927291123932,0.04147776028549781,0.34,0.9830985121204437,-0.1480592236894761,0.9607116058478955,-0.3481392557022809,0.9199950999077711,-0.7242897158863544,0.8826292410979177,-1.084433773509404,0.8475615928970988,-1.4365746298519406,0.7971877642515378,-1.9687875150060021,0.7286937053792424,-2.7490996398559426,0.7173684904893013,-2.885154061624649
156.46413612480274,20.316927291123932,0.04133265918832403,0.34,0.9830985121204437,-0.1480592236894761,0.9607116058478955,-0.3481392557022809,0.9199950999077711,-0.7242897158863544,0.8826292410979177,-1.084433773509404,0.8475615928970988,-1.4365746298519406,0.7971877642515378,-1.9687875150060021,0.7286937053792424,-2.7490996398559426,0.7173684904893013,-2.885154061624649
157.0134140630212,20.316927291123932,0.04118806569638877,0.34,0.9830985121204437,-0.1480592236894761,0.9607116058478955,-0.3481392557022809,0.9199950999077711,-0.7242897158863544,0.8826292410979177,-1.084433773509404,0.8475615928970988,-1.4365746298519406,0.7971877642515378,-1.9687875150060021,0.7286937053792424,-2.7490996398559426,0.7173684904893013,-2.885154061624649
157.56462027861306,20.316927291123932,0.04104397803394329,0.34,0.9830985121204437,-0.1480592236894761,0.9607116058478955,-0.3481392557022809,0.9199950999077711,-0.7242897158863544,0.8826292410979177,-1.084433773509404,0.8475615928970988,-1.4365746298519406,0.7971877642515378,-1.9687875150060021,0.7286937053792424,-2.7490996398559426,0.7173684904893013,-2.885154061624649
158.11776154092624,20.316927291123932,0.04090039443145108,0.34,0.9830985121204437,-0.1480592236894761,0.9607116058478955,-0.3481392557022809,0.9199950999077711,-0.7242897158863544,0.8826292410979177,-1.084433773509404,0.8475615928970988,-1.4365746298519406,0.7971877642515378,-1.9687875150060021,0.7286937053792424,-2.7490996398559426,0.7173684904893013,-2.885154061624649
158.6728446430735,20.316927291123932,0.040757313125565846,0.34,0.9830985121204437,-0.1480592236894761,0.9607116058478955,-0.3481392557022809,0.9199950999077711,-0.7242897158863544,0.8826292410979177,-1.084433773509404,0.8475615928970988,-1.4365746298519406,0.7971877642515378,-1.9687875150060021,0.7286937053792424,-2.7490996398559426,0.7173684904893013,-2.885154061624649
159.2298764020148,20.316927291123932,0.04061473235911008,0.34,0.9830985121204437,-0.1480592236894761,0.9607116058478955,-0.3481392557022809,0.9199950999077711,-0.7242897158863544,0.8826292410979177,-1.084433773509404,0.8475615928970988,-1.4365746298519406,0.7971877642515378,-1.9687875150060021,0.7286937053792424,-2.7490996398559426,0.7173684904893013,-2.885154061624649
159.7888636586416,20.316927291123932,0.040472650381053396,0.34,0.9830985121204437,-0.1480592236894761,0.9607116058478955,-0.3481392557022809,0.9199950999077711,-0.7242897158863544,0.8826292410979177,-1.084433773509404,0.8475615928970988,-1.4365746298519406,0.7971877642515378,-1.9687875150060021,0.7286937053792424,-2.7490996398559426,0.7173684904893013,-2.885154061624649
160.3498132778611,20.316927291123932,0.040331065446490885,0.34,0.9830985121204437,-0.1480592236894761,0.9607116058478955,-0.3481392557022809,0.9199950999077711,-0.7242897158863544,0.8826292410979177,-1.084433773509404,0.8475615928970988,-1.4365746298519406,0.7971877642515378,-1.9687875150060021,0.7286937053792424,-2.7490996398559426,0.7173684904893013,-2.885154061624649
160.91273214867968,20.316927291123932,0.040189975816621995,0.34,0.9830985121204437,-0.1480592236894761,0.9607116058478955,-0.3481392557022809,0.9199950999077711,-0.7242897158863544,0.8826292410979177,-1.084433773509404,0.8475615928970988,-1.4365746298519406,0.7971877642515378,-1.9687875150060021,0.7286937053792424,-2.7490996398559426,0.7173684904893013,-2.885154061624649
161.4776271842887,20.316927291123932,0.04004937975872881,0.34,0.9830985121204437,-0.1480592236894761,0.9607116058478955,-0.3481392557022809,0.9199950999077711,-0.7242897158863544,0.8826292410979177,-1.084433773509404,0.8475615928970988,-1.4365746298519406,0.7971877642515378,-1.9687875150060021,0.7286937053792424,-2.7490996398559426,0.7173684904893013,-2.885154061624649
162.0445053221482,20.316927291123932,0.0399092755461551,0.34,0.9830985121204437,-0.1480592236894761,0.9607116058478955,-0.3481392557022809,0.9199950999077711,-0.7242897158863544,0.8826292410979177,-1.084433773509404,0.8475615928970988,-1.4365746298519406,0.7971877642515378,-1.9687875150060021,0.7286937053792424,-2.7490996398559426,0.7173684904893013,-2.885154061624649
162.61337352407284,20.316927291123932,0.03976966145828492,0.34,0.9830985121204437,-0.1480592236894761,0.9607116058478955,-0.3481392557022809,0.9199950999077711,-0.7242897158863544,0.8826292410979177,-1.084433773509404,0.8475615928970988,-1.4365746298519406,0.7971877642515378,-1.9687875150060021,0.7286937053792424,-2.7490996398559426,0.7173684904893013,-2.885154061624649
163.18423877631702,20.316927291123932,0.039630535780521586,0.34,0.9830985121204437,-0.1480592236894761,0.9607116058478955,-0.3481392557022809,0.9199950999077711,-0.7242897158863544,0.8826292410979177,-1.084433773509404,0.8475615928970988,-1.4365746298519406,0.7971877642515378,-1.9687875150060021,0.7286937053792424,-2.7490996398559426,0.7173684904893013,-2.885154061624649
163.7571080896614,20.316927291123932,0.03949189680426642,0.34,0.9830985121204437,-0.1480592236894761,0.9607116058478955,-0.3481392557022809,0.9199950999077711,-0.7242897158863544,0.8826292410979177,-1.084433773509404,0.8475615928970988,-1.4365746298519406,0.7971877642515378,-1.9687875150060021,0.7286937053792424,-2.7490996398559426,0.7173684904893013,-2.885154061624649
164.33198849949767,20.316927291123932,0.03935374282689811,0.34,0.9830985121204437,-0.1480592236894761,0.9607116058478955,-0.3481392557022809,0.9199950999077711,-0.7242897158863544,0.8826292410979177,-1.084433773509404,0.8475615928970988,-1.4365746298519406,0.7971877642515378,-1.9687875150060021,0.7286937053792424,-2.7490996398559426,0.7173684904893013,-2.885154061624649
164.9088870659166,20.316927291123932,0.03921607215175141,0.34,0.9830985121204437,-0.1480592236894761,0.9607116058478955,-0.3481392557022809,0.9199950999077711,-0.7242897158863544,0.8826292410979177,-1.084433773509404,0.8475615928970988,-1.4365746298519406,0.7971877642515378,-1.9687875150060021,0.7286937053792424,-2.7490996398559426,0.7173684904893013,-2.885154061624649
165.4878108737932,20.316927291123932,0.03907888308809662,0.34,0.9830985121204437,-0.1480592236894761,0.9607116058478955,-0.3481392557022809,0.9199950999077711,-0.7242897158863544,0.8826292410979177,-1.084433773509404,0.8475615928970988,-1.4365746298519406,0.7971877642515378,-1.9687875150060021,0.7286937053792424,-2.7490996398559426,0.7173684904893013,-2.885154061624649
166.06876703287455,20.316927291123932,0.038942173951118715,0.34,0.9830985121204437,-0.1480592236894761,0.9607116058478955,-0.3481392557022809,0.9199950999077711,-0.7242897158863544,0.8826292410979177,-1.084433773509404,0.8475615928970988,-1.4365746298519406,0.7971877642515378,-1.9687875150060021,0.7286937053792424,-2.7490996398559426,0.7173684904893013,-2.885154061624649
166.6517626778674,20.316927291123932,0.0388059430618965,0.34,0.9830985121204437,-0.1480592236894761,0.9607116058478955,-0.3481392557022809,0.9199950999077711,-0.7242897158863544,0.8826292410979177,-1.084433773509404,0.8475615928970988,-1.4365746298519406,0.7971877642515378,-1.9687875150060021,0.7286937053792424,-2.7490996398559426,0.7173684904893013,-2.885154061624649
167.23680496852472,20.316927291123932,0.03867018874738228,0.34,0.9830985121204437,-0.1480592236894761,0.9607116058478955,-0.3481392557022809,0.9199950999077711,-0.7242897158863544,0.8826292410979177,-1.084433773509404,0.8475615928970988,-1.4365746298519406,0.7971877642515378,-1.9687875150060021,0.7286937053792424,-2.7490996398559426,0.7173684904893013,-2.885154061624649
167.82390108973496,20.316927291123932,0.03853490934038103,0.34,0.9830985121204437,-0.1480592236894761,0.9607116058478955,-0.3481392557022809,0.9199950999077711,-0.7242897158863544,0.8826292410979177,-1.084433773509404,0.8475615928970988,-1.4365746298519406,0.7971877642515378,-1.9687875150060021,0.7286937053792424,-2.7490996398559426,0.7173684904893013,-2.885154061624649
168.4130582516091,20.316927291123932,0.03840010317953014,0.34,0.9830985121204437,-0.1480592236894761,0.9607116058478955,-0.3481392557022809,0.9199950999077711,-0.7242897158863544,0.8826292410979177,-1.084433773509404,0.8475615928970988,-1.4365746298519406,0.7971877642515378,-1.9687875150060021,0.7286937053792424,-2.7490996398559426,0.7173684904893013,-2.885154061624649
169.00428368956986,20.316927291123932,0.03826576860927891,0.34,0.9830985121204437,-0.1480592236894761,0.9607116058478955,-0.3481392557022809,0.9199950999077711,-0.7242897158863544,0.8826292410979177,-1.084433773509404,0.8475615928970988,-1.4365746298519406,0.7971877642515378,-1.9687875150060021,0.7286937053792424,-2.7490996398559426,0.7173684904893013,-2.885154061624649
169.59758466444023,20.316927291123932,0.038131903979868244,0.34,0.9830985121204437,-0.1480592236894761,0.9607116058478955,-0.3481392557022809,0.9199950999077711,-0.7242897158863544,0.8826292410979177,-1.084433773509404,0.8475615928970988,-1.4365746298519406,0.7971877642515378,-1.9687875150060021,0.7286937053792424,-2.7490996398559426,0.7173684904893013,-2.885154061624649
170.19296846253334,20.316927291123932,0.037998507647310276,0.34,0.9830985121204437,-0.1480592236894761,0.9607116058478955,-0.3481392557022809,0.9199950999077711,-0.7242897158863544,0.8826292410979177,-1.084433773509404,0.8475615928970988,-1.4365746298519406,0.7971877642515378,-1.9687875150060021,0.7286937053792424,-2.7490996398559426,0.7173684904893013,-2.885154061624649
170.79044239574074,20.316927291123932,0.037865577973368425,0.34,0.9830985121204437,-0.1480592236894761,0.9607116058478955,-0.3481392557022809,0.9199950999077711,-0.7242897158863544,0.8826292410979177,-1.084433773509404,0.8475615928970988,-1.4365746298519406,0.7971877642515378,-1.9687875150060021,0.7286937053792424,-2.7490996398559426,0.7173684904893013,-2.885154061624649
171.3900138016235,20.316927291123932,0.037733113325537,0.34,0.9830985121204437,-0.1480592236894761,0.9607116058478955,-0.3481392557022809,0.9199950999077711,-0.7242897158863544,0.8826292410979177,-1.084433773509404,0.8475615928970988,-1.4365746298519406,0.7971877642515378,-1.9687875150060021,0.7286937053792424,-2.7490996398559426,0.7173684904893013,-2.885154061624649
171.99169004350125,20.316927291123932,0.03760111207702136,0.34,0.9830985121204437,-0.1480592236894761,0.9607116058478955,-0.3481392557022809,0.9199950999077711,-0.7242897158863544,0.8826292410979177,-1.084433773509404,0.8475615928970988,-1.4365746298519406,0.7971877642515378,-1.9687875150060021,0.7286937053792424,-2.7490996398559426,0.7173684904893013,-2.885154061624649
172.595478510543,20.316927291123932,0.0374695726067179,0.34,0.9830985121204437,-0.1480592236894761,0.9607116058478955,-0.3481392557022809,0.9199950999077711,-0.7242897158863544,0.8826292410979177,-1.084433773509404,0.8475615928970988,-1.4365746298519406,0.7971877642515378,-1.9687875150060021,0.7286937053792424,-2.7490996398559426,0.7173684904893013,-2.885154061624649
173.20138661785847,20.316927291123932,0.03733849329919395,0.34,0.9830985121204437,-0.1480592236894761,0.9607116058478955,-0.3481392557022809,0.9199950999077711,-0.7242897158863544,0.8826292410979177,-1.084433773509404,0.8475615928970988,-1.4365746298519406,0.7971877642515378,-1.9687875150060021,0.7286937053792424,-2.7490996398559426,0.7173684904893013,-2.885154061624649
173.80942180658795,20.316927291123932,0.037207872544668265,0.34,0.9830985121204437,-0.1480592236894761,0.9607116058478955,-0.3481392557022809,0.9199950999077711,-0.7242897158863544,0.8826292410979177,-1.084433773509404,0.8475615928970988,-1.4365746298519406,0.7971877642515378,-1.9687875150060021,0.7286937053792424,-2.7490996398559426,0.7173684904893013,-2.885154061624649
174.419591543995,20.316927291123932,0.03707770873899091,0.34,0.9830985121204437,-0.1480592236894761,0.9607116058478955,-0.3481392557022809,0.9199950999077711,-0.7242897158863544,0.8826292410979177,-1.084433773509404,0.8475615928970988,-1.4365746298519406,0.7971877642515378,-1.9687875150060021,0.7286937053792424,-2.7490996398559426,0.7173684904893013,-2.885154061624649
175.0319033235571,20.316927291123932,0.03694800028362385,0.34,0.9830985121204437,-0.1480592236894761,0.9607116058478955,-0.3481392557022809,0.9199950999077711,-0.7242897158863544,0.8826292410979177,-1.084433773509404,0.8475615928970988,-1.4365746298519406,0.7971877642515378,-1.9687875150060021,0.7286937053792424,-2.7490996398559426,0.7173684904893013,-2.885154061624649
175.64636466505794,20.316927291123932,0.036818745585621176,0.34,0.9830985121204437,-0.1480592236894761,0.9607116058478955,-0.3481392557022809,0.9199950999077711,-0.7242897158863544,0.8826292410979177,-1.084433773509404,0.8475615928970988,-1.4365746298519406,0.7971877642515378,-1.9687875150060021,0.7286937053792424,-2.7490996398559426,0.7173684904893013,-2.885154061624649
176.2629831146806,20.316927291123932,0.03668994305760947,0.34,0.9830985121204437,-0.1480592236894761,0.9607116058478955,-0.3481392557022809,0.9199950999077711,-0.7242897158863544,0.8826292410979177,-1.084433773509404,0.8475615928970988,-1.4365746298519406,0.7971877642515378,-1.9687875150060021,0.7286937053792424,-2.7490996398559426,0.7173684904893013,-2.885154061624649
176.8817662450987,20.316927291123932,0.03656159111776853,0.34,0.9830985121204437,-0.1480592236894761,0.9607116058478955,-0.3481392557022809,0.9199950999077711,-0.7242897158863544,0.8826292410979177,-1.084433773509404,0.8475615928970988,-1.4365746298519406,0.7971877642515378,-1.9687875150060021,0.7286937053792424,-2.7490996398559426,0.7173684904893013,-2.885154061624649
177.50272165557104,20.316927291123932,0.036433688189811686,0.34,0.9830985121204437,-0.1480592236894761,0.9607116058478955,-0.3481392557022809,0.9199950999077711,-0.7242897158863544,0.8826292410979177,-1.084433773509404,0.8475615928970988,-1.4365746298519406,0.7971877642515378,-1.9687875150060021,0.7286937053792424,-2.7490996398559426,0.7173684904893013,-2.885154061624649
178.12585697203357,20.316927291123932,0.03630623270296667,0.34,0.9830985121204437,-0.1480592236894761,0.9607116058478955,-0.3481392557022809,0.9199950999077711,-0.7242897158863544,0.8826292410979177,-1.084433773509404,0.8475615928970988,-1.4365746298519406,0.7971877642515378,-1.9687875150060021,0.7286937053792424,-2.7490996398559426,0.7173684904893013,-2.885154061624649
178.75117984719384,20.316927291123932,0.03617922309195619,0.34,0.9830985121204437,-0.1480592236894761,0.9607116058478955,-0.3481392557022809,0.9199950999077711,-0.7242897158863544,0.8826292410979177,-1.084433773509404,0.8475615928970988,-1.4365746298519406,0.7971877642515378,-1.9687875150060021,0.7286937053792424,-2.7490996398559426,0.7173684904893013,-2.885154061624649
179.37869796062444,20.316927291123932,0.03605265779697878,0.34,0.9830985121204437,-0.1480592236894761,0.9607116058478955,-0.3481392557022809,0.9199950999077711,-0.7242897158863544,0.8826292410979177,-1.084433773509404,0.8475615928970988,-1.4365746298519406,0.7971877642515378,-1.9687875150060021,0.7286937053792424,-2.7490996398559426,0.7173684904893013,-2.885154061624649
180.0084190188583,20.316927291123932,0.0359265352636895,0.34,0.9830985121204437,-0.1480592236894761,0.9607116058478955,-0.3481392557022809,0.9199950999077711,-0.7242897158863544,0.8826292410979177,-1.084433773509404,0.8475615928970988,-1.4365746298519406,0.7971877642515378,-1.9687875150060021,0.7286937053792424,-2.7490996398559426,0.7173684904893013,-2.885154061624649
180.64035075548182,20.316927291123932,0.0358008539431811,0.34,0.9830985121204437,-0.1480592236894761,0.9607116058478955,-0.3481392557022809,0.9199950999077711,-0.7242897158863544,0.8826292410979177,-1.084433773509404,0.8475615928970988,-1.4365746298519406,0.7971877642515378,-1.9687875150060021,0.7286937053792424,-2.7490996398559426,0.7173684904893013,-2.885154061624649
181.27450093123147,20.316927291123932,0.035675612291964705,0.34,0.9830985121204437,-0.1480592236894761,0.9607116058478955,-0.3481392557022809,0.9199950999077711,-0.7242897158863544,0.8826292410979177,-1.084433773509404,0.8475615928970988,-1.4365746298519406,0.7971877642515378,-1.9687875150060021,0.7286937053792424,-2.7490996398559426,0.7173684904893013,-2.885154061624649
181.91087733408776,20.316927291123932,0.03555080877195111,0.34,0.9830985121204437,-0.1480592236894761,0.9607116058478955,-0.3481392557022809,0.9199950999077711,-0.7242897158863544,0.8826292410979177,-1.084433773509404,0.8475615928970988,-1.4365746298519406,0.7971877642515378,-1.9687875150060021,0.7286937053792424,-2.7490996398559426,0.7173684904893013,-2.885154061624649
182.5494877793714,20.316927291123932,0.03542644185043179,0.34,0.9830985121204437,-0.1480592236894761,0.9607116058478955,-0.3481392557022809,0.9199950999077711,-0.7242897158863544,0.8826292410979177,-1.084433773509404,0.8475615928970988,-1.4365746298519406,0.7971877642515378,-1.9687875150060021,0.7286937053792424,-2.7490996398559426,0.7173684904893013,-2.885154061624649
183.1903401098399,20.316927291123932,0.03530251000005997,0.34,0.9830985121204437,-0.1480592236894761,0.9607116058478955,-0.3481392557022809,0.9199950999077711,-0.7242897158863544,0.8826292410979177,-1.084433773509404,0.8475615928970988,-1.4365746298519406,0.7971877642515378,-1.9687875150060021,0.7286937053792424,-2.7490996398559426,0.7173684904893013,-2.885154061624649
183.83344219578254,20.316927291123932,0.035179011698832106,0.34,0.9830985121204437,-0.1480592236894761,0.9607116058478955,-0.3481392557022809,0.9199950999077711,-0.7242897158863544,0.8826292410979177,-1.084433773509404,0.8475615928970988,-1.4365746298519406,0.7971877642515378,-1.9687875150060021,0.7286937053792424,-2.7490996398559426,0.7173684904893013,-2.885154061624649
184.47880193511853,20.316927291123932,0.03505594543006892,0.34,0.9830985121204437,-0.1480592236894761,0.9607116058478955,-0.3481392557022809,0.9199950999077711,-0.7242897158863544,0.8826292410979177,-1.084433773509404,0.8475615928970988,-1.4365746298519406,0.7971877642515378,-1.9687875150060021,0.7286937053792424,-2.7490996398559426,0.7173684904893013,-2.885154061624649
185.12642725349272,20.316927291123932,0.034933309682397044,0.34,0.9830985121204437,-0.1480592236894761,0.9607116058478955,-0.3481392557022809,0.9199950999077711,-0.7242897158863544,0.8826292410979177,-1.084433773509404,0.8475615928970988,-1.4365746298519406,0.7971877642515378,-1.9687875150060021,0.7286937053792424,-2.7490996398559426,0.7173684904893013,-2.885154061624649
185.77632610437342,20.316927291123932,0.03481110294973029,0.34,0.9830985121204437,-0.1480592236894761,0.9607116058478955,-0.3481392557022809,0.9199950999077711,-0.7242897158863544,0.8826292410979177,-1.084433773509404,0.8475615928970988,-1.4365746298519406,0.7971877642515378,-1.9687875150060021,0.7286937053792424,-2.7490996398559426,0.7173684904893013,-2.885154061624649
186.42850646915073,20.316927291123932,0.034689323731251095,0.34,0.9830985121204437,-0.1480592236894761,0.9607116058478955,-0.3481392557022809,0.9199950999077711,-0.7242897158863544,0.8826292410979177,-1.084433773509404,0.8475615928970988,-1.4365746298519406,0.7971877642515378,-1.9687875150060021,0.7286937053792424,-2.7490996398559426,0.7173684904893013,-2.885154061624649
187.08297635723324,20.316927291123932,0.03456797053139234,0.34,0.9830985121204437,-0.1480592236894761,0.9607116058478955,-0.3481392557022809,0.9199950999077711,-0.7242897158863544,0.8826292410979177,-1.084433773509404,0.8475615928970988,-1.4365746298519406,0.7971877642515378,-1.9687875150060021,0.7286937053792424,-2.7490996398559426,0.7173684904893013,-2.885154061624649
187.7397438061478,20.316927291123932,0.034447041859818686,0.34,0.9830985121204437,-0.1480592236894761,0.9607116058478955,-0.3481392557022809,0.9199950999077711,-0.7242897158863544,0.8826292410979177,-1.084433773509404,0.8475615928970988,-1.4365746298519406,0.7971877642515378,-1.9687875150060021,0.7286937053792424,-2.7490996398559426,0.7173684904893013,-2.885154061624649
188.398816881637,20.316927291123932,0.03432653623140851,0.34,0.9830985121204437,-0.1480592236894761,0.9607116058478955,-0.3481392557022809,0.9199950999077711,-0.7242897158863544,0.8826292410979177,-1.084433773509404,0.8475615928970988,-1.4365746298519406,0.7971877642515378,-1.9687875150060021,0.7286937053792424,-2.7490996398559426,0.7173684904893013,-2.885154061624649
189.06020367775898,20.316927291123932,0.03420645216623553,0.34,0.9830985121204437,-0.1480592236894761,0.9607116058478955,-0.3481392557022809,0.9199950999077711,-0.7242897158863544,0.8826292410979177,-1.084433773509404,0.8475615928970988,-1.4365746298519406,0.7971877642515378,-1.9687875150060021,0.7286937053792424,-2.7490996398559426,0.7173684904893013,-2.885154061624649
189.72391231698637,20.316927291123932,0.034086788189550736,0.34,0.9830985121204437,-0.1480592236894761,0.9607116058478955,-0.3481392557022809,0.9199950999077711,-0.7242897158863544,0.8826292410979177,-1.084433773509404,0.8475615928970988,-1.4365746298519406,0.7971877642515378,-1.9687875150060021,0.7286937053792424,-2.7490996398559426,0.7173684904893013,-2.885154061624649
190.38995095030694,20.316927291123932,0.03396754283176406,0.34,0.9830985121204437,-0.1480592236894761,0.9607116058478955,-0.3481392557022809,0.9199950999077711,-0.7242897158863544,0.8826292410979177,-1.084433773509404,0.8475615928970988,-1.4365746298519406,0.7971877642515378,-1.9687875150060021,0.7286937053792424,-2.7490996398559426,0.7173684904893013,-2.885154061624649
191.05832775732225,20.316927291123932,0.03384871462842667,0.34,0.9830985121204437,-0.1480592236894761,0.9607116058478955,-0.3481392557022809,0.9199950999077711,-0.7242897158863544,0.8826292410979177,-1.084433773509404,0.8475615928970988,-1.4365746298519406,0.7971877642515378,-1.9687875150060021,0.7286937053792424,-2.7490996398559426,0.7173684904893013,-2.885154061624649
191.72905094634962,20.316927291123932,0.03373030212021262,0.34,0.9830985121204437,-0.1480592236894761,0.9607116058478955,-0.3481392557022809,0.9199950999077711,-0.7242897158863544,0.8826292410979177,-1.084433773509404,0.8475615928970988,-1.4365746298519406,0.7971877642515378,-1.9687875150060021,0.7286937053792424,-2.7490996398559426,0.7173684904893013,-2.885154061624649
192.40212875452173,20.316927291123932,0.03361230385290123,0.34,0.9830985121204437,-0.1480592236894761,0.9607116058478955,-0.3481392557022809,0.9199950999077711,-0.7242897158863544,0.8826292410979177,-1.084433773509404,0.8475615928970988,-1.4365746298519406,0.7971877642515378,-1.9687875150060021,0.7286937053792424,-2.7490996398559426,0.7173684904893013,-2.885154061624649
193.07756944788824,20.316927291123932,0.033494718377359095,0.34,0.9830985121204437,-0.1480592236894761,0.9607116058478955,-0.3481392557022809,0.9199950999077711,-0.7242897158863544,0.8826292410979177,-1.084433773509404,0.8475615928970988,-1.4365746298519406,0.7971877642515378,-1.9687875150060021,0.7286937053792424,-2.7490996398559426,0.7173684904893013,-2.885154061624649
193.75538132151792,20.316927291123932,0.0333775442495222,0.34,0.9830985121204437,-0.1480592236894761,0.9607116058478955,-0.3481392557022809,0.9199950999077711,-0.7242897158863544,0.8826292410979177,-1.084433773509404,0.8475615928970988,-1.4365746298519406,0.7971877642515378,-1.9687875150060021,0.7286937053792424,-2.7490996398559426,0.7173684904893013,-2.885154061624649
194.43557269959913,20.316927291123932,0.03326078003037838,0.34,0.9830985121204437,-0.1480592236894761,0.9607116058478955,-0.3481392557022809,0.9199950999077711,-0.7242897158863544,0.8826292410979177,-1.084433773509404,0.8475615928970988,-1.4365746298519406,0.7971877642515378,-1.9687875150060021,0.7286937053792424,-2.7490996398559426,0.7173684904893013,-2.885154061624649
195.11815193554372,20.316927291123932,0.03314442428594945,0.34,0.9830985121204437,-0.1480592236894761,0.9607116058478955,-0.3481392557022809,0.9199950999077711,-0.7242897158863544,0.8826292410979177,-1.084433773509404,0.8475615928970988,-1.4365746298519406,0.7971877642515378,-1.9687875150060021,0.7286937053792424,-2.7490996398559426,0.7173684904893013,-2.885154061624649
195.80312741208806,20.316927291123932,0.03302847558727379,0.34,0.9830985121204437,-0.1480592236894761,0.9607116058478955,-0.3481392557022809,0.9199950999077711,-0.7242897158863544,0.8826292410979177,-1.084433773509404,0.8475615928970988,-1.4365746298519406,0.7971877642515378,-1.9687875150060021,0.7286937053792424,-2.7490996398559426,0.7173684904893013,-2.885154061624649
196.49050754139697,20.316927291123932,0.03291293251038865,0.34,0.9830985121204437,-0.1480592236894761,0.9607116058478955,-0.3481392557022809,0.9199950999077711,-0.7242897158863544,0.8826292410979177,-1.084433773509404,0.8475615928970988,-1.4365746298519406,0.7971877642515378,-1.9687875150060021,0.7286937053792424,-2.7490996398559426,0.7173684904893013,-2.885154061624649
197.18030076516646,20.316927291123932,0.032797793636312744,0.34,0.9830985121204437,-0.1480592236894761,0.9607116058478955,-0.3481392557022809,0.9199950999077711,-0.7242897158863544,0.8826292410979177,-1.084433773509404,0.8475615928970988,-1.4365746298519406,0.7971877642515378,-1.9687875150060021,0.7286937053792424,-2.7490996398559426,0.7173684904893013,-2.885154061624649
197.8725155547284,20.316927291123932,0.032683057551028696,0.34,0.9830985121204437,-0.1480592236894761,0.9607116058478955,-0.3481392557022809,0.9199950999077711,-0.7242897158863544,0.8826292410979177,-1.084433773509404,0.8475615928970988,-1.4365746298519406,0.7971877642515378,-1.9687875150060021,0.7286937053792424,-2.7490996398559426,0.7173684904893013,-2.885154061624649
198.56716041115297,20.316927291123932,0.03256872284546589,0.34,0.9830985121204437,-0.1480592236894761,0.9607116058478955,-0.3481392557022809,0.9199950999077711,-0.7242897158863544,0.8826292410979177,-1.084433773509404,0.8475615928970988,-1.4365746298519406,0.7971877642515378,-1.9687875150060021,0.7286937053792424,-2.7490996398559426,0.7173684904893013,-2.885154061624649
199.2642438653547,20.316927291123932,0.03245478811548295,0.34,0.9830985121204437,-0.1480592236894761,0.9607116058478955,-0.3481392557022809,0.9199950999077711,-0.7242897158863544,0.8826292410979177,-1.084433773509404,0.8475615928970988,-1.4365746298519406,0.7971877642515378,-1.9687875150060021,0.7286937053792424,-2.7490996398559426,0.7173684904893013,-2.885154061624649
199.96377447819592,20.316927291123932,0.03234125196185063,0.34,0.9830985121204437,-0.1480592236894761,0.9607116058478955,-0.3481392557022809,0.9199950999077711,-0.7242897158863544,0.8826292410979177,-1.084433773509404,0.8475615928970988,-1.4365746298519406,0.7971877642515378,-1.9687875150060021,0.7286937053792424,-2.7490996398559426,0.7173684904893013,-2.885154061624649
200.66576084059247,20.316927291123932,0.03222811299023461,0.34,0.9830985121204437,-0.1480592236894761,0.9607116058478955,-0.3481392557022809,0.9199950999077711,-0.7242897158863544,0.8826292410979177,-1.084433773509404,0.8475615928970988,-1.4365746298519406,0.7971877642515378,-1.9687875150060021,0.7286937053792424,-2.7490996398559426,0.7173684904893013,-2.885154061624649
201.3702115736197,20.316927291123932,0.03211536981117828,0.34,0.9830985121204437,-0.1480592236894761,0.9607116058478955,-0.3481392557022809,0.9199950999077711,-0.7242897158863544,0.8826292410979177,-1.084433773509404,0.8475615928970988,-1.4365746298519406,0.7971877642515378,-1.9687875150060021,0.7286937053792424,-2.7490996398559426,0.7173684904893013,-2.885154061624649
202.07713532861715,20.316927291123932,0.032003021040085844,0.34,0.9830985121204437,-0.1480592236894761,0.9607116058478955,-0.3481392557022809,0.9199950999077711,-0.7242897158863544,0.8826292410979177,-1.084433773509404,0.8475615928970988,-1.4365746298519406,0.7971877642515378,-1.9687875150060021,0.7286937053792424,-2.7490996398559426,0.7173684904893013,-2.885154061624649
202.78654078729616,20.316927291123932,0.03189106529720511,0.34,0.9830985121204437,-0.1480592236894761,0.9607116058478955,-0.3481392557022809,0.9199950999077711,-0.7242897158863544,0.8826292410979177,-1.084433773509404,0.8475615928970988,-1.4365746298519406,0.7971877642515378,-1.9687875150060021,0.7286937053792424,-2.7490996398559426,0.7173684904893013,-2.885154061624649
203.49843666184526,20.316927291123932,0.03177950120761074,0.34,0.9830985121204437,-0.1480592236894761,0.9607116058478955,-0.3481392557022809,0.9199950999077711,-0.7242897158863544,0.8826292410979177,-1.084433773509404,0.8475615928970988,-1.4365746298519406,0.7971877642515378,-1.9687875150060021,0.7286937053792424,-2.7490996398559426,0.7173684904893013,-2.885154061624649
204.2128316950379,20.316927291123932,0.03166832740118725,0.34,0.9830985121204437,-0.1480592236894761,0.9607116058478955,-0.3481392557022809,0.9199950999077711,-0.7242897158863544,0.8826292410979177,-1.084433773509404,0.8475615928970988,-1.4365746298519406,0.7971877642515378,-1.9687875150060021,0.7286937053792424,-2.7490996398559426,0.7173684904893013,-2.885154061624649
204.92973466033936,20.316927291123932,0.03155754251261226,0.34,0.9830985121204437,-0.1480592236894761,0.9607116058478955,-0.3481392557022809,0.9199950999077711,-0.7242897158863544,0.8826292410979177,-1.084433773509404,0.8475615928970988,-1.4365746298519406,0.7971877642515378,-1.9687875150060021,0.7286937053792424,-2.7490996398559426,0.7173684904893013,-2.885154061624649
205.6491543620153,20.316927291123932,0.031447145181339585,0.34,0.9830985121204437,-0.1480592236894761,0.9607116058478955,-0.3481392557022809,0.9199950999077711,-0.7242897158863544,0.8826292410979177,-1.084433773509404,0.8475615928970988,-1.4365746298519406,0.7971877642515378,-1.9687875150060021,0.7286937053792424,-2.7490996398559426,0.7173684904893013,-2.885154061624649
206.3710996352393,20.316927291123932,0.03133713405158263,0.34,0.9830985121204437,-0.1480592236894761,0.9607116058478955,-0.3481392557022809,0.9199950999077711,-0.7242897158863544,0.8826292410979177,-1.084433773509404,0.8475615928970988,-1.4365746298519406,0.7971877642515378,-1.9687875150060021,0.7286937053792424,-2.7490996398559426,0.7173684904893013,-2.885154061624649
207.0955793462009,20.316927291123932,0.031227507772297824,0.34,0.9830985121204437,-0.1480592236894761,0.9607116058478955,-0.3481392557022809,0.9199950999077711,-0.7242897158863544,0.8826292410979177,-1.084433773509404,0.8475615928970988,-1.4365746298519406,0.7971877642515378,-1.9687875150060021,0.7286937053792424,-2.7490996398559426,0.7173684904893013,-2.885154061624649
207.82260239221537,20.316927291123932,0.031118264997167862,0.34,0.9830985121204437,-0.1480592236894761,0.9607116058478955,-0.3481392557022809,0.9199950999077711,-0.7242897158863544,0.8826292410979177,-1.084433773509404,0.8475615928970988,-1.4365746298519406,0.7971877642515378,-1.9687875150060021,0.7286937053792424,-2.7490996398559426,0.7173684904893013,-2.885154061624649
208.55217770183228,20.316927291123932,0.031009404384585295,0.34,0.9830985121204437,-0.1480592236894761,0.9607116058478955,-0.3481392557022809,0.9199950999077711,-0.7242897158863544,0.8826292410979177,-1.084433773509404,0.8475615928970988,-1.4365746298519406,0.7971877642515378,-1.9687875150060021,0.7286937053792424,-2.7490996398559426,0.7173684904893013,-2.885154061624649
209.28431423494592,20.316927291123932,0.030900924597635937,0.34,0.9830985121204437,-0.1480592236894761,0.9607116058478955,-0.3481392557022809,0.9199950999077711,-0.7242897158863544,0.8826292410979177,-1.084433773509404,0.8475615928970988,-1.4365746298519406,0.7971877642515378,-1.9687875150060021,0.7286937053792424,-2.7490996398559426,0.7173684904893013,-2.885154061624649
210.01902098290495,20.316927291123932,0.03079282430408251,0.34,0.9830985121204437,-0.1480592236894761,0.9607116058478955,-0.3481392557022809,0.9199950999077711,-0.7242897158863544,0.8826292410979177,-1.084433773509404,0.8475615928970988,-1.4365746298519406,0.7971877642515378,-1.9687875150060021,0.7286937053792424,-2.7490996398559426,0.7173684904893013,-2.885154061624649
210.75630696862228,20.316927291123932,0.030685102176348338,0.34,0.9830985121204437,-0.1480592236894761,0.9607116058478955,-0.3481392557022809,0.9199950999077711,-0.7242897158863544,0.8826292410979177,-1.084433773509404,0.8475615928970988,-1.4365746298519406,0.7971877642515378,-1.9687875150060021,0.7286937053792424,-2.7490996398559426,0.7173684904893013,-2.885154061624649
211.4961812466866,20.316927291123932,0.03057775689150097,0.34,0.9830985121204437,-0.1480592236894761,0.9607116058478955,-0.3481392557022809,0.9199950999077711,-0.7242897158863544,0.8826292410979177,-1.084433773509404,0.8475615928970988,-1.4365746298519406,0.7971877642515378,-1.9687875150060021,0.7286937053792424,-2.7490996398559426,0.7173684904893013,-2.885154061624649
212.23865290347317,20.316927291123932,0.03047078713123598,0.34,0.9830985121204437,-0.1480592236894761,0.9607116058478955,-0.3481392557022809,0.9199950999077711,-0.7242897158863544,0.8826292410979177,-1.084433773509404,0.8475615928970988,-1.4365746298519406,0.7971877642515378,-1.9687875150060021,0.7286937053792424,-2.7490996398559426,0.7173684904893013,-2.885154061624649
212.98373105725616,20.316927291123932,0.03036419158186065,0.34,0.9830985121204437,-0.1480592236894761,0.9607116058478955,-0.3481392557022809,0.9199950999077711,-0.7242897158863544,0.8826292410979177,-1.084433773509404,0.8475615928970988,-1.4365746298519406,0.7971877642515378,-1.9687875150060021,0.7286937053792424,-2.7490996398559426,0.7173684904893013,-2.885154061624649
213.73142485831926,20.316927291123932,0.03025796893427806,0.34,0.9830985121204437,-0.1480592236894761,0.9607116058478955,-0.3481392557022809,0.9199950999077711,-0.7242897158863544,0.8826292410979177,-1.084433773509404,0.8475615928970988,-1.4365746298519406,0.7971877642515378,-1.9687875150060021,0.7286937053792424,-2.7490996398559426,0.7173684904893013,-2.885154061624649
214.4817434890697,20.316927291123932,0.03015211788397077,0.34,0.9830985121204437,-0.1480592236894761,0.9607116058478955,-0.3481392557022809,0.9199950999077711,-0.7242897158863544,0.8826292410979177,-1.084433773509404,0.8475615928970988,-1.4365746298519406,0.7971877642515378,-1.9687875150060021,0.7286937053792424,-2.7490996398559426,0.7173684904893013,-2.885154061624649
215.23469616414945,20.316927291123932,0.030046637130985005,0.34,0.9830985121204437,-0.1480592236894761,0.9607116058478955,-0.3481392557022809,0.9199950999077711,-0.7242897158863544,0.8826292410979177,-1.084433773509404,0.8475615928970988,-1.4365746298519406,0.7971877642515378,-1.9687875150060021,0.7286937053792424,-2.7490996398559426,0.7173684904893013,-2.885154061624649
215.99029213054942,20.316927291123932,0.02994152537991458,0.34,0.9830985121204437,-0.1480592236894761,0.9607116058478955,-0.3481392557022809,0.9199950999077711,-0.7242897158863544,0.8826292410979177,-1.084433773509404,0.8475615928970988,-1.4365746298519406,0.7971877642515378,-1.9687875150060021,0.7286937053792424,-2.7490996398559426,0.7173684904893013,-2.885154061624649
216.74854066772247,20.316927291123932,0.029836781339885016,0.34,0.9830985121204437,-0.1480592236894761,0.9607116058478955,-0.3481392557022809,0.9199950999077711,-0.7242897158863544,0.8826292410979177,-1.084433773509404,0.8475615928970988,-1.4365746298519406,0.7971877642515378,-1.9687875150060021,0.7286937053792424,-2.7490996398559426,0.7173684904893013,-2.885154061624649
217.50945108769798,20.316927291123932,0.02973240372453764,0.34,0.9830985121204437,-0.1480592236894761,0.9607116058478955,-0.3481392557022809,0.9199950999077711,-0.7242897158863544,0.8826292410979177,-1.084433773509404,0.8475615928970988,-1.4365746298519406,0.7971877642515378,-1.9687875150060021,0.7286937053792424,-2.7490996398559426,0.7173684904893013,-2.885154061624649
218.2730327351959,20.316927291123932,0.02962839125201384,0.34,0.9830985121204437,-0.1480592236894761,0.9607116058478955,-0.3481392557022809,0.9199950999077711,-0.7242897158863544,0.8826292410979177,-1.084433773509404,0.8475615928970988,-1.4365746298519406,0.7971877642515378,-1.9687875150060021,0.7286937053792424,-2.7490996398559426,0.7173684904893013,-2.885154061624649
219.03929498774102,20.316927291123932,0.029524742644939362,0.34,0.9830985121204437,-0.1480592236894761,0.9607116058478955,-0.3481392557022809,0.9199950999077711,-0.7242897158863544,0.8826292410979177,-1.084433773509404,0.8475615928970988,-1.4365746298519406,0.7971877642515378,-1.9687875150060021,0.7286937053792424,-2.7490996398559426,0.7173684904893013,-2.885154061624649
219.80824725577872,20.316927291123932,0.029421456630408536,0.34,0.9830985121204437,-0.1480592236894761,0.9607116058478955,-0.3481392557022809,0.9199950999077711,-0.7242897158863544,0.8826292410979177,-1.084433773509404,0.8475615928970988,-1.4365746298519406,0.7971877642515378,-1.9687875150060021,0.7286937053792424,-2.7490996398559426,0.7173684904893013,-2.885154061624649
220.57989898279027,20.316927291123932,0.029318531939968716,0.34,0.9830985121204437,-0.1480592236894761,0.9607116058478955,-0.3481392557022809,0.9199950999077711,-0.7242897158863544,0.8826292410979177,-1.084433773509404,0.8475615928970988,-1.4365746298519406,0.7971877642515378,-1.9687875150060021,0.7286937053792424,-2.7490996398559426,0.7173684904893013,-2.885154061624649
221.35425964540946,20.316927291123932,0.02921596730960459,0.34,0.9830985121204437,-0.1480592236894761,0.9607116058478955,-0.3481392557022809,0.9199950999077711,-0.7242897158863544,0.8826292410979177,-1.084433773509404,0.8475615928970988,-1.4365746298519406,0.7971877642515378,-1.9687875150060021,0.7286937053792424,-2.7490996398559426,0.7173684904893013,-2.885154061624649
222.13133875353762,20.316927291123932,0.029113761479722843,0.34,0.9830985121204437,-0.1480592236894761,0.9607116058478955,-0.3481392557022809,0.9199950999077711,-0.7242897158863544,0.8826292410979177,-1.084433773509404,0.8475615928970988,-1.4365746298519406,0.7971877642515378,-1.9687875150060021,0.7286937053792424,-2.7490996398559426,0.7173684904893013,-2.885154061624649
222.91114585046216,20.316927291123932,0.029011913195136452,0.34,0.9830985121204437,-0.1480592236894761,0.9607116058478955,-0.3481392557022809,0.9199950999077711,-0.7242897158863544,0.8826292410979177,-1.084433773509404,0.8475615928970988,-1.4365746298519406,0.7971877642515378,-1.9687875150060021,0.7286937053792424,-2.7490996398559426,0.7173684904893013,-2.885154061624649
223.69369051297213,20.316927291123932,0.028910421205049497,0.34,0.9830985121204437,-0.1480592236894761,0.9607116058478955,-0.3481392557022809,0.9199950999077711,-0.7242897158863544,0.8826292410979177,-1.084433773509404,0.8475615928970988,-1.4365746298519406,0.7971877642515378,-1.9687875150060021,0.7286937053792424,-2.7490996398559426,0.7173684904893013,-2.885154061624649
224.47898235147673,20.316927291123932,0.028809284263041676,0.34,0.9830985121204437,-0.1480592236894761,0.9607116058478955,-0.3481392557022809,0.9199950999077711,-0.7242897158863544,0.8826292410979177,-1.084433773509404,0.8475615928970988,-1.4365746298519406,0.7971877642515378,-1.9687875150060021,0.7286937053792424,-2.7490996398559426,0.7173684904893013,-2.885154061624649
225.26703101012302,20.316927291123932,0.028708501127053043,0.34,0.9830985121204437,-0.1480592236894761,0.9607116058478955,-0.3481392557022809,0.9199950999077711,-0.7242897158863544,0.8826292410979177,-1.084433773509404,0.8475615928970988,-1.4365746298519406,0.7971877642515378,-1.9687875150060021,0.7286937053792424,-2.7490996398559426,0.7173684904893013,-2.885154061624649
226.05784616691489,20.316927291123932,0.028608070559368672,0.34,0.9830985121204437,-0.1480592236894761,0.9607116058478955,-0.3481392557022809,0.9199950999077711,-0.7242897158863544,0.8826292410979177,-1.084433773509404,0.8475615928970988,-1.4365746298519406,0.7971877642515378,-1.9687875150060021,0.7286937053792424,-2.7490996398559426,0.7173684904893013,-2.885154061624649
226.85143753383147,20.316927291123932,0.02850799132660353,0.34,0.9830985121204437,-0.1480592236894761,0.9607116058478955,-0.3481392557022809,0.9199950999077711,-0.7242897158863544,0.8826292410979177,-1.084433773509404,0.8475615928970988,-1.4365746298519406,0.7971877642515378,-1.9687875150060021,0.7286937053792424,-2.7490996398559426,0.7173684904893013,-2.885154061624649
227.64781485694613,20.316927291123932,0.02840826219968736,0.34,0.9830985121204437,-0.1480592236894761,0.9607116058478955,-0.3481392557022809,0.9199950999077711,-0.7242897158863544,0.8826292410979177,-1.084433773509404,0.8475615928970988,-1.4365746298519406,0.7971877642515378,-1.9687875150060021,0.7286937053792424,-2.7490996398559426,0.7173684904893013,-2.885154061624649
228.4469879165466,20.316927291123932,0.02830888195384954,0.34,0.9830985121204437,-0.1480592236894761,0.9607116058478955,-0.3481392557022809,0.9199950999077711,-0.7242897158863544,0.8826292410979177,-1.084433773509404,0.8475615928970988,-1.4365746298519406,0.7971877642515378,-1.9687875150060021,0.7286937053792424,-2.7490996398559426,0.7173684904893013,-2.885154061624649
229.24896652725474,20.316927291123932,0.02820984936860406,0.34,0.9830985121204437,-0.1480592236894761,0.9607116058478955,-0.3481392557022809,0.9199950999077711,-0.7242897158863544,0.8826292410979177,-1.084433773509404,0.8475615928970988,-1.4365746298519406,0.7971877642515378,-1.9687875150060021,0.7286937053792424,-2.7490996398559426,0.7173684904893013,-2.885154061624649
230.05376053814786,20.316927291123932,0.028111163227734454,0.34,0.9830985121204437,-0.1480592236894761,0.9607116058478955,-0.3481392557022809,0.9199950999077711,-0.7242897158863544,0.8826292410979177,-1.084433773509404,0.8475615928970988,-1.4365746298519406,0.7971877642515378,-1.9687875150060021,0.7286937053792424,-2.7490996398559426,0.7173684904893013,-2.885154061624649
230.86137983287904,20.316927291123932,0.02801282231927895,0.34,0.9830985121204437,-0.1480592236894761,0.9607116058478955,-0.3481392557022809,0.9199950999077711,-0.7242897158863544,0.8826292410979177,-1.084433773509404,0.8475615928970988,-1.4365746298519406,0.7971877642515378,-1.9687875150060021,0.7286937053792424,-2.7490996398559426,0.7173684904893013,-2.885154061624649
231.67183432979817,20.316927291123932,0.027914825435515617,0.34,0.9830985121204437,-0.1480592236894761,0.9607116058478955,-0.3481392557022809,0.9199950999077711,-0.7242897158863544,0.8826292410979177,-1.084433773509404,0.8475615928970988,-1.4365746298519406,0.7971877642515378,-1.9687875150060021,0.7286937053792424,-2.7490996398559426,0.7173684904893013,-2.885154061624649
232.4851339820744,20.316927291123932,0.02781717137294744,0.34,0.9830985121204437,-0.1480592236894761,0.9607116058478955,-0.3481392557022809,0.9199950999077711,-0.7242897158863544,0.8826292410979177,-1.084433773509404,0.8475615928970988,-1.4365746298519406,0.7971877642515378,-1.9687875150060021,0.7286937053792424,-2.7490996398559426,0.7173684904893013,-2.885154061624649
233.30128877781786,20.316927291123932,0.027719858932287626,0.34,0.9830985121204437,-0.1480592236894761,0.9607116058478955,-0.3481392557022809,0.9199950999077711,-0.7242897158863544,0.8826292410979177,-1.084433773509404,0.8475615928970988,-1.4365746298519406,0.7971877642515378,-1.9687875150060021,0.7286937053792424,-2.7490996398559426,0.7173684904893013,-2.885154061624649
234.12030874020346,20.316927291123932,0.02762288691844474,0.34,0.9830985121204437,-0.1480592236894761,0.9607116058478955,-0.3481392557022809,0.9199950999077711,-0.7242897158863544,0.8826292410979177,-1.084433773509404,0.8475615928970988,-1.4365746298519406,0.7971877642515378,-1.9687875150060021,0.7286937053792424,-2.7490996398559426,0.7173684904893013,-2.885154061624649
234.94220392759206,20.316927291123932,0.02752625414050823,0.34,0.9830985121204437,-0.1480592236894761,0.9607116058478955,-0.3481392557022809,0.9199950999077711,-0.7242897158863544,0.8826292410979177,-1.084433773509404,0.8475615928970988,-1.4365746298519406,0.7971877642515378,-1.9687875150060021,0.7286937053792424,-2.7490996398559426,0.7173684904893013,-2.885154061624649
235.76698443365612,20.316927291123932,0.027429959411733578,0.34,0.9830985121204437,-0.1480592236894761,0.9607116058478955,-0.3481392557022809,0.9199950999077711,-0.7242897158863544,0.8826292410979177,-1.084433773509404,0.8475615928970988,-1.4365746298519406,0.7971877642515378,-1.9687875150060021,0.7286937053792424,-2.7490996398559426,0.7173684904893013,-2.885154061624649
236.59466038750185,20.316927291123932,0.027334001549527927,0.34,0.9830985121204437,-0.1480592236894761,0.9607116058478955,-0.3481392557022809,0.9199950999077711,-0.7242897158863544,0.8826292410979177,-1.084433773509404,0.8475615928970988,-1.4365746298519406,0.7971877642515378,-1.9687875150060021,0.7286937053792424,-2.7490996398559426,0.7173684904893013,-2.885154061624649
237.42524195379463,20.316927291123932,0.027238379375435443,0.34,0.9830985121204437,-0.1480592236894761,0.9607116058478955,-0.3481392557022809,0.9199950999077711,-0.7242897158863544,0.8826292410979177,-1.084433773509404,0.8475615928970988,-1.4365746298519406,0.7971877642515378,-1.9687875150060021,0.7286937053792424,-2.7490996398559426,0.7173684904893013,-2.885154061624649
238.25873933288332,20.316927291123932,0.02714309171512289,0.34,0.9830985121204437,-0.1480592236894761,0.9607116058478955,-0.3481392557022809,0.9199950999077711,-0.7242897158863544,0.8826292410979177,-1.084433773509404,0.8475615928970988,-1.4365746298519406,0.7971877642515378,-1.9687875150060021,0.7286937053792424,-2.7490996398559426,0.7173684904893013,-2.885154061624649
239.09516276092637,20.316927291123932,0.027048137398365125,0.34,0.9830985121204437,-0.1480592236894761,0.9607116058478955,-0.3481392557022809,0.9199950999077711,-0.7242897158863544,0.8826292410979177,-1.084433773509404,0.8475615928970988,-1.4365746298519406,0.7971877642515378,-1.9687875150060021,0.7286937053792424,-2.7490996398559426,0.7173684904893013,-2.885154061624649
239.93452251001682,20.316927291123932,0.026953515259030808,0.34,0.9830985121204437,-0.1480592236894761,0.9607116058478955,-0.3481392557022809,0.9199950999077711,-0.7242897158863544,0.8826292410979177,-1.084433773509404,0.8475615928970988,-1.4365746298519406,0.7971877642515378,-1.9687875150060021,0.7286937053792424,-2.7490996398559426,0.7173684904893013,-2.885154061624649
240.77682888830822,20.316927291123932,0.0268592241350681,0.34,0.9830985121204437,-0.1480592236894761,0.9607116058478955,-0.3481392557022809,0.9199950999077711,-0.7242897158863544,0.8826292410979177,-1.084433773509404,0.8475615928970988,-1.4365746298519406,0.7971877642515378,-1.9687875150060021,0.7286937053792424,-2.7490996398559426,0.7173684904893013,-2.885154061624649
241.62209224014177,20.316927291123932,0.02676526286849032,0.34,0.9830985121204437,-0.1480592236894761,0.9607116058478955,-0.3481392557022809,0.9199950999077711,-0.7242897158863544,0.8826292410979177,-1.084433773509404,0.8475615928970988,-1.4365746298519406,0.7971877642515378,-1.9687875150060021,0.7286937053792424,-2.7490996398559426,0.7173684904893013,-2.885154061624649
242.47032294617296,20.316927291123932,0.026671630305361804,0.34,0.9830985121204437,-0.1480592236894761,0.9607116058478955,-0.3481392557022809,0.9199950999077711,-0.7242897158863544,0.8826292410979177,-1.084433773509404,0.8475615928970988,-1.4365746298519406,0.7971877642515378,-1.9687875150060021,0.7286937053792424,-2.7490996398559426,0.7173684904893013,-2.885154061624649
243.32153142349972,20.316927291123932,0.026578325295783613,0.34,0.9830985121204437,-0.1480592236894761,0.9607116058478955,-0.3481392557022809,0.9199950999077711,-0.7242897158863544,0.8826292410979177,-1.084433773509404,0.8475615928970988,-1.4365746298519406,0.7971877642515378,-1.9687875150060021,0.7286937053792424,-2.7490996398559426,0.7173684904893013,-2.885154061624649
244.17572812578996,20.316927291123932,0.026485346693879495,0.34,0.9830985121204437,-0.1480592236894761,0.9607116058478955,-0.3481392557022809,0.9199950999077711,-0.7242897158863544,0.8826292410979177,-1.084433773509404,0.8475615928970988,-1.4365746298519406,0.7971877642515378,-1.9687875150060021,0.7286937053792424,-2.7490996398559426,0.7173684904893013,-2.885154061624649
245.03292354340942,20.316927291123932,0.026392693357781848,0.34,0.9830985121204437,-0.1480592236894761,0.9607116058478955,-0.3481392557022809,0.9199950999077711,-0.7242897158863544,0.8826292410979177,-1.084433773509404,0.8475615928970988,-1.4365746298519406,0.7971877642515378,-1.9687875150060021,0.7286937053792424,-2.7490996398559426,0.7173684904893013,-2.885154061624649
245.89312820355119,20.316927291123932,0.02630036414961763,0.34,0.9830985121204437,-0.1480592236894761,0.9607116058478955,-0.3481392557022809,0.9199950999077711,-0.7242897158863544,0.8826292410979177,-1.084433773509404,0.8475615928970988,-1.4365746298519406,0.7971877642515378,-1.9687875150060021,0.7286937053792424,-2.7490996398559426,0.7173684904893013,-2.885154061624649
246.7563526703645,20.316927291123932,0.02620835793549443,0.34,0.9830985121204437,-0.1480592236894761,0.9607116058478955,-0.3481392557022809,0.9199950999077711,-0.7242897158863544,0.8826292410979177,-1.084433773509404,0.8475615928970988,-1.4365746298519406,0.7971877642515378,-1.9687875150060021,0.7286937053792424,-2.7490996398559426,0.7173684904893013,-2.885154061624649
247.62260754508551,20.316927291123932,0.026116673585486437,0.34,0.9830985121204437,-0.1480592236894761,0.9607116058478955,-0.3481392557022809,0.9199950999077711,-0.7242897158863544,0.8826292410979177,-1.084433773509404,0.8475615928970988,-1.4365746298519406,0.7971877642515378,-1.9687875150060021,0.7286937053792424,-2.7490996398559426,0.7173684904893013,-2.885154061624649
248.49190346616584,20.316927291123932,0.026025309973620746,0.34,0.9830985121204437,-0.1480592236894761,0.9607116058478955,-0.3481392557022809,0.9199950999077711,-0.7242897158863544,0.8826292410979177,-1.084433773509404,0.8475615928970988,-1.4365746298519406,0.7971877642515378,-1.9687875150060021,0.7286937053792424,-2.7490996398559426,0.7173684904893013,-2.885154061624649
249.364251109405,20.316927291123932,0.025934265977863327,0.34,0.9830985121204437,-0.1480592236894761,0.9607116058478955,-0.3481392557022809,0.9199950999077711,-0.7242897158863544,0.8826292410979177,-1.084433773509404,0.8475615928970988,-1.4365746298519406,0.7971877642515378,-1.9687875150060021,0.7286937053792424,-2.7490996398559426,0.7173684904893013,-2.885154061624649
250.23966118807985,20.316927291123932,0.02584354048010543,0.34,0.9830985121204437,-0.1480592236894761,0.9607116058478955,-0.3481392557022809,0.9199950999077711,-0.7242897158863544,0.8826292410979177,-1.084433773509404,0.8475615928970988,-1.4365746298519406,0.7971877642515378,-1.9687875150060021,0.7286937053792424,-2.7490996398559426,0.7173684904893013,-2.885154061624649
251.11814445307726,20.316927291123932,0.025753132366149737,0.34,0.9830985121204437,-0.1480592236894761,0.9607116058478955,-0.3481392557022809,0.9199950999077711,-0.7242897158863544,0.8826292410979177,-1.084433773509404,0.8475615928970988,-1.4365746298519406,0.7971877642515378,-1.9687875150060021,0.7286937053792424,-2.7490996398559426,0.7173684904893013,-2.885154061624649
251.99971169302555,20.316927291123932,0.02566304052569674,0.34,0.9830985121204437,-0.1480592236894761,0.9607116058478955,-0.3481392557022809,0.9199950999077711,-0.7242897158863544,0.8826292410979177,-1.084433773509404,0.8475615928970988,-1.4365746298519406,0.7971877642515378,-1.9687875150060021,0.7286937053792424,-2.7490996398559426,0.7173684904893013,-2.885154061624649
252.88437373442773,20.316927291123932,0.025573263852331024,0.34,0.9830985121204437,-0.1480592236894761,0.9607116058478955,-0.3481392557022809,0.9199950999077711,-0.7242897158863544,0.8826292410979177,-1.084433773509404,0.8475615928970988,-1.4365746298519406,0.7971877642515378,-1.9687875150060021,0.7286937053792424,-2.7490996398559426,0.7173684904893013,-2.885154061624649
253.77214144179396,20.316927291123932,0.025483801243507735,0.34,0.9830985121204437,-0.1480592236894761,0.9607116058478955,-0.3481392557022809,0.9199950999077711,-0.7242897158863544,0.8826292410979177,-1.084433773509404,0.8475615928970988,-1.4365746298519406,0.7971877642515378,-1.9687875150060021,0.7286937053792424,-2.7490996398559426,0.7173684904893013,-2.885154061624649
254.6630257177746,20.316927291123932,0.02539465160053908,0.34,0.9830985121204437,-0.1480592236894761,0.9607116058478955,-0.3481392557022809,0.9199950999077711,-0.7242897158863544,0.8826292410979177,-1.084433773509404,0.8475615928970988,-1.4365746298519406,0.7971877642515378,-1.9687875150060021,0.7286937053792424,-2.7490996398559426,0.7173684904893013,-2.885154061624649
255.55703750329457,20.316927291123932,0.025305813828580784,0.34,0.9830985121204437,-0.1480592236894761,0.9607116058478955,-0.3481392557022809,0.9199950999077711,-0.7242897158863544,0.8826292410979177,-1.084433773509404,0.8475615928970988,-1.4365746298519406,0.7971877642515378,-1.9687875150060021,0.7286937053792424,-2.7490996398559426,0.7173684904893013,-2.885154061624649
256.4541877776876,20.316927291123932,0.02521728683661865,0.34,0.9830985121204437,-0.1480592236894761,0.9607116058478955,-0.3481392557022809,0.9199950999077711,-0.7242897158863544,0.8826292410979177,-1.084433773509404,0.8475615928970988,-1.4365746298519406,0.7971877642515378,-1.9687875150060021,0.7286937053792424,-2.7490996398559426,0.7173684904893013,-2.885154061624649
257.3544875588317,20.316927291123932,0.025129069537455116,0.34,0.9830985121204437,-0.1480592236894761,0.9607116058478955,-0.3481392557022809,0.9199950999077711,-0.7242897158863544,0.8826292410979177,-1.084433773509404,0.8475615928970988,-1.4365746298519406,0.7971877642515378,-1.9687875150060021,0.7286937053792424,-2.7490996398559426,0.7173684904893013,-2.885154061624649
258.25794790328297,20.316927291123932,0.025041160847696024,0.34,0.9830985121204437,-0.1480592236894761,0.9607116058478955,-0.3481392557022809,0.9199950999077711,-0.7242897158863544,0.8826292410979177,-1.084433773509404,0.8475615928970988,-1.4365746298519406,0.7971877642515378,-1.9687875150060021,0.7286937053792424,-2.7490996398559426,0.7173684904893013,-2.885154061624649
259.16457990641334,20.316927291123932,0.02495355968773715,0.34,0.9830985121204437,-0.1480592236894761,0.9607116058478955,-0.3481392557022809,0.9199950999077711,-0.7242897158863544,0.8826292410979177,-1.084433773509404,0.8475615928970988,-1.4365746298519406,0.7971877642515378,-1.9687875150060021,0.7286937053792424,-2.7490996398559426,0.7173684904893013,-2.885154061624649
260.0743947025449,20.316927291123932,0.024866264981751113,0.34,0.9830985121204437,-0.1480592236894761,0.9607116058478955,-0.3481392557022809,0.9199950999077711,-0.7242897158863544,0.8826292410979177,-1.084433773509404,0.8475615928970988,-1.4365746298519406,0.7971877642515378,-1.9687875150060021,0.7286937053792424,-2.7490996398559426,0.7173684904893013,-2.885154061624649
260.987403465088,20.316927291123932,0.024779275657674044,0.34,0.9830985121204437,-0.1480592236894761,0.9607116058478955,-0.3481392557022809,0.9199950999077711,-0.7242897158863544,0.8826292410979177,-1.084433773509404,0.8475615928970988,-1.4365746298519406,0.7971877642515378,-1.9687875150060021,0.7286937053792424,-2.7490996398559426,0.7173684904893013,-2.885154061624649
261.9036174066774,20.316927291123932,0.024692590647192512,0.34,0.9830985121204437,-0.1480592236894761,0.9607116058478955,-0.3481392557022809,0.9199950999077711,-0.7242897158863544,0.8826292410979177,-1.084433773509404,0.8475615928970988,-1.4365746298519406,0.7971877642515378,-1.9687875150060021,0.7286937053792424,-2.7490996398559426,0.7173684904893013,-2.885154061624649
262.82304777931154,20.316927291123932,0.024606208885730278,0.34,0.9830985121204437,-0.1480592236894761,0.9607116058478955,-0.3481392557022809,0.9199950999077711,-0.7242897158863544,0.8826292410979177,-1.084433773509404,0.8475615928970988,-1.4365746298519406,0.7971877642515378,-1.9687875150060021,0.7286937053792424,-2.7490996398559426,0.7173684904893013,-2.885154061624649
263.7457058744894,20.316927291123932,0.024520129312435312,0.34,0.9830985121204437,-0.1480592236894761,0.9607116058478955,-0.3481392557022809,0.9199950999077711,-0.7242897158863544,0.8826292410979177,-1.084433773509404,0.8475615928970988,-1.4365746298519406,0.7971877642515378,-1.9687875150060021,0.7286937053792424,-2.7490996398559426,0.7173684904893013,-2.885154061624649
264.6716030233491,20.316927291123932,0.02443435087016679,0.34,0.9830985121204437,-0.1480592236894761,0.9607116058478955,-0.3481392557022809,0.9199950999077711,-0.7242897158863544,0.8826292410979177,-1.084433773509404,0.8475615928970988,-1.4365746298519406,0.7971877642515378,-1.9687875150060021,0.7286937053792424,-2.7490996398559426,0.7173684904893013,-2.885154061624649
265.6007505968079,20.316927291123932,0.024348872505482042,0.34,0.9830985121204437,-0.1480592236894761,0.9607116058478955,-0.3481392557022809,0.9199950999077711,-0.7242897158863544,0.8826292410979177,-1.084433773509404,0.8475615928970988,-1.4365746298519406,0.7971877642515378,-1.9687875150060021,0.7286937053792424,-2.7490996398559426,0.7173684904893013,-2.885154061624649
266.533160005701,20.316927291123932,0.02426369316862368,0.34,0.9830985121204437,-0.1480592236894761,0.9607116058478955,-0.3481392557022809,0.9199950999077711,-0.7242897158863544,0.8826292410979177,-1.084433773509404,0.8475615928970988,-1.4365746298519406,0.7971877642515378,-1.9687875150060021,0.7286937053792424,-2.7490996398559426,0.7173684904893013,-2.885154061624649
267.46884270092266,20.316927291123932,0.024178811813506607,0.34,0.9830985121204437,-0.1480592236894761,0.9607116058478955,-0.3481392557022809,0.9199950999077711,-0.7242897158863544,0.8826292410979177,-1.084433773509404,0.8475615928970988,-1.4365746298519406,0.7971877642515378,-1.9687875150060021,0.7286937053792424,-2.7490996398559426,0.7173684904893013,-2.885154061624649
268.40781017356636,20.316927291123932,0.02409422739770524,0.34,0.9830985121204437,-0.1480592236894761,0.9607116058478955,-0.3481392557022809,0.9199950999077711,-0.7242897158863544,0.8826292410979177,-1.084433773509404,0.8475615928970988,-1.4365746298519406,0.7971877642515378,-1.9687875150060021,0.7286937053792424,-2.7490996398559426,0.7173684904893013,-2.885154061624649
269.3500739550653,20.316927291123932,0.024009938882440737,0.34,0.9830985121204437,-0.1480592236894761,0.9607116058478955,-0.3481392557022809,0.9199950999077711,-0.7242897158863544,0.8826292410979177,-1.084433773509404,0.8475615928970988,-1.4365746298519406,0.7971877642515378,-1.9687875150060021,0.7286937053792424,-2.7490996398559426,0.7173684904893013,-2.885154061624649
270.2956456173347,20.316927291123932,0.02392594523256819,0.34,0.9830985121204437,-0.1480592236894761,0.9607116058478955,-0.3481392557022809,0.9199950999077711,-0.7242897158863544,0.8826292410979177,-1.084433773509404,0.8475615928970988,-1.4365746298519406,0.7971877642515378,-1.9687875150060021,0.7286937053792424,-2.7490996398559426,0.7173684904893013,-2.885154061624649
271.2445367729136,20.316927291123932,0.023842245416563945,0.34,0.9830985121204437,-0.1480592236894761,0.9607116058478955,-0.3481392557022809,0.9199950999077711,-0.7242897158863544,0.8826292410979177,-1.084433773509404,0.8475615928970988,-1.4365746298519406,0.7971877642515378,-1.9687875150060021,0.7286937053792424,-2.7490996398559426,0.7173684904893013,-2.885154061624649
272.1967590751085,20.316927291123932,0.023758838406512838,0.34,0.9830985121204437,-0.1480592236894761,0.9607116058478955,-0.3481392557022809,0.9199950999077711,-0.7242897158863544,0.8826292410979177,-1.084433773509404,0.8475615928970988,-1.4365746298519406,0.7971877642515378,-1.9687875150060021,0.7286937053792424,-2.7490996398559426,0.7173684904893013,-2.885154061624649
273.1523242181344,20.316927291123932,0.023675723178095746,0.34,0.9830985121204437,-0.1480592236894761,0.9607116058478955,-0.3481392557022809,0.9199950999077711,-0.7242897158863544,0.8826292410979177,-1.084433773509404,0.8475615928970988,-1.4365746298519406,0.7971877642515378,-1.9687875150060021,0.7286937053792424,-2.7490996398559426,0.7173684904893013,-2.885154061624649
274.1112439372609,20.316927291123932,0.023592898710576817,0.34,0.9830985121204437,-0.1480592236894761,0.9607116058478955,-0.3481392557022809,0.9199950999077711,-0.7242897158863544,0.8826292410979177,-1.084433773509404,0.8475615928970988,-1.4365746298519406,0.7971877642515378,-1.9687875150060021,0.7286937053792424,-2.7490996398559426,0.7173684904893013,-2.885154061624649
275.0735300089541,20.316927291123932,0.02351036398679108,0.34,0.9830985121204437,-0.1480592236894761,0.9607116058478955,-0.3481392557022809,0.9199950999077711,-0.7242897158863544,0.8826292410979177,-1.084433773509404,0.8475615928970988,-1.4365746298519406,0.7971877642515378,-1.9687875150060021,0.7286937053792424,-2.7490996398559426,0.7173684904893013,-2.885154061624649
276.0391942510225,20.316927291123932,0.023428117993131894,0.34,0.9830985121204437,-0.1480592236894761,0.9607116058478955,-0.3481392557022809,0.9199950999077711,-0.7242897158863544,0.8826292410979177,-1.084433773509404,0.8475615928970988,-1.4365746298519406,0.7971877642515378,-1.9687875150060021,0.7286937053792424,-2.7490996398559426,0.7173684904893013,-2.885154061624649
277.00824852276145,20.316927291123932,0.02334615971953852,0.34,0.9830985121204437,-0.1480592236894761,0.9607116058478955,-0.3481392557022809,0.9199950999077711,-0.7242897158863544,0.8826292410979177,-1.084433773509404,0.8475615928970988,-1.4365746298519406,0.7971877642515378,-1.9687875150060021,0.7286937053792424,-2.7490996398559426,0.7173684904893013,-2.885154061624649
277.9807047250999,20.316927291123932,0.023264488159483662,0.34,0.9830985121204437,-0.1480592236894761,0.9607116058478955,-0.3481392557022809,0.9199950999077711,-0.7242897158863544,0.8826292410979177,-1.084433773509404,0.8475615928970988,-1.4365746298519406,0.7971877642515378,-1.9687875150060021,0.7286937053792424,-2.7490996398559426,0.7173684904893013,-2.885154061624649
278.9565748007457,20.316927291123932,0.023183102309961116,0.34,0.9830985121204437,-0.1480592236894761,0.9607116058478955,-0.3481392557022809,0.9199950999077711,-0.7242897158863544,0.8826292410979177,-1.084433773509404,0.8475615928970988,-1.4365746298519406,0.7971877642515378,-1.9687875150060021,0.7286937053792424,-2.7490996398559426,0.7173684904893013,-2.885154061624649
279.93587073433184,20.316927291123932,0.023102001171473575,0.34,0.9830985121204437,-0.1480592236894761,0.9607116058478955,-0.3481392557022809,0.9199950999077711,-0.7242897158863544,0.8826292410979177,-1.084433773509404,0.8475615928970988,-1.4365746298519406,0.7971877642515378,-1.9687875150060021,0.7286937053792424,-2.7490996398559426,0.7173684904893013,-2.885154061624649
280.91860455256443,20.316927291123932,0.023021183748020202,0.34,0.9830985121204437,-0.1480592236894761,0.9607116058478955,-0.3481392557022809,0.9199950999077711,-0.7242897158863544,0.8826292410979177,-1.084433773509404,0.8475615928970988,-1.4365746298519406,0.7971877642515378,-1.9687875150060021,0.7286937053792424,-2.7490996398559426,0.7173684904893013,-2.885154061624649
281.9047883243699,20.369490276267403,0.023,0.33912263808733584,0.9830551579761471,-0.1484422754503858,0.9606119893648508,-0.3490399449779339,0.919796646447455,-0.7261635636897247,0.8823441925084224,-1.087239368839312,0.8471990042210481,-1.4402912672077963,0.7967204168562518,-1.9738810681510752,0.7280972672616932,-2.7562119793085134,0.7167522753005471,-2.892618394587246
282.89443416104405,20.44099875034088,0.023,0.3379362898726727,0.9829961805923402,-0.1489633921038452,0.9604764842952104,-0.3502652733252586,0.9195267323374404,-0.7287128100215148,0.881956550507657,-1.0910561962200587,0.8467059752876765,-1.445347507169745,0.7960850614261183,-1.9808105112187029,0.7272866363044016,-2.765887847982214,0.7159148049842733,-2.902773127212775
283.88755421640013,20.512758259751784,0.023,0.33675409184419086,0.9829369997213774,-0.14948633817258253,0.960340522741128,-0.35149490327066757,0.919255950299458,-0.7312710056550684,0.8815677188646882,-1.0948864228316209,0.8462115039743592,-1.4504214974042509,0.7954479848812085,-1.9877642805651574,0.7264740668494726,-2.775597684447688,0.7150753783493375,-2.9129635087143866
284.88416068691765,20.58476968577664,0.023,0.3355760294833493,0.9828776146737053,-0.15001112007888334,0.9602041032324948,-0.3527288499152128,0.918984297823006,-0.7338381820075124,0.8811776945313244,-1.0987300957129063,0.8457155870765672,-1.4555133002248462,0.7948091843514028,-1.9947424615894824,0.7256595574521774,-2.7853416079511666,0.7142339942851064,-2.9231896642398714
285.884265811893,20.657033912785757,0.023,0.3344020883223972,0.9828180247575218,-0.15053774426757985,0.9600672242949438,-0.3539671284129582,0.9187117723922995,-0.7364143706062698,0.8807864744558388,-1.1025872620679513,0.8452182213899053,-1.4606229781638178,0.7941686569748099,-2.0017451399905246,0.7248431066907843,-2.795119738157501,0.7133906517066431,-2.9334517193763574
286.8878818735891,20.72955182825409,0.023,0.3332322539441959,0.9827582292787697,-0.15106621720612892,0.959929884449841,-0.35520975397116766,0.9184383714862748,-0.7389996030894403,0.8803940555829984,-1.1064579692665113,0.8447194037101752,-1.465750593972979,0.7935263998978865,-2.0087724017679833,0.7240247131667502,-2.804932195151635,0.7125453495549087,-2.9437498001518603
287.8950211973875,20.80232432277218,0.023000000000000003,0.3320665119820413,0.9826982275411297,-0.15159654538469175,0.9597920822142761,-0.356456741850491,0.9181640925785927,-0.7415939112061947,0.8800004348540962,-1.1103422648446333,0.84421913083344,-1.4708962106244408,0.7928824102755582,-2.0158243332234664,0.7232043755049116,-2.8147790994400843,0.7116980867969634,-2.954084033036828
288.90569615193766,20.875352290056963,0.023,0.3309048481194895,0.9826380188460139,-0.1521287353162139,0.9596538161010546,-0.357708107365151,0.9178889331376434,-0.7441973268171542,0.8796056092069813,-1.114240196505242,0.8437173995560909,-1.476059891311372,0.7922366852713402,-2.022901020961547,0.7223820923536791,-2.8246605719524034,0.7108488624261706,-2.9644545449456805
289.91991914931117,20.948636626962923,0.023,0.3297472480901782,0.9825776024925588,-0.15266279353650553,0.9595150846186875,-0.3589638658831352,0.9176128906265498,-0.7468098818947978,0.8792095755760901,-1.1181518121187304,0.8432142066749102,-1.4812416994487982,0.7915892220574594,-2.030002551890831,0.7215578623852291,-2.834576734042686,0.7099976754623973,-2.9748614632383936
290.9377026451522,21.022178233492944,0.023,0.3285936976776539,0.9825169777776187,-0.1531987266043207,0.959375886271384,-0.3602240328263764,0.917335962503173,-0.7494316085238395,0.878812330892479,-1.1220771597235393,0.8427095489871397,-1.4864416986743565,0.7909400178149771,-2.037129013225023,0.7207316842956999,-2.8445277074910384,0.7091445249522205,-2.985304915722037
291.95905913883155,21.095978012809447,0.023,0.32744418271519615,0.982456143995759,-0.15373654110143875,0.9592362195590416,-0.36148862367095014,0.9170581462201156,-0.7520625389016332,0.878413872083855,-1.1260162875267543,0.8422034232905456,-1.4916599528490948,0.7902890697339122,-2.044280492483997,0.7199035568053846,-2.8545136145050924,0.7082894099691296,-2.9957850306523603
292.9840011735996,21.17003687124545,0.023,0.3262986890856439,0.9823951004392492,-0.15427624363274395,0.9590960829772373,-0.3627576539472626,0.916779439224728,-0.7547027053385584,0.8780141960746094,-1.1299692439046918,0.8416958263834871,-1.4968965260582456,0.7896363750133655,-2.0514570774948657,0.7190734786589288,-2.864534577721489,0.7074323296137328,-3.0063019367353623
294.0125413367413,21.244355718315756,0.023000000000000003,0.32515720272122145,0.9823338463980561,-0.15481784082630823,0.9589554750172192,-0.36403113924023855,0.9164998389591118,-0.7573521402584273,0.877613299785849,-1.1339360774035023,0.8411867550649824,-1.5021514826120197,0.7889819308616435,-2.0586588563930746,0.7182414486255245,-2.874590720207402,0.7065732830139618,-3.0168557631288744
295.0446922597302,21.31893546672808,0.023,0.3240197096033662,0.9822723811598372,-0.15536133933347201,0.9588143941658976,-0.3653090951895163,0.9162193428601252,-0.7600108761988787,0.8772111801354304,-1.137916836739758,0.8406762061347782,-1.507424887046394,0.7883257344963849,-2.065885917623471,0.717407465499109,-2.884682165462042,0.7057122693252782,-3.027446639444152
296.0804666183826,21.393777032394222,0.023,0.322886195762557,0.9822107040099334,-0.15590674582892622,0.9586728389058361,-0.36659153748963647,0.9159379483593889,-0.7626789458117722,0.8768078340379931,-1.1419115708010517,0.8401641763934179,-1.5127168041239025,0.7876677831446868,-2.0731383499413916,0.7165715280985624,-2.894809037418164,0.7048492877308818,-3.038074695747447
297.11987713301477,21.468881334441367,0.023,0.32175664727814196,0.9821488142313629,-0.15645406701079062,0.9585308077152426,-0.3678784818902373,0.9156556528832906,-0.7653563818635976,0.8764032584049928,-1.1459203286466018,0.8396506626423113,-1.518027298834428,0.7870080740432309,-2.080416242413757,0.7157336352679052,-2.9049714604435994,0.703984337441917,-3.0487400625616234
298.16293656859796,21.544249295223338,0.023000000000000003,0.32063105027816785,0.9820867111048135,-0.15700330960070302,0.9583882990679606,-0.36916994419624816,0.9153724538529912,-0.768043217235871,0.8759974501447357,-1.1499431595078515,0.8391356616838035,-1.5233564363960104,0.7863466044384125,-2.0877196844201587,0.7148937858764983,-2.915169559342783,0.7031174176976815,-3.059442870867753
299.20965773491673,21.61988184033201,0.023,0.3195093909392086,0.9820243939086362,-0.15755448034389566,0.958245311433461,-0.37046594026808033,0.9150883486844291,-0.7707394849255464,0.875590406162413,-1.1539801127890772,0.838619170321246,-1.5287042822556405,0.785683371586467,-2.0950487656539702,0.7140519788192417,-2.925403459358287,0.7022485277658347,-3.070183252106733
300.260053486724,21.695779898608524,0.023000000000000003,0.31839165548619763,0.9819618619188379,-0.15810758600928193,0.9581018432768325,-0.3717664860218261,0.9148033347883283,-0.7734452180454076,0.875182123360136,-1.158031238067986,0.8381011853590675,-1.5340709020900631,0.7850183727536009,-2.1024035761234297,0.7132082130167763,-2.9356732861723493,0.7013776669426087,-3.0809613381808787
301.31413672390147,21.771944402154865,0.023,0.3172778301922563,0.9818991144090752,-0.15866263338953723,0.957957893058773,-0.3730715974294521,0.9145174095702018,-0.7761604498244927,0.8747725986369703,-1.162096585096339,0.8375817036028449,-1.5394563618065895,0.7843516052161205,-2.109784206152764,0.7123624874156839,-2.9459791659084322,0.7005048345530165,-3.0917772614555745
302.37192039161573,21.848376286345168,0.023,0.31616790137852746,0.9818361506506467,-0.15921962930118183,0.9578134592355815,-0.37438129051899516,0.9142305704303598,-0.7788852136084838,0.8743618288889725,-1.1661762038005479,0.8370607218593759,-1.5448607275438995,0.7836830662605633,-2.1171907463832835,0.71151480098869,-2.9563212251327546,0.6996300299510647,-3.1026311547608687
303.4334174804785,21.92507648983727,0.023000000000000003,0.3150618554140062,0.9817729699124863,-0.15977858058466782,0.9576685402591486,-0.3756955813747599,0.9139428147639147,-0.7816195428601325,0.8739498110092253,-1.1702701442822974,0.8365382369367508,-1.550284065672859,0.7830127531838289,-2.1246232877745026,0.7106651527348659,-2.9666995908558595,0.6987532525199639,-3.113523151393123
304.4986410267059,22.002045954584222,0.023,0.3139596787153731,0.9817095714611564,-0.16033949410446052,0.9575231345769485,-0.3770144861375143,0.9136541399607886,-0.784363471159656,0.8735365418878742,-1.1743784568191544,0.8360142456444266,-1.5557264427973299,0.7823406632933114,-2.1320819216052542,0.7098135416798317,-2.9771143905341653,0.6978745016723412,-3.1244533851166425
305.56760411227884,22.0792856258459,0.023,0.31286135774682644,0.981645954560841,-0.16090237674912192,0.9573772406320294,-0.37833802100469227,0.9133645434057186,-0.7871170322051656,0.8731220184121636,-1.1785011918651926,0.8354887447932996,-1.561187925754996,0.781666793907032,-2.139566739474814,0.7089599668759604,-2.9875657520715393,0.696993776850452,-3.1354219901653266
306.64031986510366,22.15679645220058,0.023,0.3117668790199166,0.981582118473338,-0.1614672354314,0.9572308568630057,-0.3796662022305896,0.913074022478265,-0.7898802598130663,0.8727062374664741,-1.1826384000516075,0.8349617311957797,-1.5666685816181805,0.7809911423537723,-2.147077833304025,0.7081044274025822,-2.9980538038208646,0.6961110775263941,-3.146429101244314
307.71680145917236,22.23457938555655,0.023,0.31067622909338116,0.981518062458053,-0.1620340770883077,0.9570839817040487,-0.3809990461265619,0.9127825745528174,-0.7926531879184794,0.87228919593236,-1.1867901321873375,0.834433201665866,-1.572168477694664,0.7803137059732097,-2.15461529533642,0.7072469223661902,-3.008578674585612,0.6952264032023218,-3.1574748535316246
308.7970621147254,22.312635381163844,0.023,0.3095893945729786,0.9814537857719917,-0.1626029086812125,0.9569366135848785,-0.38233656906122837,0.9124901969986022,-0.7954358505756585,0.8718708906885868,-1.1909564392596883,0.8339031530192216,-1.5776876815285166,0.7796344821160516,-2.1621792181393604,0.7063874509006461,-3.0191404936214243,0.6943397534106596,-3.1685593826798337
309.88111509841366,22.39096539762596,0.023000000000000003,0.30850636211132476,0.9813892876697538,-0.16317373719591682,0.9567887509307548,-0.38367878746067,0.9121968871796899,-0.7982282819584051,0.8714513186111695,-1.1951373724349608,0.8333715820732494,-1.5832262609009269,0.7789534681441717,-2.1697696946051694,0.7055260121673865,-3.0297393906377055,0.6934511277143176,-3.1796828248177373
310.968973723462,22.46957039691167,0.023000000000000003,0.3074271184077277,0.9813245674035241,-0.1637465696427529,0.9566403921624684,-0.38502571780863526,0.9119026424550023,-0.8010305163604932,0.8710304765734107,-1.1993329830590809,0.8328384856471686,-1.5887842838310333,0.7782706614307459,-2.1773868179522795,0.7046626053556296,-3.0403754957992195,0.692560525706907,-3.1908453165520196
312.0606513498322,22.548451344366807,0.023,0.30635165020802524,0.9812596242230677,-0.16432141305665832,0.9564915356963332,-0.38637737664673705,0.9116074601783205,-0.8038425881960843,0.8706083614459398,-1.2035433226582262,0.8323038605620916,-1.594361818576764,0.7775860593603903,-2.1850306817263725,0.7037972296825837,-3.0510489397276794,0.6916679470129562,-3.2020469949689323
313.15616138438656,22.627609208726074,0.023,0.3052799443044226,0.981194457375721,-0.1648982744972694,0.9563421799441765,-0.38773378057466046,0.9113113376982926,-0.8066645320001554,0.8701849700967523,-1.207768442939459,0.8317677036411022,-1.5999589336356668,0.7768996593292992,-2.1927013798015267,0.7029298843936558,-3.061759853503352,0.690773391288128,-3.2132879976359776
314.25551728105336,22.707044962125003,0.023,0.30421198753532946,0.9811290661063857,-0.1654771610490051,0.9561923233133314,-0.3890949462503641,0.911014272358442,-0.8094963824289187,0.8697602993912494,-1.2120083957913645,0.8312300117093331,-1.605575697745756,0.7762114587453839,-2.20039900638137,0.7020605687626601,-3.0725083686666697,0.6898768582194368,-3.2245684626035938
315.35873254099147,22.78675958011185,0.023000000000000003,0.3031477667851986,0.9810634496575212,-0.16605807982115653,0.9560419642066277,-0.39046089039028614,0.910716261497175,-0.8123381742602511,0.8693343461922779,-1.2162632332846848,0.8306907815940452,-1.611212179886354,0.7755214550284123,-2.2081236560002395,0.7011892820920281,-3.083294617219847,0.6889783475254663,-3.2358885284068557
316.4658207127575,22.86675404165966,0.023000000000000003,0.3020872689843641,0.9809976072691379,-0.16664103794796936,0.9558911010223834,-0.39183162976954944,0.9104173024477897,-0.8151899423941187,0.8689071073601703,-1.2205330076729628,0.8301500101247061,-1.616868449278944,0.7748296456101486,-2.2158754235243467,0.7003160237130183,-3.094118731628508,0.6880778589565875,-3.2472483340671814
317.5767953924698,22.947029329178157,0.023,0.3010304811088825,0.9809315381787893,-0.16722604258873675,0.9557397321543967,-0.3932071812221638,0.9101173925384844,-0.8180517218530072,0.8684785797527865,-1.2248177713931767,0.8296076941330714,-1.6225445753880097,0.7741360279344959,-2.2236544041529265,0.6994407929859282,-3.1049808448232934,0.6871753922951789,-3.258648019094025
318.6916702239783,23.027586428525957,0.023,0.29997739018037056,0.9808652416215657,-0.16781310092788376,0.9555878559919364,-0.3945875616412404,0.9098165290923663,-0.8209235477823513,0.868048760225554,-1.2291175770663942,0.8290638304532636,-1.6282406279219017,0.7734405994576361,-2.2314606934194305,0.6985635893003045,-3.115881090201522,0.6862709473558447,-3.270087723486604
319.81045889902936,23.108426329022535,0.023,0.2989279832658483,0.9807987168300863,-0.16840222017505888,0.9554354709197345,-0.3959727879791932,0.9095147094274606,-0.8238054554509643,0.8676176456315104,-1.2334324774984053,0.8285184159218544,-1.633956676833681,0.7727433576481744,-2.239294387192677,0.6976844120751569,-3.126819601628799,0.6853645239856359,-3.2815675877356116
320.93317515743564,23.189550023460463,0.023000000000000003,0.2978822474775785,0.9807319630344925,-0.16899340756521883,0.9552825753179771,-0.3973628772479468,0.9092119308567193,-0.8266974802514757,0.8671852328213446,-1.2377625256803857,0.8279714473779457,-1.6396927923219873,0.7720442999872813,-2.247155581678043,0.6968032607591694,-3.137796513440682,0.6844561220642704,-3.293087752824937
322.05983278724403,23.270958508117552,0.023000000000000003,0.2968401699729094,0.9806649794624405,-0.16958667035871833,0.9551291675622963,-0.39875784651914925,0.9089081906880311,-0.8295996577007585,0.86675151864344,-1.242107774789533,0.8274229216632528,-1.6454490448318908,0.7713434239688378,-2.255044373418636,0.6959201348309152,-3.1488119604443137,0.6835457415043545,-3.304648360233407
323.1904456249058,23.35265278276916,0.023,0.29580173795411585,0.9805977653390938,-0.17018201584140216,0.9549752460237613,-0.40015771292437885,0.9086034862242302,-0.8325120234403751,0.8663164999439165,-1.246468278189732,0.8268728356221859,-1.6512255050557714,0.7706407270995793,-2.262960859296489,0.6950350337990688,-3.159866077920097,0.6826333822516037,-3.3162495519365214
324.3250275554462,23.43463385070043,0.023,0.29476693866824266,0.9805303198871165,-0.1707794513246924,0.9548208090688701,-0.4015624936553583,0.9082978147631061,-0.8354346132370096,0.8658801735666737,-1.2508440894322073,0.8263211861019344,-1.6570222439341782,0.7699362068992416,-2.270905136533749,0.694147957202622,-3.170959001623344,0.6817190442850654,-3.327891470408197
325.46359251263397,23.516902718718555,0.023,0.29373575940694896,0.9804626423266656,-0.17137898414567684,0.9546658550595418,-0.40297220596415834,0.9079911735974143,-0.8383674629829041,0.8654425363534358,-1.255235262256171,0.8257679699525509,-1.6628393326567,0.7692298609007077,-2.2788773026938616,0.6932589046110987,-3.1820908677859405,0.6808027276173416,-3.3395742586225086
326.6061544791537,23.599460397165217,0.023,0.2927081875063508,0.9803947318753841,-0.17198062166720066,0.9545103823531071,-0.40438686716341793,0.9076835600148853,-0.841310608696306,0.865003585143794,-1.259641850589497,0.825213184027036,-1.6686768426628393,0.7685216866501547,-2.2868774556827764,0.692367875624771,-3.1932618131180246,0.6798844322948124,-3.351298060055452
327.75272748677685,23.68230789992894,0.023000000000000003,0.29168421034686676,0.9803265877483931,-0.1725843712779589,0.9543543893023009,-0.40580649462655083,0.9073749712982354,-0.8442640865219044,0.8645633167752523,-1.2640639085493708,0.8246568251814236,-1.674534845642894,0.7678116817072019,-2.2949056937501497,0.6914748698748749,-3.20447197480966,0.6789641583978591,-3.3630630186867028
328.90332561653497,23.76544624445763,0.023,0.2906638153530613,0.9802582091582854,-0.1731902403925818,0.954197874255253,-0.4072311057879634,0.9070654047251773,-0.8472279327312793,0.8641217280832709,-1.2685014904429661,0.8240988902748659,-1.6804134135388362,0.7670998436450589,-2.302962115490551,0.6905798870238272,-3.2157214905325366,0.6780419060410875,-3.3748692790013965
330.05796299889204,23.848876451771012,0.023,0.28964698999349164,0.9801895953151172,-0.17379823645173353,0.9540408355554809,-0.40866071814326504,0.90675485756843,-0.8502021837233453,0.8636788159013128,-1.272954650768102,0.8235393761697208,-1.6863126185451984,0.7663861700506756,-2.3110468198446728,0.689682926765443,-3.2270104984416474,0.6771176753735539,-3.386716985991889
331.21665381391733,23.932599546473117,0.023000000000000003,0.2886337217805541,0.9801207454264014,-0.1744083669221959,0.9538832715418804,-0.4100953492494871,0.9064433270957309,-0.8531868760247941,0.8632345770608886,-1.2774234442139183,0.8229782797316392,-1.6922325331099501,0.7656706585248922,-2.3191599061005457,0.6887839888251545,-3.2383391371769807,0.6761914665789897,-3.39860628515954
332.37941229146054,24.016616556764944,0.023000000000000003,0.2876239982703299,0.9800516586971002,-0.17502063929696354,0.9537251805487181,-0.41153501672529214,0.9061308105698459,-0.8561820462905501,0.8627890083916033,-1.2819079256615409,0.8224155978296517,-1.698173229935399,0.7649533066825911,-2.327301473894753,0.6878830729602287,-3.2497075458652347,0.6752632798760266,-3.4105373225164985
333.5462527113258,24.10092851445703,0.023,0.28661780706243306,0.9799823343296176,-0.17563506109533664,0.9535665609056231,-0.4129797382511963,0.9058173052485811,-0.8591877313042134,0.8623421067212026,-1.2864081501847613,0.8218513273362581,-1.7041347819790746,0.7642341121528472,-2.3354716232136625,0.6869801789599871,-3.2611158641215168,0.6743331155184232,-3.4225102445875004
334.7171894034486,24.18553645498224,0.023000000000000003,0.28561513579985665,0.9799127715237917,-0.1762516398630129,0.9534074109375779,-0.4144295315697865,0.9055028083847936,-0.8622039679785212,0.8618938688756193,-1.2909241730507135,0.8212854651275152,-1.7101172624546352,0.7635130725790811,-2.3436704543946534,0.6860753066460242,-3.2725642320510717,0.6734009737952896,-3.434525198411678
335.8922367480692,24.27044141740829,0.023000000000000003,0.2846159721688234,0.9798429694768883,-0.17687038317217763,0.9532477289649113,-0.4158844144859326,0.9051873172264043,-0.8652307933557903,0.8614442916790214,-1.2954560497205472,0.8207180080831273,-1.7161207448327551,0.7627901856192127,-2.3518980681273405,0.6851684558724297,-3.2840527902509815,0.6724668550313172,-3.4465823315443345
337.0714091759121,24.355644444450707,0.023,0.28362030389863196,0.979772927383592,-0.17749129862160273,0.9530875133032897,-0.4173444048670113,0.9048708290164089,-0.8682682446083807,0.8609933719538594,-1.3000038358501167,0.8201489530865359,-1.7221453028420357,0.7620654489458146,-2.360154565454824,0.6842596265260065,-3.295581679811919,0.6715307595870026,-3.4586817920587967
338.25472116836073,24.441146582485477,0.023,0.28262811876150823,0.9797026444360003,-0.1781143938367315,0.9529267622637086,-0.41880952064312493,0.9045533409928904,-0.8713163590391451,0.8605411065209154,-1.3045675872906537,0.8195782970250106,-1.7281910104699065,0.7613388602462678,-2.368440047774914,0.6833488185264948,-3.3071510423198496,0.670592687858878,-3.470823728548198
339.4421872576368,24.52694888156198,0.023,0.2816394045724542,0.9796321198236152,-0.178739676469779,0.9527654741524854,-0.4202797798073193,0.9042348503890311,-0.8743751740818938,0.8600874921993507,-1.3091473600894652,0.8190060367897407,-1.734257941963535,0.7606104172229164,-2.376754616841391,0.6824360318267917,-3.3187610198577957,0.669652640279738,-3.4830082901273234
340.63382202697795,24.613052395415842,0.023000000000000003,0.28065414918909853,0.9795613527333359,-0.17936715419982488,0.9526036472712502,-0.4217552004158048,0.9039153544331254,-0.8774447273018476,0.8596325258067555,-1.3137432104906117,0.8184321692759274,-1.7403461718307354,0.7598801175932248,-2.3850983747652426,0.6815212664131749,-3.3304117550075634,0.6687106173188686,-3.4952356264344298
341.82964011081805,24.699458181481944,0.023,0.2796723405115471,0.9794903423494515,-0.17999683473290565,0.9524412799169385,-0.4232358005881828,0.9035948503485927,-0.8805250563961038,0.8591762041591987,-1.3183551949356043,0.8178566913828759,-1.7464557748408915,0.7591479590899338,-2.3934714240159307,0.680604522305524,-3.342103390851512,0.6677666194822748,-3.5075058876331004
343.02965619496604,24.78616730090737,0.023000000000000003,0.27869396648223455,0.9794190878536337,-0.18062872580210954,0.9522783703817826,-0.424721598507662,0.9032733353539892,-0.8836161991941015,0.8587185240712771,-1.3229833700640972,0.817279600014089,-1.7525868260258703,0.7584139394612194,-2.4018738674226414,0.6796857995575447,-3.3538360709742983,0.6668206473129111,-3.5198192244140736
344.23388501678585,24.873180818564386,0.023,0.2777190150857768,0.9793475884249289,-0.1812628351676732,0.9521149169533041,-0.42621261242128616,0.9029508066630229,-0.886718193658078,0.8582594823561667,-1.3276277927145808,0.8167008920773616,-1.758739400680939,0.757678056470851,-2.410305808175549,0.6787650982569926,-3.365609939464638,0.6658727013909113,-3.532175787997096
345.442341365378,24.96049980306357,0.023,0.276747474348823,0.9792758432397505,-0.1818991706170771,0.9519509179143053,-0.42770886064015473,0.9026272614845654,-0.8898310778835403,0.857799075825673,-1.3322885199250796,0.816120564484875,-1.764913574365696,0.7569403078983513,-2.4187673498270814,0.677842418525897,-3.377425140917084,0.6649227823338179,-3.5445757301327765
346.6550400817611,25.04812532676693,0.023000000000000003,0.27577933233990853,0.9792038514718722,-0.1825377399651386,0.9517863715428618,-0.42921036153964987,0.9023026970226665,-0.8929548900997321,0.8573373012902833,-1.3369656089338529,0.8155386141532922,-1.771109422904993,0.7562006915391564,-2.4272585962931945,0.6769177605207862,-3.3892818204337893,0.6639708907968125,-3.5570192031044585
347.871996059055,25.136058465801128,0.023,0.2748145771693078,0.9791316122924196,-0.18317855105411068,0.9516212761123138,-0.43071713355966496,0.9019771104765671,-0.8960896686701068,0.8568741555592166,-1.3416591171801047,0.8149550380038528,-1.7773270223898807,0.7554592052047756,-2.435779651854655,0.6759911244329109,-3.4011801236263173,0.6630170274729461,-3.5695063597300947
349.09322424266156,25.224300300070556,0.023,0.2738531969888899,0.9790591248698635,-0.1838216117537754,0.9514556298912592,-0.4322291952048226,0.9016504990407143,-0.899235452092791,0.8564096354404782,-1.3463691023046762,0.8143698329624718,-1.7835664491785188,0.7547158467229553,-2.4443306211583042,0.6750625104884724,-3.413120196617388,0.6620611930933715,-3.5820373533641012
350.31873963045086,25.31285191327078,0.023,0.272895179991971,0.9789863883700112,-0.18446692996154407,0.9512894311435446,-0.43374656504471065,0.9013228599047745,-0.9023922790010647,0.8559437377409105,-1.3510956221507662,0.813782995959834,-1.7898277798971405,0.7539706139378393,-2.452911609218365,0.674131918948846,-3.4251021860427167,0.6611033884275728,-3.59461233789927
351.54855727294296,25.40171439290167,0.023,0.2719405144131713,0.978913401956,-0.18511451360255113,0.9511226781282579,-0.43526926171410735,0.9009941902536488,-0.9055601881638319,0.8554764592662474,-1.3558387347646315,0.8131945239314947,-1.7961110914409704,0.7532235047101339,-2.461522721417708,0.67319935011081,-3.437126239052775,0.6601436142835987,-3.6072314677686323
352.7826922734941,25.49088883028087,0.023000000000000003,0.2709891885282693,0.9788401647882888,-0.1857643706297539,0.950955369099721,-0.4367973039132056,0.9006644872674876,-0.9087392184860956,0.8550077968211671,-1.3605984983963082,0.812604413817976,-1.8024164609751836,0.7524745169172707,-2.470164063509164,0.6722648043067705,-3.449192503314626,0.6591818715082937,-3.6198948979473746
354.02115978848155,25.580376320557136,0.023000000000000003,0.2700411906540586,0.9787666760246512,-0.1864165090240286,0.9507875023074809,-0.4383307104078509,0.9003337481217053,-0.9119294090094376,0.8545377472093472,-1.3653749715003183,0.8120126625648673,-1.808743965935845,0.7517236484535725,-2.4788357416168125,0.6713282819049903,-3.461301127013721,0.658218160987531,-3.6326027839547215
355.26397502749086,25.67017796272388,0.023000000000000003,0.26909650914820343,0.9786929348201671,-0.18707093679426856,0.9506190759963026,-0.4398695000297659,0.9000019699869951,-0.9151307989125014,0.8540663072335178,-1.3701682127363968,0.8114192671229238,-1.815093684030872,0.7509708972304174,-2.487537862237295,0.6703897833098151,-3.4734522588557355,0.6572524836464442,-3.645355281855874
356.51115325350173,25.760294859632598,0.023,0.2681551324090961,0.9786189403272157,-0.18772766197748186,0.9504500884061613,-0.4414136916767827,0.8996691500293452,-0.918343427511467,0.8535934736955179,-1.3749782809702076,0.8108242244481683,-1.8214656932409758,0.7502162611764063,-2.4962705322411143,0.6694493089619029,-3.485646048068385,0.6562848404496601,-3.65815254826391
357.76270978307497,25.85072811800637,0.023000000000000003,0.26721704887571535,0.9785446916954675,-0.18838669263889382,0.9502805377722345,-0.44296330431307607,0.899335285410054,-0.9215673342605368,0.8531192433963501,-1.379805235274063,0.8102275315019919,-1.8278600718206228,0.7494597382375301,-2.5050338588739445,0.6685068593384523,-3.497882644403253,0.6553152324015334,-3.6709947403416967
359.0186599865415,25.941478848453524,0.023,0.2662822470274834,0.9784701880718766,-0.18904803687204197,0.9501104223248945,-0.44451835696939557,0.8990003732857462,-0.924802558752419,0.8526436131362372,-1.3846491349276557,0.8096291852512556,-1.8342768982989983,0.7487013263773368,-2.513827949757959,0.6675624349534315,-3.510162198137637,0.6543436605463789,-3.683882015803838
360.27901928819045,26.032548165481234,0.023,0.265350715384125,0.9783954286006733,-0.18971170279887434,0.9499397402897005,-0.44607886874329844,0.8986644108083885,-0.9280491407188164,0.8521665797146779,-1.389510039418781,0.809029182668393,-1.8407162514809685,0.7479410235771012,-2.5226529128931374,0.6666160363578074,-3.522484860076393,0.6533701259687054,-3.696814532918602
361.54380316645984,26.12393718750928,0.022999999999999996,0.26442244250552566,0.9783204124233561,-0.1903776985698545,0.9497684898873908,-0.4476448587993891,0.8983273951253065,-0.9313071200309118,0.8516881399305043,-1.3943880084440732,0.8084275207315129,-1.8471782104480525,0.747178827835993,-2.5315088566586113,0.665667664139775,-3.534850781553793,0.652394629793449,-3.7097924505098763
362.81302715412556,26.215647036883727,0.023000000000000003,0.2634974169915917,0.9782451386786839,-0.19104603236405926,0.949596669333876,-0.4492163463695454,0.8979893233792006,-0.9345765366998592,0.8512082905819389,-1.3992831019097351,0.8078241964245038,-1.85366285455939,0.7464147371712474,-2.5403958898139836,0.6647173189249875,-3.5472601144353795,0.6514171731862078,-3.72281592795911
364.0867068384918,26.307678839890652,0.023000000000000003,0.26257562748211083,0.9781696065026687,-0.19171671238927654,0.9494242768402302,-0.4507933507531652,0.8976501927081636,-0.9378574308772737,0.8507270284666532,-1.4041953799322724,0.8072192067371379,-1.860170263452715,0.7456487496183374,-2.549314121500656,0.6637650013767884,-3.559713011119818,0.6504377573534772,-3.7358851252072616
365.3648578615834,26.400033726770076,0.023,0.2616570626566116,0.9780938150285675,-0.19238974688210914,0.949251310612685,-0.4523758913173928,0.8973100002456975,-0.9411498428557247,0.8502443503818251,-1.409124902839234,0.806612548665177,-1.8667005170453321,0.7448808632311436,-2.5582636612431857,0.6628107121964397,-3.57220962454079,0.6494563835428825,-3.7490002027567826
366.6474959203372,26.492712831729776,0.023000000000000003,0.2607417112342252,0.9780177633868746,-0.19306514410807518,0.9490777688526204,-0.4539639874973661,0.8969687431207306,-0.9444538130692322,0.8497602531241986,-1.4140717311699549,0.806004219210477,-1.8732536955351062,0.7441110760821279,-2.5672446189506193,0.6618544521233554,-3.5847501081688526,0.6484730530434154,-3.76216132167357
367.93463676679613,26.585717292959302,0.023000000000000003,0.2598295619735458,0.977941450705314,-0.19374291236170843,0.9489036497565586,-0.45555765879644916,0.8966264184576352,-0.9477693820937626,0.8492747334901424,-1.4190359256762972,0.8053942153810957,-1.8798298794014414,0.7433393862625058,-2.576257104917853,0.6608962219353304,-3.597334616013343,0.6474877671856673,-3.7753686435889673
369.2262962083005,26.67904825264381,0.023,0.2589206036724942,0.9778648761088313,-0.19442305996666204,0.9487289515161557,-0.4571569247864762,0.8962830233762457,-0.9510965906477266,0.8487877882757108,-1.424017547323392,0.8047825341913994,-1.8864291494062644,0.7425657918824219,-2.58530122982697,0.6599360224487751,-3.6099633026242444,0.6465005273420663,-3.788622330701718
370.52249010768475,26.77270685697828,0.023,0.2580148251681782,0.977788038719586,-0.1951055952758114,0.9485536723181947,-0.45876180510798814,0.8959385549918758,-0.9544354795924815,0.8482994142767026,-1.4290166572904008,0.8041691726621704,-1.8930515865950333,0.7417902910711223,-2.5943771047486246,0.6589738545189446,-3.6226363230941168,0.6455113349271101,-3.8019225457799974
371.82323438346975,26.8666942561814,0.023,0.25711221533675743,0.9777109376569438,-0.19579052667135227,0.9483778103445781,-0.46037231947047585,0.8955930104153381,-0.9577860899328294,0.8478096082887234,-1.4340333169712525,0.8035541278207163,-1.8996972722977112,0.7410128819771326,-2.60348484114338,0.6580097190401738,-3.6353538330599653,0.6445201913976042,-3.8152694521633688
373.1285450100598,26.961011604509803,0.023,0.2562127630933057,0.977633572037469,-0.19647786256490724,0.9482013637723209,-0.46198848765262046,0.895246386752962,-0.9611484628175213,0.8473183671072461,-1.4390675879754042,0.8029373967009792,-1.9063662881297796,0.7402335627684326,-2.612624550863096,0.657043616946108,-3.648115988705177,0.6435270982528951,-3.8286632137648224
374.43843801793804,27.0556600602722,0.023,0.25531645739167524,0.9775559409749158,-0.19716761139763123,0.9480243307735424,-0.4636103295025395,0.8948986811066122,-0.9645226395397655,0.8468256875276727,-1.4441195321285982,0.802318976343645,-1.9130587159932348,0.7394523316326341,-2.621796346152289,0.6560755492099373,-3.6609229467614273,0.6425320570351076,-3.842103995072766
375.75292949386443,27.150640785843663,0.023,0.2544232872243604,0.9774780435802214,-0.19785978164030935,0.9478467095154601,-0.46523786493802555,0.8945498905737085,-0.9679086615377319,0.8463315663453973,-1.4491892114736202,0.8016988637962543,-1.9197746380776,0.7386691867771581,-2.6310003396495247,0.655105516844628,-3.6737748645106167,0.6415350693293794,-3.8555919611530634
377.0720355810726,27.245954947679877,0.023,0.2535332416223629,0.9773998789614974,-0.19855438179346596,0.9476684981603812,-0.4668711139467993,0.8942000122472444,-0.9713065703950646,0.8458360003558679,-1.4542766882710632,0.8010770561133137,-1.9265141368609289,0.7378841264294135,-2.6402366443887932,0.6541335209031578,-3.6866718997867913,0.6405361367640972,-3.8691272776510583
378.39577247946744,27.341603716331385,0.023,0.25264630965505774,0.9773214462240224,-0.19925142038746607,0.9474896948656969,-0.46851009658674336,0.8938490432158076,-0.9747164078413871,0.8453389863546509,-1.4593820250000875,0.8004535503564082,-1.933277295110817,0.7370971488369766,-2.6495053738008965,0.653159562478749,-3.6996142109780807,0.6395352610111338,-3.882710110793589
379.724156445825,27.437588266458057,0.023000000000000003,0.25176248043005806,0.9772427444702341,-0.19995090598261983,0.9473102977838737,-0.47015483298616106,0.8934969805635992,-0.9781382157528175,0.8448405211374943,-1.4645052843591904,0.7998283435943135,-1.9400641958854217,0.7363082522677716,-2.6588066417148397,0.652183642705102,-3.7126019570286486,0.6385324437860829,-3.896340627391057
381.0572037939914,27.53390977684346,0.023000000000000003,0.2508817430930819,0.9771637727997207,-0.20065284716929224,0.9471303050624478,-0.47180534334401086,0.893143821370454,-0.9815720361524832,0.8443406015003924,-1.4696465292669778,0.7992014329031095,-1.9468749225344826,0.7355174350102504,-2.668140562359236,0.6512057627566303,-3.7256352974406393,0.6375276868484963,-3.9100189948394486
382.3949308950844,27.6305694304094,0.023,0.25000408682781844,0.9770845303092138,-0.20135725256800238,0.9469497148440168,-0.47346164793016676,0.8927895627118612,-0.985017911211037,0.8438392242396503,-1.4748058228629346,0.7985728153662942,-1.953709558700345,0.7347246953735745,-2.6775072503637034,0.6502259238486939,-3.7387143922761474,0.6365209920021188,-3.92374538112242
383.7373541776939,27.727568414230436,0.023,0.24912950085579502,0.9770050160925802,-0.2020641308295335,0.9467685252662333,-0.47512376708566006,0.8924342016589841,-0.9884758832471779,0.8433363861519495,-1.479983228508205,0.7979424880748984,-1.9605681883189887,0.7339300316877972,-2.686906820760284,0.6492441272378341,-3.751839402159178,0.635512361095125,-3.937519954813343
385.08449012808234,27.82490791954836,0.023000000000000003,0.24825797443624606,0.9769252292408134,-0.20277349063503872,0.9465867344617982,-0.4767917212229283,0.8920777352786828,-0.9919459947281615,0.8428320840344142,-1.4851788097863627,0.7973104481276023,-1.9674508956210497,0.7331334423040475,-2.6963393889848364,0.6482603742220092,-3.7650104882776074,0.6345017960203565,-3.9513428850773713
386.436355290389,27.92258914178693,0.023000000000000003,0.24738949686597972,0.9768451688420265,-0.2034853406961446,0.9464043405584529,-0.4784655308260705,0.8917201606335339,-0.9954282882703305,0.8423263146846774,-1.490392630504197,0.7966766926308503,-1.9743577651328659,0.732334925594713,-2.7058050708784673,0.6472746661408288,-3.7782278123851776,0.6334892987155568,-3.965214341673528
387.7929662668319,28.020613280566494,0.023000000000000003,0.24652405747924738,0.9767648339814436,-0.2041996897550635,0.9462213416789732,-0.48014521645109554,0.8913614747818523,-0.9989228066396355,0.8418190749009483,-1.4956247546924926,0.7960412186989687,-1.9812888816775085,0.7315344799536245,-2.715303982688954,0.646287004375789,-3.791491536803477,0.6324748711636088,-3.979134494956779
389.15433971791356,28.11898153971883,0.023000000000000003,0.2456616456476115,0.9766842237413921,-0.20491654658469538,0.946037735941162,-0.48183079872617596,0.8910016747777136,-1.0024295927521591,0.8413103614820787,-1.5008752466068251,0.7954040234542828,-1.9882443303758304,0.7307321037962414,-2.7248362410721683,0.6452973903505068,-3.8048018244239437,0.631458515392769,-3.99310351588015
390.5204923626227,28.21769512730174,0.023,0.24480225077981685,0.9766033372012942,-0.2056359199887398,0.9458535214578427,-0.4835222983519008,0.8906407576709754,-1.005948689674645,0.8408001712276328,-1.5061441707283363,0.7947651040272364,-1.9952241966474993,0.7299277955598381,-2.734401963093509,0.6443058255309579,-3.81815883870984,0.6304402334769067,-4.007121575996789
391.8914409786427,28.316755255614105,0.023,0.24394586232165846,0.9765221734376598,-0.20635781880180057,0.9456686963368522,-0.4852197361015312,0.8902787205073,-1.009480140625024,0.8402885009379543,-1.5114315917645391,0.794124457556509,-2.0022285662120645,0.7291215537036897,-2.744001266229347,0.6433123114257095,-3.831562743698296,0.6294200275357371,-4.021188847462112
393.2672024025551,28.41616314121058,0.023,0.2430924697558537,0.9764407315240774,-0.20708225188949755,0.9454832586810348,-0.4869231328212506,0.8899155603281769,-1.013023988972947,0.8397753474142361,-1.5167375746501044,0.7934820811891371,-2.0092575250899904,0.7283133767092607,-2.7536342683684545,0.6423168495861582,-3.8450137040022936,0.6283978997350599,-4.035305503035885
394.64779353004764,28.51592000491664,0.023,0.2422420626019122,0.9763590105312068,-0.20780922814857328,0.9452972065882344,-0.4886325094304289,0.8895512741709457,-1.016580278240319,0.8392607074585903,-1.5220621845476594,0.7928379720806344,-2.016311159603726,0.7275032630803927,-2.7633010878134625,0.6413194416067647,-3.8585118848127005,0.627373852286994,-4.049471716084362
396.03323131612115,28.61602707184353,0.023,0.2413946304160076,0.9762770095267707,-0.2085387565070025,0.945110538151289,-0.49034788692187137,0.8891858590688199,-1.020149052101825,0.8387445778741179,-1.5274054868485893,0.7921921273951129,-2.0233895563787576,0.7266912113434935,-2.7730018432823083,0.6403200891252901,-3.872057451900297,0.6263478874502144,-4.063687660582408
397.42353277529907,28.716485571403386,0.023000000000000003,0.2405501627908485,0.9761947275755465,-0.20927084592410367,0.9449232514580235,-0.49206928636208247,0.8888193120509088,-1.0237303543854808,0.8382269554649798,-1.5327675471738413,0.7915445443054039,-2.0304928023446833,0.7258772200477258,-2.7827366539097054,0.6393187938230316,-3.8856505716178207,0.6253200075301865,-4.077953511115647
398.8187149818352,28.81729673732427,0.023000000000000003,0.23970864935555133,0.9761121637393586,-0.21000550539064658,0.9447353445912434,-0.4937967288915195,0.8884516301422427,-1.0273242290731608,0.8377078370364676,-1.538148431374733,0.7908952199931818,-2.03762098473627,0.725061287765199,-2.792505639248593,0.6383155574250585,-3.8992914109019994,0.6242902148794032,-4.092269442882593
400.21879506992326,28.918461807665288,0.023,0.2388700797755131,0.9760293170770702,-0.21074274392896222,0.9445468156287281,-0.49553023572485727,0.8880828103637964,-1.0309307203011406,0.8371872193950761,-1.5435482055337515,0.7902441516490875,-2.0447741910945263,0.7242434130911596,-2.8023089192716077,0.6373103817004494,-3.9129801372755972,0.6232585118976203,-4.106635631696808
401.6237902339077,29.019982024831847,0.023,0.23803444375228427,0.9759461866445747,-0.21148257059305775,0.9443576626432246,-0.49726982815124465,0.887712849732514,-1.0345498723606354,0.836665099348576,-1.5489669359653713,0.7895913364728517,-2.051952509267779,0.7234235946441836,-2.8121466143725558,0.6363032684625272,-3.9267169188494835,0.6222249010320923,-4.121052253989051
403.03371772849476,29.121858635590897,0.023000000000000003,0.2372017310234421,0.975862771494788,-0.21222499446872423,0.9441678837024412,-0.49901552753456735,0.8873417452613325,-1.0381817296983524,0.8361414737060857,-1.5544046892168708,0.7889367716734206,-2.0591560274127545,0.7226018310663682,-2.822018845367898,0.6352942195690959,-3.940501924324687,0.6211893847778069,-4.135519486809461
404.4485948689656,29.224092891086308,0.023,0.2363719313624644,0.9757790706776404,-0.2129700246736478,0.9439774768690408,-0.5007673553137117,0.8869694939592074,-1.041826336917032,0.8356163392781454,-1.5598615320691487,0.7882804544690801,-2.0663848339956616,0.7217781210235255,-2.831925733498232,0.6342832369226764,-3.954335322994483,0.6201519656777202,-4.150037507829726
405.8684390313862,29.32668604685407,0.023,0.23554503457860507,0.9756950832400683,-0.21371767035752326,0.943786440200635,-0.502525333002825,0.8865960928311384,-1.0454837387759925,0.8350896928767916,-1.5653375315375364,0.7876223820875842,-2.0736390177932673,0.7209524632053769,-2.841867400429771,0.6332703224707439,-3.9682172847464474,0.6191126463229929,-4.164606495345254
407.29326765282406,29.42963936283795,0.023000000000000003,0.2347210305167671,0.9756108082260058,-0.21446794070216754,0.9435947717497774,-0.5042894821915845,0.8862215388781937,-1.0491539801916863,0.8345615313156307,-1.5708327548726353,0.7869625517662792,-2.080918667894008,0.720124856325747,-2.8518439682558543,0.632255478205962,-3.9821479800645783,0.6180714293532231,-4.179226628277382
408.72309823155956,29.53295410340472,0.023,0.23389990905737984,0.9755262446763768,-0.21522084492163002,0.9434024695639581,-0.5060598245454546,0.8858458290975368,-1.0528371062382456,0.8340318514099152,-1.57634726956113,0.7863009607522342,-2.0882238736990613,0.7192952991227598,-2.861855559498434,0.6312387061664214,-3.9961275800313505,0.6170283174566829,-4.193898086175551
410.1579483273022,29.636631537359836,0.023,0.2330816601162735,0.9754413916290869,-0.21597639226230647,0.9432095316855968,-0.5078363818059626,0.8854689604824527,-1.056533162148038,0.8335006499766192,-1.5818811433266196,0.7856376063023681,-2.0955547249234554,0.7184637903590346,-2.8719022971095827,0.6302200084358749,-4.010156256329844,0.6159833133705511,-4.208621049219531
411.5978355614057,29.740672937962955,0.023,0.23226627364455574,0.9753562481190151,-0.21673459200305095,0.9430159561520373,-0.5096191757909578,0.8850909300223736,-1.0602421933122224,0.8329679238345143,-1.5874344441304535,0.7849724856835789,-2.10291131159717,0.7176303288218829,-2.8819843044730007,0.6291993871439736,-4.024234181245838,0.6149364198811488,-4.223395698221614
413.0427776170856,29.845079582943654,0.023,0.23145373962848775,0.975270813178005,-0.21749545345529533,0.9428217409955408,-0.5114082283948834,0.8847117347029059,-1.063964245281309,0.8324336698042467,-1.593007240172567,0.7843055961728739,-2.1102937240662425,0.7167949133235052,-2.892101705405547,0.6281768444665029,-4.03836152766994,0.6138876398241712,-4.238222214628859
414.4927922396356,29.94985275451707,0.023,0.23064404808936168,0.9751850858348574,-0.21825898596315768,0.9426268842432807,-0.5132035615890456,0.8843313715058574,-1.0676993637657148,0.8318978847084146,-1.598599599892314,0.7836369350574999,-2.117702052993878,0.7159575427011899,-2.9022546241587404,0.6271523826256185,-4.052538469099704,0.6128369760849222,-4.253100780525308
415.94789723664445,30.05499373939958,0.023,0.22983718908337844,0.9750990651153217,-0.2190251989035585,0.9424313839173358,-0.5150051974218814,0.8839498374092647,-1.0714475946363275,0.8313605653716468,-1.604211591969307,0.7829664996350757,-2.1251363893615545,0.7151182158175127,-2.912443185420293,0.626126003890083,-4.0667651796417505,0.6117844315985485,-4.268031578634209
417.4081104782162,30.160503828824698,0.023,0.22903315270152502,0.9750127500420875,-0.2197941016863385,0.9422352380346855,-0.5168131580192296,0.8835671293874211,-1.075208983925063,0.8308217086206805,-1.609843285324266,0.7822942872137231,-2.132596824470153,0.7142769315605352,-2.9226675143156413,0.6250977105755016,-4.081041834013914,0.6107300093502708,-4.28301479232028
418.8734498971886,30.26638431855886,0.023,0.22823192906945322,0.9749261396347765,-0.22056570375437165,0.9420384446072028,-0.5186274655846035,0.8831832444109039,-1.0789835778254397,0.8302813112844413,-1.6154947491198568,0.7816202951122009,-2.1400834499410646,0.713433688844006,-2.9329277364094812,0.6240675050445573,-4.095368607547386,0.6096737123756181,-4.298050605591943
420.34393348935487,30.37263650891746,0.023,0.2274335083473576,0.9748392329099341,-0.22134001458368036,0.9418410016416492,-0.5204481423994652,0.8827981794466033,-1.0827714226931398,0.8297393701941219,-1.6211660527615523,0.7809445206600371,-2.147596357717333,0.712588486607561,-2.94322397770732,0.6230353897072465,-4.109745676188881,0.6086155437606574,-4.3131392031036135
421.81957931368345,30.479261704780715,0.023000000000000003,0.22663788072985527,0.9747520288810212,-0.2221170436835561,0.9416429071396689,-0.5222752108234963,0.8824119314577504,-1.0865725650465838,0.8291958821832635,-1.6268572658984763,0.7802669611976644,-2.155135640064771,0.7117413238169252,-2.9535563646570124,0.6220013670211146,-4.124173216502779,0.6075555066422279,-4.328280770157938
423.30040549253926,30.586261215609664,0.023000000000000003,0.22584503644586582,0.974664526558406,-0.2228968005966694,0.9414441590977832,-0.5241086932948723,0.8820244974039473,-1.0903870515674932,0.8286508440878363,-1.6325684584242568,0.7795876140765555,-2.162701389573092,0.710892199464116,-2.9639250241503112,0.6209654394914922,-4.138651405673301,0.6064936042081714,-4.343475492708079
424.78643021190754,30.693636355462328,0.023000000000000003,0.22505496575849063,0.974576724949355,-0.22367929489919572,0.9412447555073847,-0.5259486123305404,0.8816358742411952,-1.09421492910147,0.8281042527463212,-1.6382997004778912,0.7789064766593582,-2.1702936991570594,0.7100411125676449,-2.9743300835244373,0.6199276096717288,-4.1531804215066845,0.605429839697564,-4.3587235573599985
426.277671721616,30.801388443009778,0.023,0.22426765896489376,0.9744886230580259,-0.2244645362009234,0.9410446943547318,-0.5277949905264955,0.8812460589219246,-1.0980562446585713,0.8275561049997918,-1.6440510624446014,0.7782235463200329,-2.1779126620576097,0.7091880621727223,-2.9847716705636316,0.6188878801634289,-4.167760442433365,0.6043642164009458,-4.374025151374753
427.7741483355611,30.909518801552473,0.023000000000000003,0.22348310639618194,0.9744002198854578,-0.22525253414538093,0.9408439736209431,-0.5296478505580584,0.8808550483950248,-1.1019110454138907,0.8270063976919968,-1.649822614956709,0.7775388204439886,-2.1855583718430207,0.7083330473514605,-2.9952499135007415,0.6178462536166853,-4.1823916475101806,0.603296737660551,-4.389380462670802
429.27587843192964,31.018028759036273,0.023000000000000003,0.2227012984172873,0.974311514429564,-0.2260432984099485,0.9406425912819926,-0.5315072151801485,0.8804628396058751,-1.105779378708124,0.8264551276694444,-1.6556144288944847,0.7768522964282228,-2.193230922410037,0.7074760672030806,-3.005764941018769,0.6168027327303156,-4.197074216422549,0.6022274068705393,-4.404789679826285
430.78288045342805,31.126919648069013,0.023,0.2219222254268474,0.9742225056851231,-0.22683683870597898,0.9404405453087034,-0.5333731072275728,0.880069429496374,-1.1096612920481688,0.8259022917814847,-1.6614265753870383,0.776163971681459,-2.2009304079850436,0.7066171208541161,-3.0163168822524815,0.6157573202520941,-4.211808329486698,0.6011562274772225,-4.42025299208138
432.29517290750584,31.236192805936646,0.023000000000000003,0.22114587785708864,0.9741331926437705,-0.22763316477892095,0.9402378336667429,-0.5352455496153009,0.8796748150049711,-1.1135568331076944,0.8253478868803955,-1.6672591258131777,0.7754738436242872,-2.208656923125205,0.7057562074586208,-3.0269058667899746,0.6147100189789878,-4.2265941676518555,0.6000832029792957,-4.435770589340593
433.8127743665847,31.345849574619788,0.023000000000000003,0.22037224617370815,0.9740435742939905,-0.22843228640843066,0.9400344543166178,-0.5371245653387431,0.8792789930666985,-1.1174660497277307,0.824791909821467,-1.6731121518022927,0.7747819096893036,-2.216410562719642,0.7048933261983752,-3.0375320246742716,0.6136608317573894,-4.24143191250249,0.5990083369280644,-4.451342662175102
435.3357034682853,31.455891300810126,0.023000000000000003,0.21960132087575696,0.9739536496211071,-0.22923421340850014,0.9398304052136685,-0.5390101774740407,0.8788819606132019,-1.1213889899172567,0.8242343574630875,-1.6789857252352296,0.774088167321253,-2.2241914219905814,0.7040284762830944,-3.048195486404919,0.6126097614833508,-4.256321746260527,0.5979316329276726,-4.466969401825096
436.8639789156582,31.566319335927076,0.023,0.2188330924955227,0.9738634176072766,-0.23003895562757112,0.9396256843080638,-0.5409024091783436,0.8784837145727721,-1.1253257018537948,0.8236752266668292,-1.6848799182451852,0.7733926139771686,-2.2319995964945436,0.7031616569506356,-3.0588963829395976,0.6115568111028152,-4.27126385178761,0.5968530946353289,-4.482651000202134
438.3976194774121,31.677135036134302,0.023,0.21806755159841373,0.9737728772314781,-0.23084652294866184,0.9394202895447965,-0.5428012836900977,0.8780842518703782,-1.1292762338839955,0.8231145142975362,-1.6907948032185791,0.7726952471265166,-2.239835182123505,0.7022928674672075,-3.069634845695723,0.6105019836118515,-4.286258412587321,0.595772725761534,-4.498387649891496
439.93664398814366,31.78833976235631,0.023,0.2173046887828438,0.9736820274695059,-0.23165692528948342,0.9392142188636781,-0.5447068243293262,0.8776835694277001,-1.133240634524231,0.8225522172234114,-1.696730452795949,0.771996064251339,-2.2476982751060715,0.7014221071275806,-3.0804110065520534,0.6094452820568861,-4.3013056128074405,0.594690530070307,-4.514179544154534
441.48107134857014,31.899934880295245,0.023000000000000003,0.21654449468011588,0.9735908672939606,-0.23247017260256536,0.9390074701993332,-0.5466190544979237,0.8772816641631609,-1.1372189524611962,0.821988332316105,-1.7026869398728406,0.7712950628463975,-2.2555889720086717,0.7005493752552958,-3.0912249978503237,0.6083867095349348,-4.316405637242221,0.5936065113794105,-4.530026876931064
443.03092052576045,32.011921760447606,0.023,0.21578695995430763,0.9734993956742408,-0.23328627487537362,0.9388000414811962,-0.5485379976799313,0.8768785329919608,-1.141211236552502,0.821422856450803,-1.7086643376007062,0.7705922404193191,-2.2635073697367294,0.699674671202877,-3.1020769523968545,0.6073262691938355,-4.331558671334633,0.5925206735605749,-4.5459298428417325
444.5862105533699,32.124301778121215,0.023000000000000003,0.21503207530215576,0.9734076115765345,-0.2341052421304378,0.9385919306335048,-0.5504636774418405,0.8764741728261105,-1.145217535827278,0.8208557865063166,-1.714662719387803,0.7698875944907405,-2.2714535655358725,0.6987979943520404,-3.1129670034642034,0.6062639642324775,-4.346764901178676,0.5914330205397227,-4.561888637190429
446.1469605318723,32.237076313451944,0.023,0.2142798314529428,0.9733155139638106,-0.2349270844254736,0.9383831355752962,-0.5523961174328704,0.8760685805744648,-1.1492378994867773,0.8202871193651725,-1.7206821589000911,0.7691811225944561,-2.27942765699311,0.6979193441139081,-3.1238952847927854,0.6051997979010347,-4.362024513521633,0.5903435562971922,-4.577903455966663
447.71318962879445,32.35024675142072,0.023000000000000003,0.21353021916838302,0.9732231017958104,-0.23575181185350205,0.9381736542204023,-0.5543353413852627,0.8756617531427581,-1.153272376904971,0.8197168519137036,-1.7267227300621393,0.7684728222775644,-2.2874297420380376,0.6970387199292206,-3.1348619305925185,0.6041337735011949,-4.377337695766382,0.5892522848679598,-4.593974495847981
449.2849170789524,32.463814481870536,0.023,0.21278322924250884,0.9731303740290393,-0.23657943454297842,0.9379634844774454,-0.556281373114572,0.8752536874336379,-1.1573210176291666,0.8191449810421401,-1.7327845070580337,0.7677626911006163,-2.2954599189440366,0.6961561212685494,-3.1458670755444746,0.6030658943863901,-4.392704635973687,0.5881592103418632,-4.610101954202371
450.8621621846866,32.57778089952349,0.023,0.21203885250155807,0.9730373296167582,-0.23740996265791414,0.9377526242498329,-0.5582342365199597,0.8748443803467009,-1.1613838713806053,0.8185715036447015,-1.738867564332287,0.7670507266377636,-2.303518286329487,0.6952715476325118,-3.1569108548025273,0.6019961639620269,-4.408125522864506,0.587064336863822,-4.626286029090696
452.4449443161015,32.69214740399807,0.023,0.21129707980386006,0.9729439675089746,-0.2382434063980004,0.9375410714357533,-0.5601939555844879,0.8744338287785276,-1.1654609880550835,0.817996416619689,-1.7449719765907603,0.7663369264769083,-2.3116049431589785,0.694384998551983,-3.167993403995033,0.6009245856857135,-4.4236005458223335,0.5859676686340565,-4.642526919269144
454.03328291129935,32.80691539982607,0.023,0.21055790203972544,0.9728502866524346,-0.2390797759987377,0.9373288239281721,-0.5621605543754107,0.8740220296227189,-1.1695524177235563,0.8174197168695791,-1.7510978188015678,0.765621288219854,-2.319719988744512,0.6934964735883148,-3.179114859226461,0.5998511630674912,-4.439129894895485,0.5848692099083111,-4.658824824191623
455.62719747662334,32.92208629647011,0.023,0.20982131013133218,0.9727562859906137,-0.23991908173155826,0.9371158796148267,-0.564134057044476,0.8736089797699316,-1.173658210632759,0.8168414013011169,-1.7572451661960091,0.7649038094824551,-2.327863522746743,0.6926059723335474,-3.1902753570791025,0.5987758996700595,-4.4547137607994785,0.5837689649980702,-4.675179944012262
457.22670758689344,33.03766150834076,0.023000000000000003,0.20908729503261572,0.972661964463709,-0.24076133390395213,0.9369022363782232,-0.5661144878282118,0.8731946761079152,-1.1777784172058208,0.8162614668254108,-1.7634140942694885,0.7641844878947704,-2.336035645176185,0.6917134944106286,-3.2014750346147163,0.5976987991090068,-4.470352334919329,0.5826669382707782,-4.691592479587827
458.8318328856488,33.15364245481396,0.023000000000000003,0.20835584772915713,0.9725673210086301,-0.24160654285959438,0.9366878920956313,-0.5681018710482361,0.8727791155215494,-1.1819130880428819,0.815679910358028,-1.7696046787824367,0.763463321101215,-2.344236456394445,0.6908190394736288,-3.2127140293762304,0.5966198650530351,-4.486045809311932,0.5815631341500564,-4.708062632480209
460.4425930853881,33.270030560248465,0.023,0.20762695923807256,0.9724723545589905,-0.24245471897847273,0.9364728446390808,-0.5700962311115448,0.8723622948928805,-1.1860622739217193,0.8150967288190898,-1.775816995761249,0.7627403067607134,-2.352466057115455,0.689922607207959,-3.2239924793894255,0.5955391012241877,-4.501794376708405,0.5804575571159195,-4.724590604958895
462.05900796781316,33.3868272540034,0.023,0.2069006206079025,0.9723770640450992,-0.24330587267701573,0.936257091875357,-0.5720975925108197,0.8719442111011593,-1.190226025798372,0.8145119191333677,-1.78205112149922,0.7620154425468537,-2.360724548406716,0.6890241973305878,-3.2353105231646357,0.594456511398074,-4.517598230516472,0.5793502117049905,-4.74117660000346
463.68109738407065,33.504033970455744,0.023,0.20617682291850223,0.9722814483939521,-0.24416001440821597,0.9360406316659974,-0.5741059798247248,0.8715248610228793,-1.1944043948077607,0.8139254782303811,-1.788307132557476,0.7612887261480425,-2.369012031690531,0.688123809590261,-3.2466682996984444,0.5933720994040952,-4.533457564822828,0.5782411025107159,-4.757820821306054
465.3088812549951,33.62165214901789,0.023,0.20545555728093262,0.9721855065292232,-0.24501715466176682,0.9358234618672874,-0.5761214177182085,0.8711042415318153,-1.1985974322643194,0.8133374030444946,-1.7945851057659135,0.7605601552676611,-2.377328608745252,0.6872214437677199,-3.258065948475386,0.5922858691256699,-4.549372574395509,0.5771302341835811,-4.77452347327389
466.9423795713549,33.73968323415542,0.023,0.20473681483735048,0.9720892373712561,-0.24587730396418248,0.9356055803302566,-0.5781439309428076,0.8706823494990622,-1.2028051896626224,0.8127476905150167,-1.8008851182241474,0.7598297276242211,-2.385674381706528,0.686317099675921,-3.269503609469669,0.591197824500457,-4.565343454686308,0.576017611431321,-4.791284761031773
468.5816123940971,33.85812867540477,0.023,0.20402058676090004,0.9719926398370553,-0.24674047287893255,0.9353869849006755,-0.5801735443369496,0.8702591817930736,-1.2070277186780218,0.8121563375862988,-1.8072072473024516,0.7590974409515224,-2.394049453068562,0.6854107771602562,-3.2809814231468866,0.5901079695205793,-4.581370401833155,0.5749032390191334,-4.808104890424606
470.22659985459535,33.976989927391195,0.023,0.20330686425560374,0.9718957128402776,-0.24760667200657072,0.9351676734190508,-0.5822102828262616,0.8698347352797017,-1.211265071167281,0.8115633412078336,-1.8135515706427243,0.7583632929988098,-2.4024539256853803,0.6845024760987722,-3.292499530465757,0.5890163082328455,-4.597453612662551,0.5737871217698884,-4.824984068019942
471.877362154894,34.09626844984634,0.023,0.20259563855625579,0.9717984552912234,-0.2484759119848649,0.934947643720623,-0.5842541714238724,0.8694090068222378,-1.2155172991692051,0.8109686983343576,-1.8199181661594181,0.7576272815309337,-2.4108879027720707,0.6835921964023938,-3.304058072879829,0.5879228447389733,-4.613593284691956,0.5726692645643408,-4.841922501110481
473.53391956795986,34.2159657076265,0.023,0.2018869009283127,0.971700866096828,-0.2493482034889269,0.9347268936353622,-0.5863052352307206,0.8689819932814514,-1.2197844549052919,0.8103724059259502,-1.8263071120405192,0.7568894043285076,-2.4193514879060762,0.6826799380151429,-3.3156571923392457,0.5868275831958094,-4.629789616132239,0.5715496723413359,-4.858920397716659
475.196292437928,34.33608317073033,0.023,0.20118064266778765,0.9716029441606531,-0.25022355723134415,0.9345054209879652,-0.5883634994358632,0.8685536915156326,-1.2240665907803592,0.8097744609481362,-1.8327184867484938,0.75614965918807,-2.427844785028447,0.6817657009143632,-3.327297031292468,0.5857305278155509,-4.646042805890093,0.5704283500980204,-4.875977966589167
476.86450118035344,34.45662231431707,0.023,0.2004768551011425,0.9715046883828777,-0.25110198396231126,0.9342832235978514,-0.5904289893167872,0.8681240983806314,-1.228363759383201,0.8091748603719883,-1.8391523690212555,0.7554080439222439,-2.4363678984451327,0.6808494851109405,-3.3389777326880363,0.5846316828659643,-4.66235305357049,0.5693053028900472,-4.893095417211532
478.5385662824609,34.57758461872454,0.023,0.19977552958518194,0.97140609766029,-0.25198349446976337,0.9340602992791608,-0.5925017302397142,0.8676932107299012,-1.2326760134872219,0.8085736011742294,-1.8456088378731326,0.7546645563599007,-2.4449209328282455,0.6799312906495278,-3.3506994399763146,0.583531052670605,-4.678720559479122,0.568180535831782,-4.910272959802688
480.21850830339787,34.69897156948749,0.023000000000000003,0.19907665750694656,0.9713071708862779,-0.25286809957950634,0.9338366458407494,-0.594581747659919,0.8672610254145389,-1.2370034060510966,0.8079706803373365,-1.8520879725958415,0.7539191943463199,-2.453503993217369,0.6790111176087673,-3.362462297111268,0.5824286416090338,-4.6951455246248806,0.5670540540965067,-4.927510805319563
481.90434787448606,34.82078465735571,0.023,0.19838023028360763,0.9712079069508214,-0.2537558101553503,0.9336122610861871,-0.5966690671220395,0.8668275392833278,-1.241345990219416,0.8073660948496453,-1.8585898527594567,0.7531719557433548,-2.4621171850208294,0.6780889661015148,-3.3742664485522225,0.5813244541170356,-4.711628150722311,0.5659258629166241,-4.944809165459659
483.59610569947387,34.943025378312306,0.023,0.19768623936236202,0.9711083047404826,-0.2546466370992443,0.9333871428137547,-0.5987637142603853,0.8663927491827814,-1.2457038193233312,0.8067598417054549,-1.8651145582133855,0.752422838429596,-2.470760614016993,0.6771648362750655,-3.3861120392656288,0.5802184946868358,-4.7281686401940775,0.5647959675838596,-4.9621682526636555
485.29380255479214,35.06569523359219,0.023000000000000003,0.19699467622032643,0.9710083631383978,-0.2555405913514103,0.9331612888164403,-0.6008657147992612,0.8659566519571852,-1.2500769468812218,0.8061519179051336,-1.871662169087354,0.7516718403005356,-2.479434386355573,0.6762387283113775,-3.397999214726858,0.5791107678673146,-4.744767196173478,0.5636643734494625,-4.979588280118017
486.99745928980826,35.18879572970039,0.023,0.19630553236443343,0.9709080810242686,-0.2564376838904743,0.9329346968819374,-0.6029750945532768,0.8655192444486407,-1.2544654265993453,0.8055423204552252,-1.87823276579239,0.7509189592687338,-2.4881386085589217,0.6753106424272985,-3.4099281209219763,0.578001278264223,-4.761424022506907,0.5625310859244057,-4.997069461757612
488.7070968270837,35.31232837843073,0.023000000000000003,0.19561879933132623,0.9708074572743531,-0.25733792573360476,0.9327073647926415,-0.6050918794276654,0.8650805234971095,-1.258869312372499,0.8049310463685558,-1.8848264290218089,0.7501641932639841,-2.496873387523355,0.6743805788747901,-3.421898904349556,0.5768900305403946,-4.778139323756393,0.5613961104795833,-5.014612012268353
490.4227361626301,35.436294696884254,0.023,0.19493446868725536,0.9707064907614569,-0.25824132793664845,0.9324792903256475,-0.6072160954186044,0.8646404859404573,-1.2632886582846836,0.8043180926643418,-1.891443239752206,0.7494075402334817,-2.50563883052045,0.6734485379411554,-3.433911712022455,0.5757770294159595,-4.794913305202088,0.560259452646009,-5.032216147089819
492.1443983661659,35.56069620748785,0.023,0.1942525320279754,0.9706051803549247,-0.2591479015942607,0.9322504712527474,-0.6093477686135318,0.8641991286144991,-1.2677235186097622,0.8037034563682982,-1.8980832792444504,0.7486489981419907,-2.5144350451983684,0.672514519949266,-3.4459666914696307,0.5746622796685565,-4.811746172844788,0.5591211180150124,-5.049882082417893
493.87210458137673,35.685534438013015,0.023,0.19357298097864115,0.9705035249206313,-0.2600576578400492,0.9320209053404279,-0.6114869251914664,0.8637564483530442,-1.2721739478121317,0.8030871345127476,-1.9047466290446826,0.7478885649720132,-2.5232621395831782,0.6715785252577886,-3.4580639907379487,0.5735457861335425,-4.828638133408478,0.5579811122384328,-5.067610035207442
495.60587602617414,35.81081092159454,0.023,0.19289580719370533,0.970401523320973,-0.2609706078467038,0.931790590349868,-0.6136335914233292,0.8633124419879421,-1.2766400005473866,0.8024691241367303,-1.9114333709853137,0.7471262387239588,-2.5321202220801755,0.6706405542614129,-3.4702037583940015,0.5724275537042036,-4.845589394342843,0.5568394410288134,-5.085400223174949
497.34573399295806,35.93652719674951,0.023,0.19222100235681508,0.9702991744148585,-0.2618867628261383,0.9315595240369361,-0.6157877936722707,0.8628671063491277,-1.2811217316629995,0.801849422286114,-1.918143587186039,0.7463620174163137,-2.5410094014752325,0.669700607391079,-3.4823861435259444,0.5713075873319621,-4.862600163825861,0.5556961101595916,-5.103252864801232
499.0916998488747,36.06268480739594,0.023000000000000003,0.19154855818071137,0.9701964770577004,-0.2628061340296262,0.9313277041521888,-0.6179495583939871,0.8624204382646686,-1.285619196198984,0.801228026013706,-1.9248773600548328,0.7455958990858138,-2.5499297869361075,0.6687586851142071,-3.4946112957453064,0.5701858920265857,-4.879670650766311,0.5545511254652923,-5.1211681793340755
500.84379503608335,36.18928530287201,0.023,0.19087846640712555,0.970093430101406,-0.26372873274794195,0.9310951284408681,-0.6201189121370518,0.8619724345608117,-1.290132449388579,0.8006049323793636,-1.9316347722889784,0.7448278817876143,-2.558881488013812,0.6678147879349251,-3.506879365188845,0.5690624728563929,-4.896801064806375,0.5534044928417138,-5.139146386790971
502.6020410720157,36.316330237954844,0.023000000000000003,0.1902107188066794,0.9699900323943693,-0.26465457031149175,0.9308617946428994,-0.6222958815432384,0.8615230920620306,-1.2946615466589204,0.7999801384501083,-1.9384159068760634,0.7440579635954637,-2.567864614643937,0.6668689163942988,-3.5191905025203796,0.5679373349484593,-4.91399161632419,0.5522562182461187,-5.157187707961778
504.3664595496425,36.443821172879765,0.023000000000000003,0.18954530717878315,0.9698862827814609,-0.2655836580904635,0.9306277004928905,-0.624480493347846,0.8610724075910731,-1.299206543631726,0.7993536413002379,-1.9452208470950136,0.7432861426018766,-2.5768792771480076,0.6659210710705609,-3.531544858932646,0.5668104834888219,-4.931242516436437,0.5511063076974183,-5.175292364411459
506.13707213773745,36.57175967335935,0.023,0.1888822233515354,0.9697821801040206,-0.26651600749495585,0.9303928437201283,-0.626672774380032,0.8606203779690099,-1.3037674961239734,0.7987254380114407,-1.952049676517111,0.7425124169183079,-2.5859255862348434,0.6649712525793416,-3.543942586149145,0.5656819237226813,-4.948553977000941,0.5499547672763581,-5.193460578482792
507.91390058114507,36.70014731060282,0.023,0.1882214591816218,0.9696777231998471,-0.2674516299751284,0.9301572220485784,-0.6288727515631389,0.8601670000152822,-1.3083444601485987,0.7980955256729103,-1.9589024790070177,0.7417367846753269,-2.5950036530019176,0.664019461573898,-3.5563838364260256,0.5645516609546045,-4.965926210619267,0.5488016031256998,-5.211692573299115
509.6969667010466,36.82898566133522,0.023,0.1875630065542158,0.9695729109031905,-0.26839053702133275,0.9299208331968828,-0.6310804519150257,0.8597122705477518,-1.3129374919151695,0.7974639013814603,-1.9657793387238167,0.7409592440227935,-2.604113588936717,0.663065698745345,-3.568868762553942,0.5634197005487246,-4.983359430639345,0.5476468214504041,-5.229988572767056
511.48629239522694,36.958276307816696,0.023000000000000003,0.18690685738287915,0.9694677420447424,-0.26933274016426195,0.9296836748783583,-0.6332959025483996,0.8592561863827503,-1.3175466478305788,0.7968305622416415,-1.9726803401220265,0.7401797931300348,-2.6132555059181097,0.6621099648228876,-3.5813975178599167,0.5622860479289425,-5.000853851158054,0.5464904285178114,-5.248348801579268
513.2818996383453,37.088020837862096,0.022999999999999996,0.18625300360946215,0.9693622154516276,-0.2702782509750861,0.9294457448009958,-0.6355191306711478,0.8587987443351285,-1.3221719844997444,0.7961955053658577,-1.9796055679526547,0.7393984301860217,-2.622429516217724,0.6611522605740506,-3.593970256209249,0.5611507085791232,-5.01840968702389,0.545332430657819,-5.266773485217212
515.0838104822036,37.21822084486035,0.023,0.185601437204005,0.9692563299473953,-0.27122708106559557,0.9292070406674585,-0.637750163586671,0.8583399412183078,-1.326813558726294,0.7955587278744837,-1.9865551072642296,0.7386151533995471,-2.6316357325013224,0.6601925868049116,-3.606587132007384,0.560013688043294,-5.036027153839578,0.544172834263059,-5.285262849953909
516.8920470560196,37.348877927794156,0.023,0.18495215016463848,0.9691500843520096,-0.27217924208834865,0.9289675601750801,-0.6399890286942256,0.8578797738443299,-1.3314714275132735,0.7949202268959827,-1.9935290434038513,0.7378299609994036,-2.640874267830195,0.6592309443603313,-3.619248300201827,0.5588749919258389,-5.053706467964744,0.543011645789072,-5.303817122856741
518.7066315666966,37.47999369125956,0.023,0.18430513451748645,0.9690434774818412,-0.2731347457368076,0.9287273010158648,-0.6422357534892507,0.8574182390239086,-1.3361456480638414,0.794279999567026,-2.0005274620182383,0.7370428512345638,-2.6501452356625377,0.6582673341241874,-3.6319539162840346,0.5577346258916939,-5.071447846518561,0.5418488717544822,-5.322436531790222
520.5275862990964,37.61156974548557,0.023,0.18366038231656787,0.9689365081496585,-0.2740936037454853,0.9284862608764857,-0.64449036556371,0.8569553335664815,-1.3408362777819713,0.7936380430326122,-2.007550449054774,0.7362538223743603,-2.659448749854848,0.6573017570196067,-3.644704136291324,0.5565925956665407,-5.089251507382397,0.540684518741169,-5.34112130541879
522.354933616313,37.74360770635404,0.023,0.18301788564369892,0.9688291751646182,-0.27505582789009175,0.9282444374382839,-0.6467528926064319,0.8564910542802626,-1.3455433742731524,0.7929943544461879,-2.0145980907625645,0.7354628727086663,-2.668784924663324,0.656334214009198,-3.657499116808789,0.5554489070369975,-5.107117669202516,0.5395185933944366,-5.359871673209628
524.1886959599478,37.876109195419474,0.023,0.18237763660839595,0.968721477332257,-0.2760214299876742,0.9280018283772677,-0.6490233624034487,0.8560253979722943,-1.3502669953451072,0.7923489309697682,-2.021670473693502,0.7346700005480773,-2.6781538747452673,0.655364706095285,-3.6703390149712294,0.5543035658508093,-5.125046551392753,0.5383511024231827,-5.378687865435481
526.0288958503862,38.00907583992905,0.023,0.181739627347778,0.9686134134544824,-0.27699042189676437,0.9277584313641121,-0.6513018028383377,0.8555583614485003,-1.3550071990084958,0.7917017697740583,-2.028767684703329,0.7338752042240927,-2.6875557151604985,0.6543932343201391,-3.6832239884650835,0.5531565780170364,-5.143038374137219,0.5371820526000641,-5.3975701131774905
527.8755558870707,38.14250927284235,0.023000000000000003,0.18110385002647145,0.9685049823295635,-0.277962815517526,0.9275142440641579,-0.6535882418925608,0.8550899415137401,-1.3597640434776266,0.791052868038577,-2.0358898109526904,0.7330784820893007,-2.6969905613727523,0.653419799766215,-3.696154195530345,0.5520079495062433,-5.161093358392983,0.5360114507616633,-5.416518648328006
529.728698748783,38.27641113285172,0.023,0.18047029683651236,0.9683961827521227,-0.2789386227918978,0.9272692641374116,-0.6558827076458139,0.8546201349718618,-1.3645375871711765,0.7904022229517788,-2.0430369399082253,0.7322798325175601,-2.7064585292511167,0.6524444035563822,-3.709129794962534,0.5508576863506829,-5.179211725892808,0.5348393038086492,-5.435533703593469
531.5883471939187,38.410783064402175,0.023,0.17983895999725172,0.9682870135131262,-0.2799178557037423,0.9270234892385446,-0.6581852282763669,0.8541489386257581,-1.369327888712901,0.7897498317111782,-2.0502091593436247,0.731479253904186,-2.715959735071445,0.6514670468541608,-3.722150946114625,0.5497057946444819,-5.197393699147862,0.5336656187059394,-5.454615512497246
533.4545240607683,38.545626717711635,0.023,0.17920983175525948,0.9681774733998755,-0.2809005262789908,0.9267769170168935,-0.6604958320614102,0.8536763492774199,-1.3741350069323603,0.7890956915234747,-2.0574065573407156,0.7306767446661355,-2.725494295517774,0.6504877308639553,-3.735217808899012,0.5485522805438239,-5.215639501450449,0.5324904024828597,-5.473764309382494
535.3272522677978,38.68094374879124,0.023,0.17858290438422925,0.9680675611959981,-0.28188664658579365,0.926529545116459,-0.6628145473774066,0.8532023637279923,-1.3789590008656378,0.7884397996046779,-2.0646292222905407,0.7298723032421927,-2.7350623276837793,0.6495064568312893,-3.748330543789469,0.54739715026713,-5.233949356876758,0.5313136622333,-5.492980329415056
537.2065548139307,38.81673581946573,0.023,0.17795817018488327,0.967957275681439,-0.28287622873466656,0.9262813711759073,-0.6651414027004326,0.8527269787778302,-1.3837999297560715,0.787782153180233,-2.07187724289445,0.7290659280931558,-2.7446639490741975,0.6485232260430395,-3.7614893118231336,0.5462404100952387,-5.25232349028962,0.5301354051158699,-5.51226380858634
539.0924547788297,38.953004597393765,0.023,0.17733562148487808,0.967846615632451,-0.28386928487864094,0.9260323928285685,-0.6674764266065346,0.852250191226555,-1.3886578530549756,0.7871227494851486,-2.0791507081651837,0.728257617702025,-2.7542992776062762,0.6475380398276712,-3.774694274602473,0.5450820663715843,-5.27076212734126,0.5289556383540517,-5.531614983716226
540.9849753231796,39.089751756088404,0.023000000000000003,0.17671525063871052,0.9677355798215865,-0.2848658272134122,0.9257826077024381,-0.6698196477720774,0.8517719978731115,-1.3935328304223682,0.7864615857641237,-2.0864497074279655,0.7274473705741906,-2.763968431611218,0.6465508995554738,-3.787945594297267,0.5439221255023738,-5.28926549447606,0.5277743692363526,-5.5510340924559545
542.8841396889724,39.22697897493769,0.023,0.1760970500276235,0.9676241670176884,-0.28586586797748836,0.9255320134201768,-0.6721710949740946,0.8512923955158249,-1.3984249217277123,0.7857986592716762,-2.0937743303216036,0.7266351852376223,-2.77367152983563,0.6455618066387958,-3.8012434336466017,0.5427605939567612,-5.3078338189333625,0.526591605116453,-5.570521373291055
544.7899711997923,39.364687939225234,0.023,0.1754810120595127,0.9675123759858807,-0.286869419452342,0.925280607599111,-0.6745307970906407,0.8508113809524588,-1.4033341870506442,0.7851339672722722,-2.101124666799584,0.7258210602430583,-2.7834086914429914,0.6445707625322801,-3.814587955960867,0.5415974782670211,-5.326467328750236,0.5254073534133538,-5.59007706554428
546.7024932611043,39.5028803401511,0.023,0.1748671291688325,0.96740020548756,-0.2878764939625607,0.9250283878512329,-0.6768987831011565,0.8503289509802731,-1.4082606866817173,0.7844675070404546,-2.1085008071311897,0.7250049941641956,-2.7931800360151184,0.6435777687330982,-3.827979325123782,0.5404327850287188,-5.345166252764306,0.5242216216115201,-5.609701409378552
548.6217293605375,39.641557874852225,0.023,0.17425539381650468,0.9672876542803862,-0.28888710387599936,0.9247753517832019,-0.6792750820868096,0.8498451023960838,-1.413204481123132,0.7837992758609754,-2.11590284190259,0.7241869855978827,-2.8029856835536155,0.6425828267811892,-3.8414177055943703,0.5392665209008828,-5.363930820616529,0.5230344172610266,-5.629394645799879
550.5477030681783,39.78072224642365,0.023000000000000003,0.17364579848982392,0.9671747211182737,-0.28990126160393026,0.924521496996345,-0.6816597232308621,0.8493598319963208,-1.4181656310894954,0.7831292710289249,-2.1233308620179745,0.7233670331643093,-2.8128257544813753,0.6415859382594917,-3.8549032624090165,0.5380986926061692,-5.382761262754054,0.521845747977695,-5.649157016660366
552.4804380368556,39.9203751639391,0.023,0.17303833570236724,0.9670614047513826,-0.2909189796011955,0.9242668210866574,-0.6840527358190274,0.848873136577089,-1.4231441975085506,0.7824574898498659,-2.130784958700647,0.7225451355072008,-2.8227003696440303,0.6405871047941831,-3.8684361611834635,0.5369293069310312,-5.401657810433004,0.5206556214432356,-5.668988764661131
554.4199580024339,40.060518342472186,0.023000000000000003,0.1724329979939009,0.9669477039261091,-0.2919402703663624,0.9240113216448042,-0.6864541492398241,0.8483850129342279,-1.4281402415219322,0.7817839296399643,-2.1382652234941633,0.7217212912940105,-2.8326096503114577,0.6395863280549133,-3.8820165681148655,0.5357583707258812,-5.420620695721368,0.5194640454053812,-5.688890133355323
556.3662867841033,40.20115350311733,0.023,0.17182977793028964,0.9668336173850773,-0.29296514644187227,0.9237549962561209,-0.6888639929849439,0.8478954578633723,-1.433153824485918,0.7811085877261246,-2.1457717482634457,0.7208954992161148,-2.8425537181792517,0.638583609755042,-3.8956446499838204,0.5345858909052544,-5.439650151501797,0.5182710276780225,-5.708861367151087
558.3194482846742,40.342282373011095,0.023,0.17122866810340437,0.9667191438671295,-0.2939936204142023,0.923497842500615,-0.6912822966496122,0.8474044681600139,-1.4381850079721812,0.780431461446122,-2.153304625195918,0.7200677579890064,-2.852532695370237,0.6375789516518738,-3.909320574156425,0.5334118744479683,-5.458746411474522,0.5170765761413381,-5.7289027113146
560.2794664908691,40.48390668535323,0.023,0.17062966113103184,0.9666042821073176,-0.29502570491401237,0.923239857952967,-0.6937090899329489,0.8469120406195625,-1.4432338537685485,0.779752548148739,-2.1608639468026327,0.7192380663524901,-2.862546704435961,0.636572355546895,-3.9230445085863295,0.5322363283972823,-5.47790971016018,0.5158806987419249,-5.749014411973057
562.2463654736166,40.62602817942795,0.023000000000000003,0.1700327496567843,0.9664890308368941,-0.2960614126163035,0.9229810401825328,-0.6961444026383343,0.8464181720374091,-1.4483004238797519,0.7790718451939004,-2.1684498059194084,0.7184064230708809,-2.8725958683581836,0.6355638232860104,-3.936816621816785,0.5310592598610543,-5.497140282902706,0.514683403492926,-5.769196716117687
564.2201693883484,40.768648600625355,0.023000000000000003,0.1694379263500085,0.966373388783303,-0.2971007562405713,0.9227213867533441,-0.6985882646737763,0.8459228592089878,-1.4533847805282005,0.7783893499528102,-2.1760622957079687,0.7175728269331986,-2.882680310550408,0.6345533567597784,-3.9506370829827326,0.5298806760118953,-5.51643836587223,0.5134846984741533,-5.78944987160681
566.200902475295,40.91176970046285,0.023,0.16884518390569614,0.9662573546701707,-0.298143748550968,0.9224608952241115,-0.7010407060522752,0.8454260989298399,-1.4584869861547334,0.7777050598080884,-2.1837015096570873,0.7167372767533664,-2.8928001548593887,0.6335409579036485,-3.964506061812868,0.5287005840873222,-5.535804196067967,0.5122845918322115,-5.809774127168858
568.1885890597848,41.05539323660671,0.023,0.16825451504439354,0.9661409272172972,-0.2991904023564522,0.9221995631482247,-0.7035017568921976,0.8449278879956766,-1.463607103419399,0.7770189721539087,-2.191367541583741,0.7158997713704087,-2.9029555255666537,0.6325266286981961,-3.978423728631737,0.5275189913899082,-5.555238011321144,0.5110830917806162,-5.830169732405452
570.1832535525423,41.199520972893644,0.023,0.16766591251211266,0.9660241051406468,-0.3002407305109498,0.9219373880737564,-0.70597144741764,0.8444282232024444,-1.468745195202216,0.7763310843961377,-2.199060485634256,0.7150603096486506,-2.9131465473900295,0.6315103711693595,-3.9923902543618235,0.5263359052874313,-5.574740050297913,0.5098802065999117,-5.850636937794461
572.184920449986,41.34415467935233,0.023,0.16707936908024235,0.9659068871523394,-0.3012947459135138,0.9216743675434631,-0.7084498079588022,0.8439271013463894,-1.4739013246039439,0.7756413939524746,-2.206780436285464,0.7142188904779174,-2.9233733454851714,0.6304921873886766,-4.006405810525639,0.5251513332130225,-5.5943105525022645,0.508675944637787,-5.871175994693061
574.1936143345313,41.48929613222529,0.023,0.16649487754545902,0.9657892719606415,-0.30235246150847545,0.9214104990947881,-0.7109368689523612,0.8434245192241224,-1.479075554946867,0.7749498982525906,-2.2145274883458623,0.7133755127737348,-2.933636045447101,0.6294720794735207,-4.020470569247838,0.5239652826653083,-5.613949758278993,0.5074703143091864,-5.891787155340836
576.2093598748916,41.63494711399064,0.023,0.16591243072963854,0.9656712582699566,-0.3034138902856121,0.9211457802598635,-0.7134326609418441,0.8429204736326856,-1.4842679497755622,0.774256594738271,-2.222301736956781,0.7125301754775303,-2.94393477331175,0.6284500495873364,-4.0345847032573285,0.5227777612085542,-5.633657908816636,0.5062633240964205,-5.912470672862874
578.2321818263828,41.781109413384115,0.023,0.16533202147976744,0.9655528447808169,-0.3044790452803011,0.9208802085655128,-0.7159372145780041,0.8424149613696179,-1.4894785728576876,0.7735614808635554,-2.230103277593554,0.7116828775568339,-2.9542696555575128,0.6274260999398755,-4.048748385889405,0.5215887764728039,-5.653435246150449,0.5050549825492712,-5.9332268012728875
580.2621050312239,41.927784825420765,0.023000000000000003,0.16475364266785622,0.9654340301898742,-0.30554793957368026,0.920613781533254,-0.7184505606191927,0.8419079792330227,-1.4947074881847577,0.7728645540948816,-2.237932206066682,0.7108336180054823,-2.9646408191067857,0.6264002327874342,-4.06296179108785,0.5203983361540186,-5.673282013165353,0.5038452982850989,-5.954055795476302
582.2991544188467,42.07497515141734,0.023000000000000003,0.16417728719085034,0.9653148131898901,-0.30662058629281147,0.9203464966793018,-0.7209727299317453,0.8413995240216344,-1.4999547599729413,0.7721658119112279,-2.2457886185230223,0.7099823958438197,-2.975048391327546,0.6253724504330865,-4.07722509340711,0.519206448014211,-5.693198453598955,0.5026342799889416,-5.974957911273428
584.3433550061974,42.22268219901409,0.023,0.16360294797054448,0.965195192469728,-0.30769699861083927,0.9200783515145712,-0.7235037534903512,0.8408895925348876,-1.5052204526638335,0.7714652518042578,-2.253672611446955,0.7091292101189037,-2.985492500034896,0.6243427552269232,-4.091538468014397,0.5180131198815805,-5.713184812044495,0.5014219364136162,-5.995933405362561
586.3947318980465,42.370907782197165,0.023,0.1630306179534946,0.9650751667143433,-0.30877718974715285,0.9198093435446801,-0.7260436623784401,0.8403781815729845,-1.5105046309252612,0.7707628712784644,-2.261584281661579,0.7082740599047083,-2.9959732734926448,0.623311149566285,-4.105902090691868,0.5168183596506432,-5.733241333953889,0.500208276379813,-6.016982535343166
588.4533102872962,42.519653721320786,0.023,0.16246029011093183,0.9649547346047751,-0.30986117296754945,0.9195394702699529,-0.728592487788563,0.8398652879369647,-1.5158073596520683,0.7700586678513162,-2.2695237263298917,0.7074169443023297,-3.0064908404148754,0.6222776358959993,-4.1203161378387705,0.5156221752823611,-5.753368265640722,0.49899330877619125,-6.038105559719011
590.5191154552908,42.668921843129745,0.023,0.1618919574386756,0.9648338948181362,-0.31094896158439767,0.9192687291854232,-0.7311502610227745,0.839350908428774,-1.5211287039669208,0.7693526390534022,-2.277491042955998,0.7065578624401914,-3.017045329967539,0.6212422167086147,-4.13478078647362,0.5144245748042682,-5.7735658542832855,0.49777704255946736,-6.059302737901381
592.592172772127,42.81871398078174,0.023,0.16132561295704806,0.9647126460276049,-0.3120405689567998,0.9189971177808385,-0.7337170134930165,0.838835039851335,-1.5264687292211025,0.7686447824285807,-2.2854863293862917,0.7056968134742505,-3.027636871770032,0.6202048945446365,-4.149296214236367,0.5132255663105948,-5.793834347927609,0.49655948675450473,-6.080574330212237
594.6725076969634,42.9690319738698,0.023,0.16076124971078848,0.9645909869024157,-0.3131360084907545,0.9187246335406628,-0.7362927767215034,0.8383176790086181,-1.5318275009953122,0.7679350955341262,-2.2935096838106612,0.7048337965882061,-3.03826559589678,0.6191656719927622,-4.163862599390573,0.5120251579623898,-5.814173995490495,0.4953406504543988,-6.101920597887406
596.7601457783353,43.11987766844502,0.023,0.16019886076896755,0.9644689161078505,-0.3142352936393241,0.9184512739440808,-0.7388775823411142,0.8377988227057118,-1.5372050851004788,0.7672235759408779,-2.3015612047637006,0.7039688109937053,-3.0489316328788503,0.6181245516901156,-4.178480120825611,0.5108233579876388,-5.834585046762592,0.4941205428205587,-6.123341803079808
598.8551126544673,43.27125291703914,0.023000000000000003,0.15963843922490248,0.9643464323052288,-0.3153384379027996,0.918177036465002,-0.7414714620957727,0.8372784677488955,-1.5426015475785606,0.7665102212333894,-2.3096409911259115,0.7031018559305529,-3.059635113705543,0.6170815363224822,-4.193148958058849,0.5096201746813822,-5.8550677524114425,0.4928991730827869,-6.144838208862663
600.9574340535902,43.423159578687425,0.023,0.15907997819607167,0.9642235341518995,-0.3164454548288648,0.9179019185720648,-0.7440744478408443,0.8367566109457107,-1.5480169547033644,0.7657950290100785,-2.3177491421249274,0.7022329306669186,-3.0703761698260115,0.6160366286245417,-4.207869291237875,0.5084156164058274,-5.875622363984595,0.4916765505393548,-6.16641007923274
603.067135794255,43.57559951895141,0.023,0.15852347082403065,0.9641002203012318,-0.31755635801276394,0.9176259177286403,-0.746686571543525,0.8362332491050345,-1.553451372981358,0.7650779968833776,-2.325885757336728,0.7013620344995483,-3.0811549331508687,0.6149898313801038,-4.222641301142696,0.5072096915904621,-5.896249133912665,0.4904526845570764,-6.188057679113584
605.1842437856496,43.7285746099417,0.023,0.15796891027432797,0.9639764894026055,-0.31867116109746785,0.9173490313928371,-0.7493078652832351,0.8357083790371532,-1.5589048691524772,0.7643591224798867,-2.3340509366868574,0.7004891667539734,-3.0919715360538067,0.6139411474223418,-4.2374651691879475,0.5060024087321632,-5.916948315512438,0.4892275845713797,-6.20978127435876
607.3087840279186,43.882086730341165,0.023,0.15741628973642094,0.9638523401014027,-0.31978987777384216,0.917071257017506,-0.751938361252007,0.8351819975538358,-1.5643775101909576,0.7636384034405247,-2.342244780451654,0.6996143267847224,-3.1028261113732243,0.6128905796340257,-4.252341077425143,0.5047937763953027,-5.937720162989988,0.48800126008637257,-6.23158113175514
609.4407826124808,44.03613776542783,0.023000000000000003,0.1568656024235922,0.9637277710389985,-0.3209125217808156,0.9167925920502443,-0.7545780917548905,0.8346541014684088,-1.5698693633061513,0.7629158374206828,-2.350467389259486,0.6987375139755312,-3.1137187924138576,0.6118381309477553,-4.2672692085448976,0.5035838032118525,-5.958564931443789,0.486773720674908,-6.25345751902616
611.5802657223528,44.190729607098255,0.023,0.156316841572866,0.9636027808527519,-0.32203910690554793,0.9165130339334009,-0.7572270892103427,0.8341246875958308,-1.5753804959433557,0.7621914220903784,-2.3587188640919847,0.6978587277395559,-3.1246497129484223,0.6107838043461932,-4.2822497458791755,0.5023724978814837,-5.979482876867874,0.48554497597864343,-6.275410704835133
613.727259632466,44.345864153890474,0.023000000000000003,0.15577000044492575,0.9634773681759967,-0.3231696469835996,0.9162325801040814,-0.7598853861506251,0.8335937527527691,-1.5809109757846342,0.7614651551344099,-2.3669993062852814,0.6969779675195857,-3.135619007219248,0.6097276028622979,-4.297282873403535,0.501159869171668,-6.000474256154939,0.48431503570810125,-6.297440958788516
615.8817907099942,44.50154331100762,0.023000000000000003,0.15522507232403057,0.963351531638033,-0.3243041558991016,0.9159512279941526,-0.7625530152222121,0.8330612937576748,-1.5864608707496608,0.760737034252512,-2.37530881753126,0.6960952327882554,-3.146626809939934,0.6086695295795548,-4.312368775739407,0.49994592591776993,-6.02153932709954,0.48308390964272063,-6.319548551439256
618.0438854146731,44.65776899034107,0.023,0.1546820505179334,0.9632252698641174,-0.32544264758492736,0.9156689750302489,-0.7652300091861817,0.8325273074308606,-1.5920302489965379,0.7600070571595124,-2.383647499878794,0.6952105230482597,-3.157673256297,0.6076095876322095,-4.327507638156334,0.498730677023143,-6.042678348401223,0.4818516076309116,-6.341733754290076
620.2135702991276,44.81454311049403,0.023000000000000003,0.1541409283577986,0.9630985814754546,-0.3265851360228614,0.9153858186337772,-0.7679164009186201,0.8319917905945775,-1.5976191789226448,0.7592752215854882,-2.392015455735011,0.694323837832568,-3.1687584819515466,0.6065477802054985,-4.342699646574264,0.4975141314592181,-6.063891579667721,0.4806181395901019,-6.363996839796837
622.3908720091966,44.97186759680506,0.023000000000000003,0.15360169919812014,0.9629714650891883,-0.3277316352437707,0.9151017562209225,-0.7706122234110296,0.8314547400730931,-1.6032277291654755,0.7585415252759242,-2.4004127878665398,0.6934351767046394,-3.1798826230409154,0.6054841105358807,-4.357944987565822,0.4962962982655917,-6.08517928141813,0.47938351550678243,-6.386338081371866
624.5758172842629,45.12974438137187,0.023,0.15306435641663949,0.9628439193183917,-0.32888215932778236,0.9148167852026535,-0.7733175097707329,0.8309161526927697,-1.6088559686034787,0.7578059659918706,-2.4088395994007885,0.6925445392586371,-3.1910458161803796,0.6044185819112666,-4.3732438483586265,0.49507718655010907,-6.10654171508613,0.47814774543654787,-6.408757753387335
626.7684329575791,45.288175403074895,0.023,0.15252889341426473,0.9627159427720592,-0.3300367224044507,0.9145309029847292,-0.7760322932212765,0.8303760252821439,-1.614503966356908,0.757068541510103,-2.4172959938271945,0.6916519251196458,-3.2022481984648072,0.6033511976712501,-4.388596416837563,0.49385680548894684,-6.127979143023183,0.4769108395041357,-6.431256131178625
628.9687459565966,45.447162607601065,0.023,0.15199530361498984,0.9625875340550968,-0.331195338652932,0.9142441069677044,-0.7787566071028404,0.8298343546720058,-1.6201717917886675,0.756329249623283,-2.4257820749985015,0.6907573339438887,-3.21348990747034,0.6022819612073381,-4.404002881547094,0.49263516432669224,-6.149491828501736,0.475672807903462,-6.453833491047673
631.1767833032985,45.606707947467825,0.023,0.15146358046581324,0.9624586917683136,-0.3323580223021595,0.9139563945469367,-0.7814904848726472,0.8292911376954799,-1.6258595145051615,0.7555880881401175,-2.434297947132037,0.6898607654189441,-3.224771081256094,0.6012108759631789,-4.419463431693587,0.4914122723764175,-6.171080035718485,0.4744336608976514,-6.4764901102664165
633.3925721145291,45.766813382047005,0.023,0.15093371743665793,0.9623294145084121,-0.33352478763102034,0.9136677631125922,-0.7842339601053725,0.8287463711881053,-1.6315672043571536,0.754845054885522,-2.4428437148109867,0.6889622192639641,-3.236091858365846,0.6001379454347919,-4.434978257147622,0.4901881390197536,-6.192744029797595,0.4731934088190662,-6.499226267080153
635.6161396023307,45.92748087758909,0.023000000000000003,0.15040570802029044,0.9621997008679802,-0.3346956489685261,0.9133782100496525,-0.7869870664935621,0.8282000519879172,-1.6372949314406273,0.7541001477007813,-2.4514194829856915,0.6880616952298911,-3.247452377829754,0.5990631731707947,-4.450547548446348,0.4889627737069584,-6.214484076793987,0.47195206206932905,-6.52204224071101
637.8475130742723,46.08871240724703,0.023,0.14987954573224213,0.9620695494354814,-0.3358706206939919,0.9130877327379217,-0.7897498378480359,0.8276521769355295,-1.6430427660976377,0.7533533644437143,-2.4600253569749166,0.6871591930996801,-3.258852779166033,0.5979865627726326,-4.466171496795789,0.48773618595698576,-6.236300443696559,0.4707096311193469,-6.544938311361309
640.086719933791,46.25050995110086,0.023000000000000003,0.14935522411072827,0.9619389587952457,-0.33704971723721494,0.9127963285520325,-0.7925223080983155,0.8271027428742165,-1.6488107789171849,0.7526047029888364,-2.4686614424671656,0.6862547126885146,-3.2702932023827036,0.5969081178948034,-4.48185029407323,0.4865083853575458,-6.258193398431525,0.46946612650932507,-6.5679147602170715
642.3337876805232,46.41287549618167,0.023000000000000003,0.1488327367165697,0.9618079275274617,-0.33823295307864454,0.9125039948614548,-0.7953045112930288,0.8265517466499972,-1.6545990407360716,0.7518541612275255,-2.4773278455219634,0.6853482538440296,-3.2817737879792794,0.5958278422450861,-4.497584132829542,0.4852793815651685,-6.280163209865641,0.46822155884878375,-6.5909718694514225
644.5887439106455,46.5758110364962,0.023,0.14831207713311337,0.9616764542081663,-0.3394203427495687,0.9122107290305017,-0.7980964816003364,0.8259991851117183,-1.660407622639781,0.7511017370681866,-2.4860246725711637,0.6844398164465308,-3.2932946769485154,0.5947457395847664,-4.5133732062915595,0.4840491843052589,-6.302210147809555,0.46697593881656707,-6.614109922228076
646.8516163172119,46.73931857305124,0.023000000000000003,0.14779323896615346,0.9615445374092366,-0.3406119008322861,0.9119165284183376,-0.8008982533083474,0.8254450551111393,-1.6662365959633432,0.7503474284364187,-2.4947520304202544,0.6835294004092162,-3.3048560107781237,0.5936618137288618,-4.529217708364449,0.4828178033721522,-6.324334483021089,0.4657292771608497,-6.637329202704811
649.1224326904963,46.90340011387836,0.023000000000000003,0.14727621584385273,0.9614121756983808,-0.341807641960288,0.9116213903789855,-0.8037098608255434,0.8248893535030163,-1.672086032292221,0.7495912332751804,-2.50351002624968,0.6826170056783968,-3.3164579314525278,0.592576068546346,-4.545117833634105,0.481585248629163,-6.346536487208598,0.46448158469913925,-6.660629996036972
651.4012209183322,47.06805767405845,0.023,0.14676100141666445,0.9612793676391285,-0.3430075808184403,0.9113253122613353,-0.8065313386811979,0.8243320771451887,-1.677956003463181,0.7488331495449593,-2.5122987676161435,0.6817026322337195,-3.3281005814545974,0.5914885079603733,-4.56107377736953,0.48035153000863423,-6.368816433034283,0.4632328723182756,-6.684012588380957
653.6880089864536,47.23329327574637,0.023,0.14624758935725474,0.961146111790823,-0.34421173214315653,0.9110282914091515,-0.8093627215258014,0.8237732228986658,-1.6838465815651726,0.7480731752239397,-2.521118362453933,0.6807862800883907,-3.339784103767387,0.5903991359485031,-4.5770857355252215,0.4791166575119815,-6.391174594117535,0.46198315097442705,-6.707477266897733
655.9828249788413,47.39910894819596,0.022999999999999996,0.14573597336042432,0.9610124067086113,-0.34542011072258677,0.9107303251610815,-0.8122040441314883,0.8232127876277124,-1.6897578389402228,0.7473113083081722,-2.529968919076246,0.6798679492893975,-3.3515086418759124,0.5893079565429217,-4.593153904743589,0.4778806412097333,-6.413611245038304,0.4607324316930811,-6.731024319756359
658.285697078066,47.56550672778483,0.023000000000000003,0.14522614714303156,0.9608782509434358,-0.34663273139679385,0.910431410850664,-0.8150553413924616,0.8226507681999372,-1.6956898481843177,0.7465475468117435,-2.53885054617652,0.678947639917733,-3.3632743397688953,0.5882149738306647,-4.609278482357371,0.4766434912415688,-6.436126661340476,0.4594807255690324,-6.754654036137531
660.5966535656366,47.732488658039536,0.023000000000000003,0.14471810444391464,0.9607436430420249,-0.3478496090579394,0.9101315458063373,-0.8179166483254251,0.8220871614863803,-1.701642682148299,0.7457818887669471,-2.5477633528297727,0.6780253520886189,-3.3750813419405485,0.5871201919538376,-4.625459666392059,0.47540521781635164,-6.458721119535255,0.4582280437663657,-6.778366706237145
662.9157228223463,47.90005678966057,0.023,0.1442118390238152,0.9606085815468841,-0.3490707586504644,0.9098307273514481,-0.8207880000700101,0.8215219643616021,-1.7076164139387562,0.7450143322244546,-2.5567074484939396,0.677101085951731,-3.386929793392341,0.586023615109837,-4.641697655568333,0.4741658312121607,-6.481394897104562,0.45697439751843644,-6.8021626212698525
665.2429333286193,48.068213180547446,0.023000000000000003,0.14370734466530186,0.9604730649962878,-0.35029619517127153,0.9095289528042612,-0.8236694318892057,0.8209551737037728,-1.7136111169189232,0.7442448752534895,-2.5656829430112054,0.6761748416914247,-3.3988198396347706,0.5849252475515717,-4.657992649304476,0.4729253417763184,-6.504148272504421,0.45571979812784746,-6.826042073472617
667.5783136648632,48.23695989582413,0.023,0.14320461517269337,0.9603370919242693,-0.3515259336699139,0.9092262194779672,-0.8265609791697979,0.8203867863947624,-1.7196268647095798,0.7434735159419987,-2.57468994660937,0.6752466195269596,-3.4107516266891653,0.5838250935876796,-4.6743448477188565,0.47168375992541317,-6.526981525168404,0.45446425696642,-6.8500053561083245
669.9218925118184,48.4062990078643,0.023,0.14270364437198294,0.9602006608606126,-0.3527599892487754,0.9089225246806933,-0.8294626774227962,0.8198167993202309,-1.7256637311899552,0.7427002523968272,-2.583728569903192,0.6743164197127257,-3.4227253010894696,0.5827231575827475,-4.6907544516323645,0.47044109614532037,-6.549894935511046,0.45320778547516205,-6.874052763469381
672.2736986509129,48.57623259631697,0.023,0.14220442611076184,0.9600637703308433,-0.3539983770632585,0.9086178657155115,-0.8323745622838786,0.8192452093697192,-1.7317217904986435,0.7419250827438919,-2.592798923895759,0.6733842425384695,-3.4347410098840503,0.581619443957527,-4.707221662570898,0.46919736099121784,-6.572888784931315,0.4519503951642313,-6.898184590881337
674.633760964611,48.746762748131715,0.023,0.14170695425814478,0.9599264188562198,-0.3552411123219695,0.9083122398804492,-0.83529666951382,0.8186720134367422,-1.7378011170344982,0.7411480051283585,-2.60190111997983,0.6724500883295221,-3.446798900637486,0.5805139571891531,-4.723746682767807,0.4679525650876011,-6.595963355816023,0.45069209761289747,-6.922401134706483
677.0021084367739,48.9178915575847,0.023000000000000003,0.14121122270469344,0.9597886049537241,-0.356488210286905,0.9080056444684984,-0.8382290349989394,0.8180972084188795,-1.7439017854575642,0.7403690177148159,-2.611035269939225,0.6715139574470245,-3.4588991214324056,0.5794067018113578,-4.740329715166417,0.46670671912828976,-6.6191189315433485,0.44943290446949474,-6.946702692347532
679.3787701530102,49.08962112630401,0.023,0.14071722536234263,0.9596503271360532,-0.35773968627364205,0.9076980767676263,-0.8411716947515362,0.81752079121787,-1.7500238706899764,0.7395881186874541,-2.6202014859501856,0.670575850288157,-3.4710418208712785,0.5782976824146868,-4.756970963422477,0.46545983387643636,-6.642355796486265,0.44817282745137643,-6.971089562251231
681.7637753010367,49.26195356329573,0.023,0.1402249561643246,0.9595115839116106,-0.35899555565152014,0.9073895340607853,-0.8441246849103318,0.8169427587397048,-1.7561674479168963,0.7388053062502419,-2.6293998805827563,0.6696357672863663,-3.483227148078263,0.577186903646712,-4.7736706319067,0.4642119201645262,-6.665674236016064,0.44691187834486046,-6.995562043912056
684.1571531710343,49.434890984969655,0.023,0.1397344090650952,0.9593723737844965,-0.3602558338438373,0.9070800136259236,-0.847088041740915,0.8163631078947219,-1.7623325925874216,0.7380205786271051,-2.6386305668021617,0.6686937089115946,-3.495455252701019,0.5760743702122452,-4.790428925707245,0.46296298889437687,-6.689074536505849,0.4456500690051738,-7.020120437875862
686.5589331560109,49.6084355151655,0.023,0.13924557804025905,0.9592326952544995,-0.3615205363280354,0.9067695127359955,-0.8500618016361914,0.8157818355977007,-1.7685193804155253,0.7372339340621054,-2.6478936579702053,0.6677496756705079,-3.5077262849125606,0.5749600868735495,-4.807246050632255,0.46171305103713156,-6.712556985334064,0.44438741135639004,-7.04476504574361
688.9691447521604,49.782589285178894,0.023,0.1387584570864957,0.959092546817088,-0.36278967863589007,0.9064580286589725,-0.8530460011168234,0.815198938767958,-1.7747278873809775,0.7364453708196199,-2.6571892678466567,0.666803668106725,-3.5200403954130985,0.5738440584505501,-4.824122213212379,0.4604621176332502,-6.736121870888018,0.4431239173913647,-7.069496170175054
691.3878175592238,49.957354433787366,0.023,0.13827304022148648,0.9589519269634009,-0.36406327635370284,0.9061455586578547,-0.8560406768316804,0.8146144143294447,-1.7809581897302778,0.7356548871845239,-2.666517510590637,0.6658556868010485,-3.5323977354318785,0.5727262898210458,-4.841057620703298,0.4592101997924975,-6.7597694825674095,0.4418595991716666,-7.094314114892435
693.8149812808546,50.13273310727687,0.023000000000000003,0.1377893214838403,0.958810834180239,-0.3653413451224924,0.9058320999906814,-0.8590458655582934,0.8140282592108418,-1.7872103639775985,0.7348624814623695,-2.6758785007620394,0.6649057323716935,-3.5447984567290494,0.5716067859209164,-4.8580524810882775,0.4579573086939243,-6.7835001107879,0.44059446882750253,-7.119219184684246
696.250665724982,50.308727459467946,0.023,0.137307294933021,0.9586692669500564,-0.3666239006381846,0.9055176499105432,-0.8620616042032982,0.813440470345659,-1.7934844869057132,0.7340681519795703,-2.685272353322918,0.6639538054745189,-3.5572427115975196,0.5704855517443316,-4.875107003080722,0.456703455585848,-6.807314046984667,0.43932853855763976,-7.144211685408946
698.6949008041801,50.485339651742414,0.023000000000000003,0.13682695464927366,0.9585272237509511,-0.3679109586518078,0.9052022056655928,-0.8650879298029007,0.8128510446723319,-1.7997806355669546,0.733271897083582,-2.6946991836389196,0.6629999068032568,-3.569730652864843,0.5693625923439565,-4.8922213961267484,0.455448651785826,-6.831211583616007,0.43806182062932186,-7.169291923998751
701.1477165360324,50.662571853069736,0.023,0.13634829473355256,0.9583847030566566,-0.3692025349696884,0.904885764499058,-0.8681248795233203,0.8122599791343216,-1.8060988872841492,0.7324737151430872,-2.704159107480688,0.6620440370897447,-3.582262433895081,0.5682379128311584,-4.909395870407744,0.4541929086806278,-6.855193014166909,0.4367943273781826,-7.19446020846338
703.6091430435,50.8404262400336,0.023000000000000003,0.1358713093074487,0.9582417033365335,-0.37049864545363576,0.9045683236492528,-0.8711724906612522,0.8116672706802139,-1.8124393196515707,0.7316736045481808,-2.7136522410252804,0.6610861971041566,-3.5948382085906854,0.567111518376212,-4.926630636842944,0.4529362377262029,-6.879258633152649,0.4355260712081545,-7.219716847893828
706.0792105552936,51.018904996858794,0.023000000000000003,0.13539599251311732,0.9580982230555597,-0.37179930602114986,0.9042498803495902,-0.8742308006443246,0.8110729162638198,-1.8188020105358937,0.7308715637105531,-2.7231787008576083,0.6601263876552348,-3.607458131394396,0.5659834142085011,-4.943925907092041,0.4516786504476426,-6.903408736122424,0.4342570645913716,-7.2450621524661845
708.5579494062426,51.198010315437905,0.023,0.1349223385132062,0.957954260674323,-0.3731045326456042,0.9039304318285949,-0.8772998470315552,0.8104769128442766,-1.8251870380771429,0.7300675910636774,-2.7327386039718555,0.6591646095905218,-3.620122357291129,0.5648536056167227,-4.96128189355776,0.45042015843913996,-6.92764361966297,0.43298732006806967,-7.270496433445416
711.0453900376717,51.37774439535849,0.023000000000000003,0.1344503414907835,0.957809814649011,-0.37441434135645224,0.9036099753099152,-0.8803796675138199,0.8098792573861479,-1.8315944806896707,0.729261685062995,-2.7423320677729333,0.6582008637965916,-3.632831041809901,0.5637220979490862,-4.978698809388499,0.44916077336394294,-6.951963581402232,0.43171685024647855,-7.296020003189243
713.5415629977686,51.55810944392967,0.023,0.13397999564926713,0.9576648834314035,-0.3757287482394177,0.9032885080123368,-0.8834702999143061,0.8092799468595279,-1.8380244170630975,0.7284538441861048,-2.7519592100778967,0.6572351511992848,-3.645584341025701,0.5625888966135156,-4.996176868480905,0.4479005069543078,-6.976368920012971,0.4304456678027156,-7.321633175151896
716.0464989419653,51.739107676209706,0.023,0.1335112952123527,0.9575194654688629,-0.37704776943669605,0.9029660271497955,-0.8865717821889867,0.8086789782401428,-1.8444769261632947,0.7276440669329485,-2.7616201491174204,0.6562674727639384,-3.658382411561452,0.5614540070778455,-5.0137162854825466,0.4466393710114425,-7.000859935216485,0.42917378548066726,-7.347336263888043
718.56022863331,51.9207413150328,0.023,0.1330442344239432,0.9573735592043262,-0.37837142114714806,0.9026425299313904,-0.8896841524270792,0.8080763485094549,-1.8509520872333483,0.7268323518260021,-2.7713150035372225,0.6552978294956212,-3.6712254105899014,0.5603174348700206,-5.031317275794516,0.44537737740545214,-7.025436927786243,0.42790121609187265,-7.373129585056596
721.0827829428471,52.10301259103663,0.023,0.13257880754807813,0.9572271630762956,-0.3796997196265063,0.9023180135613983,-0.8928074488515139,0.8074720546547667,-1.8574499797945299,0.7260186974104639,-2.781043892399544,0.6543262224393668,-3.6841134958355592,0.559179185578291,-5.048980055574081,0.4441145380752745,-7.050100199551612,0.42662797251539764,-7.399013455424618
723.6141928499951,52.285923742689604,0.022999999999999996,0.1321150088688631,0.9570802755188309,-0.38103268118756445,0.9019924752392865,-0.8959417098194085,0.8068660936693259,-1.8639706836472754,0.7252031022544455,-2.7908069351845937,0.6533526526804068,-3.6970468255766384,0.5580392648514073,-5.066704841737344,0.4428508650286157,-7.074850053401534,0.42535406769770734,-7.424988192871188
726.1544894429296,52.46947701631856,0.023,0.13165283269039926,0.9569328949615395,-0.38237032220038775,0.9016659121597275,-0.8990869738225342,0.8062584625524306,-1.870514278872169,0.724385564949162,-2.8006042517920333,0.6523771213444042,-3.7100255586470094,0.5568976783988127,-5.084491851961919,0.44158637034187737,-7.0996867932882886,0.42407951465253024,-7.451054116391348
728.703703918963,52.653674666136176,0.023,0.13119227333671374,0.9567850198295688,-0.3837126590925092,0.9013383215126126,-0.9022432794877928,0.8056491583095353,-1.8770808458309254,0.7235660841091244,-2.8104359625424347,0.6513996295976885,-3.7230498544381336,0.5557544319908363,-5.1023413046895865,0.44032106616008365,-7.124610724231189,0.4228043264607216,-7.477211546099982
731.2618675849269,52.83851895426864,0.023000000000000003,0.13073332515168998,0.9566366485435969,-0.38505970834913056,0.9010097004830675,-0.9054106655776845,0.805038177952359,-1.8836704651673677,0.7227446583723319,-2.8203021881787653,0.6504201786474902,-3.7361198729010203,0.554609531458884,-5.120253419128975,0.4390549646968012,-7.1496221523203385,0.42152851627011967,-7.503460803235756
733.8290118575579,53.024012150783506,0.023,0.13027598249899813,0.9564877795198247,-0.38641148651332513,0.9006800462514657,-0.9085891709907912,0.8044255184989916,-1.8902832178084275,0.7219212864004655,-2.8302030498678654,0.6494387697421745,-3.749235774548207,0.5534629826956271,-5.138228415258266,0.4377880782340557,-7.1747213847203835,0.42025209729539736,-7.529802210165061
736.405168263883,53.210156533717516,0.023000000000000003,0.1298202397620259,0.9563384111699667,-0.3877680101862427,0.9003493559934446,-0.9117788347622467,0.8038111769740027,-1.8969191849651343,0.7210959668790808,-2.840138669201942,0.648455404171477,-3.7623977204557084,0.5523147916551903,-5.156266513827879,0.4365204191222433,-7.199908729674295,0.41897508281790896,-7.556236090385978
738.9903684416087,53.39695438910476,0.023,0.12936609134380914,0.9561885419012423,-0.3891292960273146,0.9000176268799194,-0.9149796960642266,0.8031951504085499,-1.9035784481336218,0.7202686985178033,-2.8501091682000634,0.6474700832667366,-3.775605872265029,0.5511649643533371,-5.174367936363215,0.4352519997800369,-7.225184496507172,0.417697486185531,-7.582762768532271
741.5846441395049,53.584408011004406,0.023000000000000003,0.128913531666964,0.9560381701163678,-0.3904953607544538,0.8996848560770998,-0.9181917942064176,0.80257743584049,-1.9102610890961094,0.7194394800505239,-2.860114669309646,0.6464828084011343,-3.788860392185102,0.5500135068676568,-5.192532905167326,0.43398283269429166,-7.250548995629986,0.41641932081250144,-7.609382570377321
744.1880272178012,53.772519701529276,0.023,0.12846255517361746,0.9558872942135479,-0.39186622114426184,0.8993510407465048,-0.9214151686365081,0.801958030314487,-1.9169671899219312,0.7186083102355943,-2.870155295407974,0.6454935809899239,-3.8021614429943282,0.5488604253377454,-5.210761643323703,0.4327129304199396,-7.276002538543462,0.41514060017924853,-7.6360958228381905
746.8005496485717,53.96129177087377,0.023000000000000003,0.1280131563253398,0.9557359125864661,-0.39324189403223975,0.8990161780449788,-0.9246498589406713,0.8013369308821253,-1.9236968329685218,0.717775187856024,-2.8802311698036993,0.6445024024906717,-3.815509188042538,0.5477057259653891,-5.229054374698965,0.4314423055798861,-7.301545437841849,0.4138613378322203,-7.662902853979583
749.422243516132,54.15072653734241,0.023,0.12756532960307634,0.9555840236242776,-0.39462239631298474,0.8986802651247079,-0.9278959048440459,0.8007141346020203,-1.9304501008824404,0.7169401117196782,-2.890342416238351,0.6435092744034892,-3.828903791253019,0.5465494150147437,-5.24741132394564,0.4301709708648978,-7.327178007216778,0.41258154738370484,-7.689803993017899
752.0531410174307,54.340826327378245,0.023,0.1271190695070796,0.9554316257115998,-0.3960077449404095,0.8983432991332357,-0.9311533462112332,0.8000896385399312,-1.9372270766003816,0.7161030806594751,-2.900489158887863,0.6425141982712702,-3.842345417124515,0.5453914988125139,-5.265832716504903,0.42889893903348664,-7.352900561461117,0.4113012425116471,-7.716799570325277
754.6932744624477,54.53159347559158,0.023000000000000003,0.12667437055684166,0.9552787172285042,-0.39739795692794044,0.8980052772134807,-0.9344222230467792,0.7994634397688735,-1.9440278433501967,0.715264093533585,-2.910671522364106,0.6415171756799258,-3.8558342307332625,0.5442319837481286,-5.284318778609373,0.4276262229117892,-7.378713416472845,0.4100204369594598,-7.743889917433656
757.3426762745892,54.723030324788496,0.023000000000000003,0.12623122729102695,0.9551252965505078,-0.3987930493487343,0.8976661965037519,-0.9377025754956718,0.7988355353692332,-1.9508524846519153,0.7144231492256296,-2.9208896317164035,0.6405182082586204,-3.8693703977350142,0.5430708762739178,-5.302869737285869,0.42635283539344176,-7.404616889258926,0.40873914453583005,-7.7710753670388435
760.0013789910844,54.91513922599957,0.023,0.12578963426740547,0.9549713620485651,-0.40019303933587963,0.8973260541377674,-0.9409944438438258,0.7982059224288821,-1.9577010843187648,0.7135802466448831,-2.9311436124330683,0.6395172976800085,-3.8829540843670536,0.5419081829052863,-5.321485820358189,0.4250787894394515,-7.43061129793918,0.4074573791145212,-7.798356253004583
762.6694152633875,55.10792253850887,0.023,0.12534958606278554,0.9548169120890588,-0.4015979440826175,0.8969848472446706,-0.9442978685185863,0.7975745980432914,-1.9645737264582093,0.7127353847264719,-2.941433590442953,0.6385144456604702,-3.896585457450259,0.5407439102208845,-5.340167256449938,0.4238040980780601,-7.456696961750219,0.40617515463416715,-7.8257329103666775
765.346817857577,55.30138262988286,0.023,0.12491107727294755,0.9546619450337925,-0.40300778084254085,0.8966425729490483,-0.9476128900892182,0.7969415593156494,-1.9714704954729723,0.7118885624315772,-2.951759692116991,0.6375096539603472,-3.9102646843911435,0.5395780648627798,-5.358914274987304,0.42252877440460546,-7.482874201049345,0.40489248509806425,-7.853205675337086
768.0336196547604,55.49552187599957,0.023,0.12447410251257712,0.9545064592399812,-0.40442256692981804,0.8962992283709479,-0.9509395492674099,0.7963068033569763,-1.9783914760620827,0.7110397787476359,-2.96212204426975,0.6365029243841791,-3.9239919331839124,0.5384106535366237,-5.377727106201907,0.421252831581376,-7.509143337318516,0.40360938457395484,-7.880774885308078
770.7298536514769,55.69034266107777,0.023,0.12403865641519922,0.9543504530602437,-0.40584231971939777,0.895954810625896,-0.9542778869077726,0.7956703272862425,-1.9853367532219175,0.7101890326885446,-2.9725207741609916,0.6354942587809393,-3.937767372412531,0.5372416830118188,-5.396605981133607,0.41997628283746175,-7.53550469316827,0.40232586719380764,-7.908440878856366
773.4355529601003,55.88584737770604,0.023000000000000003,0.12360473363311254,0.9541939248425941,-0.40726705664722274,0.895609316824917,-0.9576279440083353,0.7950321282304873,-1.9923064122472263,0.709336323294863,-2.9829560094972285,0.6344836590442722,-3.9515911712527862,0.5360711601216849,-5.415551131633345,0.41869914146860115,-7.561958592341682,0.4010419471535936,-7.936203995747238
776.1507508092485,56.08203842687236,0.023,0.12317232883732354,0.9540368729304333,-0.4086967952104493,0.8952627440745508,-0.9609897617110569,0.7943922033249363,-1.9993005387321992,0.708481649634018,-2.9934278784332924,0.6334711271127288,-3.965463499474362,0.5348990917636207,-5.434562790365977,0.41742142083702094,-7.588505359718347,0.3997576387130533,-7.96406457693876
778.8754805441903,56.27891821799351,0.023000000000000003,0.12274143671748097,0.9538792956625407,-0.41013155296765635,0.8949150894768723,-0.9643633813023266,0.793750549713122,-2.006319218571507,0.7076250108005088,-3.0039365095739146,0.6324566649700032,-3.9793845274429347,0.5337254848992651,-5.4536411908131575,0.4161431343712718,-7.615145321318373,0.39847295619546147,-7.992022964585948
781.6097756272572,56.47648916894483,0.023,0.12231205198181049,0.9537211913730663,-0.41157134753906344,0.89456635012951,-0.9677488442134741,0.7931071645470027,-2.0133625379613664,0.7067664059161114,-3.014482031975306,0.6314402746451679,-3.9933544261222673,0.5325503465546557,-5.472786567276201,0.4148642955660586,-7.641878804306401,0.3971879139873836,-8.020079502045
784.3536696382496,56.674753706089575,0.023,0.12188416935705032,0.9535625583915219,-0.4130161966067483,0.894216523125666,-0.9711461920212743,0.7924620449870851,-2.0204305834005827,0.7059058341300869,-3.025064575146728,0.6304219582129119,-4.007373367076293,0.5313736838203883,-5.491999154878932,0.4135849179820679,-7.668706136995579,0.3959025265384315,-8.048234533877459
787.1071962748551,56.87371426430912,0.023000000000000003,0.1214577835883856,0.9534033950427732,-0.41446611791486315,0.8938656055541349,-0.9745554664484619,0.7918151882025442,-2.027523441691628,0.7050432946193859,-3.0356842690521066,0.6294017177937749,-4.021441522471242,0.5301955038517691,-5.511279189570613,0.4123050152457861,-7.695627648851648,0.3946168083610071,-8.076488405854498
789.8703893530571,57.0733732870325,0.023000000000000003,0.1210328894393847,0.9532436996470315,-0.41592112926984975,0.8935135944993239,-0.9779767093642412,0.7911665913713468,-2.0346411999416985,0.7041787865888581,-3.0463412441116033,0.6283795555543848,-4.035559065077733,0.5290158138689702,-5.530626908128815,0.41102460104931704,-7.722643670496941,0.3933307740300468,-8.104841464961128
792.6432828075529,57.273733226266614,0.023000000000000003,0.12060948169193438,0.9530834705198455,-0.4173812485406631,0.8931604870412733,-0.9814099627848012,0.7905162516803745,-2.0417839455637825,0.7033123092714596,-3.0570356312032327,0.6273554737076934,-4.049726168272917,0.5278346211571808,-5.550042548162325,0.4097436891501912,-7.749754533714467,0.392044438182756,-8.13329405940048
795.425910692169,57.47479654262625,0.023,0.12018755514617598,0.9529227059720936,-0.4188464936589851,0.8928062802556764,-0.9848552688738305,0.789864166325547,-2.04895176627774,0.7024438619284616,-3.0677675616644615,0.6263294745132123,-4.063943006042589,0.5266519330667555,-5.569526348114077,0.40846229337117124,-7.7769605714519745,0.3907578155183403,-8.161846538598068
798.2183071802821,57.67656570536447,0.023,0.1197671046204412,0.9527614043099745,-0.4203168826194532,0.8924509712139004,-0.9883126699430393,0.7892103325119465,-2.05614475011138,0.7015734438496597,-3.0785371672938346,0.6253015602772481,-4.078209752983344,0.5254677570133611,-5.589078547264082,0.40718042760005074,-7.804262117826065,0.38947092079772905,-8.190499253206104
801.0205065652366,57.879043192402804,0.023,0.11934812495118868,0.9525995638350003,-0.4217924334798728,0.8920945569830071,-0.9917822084526735,0.7885547474539433,-2.0633629854015387,0.7007010543535841,-3.0893445803525794,0.624271733353139,-4.09252658430471,0.5242821004781226,-5.608699385732359,0.4058981057894498,-7.831659508126282,0.38818376884329514,-8.219252555107786
803.8325432607643,58.082231490361586,0.023000000000000003,0.11893061099294092,0.9524371828439884,-0.42327316436144136,0.8917370346257747,-0.9952639270120383,0.7878974083753221,-2.0706065607951603,0.6998266927877107,-3.1001899335662357,0.6232399961414907,-4.106893675831287,0.5230949710077666,-5.628389104481873,0.40461534195660503,-7.859153078819202,0.38689637453856957,-8.248106797421608
806.6544518014099,58.28613309459066,0.023,0.11851455761822055,0.9522742596290522,-0.4247590934489762,0.8913784012007183,-0.9987578683800244,0.787238312509408,-2.0778755652503946,0.6989503585286723,-3.1110733601262823,0.6222063510904111,-4.121311204004927,0.5219063762147605,-5.648147945321515,0.4033321501831523,-7.886743167552604,0.38560875282794754,-8.277062334505716
809.4862668429528,58.49075050919989,0.023,0.11809995971748781,0.9521107924775949,-0.4262502389911277,0.8910186537621131,-1.002264075465625,0.7865774570991947,-2.0851700880376804,0.69807205098247,-3.121994993691775,0.6211708006957462,-4.135779345886891,0.5207163237774527,-5.667976150909054,0.4020485446149063,-7.914430113159593,0.3843209187163913,-8.30611952196225
812.3280231628356,58.69608624709013,0.023000000000000003,0.11768681219907724,0.9519467796722996,-0.4277466193006154,0.8906577893600145,-1.0057825913284755,0.7859148393974716,-2.092490218740851,0.697191769584686,-3.132954968390997,0.6201333475013142,-4.15029827916003,0.5195248214402067,-5.687873964754136,0.4007645394616326,-7.942214255662786,0.3830328872691253,-8.33527871664173
815.1797556605896,58.902142829983916,0.023,0.11727510998913557,0.9517822194911225,-0.42924825275444417,0.8902958050402823,-1.0093134591793695,0.7852504566669536,-2.09983604725823,0.6963095138006963,-3.143953418823095,0.6190939940991417,-4.164868182130964,0.518331877013537,-5.707841631221264,0.39948014899681644,-7.970095936278473,0.38174467361132736,-8.364540276647423
818.0414993582614,59.10892278845635,0.023,0.11686484803155953,0.9516171102072848,-0.43075515779413315,0.8899326978446019,-1.0128567223807985,0.7845843061804106,-2.10720766380373,0.6954252831258857,-3.154990480059729,0.6180527431296983,-4.179489233732261,0.5171374983742408,-5.727879395532791,0.39819538755742573,-7.998075497420789,0.38045629292781385,-8.39390456133972
820.9132894008459,59.31642866196638,0.023000000000000003,0.11645602128793336,0.9514514500892646,-0.4322673529259392,0.8895684648105082,-1.0164124244474788,0.7839163852207974,-2.114605158907973,0.6945390770858608,-3.166066287646743,0.6170095972821303,-4.194161613524653,0.5159416934655263,-5.747987503771947,0.3969102695436669,-8.026153282705952,0.37916776046271694,-8.423371931340597
823.7951610567158,59.52466299888777,0.023,0.11604862473746738,0.9512852374007889,-0.43378485672108896,0.8892031029714084,-1.019980609046886,0.783246691081386,-2.122028623419383,0.6936508952366659,-3.1771809776058184,0.6159645592944966,-4.208885501699219,0.5147444702971415,-5.768166202885837,0.3956248094187376,-8.054329636956444,0.3778790915191591,-8.452942748537986
826.6871497180585,59.73362835654078,0.023,0.1156426533769356,0.9511184704008254,-0.43530768781600715,0.8888366093566046,-1.0235613199997993,0.7825752210658952,-2.12947814850533,0.6927607371649971,-3.1883346864361584,0.6149176319539997,-4.223661079079633,0.5135458369454962,-5.788415740688523,0.39433902170857027,-8.082604906205315,0.37659030145891736,-8.482617376090294
829.5892909013048,59.943327301223015,0.023,0.11523810222061528,0.950951147343576,-0.4368358649125369,0.888468980991319,-1.0271546012808288,0.7819019724886258,-2.1369538256532183,0.6918686024884202,-3.1995275511161454,0.6138688180972237,-4.238488527124341,0.5123458015537876,-5.808736365863999,0.39305292100157585,-8.11097943770034,0.3753014057020878,-8.512396178430778
832.5016202475715,60.15376240824152,0.023,0.11483496630022468,0.9507832664784673,-0.43836940677817937,0.8881002148967169,-1.0307604970189632,0.781226942674592,-2.1444557466716363,0.6909744908555854,-3.210759709105047,0.6128181206103638,-4.253368027928826,0.5111443723321173,-5.829128327969312,0.39176652194837547,-8.139453579908366,0.3740124197267371,-8.5422795212721
835.4241735230935,60.364936261943924,0.023,0.11443324066486286,0.9506148260501437,-0.4399083322463218,0.8877303080899314,-1.0343790514981075,0.7805501289596568,-2.1519840036914646,0.6900784019464463,-3.22203129834468,0.6117655424294622,-4.268299764227822,0.5099415575576108,-5.849591877437572,0.3904798392615321,-8.168027682519538,0.37272335906855447,-8.572267771610752
838.3569866196663,60.576851455750464,0.023000000000000003,0.11403292038094849,0.9504458242984597,-0.4414526602164628,0.8873592575840881,-1.0380103091576278,0.7798715286906659,-2.1595386891670185,0.6891803354724768,-3.233342457261117,0.61071108654064,-4.283283919397568,0.5087373655745311,-5.870127265581068,0.3891928877152727,-8.196702096451613,0.3714342393204931,-8.602361297731605
841.3000955550851,60.78951059218567,0.023000000000000003,0.11363400053215941,0.9502762594584719,-0.4430024096544509,0.8869870603883298,-1.0416543145928974,0.7791911392255839,-2.1671198958771782,0.6882802911768895,-3.2446933247663834,0.6096547559803298,-4.298320677458049,0.5075318047943922,-5.890734744594318,0.3879056821452068,-8.225477173854262,0.3701450761324077,-8.632560469212407
844.25353647359,61.002916282910554,0.023,0.11323647621937191,0.9501061297604313,-0.4445575995927175,0.8866137135078414,-1.0453111125558487,0.7785089579336302,-2.174727716926534,0.6873782688348541,-3.2560840402601707,0.6085965538355073,-4.313410223075282,0.5063248836960669,-5.911414567557211,0.38661823744803764,-8.254353268113423,0.368855885210685,-8.662865656928352
847.2173456463074,61.217071148754535,0.023000000000000003,0.11284034256060085,0.9499354334297757,-0.44611824913050596,0.8862392139438763,-1.0489807479555135,0.7778249821954157,-2.182362245746529,0.6864742682537173,-3.2675147436315433,0.6075364832439238,-4.328552741563557,0.5051166108258957,-5.93216698843808,0.38533056858126935,-8.28333073385561,0.3675666823178687,-8.693277233056616
850.1915594716947,61.431977819747495,0.023,0.1124455946909399,0.9497641686871221,-0.4476843774341108,0.8858635586937812,-1.0526632658585848,0.7771392094030821,-2.190023576096596,0.6855682892732232,-3.2789855752606476,0.6064745473943381,-4.3437484188877225,0.5039069947977914,-5.952992262096823,0.3840426905629083,-8.31240992695227,0.36627748327227927,-8.723795571080913
853.1762144759892,61.6476389351523,0.023,0.11205222776250143,0.9495923337482591,-0.4492560037371095,0.8854867447510233,-1.0563587114899595,0.7764516369604392,-2.1977118020653186,0.6846603317657332,-3.290496676020449,0.6054107495267467,-4.3589974416654655,0.5026960442933404,-5.973890644288048,0.38275461847115694,-8.341591204524164,0.36498830394762566,-8.754421045796104
856.171347313655,61.86405714349704,0.023,0.11166023694435726,0.9494199268241394,-0.45083314734060026,0.8851087691052156,-1.0600671302333033,0.7757622622831045,-2.205427018071586,0.683750395636447,-3.302048187278452,0.6043450929326145,-4.37429999716961,0.5014837680619019,-5.994862391664199,0.38146636744410395,-8.370874924945742,0.3636991602726126,-8.78515403331278
859.1769947678372,62.08123510260785,0.023,0.1112696174224788,0.9492469461208719,-0.4524158276134417,0.8847296287421442,-1.0637885676316057,0.7750710827986431,-2.213169318865754,0.682838480823624,-3.31364025089845,0.603277580955105,-4.389656273330419,0.5002701749207037,-6.015907761778737,0.38017795267940563,-8.400261447849577,0.3624100682305393,-8.815994911061932
862.1931937508066,62.29917547964107,0.023000000000000003,0.11088036439967881,0.9490733898397147,-0.4540040639924848,0.8843493206437956,-1.067523069387734,0.7743780959467093,-2.2209387995308028,0.6819245872988059,-3.3252730092422498,0.6022082169893106,-4.405066458737889,0.4990552737549382,-6.0370270130892525,0.37888938943396605,-8.429751134130722,0.3611210438588963,-8.846944057799496
865.219981304421,62.517880951116545,0.023,0.1104924730955515,0.9488992561770673,-0.45559787598281615,0.8839678417883833,-1.071270681365001,0.7736832991791872,-2.228735555483507,0.6810087150670383,-3.33694660517144,0.6011370044824805,-4.420530742644085,0.49783907351785023,-6.058220404960696,0.37760069302360577,-8.459344345951216,0.3598321032489509,-8.878001853611101
868.2573946005733,62.73735420295003,0.023,0.11010593874641467,0.9487245433244631,-0.457197283157998,0.8835851891503762,-1.0750314495877253,0.7729866899603338,-2.236559682475613,0.6800908641670949,-3.3486611820491237,0.6000639469342512,-4.436049314965444,0.4966215832308278,-6.079488197668519,0.37631187882273,-8.489041446744455,0.35854326254533087,-8.90916867991667
871.3054709416517,62.95759793048643,0.023,0.1097207566052507,0.9485492494685624,-0.45880230516030474,0.883201359700526,-1.0788054202417983,0.7722882657669219,-2.2444112765950046,0.6791710346717001,-3.360416883741692,0.5989890478968736,-4.451622366285121,0.49540281198348596,-6.100830652401892,0.3750229622639865,-8.518842801219716,0.3572545379455991,-8.940444919475128
874.3642477609961,63.17861483853276,0.023000000000000003,0.10933692194164858,0.948373372791145,-0.4604129617009657,0.8828163504058965,-1.0825926396752443,0.771588024088384,-2.252290434266888,0.6782492266877537,-3.3722138546205898,0.5979123109754408,-4.467250087855321,0.49418276893375,-6.1222480312669,0.373733958837921,-8.548748775366587,0.3559659456998235,-8.971830956389095
877.4337626233607,63.40040764139161,0.023,0.1089544300417453,0.948196911469102,-0.46202927256041054,0.8824301582298902,-1.086393154398804,0.7708859624269565,-2.260197252254983,0.6773254403565542,-3.384052239564091,0.5968337398281154,-4.482932671599663,0.4929614633079334,-6.143740597289788,0.3724448840926223,-8.578759736459523,0.3546775021101386,-9.003327176109629
880.5140532253729,63.62297906289428,0.023000000000000003,0.10857327620816841,0.9480198636744297,-0.4636512575885083,0.8820427801322795,-1.0902070110864925,0.7701820782978254,-2.268131827662703,0.6763996758540246,-3.3959321839590744,0.5957533381663552,-4.498670310115528,0.49173890440081525,-6.165308614420166,0.3711557536333664,-8.608876053062305,0.35338922353030355,-9.034933965440935
883.605157395995,63.846331836434146,0.023,0.10819345575997838,0.9478422275742218,-0.4652789367048108,0.8816542130692347,-1.0940342565761774,0.7694763692292728,-2.2760942579343464,0.6754719333909381,-3.4078538337028057,0.5946711097551414,-4.514463196676412,0.49051510157571493,-6.186952347534245,0.3698665831222519,-8.639098095032574,0.35210112636525304,-9.066651712545104
886.7071130969914,64.07046870500041,0.023000000000000003,0.10781496403261083,0.9476640013306619,-0.4669123298988016,0.8812644539933538,-1.097874937870154,0.7687688327628234,-2.284084640856298,0.6745422132131436,-3.419817335204733,0.5935870584132019,-4.530311525234314,0.48929006426456056,-6.2086720624381115,0.3685773882778288,-8.669426233526389,0.35081322707063994,-9.09848080694691
889.8199584233931,64.29539242121166,0.023,0.10743779637781949,0.9474851831010171,-0.4685514572301344,0.8808734998536927,-1.1017291021357218,0.7680594664533924,-2.292103074558225,0.6736105156017916,-3.431822835388281,0.5925011880132371,-4.546215490422114,0.4880638019679579,-6.230468025870975,0.36728818487472314,-8.699860841002764,0.3495255421523744,-9.130421639538561
892.9437316039679,64.52110574734988,0.023000000000000003,0.10706194816361876,0.9473057710376301,-0.47019633882888867,0.8804813475957949,-1.1055967967057647,0.7673482678694336,-2.3001496575142912,0.6726768408735613,-3.4438704816926693,0.591413502482143,-4.562175287555972,0.48683632425525336,-6.252340505508461,0.3659989887432529,-8.730402291228279,0.34823808816615337,-9.162474602584554
896.0784710016881,64.74761145539419,0.023000000000000003,0.10668741477422708,0.9471257632879124,-0.4718469948958092,0.8800879941617223,-1.1094780690793344,0.7666352345930882,-2.3082244885443624,0.6717411893808872,-3.4559604220747087,0.5903240058012355,-4.578191112637712,0.48560764076459595,-6.274289769965891,0.36470981576904044,-8.76105095928164,0.34695088171698735,-9.194640089726436
899.2242151142003,64.97491232705485,0.023000000000000003,0.1063141916100104,0.9469451579943374,-0.4735034457025563,0.8796934364900867,-1.1133729669222279,0.7659203642203366,-2.3163276668152095,0.670803561512188,-3.468092805010618,0.5892327020064729,-4.59426316235724,0.484377761202996,-6.296316088801564,0.36342068189261834,-8.791807221558283,0.34566393945871865,-9.226918495987658
902.3810025743006,65.20301115380755,0.023000000000000003,0.10594227408742543,0.946763953294433,-0.4751657115919583,0.8792976715160801,-1.1172815380675778,0.765203654361147,-2.3244592918417415,0.6698639576920933,-3.4802677794978547,0.5881395951886786,-4.610391634094945,0.4831466953463791,-6.318419732520092,0.36213160310902753,-8.822671455775005,0.34437727809353313,-9.259310217778427
905.548872150407,65.43191073692755,0.023,0.10557165763896352,0.9465821473207751,-0.4768338129782542,0.8789006961715071,-1.1212038305164347,0.7644851026396284,-2.3326194634882143,0.6689223783816727,-3.4924854950569397,0.5870446894937615,-4.626576725924138,0.4819144530396383,-6.340600972575698,0.3608425954674106,-8.853644040974602,0.343090914371467,-9.291815652900565
908.7278627470396,65.66161388752442,0.022999999999999996,0.10520233771309415,0.9463997382009802,-0.4785077703473515,0.878502507384816,-1.1251398924383673,0.7637647066941814,-2.340808281969476,0.6679788240786634,-3.504746101733305,0.5859479891229359,-4.642818636613492,0.48068104419668106,-6.362860081375593,0.3595536750705971,-8.884725357530552,0.3418048650899035,-9.324435200552445
911.9180134052916,65.89212342657605,0.023000000000000003,0.10483430977420975,0.946216724057699,-0.4801876042570742,0.8781031020811318,-1.1290897721720392,0.7630424641776529,-2.3490258478521744,0.6670332953177016,-3.5170497500991122,0.5848494983329435,-4.65911756562945,0.4794464788004772,-6.385197332283258,0.3582648580746867,-8.915915787151622,0.34051914709306974,-9.3571692613338
915.1193633033165,66.12344218496376,0.023,0.10446756930256931,0.9460331030086088,-0.48187333533741683,0.8777024771822884,-1.1330535182258172,0.7623183727574884,-2.3572722620560103,0.6660857926705497,-3.5293965912551304,0.5837492214362701,-4.675473713138717,0.4782107669030976,-6.407612999621861,0.3569761606886207,-8.947215712886624,0.3392337772715196,-9.390018237250736
918.3319517568025,66.35557300350678,0.022999999999999996,0.10410211179424332,0.9458488731664076,-0.48356498429079436,0.8773006296068618,-1.1370311792783543,0.7615924301158877,-2.3655476258549655,0.6651363167463274,-3.5417867768325726,0.5826471628013656,-4.691887280010677,0.4769739186257549,-6.430107358677587,0.35568759917375165,-8.978625519129071,0.337948772561616,-9.42298253172061
921.555818219459,66.58851873299722,0.023000000000000003,0.1037379327610583,0.9456640326388068,-0.4852625718923016,0.8768975562702033,-1.1410228041791948,0.7608646339499595,-2.373852040878555,0.6641848681917423,-3.554220458994963,0.5815433268528603,-4.708358467819895,0.4757359441588376,-6.452680685703033,0.35439918984340457,-9.010145591621917,0.33666414994500327,-9.456062549577005
924.7910022834994,66.82228223423502,0.023,0.10337502773054182,0.9454785795285247,-0.48696611898996267,0.876493254084473,-1.1450284419493724,0.7601349819718783,-2.3821856091130624,0.6632314476913197,-3.566697790440001,0.5804377180717819,-4.7248874788485615,0.47449685376194217,-6.475333257920592,0.3531109490624325,-9.041776317462288,0.33537992644807507,-9.489258697074687
928.0375436801304,67.05686637806333,0.023,0.10301339224586711,0.945292511933279,-0.48867564650499506,0.8760877199586737,-1.1490481417820162,0.7594034719090398,-2.3905484329028144,0.6622760559676338,-3.579218924401451,0.5793303409957706,-4.741474516089007,0.4732566577639,-6.498065353525881,0.35182289324676436,-9.073518085106262,0.3340961191414332,-9.522571381894636
931.2954822800374,67.29227404540356,0.022999999999999996,0.1026530218657988,0.9451058279457817,-0.49039117543205774,0.8756809507986861,-1.1530819530429457,0.7586701015042199,-2.398940614951416,0.661318693781539,-3.591784014651015,0.578221200219294,-4.758119783246179,0.47201536656280324,-6.520877251691141,0.3505350388629489,-9.105371284373607,0.3328127451393431,-9.556001013149011
934.564858093873,67.52850812729068,0.023,0.1022939121646383,0.9449185256537314,-0.49211272683951257,0.8752729435073023,-1.1571299252712868,0.7579348685157327,-2.4073622583230216,0.6603593619324016,-3.6043932155002145,0.5771103003938615,-4.774823484740137,0.4707729906260259,-6.543769232568656,0.34924740242769126,-9.137336306452575,0.331529821599181,-9.58954800138618
937.8457112727506,67.76557152490885,0.023,0.10193605873216943,0.9447306031398068,-0.4938403218696855,0.874863694984262,-1.1611921081800725,0.7571977707175895,-2.415813466443599,0.6593980612583322,-3.6170466818022944,0.5759976462282367,-4.791585825708575,0.46952954049024126,-6.566741577294203,0.34796000050738224,-9.16941354390471,0.33024736572087476,-9.623212758595773
941.138082108736,68.00346714962703,0.023000000000000003,0.10157945717360417,0.9445420584816608,-0.4955739817391235,0.8744532021262871,-1.1652685516568577,0.7564588058996593,-2.4242943431021975,0.6584347926364174,-3.629744568954119,0.5748832424886495,-4.808407012009332,0.46828502676143596,-6.589794567990505,0.34667284971762247,-9.201603390669668,0.3289653947463386,-9.656995698213727
944.4420110353445,68.24219792303481,0.023000000000000003,0.10122410310952865,0.9443528897519137,-0.49731372773885374,0.874041461827118,-1.169359305764332,0.7557179718678284,-2.4328049924522297,0.6574695569829518,-3.64248703289809,0.5737670939990067,-4.825287250222931,0.4670394601149197,-6.612928487770702,0.3453859667227387,-9.233906242070065,0.3276839259588999,-9.69089723512739
947.757538628037,68.48176677697828,0.023000000000000003,0.10086999217584933,0.9441630950181464,-0.4990595812346493,0.8736284709775493,-1.1734644207409337,0.7549752664441627,-2.4413455190127458,0.6565023552536717,-3.655274230124057,0.5726492056411014,-4.842226747655115,0.4657928512953322,-6.63614362074183,0.344099368235295,-9.266322494816336,0.32640297668272084,-9.724917785680608
951.0847056047141,68.72217665359577,0.023000000000000003,0.10051712002373983,0.9439726723428948,-0.5008115636672895,0.873214226465467,-1.1775839470014646,0.7542306874670699,-2.449916027669714,0.6555331884439883,-3.6681063176712287,0.5715295823548238,-4.859225712339378,0.4645452111166476,-6.659440252008282,0.34281307101559855,-9.298852547011565,0.3251225642822147,-9.759057767678806
954.4235528262215,68.96343050535432,0.023,0.10016548231958702,0.9437816197836433,-0.5025696965528202,0.8727987251758847,-1.1817179351377138,0.7534842327914626,-2.458516623677312,0.6545620575892201,-3.680983453130118,0.5704082291383671,-4.87628435303953,0.46329655046217166,-6.6828186676753445,0.34152709187119556,-9.331496798156424,0.3238427061614522,-9.793317600394154
957.7741212968477,69.20553129508572,0.023,0.09981507474493814,0.943589935392818,-0.5043340014828234,0.8723819639909819,-1.185866435919071,0.7527359002889218,-2.4671474126592168,0.6535889637648278,-3.6939057946444636,0.5692851510484356,-4.89340287925226,0.46204688028453916,-6.706279154852679,0.3402414476563643,-9.364255649154046,0.32256341976356434,-9.827697704570696
961.1364521648331,69.44848199602315,0.023000000000000003,0.09946589299644733,0.9433976172177811,-0.5061045001246791,0.8719639397901398,-1.1900295002931636,0.7519856878478609,-2.475808500609915,0.6526139080866462,-3.706873500913189,0.5681603532004486,-4.910581501209722,0.4607962116057034,-6.729822001657891,0.33895615527159856,-9.397129502314982,0.32128472257013585,-9.862198502429552
964.5105867228676,69.69228559183726,0.023,0.09911793278582344,0.943204663300825,-0.5078812142218303,0.8715446494499813,-1.1942071793864664,0.7512335933736927,-2.4844999938959806,0.651636891711121,-3.719886731192325,0.5670338407687474,-4.927820429882083,0.45954455551692686,-6.753447497220013,0.3376712316630884,-9.430118761362092,0.32000663210059627,-9.896820417674043
967.896566408606,69.93694507667342,0.023,0.09877118983977655,0.9430110716791649,-0.5096641655940558,0.8711240898444085,-1.198399524504942,0.7504796147889932,-2.493221999257407,0.6506579158355401,-3.732945645297001,0.5659056189867959,-4.9451198769801605,0.45829192317876216,-6.777155931683117,0.3363866938221894,-9.463223831435572,0.3187291659115986,-9.931563875494973
971.2944328051695,70.18246345518787,0.023000000000000003,0.09842565989996632,0.9428168403849344,-0.5114533761377298,0.8707022578446413,-1.202606587134663,0.7497237500336708,-2.5019746238088953,0.6496769816982705,-3.7460504036033737,0.5647756931473854,-4.962480054957976,0.457038325821035,-6.800947596209816,0.3351025587848915,-9.496445119097851,0.317452341596398,-9.966429302575767
974.7042276416611,70.42884374258499,0.023000000000000003,0.09808133872294916,0.9426219674451783,-0.5132488678260989,0.8702791503192571,-1.2068284189424492,0.7489659970651321,-2.5107579750411855,0.6486940905789919,-3.759201167050616,0.5636440686028341,-4.9799011770153925,0.4557837747428186,-6.8248227829848815,0.33381884363127545,-9.529783032338647,0.3161761767842186,-10.001417127097763
978.1259927936752,70.67608896465416,0.023,0.09773822208012638,0.9424264508818475,-0.5150506627095452,0.86985476413423,-1.2110650717764975,0.7482063538584515,-2.519572160822368,0.6477092437989319,-3.7723980971428834,0.5625107507651875,-4.99738345710072,0.4545282813124068,-6.848781785218813,0.33253556548496727,-9.56323798057993,0.3149006891396162,-10.036527778745457
981.5597702838156,70.92420215780716,0.022999999999999996,0.09739630575769188,0.9422302887117924,-0.516858782915862,0.8694290961529707,-1.2153165976670262,0.7474448184065392,-2.528417289399215,0.6467224427211007,-3.7856413559513125,0.561375745106416,-5.014927109913362,0.453271856967281,-6.8728248971514585,0.3312527415125823,-9.596810374681,0.31362589636183347,-10.071761688711794
985.0056022822091,71.17318636911529,0.023,0.09705558555658077,0.9420334789467574,-0.5186732506505234,0.8690021432363668,-1.2195830488269075,0.7466813887203119,-2.5372934693985085,0.6457336887505264,-3.7989311061159983,0.560239057158613,-5.0325323509064335,0.45201451321407526,-6.896952414055612,0.32997038892316616,-9.630500626943508,0.3123518161841493,-10.107119289703448
988.4635311070218,71.42304465634665,0.023,0.09671605729241779,0.9418360195933752,-0.5204940881969582,0.8685739022428243,-1.2238644776523069,0.7459160628288637,-2.546200809828363,0.644742983334491,-3.8122675108479913,0.5591006925141914,-5.050199396289404,0.45075626162853677,-6.921164632240632,0.32868852496762796,-9.664309151116493,0.311078466373222,-10.14260101594613
991.9335992249815,71.67378008800394,0.023000000000000003,0.09637771679546576,0.9416379086531611,-0.52232131791682,0.8681443700283072,-1.2281609367233353,0.7451488387796368,-2.555139420079582,0.6437503279627654,-3.8256507339313073,0.557960656826077,-5.067928463030772,0.44949711385548097,-6.9454618490561,0.3274071669381657,-9.698236362401506,0.30980586472842453,-10.178207303189934
995.4158492518972,71.92539574336192,0.023,0.09604055991057459,0.9414391441225072,-0.5241549622502675,0.8677135434463811,-1.2324724788046824,0.7443797146385945,-2.5641094099269846,0.6427557241678457,-3.8390809397249317,0.5568189558079034,-5.085719768860701,0.4482370816087443,-6.969844362895447,0.3261263321676875,-9.732282677457668,0.3085340290811743,-10.213938588714669
998.9103239531867,72.17789471250563,0.023,0.0957045824971297,0.9412397239926767,-0.5259950437162352,0.8672814193482523,-1.236799156846283,0.7436086884903931,-2.573110889530772,0.6417591735251869,-3.852558293164858,0.5556755952342014,-5.1035735322737406,0.44697617667112977,-6.994312473199668,0.32484603802922263,-9.766448514406852,0.30726297729425445,-10.249795311335284
1002.4170662443945,72.43128009636773,0.023000000000000003,0.09536978042900206,0.9410396462497989,-0.527841584912712,0.8668479945828133,-1.2411410239839447,0.7428357584385568,-2.582143969437861,0.6407606776534422,-3.8660829597660777,0.5545305809405929,-5.121489972531448,0.44571441089435354,-7.018866480460924,0.3235663019353314,-9.80073429283873,0.30599272726113314,-10.285777911407168
1005.9361191917275,72.68555500676723,0.023000000000000003,0.09503614959449654,0.9408389088748627,-0.5296946085170202,0.8664132659966827,-1.24549813354002,0.742060922605651,-2.5912087605832594,0.6397602382146955,-3.879655105624658,0.5533839188239769,-5.139469309665138,0.44445179619898073,-7.043506686226317,0.3222871413375022,-9.835140433816017,0.30472329690526984,-10.321886830831657
1009.467526012576,72.94072256644716,0.023000000000000003,0.09470368589630224,0.9406375098437123,-0.5315541372860898,0.8659772304342502,-1.249870539024049,0.7412841791334591,-2.6003053742914117,0.6387578569147001,-3.8932748974197384,0.5522356148427194,-5.1575117644785475,0.4431883445743632,-7.068233393101517,0.321008573725548,-9.869667359879559,0.3034547041794215,-10.358122513061371
1013.0113300760488,73.19678590911322,0.023,0.09437238525144177,0.9404354471270412,-0.5334201940567425,0.8655398847377194,-1.2542582941334224,0.7405055261831569,-2.60943392227758,0.6377535355031134,-3.906942502415603,0.5510856750168389,-5.1756175585505595,0.4419240680785684,-7.093046904754527,0.31973061662699137,-9.904315495053577,0.3021869670649375,-10.394485403105719
1016.5675749035044,73.45374817947214,0.023,0.09404224359122115,0.9402327186903868,-0.53529280174597,0.8651012257471515,-1.2586614527540378,0.7397249619354906,-2.618594516649205,0.6367472757737338,-3.9206580884637265,0.549934105428191,-5.193786914237926,0.4406589788383064,-7.1179475259193845,0.3184532876064465,-9.93908526485085,0.3009201035710504,-10.430975947536334
1020.1363041690873,73.7116125332705,0.023,0.09371325686117978,0.9400293224941257,-0.537171983351215,0.8646612503005103,-1.2630800689609643,0.7389424845909535,-2.627787269907293,0.635739079564736,-3.9344218240048425,0.5487809122206513,-5.2120200546780024,0.43939308904885094,-7.142935562399934,0.3171766042649915,-9.97397709627796,0.299654131734159,-10.467594594492589
1023.7175617002639,73.97038213733332,0.023000000000000003,0.09338542102104065,0.939825256493468,-0.5390577619506544,0.8642199552337062,-1.2675141970191062,0.738158092369964,-2.637012294947796,0.6347289487589076,-3.94823387807101,0.5476261016002973,-5.2303172037914845,0.438126410973957,-7.168011321073566,0.31590058423953676,-10.00899141784053,0.29838906961710576,-10.504341793687075
1027.3113914783569,74.23006016960282,0.023,0.09305873204466106,0.9396205186384524,-0.5409501607034829,0.863777337380642,-1.271963891383866,0.7373717835130464,-2.6462697050629846,0.6337168852838867,-3.962094420287674,0.5464696798355896,-5.248678586285147,0.4368589569457751,-7.1931751098949634,0.3146252452021864,-10.044128659548456,0.29712493530844836,-10.541217996411117
1030.9178376390903,74.49064981917775,0.023,0.09273318591998271,0.939415106873941,-0.5428492028501977,0.8633333935732583,-1.276429206701816,0.7365835562810087,-2.6555596139428586,0.6327028911123962,-3.9760036208757703,0.5453116532575486,-5.267104427654617,0.435590739364758,-7.218427237899922,0.31335060485959104,-10.079389252921231,0.2958617469217226,-10.578223655540333
1034.5369444731277,74.75215428635222,0.023,0.09240877864898285,0.9392090191396149,-0.5447549117128804,0.8628881206415797,-1.2809101978113677,0.7357934089551246,-2.664882135676523,0.6316869682624815,-3.989961650653801,0.5441520282599327,-5.285594954187138,0.4343217706995662,-7.243768015209113,0.31207668095229696,-10.114773630993215,0.2945995225947013,-10.615359225540185
1038.1687564266208,75.01457678265544,0.023,0.09208550624762465,0.939002253369968,-0.5466673106954905,0.8624415154137604,-1.2854069197434514,0.7350013398373131,-2.6742373847536163,0.6306691187977455,-4.003968681039945,0.5429908112994124,-5.304150392964354,0.43305206348696523,-7.269197753031929,0.31080349125408546,-10.150282228318975,0.2933382804886438,-10.652625162471587
1041.8133181017524,75.27792053089085,0.023000000000000003,0.09176336474580868,0.9387948074943036,-0.548586423284147,0.861993574716132,-1.2899194277221835,0.734207347250322,-2.6836254760656924,0.6296493448275852,-4.0180248840541575,0.5418280088957442,-5.3227709718651015,0.43178163033172234,-7.294716763670278,0.3095310535713082,-10.18591548097862,0.29207803878754196,-10.690021923996486
1045.4706742572819,75.54218876517562,0.023000000000000003,0.09144235018732419,0.9385866794367286,-0.5505122730474172,0.8615442953732507,-1.2944477771655485,0.7334114295379107,-2.6930465249076363,0.628627648507429,-4.032130432320273,0.5406636276319434,-5.341456919568185,0.4305104839064965,-7.320325360522414,0.3082593857422163,-10.221673826583126,0.2908188156973595,-10.727549969383457
1049.1408698090986,75.8073847309806,0.023,0.09112245862980033,0.9383778671161492,-0.5524448836366092,0.8610936742079445,-1.298992023686081,0.7326135850650328,-2.7025006469790886,0.6276040320389715,-4.046285499068137,0.539497674154453,-5.360208465555206,0.42923863695172315,-7.3460238580868005,0.3069885056362801,-10.25755770427974,0.28956062944526234,-10.765209759513382
1052.8239498307707,76.07351168516998,0.023,0.09080368614465786,0.9381683684462664,-0.5543842787860587,0.860641708041362,-1.3035522230915433,0.7318138122180213,-2.711987958385854,0.6265784976704101,-4.060490258135726,0.5383301551733124,-5.379025840113379,0.42796610227549575,-7.371812571965968,0.3057184311535051,-10.29356755475736,0.2883034982788454,-10.803001756885086
1056.5199595541044,76.34057289604168,0.023,0.09048602881706053,0.9379581813355706,-0.5563304823134247,0.86018839369302,-1.3081284313856212,0.7310121094047721,-2.7215085756413493,0.6255510476966792,-4.074744883971303,0.5371610774623229,-5.397909274338368,0.4266928927534404,-7.397691818870409,0.3044491802237386,-10.329703820251977,0.28704744046534986,-10.840926425621067
1060.2289443696895,76.6085716433668,0.023,0.09016948274586775,0.937747303687338,-0.558283518119979,0.859733727980854,-1.3127207047685987,0.730208475054932,-2.7310626156680033,0.6245216844596896,-4.08904955163552,0.535990447859215,-5.41685900013709,0.42541902132858994,-7.423661916622418,0.3031807708059747,-10.365966944552037,0.2857924742908796,-10.8789842314731
1063.9509498274679,76.87751121843068,0.023,0.08985404404358587,0.9375357333996258,-0.5602434101908994,0.8592777077212662,-1.3173290996380593,0.7294029076200831,-2.7406501957987213,0.62349041034856,-4.103404436803611,0.5348182732658078,-5.4358752502306125,0.42414450101124723,-7.44972318416006,0.30191322088764544,-10.402357373003987,0.28453861805960406,-10.917175641828056
1067.686021637284,77.1473949240727,0.022999999999999996,0.08953970883632098,0.9373234683652677,-0.5622101825955649,0.8588203297291763,-1.321953672589572,0.7285954055739313,-2.7502714337783054,0.6224572277998558,-4.117809715767518,0.5336445606481728,-5.454958258156971,0.42286934487884953,-7.47587594154103,0.3006465484839131,-10.438875552517658,0.2832858900929611,-10.955501125713582
1071.434205669451,77.41822607472716,0.023000000000000003,0.08922647326373115,0.9371105064718694,-0.5641838594878548,0.8583615908180715,-1.32659448041739,0.7277859674124939,-2.759926447764913,0.6214221392978225,-4.132265565438074,0.5324693170367915,-5.474108258274054,0.4215935660758241,-7.502120509946614,0.2993807716369506,-10.475521931571796,0.2820343087288498,-10.993961153803882
1075.1955479553117,77.69000799646376,0.023,0.08891433347897916,0.9368968456018052,-0.5661644651064387,0.8579014878000579,-1.3312515801151399,0.7269745916542885,-2.769615356331498,0.6203851473746224,-4.146772163347159,0.5312925495267132,-5.493325485762473,0.4203171778134408,-7.52845721168562,0.29811590841521807,-10.512296960219555,0.2807838923208192,-11.032556198425471
1078.970094687807,77.96274402702885,0.023,0.08860328564868486,0.9366824836322127,-0.5681520237750796,0.8574400174859105,-1.3359250288765385,0.7261612768405215,-2.779338278467281,0.6193462546105674,-4.161329687649908,0.5301142652777092,-5.512610176628475,0.41904019336965803,-7.554886370198355,0.296851976912731,-10.549201090094044,0.27953465923724785,-11.071286733563037
1082.7578922220416,78.23643751588611,0.023000000000000003,0.08829332595287841,0.9364674184349897,-0.5701465599029301,0.8569771766851259,-1.3406148840960803,0.7253460215352792,-2.789095333579201,0.6183054636343559,-4.175938317126871,0.5289344715144265,-5.531962567706813,0.4177626260889653,-7.58140831006059,0.29558899524832355,-10.586234774413871,0.2782866278605207,-11.110153234865216
1086.5589870758506,78.51109182425756,0.023,0.08798445058495351,0.9362516478767894,-0.5721480979848337,0.8565129622059744,-1.3453212033697448,0.7245288243257186,-2.798886641493378,0.6172627771233071,-4.190598231186217,0.5277531755265396,-5.551382896663661,0.41648448938222166,-7.608023356987523,0.29432698156490583,-10.623398467988673,0.2770398165861986,-11.149156179650415
1090.3734259303744,78.78671032516517,0.023,0.08767665575162031,0.9360351698190169,-0.5741566626016239,0.8560473708555524,-1.3500440444957094,0.723709683822259,-2.808712322456591,0.6162181978035943,-4.205309609865947,0.5265703846688985,-5.570871401999538,0.41520579672648605,-7.634731837837805,0.2930659540287125,-10.66069262722474,0.2757942438221798,-11.18829604691272
1094.2012556306295,79.063296403472,0.023,0.08736993767285915,0.9358179821178256,-0.5761722784204247,0.8555803994398354,-1.354783465475053,0.7228885986587739,-2.8185724971377537,0.6151717284504804,-4.220072633836084,0.5253861063616768,-5.59042832305223,0.4139265616648454,-7.661534080617542,0.2918059308285473,-10.698117710130592,0.27454992798785827,-11.227573317327737
1098.0425231860868,79.34085345592403,0.023,0.08706429258187372,0.9356000826241125,-0.5781949701949601,0.8551120447637317,-1.3595395245124737,0.7220655674927839,-2.8284672866293996,0.6141233718885499,-4.234887484400924,0.5242003480905151,-5.610053899999747,0.4126467978062357,-7.688430414484334,0.29054693017501854,-10.735674176322638,0.27330688751327253,-11.266988473258548
1101.8972757712475,79.61938489119183,0.023000000000000003,0.08675971672504508,0.9353814691835153,-0.5802247627658514,0.8546423036311359,-1.3643122800170024,0.7212405890056511,-2.8383968124491665,0.613073130991944,-4.2497543435012375,0.5230131174066645,-5.629748373863262,0.41136651882525865,-7.715421169751324,0.2892889702997706,-10.773362487030813,0.2720651408382518,-11.306541998761595
1105.7655607262202,79.89889412991211,0.023,0.08645620636188567,0.9351621396364083,-0.5822616810609248,0.8541711728449843,-1.369101790602715,0.7204136619027736,-2.8483611965412807,0.6120210086845939,-4.264673393716503,0.521824421927128,-5.6495119865100545,0.4100857384619952,-7.742506677891216,0.288032069454709,-10.811183105104199,0.27082470641155443,-11.346234379592614
1109.6474255573046,80.17938460473006,0.023,0.08615375776499318,0.9349420918178992,-0.5843057500955167,0.8536986492073092,-1.3739081150894574,0.71958478491378,-2.858360561278067,0.6109670079404528,-4.279644818267162,0.5206342693347982,-5.669344980656497,0.40880447052181024,-7.769687271540381,0.2867762459112172,-10.849136495016754,0.26958560269000037,-11.386066103212631
1113.5429179375735,80.46085976034132,0.023,0.08585236722000487,0.9347213235578256,-0.5863569949727816,0.8532247295192942,-1.3787313125035672,0.718753956792726,-2.8683950294614426,0.6099111317837296,-4.294668801016857,0.5194426673785931,-5.689247599871039,0.40752272887515456,-7.796963284502928,0.285521517959369,-10.88722312287299,0.2683478481375978,-11.426037658793923
1117.4520857074633,80.74332305353465,0.023000000000000003,0.08555203102555166,0.9344998326807509,-0.5884154408840019,0.8527494105813302,-1.383571442078598,0.7179211763182898,-2.878464724324441,0.6088533832891193,-4.309745526474715,0.5182496238735899,-5.709220088577204,0.40624052745735967,-7.824335051754833,0.28426790390713136,-10.925443456413761,0.2671114612246625,-11.466149537226087
1121.374976875352,81.0267779532337,0.023000000000000003,0.08525274549321327,0.9342776170059621,-0.590481113108893,0.8522726891930722,-1.3884285632560465,0.7170864422939714,-2.888569769532695,0.6077937655820378,-4.324875179797571,0.5170551467011578,-5.729262692056562,0.40495788026843127,-7.851802909447988,0.2830154220795677,-10.963797965021886,0.2658764604269358,-11.50640223112195
1125.3116396181595,81.31122794054038,0.023000000000000003,0.08495450694747225,0.9340546743474656,-0.5925540370159204,0.8517945621534951,-1.393302735686084,0.7162497535482886,-2.89871028918599,0.6067322818388504,-4.340057946792285,0.5158592438090859,-5.749375656451773,0.40367480137283135,-7.879367194914407,0.2817640908180259,-11.00228711972804,0.26464286422468974,-11.546796234823752
1129.2621222819303,81.59667650877701,0.023,0.08465731172566936,0.9338310025139844,-0.5946342380626046,0.8513150262609523,-1.3981940192282853,0.7154111089349764,-2.9088864078197667,0.6056689352871054,-4.355294013917993,0.514661923211711,-5.769559228769593,0.4023913048992609,-7.907028246670304,0.2805139284793278,-11.040911393216463,0.26341069110183296,-11.587332044409127
1133.226473382432,81.88312716352951,0.023000000000000003,0.08436115617795835,0.9336065993089556,-0.596721741795835,0.8508340783132324,-1.403102473952368,0.7145705073331872,-2.919098250406652,0.6046037292057631,-4.3705835682884135,0.5134631929900418,-5.789813656883912,0.4011074050404334,-7.934786404420291,0.2792649534349486,-11.079671259830771,0.2621799595450068,-11.628010157697215
1137.2047416057492,82.17058342269031,0.023,0.0840660366672613,0.9333814625305265,-0.5988165738521871,0.8503517151076181,-1.4080281601389275,0.7137279476476899,-2.9293459423579984,0.6035366669254276,-4.38592679767413,0.5122630612918817,-5.810139189538792,0.3998231160528449,-7.96264200906152,0.27801718407019044,-11.118567195579804,0.26095068804267735,-11.668831074254788
1141.1969758088846,82.45904881650186,0.023,0.08377194956922356,0.9331555899715517,-0.6009187599582373,0.8498679334409445,-1.4129711382801788,0.7128834288090704,-2.9396296095254284,0.6024677518285746,-4.401323890504924,0.5110615363319468,-5.830536076351542,0.39853845225653645,-7.990595402687905,0.2767706387833496,-11.157599678143477,0.2597228950842202,-11.709795295402397
1145.2032250203567,82.74852688759971,0.023000000000000003,0.08347889127216958,0.9329289794195913,-0.6030283259308732,0.8493827301096586,-1.4179314690807008,0.7120369497739335,-2.9499493782023785,0.6013969873497821,-4.416775035872068,0.5098586263919846,-5.8510045678157665,0.3972534280348536,-8.018646928594308,0.27552533598487916,-11.196769186878637,0.25849659915900114,-11.750903324220523
1149.2235384407993,83.0390211910559,0.023,0.08318685817705868,0.9327016286569073,-0.605145297677616,0.8488961019098792,-1.4229092134581776,0.7111885095251059,-2.960305375125633,0.6003243769759599,-4.432280423530645,0.5086543398208889,-5.871544915304434,0.3959680578342001,-8.046796931280726,0.27428129409654467,-11.236076202824917,0.2572718187554521,-11.792155665555699
1153.2579654435701,83.33053529442293,0.023,0.08289584669744049,0.9324735354604612,-0.6072697011969374,0.8484080456374569,-1.427904432544149,0.7103381070718373,-2.970697727476907,0.5992499242465764,-4.447840243901888,0.507448685034811,-5.892157371072981,0.39468235616378383,-8.075045756456564,0.2730385315505726,-11.275521208710693,0.25604857236013784,-11.833552826026796
1157.3065555753533,83.62307277777727,0.023000000000000003,0.08260585325941125,0.9322446976019115,-0.609401562578576,0.847918558088035,-1.4329171876847602,0.7094857414500053,-2.981126562884385,0.5981736327538878,-4.463454688075517,0.5062416705172702,-5.912842188262398,0.3933963375953601,-8.103393751044848,0.271797066788795,-11.315104688958964,0.25482687845682134,-11.875095314031167
1161.3693585567746,83.91663723376384,0.023000000000000003,0.0823168743015694,0.9320151128476111,-0.6115409080038645,0.8474276360571101,-1.4379475404415203,0.708631411722318,-2.9915920094243127,0.5970955061431636,-4.4791239478120914,0.505033304819259,-5.933599620902365,0.3921100167629657,-8.131841263186526,0.2705569182617842,-11.354827129693382,0.25360675552551903,-11.916783639750989
1165.4464242830018,84.21123226763935,0.023000000000000003,0.08202890627497261,0.9317847789586049,-0.6136877637460443,0.8469352763400952,-1.4429955525920488,0.7077751169785209,-3.002094195622539,0.5960155481129158,-4.494848215545349,0.5038235965593508,-5.954429923914319,0.3908234083626527,-8.160388642244692,0.26931810442798776,-11.39468901874411,0.25238822204155703,-11.958618315159397
1169.537802824368,84.5068614973174,0.023,0.08174194564309334,0.931553693690628,-0.6158421561705901,0.8464414757323802,-1.4480612861308464,0.7069168563355998,-3.0126332504561293,0.5949337624151223,-4.510627684384591,0.5026125544237977,-5.975333353114644,0.3895365271522106,-8.189036238808926,0.26808064375285034,-11.434690845653927,0.2511712964746142,-12.000599854026902
1173.6435444269787,84.80352855341229,0.023,0.08145598888177613,0.9313218547941029,-0.6180041117355363,0.8459462310293958,-1.4531448032700438,0.706056628937989,-3.0232093033549203,0.5938501528554546,-4.526462548117035,0.5014001871666326,-5.996310165217771,0.38824938795088765,-8.217784404699561,0.2668445547079358,-11.474833101684144,0.24995599728776693,-12.042728771927608
1177.7636995133319,85.10123707928386,0.023,0.08117103247919397,0.9310892600141377,-0.6201736569917986,0.8454495390266767,-1.4582461664401747,0.7051944339577775,-3.033822484203122,0.5927647232935018,-4.542353001210199,0.5001865036097641,-6.0173606178393415,0.3869620056391039,-8.246633492972022,0.26560985577003915,-11.51511627982069,0.2487423429365241,-12.085005586245586
1181.8983186829364,85.39999073108216,0.023000000000000003,0.08088707293580527,0.9308559070905243,-0.6223508185835005,0.8449513965199253,-1.4633654382909345,0.7043302705949159,-3.0444729233409102,0.5916774776429954,-4.558299238814291,0.4989715126430706,-6.0384849694993745,0.38567439515815966,-8.275583857921148,0.26437656542029525,-11.555540874780139,0.247530351867859,-12.127430816181196
1186.047452712937,85.69979317779256,0.023,0.08060410676431069,0.9306217937577358,-0.6245356232483061,0.844451800305075,-1.4685026816919629,0.7034641380774245,-3.055160751566037,0.5905884198720313,-4.574301456764619,0.4977552232244897,-6.059683479625454,0.3843865715099362,-8.30463585508558,0.26314470214327895,-11.596107383015841,0.2463200425192337,-12.17000498275753
1190.211152558734,86.00064810128067,0.023000000000000003,0.08032213048961047,0.9303869177449255,-0.6267280978177383,0.8439507471783564,-1.4736579597336026,0.7025960356616021,-3.0658861001354247,0.5894975540032943,-4.590359851583979,0.49653764438010733,-6.080956408555897,0.38309854975659363,-8.333789841252093,0.26191428442610254,-11.636816302723961,0.24511143331762142,-12.212728608826747
1194.3894693546088,86.30255919633736,0.023,0.08004114064876189,0.9301512767759248,-0.6289282692175179,0.8434482339363618,-1.478831335727679,0.7017259626322362,-3.076649100766779,0.5884048841142804,-4.606474620485067,0.4953187852042433,-6.102304017542949,0.38181034502026184,-8.363046174459974,0.2606853307575063,-11.677668133849599,0.24390454267852235,-12.255602219076504
1198.5824544143534,86.60553017072438,0.023,0.07976113379093652,0.9299148685692414,-0.6311361644678882,0.8429442573761114,-1.4840228732082783,0.7008539183028115,-3.0874498856402113,0.5873104143375173,-4.622645961372913,0.49409865485953214,-6.123726568755998,0.3805219724827244,-8.392405214005436,0.2594578596269422,-11.718663378092955,0.2426993890049734,-12.29862634003642
1202.7901592318997,86.92067736465097,0.023002940875928524,0.07947194486304582,0.9296690230165211,-0.6334327936880497,0.842420345833875,-1.4894230554286572,0.6999479769284176,-3.0986847475009993,0.5861741185823676,-4.639467218634094,0.4928326773029308,-6.146010079297564,0.37918643387605777,-8.42294417552758,0.2581871895907465,-11.76130619631595,0.24145211907472916,-12.343379574299561
1207.0126354819547,87.28370891699736,0.023018207626281238,0.07914140410269553,0.9293859035510467,-0.636078379265288,0.8418172332711161,-1.495643756650812,0.6989058356148232,-3.1116266661355967,0.5848678954363753,-4.658844345429541,0.49137836341084346,-6.171679409628062,0.37765377856093185,-8.458123313473555,0.25673116155610787,-11.810428285277101,0.24002327816053107,-12.394932741899256
1211.2499350206333,87.69556638425308,0.02304591723599898,0.07876972079426033,0.9290648103371267,-0.6390797827747268,0.8411335278902863,-1.5027011108486819,0.6977254101094266,-3.1263092076277177,0.5833895158294341,-4.680827598160837,0.4897336471229259,-6.200801135570998,0.37592248820327606,-8.498033868247719,0.2550892445403884,-11.866157047736143,0.2384125003702343,-12.453419550826432
1215.502109886092,88.1542685955166,0.0230854187541343,0.07835985016990381,0.9287073264988401,-0.642422566470861,0.8403727113341984,-1.5105611698098633,0.6964130693745328,-3.142661744087186,0.5817473832849313,-4.705311230097392,0.487908339626275,-6.233235171974034,0.37400362118676694,-8.542483856855778,0.2532729328890149,-11.928224409877885,0.23663123316820917,-12.51855866014841
1219.769212299172,88.65782814326322,0.023136067791373737,0.0779147811721692,0.928315042040615,-0.6460922471589128,0.839538285503745,-1.519189878454742,0.6949752344830497,-3.1606134252909,0.5799499855100372,-4.732189161623391,0.4859123646421646,-6.26884099270405,0.37190838104704177,-8.591280691950953,0.25129388889170123,-11.996361454004685,0.23469109314875156,-12.590067843285848
1224.0512946640383,89.20425212901729,0.0231972266734876,0.07743751126337968,0.9278895526559886,-0.6500743016289023,0.8386337682304819,-1.5285530876139044,0.6934183651449454,-3.18009320526571,0.5780058700417959,-4.761355020038713,0.48375572290851365,-6.307477683372319,0.36964806513708853,-8.644231254092425,0.24916387363451087,-12.070298519433935,0.2326037945774841,-12.667664093903737
1228.348409568828,89.79154293349804,0.02326826459722559,0.07693102327129182,0.9274324585428839,-0.6543541722680695,0.8376626890413803,-1.5386165672249208,0.6917489466731216,-3.2010298697437993,0.575923620822147,-4.792702180666131,0.48144845815525134,-6.349003995790189,0.36723401569543185,-8.701141966375411,0.24689468151056063,-12.149765306707131,0.2303810817864781,-12.75106373527779
1232.660609786287,90.41769901176907,0.023348557788689578,0.07639826443806096,0.9269453632258902,-0.6589172728555175,0.8366285850203772,-1.5493460199575675,0.6899734774136531,-3.2233520645094216,0.5737118357614633,-4.826123809293112,0.47900062467794724,-6.393278404192721,0.3646775735060384,-8.761818871484174,0.2444980787081344,-12.23449098518217,0.22803466576323153,-12.839982533211565
1236.9879482744288,91.08071571393748,0.023437489664215962,0.07584212777464032,0.9264298723859624,-0.6637489945430332,0.8355349967708117,-1.560707095276862,0.6880984566620475,-3.24698832465646,0.5713791053413511,-4.861512905977351,0.4764222565979581,-6.4401591632688895,0.3619900343045826,-8.826067711220873,0.241985745929077,-12.324204304082805,0.22557616520187615,-12.934135812581811
1241.3304781771762,91.77858613194947,0.023534450993799187,0.07526543576353315,0.9258875926978832,-0.6688347120261019,0.8343854644823198,-1.5726654039532666,0.6861303730839617,-3.2718671047763364,0.5689339922988391,-4.898762350245233,0.47372333888068896,-6.489504368037044,0.35918260805249125,-8.893694008563301,0.23936922552683135,-12.418633707079245,0.22301705221589363,-13.033238577589717
1245.6882528250178,92.50930197304832,0.023638840067089655,0.07467092640040289,0.9253201306757539,-0.6741597899092113,0.8331835241052069,-1.5851865330297663,0.6840756936556044,-3.2979168100964102,0.5663850124256293,-4.93776494771341,0.4709137801673793,-6.5411720156055875,0.35626638116819065,-8.964503152306266,0.23665987319293846,-12.51750745047643,0.22036860284586143,-13.13700563579841
1250.061325735662,93.27085446046496,0.02375006286199878,0.07406124152009512,0.9247290915267071,-0.6797095892696169,0.8319327036347969,-1.598236061255586,0.6819408531359493,-3.3250658285892083,0.5637406165079398,-4.978413478163953,0.4680033874603266,-6.595020068859259,0.35325228177458323,-9.038300484341935,0.23386881426394446,-12.620553725087213,0.21764185243408904,-13.245151726037674
1254.4497506146965,94.06123526192461,0.02386753321594483,0.07343891731537096,0.9241160780129535,-0.6854694744238211,0.8306365195077174,-1.6117795749965516,0.6797322440798427,-3.353242564073286,0.5610091734246209,-5.020600745104201,0.46500184268665984,-6.650906522112208,0.35015104799311836,-9.114891389635671,0.23100690466783147,-12.72750078186932,0.2148475558808786,-13.357391650258778
1258.8535813562469,94.87843744656185,0.02399067299977312,0.07280637692703124,0.9234826893221996,-0.6914248199010673,0.8292984731115592,-1.6257826846322387,0.677456207398144,-3.3823754703268403,0.558198954413725,-5.06421962684295,0.4619186811517969,-6.70868946876981,0.34697319928810477,-9.194081388954727,0.22808469648071258,-12.838077061406297,0.21199615274498515,-13.473440409423494
1263.2728720436344,95.72045647084816,0.024118912294384925,0.07216592496177561,0.9228305199463888,-0.6975610176282732,0.8279220474088179,-1.6402110414502626,0.6751190234681997,-3.4123930862356042,0.5553181185105915,-5.1091631291151876,0.4587632718806012,-6.76822717104189,0.3437290108402429,-9.275676234408383,0.22511240802082677,-12.952011327314146,0.20909773710390575,-13.5930133435131
1267.7076769500457,96.58529119414895,0.02425168957011003,0.07151974377854961,0.9221611585686377,-0.7038634843308811,0.8265107036755078,-1.6550303550482872,0.6727269037952057,-3.4432240719970126,0.5523746991537729,-5.155324439288345,0.45554479983204194,-6.82937813175098,0.34042849090584343,-9.35948200785928,0.22209989836799537,-13.069032803657166,0.20616203204805247,-13.715826275745002
1272.1580505391948,97.4709449245332,0.024388451868857464,0.07086989137460872,0.9214761869581589,-0.7103176691541764,0.8250678783543328,-1.6702064112544162,0.6702859832224172,-3.474797246402864,0.5493765919488466,-5.202596982183296,0.4522722499619332,-6.892001168279716,0.3370813610979178,-9.445305222266352,0.219056646162741,-13.188871316457284,0.20319836864674085,-13.841595661085446
1276.6240474659974,98.37542649547629,0.02452865498908046,0.07021830069829262,0.920777178872873,-0.7169090615097409,0.8235969800217832,-1.6857050905769597,0.6678023126856515,-3.507041625223328,0.5463315435742674,-5.25087447754432,0.4489543930980243,-6.9559554887026245,0.33369703950724217,-9.532952926021423,0.21599173251013515,-13.311257439383574,0.2002156691931496,-13.970038739149281
1281.105722577239,99.29675137410248,0.024671763673591036,0.06956678021576991,0.9200656989693325,-0.7236231991517452,0.8221013864680405,-1.701492387194644,0.6652818525051853,-3.5398864607152944,0.5432471418080074,-5.300050999192514,0.44559977358244107,-7.021100770148014,0.330284626565682,-9.622232810342124,0.21291382778911142,-13.435922643709432,0.1972224345099303,-14.100873691578604
1285.603130912246,100.23294280162807,0.024817251800260627,0.06891701556297053,0.9193433017194907,-0.7304456764879093,0.8205844418880803,-1.7175344284985972,0.6627304662058989,-3.57326128227869,0.5401308066487425,-5.350021035897928,0.44221669862814794,-7.087297239436739,0.3268528935404145,-9.71295331978517,0.20983118214823043,-13.562599452626852,0.19422673507670682,-14.233819803994122
1290.1163277035644,101.18203296668084,0.024964602575643962,0.06827057212081175,0.9186115303337608,-0.7373621531300446,0.8190494541818775,-1.7337974951976727,0.6601539148544132,-3.6070959382848136,0.5369897825008002,-5.400679554006546,0.4388132293287476,-7.15440575604557,0.323410273536168,-9.80492376594546,0.2067516194535178,-13.691021600009211,0.1912362057250772,-14.368597632615199
1294.6453683776379,102.14206421217683,0.025113308731562783,0.06762889836094219,0.9178719156897265,-0.7443583626891488,0.8174996923611596,-1.7502480419988093,0.6575578519000169,-3.64132063910097,0.5338311313880204,-5.451922061858358,0.43539717325455907,-7.222287897443361,0.3199648548731731,-9.897954444407057,0.20368253444279813,-13.820924193714731,0.18825804363564566,-14.5049291756453
1299.1903085554916,103.11109027645477,0.025262872724687514,0.06699332981992054,0.9171259752657748,-0.751420121820144,0.8159383840596872,-1.7668527188743923,0.6549478185043208,-3.6758660013363786,0.5306617271579928,-5.5036446760340265,0.43197607856241255,-7.290806046849503,0.31652437670100425,-9.991856755013803,0.20063089283353744,-13.952043883525374,0.18529900936465146,-14.642538049522262
1303.7512040534066,104.08717756937313,0.02541280693915429,0.06636509357147458,0.9163752120788318,-0.7585333395214147,0.814368713143595,-1.783578392928731,0.6523292393428938,-3.7106630933344875,0.5274882506349351,-5.555744189467657,0.42855722954202946,-7.359823483464536,0.3130962267028693,-10.086443325527998,0.19760323412736594,-14.084119033816533,0.18236543062465843,-14.78114967013351
1308.3281108836165,105.06840648409984,0.02556263389225697,0.06574531307874644,0.9156211136252909,-0.7656840266944489,0.8127938174178784,-1.8003921708761355,0.6497074188605274,-3.745643481937708,0.5243171856766038,-5.608118141464745,0.4251476435180617,-7.429204475224514,0.3096874407409386,-10.181528138747801,0.19460567685372948,-14.216889901056382,0.1794632085440223,-14.92049143909993
1312.9210852549857,106.05287274532071,0.025711886443251775,0.0651350133208619,0.9148651508241397,-0.7728583059688796,0.8112167864247012,-1.817261422143042,0.6470875379603682,-3.780739280550467,0.5211548160882541,-5.660664889663959,0.4217540690239602,-7.498814374130484,0.3063047042910306,-10.276926663153755,0.19164392599732577,-14.35009881623299,0.17659782613323516,-15.060292935231418
1317.5301835737046,107.03868879462317,0.025860108005315147,0.0645351261003968,0.9141087769611892,-0.7800424217984483,0.809640659328759,-1.8341538026071615,0.6444746511057825,-3.8158831985275437,0.5180072233445434,-5.713283683983229,0.4183829851615653,-7.568519714206564,0.3029543555140205,-10.372455987157743,0.18872328235856867,-14.483490372311728,0.17377435869215926,-15.20028611126165
1322.1554624439802,108.02398521381178,0.02600685276069403,0.06394649545015046,0.9133534266332304,-0.7872227508333819,0.8080684228845437,-1.8510372789865994,0.6418736838126438,-3.8510085919146504,0.5148802850686103,-5.765874742590443,0.41504060205883025,-7.638188312140107,0.29964238981181074,-10.467934957027667,0.18584865360315547,-14.616811616825219,0.17099748590042999,-15.340205495969407
1326.796978668735,109.0069121869343,0.026151685879089316,0.06336988306884735,0.9126005146908395,-0.7943858125748857,0.8065030094799485,-1.8678801538922976,0.6392894305086082,-3.886049515569034,0.5117796742161415,-5.818339329940376,0.41173286233715567,-7.707689370659025,0.2963744657172512,-10.56318431856334,0.18302456676538048,-14.749812249701248,0.16827150534338495,-15.479788401797093
1331.4547892503022,109.98564100180505,0.026294183739313085,0.06280597372586817,0.911851435178472,-0.8015182803174649,0.804947295250269,-1.8846510915572832,0.6367265527349669,-3.9209407766881417,0.5087108589111873,-5.870579836919814,0.40846544349950714,-7.776893584701893,0.2931559119700169,-10.65802686259981,0.1802551819799345,-14.8822448264351,0.16560034723752118,-15.618775138078178
1336.1289513911227,110.95836559182924,0.0264339341542609,0.06225538058475882,0.9111075602703869,-0.8086069923849419,0.8034040982562832,-1.901319144256487,0.6341895776657617,-3.9556179897749875,0.5056791028796666,-5.922499863143766,0.40524376115066213,-7.845673250437686,0.28999173563391667,-10.752287574415991,0.17754430722817938,-15.013864966715012,0.16298759013228398,-15.756909229987661
1340.8195224944518,111.9233041189485,0.026570536599241457,0.06171865040403736,0.9103702392008505,-0.8156389636661385,0.8018761767197162,-1.917853779431192,0.6316828969180418,-3.9900176330694914,0.5026894664259518,-5.974004301446586,0.40207297296155964,-7.913902377193079,0.28688663111530627,-10.84579378712812,0.17489541389701976,-15.144431568611825,0.16043647737866298,-15.89393764333206
1345.5265601650613,112.87870059853589,0.026703602443705322,0.06119626858170739,0.9096407971869818,-0.8226013974562701,0.8003662273090523,-1.934224907532312,0.6292107656264468,-4.02407710647527,0.49974680789762255,-6.024999424612144,0.3989579832907755,-7.981456802345978,0.2838449899471162,-10.938375339148244,0.17231165296127843,-15.273707028444809,0.1579499341693438,-16.029611015296517
1350.250122209953,113.82282656709089,0.026832755186416066,0.06068866401688312,0.908920534342503,-0.829481697610241,0.7988768834683002,-1.9504029105970537,0.6267773017546354,-4.057734791012261,0.496855785583326,-6.0753929743885235,0.3959034483774855,-8.048214309245312,0.28087091120826163,-11.029864735790234,0.16979587161359186,-15.401457466438801,0.15553058496970695,-16.163683891269834
1354.990266639058,114.75398279359098,0.026957630694106498,0.06019621376808488,0.9082107245805753,-0.8362674810140857,0.7974107137809896,-1.9663586715736612,0.6243864856155491,-4.0909301098256625,0.49402085998876744,-6.1250942528328975,0.3929137820219427,-8.11405474821775,0.27796821245387515,-11.120097315106221,0.16735063017915353,-15.527452958288563,0.15318077117363024,-16.295914967869077
1359.7470516659614,115.67050103538432,0.027077877443664636,0.05971924749309257,0.907512614503797,-0.8429465903810052,0.7959702203613296,-1.9820636044093907,0.6220421595719559,-4.123603590782754,0.49124629643600964,-6.174014216033848,0.3899931616713188,-8.178860160723806,0.27514044103763546,-11.20891141803931,0.16497821916583352,-15.651467772750014,0.15090256883251552,-16.426067342289315
1364.520535708606,116.57074583950794,0.027193156767892926,0.0592580516598271,0.9068274222793646,-0.8495071073784379,0.794557837264167,-1.9974896849168675,0.6197480278883233,-4.155696930689115,0.4885361679316325,-6.222065570258289,0.3871455348308329,-8.242514906725924,0.27239088571353093,-11.296148562978148,0.1626806763132545,-15.773280615378024,0.14869780632017834,-16.553908768104158
1369.3107773900172,117.45311639034631,0.02730314310488623,0.05881287352159094,0.9061563364972928,-0.8559373660928383,0.7931759289050425,-2.0126094824345113,0.6175076567046313,-4.187153061156856,0.4858943582496766,-6.2691628705718685,0.38437462572219416,-8.304905795333212,0.2697225884103961,-11.381653624802064,0.16045980351699343,-15.892674878534589,0.14656808180989386,-16.679211917646928
1374.1178355390182,118.31604840455049,0.027407524251073546,0.058383924853227784,0.9055005150095121,-0.8622259668388614,0.7918267884813629,-2.027396192296783,0.6153244741024136,-4.217916216157674,0.48332456517582156,-6.315222621981933,0.3816839421136321,-8.365922218787873,0.2671383560785888,-11.465275018505942,0.15831718351622673,-16.009438897791835,0.14451478045299143,-16.801754651103224
1378.9417691909578,119.15801607416084,0.027506001617969667,0.057971385447395586,0.9048610837475661,-0.8683617903198372,0.790512636385395,-2.041823669130427,0.6132017702329824,-4.247932001294338,0.4808303038597748,-6.360163383153401,0.37907678224800945,-8.425456289860039,0.26464077251401513,-11.54686488749621,0.15625419624461,-16.123366214857512,0.14253909116071753,-16.921320292448712
1383.7826375884326,119.97753405888821,0.02759829049268295,0.057575406372259864,0.904239135516549,-0.8743340121464765,0.7892356185995154,-2.055866460993066,0.6111426974775122,-4.2771474648246555,0.4784149102234337,-6.403905872748517,0.3765562417977511,-8.483402982718514,0.26223221007037956,-11.626279296650441,0.1542720347549752,-16.234255847152145,0.14064202290261493,-17.037697912367825
1388.6405001820117,120.7731595285284,0.02768412030222641,0.057196112993553205,0.9036357287628343,-0.8801321177209329,0.7879978050638612,-2.069499844370844,0.6091502706083898,-4.3055111704726725,0.47608154437295985,-6.446373078442512,0.37412522077748245,-8.539660277346353,0.25991484117591046,-11.703378430235112,0.15237172063840235,-16.34191256416976,0.1388244204452807,-17.1506826182917
1393.51541663097,121.54349425650193,0.027763234881679682,0.05683360776516929,0.9030518863130645,-0.8857459174934325,0.7868011880062618,-2.082699860052126,0.6072273669209861,-4.332973272062469,0.4738331939634807,-6.487490368668118,0.37178643034735037,-8.594129307571418,0.2576906495758703,-11.778026794777542,0.15055411886736106,-16.446147170756444,0.13708697946503895,-17.260075851696357
1398.4074468040199,122.28718676552566,0.02783539274624988,0.056487972793315765,0.9024885940817897,-0.8911655625988141,0.7856476802240709,-2.0954433498945093,0.6053767263047805,-4.359485590010417,0.47167267746568875,-6.527185607142668,0.3695423994419664,-8.646714512783092,0.25556144122684865,-11.850093426989641,0.14881995200086073,-16.546776797442856,0.13543026097675184,-17.365685692803925
1403.3166507800493,123.0029345264436,0.027900367367280122,0.05615927217977945,0.9019467997450606,-0.8963815608804682,0.7845391133072696,-2.107707994502723,0.603600951222531,-4.385001689712562,0.4696026472841128,-6.56538927023262,0.36739548116171283,-8.69732379340779,0.2535288547730914,-11.919452106842988,0.1471698136968572,-16.64362519796978,0.13385470502865385,-17.467327172832913
1408.2430888488568,123.68948621125881,0.02795794745225481,0.055847554150106574,0.9014274113772114,-0.9013847933092647,0.7834772357919655,-2.119472351835298,0.6019025065659748,-4.409476961864238,0.4676255926772992,-6.602034567211099,0.3653478588648002,-8.745868670216918,0.25159437153894726,-11.985981575896165,0.14560418148353907,-16.736523054147693,0.13236064361974043,-17.564822593945397
1413.1868215118907,124.34564400143014,0.028007937228851625,0.05555285297249889,0.9009312960479869,-0.9061665308052201,0.7824637112331896,-2.1307158967582196,0.6002837193563106,-4.432868704749859,0.46574384243052225,-6.63705756346526,0.3634015518998947,-8.79226444754254,0.24975932497483508,-12.049565760977519,0.14412342874652354,-16.825308288194222,0.13094831280184277,-17.65800185704226
1418.1479094829938,124.97026595251421,0.028050156733090668,0.055275190673011156,0.900459278377104,-0.9107184514697835,0.7815001161856664,-2.1414190615640867,0.5987467782575076,-4.455136208541376,0.4639595672319676,-6.670397306711121,0.36155842092037965,-8.836430380477095,0.2480249094969828,-12.110094003327937,0.14272783589345314,-16.90982638269572,0.12961786393310815,-17.746702797559845
1423.1264136891482,125.56226841625107,0.02808444210163157,0.05501457855223083,0.900012139043269,-0.9150326582367406,0.7805879380810399,-2.1515632774755797,0.5972937328702614,-4.4762408416445965,0.46227478170357306,-6.701995956274508,0.35982017272232636,-8.878289846134864,0.2463921886635153,-12.167461293310176,0.1414176006609976,-16.989930708341646,0.1283693740531773,-17.83077152942406
1428.1223952712287,126.12062852121349,0.02811064586827041,0.054771018508048844,0.8995906132446135,-0.9191016969498942,0.7797285729898384,-2.161131017152454,0.5959264927742064,-4.496146139133268,0.4606913460378615,-6.731798915497876,0.35818836454902864,-8.91777051905438,0.24486210263126884,-12.22156851079319,0.14019284753183542,-17.065482859583174,0.1272028553529278,-17.910062797320915
1433.1359155847433,126.64438671315469,0.028128637264688332,0.054544504168415865,0.8991953891074541,-0.9229185748758051,0.7789233232563021,-2.1701058382214873,0.5946468262857831,-4.51481789331137,0.45921096719218435,-6.759754967333597,0.356664407805521,-8.954804550821997,0.24343547483900302,-12.272322671321511,0.1390536362308615,-17.136352998369674,0.12611826371327362,-17.984440337444738
1438.1670362005984,127.132649356217,0.028138302525504907,0.054335021837129176,0.8988271060402309,-0.9264767796600468,0.7781733949940294,-2.1784724278493,0.5934563588989411,-4.532224246445095,0.45783519959176583,-6.78581641318575,0.35524957112679384,-8.989328753998835,0.24211301786342884,-12.319637178182246,0.13799996927062166,-17.202420206120333,0.12511550628817603,-18.053777246889023
1443.2158189058453,127.58459139617395,0.02813954519768955,0.054142551254737874,0.8984863530294388,-0.9297702987355366,0.7774798954302871,-2.1862166483781555,0.592356571375688,-4.548335785706276,0.4565654452928808,-6.809939215062989,0.35394498274354574,-9.021284790433995,0.24089533839475483,-12.363432080483358,0.1370317985159116,-17.263572844089566,0.12419444810681964,-18.11795636184655
1448.2823257044433,127.99945908690792,0.02813228645438508,0.05396706617558416,0.8981736668743283,-0.9327936391916873,0.7768438300867083,-2.1933255840453194,0.5913487974532996,-4.5631256403701475,0.4554029535573229,-6.8320831411066845,0.35275163208916127,-9.050619364049075,0.2397829412781985,-12.403634337359735,0.13614903073654866,-17.3197089222889,0.12335491766880662,-18.176870644789368
1453.366618818021,128.37657278134,0.02811646541319803,0.053808534760839195,0.8978895303571246,-0.9355418481132539,0.7762660997840402,-2.1997875888068408,0.5904342211348816,-4.576569581310782,0.4543488197891363,-6.852211914559239,0.35167037059130807,-9.07728441817995,0.23877623256723363,-12.44017808842489,0.1353515321156475,-17.370736477129874,0.1225967115043357,-18.230423580801517
1458.4687606866416,128.71532978805257,0.02809203945901106,0.053666919786141264,0.8976343703454969,-0.9380105333979196,0.7757474974585528,-2.205592335287002,0.5896138735298575,-4.588646122838475,0.45340398378433716,-6.870293366238821,0.35070191159104347,-9.101237337563607,0.23787552153320762,-12.47300493058856,0.1346391316782977,-17.41657395795598,0.12191959766866071,-18.27852958324055
1463.5888139695694,129.0152072948657,0.028058984571373412,0.05354217866111229,0.8974085558240018,-0.9401958850618052,0.7752887047777227,-2.2107308648750554,0.5888886292109183,-4.599336626923965,0.45256922724410414,-6.886299590587815,0.34984682933169087,-9.122441155059134,0.23708102157444993,-12.502064201362382,0.13401162360243626,-17.457150622634057,0.1213233181367433,-18.321114408907068
1468.7268415460346,129.27576536065,0.02801729565652605,0.053434263256620984,0.8972123958512295,-0.9420946970422419,0.7748902885428404,-2.2151956389912186,0.5882592020539859,-4.608625409855295,0.45184517050168443,-6.90020710536345,0.3491055569590065,-9.140864763193647,0.23639284996613327,-12.527313268777924,0.13346876836997706,-17.492406942378935,0.12080759005998552,-18.358115582904237
1473.8829065160114,129.49664997668242,0.02796698688411865,0.05334311953418076,0.8970461374393925,-0.9437043895073518,0.7745526968662779,-2.218980591544315,0.5877261405278547,-4.616499851373804,0.451232268413069,-6.911997015040336,0.348478383473355,-9.15648313062539,0.23581102639000867,-12.54871782804371,0.13301029271197834,-17.52229501598786,0.12037210584231076,-18.389482833373
1479.0570722009886,129.67759619887056,0.027908092028676532,0.053268686970327266,0.8969099633531374,-0.9450230316820687,0.7742762551113018,-2.222081182603782,0.5872898224004033,-4.622950506336605,0.4507308053614035,-6.9216551779956905,0.3479654495738139,-9.169277523617907,0.23533547018079878,-12.566252205069667,0.13263588829688452,-17.54677899366435,0.1200165319877569,-18.415178536291116
1484.2494021447528,129.8184313521975,0.027840664815875882,0.053210897767216055,0.896803989824395,-0.9460493652004688,0.7740611615825163,-2.224494453309209,0.5869504488286273,-4.627971218953643,0.4503408893251307,-6.929172377549376,0.34756674233338314,-9.17923573262076,0.23496599622356257,-12.579899666990011,0.1323452091057529,-17.565835510614104,0.11974050666622277,-18.435178170528047
1489.4599601141654,129.91907830875925,0.0277647792736868,0.053169675839028874,0.896728264180156,-0.9467828279944089,0.7739074829553052,-2.2262190820409087,0.5867080378002753,-4.631559239648325,0.4500624449600928,-6.934544496932023,0.34728208864387733,-9.186352304053862,0.23470230943386974,-12.589652739817549,0.1321378674329942,-17.579454130598897,0.11954363593820137,-18.449470783350517
1494.6888100999417,129.97955884079326,0.027680530088444153,0.053144935562084564,0.8966827623801368,-0.9472235787286604,0.7738151494329933,-2.227255441875498,0.5865624168955935,-4.633715344591552,0.44989520564629176,-6.937772698255861,0.3471111473686979,-9.190628777394295,0.23454399775023632,-12.595513533364883,0.13201342844563851,-17.587637799637548,0.11942548857335275,-18.458059466577403
1499.936016317444,129.99999705011797,0.02758803296590654,0.05313658027483677,0.896667386461405,-0.9473725217928776,0.7737839496208962,-2.2276056593508198,0.5865132153386622,-4.634443957959752,0.44983870445081514,-6.938863605564047,0.34705340014164643,-9.192073927666026,0.23449052356613953,-12.59749407357015,0.13197140322865125,-17.590403310046128,0.11938558939178329,-18.46096184358553
1505.2016432074638,130.0,0.027491522740909796,0.05313657906909336,0.8966673842421912,-0.9473725432900868,0.7737839451178643,-2.2276057098983126,0.5865132082376144,-4.634444063121776,0.44983869629641227,-6.938863763016582,0.34705339180758293,-9.192074136247058,0.23449051584899824,-12.597494359424937,0.1319713971640449,-17.590403709197012,0.11938558363402778,-18.46096226249061
1510.4857554370217,130.0,0.02739534951252846,0.05313657906909336,0.8966673842421912,-0.9473725432900868,0.7737839451178643,-2.2276057098983126,0.5865132082376144,-4.634444063121776,0.44983869629641227,-6.938863763016582,0.34705339180758293,-9.192074136247058,0.23449051584899824,-12.597494359424937,0.1319713971640449,-17.590403709197012,0.11938558363402778,-18.46096226249061
1515.7884179001503,130.0,0.027299512725672926,0.05313657906909336,0.8966673842421912,-0.9473725432900868,0.7737839451178643,-2.2276057098983126,0.5865132082376144,-4.634444063121776,0.44983869629641227,-6.938863763016582,0.34705339180758293,-9.192074136247058,0.23449051584899824,-12.597494359424937,0.1319713971640449,-17.590403709197012,0.11938558363402778,-18.46096226249061
1521.1096957187026,130.0,0.027204011203374255,0.05313657906909336,0.8966673842421912,-0.9473725432900868,0.7737839451178643,-2.2276057098983126,0.5865132082376144,-4.634444063121776,0.44983869629641227,-6.938863763016582,0.34705339180758293,-9.192074136247058,0.23449051584899824,-12.597494359424937,0.1319713971640449,-17.590403709197012,0.11938558363402778,-18.46096226249061
1526.4496542431425,130.0,0.027108843772780913,0.05313657906909336,0.8966673842421912,-0.9473725432900868,0.7737839451178643,-2.2276057098983126,0.5865132082376144,-4.634444063121776,0.44983869629641227,-6.938863763016582,0.34705339180758293,-9.192074136247058,0.23449051584899824,-12.597494359424937,0.1319713971640449,-17.590403709197012,0.11938558363402778,-18.46096226249061
1531.8083590533518,130.0,0.027014009265144336,0.05313657906909336,0.8966673842421912,-0.9473725432900868,0.7737839451178643,-2.2276057098983126,0.5865132082376144,-4.634444063121776,0.44983869629641227,-6.938863763016582,0.34705339180758293,-9.192074136247058,0.23449051584899824,-12.597494359424937,0.1319713971640449,-17.590403709197012,0.11938558363402778,-18.46096226249061
1537.1858759594338,130.0,0.026919506515804603,0.05313657906909336,0.8966673842421912,-0.9473725432900868,0.7737839451178643,-2.2276057098983126,0.5865132082376144,-4.634444063121776,0.44983869629641227,-6.938863763016582,0.34705339180758293,-9.192074136247058,0.23449051584899824,-12.597494359424937,0.1319713971640449,-17.590403709197012,0.11938558363402778,-18.46096226249061
1542.5822710025257,130.0,0.026825334364176053,0.05313657906909336,0.8966673842421912,-0.9473725432900868,0.7737839451178643,-2.2276057098983126,0.5865132082376144,-4.634444063121776,0.44983869629641227,-6.938863763016582,0.34705339180758293,-9.192074136247058,0.23449051584899824,-12.597494359424937,0.1319713971640449,-17.590403709197012,0.11938558363402778,-18.46096226249061
1547.9976104556067,130.0,0.026731491653733074,0.05313657906909336,0.8966673842421912,-0.9473725432900868,0.7737839451178643,-2.2276057098983126,0.5865132082376144,-4.634444063121776,0.44983869629641227,-6.938863763016582,0.34705339180758293,-9.192074136247058,0.23449051584899824,-12.597494359424937,0.1319713971640449,-17.590403709197012,0.11938558363402778,-18.46096226249061
1553.4319608243086,130.0,0.026637977231995968,0.05313657906909336,0.8966673842421912,-0.9473725432900868,0.7737839451178643,-2.2276057098983126,0.5865132082376144,-4.634444063121776,0.44983869629641227,-6.938863763016582,0.34705339180758293,-9.192074136247058,0.23449051584899824,-12.597494359424937,0.1319713971640449,-17.590403709197012,0.11938558363402778,-18.46096226249061
1558.885388847737,130.0,0.026544789950516737,0.05313657906909336,0.8966673842421912,-0.9473725432900868,0.7737839451178643,-2.2276057098983126,0.5865132082376144,-4.634444063121776,0.44983869629641227,-6.938863763016582,0.34705339180758293,-9.192074136247058,0.23449051584899824,-12.597494359424937,0.1319713971640449,-17.590403709197012,0.11938558363402778,-18.46096226249061
1564.3579614992882,130.0,0.026451928664864992,0.05313657906909336,0.8966673842421912,-0.9473725432900868,0.7737839451178643,-2.2276057098983126,0.5865132082376144,-4.634444063121776,0.44983869629641227,-6.938863763016582,0.34705339180758293,-9.192074136247058,0.23449051584899824,-12.597494359424937,0.1319713971640449,-17.590403709197012,0.11938558363402778,-18.46096226249061
1569.8497459874782,130.0,0.026359392234613806,0.05313657906909336,0.8966673842421912,-0.9473725432900868,0.7737839451178643,-2.2276057098983126,0.5865132082376144,-4.634444063121776,0.44983869629641227,-6.938863763016582,0.34705339180758293,-9.192074136247058,0.23449051584899824,-12.597494359424937,0.1319713971640449,-17.590403709197012,0.11938558363402778,-18.46096226249061
1575.3608097567562,130.0,0.02626717952332591,0.05313657906909336,0.8966673842421912,-0.9473725432900868,0.7737839451178643,-2.2276057098983126,0.5865132082376144,-4.634444063121776,0.44983869629641227,-6.938863763016582,0.34705339180758293,-9.192074136247058,0.23449051584899824,-12.597494359424937,0.1319713971640449,-17.590403709197012,0.11938558363402778,-18.46096226249061
1580.8912204883466,130.0,0.026175289398539497,0.05313657906909336,0.8966673842421912,-0.9473725432900868,0.7737839451178643,-2.2276057098983126,0.5865132082376144,-4.634444063121776,0.44983869629641227,-6.938863763016582,0.34705339180758293,-9.192074136247058,0.23449051584899824,-12.597494359424937,0.1319713971640449,-17.590403709197012,0.11938558363402778,-18.46096226249061
1586.4410461010682,130.0,0.026083720731754537,0.05313657906909336,0.8966673842421912,-0.9473725432900868,0.7737839451178643,-2.2276057098983126,0.5865132082376144,-4.634444063121776,0.44983869629641227,-6.938863763016582,0.34705339180758293,-9.192074136247058,0.23449051584899824,-12.597494359424937,0.1319713971640449,-17.590403709197012,0.11938558363402778,-18.46096226249061
1592.0103547521749,130.0,0.025992472398418776,0.05313657906909336,0.8966673842421912,-0.9473725432900868,0.7737839451178643,-2.2276057098983126,0.5865132082376144,-4.634444063121776,0.44983869629641227,-6.938863763016582,0.34705339180758293,-9.192074136247058,0.23449051584899824,-12.597494359424937,0.1319713971640449,-17.590403709197012,0.11938558363402778,-18.46096226249061
1597.59921483819,130.0,0.025901543277913993,0.05313657906909336,0.8966673842421912,-0.9473725432900868,0.7737839451178643,-2.2276057098983126,0.5865132082376144,-4.634444063121776,0.44983869629641227,-6.938863763016582,0.34705339180758293,-9.192074136247058,0.23449051584899824,-12.597494359424937,0.1319713971640449,-17.590403709197012,0.11938558363402778,-18.46096226249061
1603.2076949957502,130.0,0.02581093225354216,0.05313657906909336,0.8966673842421912,-0.9473725432900868,0.7737839451178643,-2.2276057098983126,0.5865132082376144,-4.634444063121776,0.44983869629641227,-6.938863763016582,0.34705339180758293,-9.192074136247058,0.23449051584899824,-12.597494359424937,0.1319713971640449,-17.590403709197012,0.11938558363402778,-18.46096226249061
1608.8358641024463,130.0,0.02572063821251178,0.05313657906909336,0.8966673842421912,-0.9473725432900868,0.7737839451178643,-2.2276057098983126,0.5865132082376144,-4.634444063121776,0.44983869629641227,-6.938863763016582,0.34705339180758293,-9.192074136247058,0.23449051584899824,-12.597494359424937,0.1319713971640449,-17.590403709197012,0.11938558363402778,-18.46096226249061
1614.483791277665,130.0,0.02563066004592427,0.05313657906909336,0.8966673842421912,-0.9473725432900868,0.7737839451178643,-2.2276057098983126,0.5865132082376144,-4.634444063121776,0.44983869629641227,-6.938863763016582,0.34705339180758293,-9.192074136247058,0.23449051584899824,-12.597494359424937,0.1319713971640449,-17.590403709197012,0.11938558363402778,-18.46096226249061
1620.1515458834429,130.0,0.02554099664876027,0.05313657906909336,0.8966673842421912,-0.9473725432900868,0.7737839451178643,-2.2276057098983126,0.5865132082376144,-4.634444063121776,0.44983869629641227,-6.938863763016582,0.34705339180758293,-9.192074136247058,0.23449051584899824,-12.597494359424937,0.1319713971640449,-17.590403709197012,0.11938558363402778,-18.46096226249061
1625.839197525315,130.0,0.02545164691986612,0.05313657906909336,0.8966673842421912,-0.9473725432900868,0.7737839451178643,-2.2276057098983126,0.5865132082376144,-4.634444063121776,0.44983869629641227,-6.938863763016582,0.34705339180758293,-9.192074136247058,0.23449051584899824,-12.597494359424937,0.1319713971640449,-17.590403709197012,0.11938558363402778,-18.46096226249061
1631.5468160531746,130.0,0.025362609761940255,0.05313657906909336,0.8966673842421912,-0.9473725432900868,0.7737839451178643,-2.2276057098983126,0.5865132082376144,-4.634444063121776,0.44983869629641227,-6.938863763016582,0.34705339180758293,-9.192074136247058,0.23449051584899824,-12.597494359424937,0.1319713971640449,-17.590403709197012,0.11938558363402778,-18.46096226249061
1637.2744715621282,130.0,0.025273884081519784,0.05313657906909336,0.8966673842421912,-0.9473725432900868,0.7737839451178643,-2.2276057098983126,0.5865132082376144,-4.634444063121776,0.44983869629641227,-6.938863763016582,0.34705339180758293,-9.192074136247058,0.23449051584899824,-12.597494359424937,0.1319713971640449,-17.590403709197012,0.11938558363402778,-18.46096226249061
1643.0222343933517,130.0,0.025185468788967127,0.05313657906909336,0.8966673842421912,-0.9473725432900868,0.7737839451178643,-2.2276057098983126,0.5865132082376144,-4.634444063121776,0.44983869629641227,-6.938863763016582,0.34705339180758293,-9.192074136247058,0.23449051584899824,-12.597494359424937,0.1319713971640449,-17.590403709197012,0.11938558363402778,-18.46096226249061
1648.790175134961,130.0,0.025097362798456528,0.05313657906909336,0.8966673842421912,-0.9473725432900868,0.7737839451178643,-2.2276057098983126,0.5865132082376144,-4.634444063121776,0.44983869629641227,-6.938863763016582,0.34705339180758293,-9.192074136247058,0.23449051584899824,-12.597494359424937,0.1319713971640449,-17.590403709197012,0.11938558363402778,-18.46096226249061
1654.5783646228742,130.0,0.02500956502796079,0.05313657906909336,0.8966673842421912,-0.9473725432900868,0.7737839451178643,-2.2276057098983126,0.5865132082376144,-4.634444063121776,0.44983869629641227,-6.938863763016582,0.34705339180758293,-9.192074136247058,0.23449051584899824,-12.597494359424937,0.1319713971640449,-17.590403709197012,0.11938558363402778,-18.46096226249061
1660.386873941689,130.0,0.024922074399237885,0.05313657906909336,0.8966673842421912,-0.9473725432900868,0.7737839451178643,-2.2276057098983126,0.5865132082376144,-4.634444063121776,0.44983869629641227,-6.938863763016582,0.34705339180758293,-9.192074136247058,0.23449051584899824,-12.597494359424937,0.1319713971640449,-17.590403709197012,0.11938558363402778,-18.46096226249061
1666.2157744255433,130.0,0.024834889837817887,0.05313657906909336,0.8966673842421912,-0.9473725432900868,0.7737839451178643,-2.2276057098983126,0.5865132082376144,-4.634444063121776,0.44983869629641227,-6.938863763016582,0.34705339180758293,-9.192074136247058,0.23449051584899824,-12.597494359424937,0.1319713971640449,-17.590403709197012,0.11938558363402778,-18.46096226249061
1672.0651376590054,130.0,0.024748010272989573,0.05313657906909336,0.8966673842421912,-0.9473725432900868,0.7737839451178643,-2.2276057098983126,0.5865132082376144,-4.634444063121776,0.44983869629641227,-6.938863763016582,0.34705339180758293,-9.192074136247058,0.23449051584899824,-12.597494359424937,0.1319713971640449,-17.590403709197012,0.11938558363402778,-18.46096226249061
1677.9350354779408,130.0,0.02466143463778744,0.05313657906909336,0.8966673842421912,-0.9473725432900868,0.7737839451178643,-2.2276057098983126,0.5865132082376144,-4.634444063121776,0.44983869629641227,-6.938863763016582,0.34705339180758293,-9.192074136247058,0.23449051584899824,-12.597494359424937,0.1319713971640449,-17.590403709197012,0.11938558363402778,-18.46096226249061
1683.8255399704015,130.0,0.024575161868978526,0.05313657906909336,0.8966673842421912,-0.9473725432900868,0.7737839451178643,-2.2276057098983126,0.5865132082376144,-4.634444063121776,0.44983869629641227,-6.938863763016582,0.34705339180758293,-9.192074136247058,0.23449051584899824,-12.597494359424937,0.1319713971640449,-17.590403709197012,0.11938558363402778,-18.46096226249061
1689.7367234775077,130.0,0.024489190907049378,0.05313657906909336,0.8966673842421912,-0.9473725432900868,0.7737839451178643,-2.2276057098983126,0.5865132082376144,-4.634444063121776,0.44983869629641227,-6.938863763016582,0.34705339180758293,-9.192074136247058,0.23449051584899824,-12.597494359424937,0.1319713971640449,-17.590403709197012,0.11938558363402778,-18.46096226249061
1695.6686585943412,130.0,0.02440352069619298,0.05313657906909336,0.8966673842421912,-0.9473725432900868,0.7737839451178643,-2.2276057098983126,0.5865132082376144,-4.634444063121776,0.44983869629641227,-6.938863763016582,0.34705339180758293,-9.192074136247058,0.23449051584899824,-12.597494359424937,0.1319713971640449,-17.590403709197012,0.11938558363402778,-18.46096226249061
1701.6214181708344,130.0,0.02431815018429582,0.05313657906909336,0.8966673842421912,-0.9473725432900868,0.7737839451178643,-2.2276057098983126,0.5865132082376144,-4.634444063121776,0.44983869629641227,-6.938863763016582,0.34705339180758293,-9.192074136247058,0.23449051584899824,-12.597494359424937,0.1319713971640449,-17.590403709197012,0.11938558363402778,-18.46096226249061
1707.5950753126604,130.0,0.024233078322925043,0.05313657906909336,0.8966673842421912,-0.9473725432900868,0.7737839451178643,-2.2276057098983126,0.5865132082376144,-4.634444063121776,0.44983869629641227,-6.938863763016582,0.34705339180758293,-9.192074136247058,0.23449051584899824,-12.597494359424937,0.1319713971640449,-17.590403709197012,0.11938558363402778,-18.46096226249061
1713.5897033821363,130.0,0.024148304067315492,0.05313657906909336,0.8966673842421912,-0.9473725432900868,0.7737839451178643,-2.2276057098983126,0.5865132082376144,-4.634444063121776,0.44983869629641227,-6.938863763016582,0.34705339180758293,-9.192074136247058,0.23449051584899824,-12.597494359424937,0.1319713971640449,-17.590403709197012,0.11938558363402778,-18.46096226249061
1719.605375999121,130.0,0.02406382637635691,0.05313657906909336,0.8966673842421912,-0.9473725432900868,0.7737839451178643,-2.2276057098983126,0.5865132082376144,-4.634444063121776,0.44983869629641227,-6.938863763016582,0.34705339180758293,-9.192074136247058,0.23449051584899824,-12.597494359424937,0.1319713971640449,-17.590403709197012,0.11938558363402778,-18.46096226249061
1725.6421670419245,130.0,0.0239796442125811,0.05313657906909336,0.8966673842421912,-0.9473725432900868,0.7737839451178643,-2.2276057098983126,0.5865132082376144,-4.634444063121776,0.44983869629641227,-6.938863763016582,0.34705339180758293,-9.192074136247058,0.23449051584899824,-12.597494359424937,0.1319713971640449,-17.590403709197012,0.11938558363402778,-18.46096226249061
1731.7001506482115,130.0,0.02389575654214922,0.05313657906909336,0.8966673842421912,-0.9473725432900868,0.7737839451178643,-2.2276057098983126,0.5865132082376144,-4.634444063121776,0.44983869629641227,-6.938863763016582,0.34705339180758293,-9.192074136247058,0.23449051584899824,-12.597494359424937,0.1319713971640449,-17.590403709197012,0.11938558363402778,-18.46096226249061
1737.7794012159086,130.0,0.02381216233483915,0.05313657906909336,0.8966673842421912,-0.9473725432900868,0.7737839451178643,-2.2276057098983126,0.5865132082376144,-4.634444063121776,0.44983869629641227,-6.938863763016582,0.34705339180758293,-9.192074136247058,0.23449051584899824,-12.597494359424937,0.1319713971640449,-17.590403709197012,0.11938558363402778,-18.46096226249061
1743.879993404123,130.0,0.023728860564032752,0.05313657906909336,0.8966673842421912,-0.9473725432900868,0.7737839451178643,-2.2276057098983126,0.5865132082376144,-4.634444063121776,0.44983869629641227,-6.938863763016582,0.34705339180758293,-9.192074136247058,0.23449051584899824,-12.597494359424937,0.1319713971640449,-17.590403709197012,0.11938558363402778,-18.46096226249061
1750.002002134056,130.0,0.023645850206703317,0.05313657906909336,0.8966673842421912,-0.9473725432900868,0.7737839451178643,-2.2276057098983126,0.5865132082376144,-4.634444063121776,0.44983869629641227,-6.938863763016582,0.34705339180758293,-9.192074136247058,0.23449051584899824,-12.597494359424937,0.1319713971640449,-17.590403709197012,0.11938558363402778,-18.46096226249061
1756.1455025899302,130.0,0.02356313024340291,0.05313657906909336,0.8966673842421912,-0.9473725432900868,0.7737839451178643,-2.2276057098983126,0.5865132082376144,-4.634444063121776,0.44983869629641227,-6.938863763016582,0.34705339180758293,-9.192074136247058,0.23449051584899824,-12.597494359424937,0.1319713971640449,-17.590403709197012,0.11938558363402778,-18.46096226249061
1762.3105702199002,130.0,0.023480699658250007,0.05313657906909336,0.8966673842421912,-0.9473725432900868,0.7737839451178643,-2.2276057098983126,0.5865132082376144,-4.634444063121776,0.44983869629641227,-6.938863763016582,0.34705339180758293,-9.192074136247058,0.23449051584899824,-12.597494359424937,0.1319713971640449,-17.590403709197012,0.11938558363402778,-18.46096226249061
1768.4972807369938,130.0,0.02339855743891684,0.05313657906909336,0.8966673842421912,-0.9473725432900868,0.7737839451178643,-2.2276057098983126,0.5865132082376144,-4.634444063121776,0.44983869629641227,-6.938863763016582,0.34705339180758293,-9.192074136247058,0.23449051584899824,-12.597494359424937,0.1319713971640449,-17.590403709197012,0.11938558363402778,-18.46096226249061
1774.7057101200294,130.0,0.023316702576617113,0.05313657906909336,0.8966673842421912,-0.9473725432900868,0.7737839451178643,-2.2276057098983126,0.5865132082376144,-4.634444063121776,0.44983869629641227,-6.938863763016582,0.34705339180758293,-9.192074136247058,0.23449051584899824,-12.597494359424937,0.1319713971640449,-17.590403709197012,0.11938558363402778,-18.46096226249061
1780.935934614555,130.0,0.02323513406609354,0.05313657906909336,0.8966673842421912,-0.9473725432900868,0.7737839451178643,-2.2276057098983126,0.5865132082376144,-4.634444063121776,0.44983869629641227,-6.938863763016582,0.34705339180758293,-9.192074136247058,0.23449051584899824,-12.597494359424937,0.1319713971640449,-17.590403709197012,0.11938558363402778,-18.46096226249061
1787.1880307337833,130.0,0.02315385090560554,0.05313657906909336,0.8966673842421912,-0.9473725432900868,0.7737839451178643,-2.2276057098983126,0.5865132082376144,-4.634444063121776,0.44983869629641227,-6.938863763016582,0.34705339180758293,-9.192074136247058,0.23449051584899824,-12.597494359424937,0.1319713971640449,-17.590403709197012,0.11938558363402778,-18.46096226249061
1793.4620752595345,130.0,0.023072852096916847,0.05313657906909336,0.8966673842421912,-0.9473725432900868,0.7737839451178643,-2.2276057098983126,0.5865132082376144,-4.634444063121776,0.44983869629641227,-6.938863763016582,0.34705339180758293,-9.192074136247058,0.23449051584899824,-12.597494359424937,0.1319713971640449,-17.590403709197012,0.11938558363402778,-18.46096226249061
1799.7581452431766,130.0,0.022992136645283323,0.05313657906909336,0.8966673842421912,-0.9473725432900868,0.7737839451178643,-2.2276057098983126,0.5865132082376144,-4.634444063121776,0.44983869629641227,-6.938863763016582,0.34705339180758293,-9.192074136247058,0.23449051584899824,-12.597494359424937,0.1319713971640449,-17.590403709197012,0.11938558363402778,-18.46096226249061
1806.0763180065683,130.5009901268546,0.023000000000000003,0.05293258903451533,0.8962905655795207,-0.9510234993719444,0.7730195552081973,-2.236190390415112,0.5853084482817834,-4.6523041455762675,0.44845593144293217,-6.9656045494539685,0.3456408672177527,-9.227498277689945,0.23318353919019053,-12.64604220786477,0.1309454299155555,-17.658193082933128,0.11841171509596664,-18.53210656884248
1812.416671143014,130.9591226840509,0.023000000000000003,0.05274741566227223,0.8959461207638072,-0.9543621317248288,0.7723212165936172,-2.2440406881097332,0.5842089167397185,-4.668636374113352,0.44719517718747775,-6.990057775606181,0.3443542110416676,-9.259892034843613,0.23199474640146583,-12.690436994827456,0.13001421309052127,-17.720183364728584,0.11752811233818562,-18.59716478307032
1818.779282518212,131.4188635465922,0.023000000000000003,0.05256289007957458,0.8956005998193344,-0.9577124845725224,0.7716210606119237,-2.251918544805661,0.5831076016283278,-4.685025938043962,0.44593356003003637,-7.014596846463612,0.3430678528094617,-9.292399512473935,0.23080787277372625,-12.734987632694084,0.12908638436043132,-17.782391267603327,0.1166480358887136,-18.66245138856186
1825.16423027122,131.8802183605435,0.023,0.052379010020268735,0.8952539998525295,-0.9610745990606158,0.7709190847647466,-2.259824057250637,0.5820045073487535,-4.701473038647879,0.44467109187922294,-7.039222063389918,0.3417818093193632,-9.325021109804355,0.22962293650747667,-12.779694668589812,0.12816195460022464,-17.844817555530902,0.11577149476353708,-18.727967187100113
1831.5715928153995,132.34319279179016,0.023,0.05219577322612891,0.8949063179653554,-0.9644485164791422,0.7702152865666587,-2.267757322532038,0.5808996383584459,-4.717977877911482,0.44340778471245085,-7.063933728806692,0.3404960974164341,-9.357757227459789,0.2284399557785719,-12.824558651560489,0.12724093455584984,-17.90746299516678,0.11489849783728319,-18.793712983282752
1838.001448839396,132.80779252610859,0.023,0.052013177446829005,0.8945575512553287,-0.9678342782630891,0.7695096635453216,-2.275718438078076,0.5797929991713769,-4.73454065853025,0.4421436505758603,-7.088732146197225,0.3392107339920542,-9.3906082674716,0.22725894873716557,-12.869580132579463,0.12632333484331254,-17.97032835585791,0.11402905384238766,-18.859689584532102
1844.4538773080906,133.27402326923507,0.023000000000000003,0.05183122043991539,0.89420769681554,-0.9712319259929031,0.7688022132416326,-2.2837075016589887,0.5786845943582574,-4.7511615839112284,0.4408787015842483,-7.113617620110184,0.3379257359834031,-9.423574633282493,0.22607993350665925,-12.914759664554282,0.12540916594773435,-18.033414409652018,0.11316317136827611,-18.925897801104952
1850.9289574635777,133.74189074693638,0.023,0.051649899970779144,0.8938567517346735,-0.9746415013950003,0.7680929332098724,-2.2917246113882443,0.5775744285467498,-4.767840858175542,0.4396129499209894,-7.138590456163381,0.3366411203729322,-9.456656729751488,0.22490292818264457,-12.960097802333516,0.12449843822241678,-18.09672193130717,0.11230085886055245,-18.992338446102575
1857.426768826135,134.21140070507988,0.022999999999999996,0.05146921381262866,0.8935047130970263,-0.97806304634228,0.7673818210178539,-2.2997698657237406,0.5764625064216828,-4.784578686160885,0.4383464078379547,-7.163650961047514,0.3353569041878324,-9.489854963158885,0.22372795083184227,-13.005595102713567,0.12359116188791457,-18.160251698301263,0.11144212462019956,-19.059012335480652
1863.9473911952052,134.68255890970448,0.023,0.051289159746462185,0.8931515779825284,-0.981496602854644,0.7666688742470702,-2.307843363469027,0.575348832725262,-4.801375273424068,0.4370790876554244,-7.188799442529957,0.3340731044994934,-9.523169741211273,0.22255501949103682,-13.051252124445531,0.12268734703111611,-18.224004490841626,0.11058697680278813,-19.125920288059408
1870.4909046503722,135.15537114709113,0.023000000000000003,0.051109735561040696,0.8927973434667642,-0.9849422130995027,0.7659540904928455,-2.3159452037745067,0.5742334122572822,-4.8182308262435125,0.43581100176199805,-7.214036209458518,0.3327897384229583,-9.556601473046523,0.2213841521660084,-13.097069428242033,0.12178700360433374,-18.287981091874546,0.10973542341769854,-19.19306312553355
1877.0573895523405,135.62984322383355,0.023,0.050930939052860835,0.892442006620992,-0.9883999193922999,0.765237467364486,-2.324075486138651,0.5731162498753384,-4.83514555162179,0.4345421626145,-7.239361571765221,0.3315068231163715,-9.590150569238798,0.2202153668304613,-13.143047576784088,0.12089014142440214,-18.35218228709486,0.10888747232735227,-19.260441672482376
1883.6469265439293,136.10598096691024,0.023000000000000003,0.050752768026127625,0.8920855645121658,-0.9918697641970299,0.7645190024854305,-2.3322343104092327,0.5719973504950336,-4.852119657288173,0.433272582737878,-7.264775840470138,0.33022437578041847,-9.623817441803615,0.21904868142494602,-13.189187134728073,0.1199967701717841,-18.416608864955663,0.10804313124645315,-19.32805675637996
1890.2595965510568,136.58379022375536,0.023000000000000003,0.050575220292727714,0.8917280142029559,-0.9953517901267597,0.7637986934934035,-2.340421776784544,0.570876719090189,-4.8691533517011765,0.4320022747251001,-7.290279327685188,0.32894241365776117,-9.657602504202886,0.21788411385578146,-13.235488668712591,0.11910689938968685,-18.48126161667795,0.1072024077412414,-19.395909207605243
1896.8954807837417,137.0632768623313,0.023000000000000003,0.050398293672202256,0.8913693527517704,-0.9988460399441546,0.7630765380405671,-2.348637985814634,0.5697543606930485,-4.886246844051135,0.43073125123704437,-7.315872346617997,0.3276609540324639,-9.691506171350042,0.21672168199396988,-13.281952747365516,0.11822053848318569,-18.546141336260384,0.1063653092287569,-19.46399985945231
1903.554660737096,137.54444677120026,0.023000000000000003,0.05022198599172029,0.8910095772127775,-1.002352556562,0.7623525337936756,-2.3568830384025397,0.5686302803944869,-4.903400344262756,0.4294595250023857,-7.341555211575727,0.3263800142294162,-9.725528859615077,0.21556140367411136,-13.328579941310913,0.11733769671835813,-18.61124882048902,0.10553184297611524,-19.532329548140588
1910.2372181923208,138.02730585959637,0.023000000000000003,0.05004629508605216,0.8906486846359273,-1.005871383043727,0.7616266784342302,-2.3651570358055207,0.5675044833442152,-4.920614062997692,0.42818710881747873,-7.367328237968919,0.3250996116137473,-9.759670986829676,0.21440329669331473,-13.375370823176045,0.11645838322142746,-18.67658486894704,0.10470201609979517,-19.600899112825058
1916.9432352177193,138.51186005749867,0.022999999999999996,0.04987121879754274,0.8902866720669736,-1.0094025626039473,0.7608989696586336,-2.373460079636308,0.5663769747509829,-4.937888211657145,0.42691401554623304,-7.393191742315395,0.3238197635902337,-9.793932972292351,0.21324737881010297,-13.422325967598429,0.1155826069779143,-18.742150284024635,0.1038758355649363,-19.669709395606642
1923.6727941696977,138.99811531570367,0.023000000000000003,0.04969675497608503,0.8899235365474978,-1.012946138608976,0.7601694051783466,-2.381792271864351,0.5652477598827819,-4.955223002384452,0.4256402581199864,-7.419146042244126,0.32254048760270115,-9.828315236773584,0.21209366774331806,-13.469445951232878,0.11471037683179917,-18.807945870928833,0.10305330818465,-19.73876124154249
1930.4259776937865,139.48607760589897,0.023000000000000003,0.049522901479093585,0.8895592751149296,-1.0165021545773765,0.7594379827200444,-2.3901537148170737,0.5641168440670465,-4.972618648067705,0.4243658495373708,-7.4451914564991615,0.32126180113341835,-9.86281820252103,0.21094218117102007,-13.516731352758624,0.11384170148469322,-18.873972437693446,0.10223444061934044,-19.80805549865644
1937.2028687256409,139.97575292073554,0.023,0.04934965617147857,0.8891938848025729,-1.0200706541804765,0.7587047000257747,-2.3985445111811217,0.5629842326908564,-4.990075362342334,0.42309080286417733,-7.471328304943494,0.3199837217024877,-9.897442293264628,0.20979293672938717,-13.564182752886344,0.11297658949502194,-18.94023079518886,0.10141923937604044,-19.877593017949298
1944.0035504920752,140.4671472739027,0.023000000000000003,0.04917701692561905,0.8888273626396266,-1.0236516812429264,0.7579695548531156,-2.4069647640036376,0.5618499312011324,-5.0075933595937725,0.42181513123321096,-7.497556908563052,0.31870626686722403,-9.932187934221904,0.20864595201160768,-13.611800734365394,0.11211504927721462,-19.006721757132166,0.1006077108077558,-19.947374653409447
1950.8281065120711,140.9602667002006,0.023,0.04900498162133731,0.8884597056512107,-1.0272452797432146,0.7572325449753354,-2.415414576693506,0.5607139451048372,-5.0251728549600525,0.42053884784414625,-7.523877589470576,0.31742945422153307,-9.967055552103089,0.20750124456677477,-13.65958588199086,0.11125708910090837,-19.073446140096994,0.09979986111282571,-20.017401262023196
1957.6766205978117,141.4551172556153,0.023000000000000003,0.04883354814587255,0.8880909108583883,-1.0308514938142281,0.756493668181552,-2.423894053022645,0.5595762799691703,-5.042814064334468,0.41926196596337323,-7.55029067090962,0.3161533013952778,-10.002045575116433,0.20635883189877366,-13.707538782610824,0.11040271709015934,-19.140404763523648,0.09899569633429281,-20.08767370378537
1964.5491768557056,141.95170501739247,0.023,0.04866271439385509,0.8877209752781916,-1.0344703677437792,0.7557529222768936,-2.432403297127264,0.5584369414217638,-5.0605172043682165,0.41798449892384193,-7.5767964772584895,0.31487782605364206,-10.037158432973424,0.20521873146517008,-13.755660025133494,0.10955194122266658,-19.207598449729083,0.09819522235928747,-20.158192841709855
1971.4458596874272,142.4500360841128,0.023,0.048492478267280315,0.8873498959236453,-1.0381019459751588,0.7550103050826601,-2.440942413509157,0.5572959351508757,-5.078282492473072,0.41670646012489826,-7.603395334034268,0.3136030458964842,-10.072394556894103,0.2040809606760923,-13.803950200534537,0.10870476932900434,-19.27502802391713,0.09739844491842321,-20.228959541840247
1978.3667537909491,142.95011657576646,0.023,0.04832283767548302,0.8869776698037921,-1.041746273107679,0.7542658144364853,-2.4495115070369753,0.5561532669055825,-5.09611014682405,0.41542786303211837,-7.6300875678967826,0.31232897865768744,-10.107754379612343,0.2029455368931141,-13.85240990186427,0.10786120909186757,-19.342694314188527,0.09660536958520693,-20.299974673260444
1985.3119441615768,143.45195263382783,0.023000000000000003,0.04815379053511189,0.8866042939237179,-1.0454033938972191,0.7535194481925005,-2.458110682947517,0.5550089424959715,-5.114000386362073,0.41414872117713725,-7.656873506652607,0.31105564210450276,-10.143238335381131,0.20181247742813518,-13.901039724254918,0.10702126804532792,-19.410598151551074,0.0958160017754614,-20.37123910810528
1992.2815160930006,143.95555042133165,0.023000000000000003,0.047985334770103666,0.886229765284577,-1.0490733532567786,0.7527712042214975,-2.4667400468470206,0.5538629677933294,-5.131953430796676,0.41286904815747,-7.683753479259111,0.30978305403688333,-10.17884685997794,0.2006817995422567,-13.949840264927982,0.10618495357409923,-19.478740369929927,0.09503034674676021,-20.44275372157129
1999.2755551783375,144.46091612294816,0.023,0.047817468311657854,0.8858540808836185,-1.0527561962570249,0.7520210804110932,-2.4753997047124656,0.5527153487303312,-5.149969500608692,0.41158885763633085,-7.710727815828483,0.30851123228681515,-10.214580390710058,0.19955352044465768,-13.998812123201525,0.10535227291281654,-19.547121806177742,0.09424840959787714,-20.514519391927443
2006.2941473111912,144.96805594505983,0.023,0.04765018909821103,0.8854772377142116,-1.056451968126853,0.751269074665895,-2.4840897628928706,0.5515660913012257,-5.168048817052985,0.41030816334244374,-7.737796847631817,0.3072401947176374,-10.250439366420007,0.19842765729146628,-14.047955900497616,0.10452323314532418,-19.615743300085082,0.09347019526824744,-20.58653700052598
2013.3373786866923,145.4769761158364,0.023,0.04748349507541193,0.885099232765873,-1.060160714253932,0.7505151849076672,-2.492810328110597,0.5504152015620233,-5.186191602161126,0.4090269790698527,-7.764960907103124,0.3059699592233622,-10.286424227490853,0.1973042271846337,-14.097272200349579,0.10369784120397854,-19.68460569439057,0.09269570853744535,-20.658807431813102
2020.4053358025735,145.98768288531264,0.023000000000000003,0.047317384196095796,0.8847200630242926,-1.0638824801852718,0.7497594090754972,-2.501561507462666,0.5492626856306771,-5.204398078744167,0.40774531867772085,-7.792220327843475,0.30470054372798044,-10.322535415851688,0.1961832471708008,-14.146761628409557,0.10287610386895923,-19.753709834791394,0.09192495402467185,-20.73133157334002
2027.498105460218,146.50018252546403,0.023,0.047151854420259584,0.8843397254713615,-1.0676173116277752,0.7490017451259634,-2.510343408422067,0.5481085496872679,-5.222668470395333,0.4064631960901298,-7.819575444625057,0.3034319661847679,-10.358773374983008,0.19506473424016785,-14.196424792455822,0.10205802776759515,-19.823056569953557,0.0911579361882598,-20.804110315773677
2034.6157747657307,147.01448133028427,0.023,0.04698690371503676,0.8839582170851987,-1.0713652544488035,0.748242191033304,-2.5191561388390777,0.5469527999741829,-5.241003001492793,0.4051806252958707,-7.847026593395286,0.30216424457558044,-10.39513854992217,0.19394870532536,-14.246262302400297,0.10124361937370062,-19.892646751522367,0.09039465932519057,-20.877144552907755
2041.7584311310143,147.53058561586298,0.023,0.04682253005467222,0.883575534840179,-1.0751263546767382,0.7474807447895848,-2.527999806942601,0.5457954427962951,-5.259401897202424,0.4038976203482287,-7.874574111280976,0.3008973969101432,-10.431631387268894,0.19283517730029062,-14.296274770296089,0.10043288500692367,-19.962481234132955,0.08963512757062497,-20.950435181673743
2048.926162274829,148.0485017204622,0.023,0.046658731420497694,0.8831916757069611,-1.0789006585015462,0.7467174044048707,-2.536874521341475,0.5446364845211428,-5.27786538348054,0.40261419536476745,-7.90221833659241,0.2996314412253364,-10.468252335190684,0.19172416697902714,-14.346462810344889,0.09962583083210903,-20.03256087542061,0.08887934489745085,-21.02398310215176
2056.119056223886,148.5682360045956,0.023,0.046495505800906604,0.8828066366525154,-1.0826882122753507,0.7459521679073947,-2.5457803910258248,0.5434759315791021,-5.296393687076716,0.4013303645271011,-7.929959608827568,0.2983663955844698,-10.505001843428401,0.1906156911146498,-14.396827038904663,0.09882246285866986,-20.10288653603151,0.08812731511584106,-21.09778921758183
2063.337201313914,149.0897948511053,0.023000000000000003,0.04633285119132972,0.8824204146401534,-1.0864890625129917,0.7451850333437311,-2.554717525368386,0.5423137904635645,-5.314987035536526,0.40004614208066736,-7.957798268676236,0.2971022780765551,-10.541880363301729,0.18950976639811545,-14.447368074497076,0.09802278693997603,-20.173459079633112,0.08737904187283009,-21.171854434374783
2070.58068619075,149.61318466524077,0.023,0.04617076559421034,0.8820330066295564,-1.0903032558926038,0.7444159987789664,-2.5636860341258534,0.5411500677311077,-5.333645657204363,0.39876154233449174,-7.985734658024209,0.29583910681557013,-10.578888347714727,0.1884064094571159,-14.498086537815169,0.09722680877275261,-20.244279372924844,0.08663452865190285,-21.24617966212345
2077.849599811434,150.13841187473813,0.022999999999999996,0.04600924701897967,0.8816444095768039,-1.0941308392561946,0.743645062296872,-2.5726860274402403,0.5399847700016657,-5.352369781226248,0.3974765796609449,-8.013769119957528,0.2945768999397138,-10.61602625116145,0.18730563685493576,-14.54898305173101,0.0964345338964912,-20.315348285648792,0.08589377877259746,-21.320765813613942
2085.144031445291,150.66548292989802,0.023,0.0458482934820326,0.8812546204344046,-1.097971859610205,0.7428722220000792,-2.5817176158402115,0.5388179039586997,-5.371159637552623,0.3961912684954993,-8.041901998766637,0.2933156756106607,-10.653294529731447,0.1862074650893124,-14.600058241303264,0.09564596769287635,-20.386666690600293,0.08515679539012622,-21.395613804836696
2092.46407067503,151.19440430366518,0.023,0.045687903006703286,0.8808636361513255,-1.1018263641260997,0.7420974760102529,-2.59078091024245,0.5376494763493643,-5.390015456941189,0.39490562333647683,-8.070133639950619,0.2920554520128042,-10.690693641115397,0.1851119105912927,-14.65131273378489,0.09486111538522389,-20.45823546363865,0.08442358149500867,-21.470724554997776
2099.809807397855,151.7251824917087,0.023,0.04552807362324065,0.8804714536730218,-1.1056944001409428,0.741320822468266,-2.599876021953029,0.5364794939846723,-5.408937470959749,0.39361965874478966,-8.098464390221503,0.29079624735249354,-10.728224044610773,0.18401898972408803,-14.70274715863092,0.09407998203793111,-20.530055483698053,0.08369413991271989,-21.546098986530268
2107.1813318265504,152.2578240125005,0.023000000000000003,0.045368803368784544,0.8800780699414685,-1.109576015157977,0.7405422595343772,-2.6090030626687573,0.5353079637396602,-5.427925911989023,0.39233338934368067,-8.126894597508427,0.2895380798572684,-10.7658862011274,0.18292871878193326,-14.754362147506075,0.09330257255594421,-20.602127632798116,0.08296847330335634,-21.621738025105447
2114.578734490602,152.79233540739617,0.023,0.04521009028734144,0.8796834818951907,-1.1134712568472067,0.7397617853884064,-2.6181621444785677,0.5341348925535482,-5.446981013225526,0.3910468298184532,-8.155424610961974,0.2882809677750827,-10.80368057319317,0.1818411139889411,-14.806158334292585,0.09252889168423575,-20.674452796054894,0.08224658416131479,-21.697642599644222
2122.0021062373103,153.32872324071565,0.023000000000000003,0.045051932429760286,0.8792876864692947,-1.1173801730459891,0.738979398229912,-2.627353379864894,0.5329602874299002,-5.466103008684434,0.38975999491619634,-8.184054780958462,0.28702492937352303,-10.841607624959732,0.18075619149795683,-14.858136355098019,0.09175894400729688,-20.747031861691752,0.08152847481498683,-21.773813642328605
2129.4515382328927,153.86699409982262,0.023,0.04489432785370895,0.8788906805955,-1.1213028117596129,0.7381950962783705,-2.636576881705037,0.5317841554367834,-5.485292133202433,0.3884728994455083,-8.212785459104195,0.285769982939024,-10.87966782220814,0.1796739673894167,-14.910296848262965,0.09099273394864558,-20.819865721050114,0.08081414742647111,-21.850252088613008
2136.927121963621,154.40715459520692,0.023,0.044737274623649896,0.8784924612021708,-1.1252392211618985,0.737408877773354,-2.6458327632725713,0.5306065037069215,-5.504548622440638,0.38718555827620726,-8.24161699823985,0.2845161467760715,-10.917861632354635,0.1785944576702003,-14.962640454369025,0.09023026577034476,-20.89295526860065,0.08010360399129804,-21.92695887723591
2144.4289492369294,154.9492113605644,0.023,0.04458077081081683,0.8780930252143491,-1.1291894495957773,0.7366207409747106,-2.6551211382387203,0.5294273394378515,-5.523872712887452,0.3858979863390437,-8.27054975244475,0.28326343920640595,-10.956189524456331,0.17751767827248877,-15.015167816246555,0.08947154357253916,-20.96630140195403,0.07939684633817351,-22.003934950231233
2151.9571121825475,155.49317105287895,0.023,0.04442481449319083,0.8776923695537862,-1.1331535455738952,0.7358306841627459,-2.6644421206737547,0.528246669892074,-5.543264641861491,0.38461019862540224,-8.299584077041235,0.28201187856821464,-10.994651969216987,0.17644364505261992,-15.06787957898261,0.08871657129300295,-21.03990502187206,0.07869387612873639,-22.081181252939967
2159.5117032536396,156.03904035250477,0.023000000000000003,0.04426940375547658,0.8772904911389762,-1.137131557779207,0.7350387056384017,-2.673795825048406,0.5270645023972033,-5.562724647514498,0.38332221018699797,-8.328720328599058,0.2807614832153183,-11.033249438992847,0.17537237378994355,-15.120776389928913,0.08796535270670292,-21.11376703227879,0.07799469485733197,-22.158698734021844
2167.092815227926,156.58682596324735,0.023,0.04411453668907921,0.8768873868851897,-1.1411235350655673,0.7342448037234409,-2.683182366235254,0.5258808443461157,-5.582252968834264,0.3820340361355706,-8.3579588649397,0.27951227151635494,-11.071982407798348,0.17430388018568024,-15.173858898709714,0.08721789142537736,-21.187888340271492,0.07729930385080352,-22.236488345466874
2174.700541208831,157.13653461244644,0.023,0.04396021139208061,0.876483053704507,-1.1451295264583399,0.7334489767606284,-2.692601859510149,0.5246957031970956,-5.601849845647552,0.38074569164256866,-8.387300045140812,0.27826426185395364,-11.110851351311997,0.17323817986177797,-15.22712775722981,0.0864741908971279,-21.26226985613187,0.07660770426829805,-22.314551042607103
2182.334974626629,157.68817305105895,0.023,0.04380642596921601,0.8760774885058519,-1.1491495811549925,0.7326512231139146,-2.7020544205536305,0.5235090864739774,-5.621515518623071,0.3794571919388291,-8.416744229540623,0.2770174726239028,-11.149856746882227,0.17217528835976947,-15.280583619682604,0.08573425440602635,-21.336912493337294,0.07591989710108857,-22.39288778412837
2189.9962092395813,158.24174805374096,0.023,0.04365317853185098,0.8756706881950266,-1.1531837485257057,0.7318515411686211,-2.711540165452335,0.5223210017662898,-5.641250229274397,0.37816855231425345,-8.44629177974233,0.27577192223431496,-11.188999073533196,0.1711152211396335,-15.334227142558028,0.0849980850717381,-21.411817168571883,0.07523588317241453,-22.47149953208199
2197.684339135101,158.79726641893197,0.023000000000000003,0.043500467197957936,0.8752626496747461,-1.157232078113977,0.7310499293316237,-2.721059210700434,0.521131456729392,-5.6610542199629705,0.37687978811747347,-8.475943058618592,0.27452762910478135,-11.228278811970753,0.1700579935786529,-15.388058984650728,0.08426568584915806,-21.486984801737904,0.07455566313733604,-22.550387251896694
2205.3994587308953,159.3547349689374,0.023,0.04334829009209326,0.8748533698446734,-1.1612946196372302,0.73024638603154,-2.7306116732010555,0.5199404590846135,-5.680927733901045,0.3755909147555159,-8.505698430315931,0.2732846116655243,-11.267696444588264,0.1690036209702779,-15.442079807068037,0.0835370595280641,-21.562416315966956,0.0738792374826075,-22.629551912390355
2213.1416627761314,159.91416055001287,0.023000000000000003,0.04319664534537421,0.8744428456014552,-1.1653714229874221,0.7294409097189148,-2.7401976702677233,0.5187480166193877,-5.700871015154689,0.37430194769345776,-8.535558260259231,0.2720428883565415,-11.307252455472561,0.167952118522988,-15.49629027323816,0.08281220873278446,-21.638112637631334,0.07320660652656591,-22.708994485781943
2220.9110463526067,160.47555003244872,0.023000000000000003,0.04304553109545575,0.8740310738387568,-1.1694625382316657,0.7286334988664067,-2.7498173196258078,0.5175541371873835,-5.720884308646795,0.3730129024540754,-8.565522915156254,0.27080247762674237,-11.346947330409945,0.16690350135915494,-15.550691048918363,0.0820911359218796,-21.714074696355517,0.07253777041903602,-22.788715947703537
2228.7077048759024,161.0389103106534,0.023000000000000003,0.04289494548650805,0.8736180514472995,-1.1735680156128296,0.7278241519689777,-2.759470739413952,0.5163588287086376,-5.74096786016006,0.37172379461749183,-8.595592763002077,0.2695633979330838,-11.386781556892053,0.16585778451391078,-15.605282802203035,0.08137384338784254,-21.79030342502741,0.07187272914125407,-22.868717277212166
2236.531734096563,161.60424830323868,0.023000000000000003,0.04274488666919346,0.8732037753148965,-1.1776879055501683,0.7270128675440808,-2.769158048185532,0.5151620991696815,-5.761121916340013,0.3704346398208128,-8.625768173083667,0.2683256677396949,-11.426755624121904,0.16481498293401367,-15.66006620353197,0.08066033325681193,-21.866799759809883,0.07121148250580676,-22.948999456801932
2244.383230101278,162.17157095310503,0.023000000000000003,0.042595352800643735,0.8727882423264892,-1.1818222586399378,0.726199644131849,-2.7788793649101233,0.5139639566236658,-5.781346724698072,0.36914545375775926,-8.656049515984408,0.2670893055169966,-11.466870023019935,0.16377511147671675,-15.715041925698628,0.07995060748830142,-21.943564640152353,0.07055403015658733,-23.02956347241608
2252.262289314048,162.74088522752587,0.023,0.042446342044437674,0.8723714493641862,-1.18597112565601,0.7253844802952867,-2.788634808974942,0.5127644091904859,-5.801642533614535,0.36785625217829554,-8.686437163588613,0.2658543297408191,-11.507125246229934,0.16273818490864098,-15.770210643858293,0.0792446678749467,-22.020599008802133,0.06990037156877021,-23.110410313459006
2260.1690084973834,163.31219811823425,0.023,0.042297852570578234,0.8719533933072989,-1.190134557550509,0.724567374620459,-2.7984245001863317,0.5115634650569002,-5.8220095923416775,0.36656705088824654,-8.716931489086157,0.26462075889150755,-11.547521788125206,0.16170421790464656,-15.82557303553649,0.07854251604226552,-22.0979038118162,0.06925050604880069,-23.191540972808554
2268.103484753481,163.88551664150776,0.023000000000000003,0.04214988255547037,0.8715340710323813,-1.1943126054544235,0.7237483257166848,-2.8082485587712114,0.5103611324766503,-5.842448151006774,0.3652778657489147,-8.747532866976995,0.2633886114530278,-11.588060144814541,0.16067322504671003,-15.881129780637197,0.07784415344843654,-22.175479998572673,0.06860443273440403,-23.27295644682809
2276.065815525421,164.46084783825506,0.023000000000000003,0.042002430181898476,0.8711134794132673,-1.198505320678244,0.7229273322167281,-2.8181071053785733,0.5091574197705757,-5.862958460615192,0.36398871267668687,-8.778241673075783,0.2621579059120621,-11.628740814148363,0.15964522082280178,-15.936881561451239,0.07714958138409267,-22.25332852178252,0.06796215059461043,-23.354657735378748
2284.0560985983707,165.03819877410294,0.023,0.04185549363900396,0.8706916153211098,-1.2027127547125906,0.722104392776991,-2.828000261080956,0.5079523353267269,-5.8835407730534826,0.36269960764263426,-8.809058284516544,0.2609286607571,-11.669564295724866,0.15862021962576534,-15.992829062664718,0.07645880097213022,-22.331450337501344,0.06732365842979718,-23.436645841831837
2292.0744321007724,165.61757653948203,0.023000000000000003,0.04170907112226327,0.87026847562442,-1.2069349592288439,0.7212795060777079,-2.8379281473759304,0.5067458876004768,-5.904195341092452,0.36141056667211136,-8.839983079757207,0.2597008944775254,-11.71053109089608,0.1575982357522023,-16.048972971367327,0.07577181316753653,-22.409846405140964,0.0666889548717499,-23.518921773080987
2300.120914505554,166.19898824971438,0.023000000000000003,0.04156316083346559,0.8698440571891071,-1.211171986079778,0.7204526708231399,-2.8478908861875873,0.5055380851146289,-5.924922418390266,0.3601216058443433,-8.87101643858432,0.25847462556269674,-11.751641702774066,0.15657928340135766,-16.10531397706083,0.07508861875723216,-22.488517687481288,0.06605803838373994,-23.601486539554593
2308.1956446313475,166.78244104510136,0.023000000000000003,0.041417760980690645,0.8694183568785174,-1.2154238873002055,0.7196238857417694,-2.8578885998680486,0.5043289364595215,-5.9457222594955965,0.35883274129200843,-8.902158742117717,0.25724987250101916,-11.792896636237124,0.15556337667400746,-16.16185277166759,0.07440921835992945,-22.567465150682185,0.06543090726061884,-23.684341155228317
2316.2987216436836,167.3679420910102,0.023000000000000003,0.04127286977828696,0.8689913715534763,-1.2196907151076024,0.7187931495864965,-2.8679214111989566,0.503118450293132,-5.9665951198507035,0.357543989200818,-8.93341037281514,0.2560266537790165,-11.834296397935926,0.15455052957135323,-16.21859004953893,0.07373361242600976,-22.64668976429521,0.06480755962893284,-23.767486637637333
2324.4302450562313,167.9554985779633,0.023,0.041128485446849626,0.8685630980723269,-1.2239725219027662,0.7179604611348351,-2.877989443392992,0.5019066353411759,-5.987541255794615,0.3562553658090831,-8.96477171447702,0.2548049878803916,-11.875841496299817,0.15354075599391467,-16.275526507463812,0.07306180123741454,-22.726192501275694,0.06418799344705178,-23.850924007889045
2332.5903147320014,168.54511772172546,0.023,0.04098460621319871,0.8681335332909728,-1.2282693602704475,0.7171258191891107,-2.8880928200953764,0.500693500397205,-6.008560924566241,0.35496688740728277,-8.996243152251113,0.2535848932850862,-11.917532441542988,0.15253406974043018,-16.332662844677294,0.07239378490755591,-22.805974337994517,0.06357220650531879,-23.934654290675468
2340.7790308845797,169.1368067633927,0.023,0.0408412303103574,0.8677026740629192,-1.2325812829799945,0.7162892225766583,-2.8982316653853935,0.49947905432270245,-6.029654384307541,0.3536785703376203,-9.027825072637258,0.2523663884683333,-11.95936974567076,0.15153048450675874,-16.389999762869117,0.07172956338124259,-22.886036254250172,0.06296019642621614,-24.018678514285842
2348.9964940793666,169.73057296948213,0.023,0.04069835597753013,0.8672705172393141,-1.236908342986015,0.7154506701500201,-2.908406103777926,0.49826330604717267,-6.050821894066721,0.35239043099357414,-9.059517863492163,0.25114949189970176,-12.00135392248593,0.15053001388478424,-16.447537966192414,0.07106913643462222,-22.966379233280875,0.06235196066454832,-24.10299771061937
2357.242805234797,170.32642363201978,0.023000000000000003,0.040555981460081235,0.8668370596689918,-1.2412505934290095,0.7146101607871459,-2.9186162602249697,0.497046264568233,-6.0720637138013736,0.3511024858194457,-9.091321914034102,0.24993422204214097,-12.043485487594989,0.1495326713613274,-16.505278161272244,0.07041250367514293,-23.047004261776486,0.06174749650764516,-24.18761291519774
2365.5180656235857,170.9243660686309,0.023,0.04041410500951328,0.8664022981985146,-1.2456080876360363,0.7137676933915934,-2.928862260117166,0.49582793895169863,-6.093380104381688,0.3498147513098975,-9.123237614847723,0.24872059735101557,-12.085764958414508,0.14853847031705839,-16.563221057214314,0.06975966454153004,-23.12791232989072,0.06114680107558117,-24.27252516717789
2373.8223768739817,171.52440762263035,0.023000000000000003,0.040272724883445396,0.8659662296722163,-1.2499808791213602,0.7129232668927271,-2.9391442292853616,0.49460833833166495,-6.114771327593682,0.34852724400948426,-9.155265357888883,0.24750863627313555,-12.128192854177524,0.14754742402541346,-16.621367365613764,0.06911061830377989,-23.20910443125337,0.060549871321412305,-24.35773550936489
2382.1558409709946,172.12655566311133,0.023,0.040131839345592314,0.8655288509322461,-1.2543690215871106,0.7120768802459223,-2.9494622940021262,0.4933874719105909,-6.136237646142354,0.3472399805121831,-9.187405536489383,0.24629835724578508,-12.17076969593981,0.14655954565151985,-16.67971780056375,0.06846536406317334,-23.29058156298231,0.059956704031433584,-24.44324498822452
2390.518560257671,172.73081758503764,0.023,0.039991446665742544,0.8650901588186116,-1.258772568923947,0.7112285324327643,-2.9598165809833348,0.49216534895937275,-6.157779323654986,0.34595297746090914,-9.219658545361884,0.24508977869573975,-12.213496006586407,0.145574848251119,-16.73827307866438,0.0678239007523029,-23.372344725695996,0.05936729582545079,-24.529054653896377
2398.910637436331,173.33720080933287,0.023000000000000003,0.03985154511973755,0.8646501501692245,-1.2631915752117084,0.7103782224612537,-2.970207217389695,0.49094197881742235,-6.179396624684306,0.34466625154703323,-9.25202478060468,0.24388291903828502,-12.256372310837932,0.14459334476950045,-16.79703391903137,0.06718622713512104,-23.454394923525513,0.058781643157073925,-24.615165560206545
2407.332175569839,173.94571278297244,0.023000000000000003,0.03971213298945036,0.8642088218199443,-1.2676260947200888,0.709525949366009,-2.980634330828316,0.4897173708927364,-6.2010898147117866,0.34337981950988694,-9.284504639706597,0.24267779667622566,-12.29939913525708,0.14361504804043623,-16.856001043304964,0.0665523418070032,-23.536733164127057,0.058199742314026276,-24.70157876468065
2415.7832780828753,174.5563609790753,0.023000000000000003,0.0395732085627644,0.8637661706046235,-1.2720761819093005,0.708671712208469,-2.9910980493543002,0.48849153466196477,-6.2228591601509,0.3420936981362627,-9.317098521551902,0.24147442999889063,-12.342577008255102,0.14263997078512114,-16.915175175658803,0.06592224319482903,-23.619360458694302,0.057621589418472056,-24.788295328556906
2424.2640487631925,175.16915289699475,0.023,0.03943477013355271,0.863322193355154,-1.2765418914307383,0.7078155100771008,-3.001598501472276,0.4872644796704775,-6.244704928350368,0.34080790425991053,-9.349806826425137,0.24027283738113564,-12.385906460098244,0.14166812561111983,-16.974557042808737,0.06529592955708259,-23.702277821970736,0.05704718042736345,-24.875316316798983
2432.7745917628977,175.78409606241124,0.023000000000000003,0.03929681600165679,0.8628768869015125,-1.2810232781276576,0.7069573420876021,-3.0121358161380063,0.486036215532426,-6.266627387597459,0.3395224547610243,-9.382629956016084,0.23907303718233774,-12.4293880229143,0.1406995250113169,-17.03414737402182,0.06467339898396832,-23.78548627226218,0.05647651113280423,-24.962642798109215
2441.315011599737,176.40119802742493,0.023,0.03915934447286574,0.862430248071807,-1.2855203970358442,0.7060972073831093,-3.0227101227599587,0.4848067519308019,-6.288626807121293,0.33823736656572256,-9.4155683134247,0.2378750477453862,-12.47302223069914,0.1397341813628727,-17.093946901125282,0.06405464939754527,-23.86898683144933,0.055909577162431855,-25.050275844941726
2449.885413158367,177.0204663706478,0.023,0.03902235385889554,0.8619822736923237,-1.2900333033842908,0.7052351051344031,-3.0333215512009017,0.4835760986174944,-6.310703457096127,0.33695265664552543,-9.448622303166028,0.23667888739567008,-12.51680961932326,0.1387721069261861,-17.153956358515444,0.06343967855188008,-23.952780525000218,0.0553463739798187,-25.138216533515518
2458.4859016916485,177.6419086972969,0.023,0.03888584247736834,0.8615329605875748,-1.2945620525958732,0.7043710345401172,-3.043970231779486,0.4823442654133422,-6.332857608644678,0.33566834201682233,-9.481792331175182,0.23548457444005932,-12.560750726538343,0.13781331384386175,-17.21417648316675,0.06282848403321666,-24.036868381982842,0.054786896884890586,-25.226465943827698
2467.116582821947,178.2655326392886,0.023000000000000003,0.03874980865179156,0.861082305580345,-1.2991067002880372,0.7035049948269438,-3.0546562952718714,0.48111126220818196,-6.355089533841479,0.33438443974033205,-9.51507880481238,0.2342921271658809,-12.604846091983928,0.13685781413968176,-17.274608014640926,0.06222106326016332,-24.121251435077873,0.05423114101436284,-25.31502515966688
2475.777562542412,178.89134585533077,0.023,0.038614250711537665,0.8606303054917417,-1.3036673022734704,0.7026369852498457,-3.0653798729132973,0.4798770989608974,-6.377399505716169,0.3331009669205617,-9.548482132867854,0.23310156383989347,-12.649096257193948,0.13590561971758733,-17.335251695095884,0.06161741348389989,-24.205930720591205,0.05367910134219672,-25.40389526862629
2484.4689472183004,179.51935603101853,0.023,0.038479166991823265,0.8601769571412409,-1.308243914560805,0.7017670050922623,-3.0761410963997298,0.47864178569945887,-6.3997877982569085,0.3318179407052517,-9.582002725566975,0.23191290270725273,-12.693501765603482,0.13495674236066135,-17.396108269295024,0.06101753178839977,-24.290907278466833,0.05313077268007111,-25.493077362117305
2493.1908435882633,180.14957087892722,0.023,0.03834455583368899,0.8597222573467389,-1.3128365933552846,0.7008950536663217,-3.0869400978894532,0.47740533252096556,-6.422254686413691,0.3305353782848219,-9.615640994575195,0.23072616199047793,-12.738063162555331,0.13401119373012224,-17.45717848461622,0.060421415090672975,-24.376182152299478,0.0525861496778752,-25.58257253538271
2501.943358765665,180.78199813870765,0.023,0.038210415583978995,0.8592662029246002,-1.3174453950594702,0.7000211303130505,-3.0977770100047026,0.4761677495916813,-6.444800446101735,0.32925329689180544,-9.64939735300315,0.22954135988840974,-12.782780995306757,0.133068985364321,-17.51846309106107,0.05982906014102506,-24.46175638934747,0.05204522682421739,-25.672381887510227
2510.7266002399056,181.41664557718178,0.023,0.03807674459532053,0.8588087906897075,-1.3220703762739303,0.6991452344025846,-3.108651965833297,0.47492904714706546,-6.467425354204903,0.3279717138002774,-9.683272215411762,0.2283585145751646,-12.827655813036245,0.13213012867774448,-17.579962841264155,0.059240463523334376,-24.54763104054568,0.0515079984469525,-25.762506521446053
2519.540675877727,182.053520988437,0.023,0.03794354122610394,0.8583500174555128,-1.3267115937979292,0.6982673653343817,-3.1195650989302655,0.4736892354918049,-6.490129688579057,0.32669064632527955,-9.717265997817265,0.22717764419908748,-12.872688166850173,0.13119463496002898,-17.641678490502187,0.0586556216553487,-24.633807160518298,0.05097445871372856,-25.852947544008288
2528.3856939245456,182.69263219392232,0.023,0.03781080384046237,0.8578898800340878,-1.3313691046301273,0.6973875225374336,-3.1305165433194886,0.47244832499983885,-6.512913728055488,0.3254101118222358,-9.75137911769634,0.22599876688169765,-12.917878609789618,0.1302625153749771,-17.703610796703316,0.058074530788998435,-24.72028580759183,0.050444601632550094,-25.943706065900592
2537.261763005786,183.3339870425451,0.023,0.03767853080825161,0.8574283752361748,-1.3360429659692903,0.696505705470478,-3.1415064334953593,0.47120632611437996,-6.535777752444366,0.3241301276863603,-9.78561199399129,0.22482190071663066,-12.96322769683717,0.12933378095958226,-17.76576052045651,0.057497187010728215,-24.807068043808176,0.04991842105235966,-26.0347832017259
2546.1689921282014,183.97759341076596,0.023,0.037546720505030315,0.856965499871239,-1.3407332352149757,0.6956219136222141,-3.152534904424402,0.46996324934793593,-6.5587220425381245,0.3228507113520638,-9.819965047115094,0.2236470637685793,-13.008735984923685,0.12840844262306306,-17.828128425020758,0.05692358624184785,-24.894154934937525,0.049395910663639055,-26.126180069999933
2555.1074906812296,184.62345920269723,0.023,0.03741537131203974,0.8565012507475204,-1.3454399699682527,0.6947361465115148,-3.1636020915469727,0.4687191052823217,-6.581746880114966,0.3215718802923464,-9.854438698956663,0.2224742740722257,-13.05440403293521,0.12748651114590095,-17.8907152763346,0.05635372423889932,-24.98154755049161,0.04887706399902592,-26.217897793165143
2564.077368438321,185.27159235019863,0.023,0.037284481616184105,0.8560356246720863,-1.3501632280323992,0.693848403687643,-3.174708130778883,0.46747390456867355,-6.604852547942275,0.3202936520181907,-9.889033372885951,0.22130354963117466,-13.100232401719762,0.1265679971788891,-17.95352184302541,0.05578759659404394,-25.069246963736703,0.048361874433950944,-26.309937497604313
2573.078735558292,185.92200081297503,0.023,0.03715404981001077,0.8555686184508849,-1.3549030674136133,0.6929586847304664,-3.1858531585130914,0.4662276579274564,-6.628039329780108,0.31901604407794426,-9.92374949375917,0.22013490841688063,-13.146221654094248,0.12565291124218714,-18.016548896418858,0.05522519873546675,-25.15725425170682,0.04785033518729145,-26.402300313654465
2582.111702586687,186.5746925786751,0.023000000000000003,0.03702407429169025,0.8551002288887981,-1.3596595463217345,0.6920669892506729,-3.1970373116213757,0.46498037614846666,-6.651307510384701,0.31773907405669466,-9.958587487924058,0.21896836836756955,-13.192372354851425,0.12474126372438268,-18.07979721054847,0.05466652592779829,-25.245570495217073,0.04734243932204272,-26.49498737562083
2591.1763804571206,187.22967566298806,0.023000000000000003,0.03689455346499687,0.854630452789696,-1.364432723170947,0.6911733168899878,-3.20826072745601,0.46373207009083495,-6.674657375511927,0.31646275957564257,-9.99354778322504,0.21780394738716147,-13.238685070766751,0.12383306488156404,-18.14326756216502,0.05411157327255651,-25.334196778876766,0.04683817974600868,-26.58799982179061
2600.2728804926473,187.88695810974284,0.023,0.036765485739288985,0.8541592869564913,-1.3692226565805001,0.6902776673213914,-3.2195235438514476,0.46248275068302197,-6.698089211920827,0.3151871182914637,-10.028630809008533,0.21664166334418583,-13.285160370605398,0.12292832483639797,-18.206960730746115,0.053560335708605133,-25.423134191102807,0.04633754921250904,-26.68133879444705
2609.401314407136,188.5465479910072,0.023000000000000003,0.03663686952948937,0.8536867281911941,-1.3740294053754374,0.6893800402493347,-3.2308258991260286,0.46123242892281086,-6.721603307377141,0.31391216789566573,-10.063836996128206,0.21548153407069426,-13.331798825129246,0.12202705357721697,-18.27087749850582,0.05301280801263054,-25.512383824133124,0.045840540321104316,-26.77500543988353
2618.5617943066245,189.20845340718577,0.023,0.036508703256066005,0.8532127732949675,-1.378853028587303,0.68848043540996,-3.24216793208366,0.4599811158772981,-6.74519995065681,0.31263792611394076,-10.09916677695025,0.21432357736117202,-13.378601007103839,0.12112926095711608,-18.335018650404145,0.052468984799637915,-25.601946774039934,0.04534714551833979,-26.86900090841746
2627.7544326907177,189.87268248712098,0.023,0.03638098534501238,0.852737419068183,-1.3836935854548837,0.6875788525713173,-3.253549782015538,0.45872882268287674,-6.768879431549568,0.3113644107055063,-10.134620585358746,0.21316781097144252,-13.425567491305497,0.12023495669305548,-18.399384974156835,0.05192886052346349,-25.69182414074339,0.04485735709850506,-26.96332635440463
2636.979342453949,190.5392433881915,0.023,0.0362537142278284,0.8522606623104778,-1.3885511354249211,0.6866752915335859,-3.2649715887018433,0.45747556054522,-6.792642040862455,0.3100916394624457,-10.170198856760912,0.21201425261757295,-13.472698854528296,0.11934415036497556,-18.463977260244906,0.05139242947730733,-25.7820170280249,0.04437116720441352,-27.057982936253204
2646.2366368871762,191.20814429641302,0.023,0.036126888341501066,0.8517824998208108,-1.3934257381528516,0.6857697521292928,-3.2764334924134615,0.4562213407392577,-6.816488070423409,0.3088196302090376,-10.205902028092508,0.21086291997477374,-13.519995675591181,0.11845685141491814,-18.528796301924405,0.05085968579428239,-25.872526543540783,0.0438885678281977,-27.152971816437997
2655.52642967898,191.87939342653937,0.022999999999999996,0.03600050612848511,0.85130292839752,-1.3983174535035368,0.6848622342235328,-3.2879356339137207,0.45496617460914934,-6.840417813084868,0.3075484008010792,-10.2417305378232,0.2097138306762952,-13.567458535345125,0.11757306914615692,-18.593842895236218,0.05033062344798193,-25.96335379883594,0.04340955081212221,-27.248294161514863
2664.8488349170448,192.55299902216228,0.023000000000000003,0.03587456603668414,0.8508219448383807,-1.403226341551996,0.6839527377141904,-3.2994781544600977,0.453710073568255,-6.864431562727332,0.3062779691252062,-10.277684825961915,0.20856700231232378,-13.615088016680177,0.1166928127223395,-18.65911783901573,0.04980523625306624,-26.054499909357332,0.04293410784941526,-27.343951142134838
2674.203967089568,193.22896935581315,0.023,0.035749066519431404,0.8503395459406637,-1.408152462584145,0.6830412625321611,-3.311061195805964,0.4524530490991005,-6.888529614262984,0.30500835309820296,-10.313765334062257,0.20742245242887308,-13.662884704532658,0.11581609116663649,-18.724621934902693,0.04928351786586617,-26.145965994467787,0.042462230485116305,-27.43994393305862
2683.5919410866723,193.90731272906524,0.023,0.035624006035470765,0.8498557285011934,-1.4130958770975437,0.6821278086415721,-3.3226849002023338,0.45119511275333746,-6.912712263639338,0.303739570666306,-10.349972505227958,0.20628019852667204,-13.710849185892389,0.1149429133609001,-18.790355987351127,0.048765461785004495,-26.237753177459805,0.041993910116940876,-27.536273713171067
2693.0128722018003,194.58803747263426,0.023000000000000003,0.03549938304893796,0.8493704893164081,-1.4180566458021242,0.6812123760400065,-3.3343494103995908,0.44993627615170334,-6.936979807842826,0.30247163980450475,-10.386306784118265,0.20514025806005354,-13.758982049809806,0.1140732880448352,-18.856320803639065,0.04825106135203694,-26.329862585569185,0.04152913799616407,-27.632941665495455
2702.466876133151,195.2711519464823,0.023000000000000003,0.03537519602934148,0.8488838251824188,-1.4230348296209532,0.6802949647587243,-3.346054869649268,0.44867655098397174,-6.9613325449025,0.30120457851583,-10.42276861695347,0.2040026484358358,-13.807283887403303,0.1132072238151764,-18.92251719387862,0.04774030975210886,-26.422295349989046,0.04106790522851872,-27.729948977208302
2711.95406898508,195.95666453991893,0.023,0.03525144345154404,0.8483957328950703,-1.428030489690964,0.6793755748628876,-3.357801421705781,0.44741594900890436,-6.985770773893635,0.29993840483064216,-10.459358451520306,0.20286738701220672,-13.855755291866384,0.11234472912487872,-18.988945971025792,0.047233200014631986,-26.51505260588358,0.04061020277511316,-27.827296839653656
2721.474567269538,196.64458367170516,0.022999999999999996,0.03512812379574369,0.8479062092500014,-1.4330436873637196,0.6784542064517836,-3.369589210828207,0.44615448205419406,-7.010294794941441,0.2986731368059079,-10.496076737177516,0.20173449109760136,-13.904396858475014,0.11148581228231617,-19.055607950890547,0.04672972501397756,-26.60813549240204,0.04015602145336382,-27.924986448357892
2731.028487907504,197.33491779015708,0.023000000000000003,0.035005235547455105,0.8474152510427058,-1.4380744842061643,0.6775308596590482,-3.3814183817820616,0.4448921620164054,-7.034904909224747,0.29740879252447205,-10.532923924861361,0.20060397794957888,-13.953209184594941,0.11063048145049088,-19.122503952146825,0.04622987747018744,-26.701545152692823,0.03970535193794518,-28.02301900304444
2740.6159482304092,198.0276753732486,0.023,0.03488277719749115,0.846922855068595,-1.443122942001371,0.6766055346528929,-3.3932890798410615,0.44362900086091256,-7.059601418979678,0.29614539009432467,-10.569900467091122,0.19947586477369889,-14.002192869688976,0.10977874464625431,-19.18963479634255,0.045733649949704074,-26.795282733917347,0.03925818476175739,-28.121395707648333
2750.2370659815842,198.72286492871612,0.023000000000000003,0.03476074724194429,0.8464290181230596,-1.4481891227493084,0.6756782316363282,-3.4052014507889163,0.44236501062183037,-7.084384627503377,0.2948829476478597,-10.607006817974671,0.19835016872239372,-14.051348515324378,0.10893060973953762,-19.257001307909732,0.04524103486611702,-26.889349387264197,0.038814510316909134,-28.220117770331132
2759.891959317715,199.4204949941637,0.023,0.034639144182167944,0.8459337370015318,-1.4532730886676062,0.6747489508473896,-3.41715564092113,0.44110020340194117,-7.109254839157753,0.2936214833411262,-10.644243433214093,0.19722690689383837,-14.100676725180293,0.10808608445259242,-19.324604314174664,0.04475202448092691,-26.9837462679634,0.03837431885571721,-28.3191864034958
2769.5807468102726,200.12057413716636,0.023,0.03451796652475839,0.8454370084995501,-1.458374902192305,0.6738176925593653,-3.4291517970467704,0.4398345913726207,-7.1342123593731674,0.29236101535307735,-10.681610770111208,0.19610609633082213,-14.150178105055069,0.10724517635924496,-19.39244464536795,0.04426661090432878,-27.078474535300366,0.03793760049172369,-28.4186028238014
2779.303547446992,200.823110955377,0.023,0.0343972127815361,0.8449388294128211,-1.4634946259786368,0.6728844570810203,-3.4411900664903072,0.43856818677375403,-7.159257494652249,0.29110156188480724,-10.719109287573259,0.19498775401961363,-14.1998532628738,0.10640789288415813,-19.460523134634848,0.04378478609601045,-27.173535352630363,0.03750434520072731,-28.518368252178302
2789.060480633315,201.52811407663052,0.023000000000000003,0.03427688146952778,0.8444391965372856,-1.468632322901786,0.6719492447568259,-3.4532705970933892,0.4373010019136527,-7.184390552573602,0.289843141158787,-10.756739446118488,0.19387189688882892,-14.249702808695709,0.10557424130210771,-19.528840618045372,0.04330654186597064,-27.26892988739262,0.03707454282183301,-28.618483913842915
2798.8516661938634,202.23559215905044,0.023000000000000003,0.034156971110947947,0.8439381066691826,-1.4737880560576637,0.6710120559671865,-3.4653935372166695,0.4360330491689636,-7.209611841795601,0.288585771418091,-10.79450170788181,0.19275854180829508,-14.299727354721663,0.10474422873726837,-19.597397934604615,0.04283186987535297,-27.364659311124736,0.0366481830585161,-28.71895103831286
2808.6772243739215,202.9455538911559,0.023,0.03403748023318075,0.8434355566051139,-1.4789618887636897,0.6700728911286655,-3.4775590357416504,0.43476434098457367,-7.234921672060215,0.2873294709256156,-10.832396536620543,0.19164770558791236,-14.34992751530175,0.10391786216251056,-19.666195926263125,0.04236076163729738,-27.460724799477166,0.036225255479702345,-28.819770859422178
2818.5372758408926,203.65800799196694,0.023000000000000003,0.033918407368762074,0.8429315431421115,-1.4841538845595583,0.6691317506942169,-3.489767242072474,0.43349488987351265,-7.2603203541967565,0.2860742579632969,-10.870424397720006,0.190539404976518,-14.400303906942737,0.1030951483987119,-19.735235437927095,0.04189320851780987,-27.55712753222747,0.03580574952086506,-28.920944615336246
2828.431941685792,204.37296321111236,0.023000000000000003,0.03379975105536143,0.8424260630777031,-1.4893641072080221,0.6681886351534119,-3.502018306137782,0.4322247084168487,-7.285808200125729,0.28482015083131657,-10.908585758199296,0.18943365666074602,-14.450857148315674,0.10227609411407776,-19.80451731746883,0.0414292017366483,-27.653868693294893,0.03538965448513638,-29.022473548567127
2838.3613434247422,205.0904283289378,0.023,0.03368150983576384,0.8419191132099784,-1.494592620695685,0.6672435450326675,-3.5143123783925576,0.43095380926357885,-7.311385522862675,0.28356716784730285,-10.946881086717045,0.1883304772638859,-14.501587860263541,0.10146070582347401,-19.874042415737218,0.04096873236822503,-27.750949470755018,0.034976959544434354,-29.12435890598889
2848.325603000446,205.81041215661213,0.023,0.03356368225785223,0.8414106903376577,-1.4998394892337743,0.6662964808954781,-3.5266496098199553,0.42968220513051886,-7.3370526365219755,0.2823153273455286,-10.985310853577104,0.18722988334474341,-14.55249666580878,0.10064898988777456,-19.94381158656802,0.04051179134252804,-27.848371056854127,0.03456765374060625,-29.22660193885273
2858.324842783696,206.53292353623658,0.023,0.03344626687458941,0.8409007912601596,-1.5051047772589339,0.6653474433426437,-3.539030151933171,0.42840990880218394,-7.362809856320732,0.2810646476760985,-11.023875530734358,0.18613189139649722,-14.603584190161012,0.09984095251321798,-20.01382568679448,0.04005836944605726,-27.946134648023996,0.03416172598658598,-29.32920390280248
2868.3591855748837,207.2579713409537,0.023,0.03332926224400026,0.8403894127776682,-1.5103885494340252,0.6643964330125001,-3.551454156777302,0.4271369331306657,-7.3886574985826625,0.2798151472041315,-11.062575591800561,0.18503651784555566,-14.654851060724727,0.09903659975077786,-20.08408557625784,0.039608457322778186,-28.04424144489662,0.03375916506756664,-29.43216605789005
2878.4287546054884,207.98556447505507,0.023000000000000003,0.033212666929154235,0.8398765516912043,-1.5156908706489023,0.6634434505811504,-3.563921776931202,0.4258632910355078,-7.414595880741926,0.2785668443089395,-11.101411512050065,0.18394377905041517,-14.706297907106913,0.09823593749554702,-20.15459211781783,0.03916204547509296,-28.1426926523188,0.03335995964218909,-29.535489668590763
2888.5336735396127,208.71571187409205,0.022999999999999996,0.033096479498147445,0.8393622048026931,-1.5210118060212274,0.6624884967626948,-3.576433165509372,0.4245889955035713,-7.440625321347084,0.2773197573831959,-11.140383768425748,0.1828536913005147,-14.757925361124881,0.09743897148613194,-20.225346177363342,0.038719124264826585,-28.241489479367115,0.03296409824374357,-29.63917600381905
2898.6740664754825,209.44842250498445,0.023,0.032980698524085306,0.8388463689150351,-1.5263514208972595,0.6615315723094629,-3.588988476163826,0.42331405958890017,-7.466746140064973,0.27607390483210126,-11.179492839544796,0.1817662708150928,-14.809734056813951,0.09664570730406236,-20.29634862382302,0.03827968391423098,-28.34063313936263,0.03257156928138739,-29.7432263369439
2908.8500579469787,210.18370536613088,0.023000000000000003,0.03286532258506494,0.8383290408321767,-1.5317097808526592,0.6605726780122446,-3.6015878630859826,0.4220384964125793,-7.49295865768463,0.27482930507254133,-11.218739205704612,0.1806815337420433,-14.861724630435258,0.09585615037321299,-20.367600329175897,0.03784371450700447,-28.440124849885855,0.032182361041376256,-29.84764194580452
2919.0617729251753,210.92156948752015,0.023,0.03275035026415758,0.8378102173591815,-1.537086951693298,0.6596118147005218,-3.614231481008565,0.42076231916258694,-7.519263196121267,0.27358597653223743,-11.258123348888752,0.17959949615676923,-14.91389772048362,0.09507030595923727,-20.43910216846223,0.03741120598932737,-28.539965832791772,0.031796461688309574,-29.952424112726156
2929.309336819858,211.66202393084086,0.023,0.03263578014939137,0.8372898953023015,-1.5424829994560605,0.6586489832427008,-3.6269194852074946,0.4194855410936453,-7.54566007842019,0.2723439376488951,-11.297645752772771,0.1785201740610407,-14.966253967695295,0.09428817916901681,-20.510855019794107,0.0369821481709148,-28.640157314224695,0.031413859266390856,-30.057574124535673
2939.5928754810698,212.40507778959318,0.023,0.032521610833733956,0.8367680714690501,-1.5478979904096586,0.6576841845463457,-3.6396520315037924,0.41820817552706385,-7.572149628760762,0.2711032068693428,-11.337306902730202,0.1774435833818497,-15.018794015055876,0.09350977495012285,-20.58285976436627,0.03655653072608433,-28.74070052463339,0.03103454170070127,-30.1630932725774
2949.9125152006695,213.1507401892013,0.023,0.032407840915075085,0.8362447426682743,-1.5533319910554468,0.656717419558409,-3.6524292762655106,0.4169302358505768,-7.598732172460431,0.26986380264866466,-11.377107285838548,0.17636973997026492,-15.071518507808257,0.09273509809029012,-20.655117286467025,0.03613434319483956,-28.841596698786276,0.030658496798486586,-30.26898285272912
2960.2683827138603,213.89902028712405,0.023000000000000003,0.03229446899620961,0.8357199057102288,-1.5587850681282347,0.6557486892654668,-3.665251376409635,0.41565173551817913,-7.625408035978665,0.2686257434493311,-11.417047390885182,0.1752986596002903,-15.124428093460445,0.09196415321690767,-20.727628473488963,0.0357155749839704,-28.94284707578642,0.030285712250458986,-30.37524416541777
2970.6606052007687,214.6499272729689,0.023,0.032181493684820074,0.8351935574066489,-1.5642572885971129,0.6547779946939507,-3.6781184894040226,0.4143726880499533,-7.652177546921012,0.26738904774031796,-11.457127708373452,0.17423035796771996,-15.177523421793612,0.09119694479651987,-20.80039421593999,0.03530021536816754,-29.044452899086938,0.029916175632110614,-30.481878515635636
2981.0893102879877,215.40347036860354,0.023,0.032068913593459855,0.8346656945708262,-1.569748719666268,0.6538053369103819,-3.6910307732693326,0.41309310703189445,-7.679041034043093,0.266153733996225,-11.497348730528609,0.17316485068899745,-15.23080514487,0.0904334771343444,-20.87341540745415,0.03488825349115373,-29.146415416506102,0.029549874405041802,-30.588887212956184
2991.5546260501505,216.15965882826941,0.023000000000000003,0.03195672733953602,0.8341363140176833,-1.575259428775808,0.6528307170216058,-3.703988386580954,0.41181300611572924,-7.7059988272546285,0.26491982069638537,-11.537710951303893,0.17210215330007353,-15.284273917040949,0.08967375437380289,-20.94669294480264,0.034479678366829435,-29.24873588024271,0.029186795918301398,-30.696271571550206
3002.056681011516,216.76989309769573,0.02298424291467777,0.03186676516867077,0.8337093555962007,-1.579706499482186,0.6520452708134493,-3.7144450122959514,0.41078287409782066,-7.72775341638583,0.2639282408149135,-11.570282739450608,0.17124932719099187,-15.327422522002836,0.08906532391497975,-21.00582696608745,0.03415345482409757,-29.331307166061134,0.02889705152139538,-30.782929354774495
3012.595604147526,216.76989309769573,0.022903837443368016,0.03186676516867077,0.8337093555962007,-1.579706499482186,0.6520452708134493,-3.7144450122959514,0.41078287409782066,-7.72775341638583,0.2639282408149135,-11.570282739450608,0.17124932719099187,-15.327422522002836,0.08906532391497975,-21.00582696608745,0.03415345482409757,-29.331307166061134,0.02889705152139538,-30.782929354774495
3023.1715248863993,216.76989309769573,0.022823713253449222,0.03186676516867077,0.8337093555962007,-1.579706499482186,0.6520452708134493,-3.7144450122959514,0.41078287409782066,-7.72775341638583,0.2639282408149135,-11.570282739450608,0.17124932719099187,-15.327422522002836,0.08906532391497975,-21.00582696608745,0.03415345482409757,-29.331307166061134,0.02889705152139538,-30.782929354774495
3033.7845731107304,216.76989309769573,0.022743869360918385,0.03186676516867077,0.8337093555962007,-1.579706499482186,0.6520452708134493,-3.7144450122959514,0.41078287409782066,-7.72775341638583,0.2639282408149135,-11.570282739450608,0.17124932719099187,-15.327422522002836,0.08906532391497975,-21.00582696608745,0.03415345482409757,-29.331307166061134,0.02889705152139538,-30.782929354774495
3044.434879159064,216.76989309769573,0.022664304785214924,0.03186676516867077,0.8337093555962007,-1.579706499482186,0.6520452708134493,-3.7144450122959514,0.41078287409782066,-7.72775341638583,0.2639282408149135,-11.570282739450608,0.17124932719099187,-15.327422522002836,0.08906532391497975,-21.00582696608745,0.03415345482409757,-29.331307166061134,0.02889705152139538,-30.782929354774495
3055.1225738275184,216.76989309769573,0.022585018549208462,0.03186676516867077,0.8337093555962007,-1.579706499482186,0.6520452708134493,-3.7144450122959514,0.41078287409782066,-7.72775341638583,0.2639282408149135,-11.570282739450608,0.17124932719099187,-15.327422522002836,0.08906532391497975,-21.00582696608745,0.03415345482409757,-29.331307166061134,0.02889705152139538,-30.782929354774495
3065.847788371372,216.76989309769573,0.022506009679186947,0.03186676516867077,0.8337093555962007,-1.579706499482186,0.6520452708134493,-3.7144450122959514,0.41078287409782066,-7.72775341638583,0.2639282408149135,-11.570282739450608,0.17124932719099187,-15.327422522002836,0.08906532391497975,-21.00582696608745,0.03415345482409757,-29.331307166061134,0.02889705152139538,-30.782929354774495
3076.6106545066827,216.76989309769573,0.022427277204844682,0.03186676516867077,0.8337093555962007,-1.579706499482186,0.6520452708134493,-3.7144450122959514,0.41078287409782066,-7.72775341638583,0.2639282408149135,-11.570282739450608,0.17124932719099187,-15.327422522002836,0.08906532391497975,-21.00582696608745,0.03415345482409757,-29.331307166061134,0.02889705152139538,-30.782929354774495
3087.411304411917,216.76989309769573,0.022348820159270276,0.03186676516867077,0.8337093555962007,-1.579706499482186,0.6520452708134493,-3.7144450122959514,0.41078287409782066,-7.72775341638583,0.2639282408149135,-11.570282739450608,0.17124932719099187,-15.327422522002836,0.08906532391497975,-21.00582696608745,0.03415345482409757,-29.331307166061134,0.02889705152139538,-30.782929354774495
3098.249870729553,216.76989309769573,0.022270637578934972,0.03186676516867077,0.8337093555962007,-1.579706499482186,0.6520452708134493,-3.7144450122959514,0.41078287409782066,-7.72775341638583,0.2639282408149135,-11.570282739450608,0.17124932719099187,-15.327422522002836,0.08906532391497975,-21.00582696608745,0.03415345482409757,-29.331307166061134,0.02889705152139538,-30.782929354774495
3109.126486567719,216.76989309769573,0.022192728503680686,0.03186676516867077,0.8337093555962007,-1.579706499482186,0.6520452708134493,-3.7144450122959514,0.41078287409782066,-7.72775341638583,0.2639282408149135,-11.570282739450608,0.17124932719099187,-15.327422522002836,0.08906532391497975,-21.00582696608745,0.03415345482409757,-29.331307166061134,0.02889705152139538,-30.782929354774495
3120.041285501838,216.76989309769573,0.02211509197670819,0.03186676516867077,0.8337093555962007,-1.579706499482186,0.6520452708134493,-3.7144450122959514,0.41078287409782066,-7.72775341638583,0.2639282408149135,-11.570282739450608,0.17124932719099187,-15.327422522002836,0.08906532391497975,-21.00582696608745,0.03415345482409757,-29.331307166061134,0.02889705152139538,-30.782929354774495
3130.994401576246,216.76989309769573,0.022037727044565497,0.03186676516867077,0.8337093555962007,-1.579706499482186,0.6520452708134493,-3.7144450122959514,0.41078287409782066,-7.72775341638583,0.2639282408149135,-11.570282739450608,0.17124932719099187,-15.327422522002836,0.08906532391497975,-21.00582696608745,0.03415345482409757,-29.331307166061134,0.02889705152139538,-30.782929354774495
3141.985969305864,216.76989309769573,0.021960632757135983,0.03186676516867077,0.8337093555962007,-1.579706499482186,0.6520452708134493,-3.7144450122959514,0.41078287409782066,-7.72775341638583,0.2639282408149135,-11.570282739450608,0.17124932719099187,-15.327422522002836,0.08906532391497975,-21.00582696608745,0.03415345482409757,-29.331307166061134,0.02889705152139538,-30.782929354774495
3153.0161236778254,216.76989309769573,0.02188380816762687,0.03186676516867077,0.8337093555962007,-1.579706499482186,0.6520452708134493,-3.7144450122959514,0.41078287409782066,-7.72775341638583,0.2639282408149135,-11.570282739450608,0.17124932719099187,-15.327422522002836,0.08906532391497975,-21.00582696608745,0.03415345482409757,-29.331307166061134,0.02889705152139538,-30.782929354774495
3164.085000153147,216.76989309769573,0.02180725233255753,0.03186676516867077,0.8337093555962007,-1.579706499482186,0.6520452708134493,-3.7144450122959514,0.41078287409782066,-7.72775341638583,0.2639282408149135,-11.570282739450608,0.17124932719099187,-15.327422522002836,0.08906532391497975,-21.00582696608745,0.03415345482409757,-29.331307166061134,0.02889705152139538,-30.782929354774495
3175.1927346683997,216.76989309769573,0.021730964311747834,0.03186676516867077,0.8337093555962007,-1.579706499482186,0.6520452708134493,-3.7144450122959514,0.41078287409782066,-7.72775341638583,0.2639282408149135,-11.570282739450608,0.17124932719099187,-15.327422522002836,0.08906532391497975,-21.00582696608745,0.03415345482409757,-29.331307166061134,0.02889705152139538,-30.782929354774495
3186.339463637358,216.76989309769573,0.02165494316830675,0.03186676516867077,0.8337093555962007,-1.579706499482186,0.6520452708134493,-3.7144450122959514,0.41078287409782066,-7.72775341638583,0.2639282408149135,-11.570282739450608,0.17124932719099187,-15.327422522002836,0.08906532391497975,-21.00582696608745,0.03415345482409757,-29.331307166061134,0.02889705152139538,-30.782929354774495
3197.5253239526887,216.76989309769573,0.021579187968620742,0.03186676516867077,0.8337093555962007,-1.579706499482186,0.6520452708134493,-3.7144450122959514,0.41078287409782066,-7.72775341638583,0.2639282408149135,-11.570282739450608,0.17124932719099187,-15.327422522002836,0.08906532391497975,-21.00582696608745,0.03415345482409757,-29.331307166061134,0.02889705152139538,-30.782929354774495
3208.750452987637,216.76989309769573,0.02150369778234227,0.03186676516867077,0.8337093555962007,-1.579706499482186,0.6520452708134493,-3.7144450122959514,0.41078287409782066,-7.72775341638583,0.2639282408149135,-11.570282739450608,0.17124932719099187,-15.327422522002836,0.08906532391497975,-21.00582696608745,0.03415345482409757,-29.331307166061134,0.02889705152139538,-30.782929354774495
3220.014988597694,216.76989309769573,0.0214284716823785,0.03186676516867077,0.8337093555962007,-1.579706499482186,0.6520452708134493,-3.7144450122959514,0.41078287409782066,-7.72775341638583,0.2639282408149135,-11.570282739450608,0.17124932719099187,-15.327422522002836,0.08906532391497975,-21.00582696608745,0.03415345482409757,-29.331307166061134,0.02889705152139538,-30.782929354774495
3231.319069122315,216.76989309769573,0.021353508744879738,0.03186676516867077,0.8337093555962007,-1.579706499482186,0.6520452708134493,-3.7144450122959514,0.41078287409782066,-7.72775341638583,0.2639282408149135,-11.570282739450608,0.17124932719099187,-15.327422522002836,0.08906532391497975,-21.00582696608745,0.03415345482409757,-29.331307166061134,0.02889705152139538,-30.782929354774495
3242.6628333865956,216.76989309769573,0.02127880804922826,0.03186676516867077,0.8337093555962007,-1.579706499482186,0.6520452708134493,-3.7144450122959514,0.41078287409782066,-7.72775341638583,0.2639282408149135,-11.570282739450608,0.17124932719099187,-15.327422522002836,0.08906532391497975,-21.00582696608745,0.03415345482409757,-29.331307166061134,0.02889705152139538,-30.782929354774495
3254.046420702986,216.76989309769573,0.02120436867802692,0.03186676516867077,0.8337093555962007,-1.579706499482186,0.6520452708134493,-3.7144450122959514,0.41078287409782066,-7.72775341638583,0.2639282408149135,-11.570282739450608,0.17124932719099187,-15.327422522002836,0.08906532391497975,-21.00582696608745,0.03415345482409757,-29.331307166061134,0.02889705152139538,-30.782929354774495
3265.469970873012,216.76989309769573,0.021130189717087827,0.03186676516867077,0.8337093555962007,-1.579706499482186,0.6520452708134493,-3.7144450122959514,0.41078287409782066,-7.72775341638583,0.2639282408149135,-11.570282739450608,0.17124932719099187,-15.327422522002836,0.08906532391497975,-21.00582696608745,0.03415345482409757,-29.331307166061134,0.02889705152139538,-30.782929354774495
3276.9336241889723,216.76989309769573,0.021056270255421245,0.03186676516867077,0.8337093555962007,-1.579706499482186,0.6520452708134493,-3.7144450122959514,0.41078287409782066,-7.72775341638583,0.2639282408149135,-11.570282739450608,0.17124932719099187,-15.327422522002836,0.08906532391497975,-21.00582696608745,0.03415345482409757,-29.331307166061134,0.02889705152139538,-30.782929354774495
3288.4375214356714,216.76989309769573,0.020982609385224345,0.03186676516867077,0.8337093555962007,-1.579706499482186,0.6520452708134493,-3.7144450122959514,0.41078287409782066,-7.72775341638583,0.2639282408149135,-11.570282739450608,0.17124932719099187,-15.327422522002836,0.08906532391497975,-21.00582696608745,0.03415345482409757,-29.331307166061134,0.02889705152139538,-30.782929354774495
3299.981803892159,216.76989309769573,0.020909206201869975,0.03186676516867077,0.8337093555962007,-1.579706499482186,0.6520452708134493,-3.7144450122959514,0.41078287409782066,-7.72775341638583,0.2639282408149135,-11.570282739450608,0.17124932719099187,-15.327422522002836,0.08906532391497975,-21.00582696608745,0.03415345482409757,-29.331307166061134,0.02889705152139538,-30.782929354774495
3311.5666133334425,216.76989309769573,0.020836059803895714,0.03186676516867077,0.8337093555962007,-1.579706499482186,0.6520452708134493,-3.7144450122959514,0.41078287409782066,-7.72775341638583,0.2639282408149135,-11.570282739450608,0.17124932719099187,-15.327422522002836,0.08906532391497975,-21.00582696608745,0.03415345482409757,-29.331307166061134,0.02889705152139538,-30.782929354774495
3323.192092032242,216.76989309769573,0.020763169292992694,0.03186676516867077,0.8337093555962007,-1.579706499482186,0.6520452708134493,-3.7144450122959514,0.41078287409782066,-7.72775341638583,0.2639282408149135,-11.570282739450608,0.17124932719099187,-15.327422522002836,0.08906532391497975,-21.00582696608745,0.03415345482409757,-29.331307166061134,0.02889705152139538,-30.782929354774495
3334.858382760744,216.76989309769573,0.020690533773994546,0.03186676516867077,0.8337093555962007,-1.579706499482186,0.6520452708134493,-3.7144450122959514,0.41078287409782066,-7.72775341638583,0.2639282408149135,-11.570282739450608,0.17124932719099187,-15.327422522002836,0.08906532391497975,-21.00582696608745,0.03415345482409757,-29.331307166061134,0.02889705152139538,-30.782929354774495
3346.5656287923352,216.76989309769573,0.02061815235486651,0.03186676516867077,0.8337093555962007,-1.579706499482186,0.6520452708134493,-3.7144450122959514,0.41078287409782066,-7.72775341638583,0.2639282408149135,-11.570282739450608,0.17124932719099187,-15.327422522002836,0.08906532391497975,-21.00582696608745,0.03415345482409757,-29.331307166061134,0.02889705152139538,-30.782929354774495
3358.3139739033845,216.76989309769573,0.02054602414669435,0.03186676516867077,0.8337093555962007,-1.579706499482186,0.6520452708134493,-3.7144450122959514,0.41078287409782066,-7.72775341638583,0.2639282408149135,-11.570282739450608,0.17124932719099187,-15.327422522002836,0.08906532391497975,-21.00582696608745,0.03415345482409757,-29.331307166061134,0.02889705152139538,-30.782929354774495
3370.103562374989,216.76989309769573,0.020474148263673574,0.03186676516867077,0.8337093555962007,-1.579706499482186,0.6520452708134493,-3.7144450122959514,0.41078287409782066,-7.72775341638583,0.2639282408149135,-11.570282739450608,0.17124932719099187,-15.327422522002836,0.08906532391497975,-21.00582696608745,0.03415345482409757,-29.331307166061134,0.02889705152139538,-30.782929354774495
3381.9345389947525,216.76989309769573,0.020402523823098477,0.03186676516867077,0.8337093555962007,-1.579706499482186,0.6520452708134493,-3.7144450122959514,0.41078287409782066,-7.72775341638583,0.2639282408149135,-11.570282739450608,0.17124932719099187,-15.327422522002836,0.08906532391497975,-21.00582696608745,0.03415345482409757,-29.331307166061134,0.02889705152139538,-30.782929354774495
3393.807049058578,216.76989309769573,0.020331149945351252,0.03186676516867077,0.8337093555962007,-1.579706499482186,0.6520452708134493,-3.7144450122959514,0.41078287409782066,-7.72775341638583,0.2639282408149135,-11.570282739450608,0.17124932719099187,-15.327422522002836,0.08906532391497975,-21.00582696608745,0.03415345482409757,-29.331307166061134,0.02889705152139538,-30.782929354774495
3405.721238372427,216.76989309769573,0.02026002575389132,0.03186676516867077,0.8337093555962007,-1.579706499482186,0.6520452708134493,-3.7144450122959514,0.41078287409782066,-7.72775341638583,0.2639282408149135,-11.570282739450608,0.17124932719099187,-15.327422522002836,0.08906532391497975,-21.00582696608745,0.03415345482409757,-29.331307166061134,0.02889705152139538,-30.782929354774495
3417.677253254124,216.76989309769573,0.020189150375244474,0.03186676516867077,0.8337093555962007,-1.579706499482186,0.6520452708134493,-3.7144450122959514,0.41078287409782066,-7.72775341638583,0.2639282408149135,-11.570282739450608,0.17124932719099187,-15.327422522002836,0.08906532391497975,-21.00582696608745,0.03415345482409757,-29.331307166061134,0.02889705152139538,-30.782929354774495
3429.675240535163,216.76989309769573,0.020118522938992123,0.03186676516867077,0.8337093555962007,-1.579706499482186,0.6520452708134493,-3.7144450122959514,0.41078287409782066,-7.72775341638583,0.2639282408149135,-11.570282739450608,0.17124932719099187,-15.327422522002836,0.08906532391497975,-21.00582696608745,0.03415345482409757,-29.331307166061134,0.02889705152139538,-30.782929354774495
3441.7153475624855,216.76989309769573,0.02004814257776072,0.03186676516867077,0.8337093555962007,-1.579706499482186,0.6520452708134493,-3.7144450122959514,0.41078287409782066,-7.72775341638583,0.2639282408149135,-11.570282739450608,0.17124932719099187,-15.327422522002836,0.08906532391497975,-21.00582696608745,0.03415345482409757,-29.331307166061134,0.02889705152139538,-30.782929354774495
3453.797722200317,216.76989309769573,0.019978008427210973,0.03186676516867077,0.8337093555962007,-1.579706499482186,0.6520452708134493,-3.7144450122959514,0.41078287409782066,-7.72775341638583,0.2639282408149135,-11.570282739450608,0.17124932719099187,-15.327422522002836,0.08906532391497975,-21.00582696608745,0.03415345482409757,-29.331307166061134,0.02889705152139538,-30.782929354774495
3465.9225128319617,216.76989309769573,0.019908119626027346,0.03186676516867077,0.8337093555962007,-1.579706499482186,0.6520452708134493,-3.7144450122959514,0.41078287409782066,-7.72775341638583,0.2639282408149135,-11.570282739450608,0.17124932719099187,-15.327422522002836,0.08906532391497975,-21.00582696608745,0.03415345482409757,-29.331307166061134,0.02889705152139538,-30.782929354774495
3478.089868361633,216.76989309769573,0.019838475315907437,0.03186676516867077,0.8337093555962007,-1.579706499482186,0.6520452708134493,-3.7144450122959514,0.41078287409782066,-7.72775341638583,0.2639282408149135,-11.570282739450608,0.17124932719099187,-15.327422522002836,0.08906532391497975,-21.00582696608745,0.03415345482409757,-29.331307166061134,0.02889705152139538,-30.782929354774495
3490.2999382162925,216.76989309769573,0.019769074641551365,0.03186676516867077,0.8337093555962007,-1.579706499482186,0.6520452708134493,-3.7144450122959514,0.41078287409782066,-7.72775341638583,0.2639282408149135,-11.570282739450608,0.17124932719099187,-15.327422522002836,0.08906532391497975,-21.00582696608745,0.03415345482409757,-29.331307166061134,0.02889705152139538,-30.782929354774495
3502.5528723474654,216.76989309769573,0.019699916750651397,0.03186676516867077,0.8337093555962007,-1.579706499482186,0.6520452708134493,-3.7144450122959514,0.41078287409782066,-7.72775341638583,0.2639282408149135,-11.570282739450608,0.17124932719099187,-15.327422522002836,0.08906532391497975,-21.00582696608745,0.03415345482409757,-29.331307166061134,0.02889705152139538,-30.782929354774495
3514.8488212330913,216.76989309769573,0.01963100079388142,0.03186676516867077,0.8337093555962007,-1.579706499482186,0.6520452708134493,-3.7144450122959514,0.41078287409782066,-7.72775341638583,0.2639282408149135,-11.570282739450608,0.17124932719099187,-15.327422522002836,0.08906532391497975,-21.00582696608745,0.03415345482409757,-29.331307166061134,0.02889705152139538,-30.782929354774495
3527.187935879384,216.76989309769573,0.01956232592488645,0.03186676516867077,0.8337093555962007,-1.579706499482186,0.6520452708134493,-3.7144450122959514,0.41078287409782066,-7.72775341638583,0.2639282408149135,-11.570282739450608,0.17124932719099187,-15.327422522002836,0.08906532391497975,-21.00582696608745,0.03415345482409757,-29.331307166061134,0.02889705152139538,-30.782929354774495
3539.5703678226605,216.76989309769573,0.01949389130027236,0.03186676516867077,0.8337093555962007,-1.579706499482186,0.6520452708134493,-3.7144450122959514,0.41078287409782066,-7.72775341638583,0.2639282408149135,-11.570282739450608,0.17124932719099187,-15.327422522002836,0.08906532391497975,-21.00582696608745,0.03415345482409757,-29.331307166061134,0.02889705152139538,-30.782929354774495
3551.9962691312303,216.76989309769573,0.019425696079595392,0.03186676516867077,0.8337093555962007,-1.579706499482186,0.6520452708134493,-3.7144450122959514,0.41078287409782066,-7.72775341638583,0.2639282408149135,-11.570282739450608,0.17124932719099187,-15.327422522002836,0.08906532391497975,-21.00582696608745,0.03415345482409757,-29.331307166061134,0.02889705152139538,-30.782929354774495
3564.465792407238,216.76989309769573,0.019357739425351957,0.03186676516867077,0.8337093555962007,-1.579706499482186,0.6520452708134493,-3.7144450122959514,0.41078287409782066,-7.72775341638583,0.2639282408149135,-11.570282739450608,0.17124932719099187,-15.327422522002836,0.08906532391497975,-21.00582696608745,0.03415345482409757,-29.331307166061134,0.02889705152139538,-30.782929354774495
3576.979090788549,216.76989309769573,0.019290020502968293,0.03186676516867077,0.8337093555962007,-1.579706499482186,0.6520452708134493,-3.7144450122959514,0.41078287409782066,-7.72775341638583,0.2639282408149135,-11.570282739450608,0.17124932719099187,-15.327422522002836,0.08906532391497975,-21.00582696608745,0.03415345482409757,-29.331307166061134,0.02889705152139538,-30.782929354774495
3589.5363179506403,216.76989309769573,0.01922253848079016,0.03186676516867077,0.8337093555962007,-1.579706499482186,0.6520452708134493,-3.7144450122959514,0.41078287409782066,-7.72775341638583,0.2639282408149135,-11.570282739450608,0.17124932719099187,-15.327422522002836,0.08906532391497975,-21.00582696608745,0.03415345482409757,-29.331307166061134,0.02889705152139538,-30.782929354774495
3602.1376281084654,216.76989309769573,0.019155292530072733,0.03186676516867077,0.8337093555962007,-1.579706499482186,0.6520452708134493,-3.7144450122959514,0.41078287409782066,-7.72775341638583,0.2639282408149135,-11.570282739450608,0.17124932719099187,-15.327422522002836,0.08906532391497975,-21.00582696608745,0.03415345482409757,-29.331307166061134,0.02889705152139538,-30.782929354774495
3614.783176018361,216.76989309769573,0.019088281824970386,0.03186676516867077,0.8337093555962007,-1.579706499482186,0.6520452708134493,-3.7144450122959514,0.41078287409782066,-7.72775341638583,0.2639282408149135,-11.570282739450608,0.17124932719099187,-15.327422522002836,0.08906532391497975,-21.00582696608745,0.03415345482409757,-29.331307166061134,0.02889705152139538,-30.782929354774495
3627.473116979956,216.76989309769573,0.01902150554252647,0.03186676516867077,0.8337093555962007,-1.579706499482186,0.6520452708134493,-3.7144450122959514,0.41078287409782066,-7.72775341638583,0.2639282408149135,-11.570282739450608,0.17124932719099187,-15.327422522002836,0.08906532391497975,-21.00582696608745,0.03415345482409757,-29.331307166061134,0.02889705152139538,-30.782929354774495
3640.2076068380566,216.76989309769573,0.018954962862663353,0.03186676516867077,0.8337093555962007,-1.579706499482186,0.6520452708134493,-3.7144450122959514,0.41078287409782066,-7.72775341638583,0.2639282408149135,-11.570282739450608,0.17124932719099187,-15.327422522002836,0.08906532391497975,-21.00582696608745,0.03415345482409757,-29.331307166061134,0.02889705152139538,-30.782929354774495
3652.9868019845844,216.76989309769573,0.018888652968172204,0.03186676516867077,0.8337093555962007,-1.579706499482186,0.6520452708134493,-3.7144450122959514,0.41078287409782066,-7.72775341638583,0.2639282408149135,-11.570282739450608,0.17124932719099187,-15.327422522002836,0.08906532391497975,-21.00582696608745,0.03415345482409757,-29.331307166061134,0.02889705152139538,-30.782929354774495
3665.8108593604775,216.76989309769573,0.01882257504470306,0.03186676516867077,0.8337093555962007,-1.579706499482186,0.6520452708134493,-3.7144450122959514,0.41078287409782066,-7.72775341638583,0.2639282408149135,-11.570282739450608,0.17124932719099187,-15.327422522002836,0.08906532391497975,-21.00582696608745,0.03415345482409757,-29.331307166061134,0.02889705152139538,-30.782929354774495
3678.679936457623,216.76989309769573,0.01875672828075481,0.03186676516867077,0.8337093555962007,-1.579706499482186,0.6520452708134493,-3.7144450122959514,0.41078287409782066,-7.72775341638583,0.2639282408149135,-11.570282739450608,0.17124932719099187,-15.327422522002836,0.08906532391497975,-21.00582696608745,0.03415345482409757,-29.331307166061134,0.02889705152139538,-30.782929354774495
3691.5941913208076,216.76989309769573,0.01869111186766513,0.03186676516867077,0.8337093555962007,-1.579706499482186,0.6520452708134493,-3.7144450122959514,0.41078287409782066,-7.72775341638583,0.2639282408149135,-11.570282739450608,0.17124932719099187,-15.327422522002836,0.08906532391497975,-21.00582696608745,0.03415345482409757,-29.331307166061134,0.02889705152139538,-30.782929354774495
3704.553782549632,216.76989309769573,0.018625724999600694,0.03186676516867077,0.8337093555962007,-1.579706499482186,0.6520452708134493,-3.7144450122959514,0.41078287409782066,-7.72775341638583,0.2639282408149135,-11.570282739450608,0.17124932719099187,-15.327422522002836,0.08906532391497975,-21.00582696608745,0.03415345482409757,-29.331307166061134,0.02889705152139538,-30.782929354774495
3717.558869300472,216.76989309769573,0.01856056687354722,0.03186676516867077,0.8337093555962007,-1.579706499482186,0.6520452708134493,-3.7144450122959514,0.41078287409782066,-7.72775341638583,0.2639282408149135,-11.570282739450608,0.17124932719099187,-15.327422522002836,0.08906532391497975,-21.00582696608745,0.03415345482409757,-29.331307166061134,0.02889705152139538,-30.782929354774495
3730.6096112884443,216.76989309769573,0.018495636689299527,0.03186676516867077,0.8337093555962007,-1.579706499482186,0.6520452708134493,-3.7144450122959514,0.41078287409782066,-7.72775341638583,0.2639282408149135,-11.570282739450608,0.17124932719099187,-15.327422522002836,0.08906532391497975,-21.00582696608745,0.03415345482409757,-29.331307166061134,0.02889705152139538,-30.782929354774495
3743.7061687893406,216.76989309769573,0.01843093364945187,0.03186676516867077,0.8337093555962007,-1.579706499482186,0.6520452708134493,-3.7144450122959514,0.41078287409782066,-7.72775341638583,0.2639282408149135,-11.570282739450608,0.17124932719099187,-15.327422522002836,0.08906532391497975,-21.00582696608745,0.03415345482409757,-29.331307166061134,0.02889705152139538,-30.782929354774495
3756.8487026416274,216.76989309769573,0.018366456959387975,0.03186676516867077,0.8337093555962007,-1.579706499482186,0.6520452708134493,-3.7144450122959514,0.41078287409782066,-7.72775341638583,0.2639282408149135,-11.570282739450608,0.17124932719099187,-15.327422522002836,0.08906532391497975,-21.00582696608745,0.03415345482409757,-29.331307166061134,0.02889705152139538,-30.782929354774495
3770.037374248393,216.76989309769573,0.018302205827271423,0.03186676516867077,0.8337093555962007,-1.579706499482186,0.6520452708134493,-3.7144450122959514,0.41078287409782066,-7.72775341638583,0.2639282408149135,-11.570282739450608,0.17124932719099187,-15.327422522002836,0.08906532391497975,-21.00582696608745,0.03415345482409757,-29.331307166061134,0.02889705152139538,-30.782929354774495
3783.272345579344,216.76989309769573,0.01823817946403587,0.03186676516867077,0.8337093555962007,-1.579706499482186,0.6520452708134493,-3.7144450122959514,0.41078287409782066,-7.72775341638583,0.2639282408149135,-11.570282739450608,0.17124932719099187,-15.327422522002836,0.08906532391497975,-21.00582696608745,0.03415345482409757,-29.331307166061134,0.02889705152139538,-30.782929354774495
3796.5537791728025,216.76989309769573,0.01817437708337528,0.03186676516867077,0.8337093555962007,-1.579706499482186,0.6520452708134493,-3.7144450122959514,0.41078287409782066,-7.72775341638583,0.2639282408149135,-11.570282739450608,0.17124932719099187,-15.327422522002836,0.08906532391497975,-21.00582696608745,0.03415345482409757,-29.331307166061134,0.02889705152139538,-30.782929354774495
3809.8818381376814,216.76989309769573,0.01811079790173442,0.03186676516867077,0.8337093555962007,-1.579706499482186,0.6520452708134493,-3.7144450122959514,0.41078287409782066,-7.72775341638583,0.2639282408149135,-11.570282739450608,0.17124932719099187,-15.327422522002836,0.08906532391497975,-21.00582696608745,0.03415345482409757,-29.331307166061134,0.02889705152139538,-30.782929354774495
3823.2566861554983,216.76989309769573,0.018047441138299144,0.03186676516867077,0.8337093555962007,-1.579706499482186,0.6520452708134493,-3.7144450122959514,0.41078287409782066,-7.72775341638583,0.2639282408149135,-11.570282739450608,0.17124932719099187,-15.327422522002836,0.08906532391497975,-21.00582696608745,0.03415345482409757,-29.331307166061134,0.02889705152139538,-30.782929354774495
3836.678487482398,216.76989309769573,0.01798430601498676,0.03186676516867077,0.8337093555962007,-1.579706499482186,0.6520452708134493,-3.7144450122959514,0.41078287409782066,-7.72775341638583,0.2639282408149135,-11.570282739450608,0.17124932719099187,-15.327422522002836,0.08906532391497975,-21.00582696608745,0.03415345482409757,-29.331307166061134,0.02889705152139538,-30.782929354774495
3850.1474069511455,216.76989309769573,0.0179213917564366,0.03186676516867077,0.8337093555962007,-1.579706499482186,0.6520452708134493,-3.7144450122959514,0.41078287409782066,-7.72775341638583,0.2639282408149135,-11.570282739450608,0.17124932719099187,-15.327422522002836,0.08906532391497975,-21.00582696608745,0.03415345482409757,-29.331307166061134,0.02889705152139538,-30.782929354774495
3863.6636099731622,216.76989309769573,0.017858697590000413,0.03186676516867077,0.8337093555962007,-1.579706499482186,0.6520452708134493,-3.7144450122959514,0.41078287409782066,-7.72775341638583,0.2639282408149135,-11.570282739450608,0.17124932719099187,-15.327422522002836,0.08906532391497975,-21.00582696608745,0.03415345482409757,-29.331307166061134,0.02889705152139538,-30.782929354774495
3877.2272625405703,216.76989309769573,0.017796222745732847,0.03186676516867077,0.8337093555962007,-1.579706499482186,0.6520452708134493,-3.7144450122959514,0.41078287409782066,-7.72775341638583,0.2639282408149135,-11.570282739450608,0.17124932719099187,-15.327422522002836,0.08906532391497975,-21.00582696608745,0.03415345482409757,-29.331307166061134,0.02889705152139538,-30.782929354774495
3890.838531228201,216.76989309769573,0.017733966456382123,0.03186676516867077,0.8337093555962007,-1.579706499482186,0.6520452708134493,-3.7144450122959514,0.41078287409782066,-7.72775341638583,0.2639282408149135,-11.570282739450608,0.17124932719099187,-15.327422522002836,0.08906532391497975,-21.00582696608745,0.03415345482409757,-29.331307166061134,0.02889705152139538,-30.782929354774495
3904.4975831956754,216.76989309769573,0.017671927957380436,0.03186676516867077,0.8337093555962007,-1.579706499482186,0.6520452708134493,-3.7144450122959514,0.41078287409782066,-7.72775341638583,0.2639282408149135,-11.570282739450608,0.17124932719099187,-15.327422522002836,0.08906532391497975,-21.00582696608745,0.03415345482409757,-29.331307166061134,0.02889705152139538,-30.782929354774495
3918.2045861894267,216.76989309769573,0.01761010648683473,0.03186676516867077,0.8337093555962007,-1.579706499482186,0.6520452708134493,-3.7144450122959514,0.41078287409782066,-7.72775341638583,0.2639282408149135,-11.570282739450608,0.17124932719099187,-15.327422522002836,0.08906532391497975,-21.00582696608745,0.03415345482409757,-29.331307166061134,0.02889705152139538,-30.782929354774495
3931.959708544773,216.76989309769573,0.017548501285517253,0.03186676516867077,0.8337093555962007,-1.579706499482186,0.6520452708134493,-3.7144450122959514,0.41078287409782066,-7.72775341638583,0.2639282408149135,-11.570282739450608,0.17124932719099187,-15.327422522002836,0.08906532391497975,-21.00582696608745,0.03415345482409757,-29.331307166061134,0.02889705152139538,-30.782929354774495
3945.763119187999,216.76989309769573,0.017487111596856213,0.03186676516867077,0.8337093555962007,-1.579706499482186,0.6520452708134493,-3.7144450122959514,0.41078287409782066,-7.72775341638583,0.2639282408149135,-11.570282739450608,0.17124932719099187,-15.327422522002836,0.08906532391497975,-21.00582696608745,0.03415345482409757,-29.331307166061134,0.02889705152139538,-30.782929354774495
3959.614987638402,216.76989309769573,0.017425936666926562,0.03186676516867077,0.8337093555962007,-1.579706499482186,0.6520452708134493,-3.7144450122959514,0.41078287409782066,-7.72775341638583,0.2639282408149135,-11.570282739450608,0.17124932719099187,-15.327422522002836,0.08906532391497975,-21.00582696608745,0.03415345482409757,-29.331307166061134,0.02889705152139538,-30.782929354774495
3973.5154840103896,216.76989309769573,0.01736497574444071,0.03186676516867077,0.8337093555962007,-1.579706499482186,0.6520452708134493,-3.7144450122959514,0.41078287409782066,-7.72775341638583,0.2639282408149135,-11.570282739450608,0.17124932719099187,-15.327422522002836,0.08906532391497975,-21.00582696608745,0.03415345482409757,-29.331307166061134,0.02889705152139538,-30.782929354774495
3987.464779015579,216.76989309769573,0.017304228080739222,0.03186676516867077,0.8337093555962007,-1.579706499482186,0.6520452708134493,-3.7144450122959514,0.41078287409782066,-7.72775341638583,0.2639282408149135,-11.570282739450608,0.17124932719099187,-15.327422522002836,0.08906532391497975,-21.00582696608745,0.03415345482409757,-29.331307166061134,0.02889705152139538,-30.782929354774495
4001.463043964867,216.76989309769573,0.017243692929781767,0.03186676516867077,0.8337093555962007,-1.579706499482186,0.6520452708134493,-3.7144450122959514,0.41078287409782066,-7.72775341638583,0.2639282408149135,-11.570282739450608,0.17124932719099187,-15.327422522002836,0.08906532391497975,-21.00582696608745,0.03415345482409757,-29.331307166061134,0.02889705152139538,-30.782929354774495
4015.5104507705646,216.76989309769573,0.017183369548137796,0.03186676516867077,0.8337093555962007,-1.579706499482186,0.6520452708134493,-3.7144450122959514,0.41078287409782066,-7.72775341638583,0.2639282408149135,-11.570282739450608,0.17124932719099187,-15.327422522002836,0.08906532391497975,-21.00582696608745,0.03415345482409757,-29.331307166061134,0.02889705152139538,-30.782929354774495
4029.6071719484794,216.76989309769573,0.017123257194977565,0.03186676516867077,0.8337093555962007,-1.579706499482186,0.6520452708134493,-3.7144450122959514,0.41078287409782066,-7.72775341638583,0.2639282408149135,-11.570282739450608,0.17124932719099187,-15.327422522002836,0.08906532391497975,-21.00582696608745,0.03415345482409757,-29.331307166061134,0.02889705152139538,-30.782929354774495
4043.753380620048,216.76989309769573,0.01706335513206295,0.03186676516867077,0.8337093555962007,-1.579706499482186,0.6520452708134493,-3.7144450122959514,0.41078287409782066,-7.72775341638583,0.2639282408149135,-11.570282739450608,0.17124932719099187,-15.327422522002836,0.08906532391497975,-21.00582696608745,0.03415345482409757,-29.331307166061134,0.02889705152139538,-30.782929354774495
4057.9492505144754,216.76989309769573,0.01700366262373834,0.03186676516867077,0.8337093555962007,-1.579706499482186,0.6520452708134493,-3.7144450122959514,0.41078287409782066,-7.72775341638583,0.2639282408149135,-11.570282739450608,0.17124932719099187,-15.327422522002836,0.08906532391497975,-21.00582696608745,0.03415345482409757,-29.331307166061134,0.02889705152139538,-30.782929354774495
4072.1949559708396,216.76989309769573,0.016944178936921725,0.03186676516867077,0.8337093555962007,-1.579706499482186,0.6520452708134493,-3.7144450122959514,0.41078287409782066,-7.72775341638583,0.2639282408149135,-11.570282739450608,0.17124932719099187,-15.327422522002836,0.08906532391497975,-21.00582696608745,0.03415345482409757,-29.331307166061134,0.02889705152139538,-30.782929354774495
4086.4906719402497,216.76989309769573,0.01688490334109562,0.03186676516867077,0.8337093555962007,-1.579706499482186,0.6520452708134493,-3.7144450122959514,0.41078287409782066,-7.72775341638583,0.2639282408149135,-11.570282739450608,0.17124932719099187,-15.327422522002836,0.08906532391497975,-21.00582696608745,0.03415345482409757,-29.331307166061134,0.02889705152139538,-30.782929354774495
4100.836573988005,216.76989309769573,0.016825835108298035,0.03186676516867077,0.8337093555962007,-1.579706499482186,0.6520452708134493,-3.7144450122959514,0.41078287409782066,-7.72775341638583,0.2639282408149135,-11.570282739450608,0.17124932719099187,-15.327422522002836,0.08906532391497975,-21.00582696608745,0.03415345482409757,-29.331307166061134,0.02889705152139538,-30.782929354774495
4115.23283829572,216.76989309769573,0.016766973513113688,0.03186676516867077,0.8337093555962007,-1.579706499482186,0.6520452708134493,-3.7144450122959514,0.41078287409782066,-7.72775341638583,0.2639282408149135,-11.570282739450608,0.17124932719099187,-15.327422522002836,0.08906532391497975,-21.00582696608745,0.03415345482409757,-29.331307166061134,0.02889705152139538,-30.782929354774495
4129.679641663527,216.76989309769573,0.016708317832664923,0.03186676516867077,0.8337093555962007,-1.579706499482186,0.6520452708134493,-3.7144450122959514,0.41078287409782066,-7.72775341638583,0.2639282408149135,-11.570282739450608,0.17124932719099187,-15.327422522002836,0.08906532391497975,-21.00582696608745,0.03415345482409757,-29.331307166061134,0.02889705152139538,-30.782929354774495
4144.17716151221,216.76989309769573,0.016649867346602988,0.03186676516867077,0.8337093555962007,-1.579706499482186,0.6520452708134493,-3.7144450122959514,0.41078287409782066,-7.72775341638583,0.2639282408149135,-11.570282739450608,0.17124932719099187,-15.327422522002836,0.08906532391497975,-21.00582696608745,0.03415345482409757,-29.331307166061134,0.02889705152139538,-30.782929354774495
4158.725575885404,216.76989309769573,0.016591621337099096,0.03186676516867077,0.8337093555962007,-1.579706499482186,0.6520452708134493,-3.7144450122959514,0.41078287409782066,-7.72775341638583,0.2639282408149135,-11.570282739450608,0.17124932719099187,-15.327422522002836,0.08906532391497975,-21.00582696608745,0.03415345482409757,-29.331307166061134,0.02889705152139538,-30.782929354774495
4173.325063451791,216.76989309769573,0.01653357908883559,0.03186676516867077,0.8337093555962007,-1.579706499482186,0.6520452708134493,-3.7144450122959514,0.41078287409782066,-7.72775341638583,0.2639282408149135,-11.570282739450608,0.17124932719099187,-15.327422522002836,0.08906532391497975,-21.00582696608745,0.03415345482409757,-29.331307166061134,0.02889705152139538,-30.782929354774495
4187.9758035072655,216.76989309769573,0.016475739888997257,0.03186676516867077,0.8337093555962007,-1.579706499482186,0.6520452708134493,-3.7144450122959514,0.41078287409782066,-7.72775341638583,0.2639282408149135,-11.570282739450608,0.17124932719099187,-15.327422522002836,0.08906532391497975,-21.00582696608745,0.03415345482409757,-29.331307166061134,0.02889705152139538,-30.782929354774495
4202.677975977156,216.76989309769573,0.016418103027262505,0.03186676516867077,0.8337093555962007,-1.579706499482186,0.6520452708134493,-3.7144450122959514,0.41078287409782066,-7.72775341638583,0.2639282408149135,-11.570282739450608,0.17124932719099187,-15.327422522002836,0.08906532391497975,-21.00582696608745,0.03415345482409757,-29.331307166061134,0.02889705152139538,-30.782929354774495
4217.431761418443,216.76989309769573,0.0163606677957946,0.03186676516867077,0.8337093555962007,-1.579706499482186,0.6520452708134493,-3.7144450122959514,0.41078287409782066,-7.72775341638583,0.2639282408149135,-11.570282739450608,0.17124932719099187,-15.327422522002836,0.08906532391497975,-21.00582696608745,0.03415345482409757,-29.331307166061134,0.02889705152139538,-30.782929354774495
4232.237341021945,216.76989309769573,0.016303433489233094,0.03186676516867077,0.8337093555962007,-1.579706499482186,0.6520452708134493,-3.7144450122959514,0.41078287409782066,-7.72775341638583,0.2639282408149135,-11.570282739450608,0.17124932719099187,-15.327422522002836,0.08906532391497975,-21.00582696608745,0.03415345482409757,-29.331307166061134,0.02889705152139538,-30.782929354774495
4247.094896614584,216.76989309769573,0.016246399404685027,0.03186676516867077,0.8337093555962007,-1.579706499482186,0.6520452708134493,-3.7144450122959514,0.41078287409782066,-7.72775341638583,0.2639282408149135,-11.570282739450608,0.17124932719099187,-15.327422522002836,0.08906532391497975,-21.00582696608745,0.03415345482409757,-29.331307166061134,0.02889705152139538,-30.782929354774495
4262.004610661582,216.76989309769573,0.016189564841716415,0.03186676516867077,0.8337093555962007,-1.579706499482186,0.6520452708134493,-3.7144450122959514,0.41078287409782066,-7.72775341638583,0.2639282408149135,-11.570282739450608,0.17124932719099187,-15.327422522002836,0.08906532391497975,-21.00582696608745,0.03415345482409757,-29.331307166061134,0.02889705152139538,-30.782929354774495
4276.966666268719,216.76989309769573,0.016132929102343575,0.03186676516867077,0.8337093555962007,-1.579706499482186,0.6520452708134493,-3.7144450122959514,0.41078287409782066,-7.72775341638583,0.2639282408149135,-11.570282739450608,0.17124932719099187,-15.327422522002836,0.08906532391497975,-21.00582696608745,0.03415345482409757,-29.331307166061134,0.02889705152139538,-30.782929354774495
4291.981247184591,216.76989309769573,0.01607649149102455,0.03186676516867077,0.8337093555962007,-1.579706499482186,0.6520452708134493,-3.7144450122959514,0.41078287409782066,-7.72775341638583,0.2639282408149135,-11.570282739450608,0.17124932719099187,-15.327422522002836,0.08906532391497975,-21.00582696608745,0.03415345482409757,-29.331307166061134,0.02889705152139538,-30.782929354774495
4307.048537802845,216.76989309769573,0.016020251314650607,0.03186676516867077,0.8337093555962007,-1.579706499482186,0.6520452708134493,-3.7144450122959514,0.41078287409782066,-7.72775341638583,0.2639282408149135,-11.570282739450608,0.17124932719099187,-15.327422522002836,0.08906532391497975,-21.00582696608745,0.03415345482409757,-29.331307166061134,0.02889705152139538,-30.782929354774495
4322.1687231644555,216.76989309769573,0.01596420788253772,0.03186676516867077,0.8337093555962007,-1.579706499482186,0.6520452708134493,-3.7144450122959514,0.41078287409782066,-7.72775341638583,0.2639282408149135,-11.570282739450608,0.17124932719099187,-15.327422522002836,0.08906532391497975,-21.00582696608745,0.03415345482409757,-29.331307166061134,0.02889705152139538,-30.782929354774495
4337.341988960006,216.76989309769573,0.015908360506418032,0.03186676516867077,0.8337093555962007,-1.579706499482186,0.6520452708134493,-3.7144450122959514,0.41078287409782066,-7.72775341638583,0.2639282408149135,-11.570282739450608,0.17124932719099187,-15.327422522002836,0.08906532391497975,-21.00582696608745,0.03415345482409757,-29.331307166061134,0.02889705152139538,-30.782929354774495
4352.568521531944,216.76989309769573,0.0158527085004315,0.03186676516867077,0.8337093555962007,-1.579706499482186,0.6520452708134493,-3.7144450122959514,0.41078287409782066,-7.72775341638583,0.2639282408149135,-11.570282739450608,0.17124932719099187,-15.327422522002836,0.08906532391497975,-21.00582696608745,0.03415345482409757,-29.331307166061134,0.02889705152139538,-30.782929354774495
4367.8485078769,216.76989309769573,0.01579725118111735,0.03186676516867077,0.8337093555962007,-1.579706499482186,0.6520452708134493,-3.7144450122959514,0.41078287409782066,-7.72775341638583,0.2639282408149135,-11.570282739450608,0.17124932719099187,-15.327422522002836,0.08906532391497975,-21.00582696608745,0.03415345482409757,-29.331307166061134,0.02889705152139538,-30.782929354774495
4383.182135647959,216.76989309769573,0.0157419878674058,0.03186676516867077,0.8337093555962007,-1.579706499482186,0.6520452708134493,-3.7144450122959514,0.41078287409782066,-7.72775341638583,0.2639282408149135,-11.570282739450608,0.17124932719099187,-15.327422522002836,0.08906532391497975,-21.00582696608745,0.03415345482409757,-29.331307166061134,0.02889705152139538,-30.782929354774495
4398.569593156972,216.76989309769573,0.015686917880609646,0.03186676516867077,0.8337093555962007,-1.579706499482186,0.6520452708134493,-3.7144450122959514,0.41078287409782066,-7.72775341638583,0.2639282408149135,-11.570282739450608,0.17124932719099187,-15.327422522002836,0.08906532391497975,-21.00582696608745,0.03415345482409757,-29.331307166061134,0.02889705152139538,-30.782929354774495
4414.011069376885,216.76989309769573,0.01563204054441589,0.03186676516867077,0.8337093555962007,-1.579706499482186,0.6520452708134493,-3.7144450122959514,0.41078287409782066,-7.72775341638583,0.2639282408149135,-11.570282739450608,0.17124932719099187,-15.327422522002836,0.08906532391497975,-21.00582696608745,0.03415345482409757,-29.331307166061134,0.02889705152139538,-30.782929354774495
4429.506753944035,216.76989309769573,0.015577355184877495,0.03186676516867077,0.8337093555962007,-1.579706499482186,0.6520452708134493,-3.7144450122959514,0.41078287409782066,-7.72775341638583,0.2639282408149135,-11.570282739450608,0.17124932719099187,-15.327422522002836,0.08906532391497975,-21.00582696608745,0.03415345482409757,-29.331307166061134,0.02889705152139538,-30.782929354774495
4445.056837160489,216.76989309769573,0.015522861130405106,0.03186676516867077,0.8337093555962007,-1.579706499482186,0.6520452708134493,-3.7144450122959514,0.41078287409782066,-7.72775341638583,0.2639282408149135,-11.570282739450608,0.17124932719099187,-15.327422522002836,0.08906532391497975,-21.00582696608745,0.03415345482409757,-29.331307166061134,0.02889705152139538,-30.782929354774495
4460.661509996394,216.76989309769573,0.015468557711758717,0.03186676516867077,0.8337093555962007,-1.579706499482186,0.6520452708134493,-3.7144450122959514,0.41078287409782066,-7.72775341638583,0.2639282408149135,-11.570282739450608,0.17124932719099187,-15.327422522002836,0.08906532391497975,-21.00582696608745,0.03415345482409757,-29.331307166061134,0.02889705152139538,-30.782929354774495
4476.3209640923005,216.76989309769573,0.01541444426203957,0.03186676516867077,0.8337093555962007,-1.579706499482186,0.6520452708134493,-3.7144450122959514,0.41078287409782066,-7.72775341638583,0.2639282408149135,-11.570282739450608,0.17124932719099187,-15.327422522002836,0.08906532391497975,-21.00582696608745,0.03415345482409757,-29.331307166061134,0.02889705152139538,-30.782929354774495
4492.035391761524,216.76989309769573,0.015360520116681911,0.03186676516867077,0.8337093555962007,-1.579706499482186,0.6520452708134493,-3.7144450122959514,0.41078287409782066,-7.72775341638583,0.2639282408149135,-11.570282739450608,0.17124932719099187,-15.327422522002836,0.08906532391497975,-21.00582696608745,0.03415345482409757,-29.331307166061134,0.02889705152139538,-30.782929354774495
4507.804985992523,216.76989309769573,0.015306784613444778,0.03186676516867077,0.8337093555962007,-1.579706499482186,0.6520452708134493,-3.7144450122959514,0.41078287409782066,-7.72775341638583,0.2639282408149135,-11.570282739450608,0.17124932719099187,-15.327422522002836,0.08906532391497975,-21.00582696608745,0.03415345482409757,-29.331307166061134,0.02889705152139538,-30.782929354774495
4523.6299404512365,216.76989309769573,0.015253237092403978,0.03186676516867077,0.8337093555962007,-1.579706499482186,0.6520452708134493,-3.7144450122959514,0.41078287409782066,-7.72775341638583,0.2639282408149135,-11.570282739450608,0.17124932719099187,-15.327422522002836,0.08906532391497975,-21.00582696608745,0.03415345482409757,-29.331307166061134,0.02889705152139538,-30.782929354774495
4539.510449483499,216.76989309769573,0.01519987689594387,0.03186676516867077,0.8337093555962007,-1.579706499482186,0.6520452708134493,-3.7144450122959514,0.41078287409782066,-7.72775341638583,0.2639282408149135,-11.570282739450608,0.17124932719099187,-15.327422522002836,0.08906532391497975,-21.00582696608745,0.03415345482409757,-29.331307166061134,0.02889705152139538,-30.782929354774495
4555.446708117397,216.76989309769573,0.015146703368749369,0.03186676516867077,0.8337093555962007,-1.579706499482186,0.6520452708134493,-3.7144450122959514,0.41078287409782066,-7.72775341638583,0.2639282408149135,-11.570282739450608,0.17124932719099187,-15.327422522002836,0.08906532391497975,-21.00582696608745,0.03415345482409757,-29.331307166061134,0.02889705152139538,-30.782929354774495
4571.438912065674,216.76989309769573,0.01509371585779789,0.03186676516867077,0.8337093555962007,-1.579706499482186,0.6520452708134493,-3.7144450122959514,0.41078287409782066,-7.72775341638583,0.2639282408149135,-11.570282739450608,0.17124932719099187,-15.327422522002836,0.08906532391497975,-21.00582696608745,0.03415345482409757,-29.331307166061134,0.02889705152139538,-30.782929354774495
4587.487257728152,216.76989309769573,0.015040913712351252,0.03186676516867077,0.8337093555962007,-1.579706499482186,0.6520452708134493,-3.7144450122959514,0.41078287409782066,-7.72775341638583,0.2639282408149135,-11.570282739450608,0.17124932719099187,-15.327422522002836,0.08906532391497975,-21.00582696608745,0.03415345482409757,-29.331307166061134,0.02889705152139538,-30.782929354774495
4603.5919421941135,216.76989309769573,0.014988296283947785,0.03186676516867077,0.8337093555962007,-1.579706499482186,0.6520452708134493,-3.7144450122959514,0.41078287409782066,-7.72775341638583,0.2639282408149135,-11.570282739450608,0.17124932719099187,-15.327422522002836,0.08906532391497975,-21.00582696608745,0.03415345482409757,-29.331307166061134,0.02889705152139538,-30.782929354774495
4619.753163244735,216.76989309769573,0.014935862926394336,0.03186676516867077,0.8337093555962007,-1.579706499482186,0.6520452708134493,-3.7144450122959514,0.41078287409782066,-7.72775341638583,0.2639282408149135,-11.570282739450608,0.17124932719099187,-15.327422522002836,0.08906532391497975,-21.00582696608745,0.03415345482409757,-29.331307166061134,0.02889705152139538,-30.782929354774495
4635.971119355534,216.76989309769573,0.014883612995758261,0.03186676516867077,0.8337093555962007,-1.579706499482186,0.6520452708134493,-3.7144450122959514,0.41078287409782066,-7.72775341638583,0.2639282408149135,-11.570282739450608,0.17124932719099187,-15.327422522002836,0.08906532391497975,-21.00582696608745,0.03415345482409757,-29.331307166061134,0.02889705152139538,-30.782929354774495
4652.246009698768,216.76989309769573,0.014831545850359649,0.03186676516867077,0.8337093555962007,-1.579706499482186,0.6520452708134493,-3.7144450122959514,0.41078287409782066,-7.72775341638583,0.2639282408149135,-11.570282739450608,0.17124932719099187,-15.327422522002836,0.08906532391497975,-21.00582696608745,0.03415345482409757,-29.331307166061134,0.02889705152139538,-30.782929354774495
4668.578034145923,216.76989309769573,0.014779660850763302,0.03186676516867077,0.8337093555962007,-1.579706499482186,0.6520452708134493,-3.7144450122959514,0.41078287409782066,-7.72775341638583,0.2639282408149135,-11.570282739450608,0.17124932719099187,-15.327422522002836,0.08906532391497975,-21.00582696608745,0.03415345482409757,-29.331307166061134,0.02889705152139538,-30.782929354774495
4684.967393270132,216.76989309769573,0.014727957359771001,0.03186676516867077,0.8337093555962007,-1.579706499482186,0.6520452708134493,-3.7144450122959514,0.41078287409782066,-7.72775341638583,0.2639282408149135,-11.570282739450608,0.17124932719099187,-15.327422522002836,0.08906532391497975,-21.00582696608745,0.03415345482409757,-29.331307166061134,0.02889705152139538,-30.782929354774495
4701.414288348654,216.76989309769573,0.014676434742413624,0.03186676516867077,0.8337093555962007,-1.579706499482186,0.6520452708134493,-3.7144450122959514,0.41078287409782066,-7.72775341638583,0.2639282408149135,-11.570282739450608,0.17124932719099187,-15.327422522002836,0.08906532391497975,-21.00582696608745,0.03415345482409757,-29.331307166061134,0.02889705152139538,-30.782929354774495
4717.91892136536,216.76989309769573,0.014625092365943304,0.03186676516867077,0.8337093555962007,-1.579706499482186,0.6520452708134493,-3.7144450122959514,0.41078287409782066,-7.72775341638583,0.2639282408149135,-11.570282739450608,0.17124932719099187,-15.327422522002836,0.08906532391497975,-21.00582696608745,0.03415345482409757,-29.331307166061134,0.02889705152139538,-30.782929354774495
4734.481495013184,216.76989309769573,0.01457392959982577,0.03186676516867077,0.8337093555962007,-1.579706499482186,0.6520452708134493,-3.7144450122959514,0.41078287409782066,-7.72775341638583,0.2639282408149135,-11.570282739450608,0.17124932719099187,-15.327422522002836,0.08906532391497975,-21.00582696608745,0.03415345482409757,-29.331307166061134,0.02889705152139538,-30.782929354774495
4751.102212696628,216.76989309769573,0.014522945815732517,0.03186676516867077,0.8337093555962007,-1.579706499482186,0.6520452708134493,-3.7144450122959514,0.41078287409782066,-7.72775341638583,0.2639282408149135,-11.570282739450608,0.17124932719099187,-15.327422522002836,0.08906532391497975,-21.00582696608745,0.03415345482409757,-29.331307166061134,0.02889705152139538,-30.782929354774495
4767.781278534274,216.76989309769573,0.014472140387533085,0.03186676516867077,0.8337093555962007,-1.579706499482186,0.6520452708134493,-3.7144450122959514,0.41078287409782066,-7.72775341638583,0.2639282408149135,-11.570282739450608,0.17124932719099187,-15.327422522002836,0.08906532391497975,-21.00582696608745,0.03415345482409757,-29.331307166061134,0.02889705152139538,-30.782929354774495
4784.518897361256,216.76989309769573,0.014421512691287452,0.03186676516867077,0.8337093555962007,-1.579706499482186,0.6520452708134493,-3.7144450122959514,0.41078287409782066,-7.72775341638583,0.2639282408149135,-11.570282739450608,0.17124932719099187,-15.327422522002836,0.08906532391497975,-21.00582696608745,0.03415345482409757,-29.331307166061134,0.02889705152139538,-30.782929354774495
4801.3152747318145,216.76989309769573,0.01437106210523826,0.03186676516867077,0.8337093555962007,-1.579706499482186,0.6520452708134493,-3.7144450122959514,0.41078287409782066,-7.72775341638583,0.2639282408149135,-11.570282739450608,0.17124932719099187,-15.327422522002836,0.08906532391497975,-21.00582696608745,0.03415345482409757,-29.331307166061134,0.02889705152139538,-30.782929354774495
4818.17061692179,216.76989309769573,0.014320788009803272,0.03186676516867077,0.8337093555962007,-1.579706499482186,0.6520452708134493,-3.7144450122959514,0.41078287409782066,-7.72775341638583,0.2639282408149135,-11.570282739450608,0.17124932719099187,-15.327422522002836,0.08906532391497975,-21.00582696608745,0.03415345482409757,-29.331307166061134,0.02889705152139538,-30.782929354774495
4835.085130931164,216.76989309769573,0.014270689787567742,0.03186676516867077,0.8337093555962007,-1.579706499482186,0.6520452708134493,-3.7144450122959514,0.41078287409782066,-7.72775341638583,0.2639282408149135,-11.570282739450608,0.17124932719099187,-15.327422522002836,0.08906532391497975,-21.00582696608745,0.03415345482409757,-29.331307166061134,0.02889705152139538,-30.782929354774495
4852.059024486624,216.76989309769573,0.014220766823276764,0.03186676516867077,0.8337093555962007,-1.579706499482186,0.6520452708134493,-3.7144450122959514,0.41078287409782066,-7.72775341638583,0.2639282408149135,-11.570282739450608,0.17124932719099187,-15.327422522002836,0.08906532391497975,-21.00582696608745,0.03415345482409757,-29.331307166061134,0.02889705152139538,-30.782929354774495
4869.09250604408,216.76989309769573,0.014171018503827813,0.03186676516867077,0.8337093555962007,-1.579706499482186,0.6520452708134493,-3.7144450122959514,0.41078287409782066,-7.72775341638583,0.2639282408149135,-11.570282739450608,0.17124932719099187,-15.327422522002836,0.08906532391497975,-21.00582696608745,0.03415345482409757,-29.331307166061134,0.02889705152139538,-30.782929354774495
4886.185784791241,216.76989309769573,0.014121444218263179,0.03186676516867077,0.8337093555962007,-1.579706499482186,0.6520452708134493,-3.7144450122959514,0.41078287409782066,-7.72775341638583,0.2639282408149135,-11.570282739450608,0.17124932719099187,-15.327422522002836,0.08906532391497975,-21.00582696608745,0.03415345482409757,-29.331307166061134,0.02889705152139538,-30.782929354774495
4903.339070650197,216.76989309769573,0.014072043357762408,0.03186676516867077,0.8337093555962007,-1.579706499482186,0.6520452708134493,-3.7144450122959514,0.41078287409782066,-7.72775341638583,0.2639282408149135,-11.570282739450608,0.17124932719099187,-15.327422522002836,0.08906532391497975,-21.00582696608745,0.03415345482409757,-29.331307166061134,0.02889705152139538,-30.782929354774495
4920.552574279965,216.76989309769573,0.014022815315634936,0.03186676516867077,0.8337093555962007,-1.579706499482186,0.6520452708134493,-3.7144450122959514,0.41078287409782066,-7.72775341638583,0.2639282408149135,-11.570282739450608,0.17124932719099187,-15.327422522002836,0.08906532391497975,-21.00582696608745,0.03415345482409757,-29.331307166061134,0.02889705152139538,-30.782929354774495
4937.826507079115,216.76989309769573,0.013973759487312516,0.03186676516867077,0.8337093555962007,-1.579706499482186,0.6520452708134493,-3.7144450122959514,0.41078287409782066,-7.72775341638583,0.2639282408149135,-11.570282739450608,0.17124932719099187,-15.327422522002836,0.08906532391497975,-21.00582696608745,0.03415345482409757,-29.331307166061134,0.02889705152139538,-30.782929354774495
4955.16108118833,216.76989309769573,0.013924875270341898,0.03186676516867077,0.8337093555962007,-1.579706499482186,0.6520452708134493,-3.7144450122959514,0.41078287409782066,-7.72775341638583,0.2639282408149135,-11.570282739450608,0.17124932719099187,-15.327422522002836,0.08906532391497975,-21.00582696608745,0.03415345482409757,-29.331307166061134,0.02889705152139538,-30.782929354774495
4972.556509493028,216.76989309769573,0.01387616206437739,0.03186676516867077,0.8337093555962007,-1.579706499482186,0.6520452708134493,-3.7144450122959514,0.41078287409782066,-7.72775341638583,0.2639282408149135,-11.570282739450608,0.17124932719099187,-15.327422522002836,0.08906532391497975,-21.00582696608745,0.03415345482409757,-29.331307166061134,0.02889705152139538,-30.782929354774495
4990.013005625991,216.76989309769573,0.013827619271173429,0.03186676516867077,0.8337093555962007,-1.579706499482186,0.6520452708134493,-3.7144450122959514,0.41078287409782066,-7.72775341638583,0.2639282408149135,-11.570282739450608,0.17124932719099187,-15.327422522002836,0.08906532391497975,-21.00582696608745,0.03415345482409757,-29.331307166061134,0.02889705152139538,-30.782929354774495
5007.530783969957,216.76989309769573,0.01377924629457734,0.03186676516867077,0.8337093555962007,-1.579706499482186,0.6520452708134493,-3.7144450122959514,0.41078287409782066,-7.72775341638583,0.2639282408149135,-11.570282739450608,0.17124932719099187,-15.327422522002836,0.08906532391497975,-21.00582696608745,0.03415345482409757,-29.331307166061134,0.02889705152139538,-30.782929354774495
5025.11005966027,216.76989309769573,0.013731042540521958,0.03186676516867077,0.8337093555962007,-1.579706499482186,0.6520452708134493,-3.7144450122959514,0.41078287409782066,-7.72775341638583,0.2639282408149135,-11.570282739450608,0.17124932719099187,-15.327422522002836,0.08906532391497975,-21.00582696608745,0.03415345482409757,-29.331307166061134,0.02889705152139538,-30.782929354774495
5042.751048587536,216.76989309769573,0.013683007417018287,0.03186676516867077,0.8337093555962007,-1.579706499482186,0.6520452708134493,-3.7144450122959514,0.41078287409782066,-7.72775341638583,0.2639282408149135,-11.570282739450608,0.17124932719099187,-15.327422522002836,0.08906532391497975,-21.00582696608745,0.03415345482409757,-29.331307166061134,0.02889705152139538,-30.782929354774495
5060.453967400245,216.76989309769573,0.013635140334148326,0.03186676516867077,0.8337093555962007,-1.579706499482186,0.6520452708134493,-3.7144450122959514,0.41078287409782066,-7.72775341638583,0.2639282408149135,-11.570282739450608,0.17124932719099187,-15.327422522002836,0.08906532391497975,-21.00582696608745,0.03415345482409757,-29.331307166061134,0.02889705152139538,-30.782929354774495
5078.219033507446,216.76989309769573,0.013587440704057775,0.03186676516867077,0.8337093555962007,-1.579706499482186,0.6520452708134493,-3.7144450122959514,0.41078287409782066,-7.72775341638583,0.2639282408149135,-11.570282739450608,0.17124932719099187,-15.327422522002836,0.08906532391497975,-21.00582696608745,0.03415345482409757,-29.331307166061134,0.02889705152139538,-30.782929354774495
5096.04646508143,216.76989309769573,0.013539907940948778,0.03186676516867077,0.8337093555962007,-1.579706499482186,0.6520452708134493,-3.7144450122959514,0.41078287409782066,-7.72775341638583,0.2639282408149135,-11.570282739450608,0.17124932719099187,-15.327422522002836,0.08906532391497975,-21.00582696608745,0.03415345482409757,-29.331307166061134,0.02889705152139538,-30.782929354774495
5113.936481060381,216.76989309769573,0.013492541461072814,0.03186676516867077,0.8337093555962007,-1.579706499482186,0.6520452708134493,-3.7144450122959514,0.41078287409782066,-7.72775341638583,0.2639282408149135,-11.570282739450608,0.17124932719099187,-15.327422522002836,0.08906532391497975,-21.00582696608745,0.03415345482409757,-29.331307166061134,0.02889705152139538,-30.782929354774495
5131.889301151097,216.76989309769573,0.013445340682723439,0.03186676516867077,0.8337093555962007,-1.579706499482186,0.6520452708134493,-3.7144450122959514,0.41078287409782066,-7.72775341638583,0.2639282408149135,-11.570282739450608,0.17124932719099187,-15.327422522002836,0.08906532391497975,-21.00582696608745,0.03415345482409757,-29.331307166061134,0.02889705152139538,-30.782929354774495
5149.905145831658,216.76989309769573,0.013398305026229216,0.03186676516867077,0.8337093555962007,-1.579706499482186,0.6520452708134493,-3.7144450122959514,0.41078287409782066,-7.72775341638583,0.2639282408149135,-11.570282739450608,0.17124932719099187,-15.327422522002836,0.08906532391497975,-21.00582696608745,0.03415345482409757,-29.331307166061134,0.02889705152139538,-30.782929354774495
5167.984236354146,216.76989309769573,0.013351433913946569,0.03186676516867077,0.8337093555962007,-1.579706499482186,0.6520452708134493,-3.7144450122959514,0.41078287409782066,-7.72775341638583,0.2639282408149135,-11.570282739450608,0.17124932719099187,-15.327422522002836,0.08906532391497975,-21.00582696608745,0.03415345482409757,-29.331307166061134,0.02889705152139538,-30.782929354774495
5186.126794747379,216.76989309769573,0.013304726770252646,0.03186676516867077,0.8337093555962007,-1.579706499482186,0.6520452708134493,-3.7144450122959514,0.41078287409782066,-7.72775341638583,0.2639282408149135,-11.570282739450608,0.17124932719099187,-15.327422522002836,0.08906532391497975,-21.00582696608745,0.03415345482409757,-29.331307166061134,0.02889705152139538,-30.782929354774495
5204.333043819607,216.76989309769573,0.013258183021538326,0.03186676516867077,0.8337093555962007,-1.579706499482186,0.6520452708134493,-3.7144450122959514,0.41078287409782066,-7.72775341638583,0.2639282408149135,-11.570282739450608,0.17124932719099187,-15.327422522002836,0.08906532391497975,-21.00582696608745,0.03415345482409757,-29.331307166061134,0.02889705152139538,-30.782929354774495
5222.603207161265,216.76989309769573,0.013211802096201139,0.03186676516867077,0.8337093555962007,-1.579706499482186,0.6520452708134493,-3.7144450122959514,0.41078287409782066,-7.72775341638583,0.2639282408149135,-11.570282739450608,0.17124932719099187,-15.327422522002836,0.08906532391497975,-21.00582696608745,0.03415345482409757,-29.331307166061134,0.02889705152139538,-30.782929354774495
5240.93750914773,216.76989309769573,0.013165583424638206,0.03186676516867077,0.8337093555962007,-1.579706499482186,0.6520452708134493,-3.7144450122959514,0.41078287409782066,-7.72775341638583,0.2639282408149135,-11.570282739450608,0.17124932719099187,-15.327422522002836,0.08906532391497975,-21.00582696608745,0.03415345482409757,-29.331307166061134,0.02889705152139538,-30.782929354774495
5259.336174942046,216.76989309769573,0.013119526439239328,0.03186676516867077,0.8337093555962007,-1.579706499482186,0.6520452708134493,-3.7144450122959514,0.41078287409782066,-7.72775341638583,0.2639282408149135,-11.570282739450608,0.17124932719099187,-15.327422522002836,0.08906532391497975,-21.00582696608745,0.03415345482409757,-29.331307166061134,0.02889705152139538,-30.782929354774495
5277.799430497726,216.76989309769573,0.013073630574379923,0.03186676516867077,0.8337093555962007,-1.579706499482186,0.6520452708134493,-3.7144450122959514,0.41078287409782066,-7.72775341638583,0.2639282408149135,-11.570282739450608,0.17124932719099187,-15.327422522002836,0.08906532391497975,-21.00582696608745,0.03415345482409757,-29.331307166061134,0.02889705152139538,-30.782929354774495
5296.327502561491,216.76989309769573,0.013027895266414163,0.03186676516867077,0.8337093555962007,-1.579706499482186,0.6520452708134493,-3.7144450122959514,0.41078287409782066,-7.72775341638583,0.2639282408149135,-11.570282739450608,0.17124932719099187,-15.327422522002836,0.08906532391497975,-21.00582696608745,0.03415345482409757,-29.331307166061134,0.02889705152139538,-30.782929354774495
5314.920618676077,216.76989309769573,0.012982319953668019,0.03186676516867077,0.8337093555962007,-1.579706499482186,0.6520452708134493,-3.7144450122959514,0.41078287409782066,-7.72775341638583,0.2639282408149135,-11.570282739450608,0.17124932719099187,-15.327422522002836,0.08906532391497975,-21.00582696608745,0.03415345482409757,-29.331307166061134,0.02889705152139538,-30.782929354774495
5333.579007183035,216.76989309769573,0.01293690407643231,0.03186676516867077,0.8337093555962007,-1.579706499482186,0.6520452708134493,-3.7144450122959514,0.41078287409782066,-7.72775341638583,0.2639282408149135,-11.570282739450608,0.17124932719099187,-15.327422522002836,0.08906532391497975,-21.00582696608745,0.03415345482409757,-29.331307166061134,0.02889705152139538,-30.782929354774495
5352.30289722551,216.76989309769573,0.012891647076955932,0.03186676516867077,0.8337093555962007,-1.579706499482186,0.6520452708134493,-3.7144450122959514,0.41078287409782066,-7.72775341638583,0.2639282408149135,-11.570282739450608,0.17124932719099187,-15.327422522002836,0.08906532391497975,-21.00582696608745,0.03415345482409757,-29.331307166061134,0.02889705152139538,-30.782929354774495
5371.09251875107,216.76989309769573,0.012846548399438934,0.03186676516867077,0.8337093555962007,-1.579706499482186,0.6520452708134493,-3.7144450122959514,0.41078287409782066,-7.72775341638583,0.2639282408149135,-11.570282739450608,0.17124932719099187,-15.327422522002836,0.08906532391497975,-21.00582696608745,0.03415345482409757,-29.331307166061134,0.02889705152139538,-30.782929354774495
5389.948102514546,216.76989309769573,0.012801607490025697,0.03186676516867077,0.8337093555962007,-1.579706499482186,0.6520452708134493,-3.7144450122959514,0.41078287409782066,-7.72775341638583,0.2639282408149135,-11.570282739450608,0.17124932719099187,-15.327422522002836,0.08906532391497975,-21.00582696608745,0.03415345482409757,-29.331307166061134,0.02889705152139538,-30.782929354774495
5408.869880080827,216.76989309769573,0.012756823796798177,0.03186676516867077,0.8337093555962007,-1.579706499482186,0.6520452708134493,-3.7144450122959514,0.41078287409782066,-7.72775341638583,0.2639282408149135,-11.570282739450608,0.17124932719099187,-15.327422522002836,0.08906532391497975,-21.00582696608745,0.03415345482409757,-29.331307166061134,0.02889705152139538,-30.782929354774495
5427.858083827748,216.76989309769573,0.012712196769769065,0.03186676516867077,0.8337093555962007,-1.579706499482186,0.6520452708134493,-3.7144450122959514,0.41078287409782066,-7.72775341638583,0.2639282408149135,-11.570282739450608,0.17124932719099187,-15.327422522002836,0.08906532391497975,-21.00582696608745,0.03415345482409757,-29.331307166061134,0.02889705152139538,-30.782929354774495
5446.912946948904,216.76989309769573,0.012667725860875095,0.03186676516867077,0.8337093555962007,-1.579706499482186,0.6520452708134493,-3.7144450122959514,0.41078287409782066,-7.72775341638583,0.2639282408149135,-11.570282739450608,0.17124932719099187,-15.327422522002836,0.08906532391497975,-21.00582696608745,0.03415345482409757,-29.331307166061134,0.02889705152139538,-30.782929354774495
5466.0347034565375,216.76989309769573,0.012623410523970275,0.03186676516867077,0.8337093555962007,-1.579706499482186,0.6520452708134493,-3.7144450122959514,0.41078287409782066,-7.72775341638583,0.2639282408149135,-11.570282739450608,0.17124932719099187,-15.327422522002836,0.08906532391497975,-21.00582696608745,0.03415345482409757,-29.331307166061134,0.02889705152139538,-30.782929354774495
5485.223588184417,216.76989309769573,0.01257925021481917,0.03186676516867077,0.8337093555962007,-1.579706499482186,0.6520452708134493,-3.7144450122959514,0.41078287409782066,-7.72775341638583,0.2639282408149135,-11.570282739450608,0.17124932719099187,-15.327422522002836,0.08906532391497975,-21.00582696608745,0.03415345482409757,-29.331307166061134,0.02889705152139538,-30.782929354774495
5504.479836790698,216.76989309769573,0.012535244391090255,0.03186676516867077,0.8337093555962007,-1.579706499482186,0.6520452708134493,-3.7144450122959514,0.41078287409782066,-7.72775341638583,0.2639282408149135,-11.570282739450608,0.17124932719099187,-15.327422522002836,0.08906532391497975,-21.00582696608745,0.03415345482409757,-29.331307166061134,0.02889705152139538,-30.782929354774495
5523.803685760829,216.76989309769573,0.012491392512349249,0.03186676516867077,0.8337093555962007,-1.579706499482186,0.6520452708134493,-3.7144450122959514,0.41078287409782066,-7.72775341638583,0.2639282408149135,-11.570282739450608,0.17124932719099187,-15.327422522002836,0.08906532391497975,-21.00582696608745,0.03415345482409757,-29.331307166061134,0.02889705152139538,-30.782929354774495
5543.195372410471,216.76989309769573,0.012447694040052425,0.03186676516867077,0.8337093555962007,-1.579706499482186,0.6520452708134493,-3.7144450122959514,0.41078287409782066,-7.72775341638583,0.2639282408149135,-11.570282739450608,0.17124932719099187,-15.327422522002836,0.08906532391497975,-21.00582696608745,0.03415345482409757,-29.331307166061134,0.02889705152139538,-30.782929354774495
5562.6551348883795,216.76989309769573,0.01240414843754008,0.03186676516867077,0.8337093555962007,-1.579706499482186,0.6520452708134493,-3.7144450122959514,0.41078287409782066,-7.72775341638583,0.2639282408149135,-11.570282739450608,0.17124932719099187,-15.327422522002836,0.08906532391497975,-21.00582696608745,0.03415345482409757,-29.331307166061134,0.02889705152139538,-30.782929354774495
5582.183212179367,216.76989309769573,0.012360755170029861,0.03186676516867077,0.8337093555962007,-1.579706499482186,0.6520452708134493,-3.7144450122959514,0.41078287409782066,-7.72775341638583,0.2639282408149135,-11.570282739450608,0.17124932719099187,-15.327422522002836,0.08906532391497975,-21.00582696608745,0.03415345482409757,-29.331307166061134,0.02889705152139538,-30.782929354774495
5601.779844107203,216.76989309769573,0.01231751370461026,0.03186676516867077,0.8337093555962007,-1.579706499482186,0.6520452708134493,-3.7144450122959514,0.41078287409782066,-7.72775341638583,0.2639282408149135,-11.570282739450608,0.17124932719099187,-15.327422522002836,0.08906532391497975,-21.00582696608745,0.03415345482409757,-29.331307166061134,0.02889705152139538,-30.782929354774495
5621.445271337573,216.76989309769573,0.012274423510234063,0.03186676516867077,0.8337093555962007,-1.579706499482186,0.6520452708134493,-3.7144450122959514,0.41078287409782066,-7.72775341638583,0.2639282408149135,-11.570282739450608,0.17124932719099187,-15.327422522002836,0.08906532391497975,-21.00582696608745,0.03415345482409757,-29.331307166061134,0.02889705152139538,-30.782929354774495
5641.179735381053,216.76989309769573,0.012231484057711762,0.03186676516867077,0.8337093555962007,-1.579706499482186,0.6520452708134493,-3.7144450122959514,0.41078287409782066,-7.72775341638583,0.2639282408149135,-11.570282739450608,0.17124932719099187,-15.327422522002836,0.08906532391497975,-21.00582696608745,0.03415345482409757,-29.331307166061134,0.02889705152139538,-30.782929354774495
5660.983478596044,216.76989309769573,0.012188694819705142,0.03186676516867077,0.8337093555962007,-1.579706499482186,0.6520452708134493,-3.7144450122959514,0.41078287409782066,-7.72775341638583,0.2639282408149135,-11.570282739450608,0.17124932719099187,-15.327422522002836,0.08906532391497975,-21.00582696608745,0.03415345482409757,-29.331307166061134,0.02889705152139538,-30.782929354774495
5680.856744191758,216.76989309769573,0.012146055270720782,0.03186676516867077,0.8337093555962007,-1.579706499482186,0.6520452708134493,-3.7144450122959514,0.41078287409782066,-7.72775341638583,0.2639282408149135,-11.570282739450608,0.17124932719099187,-15.327422522002836,0.08906532391497975,-21.00582696608745,0.03415345482409757,-29.331307166061134,0.02889705152139538,-30.782929354774495
5700.799776231228,216.76989309769573,0.012103564887103539,0.03186676516867077,0.8337093555962007,-1.579706499482186,0.6520452708134493,-3.7144450122959514,0.41078287409782066,-7.72775341638583,0.2639282408149135,-11.570282739450608,0.17124932719099187,-15.327422522002836,0.08906532391497975,-21.00582696608745,0.03415345482409757,-29.331307166061134,0.02889705152139538,-30.782929354774495
5720.812819634267,216.76989309769573,0.012061223147030214,0.03186676516867077,0.8337093555962007,-1.579706499482186,0.6520452708134493,-3.7144450122959514,0.41078287409782066,-7.72775341638583,0.2639282408149135,-11.570282739450608,0.17124932719099187,-15.327422522002836,0.08906532391497975,-21.00582696608745,0.03415345482409757,-29.331307166061134,0.02889705152139538,-30.782929354774495
5740.896120180514,216.76989309769573,0.012019029530503053,0.03186676516867077,0.8337093555962007,-1.579706499482186,0.6520452708134493,-3.7144450122959514,0.41078287409782066,-7.72775341638583,0.2639282408149135,-11.570282739450608,0.17124932719099187,-15.327422522002836,0.08906532391497975,-21.00582696608745,0.03415345482409757,-29.331307166061134,0.02889705152139538,-30.782929354774495
5761.049924512421,216.76989309769573,0.011976983519343433,0.03186676516867077,0.8337093555962007,-1.579706499482186,0.6520452708134493,-3.7144450122959514,0.41078287409782066,-7.72775341638583,0.2639282408149135,-11.570282739450608,0.17124932719099187,-15.327422522002836,0.08906532391497975,-21.00582696608745,0.03415345482409757,-29.331307166061134,0.02889705152139538,-30.782929354774495
5781.274480138292,216.76989309769573,0.011935084597185477,0.03186676516867077,0.8337093555962007,-1.579706499482186,0.6520452708134493,-3.7144450122959514,0.41078287409782066,-7.72775341638583,0.2639282408149135,-11.570282739450608,0.17124932719099187,-15.327422522002836,0.08906532391497975,-21.00582696608745,0.03415345482409757,-29.331307166061134,0.02889705152139538,-30.782929354774495
5801.570035435344,216.76989309769573,0.011893332249469658,0.03186676516867077,0.8337093555962007,-1.579706499482186,0.6520452708134493,-3.7144450122959514,0.41078287409782066,-7.72775341638583,0.2639282408149135,-11.570282739450608,0.17124932719099187,-15.327422522002836,0.08906532391497975,-21.00582696608745,0.03415345482409757,-29.331307166061134,0.02889705152139538,-30.782929354774495
5821.936839652722,216.76989309769573,0.011851725963436567,0.03186676516867077,0.8337093555962007,-1.579706499482186,0.6520452708134493,-3.7144450122959514,0.41078287409782066,-7.72775341638583,0.2639282408149135,-11.570282739450608,0.17124932719099187,-15.327422522002836,0.08906532391497975,-21.00582696608745,0.03415345482409757,-29.331307166061134,0.02889705152139538,-30.782929354774495
5842.375142914574,216.76989309769573,0.01181026522812058,0.03186676516867077,0.8337093555962007,-1.579706499482186,0.6520452708134493,-3.7144450122959514,0.41078287409782066,-7.72775341638583,0.2639282408149135,-11.570282739450608,0.17124932719099187,-15.327422522002836,0.08906532391497975,-21.00582696608745,0.03415345482409757,-29.331307166061134,0.02889705152139538,-30.782929354774495
5862.88519622315,216.76989309769573,0.011768949534343527,0.03186676516867077,0.8337093555962007,-1.579706499482186,0.6520452708134493,-3.7144450122959514,0.41078287409782066,-7.72775341638583,0.2639282408149135,-11.570282739450608,0.17124932719099187,-15.327422522002836,0.08906532391497975,-21.00582696608745,0.03415345482409757,-29.331307166061134,0.02889705152139538,-30.782929354774495
5883.467251461836,216.76989309769573,0.011727778374708538,0.03186676516867077,0.8337093555962007,-1.579706499482186,0.6520452708134493,-3.7144450122959514,0.41078287409782066,-7.72775341638583,0.2639282408149135,-11.570282739450608,0.17124932719099187,-15.327422522002836,0.08906532391497975,-21.00582696608745,0.03415345482409757,-29.331307166061134,0.02889705152139538,-30.782929354774495
5904.121561398275,216.76989309769573,0.011686751243593757,0.03186676516867077,0.8337093555962007,-1.579706499482186,0.6520452708134493,-3.7144450122959514,0.41078287409782066,-7.72775341638583,0.2639282408149135,-11.570282739450608,0.17124932719099187,-15.327422522002836,0.08906532391497975,-21.00582696608745,0.03415345482409757,-29.331307166061134,0.02889705152139538,-30.782929354774495
5924.848379687485,216.76989309769573,0.011645867637146102,0.03186676516867077,0.8337093555962007,-1.579706499482186,0.6520452708134493,-3.7144450122959514,0.41078287409782066,-7.72775341638583,0.2639282408149135,-11.570282739450608,0.17124932719099187,-15.327422522002836,0.08906532391497975,-21.00582696608745,0.03415345482409757,-29.331307166061134,0.02889705152139538,-30.782929354774495
5945.647960874934,216.76989309769573,0.011605127053275162,0.03186676516867077,0.8337093555962007,-1.579706499482186,0.6520452708134493,-3.7144450122959514,0.41078287409782066,-7.72775341638583,0.2639282408149135,-11.570282739450608,0.17124932719099187,-15.327422522002836,0.08906532391497975,-21.00582696608745,0.03415345482409757,-29.331307166061134,0.02889705152139538,-30.782929354774495
5966.520560399711,216.76989309769573,0.01156452899164694,0.03186676516867077,0.8337093555962007,-1.579706499482186,0.6520452708134493,-3.7144450122959514,0.41078287409782066,-7.72775341638583,0.2639282408149135,-11.570282739450608,0.17124932719099187,-15.327422522002836,0.08906532391497975,-21.00582696608745,0.03415345482409757,-29.331307166061134,0.02889705152139538,-30.782929354774495
5987.466434597625,216.76989309769573,0.011524072953677775,0.03186676516867077,0.8337093555962007,-1.579706499482186,0.6520452708134493,-3.7144450122959514,0.41078287409782066,-7.72775341638583,0.2639282408149135,-11.570282739450608,0.17124932719099187,-15.327422522002836,0.08906532391497975,-21.00582696608745,0.03415345482409757,-29.331307166061134,0.02889705152139538,-30.782929354774495
6008.485840704369,216.76989309769573,0.011483758442528209,0.03186676516867077,0.8337093555962007,-1.579706499482186,0.6520452708134493,-3.7144450122959514,0.41078287409782066,-7.72775341638583,0.2639282408149135,-11.570282739450608,0.17124932719099187,-15.327422522002836,0.08906532391497975,-21.00582696608745,0.03415345482409757,-29.331307166061134,0.02889705152139538,-30.782929354774495
6029.579036858697,216.76989309769573,0.011443584963096822,0.03186676516867077,0.8337093555962007,-1.579706499482186,0.6520452708134493,-3.7144450122959514,0.41078287409782066,-7.72775341638583,0.2639282408149135,-11.570282739450608,0.17124932719099187,-15.327422522002836,0.08906532391497975,-21.00582696608745,0.03415345482409757,-29.331307166061134,0.02889705152139538,-30.782929354774495
6050.746282105559,216.76989309769573,0.011403552022014244,0.03186676516867077,0.8337093555962007,-1.579706499482186,0.6520452708134493,-3.7144450122959514,0.41078287409782066,-7.72775341638583,0.2639282408149135,-11.570282739450608,0.17124932719099187,-15.327422522002836,0.08906532391497975,-21.00582696608745,0.03415345482409757,-29.331307166061134,0.02889705152139538,-30.782929354774495
6071.987836399298,216.76989309769573,0.011363659127637045,0.03186676516867077,0.8337093555962007,-1.579706499482186,0.6520452708134493,-3.7144450122959514,0.41078287409782066,-7.72775341638583,0.2639282408149135,-11.570282739450608,0.17124932719099187,-15.327422522002836,0.08906532391497975,-21.00582696608745,0.03415345482409757,-29.331307166061134,0.02889705152139538,-30.782929354774495
6093.303960606866,216.76989309769573,0.01132390579004168,0.03186676516867077,0.8337093555962007,-1.579706499482186,0.6520452708134493,-3.7144450122959514,0.41078287409782066,-7.72775341638583,0.2639282408149135,-11.570282739450608,0.17124932719099187,-15.327422522002836,0.08906532391497975,-21.00582696608745,0.03415345482409757,-29.331307166061134,0.02889705152139538,-30.782929354774495
6114.694916510977,216.76989309769573,0.011284291521018541,0.03186676516867077,0.8337093555962007,-1.579706499482186,0.6520452708134493,-3.7144450122959514,0.41078287409782066,-7.72775341638583,0.2639282408149135,-11.570282739450608,0.17124932719099187,-15.327422522002836,0.08906532391497975,-21.00582696608745,0.03415345482409757,-29.331307166061134,0.02889705152139538,-30.782929354774495
6136.160966813381,216.76989309769573,0.011244815834065865,0.03186676516867077,0.8337093555962007,-1.579706499482186,0.6520452708134493,-3.7144450122959514,0.41078287409782066,-7.72775341638583,0.2639282408149135,-11.570282739450608,0.17124932719099187,-15.327422522002836,0.08906532391497975,-21.00582696608745,0.03415345482409757,-29.331307166061134,0.02889705152139538,-30.782929354774495
6157.702375138037,216.76989309769573,0.011205478244383846,0.03186676516867077,0.8337093555962007,-1.579706499482186,0.6520452708134493,-3.7144450122959514,0.41078287409782066,-7.72775341638583,0.2639282408149135,-11.570282739450608,0.17124932719099187,-15.327422522002836,0.08906532391497975,-21.00582696608745,0.03415345482409757,-29.331307166061134,0.02889705152139538,-30.782929354774495
6179.319406034376,216.76989309769573,0.011166278268868653,0.03186676516867077,0.8337093555962007,-1.579706499482186,0.6520452708134493,-3.7144450122959514,0.41078287409782066,-7.72775341638583,0.2639282408149135,-11.570282739450608,0.17124932719099187,-15.327422522002836,0.08906532391497975,-21.00582696608745,0.03415345482409757,-29.331307166061134,0.02889705152139538,-30.782929354774495
6201.012324980566,216.76989309769573,0.011127215426106455,0.03186676516867077,0.8337093555962007,-1.579706499482186,0.6520452708134493,-3.7144450122959514,0.41078287409782066,-7.72775341638583,0.2639282408149135,-11.570282739450608,0.17124932719099187,-15.327422522002836,0.08906532391497975,-21.00582696608745,0.03415345482409757,-29.331307166061134,0.02889705152139538,-30.782929354774495
6222.7813983867345,216.76989309769573,0.011088289236367578,0.03186676516867077,0.8337093555962007,-1.579706499482186,0.6520452708134493,-3.7144450122959514,0.41078287409782066,-7.72775341638583,0.2639282408149135,-11.570282739450608,0.17124932719099187,-15.327422522002836,0.08906532391497975,-21.00582696608745,0.03415345482409757,-29.331307166061134,0.02889705152139538,-30.782929354774495
6244.626893598262,216.76989309769573,0.011049499221600574,0.03186676516867077,0.8337093555962007,-1.579706499482186,0.6520452708134493,-3.7144450122959514,0.41078287409782066,-7.72775341638583,0.2639282408149135,-11.570282739450608,0.17124932719099187,-15.327422522002836,0.08906532391497975,-21.00582696608745,0.03415345482409757,-29.331307166061134,0.02889705152139538,-30.782929354774495
6266.549078899079,216.76989309769573,0.011010844905426332,0.03186676516867077,0.8337093555962007,-1.579706499482186,0.6520452708134493,-3.7144450122959514,0.41078287409782066,-7.72775341638583,0.2639282408149135,-11.570282739450608,0.17124932719099187,-15.327422522002836,0.08906532391497975,-21.00582696608745,0.03415345482409757,-29.331307166061134,0.02889705152139538,-30.782929354774495
6288.548223514923,216.76989309769573,0.01097232581313229,0.03186676516867077,0.8337093555962007,-1.579706499482186,0.6520452708134493,-3.7144450122959514,0.41078287409782066,-7.72775341638583,0.2639282408149135,-11.570282739450608,0.17124932719099187,-15.327422522002836,0.08906532391497975,-21.00582696608745,0.03415345482409757,-29.331307166061134,0.02889705152139538,-30.782929354774495
6310.624597616688,216.76989309769573,0.010933941471666528,0.03186676516867077,0.8337093555962007,-1.579706499482186,0.6520452708134493,-3.7144450122959514,0.41078287409782066,-7.72775341638583,0.2639282408149135,-11.570282739450608,0.17124932719099187,-15.327422522002836,0.08906532391497975,-21.00582696608745,0.03415345482409757,-29.331307166061134,0.02889705152139538,-30.782929354774495
6332.778472323706,216.76989309769573,0.01089569140963202,0.03186676516867077,0.8337093555962007,-1.579706499482186,0.6520452708134493,-3.7144450122959514,0.41078287409782066,-7.72775341638583,0.2639282408149135,-11.570282739450608,0.17124932719099187,-15.327422522002836,0.08906532391497975,-21.00582696608745,0.03415345482409757,-29.331307166061134,0.02889705152139538,-30.782929354774495
6355.01011970709,216.76989309769573,0.010857575157280834,0.03186676516867077,0.8337093555962007,-1.579706499482186,0.6520452708134493,-3.7144450122959514,0.41078287409782066,-7.72775341638583,0.2639282408149135,-11.570282739450608,0.17124932719099187,-15.327422522002836,0.08906532391497975,-21.00582696608745,0.03415345482409757,-29.331307166061134,0.02889705152139538,-30.782929354774495
6377.319812793095,216.76989309769573,0.01081959224650831,0.03186676516867077,0.8337093555962007,-1.579706499482186,0.6520452708134493,-3.7144450122959514,0.41078287409782066,-7.72775341638583,0.2639282408149135,-11.570282739450608,0.17124932719099187,-15.327422522002836,0.08906532391497975,-21.00582696608745,0.03415345482409757,-29.331307166061134,0.02889705152139538,-30.782929354774495
6399.7078255664355,216.76989309769573,0.01078174221084739,0.03186676516867077,0.8337093555962007,-1.579706499482186,0.6520452708134493,-3.7144450122959514,0.41078287409782066,-7.72775341638583,0.2639282408149135,-11.570282739450608,0.17124932719099187,-15.327422522002836,0.08906532391497975,-21.00582696608745,0.03415345482409757,-29.331307166061134,0.02889705152139538,-30.782929354774495
6422.174432973668,216.76989309769573,0.010744024585462846,0.03186676516867077,0.8337093555962007,-1.579706499482186,0.6520452708134493,-3.7144450122959514,0.41078287409782066,-7.72775341638583,0.2639282408149135,-11.570282739450608,0.17124932719099187,-15.327422522002836,0.08906532391497975,-21.00582696608745,0.03415345482409757,-29.331307166061134,0.02889705152139538,-30.782929354774495
6444.7199109265875,216.76989309769573,0.010706438907145547,0.03186676516867077,0.8337093555962007,-1.579706499482186,0.6520452708134493,-3.7144450122959514,0.41078287409782066,-7.72775341638583,0.2639282408149135,-11.570282739450608,0.17124932719099187,-15.327422522002836,0.08906532391497975,-21.00582696608745,0.03415345482409757,-29.331307166061134,0.02889705152139538,-30.782929354774495
6467.344536305567,216.76989309769573,0.010668984714306847,0.03186676516867077,0.8337093555962007,-1.579706499482186,0.6520452708134493,-3.7144450122959514,0.41078287409782066,-7.72775341638583,0.2639282408149135,-11.570282739450608,0.17124932719099187,-15.327422522002836,0.08906532391497975,-21.00582696608745,0.03415345482409757,-29.331307166061134,0.02889705152139538,-30.782929354774495
6490.048586963016,216.76989309769573,0.010631661546972824,0.03186676516867077,0.8337093555962007,-1.579706499482186,0.6520452708134493,-3.7144450122959514,0.41078287409782066,-7.72775341638583,0.2639282408149135,-11.570282739450608,0.17124932719099187,-15.327422522002836,0.08906532391497975,-21.00582696608745,0.03415345482409757,-29.331307166061134,0.02889705152139538,-30.782929354774495
6512.832341726742,216.76989309769573,0.010594468946778705,0.03186676516867077,0.8337093555962007,-1.579706499482186,0.6520452708134493,-3.7144450122959514,0.41078287409782066,-7.72775341638583,0.2639282408149135,-11.570282739450608,0.17124932719099187,-15.327422522002836,0.08906532391497975,-21.00582696608745,0.03415345482409757,-29.331307166061134,0.02889705152139538,-30.782929354774495
6535.696080403398,216.76989309769573,0.010557406456963214,0.03186676516867077,0.8337093555962007,-1.579706499482186,0.6520452708134493,-3.7144450122959514,0.41078287409782066,-7.72775341638583,0.2639282408149135,-11.570282739450608,0.17124932719099187,-15.327422522002836,0.08906532391497975,-21.00582696608745,0.03415345482409757,-29.331307166061134,0.02889705152139538,-30.782929354774495
6558.6400837819365,216.76989309769573,0.01052047362236292,0.03186676516867077,0.8337093555962007,-1.579706499482186,0.6520452708134493,-3.7144450122959514,0.41078287409782066,-7.72775341638583,0.2639282408149135,-11.570282739450608,0.17124932719099187,-15.327422522002836,0.08906532391497975,-21.00582696608745,0.03415345482409757,-29.331307166061134,0.02889705152139538,-30.782929354774495
6581.664633637019,216.76989309769573,0.010483669989406722,0.03186676516867077,0.8337093555962007,-1.579706499482186,0.6520452708134493,-3.7144450122959514,0.41078287409782066,-7.72775341638583,0.2639282408149135,-11.570282739450608,0.17124932719099187,-15.327422522002836,0.08906532391497975,-21.00582696608745,0.03415345482409757,-29.331307166061134,0.02889705152139538,-30.782929354774495
6604.770012732493,216.76989309769573,0.010446995106110236,0.03186676516867077,0.8337093555962007,-1.579706499482186,0.6520452708134493,-3.7144450122959514,0.41078287409782066,-7.72775341638583,0.2639282408149135,-11.570282739450608,0.17124932719099187,-15.327422522002836,0.08906532391497975,-21.00582696608745,0.03415345482409757,-29.331307166061134,0.02889705152139538,-30.782929354774495
6627.956504824894,216.76989309769573,0.010410448522070218,0.03186676516867077,0.8337093555962007,-1.579706499482186,0.6520452708134493,-3.7144450122959514,0.41078287409782066,-7.72775341638583,0.2639282408149135,-11.570282739450608,0.17124932719099187,-15.327422522002836,0.08906532391497975,-21.00582696608745,0.03415345482409757,-29.331307166061134,0.02889705152139538,-30.782929354774495
6651.2243946668705,216.76989309769573,0.010374029788459107,0.03186676516867077,0.8337093555962007,-1.579706499482186,0.6520452708134493,-3.7144450122959514,0.41078287409782066,-7.72775341638583,0.2639282408149135,-11.570282739450608,0.17124932719099187,-15.327422522002836,0.08906532391497975,-21.00582696608745,0.03415345482409757,-29.331307166061134,0.02889705152139538,-30.782929354774495
6674.573968010745,216.76989309769573,0.010337738458019425,0.03186676516867077,0.8337093555962007,-1.579706499482186,0.6520452708134493,-3.7144450122959514,0.41078287409782066,-7.72775341638583,0.2639282408149135,-11.570282739450608,0.17124932719099187,-15.327422522002836,0.08906532391497975,-21.00582696608745,0.03415345482409757,-29.331307166061134,0.02889705152139538,-30.782929354774495
6698.005511611973,216.76989309769573,0.010301574085058366,0.03186676516867077,0.8337093555962007,-1.579706499482186,0.6520452708134493,-3.7144450122959514,0.41078287409782066,-7.72775341638583,0.2639282408149135,-11.570282739450608,0.17124932719099187,-15.327422522002836,0.08906532391497975,-21.00582696608745,0.03415345482409757,-29.331307166061134,0.02889705152139538,-30.782929354774495
6721.519313232681,216.76989309769573,0.010265536225442278,0.03186676516867077,0.8337093555962007,-1.579706499482186,0.6520452708134493,-3.7144450122959514,0.41078287409782066,-7.72775341638583,0.2639282408149135,-11.570282739450608,0.17124932719099187,-15.327422522002836,0.08906532391497975,-21.00582696608745,0.03415345482409757,-29.331307166061134,0.02889705152139538,-30.782929354774495
6745.11566164523,216.76989309769573,0.010229624436591192,0.03186676516867077,0.8337093555962007,-1.579706499482186,0.6520452708134493,-3.7144450122959514,0.41078287409782066,-7.72775341638583,0.2639282408149135,-11.570282739450608,0.17124932719099187,-15.327422522002836,0.08906532391497975,-21.00582696608745,0.03415345482409757,-29.331307166061134,0.02889705152139538,-30.782929354774495
6768.794846635708,216.76989309769573,0.010193838277473433,0.03186676516867077,0.8337093555962007,-1.579706499482186,0.6520452708134493,-3.7144450122959514,0.41078287409782066,-7.72775341638583,0.2639282408149135,-11.570282739450608,0.17124932719099187,-15.327422522002836,0.08906532391497975,-21.00582696608745,0.03415345482409757,-29.331307166061134,0.02889705152139538,-30.782929354774495
6792.557159007524,216.76989309769573,0.01015817730860019,0.03186676516867077,0.8337093555962007,-1.579706499482186,0.6520452708134493,-3.7144450122959514,0.41078287409782066,-7.72775341638583,0.2639282408149135,-11.570282739450608,0.17124932719099187,-15.327422522002836,0.08906532391497975,-21.00582696608745,0.03415345482409757,-29.331307166061134,0.02889705152139538,-30.782929354774495
6816.402890584989,216.76989309769573,0.010122641092020072,0.03186676516867077,0.8337093555962007,-1.579706499482186,0.6520452708134493,-3.7144450122959514,0.41078287409782066,-7.72775341638583,0.2639282408149135,-11.570282739450608,0.17124932719099187,-15.327422522002836,0.08906532391497975,-21.00582696608745,0.03415345482409757,-29.331307166061134,0.02889705152139538,-30.782929354774495
6840.332334216861,216.76989309769573,0.010087229191313801,0.03186676516867077,0.8337093555962007,-1.579706499482186,0.6520452708134493,-3.7144450122959514,0.41078287409782066,-7.72775341638583,0.2639282408149135,-11.570282739450608,0.17124932719099187,-15.327422522002836,0.08906532391497975,-21.00582696608745,0.03415345482409757,-29.331307166061134,0.02889705152139538,-30.782929354774495
6864.345783779966,216.76989309769573,0.010051941171588825,0.03186676516867077,0.8337093555962007,-1.579706499482186,0.6520452708134493,-3.7144450122959514,0.41078287409782066,-7.72775341638583,0.2639282408149135,-11.570282739450608,0.17124932719099187,-15.327422522002836,0.08906532391497975,-21.00582696608745,0.03415345482409757,-29.331307166061134,0.02889705152139538,-30.782929354774495
6888.443534182826,216.76989309769573,0.010016776599473925,0.03186676516867077,0.8337093555962007,-1.579706499482186,0.6520452708134493,-3.7144450122959514,0.41078287409782066,-7.72775341638583,0.2639282408149135,-11.570282739450608,0.17124932719099187,-15.327422522002836,0.08906532391497975,-21.00582696608745,0.03415345482409757,-29.331307166061134,0.02889705152139538,-30.782929354774495
6912.625881369227,216.76989309769573,0.009981735043113999,0.03186676516867077,0.8337093555962007,-1.579706499482186,0.6520452708134493,-3.7144450122959514,0.41078287409782066,-7.72775341638583,0.2639282408149135,-11.570282739450608,0.17124932719099187,-15.327422522002836,0.08906532391497975,-21.00582696608745,0.03415345482409757,-29.331307166061134,0.02889705152139538,-30.782929354774495
6936.893122321918,216.76989309769573,0.00994681607216464,0.03186676516867077,0.8337093555962007,-1.579706499482186,0.6520452708134493,-3.7144450122959514,0.41078287409782066,-7.72775341638583,0.2639282408149135,-11.570282739450608,0.17124932719099187,-15.327422522002836,0.08906532391497975,-21.00582696608745,0.03415345482409757,-29.331307166061134,0.02889705152139538,-30.782929354774495
6961.245555066203,216.76989309769573,0.009912019257786947,0.03186676516867077,0.8337093555962007,-1.579706499482186,0.6520452708134493,-3.7144450122959514,0.41078287409782066,-7.72775341638583,0.2639282408149135,-11.570282739450608,0.17124932719099187,-15.327422522002836,0.08906532391497975,-21.00582696608745,0.03415345482409757,-29.331307166061134,0.02889705152139538,-30.782929354774495
6985.683478673626,216.76989309769573,0.009877344172642223,0.03186676516867077,0.8337093555962007,-1.579706499482186,0.6520452708134493,-3.7144450122959514,0.41078287409782066,-7.72775341638583,0.2639282408149135,-11.570282739450608,0.17124932719099187,-15.327422522002836,0.08906532391497975,-21.00582696608745,0.03415345482409757,-29.331307166061134,0.02889705152139538,-30.782929354774495
7010.20719326566,216.76989309769573,0.009842790390886692,0.03186676516867077,0.8337093555962007,-1.579706499482186,0.6520452708134493,-3.7144450122959514,0.41078287409782066,-7.72775341638583,0.2639282408149135,-11.570282739450608,0.17124932719099187,-15.327422522002836,0.08906532391497975,-21.00582696608745,0.03415345482409757,-29.331307166061134,0.02889705152139538,-30.782929354774495
7034.817000017356,216.76989309769573,0.009808357488166325,0.03186676516867077,0.8337093555962007,-1.579706499482186,0.6520452708134493,-3.7144450122959514,0.41078287409782066,-7.72775341638583,0.2639282408149135,-11.570282739450608,0.17124932719099187,-15.327422522002836,0.08906532391497975,-21.00582696608745,0.03415345482409757,-29.331307166061134,0.02889705152139538,-30.782929354774495
7059.5132011610585,216.76989309769573,0.009774045041611617,0.03186676516867077,0.8337093555962007,-1.579706499482186,0.6520452708134493,-3.7144450122959514,0.41078287409782066,-7.72775341638583,0.2639282408149135,-11.570282739450608,0.17124932719099187,-15.327422522002836,0.08906532391497975,-21.00582696608745,0.03415345482409757,-29.331307166061134,0.02889705152139538,-30.782929354774495
7084.296099990142,216.76989309769573,0.009739852629832344,0.03186676516867077,0.8337093555962007,-1.579706499482186,0.6520452708134493,-3.7144450122959514,0.41078287409782066,-7.72775341638583,0.2639282408149135,-11.570282739450608,0.17124932719099187,-15.327422522002836,0.08906532391497975,-21.00582696608745,0.03415345482409757,-29.331307166061134,0.02889705152139538,-30.782929354774495
7109.166000862684,216.76989309769573,0.009705779832912466,0.03186676516867077,0.8337093555962007,-1.579706499482186,0.6520452708134493,-3.7144450122959514,0.41078287409782066,-7.72775341638583,0.2639282408149135,-11.570282739450608,0.17124932719099187,-15.327422522002836,0.08906532391497975,-21.00582696608745,0.03415345482409757,-29.331307166061134,0.02889705152139538,-30.782929354774495
7134.12320920526,216.76989309769573,0.009671826232404892,0.03186676516867077,0.8337093555962007,-1.579706499482186,0.6520452708134493,-3.7144450122959514,0.41078287409782066,-7.72775341638583,0.2639282408149135,-11.570282739450608,0.17124932719099187,-15.327422522002836,0.08906532391497975,-21.00582696608745,0.03415345482409757,-29.331307166061134,0.02889705152139538,-30.782929354774495
7159.168031516644,216.76989309769573,0.009637991411326409,0.03186676516867077,0.8337093555962007,-1.579706499482186,0.6520452708134493,-3.7144450122959514,0.41078287409782066,-7.72775341638583,0.2639282408149135,-11.570282739450608,0.17124932719099187,-15.327422522002836,0.08906532391497975,-21.00582696608745,0.03415345482409757,-29.331307166061134,0.02889705152139538,-30.782929354774495
7184.3007753715965,216.76989309769573,0.009604274954152527,0.03186676516867077,0.8337093555962007,-1.579706499482186,0.6520452708134493,-3.7144450122959514,0.41078287409782066,-7.72775341638583,0.2639282408149135,-11.570282739450608,0.17124932719099187,-15.327422522002836,0.08906532391497975,-21.00582696608745,0.03415345482409757,-29.331307166061134,0.02889705152139538,-30.782929354774495
7209.521749424661,216.76989309769573,0.009570676446812355,0.03186676516867077,0.8337093555962007,-1.579706499482186,0.6520452708134493,-3.7144450122959514,0.41078287409782066,-7.72775341638583,0.2639282408149135,-11.570282739450608,0.17124932719099187,-15.327422522002836,0.08906532391497975,-21.00582696608745,0.03415345482409757,-29.331307166061134,0.02889705152139538,-30.782929354774495
7234.831263413909,216.76989309769573,0.009537195476683568,0.03186676516867077,0.8337093555962007,-1.579706499482186,0.6520452708134493,-3.7144450122959514,0.41078287409782066,-7.72775341638583,0.2639282408149135,-11.570282739450608,0.17124932719099187,-15.327422522002836,0.08906532391497975,-21.00582696608745,0.03415345482409757,-29.331307166061134,0.02889705152139538,-30.782929354774495
7260.229628164772,216.76989309769573,0.009503831632587315,0.03186676516867077,0.8337093555962007,-1.579706499482186,0.6520452708134493,-3.7144450122959514,0.41078287409782066,-7.72775341638583,0.2639282408149135,-11.570282739450608,0.17124932719099187,-15.327422522002836,0.08906532391497975,-21.00582696608745,0.03415345482409757,-29.331307166061134,0.02889705152139538,-30.782929354774495
7285.7171555938785,216.76989309769573,0.009470584504783129,0.03186676516867077,0.8337093555962007,-1.579706499482186,0.6520452708134493,-3.7144450122959514,0.41078287409782066,-7.72775341638583,0.2639282408149135,-11.570282739450608,0.17124932719099187,-15.327422522002836,0.08906532391497975,-21.00582696608745,0.03415345482409757,-29.331307166061134,0.02889705152139538,-30.782929354774495
7311.294158712826,216.76989309769573,0.009437453684963983,0.03186676516867077,0.8337093555962007,-1.579706499482186,0.6520452708134493,-3.7144450122959514,0.41078287409782066,-7.72775341638583,0.2639282408149135,-11.570282739450608,0.17124932719099187,-15.327422522002836,0.08906532391497975,-21.00582696608745,0.03415345482409757,-29.331307166061134,0.02889705152139538,-30.782929354774495
7336.960951632095,216.76989309769573,0.009404438766251176,0.03186676516867077,0.8337093555962007,-1.579706499482186,0.6520452708134493,-3.7144450122959514,0.41078287409782066,-7.72775341638583,0.2639282408149135,-11.570282739450608,0.17124932719099187,-15.327422522002836,0.08906532391497975,-21.00582696608745,0.03415345482409757,-29.331307166061134,0.02889705152139538,-30.782929354774495
7362.7178495648495,216.76989309769573,0.009371539343189421,0.03186676516867077,0.8337093555962007,-1.579706499482186,0.6520452708134493,-3.7144450122959514,0.41078287409782066,-7.72775341638583,0.2639282408149135,-11.570282739450608,0.17124932719099187,-15.327422522002836,0.08906532391497975,-21.00582696608745,0.03415345482409757,-29.331307166061134,0.02889705152139538,-30.782929354774495
7388.565168830829,216.76989309769573,0.009338755011741827,0.03186676516867077,0.8337093555962007,-1.579706499482186,0.6520452708134493,-3.7144450122959514,0.41078287409782066,-7.72775341638583,0.2639282408149135,-11.570282739450608,0.17124932719099187,-15.327422522002836,0.08906532391497975,-21.00582696608745,0.03415345482409757,-29.331307166061134,0.02889705152139538,-30.782929354774495
7414.503226860256,216.76989309769573,0.009306085369284912,0.03186676516867077,0.8337093555962007,-1.579706499482186,0.6520452708134493,-3.7144450122959514,0.41078287409782066,-7.72775341638583,0.2639282408149135,-11.570282739450608,0.17124932719099187,-15.327422522002836,0.08906532391497975,-21.00582696608745,0.03415345482409757,-29.331307166061134,0.02889705152139538,-30.782929354774495
7440.5323421976955,216.76989309769573,0.009273530014603714,0.03186676516867077,0.8337093555962007,-1.579706499482186,0.6520452708134493,-3.7144450122959514,0.41078287409782066,-7.72775341638583,0.2639282408149135,-11.570282739450608,0.17124932719099187,-15.327422522002836,0.08906532391497975,-21.00582696608745,0.03415345482409757,-29.331307166061134,0.02889705152139538,-30.782929354774495
7466.652834505979,216.76989309769573,0.009241088547886838,0.03186676516867077,0.8337093555962007,-1.579706499482186,0.6520452708134493,-3.7144450122959514,0.41078287409782066,-7.72775341638583,0.2639282408149135,-11.570282739450608,0.17124932719099187,-15.327422522002836,0.08906532391497975,-21.00582696608745,0.03415345482409757,-29.331307166061134,0.02889705152139538,-30.782929354774495
7492.865024570164,216.76989309769573,0.009208760570721513,0.03186676516867077,0.8337093555962007,-1.579706499482186,0.6520452708134493,-3.7144450122959514,0.41078287409782066,-7.72775341638583,0.2639282408149135,-11.570282739450608,0.17124932719099187,-15.327422522002836,0.08906532391497975,-21.00582696608745,0.03415345482409757,-29.331307166061134,0.02889705152139538,-30.782929354774495
7519.169234301411,216.76989309769573,0.009176545686088769,0.03186676516867077,0.8337093555962007,-1.579706499482186,0.6520452708134493,-3.7144450122959514,0.41078287409782066,-7.72775341638583,0.2639282408149135,-11.570282739450608,0.17124932719099187,-15.327422522002836,0.08906532391497975,-21.00582696608745,0.03415345482409757,-29.331307166061134,0.02889705152139538,-30.782929354774495
7545.565786741005,216.76989309769573,0.009144443498358485,0.03186676516867077,0.8337093555962007,-1.579706499482186,0.6520452708134493,-3.7144450122959514,0.41078287409782066,-7.72775341638583,0.2639282408149135,-11.570282739450608,0.17124932719099187,-15.327422522002836,0.08906532391497975,-21.00582696608745,0.03415345482409757,-29.331307166061134,0.02889705152139538,-30.782929354774495
7572.055006064264,216.76989309769573,0.009112453613284595,0.03186676516867077,0.8337093555962007,-1.579706499482186,0.6520452708134493,-3.7144450122959514,0.41078287409782066,-7.72775341638583,0.2639282408149135,-11.570282739450608,0.17124932719099187,-15.327422522002836,0.08906532391497975,-21.00582696608745,0.03415345482409757,-29.331307166061134,0.02889705152139538,-30.782929354774495
7598.637217584546,216.76989309769573,0.009080575638000219,0.03186676516867077,0.8337093555962007,-1.579706499482186,0.6520452708134493,-3.7144450122959514,0.41078287409782066,-7.72775341638583,0.2639282408149135,-11.570282739450608,0.17124932719099187,-15.327422522002836,0.08906532391497975,-21.00582696608745,0.03415345482409757,-29.331307166061134,0.02889705152139538,-30.782929354774495
7625.31274775727,216.76989309769573,0.00904880918101281,0.03186676516867077,0.8337093555962007,-1.579706499482186,0.6520452708134493,-3.7144450122959514,0.41078287409782066,-7.72775341638583,0.2639282408149135,-11.570282739450608,0.17124932719099187,-15.327422522002836,0.08906532391497975,-21.00582696608745,0.03415345482409757,-29.331307166061134,0.02889705152139538,-30.782929354774495
7652.081924183869,216.76989309769573,0.009017153852199403,0.03186676516867077,0.8337093555962007,-1.579706499482186,0.6520452708134493,-3.7144450122959514,0.41078287409782066,-7.72775341638583,0.2639282408149135,-11.570282739450608,0.17124932719099187,-15.327422522002836,0.08906532391497975,-21.00582696608745,0.03415345482409757,-29.331307166061134,0.02889705152139538,-30.782929354774495
7678.945075615849,216.76989309769573,0.008985609262801795,0.03186676516867077,0.8337093555962007,-1.579706499482186,0.6520452708134493,-3.7144450122959514,0.41078287409782066,-7.72775341638583,0.2639282408149135,-11.570282739450608,0.17124932719099187,-15.327422522002836,0.08906532391497975,-21.00582696608745,0.03415345482409757,-29.331307166061134,0.02889705152139538,-30.782929354774495
7705.902531958842,216.76989309769573,0.008954175025421738,0.03186676516867077,0.8337093555962007,-1.579706499482186,0.6520452708134493,-3.7144450122959514,0.41078287409782066,-7.72775341638583,0.2639282408149135,-11.570282739450608,0.17124932719099187,-15.327422522002836,0.08906532391497975,-21.00582696608745,0.03415345482409757,-29.331307166061134,0.02889705152139538,-30.782929354774495
7732.954624276603,216.76989309769573,0.008922850754016259,0.03186676516867077,0.8337093555962007,-1.579706499482186,0.6520452708134493,-3.7144450122959514,0.41078287409782066,-7.72775341638583,0.2639282408149135,-11.570282739450608,0.17124932719099187,-15.327422522002836,0.08906532391497975,-21.00582696608745,0.03415345482409757,-29.331307166061134,0.02889705152139538,-30.782929354774495
7760.101684795142,216.76989309769573,0.008891636063892832,0.03186676516867077,0.8337093555962007,-1.579706499482186,0.6520452708134493,-3.7144450122959514,0.41078287409782066,-7.72775341638583,0.2639282408149135,-11.570282739450608,0.17124932719099187,-15.327422522002836,0.08906532391497975,-21.00582696608745,0.03415345482409757,-29.331307166061134,0.02889705152139538,-30.782929354774495
7787.344046906746,216.76989309769573,0.008860530571704722,0.03186676516867077,0.8337093555962007,-1.579706499482186,0.6520452708134493,-3.7144450122959514,0.41078287409782066,-7.72775341638583,0.2639282408149135,-11.570282739450608,0.17124932719099187,-15.327422522002836,0.08906532391497975,-21.00582696608745,0.03415345482409757,-29.331307166061134,0.02889705152139538,-30.782929354774495
7814.6820451741,216.76989309769573,0.00882953389544626,0.03186676516867077,0.8337093555962007,-1.579706499482186,0.6520452708134493,-3.7144450122959514,0.41078287409782066,-7.72775341638583,0.2639282408149135,-11.570282739450608,0.17124932719099187,-15.327422522002836,0.08906532391497975,-21.00582696608745,0.03415345482409757,-29.331307166061134,0.02889705152139538,-30.782929354774495
7842.116015334415,216.76989309769573,0.0087986456544481,0.03186676516867077,0.8337093555962007,-1.579706499482186,0.6520452708134493,-3.7144450122959514,0.41078287409782066,-7.72775341638583,0.2639282408149135,-11.570282739450608,0.17124932719099187,-15.327422522002836,0.08906532391497975,-21.00582696608745,0.03415345482409757,-29.331307166061134,0.02889705152139538,-30.782929354774495
7869.64629430351,216.76989309769573,0.008767865469372627,0.03186676516867077,0.8337093555962007,-1.579706499482186,0.6520452708134493,-3.7144450122959514,0.41078287409782066,-7.72775341638583,0.2639282408149135,-11.570282739450608,0.17124932719099187,-15.327422522002836,0.08906532391497975,-21.00582696608745,0.03415345482409757,-29.331307166061134,0.02889705152139538,-30.782929354774495
7897.273220179966,216.76989309769573,0.008737192962209253,0.03186676516867077,0.8337093555962007,-1.579706499482186,0.6520452708134493,-3.7144450122959514,0.41078287409782066,-7.72775341638583,0.2639282408149135,-11.570282739450608,0.17124932719099187,-15.327422522002836,0.08906532391497975,-21.00582696608745,0.03415345482409757,-29.331307166061134,0.02889705152139538,-30.782929354774495
7924.997132249309,216.76989309769573,0.00870662775626975,0.03186676516867077,0.8337093555962007,-1.579706499482186,0.6520452708134493,-3.7144450122959514,0.41078287409782066,-7.72775341638583,0.2639282408149135,-11.570282739450608,0.17124932719099187,-15.327422522002836,0.08906532391497975,-21.00582696608745,0.03415345482409757,-29.331307166061134,0.02889705152139538,-30.782929354774495
7952.818370988123,216.76989309769573,0.008676169476183684,0.03186676516867077,0.8337093555962007,-1.579706499482186,0.6520452708134493,-3.7144450122959514,0.41078287409782066,-7.72775341638583,0.2639282408149135,-11.570282739450608,0.17124932719099187,-15.327422522002836,0.08906532391497975,-21.00582696608745,0.03415345482409757,-29.331307166061134,0.02889705152139538,-30.782929354774495
7980.737278068261,216.76989309769573,0.008645817747893771,0.03186676516867077,0.8337093555962007,-1.579706499482186,0.6520452708134493,-3.7144450122959514,0.41078287409782066,-7.72775341638583,0.2639282408149135,-11.570282739450608,0.17124932719099187,-15.327422522002836,0.08906532391497975,-21.00582696608745,0.03415345482409757,-29.331307166061134,0.02889705152139538,-30.782929354774495
8008.754196361059,216.76989309769573,0.008615572198651266,0.03186676516867077,0.8337093555962007,-1.579706499482186,0.6520452708134493,-3.7144450122959514,0.41078287409782066,-7.72775341638583,0.2639282408149135,-11.570282739450608,0.17124932719099187,-15.327422522002836,0.08906532391497975,-21.00582696608745,0.03415345482409757,-29.331307166061134,0.02889705152139538,-30.782929354774495
8036.869469941498,216.76989309769573,0.008585432457011431,0.03186676516867077,0.8337093555962007,-1.579706499482186,0.6520452708134493,-3.7144450122959514,0.41078287409782066,-7.72775341638583,0.2639282408149135,-11.570282739450608,0.17124932719099187,-15.327422522002836,0.08906532391497975,-21.00582696608745,0.03415345482409757,-29.331307166061134,0.02889705152139538,-30.782929354774495
8065.0834440924855,216.76989309769573,0.008555398152828925,0.03186676516867077,0.8337093555962007,-1.579706499482186,0.6520452708134493,-3.7144450122959514,0.41078287409782066,-7.72775341638583,0.2639282408149135,-11.570282739450608,0.17124932719099187,-15.327422522002836,0.08906532391497975,-21.00582696608745,0.03415345482409757,-29.331307166061134,0.02889705152139538,-30.782929354774495
8093.396465309046,216.76989309769573,0.0085254689172533,0.03186676516867077,0.8337093555962007,-1.579706499482186,0.6520452708134493,-3.7144450122959514,0.41078287409782066,-7.72775341638583,0.2639282408149135,-11.570282739450608,0.17124932719099187,-15.327422522002836,0.08906532391497975,-21.00582696608745,0.03415345482409757,-29.331307166061134,0.02889705152139538,-30.782929354774495
8121.808881302598,216.76989309769573,0.008495644382724455,0.03186676516867077,0.8337093555962007,-1.579706499482186,0.6520452708134493,-3.7144450122959514,0.41078287409782066,-7.72775341638583,0.2639282408149135,-11.570282739450608,0.17124932719099187,-15.327422522002836,0.08906532391497975,-21.00582696608745,0.03415345482409757,-29.331307166061134,0.02889705152139538,-30.782929354774495
8150.321041005249,216.76989309769573,0.008465924182968092,0.03186676516867077,0.8337093555962007,-1.579706499482186,0.6520452708134493,-3.7144450122959514,0.41078287409782066,-7.72775341638583,0.2639282408149135,-11.570282739450608,0.17124932719099187,-15.327422522002836,0.08906532391497975,-21.00582696608745,0.03415345482409757,-29.331307166061134,0.02889705152139538,-30.782929354774495
8178.933294574031,216.76989309769573,0.008436307952991271,0.03186676516867077,0.8337093555962007,-1.579706499482186,0.6520452708134493,-3.7144450122959514,0.41078287409782066,-7.72775341638583,0.2639282408149135,-11.570282739450608,0.17124932719099187,-15.327422522002836,0.08906532391497975,-21.00582696608745,0.03415345482409757,-29.331307166061134,0.02889705152139538,-30.782929354774495
8207.645993395226,216.76989309769573,0.008406795329077909,0.03186676516867077,0.8337093555962007,-1.579706499482186,0.6520452708134493,-3.7144450122959514,0.41078287409782066,-7.72775341638583,0.2639282408149135,-11.570282739450608,0.17124932719099187,-15.327422522002836,0.08906532391497975,-21.00582696608745,0.03415345482409757,-29.331307166061134,0.02889705152139538,-30.782929354774495
8236.45949008871,216.76989309769573,0.00837738594878427,0.03186676516867077,0.8337093555962007,-1.579706499482186,0.6520452708134493,-3.7144450122959514,0.41078287409782066,-7.72775341638583,0.2639282408149135,-11.570282739450608,0.17124932719099187,-15.327422522002836,0.08906532391497975,-21.00582696608745,0.03415345482409757,-29.331307166061134,0.02889705152139538,-30.782929354774495
8265.374138512212,216.76989309769573,0.008348079450934591,0.03186676516867077,0.8337093555962007,-1.579706499482186,0.6520452708134493,-3.7144450122959514,0.41078287409782066,-7.72775341638583,0.2639282408149135,-11.570282739450608,0.17124932719099187,-15.327422522002836,0.08906532391497975,-21.00582696608745,0.03415345482409757,-29.331307166061134,0.02889705152139538,-30.782929354774495
8294.390293765748,216.76989309769573,0.00831887547561657,0.03186676516867077,0.8337093555962007,-1.579706499482186,0.6520452708134493,-3.7144450122959514,0.41078287409782066,-7.72775341638583,0.2639282408149135,-11.570282739450608,0.17124932719099187,-15.327422522002836,0.08906532391497975,-21.00582696608745,0.03415345482409757,-29.331307166061134,0.02889705152139538,-30.782929354774495
8323.508312195903,216.76989309769573,0.008289773664177005,0.03186676516867077,0.8337093555962007,-1.579706499482186,0.6520452708134493,-3.7144450122959514,0.41078287409782066,-7.72775341638583,0.2639282408149135,-11.570282739450608,0.17124932719099187,-15.327422522002836,0.08906532391497975,-21.00582696608745,0.03415345482409757,-29.331307166061134,0.02889705152139538,-30.782929354774495
8352.728551400245,216.76989309769573,0.008260773659217369,0.03186676516867077,0.8337093555962007,-1.579706499482186,0.6520452708134493,-3.7144450122959514,0.41078287409782066,-7.72775341638583,0.2639282408149135,-11.570282739450608,0.17124932719099187,-15.327422522002836,0.08906532391497975,-21.00582696608745,0.03415345482409757,-29.331307166061134,0.02889705152139538,-30.782929354774495
8382.051370231733,216.76989309769573,0.008231875104589392,0.03186676516867077,0.8337093555962007,-1.579706499482186,0.6520452708134493,-3.7144450122959514,0.41078287409782066,-7.72775341638583,0.2639282408149135,-11.570282739450608,0.17124932719099187,-15.327422522002836,0.08906532391497975,-21.00582696608745,0.03415345482409757,-29.331307166061134,0.02889705152139538,-30.782929354774495
8411.477128803086,216.76989309769573,0.00820307764539073,0.03186676516867077,0.8337093555962007,-1.579706499482186,0.6520452708134493,-3.7144450122959514,0.41078287409782066,-7.72775341638583,0.2639282408149135,-11.570282739450608,0.17124932719099187,-15.327422522002836,0.08906532391497975,-21.00582696608745,0.03415345482409757,-29.331307166061134,0.02889705152139538,-30.782929354774495
8441.006188491214,216.76989309769573,0.008174380927960603,0.03186676516867077,0.8337093555962007,-1.579706499482186,0.6520452708134493,-3.7144450122959514,0.41078287409782066,-7.72775341638583,0.2639282408149135,-11.570282739450608,0.17124932719099187,-15.327422522002836,0.08906532391497975,-21.00582696608745,0.03415345482409757,-29.331307166061134,0.02889705152139538,-30.782929354774495
8470.638911941698,216.76989309769573,0.0081457845998754,0.03186676516867077,0.8337093555962007,-1.579706499482186,0.6520452708134493,-3.7144450122959514,0.41078287409782066,-7.72775341638583,0.2639282408149135,-11.570282739450608,0.17124932719099187,-15.327422522002836,0.08906532391497975,-21.00582696608745,0.03415345482409757,-29.331307166061134,0.02889705152139538,-30.782929354774495
8500.375663073173,216.76989309769573,0.00811728830994443,0.03186676516867077,0.8337093555962007,-1.579706499482186,0.6520452708134493,-3.7144450122959514,0.41078287409782066,-7.72775341638583,0.2639282408149135,-11.570282739450608,0.17124932719099187,-15.327422522002836,0.08906532391497975,-21.00582696608745,0.03415345482409757,-29.331307166061134,0.02889705152139538,-30.782929354774495
8530.216807081872,216.76989309769573,0.00808889170820553,0.03186676516867077,0.8337093555962007,-1.579706499482186,0.6520452708134493,-3.7144450122959514,0.41078287409782066,-7.72775341638583,0.2639282408149135,-11.570282739450608,0.17124932719099187,-15.327422522002836,0.08906532391497975,-21.00582696608745,0.03415345482409757,-29.331307166061134,0.02889705152139538,-30.782929354774495
8560.162710446042,216.76989309769573,0.008060594445920834,0.03186676516867077,0.8337093555962007,-1.579706499482186,0.6520452708134493,-3.7144450122959514,0.41078287409782066,-7.72775341638583,0.2639282408149135,-11.570282739450608,0.17124932719099187,-15.327422522002836,0.08906532391497975,-21.00582696608745,0.03415345482409757,-29.331307166061134,0.02889705152139538,-30.782929354774495
8590.213740930485,216.76989309769573,0.008032396175572458,0.03186676516867077,0.8337093555962007,-1.579706499482186,0.6520452708134493,-3.7144450122959514,0.41078287409782066,-7.72775341638583,0.2639282408149135,-11.570282739450608,0.17124932719099187,-15.327422522002836,0.08906532391497975,-21.00582696608745,0.03415345482409757,-29.331307166061134,0.02889705152139538,-30.782929354774495
8620.370267591086,216.76989309769573,0.00800429655085821,0.03186676516867077,0.8337093555962007,-1.579706499482186,0.6520452708134493,-3.7144450122959514,0.41078287409782066,-7.72775341638583,0.2639282408149135,-11.570282739450608,0.17124932719099187,-15.327422522002836,0.08906532391497975,-21.00582696608745,0.03415345482409757,-29.331307166061134,0.02889705152139538,-30.782929354774495
8650.632660779305,216.76989309769573,0.007976295226687389,0.03186676516867077,0.8337093555962007,-1.579706499482186,0.6520452708134493,-3.7144450122959514,0.41078287409782066,-7.72775341638583,0.2639282408149135,-11.570282739450608,0.17124932719099187,-15.327422522002836,0.08906532391497975,-21.00582696608745,0.03415345482409757,-29.331307166061134,0.02889705152139538,-30.782929354774495
8681.00129214674,216.76989309769573,0.00794839185917652,0.03186676516867077,0.8337093555962007,-1.579706499482186,0.6520452708134493,-3.7144450122959514,0.41078287409782066,-7.72775341638583,0.2639282408149135,-11.570282739450608,0.17124932719099187,-15.327422522002836,0.08906532391497975,-21.00582696608745,0.03415345482409757,-29.331307166061134,0.02889705152139538,-30.782929354774495
8711.476534649726,216.76989309769573,0.007920586105645108,0.03186676516867077,0.8337093555962007,-1.579706499482186,0.6520452708134493,-3.7144450122959514,0.41078287409782066,-7.72775341638583,0.2639282408149135,-11.570282739450608,0.17124932719099187,-15.327422522002836,0.08906532391497975,-21.00582696608745,0.03415345482409757,-29.331307166061134,0.02889705152139538,-30.782929354774495
8742.058762553854,216.76989309769573,0.007892877624611477,0.03186676516867077,0.8337093555962007,-1.579706499482186,0.6520452708134493,-3.7144450122959514,0.41078287409782066,-7.72775341638583,0.2639282408149135,-11.570282739450608,0.17124932719099187,-15.327422522002836,0.08906532391497975,-21.00582696608745,0.03415345482409757,-29.331307166061134,0.02889705152139538,-30.782929354774495
8772.748351438628,216.76989309769573,0.007865266075788531,0.03186676516867077,0.8337093555962007,-1.579706499482186,0.6520452708134493,-3.7144450122959514,0.41078287409782066,-7.72775341638583,0.2639282408149135,-11.570282739450608,0.17124932719099187,-15.327422522002836,0.08906532391497975,-21.00582696608745,0.03415345482409757,-29.331307166061134,0.02889705152139538,-30.782929354774495
8803.545678202032,216.76989309769573,0.007837751120079612,0.03186676516867077,0.8337093555962007,-1.579706499482186,0.6520452708134493,-3.7144450122959514,0.41078287409782066,-7.72775341638583,0.2639282408149135,-11.570282739450608,0.17124932719099187,-15.327422522002836,0.08906532391497975,-21.00582696608745,0.03415345482409757,-29.331307166061134,0.02889705152139538,-30.782929354774495
8834.451121065167,216.76989309769573,0.007810332419574324,0.03186676516867077,0.8337093555962007,-1.579706499482186,0.6520452708134493,-3.7144450122959514,0.41078287409782066,-7.72775341638583,0.2639282408149135,-11.570282739450608,0.17124932719099187,-15.327422522002836,0.08906532391497975,-21.00582696608745,0.03415345482409757,-29.331307166061134,0.02889705152139538,-30.782929354774495
8865.465059576938,216.76989309769573,0.007783009637544349,0.03186676516867077,0.8337093555962007,-1.579706499482186,0.6520452708134493,-3.7144450122959514,0.41078287409782066,-7.72775341638583,0.2639282408149135,-11.570282739450608,0.17124932719099187,-15.327422522002836,0.08906532391497975,-21.00582696608745,0.03415345482409757,-29.331307166061134,0.02889705152139538,-30.782929354774495
8896.587874618652,216.76989309769573,0.007755782438439373,0.03186676516867077,0.8337093555962007,-1.579706499482186,0.6520452708134493,-3.7144450122959514,0.41078287409782066,-7.72775341638583,0.2639282408149135,-11.570282739450608,0.17124932719099187,-15.327422522002836,0.08906532391497975,-21.00582696608745,0.03415345482409757,-29.331307166061134,0.02889705152139538,-30.782929354774495
8927.819948408725,216.76989309769573,0.007728650487882924,0.03186676516867077,0.8337093555962007,-1.579706499482186,0.6520452708134493,-3.7144450122959514,0.41078287409782066,-7.72775341638583,0.2639282408149135,-11.570282739450608,0.17124932719099187,-15.327422522002836,0.08906532391497975,-21.00582696608745,0.03415345482409757,-29.331307166061134,0.02889705152139538,-30.782929354774495
8959.161664507408,216.76989309769573,0.007701613452668258,0.03186676516867077,0.8337093555962007,-1.579706499482186,0.6520452708134493,-3.7144450122959514,0.41078287409782066,-7.72775341638583,0.2639282408149135,-11.570282739450608,0.17124932719099187,-15.327422522002836,0.08906532391497975,-21.00582696608745,0.03415345482409757,-29.331307166061134,0.02889705152139538,-30.782929354774495
8990.613407821424,216.76989309769573,0.007674671000754315,0.03186676516867077,0.8337093555962007,-1.579706499482186,0.6520452708134493,-3.7144450122959514,0.41078287409782066,-7.72775341638583,0.2639282408149135,-11.570282739450608,0.17124932719099187,-15.327422522002836,0.08906532391497975,-21.00582696608745,0.03415345482409757,-29.331307166061134,0.02889705152139538,-30.782929354774495
9022.175564608779,216.76989309769573,0.00764782280126157,0.03186676516867077,0.8337093555962007,-1.579706499482186,0.6520452708134493,-3.7144450122959514,0.41078287409782066,-7.72775341638583,0.2639282408149135,-11.570282739450608,0.17124932719099187,-15.327422522002836,0.08906532391497975,-21.00582696608745,0.03415345482409757,-29.331307166061134,0.02889705152139538,-30.782929354774495
9053.848522483431,216.76989309769573,0.007621068524468046,0.03186676516867077,0.8337093555962007,-1.579706499482186,0.6520452708134493,-3.7144450122959514,0.41078287409782066,-7.72775341638583,0.2639282408149135,-11.570282739450608,0.17124932719099187,-15.327422522002836,0.08906532391497975,-21.00582696608745,0.03415345482409757,-29.331307166061134,0.02889705152139538,-30.782929354774495
9085.63267042009,216.76989309769573,0.007594407841805217,0.03186676516867077,0.8337093555962007,-1.579706499482186,0.6520452708134493,-3.7144450122959514,0.41078287409782066,-7.72775341638583,0.2639282408149135,-11.570282739450608,0.17124932719099187,-15.327422522002836,0.08906532391497975,-21.00582696608745,0.03415345482409757,-29.331307166061134,0.02889705152139538,-30.782929354774495
9117.528398759006,216.76989309769573,0.007567840425853968,0.03186676516867077,0.8337093555962007,-1.579706499482186,0.6520452708134493,-3.7144450122959514,0.41078287409782066,-7.72775341638583,0.2639282408149135,-11.570282739450608,0.17124932719099187,-15.327422522002836,0.08906532391497975,-21.00582696608745,0.03415345482409757,-29.331307166061134,0.02889705152139538,-30.782929354774495
9149.536099210729,216.76989309769573,0.007541365950340606,0.03186676516867077,0.8337093555962007,-1.579706499482186,0.6520452708134493,-3.7144450122959514,0.41078287409782066,-7.72775341638583,0.2639282408149135,-11.570282739450608,0.17124932719099187,-15.327422522002836,0.08906532391497975,-21.00582696608745,0.03415345482409757,-29.331307166061134,0.02889705152139538,-30.782929354774495
9181.656164860926,216.76989309769573,0.0075149840901328445,0.03186676516867077,0.8337093555962007,-1.579706499482186,0.6520452708134493,-3.7144450122959514,0.41078287409782066,-7.72775341638583,0.2639282408149135,-11.570282739450608,0.17124932719099187,-15.327422522002836,0.08906532391497975,-21.00582696608745,0.03415345482409757,-29.331307166061134,0.02889705152139538,-30.782929354774495
9213.88899017525,216.76989309769573,0.007488694521235773,0.03186676516867077,0.8337093555962007,-1.579706499482186,0.6520452708134493,-3.7144450122959514,0.41078287409782066,-7.72775341638583,0.2639282408149135,-11.570282739450608,0.17124932719099187,-15.327422522002836,0.08906532391497975,-21.00582696608745,0.03415345482409757,-29.331307166061134,0.02889705152139538,-30.782929354774495
9246.234971004122,216.76989309769573,0.007462496920787937,0.03186676516867077,0.8337093555962007,-1.579706499482186,0.6520452708134493,-3.7144450122959514,0.41078287409782066,-7.72775341638583,0.2639282408149135,-11.570282739450608,0.17124932719099187,-15.327422522002836,0.08906532391497975,-21.00582696608745,0.03415345482409757,-29.331307166061134,0.02889705152139538,-30.782929354774495
9278.694504587624,216.76989309769573,0.0074363909670573415,0.03186676516867077,0.8337093555962007,-1.579706499482186,0.6520452708134493,-3.7144450122959514,0.41078287409782066,-7.72775341638583,0.2639282408149135,-11.570282739450608,0.17124932719099187,-15.327422522002836,0.08906532391497975,-21.00582696608745,0.03415345482409757,-29.331307166061134,0.02889705152139538,-30.782929354774495
9311.267989560405,216.76989309769573,0.007410376339437478,0.03186676516867077,0.8337093555962007,-1.579706499482186,0.6520452708134493,-3.7144450122959514,0.41078287409782066,-7.72775341638583,0.2639282408149135,-11.570282739450608,0.17124932719099187,-15.327422522002836,0.08906532391497975,-21.00582696608745,0.03415345482409757,-29.331307166061134,0.02889705152139538,-30.782929354774495
9343.95582595651,216.76989309769573,0.007384452718443444,0.03186676516867077,0.8337093555962007,-1.579706499482186,0.6520452708134493,-3.7144450122959514,0.41078287409782066,-7.72775341638583,0.2639282408149135,-11.570282739450608,0.17124932719099187,-15.327422522002836,0.08906532391497975,-21.00582696608745,0.03415345482409757,-29.331307166061134,0.02889705152139538,-30.782929354774495
9376.758415214366,216.76989309769573,0.007358619785707955,0.03186676516867077,0.8337093555962007,-1.579706499482186,0.6520452708134493,-3.7144450122959514,0.41078287409782066,-7.72775341638583,0.2639282408149135,-11.570282739450608,0.17124932719099187,-15.327422522002836,0.08906532391497975,-21.00582696608745,0.03415345482409757,-29.331307166061134,0.02889705152139538,-30.782929354774495
9409.676160181654,216.76989309769573,0.007332877223977488,0.03186676516867077,0.8337093555962007,-1.579706499482186,0.6520452708134493,-3.7144450122959514,0.41078287409782066,-7.72775341638583,0.2639282408149135,-11.570282739450608,0.17124932719099187,-15.327422522002836,0.08906532391497975,-21.00582696608745,0.03415345482409757,-29.331307166061134,0.02889705152139538,-30.782929354774495
9442.709465120271,216.76989309769573,0.007307224717108369,0.03186676516867077,0.8337093555962007,-1.579706499482186,0.6520452708134493,-3.7144450122959514,0.41078287409782066,-7.72775341638583,0.2639282408149135,-11.570282739450608,0.17124932719099187,-15.327422522002836,0.08906532391497975,-21.00582696608745,0.03415345482409757,-29.331307166061134,0.02889705152139538,-30.782929354774495
9475.858735711341,216.76989309769573,0.0072816619500628565,0.03186676516867077,0.8337093555962007,-1.579706499482186,0.6520452708134493,-3.7144450122959514,0.41078287409782066,-7.72775341638583,0.2639282408149135,-11.570282739450608,0.17124932719099187,-15.327422522002836,0.08906532391497975,-21.00582696608745,0.03415345482409757,-29.331307166061134,0.02889705152139538,-30.782929354774495
9509.12437906012,216.76989309769573,0.007256188608905328,0.03186676516867077,0.8337093555962007,-1.579706499482186,0.6520452708134493,-3.7144450122959514,0.41078287409782066,-7.72775341638583,0.2639282408149135,-11.570282739450608,0.17124932719099187,-15.327422522002836,0.08906532391497975,-21.00582696608745,0.03415345482409757,-29.331307166061134,0.02889705152139538,-30.782929354774495
9542.506803701042,216.76989309769573,0.007230804380798396,0.03186676516867077,0.8337093555962007,-1.579706499482186,0.6520452708134493,-3.7144450122959514,0.41078287409782066,-7.72775341638583,0.2639282408149135,-11.570282739450608,0.17124932719099187,-15.327422522002836,0.08906532391497975,-21.00582696608745,0.03415345482409757,-29.331307166061134,0.02889705152139538,-30.782929354774495
9576.006419602754,216.76989309769573,0.007205508953999047,0.03186676516867077,0.8337093555962007,-1.579706499482186,0.6520452708134493,-3.7144450122959514,0.41078287409782066,-7.72775341638583,0.2639282408149135,-11.570282739450608,0.17124932719099187,-15.327422522002836,0.08906532391497975,-21.00582696608745,0.03415345482409757,-29.331307166061134,0.02889705152139538,-30.782929354774495
9609.62363817309,216.76989309769573,0.00718030201785486,0.03186676516867077,0.8337093555962007,-1.579706499482186,0.6520452708134493,-3.7144450122959514,0.41078287409782066,-7.72775341638583,0.2639282408149135,-11.570282739450608,0.17124932719099187,-15.327422522002836,0.08906532391497975,-21.00582696608745,0.03415345482409757,-29.331307166061134,0.02889705152139538,-30.782929354774495
9643.358872264196,216.76989309769573,0.007155183262800139,0.03186676516867077,0.8337093555962007,-1.579706499482186,0.6520452708134493,-3.7144450122959514,0.41078287409782066,-7.72775341638583,0.2639282408149135,-11.570282739450608,0.17124932719099187,-15.327422522002836,0.08906532391497975,-21.00582696608745,0.03415345482409757,-29.331307166061134,0.02889705152139538,-30.782929354774495
9677.212536177532,216.76989309769573,0.00713015238035216,0.03186676516867077,0.8337093555962007,-1.579706499482186,0.6520452708134493,-3.7144450122959514,0.41078287409782066,-7.72775341638583,0.2639282408149135,-11.570282739450608,0.17124932719099187,-15.327422522002836,0.08906532391497975,-21.00582696608745,0.03415345482409757,-29.331307166061134,0.02889705152139538,-30.782929354774495
9711.185045668995,216.76989309769573,0.007105209063107359,0.03186676516867077,0.8337093555962007,-1.579706499482186,0.6520452708134493,-3.7144450122959514,0.41078287409782066,-7.72775341638583,0.2639282408149135,-11.570282739450608,0.17124932719099187,-15.327422522002836,0.08906532391497975,-21.00582696608745,0.03415345482409757,-29.331307166061134,0.02889705152139538,-30.782929354774495
9745.276817954053,216.76989309769573,0.007080353004737533,0.03186676516867077,0.8337093555962007,-1.579706499482186,0.6520452708134493,-3.7144450122959514,0.41078287409782066,-7.72775341638583,0.2639282408149135,-11.570282739450608,0.17124932719099187,-15.327422522002836,0.08906532391497975,-21.00582696608745,0.03415345482409757,-29.331307166061134,0.02889705152139538,-30.782929354774495
9779.488271712797,216.76989309769573,0.007055583899986131,0.03186676516867077,0.8337093555962007,-1.579706499482186,0.6520452708134493,-3.7144450122959514,0.41078287409782066,-7.72775341638583,0.2639282408149135,-11.570282739450608,0.17124932719099187,-15.327422522002836,0.08906532391497975,-21.00582696608745,0.03415345482409757,-29.331307166061134,0.02889705152139538,-30.782929354774495
9813.819827095132,216.76989309769573,0.007030901444664472,0.03186676516867077,0.8337093555962007,-1.579706499482186,0.6520452708134493,-3.7144450122959514,0.41078287409782066,-7.72775341638583,0.2639282408149135,-11.570282739450608,0.17124932719099187,-15.327422522002836,0.08906532391497975,-21.00582696608745,0.03415345482409757,-29.331307166061134,0.02889705152139538,-30.782929354774495
9848.27190572596,216.76989309769573,0.00700630533564799,0.03186676516867077,0.8337093555962007,-1.579706499482186,0.6520452708134493,-3.7144450122959514,0.41078287409782066,-7.72775341638583,0.2639282408149135,-11.570282739450608,0.17124932719099187,-15.327422522002836,0.08906532391497975,-21.00582696608745,0.03415345482409757,-29.331307166061134,0.02889705152139538,-30.782929354774495
9882.844930710275,216.76989309769573,0.006981795270872575,0.03186676516867077,0.8337093555962007,-1.579706499482186,0.6520452708134493,-3.7144450122959514,0.41078287409782066,-7.72775341638583,0.2639282408149135,-11.570282739450608,0.17124932719099187,-15.327422522002836,0.08906532391497975,-21.00582696608745,0.03415345482409757,-29.331307166061134,0.02889705152139538,-30.782929354774495
9917.539326638458,216.76989309769573,0.006957370949330785,0.03186676516867077,0.8337093555962007,-1.579706499482186,0.6520452708134493,-3.7144450122959514,0.41078287409782066,-7.72775341638583,0.2639282408149135,-11.570282739450608,0.17124932719099187,-15.327422522002836,0.08906532391497975,-21.00582696608745,0.03415345482409757,-29.331307166061134,0.02889705152139538,-30.782929354774495
9952.35551959141,216.76989309769573,0.006933032071068213,0.03186676516867077,0.8337093555962007,-1.579706499482186,0.6520452708134493,-3.7144450122959514,0.41078287409782066,-7.72775341638583,0.2639282408149135,-11.570282739450608,0.17124932719099187,-15.327422522002836,0.08906532391497975,-21.00582696608745,0.03415345482409757,-29.331307166061134,0.02889705152139538,-30.782929354774495
9987.29393714582,216.76989309769573,0.006908778337179781,0.03186676516867077,0.8337093555962007,-1.579706499482186,0.6520452708134493,-3.7144450122959514,0.41078287409782066,-7.72775341638583,0.2639282408149135,-11.570282739450608,0.17124932719099187,-15.327422522002836,0.08906532391497975,-21.00582696608745,0.03415345482409757,-29.331307166061134,0.02889705152139538,-30.782929354774495
10022.355008379443,216.76989309769573,0.0068846094498060395,0.03186676516867077,0.8337093555962007,-1.579706499482186,0.6520452708134493,-3.7144450122959514,0.41078287409782066,-7.72775341638583,0.2639282408149135,-11.570282739450608,0.17124932719099187,-15.327422522002836,0.08906532391497975,-21.00582696608745,0.03415345482409757,-29.331307166061134,0.02889705152139538,-30.782929354774495
10057.539163876309,216.76989309769573,0.0068605251121295644,0.03186676516867077,0.8337093555962007,-1.579706499482186,0.6520452708134493,-3.7144450122959514,0.41078287409782066,-7.72775341638583,0.2639282408149135,-11.570282739450608,0.17124932719099187,-15.327422522002836,0.08906532391497975,-21.00582696608745,0.03415345482409757,-29.331307166061134,0.02889705152139538,-30.782929354774495
10092.846835732054,216.76989309769573,0.006836525028371274,0.03186676516867077,0.8337093555962007,-1.579706499482186,0.6520452708134493,-3.7144450122959514,0.41078287409782066,-7.72775341638583,0.2639282408149135,-11.570282739450608,0.17124932719099187,-15.327422522002836,0.08906532391497975,-21.00582696608745,0.03415345482409757,-29.331307166061134,0.02889705152139538,-30.782929354774495
10128.278457559194,216.76989309769573,0.00681260890378682,0.03186676516867077,0.8337093555962007,-1.579706499482186,0.6520452708134493,-3.7144450122959514,0.41078287409782066,-7.72775341638583,0.2639282408149135,-11.570282739450608,0.17124932719099187,-15.327422522002836,0.08906532391497975,-21.00582696608745,0.03415345482409757,-29.331307166061134,0.02889705152139538,-30.782929354774495
10163.834464492533,216.76989309769573,0.006788776444662913,0.03186676516867077,0.8337093555962007,-1.579706499482186,0.6520452708134493,-3.7144450122959514,0.41078287409782066,-7.72775341638583,0.2639282408149135,-11.570282739450608,0.17124932719099187,-15.327422522002836,0.08906532391497975,-21.00582696608745,0.03415345482409757,-29.331307166061134,0.02889705152139538,-30.782929354774495
10199.515293194381,216.76989309769573,0.006765027358313801,0.03186676516867077,0.8337093555962007,-1.579706499482186,0.6520452708134493,-3.7144450122959514,0.41078287409782066,-7.72775341638583,0.2639282408149135,-11.570282739450608,0.17124932719099187,-15.327422522002836,0.08906532391497975,-21.00582696608745,0.03415345482409757,-29.331307166061134,0.02889705152139538,-30.782929354774495
10235.321381860007,216.76989309769573,0.006741361353077613,0.03186676516867077,0.8337093555962007,-1.579706499482186,0.6520452708134493,-3.7144450122959514,0.41078287409782066,-7.72775341638583,0.2639282408149135,-11.570282739450608,0.17124932719099187,-15.327422522002836,0.08906532391497975,-21.00582696608745,0.03415345482409757,-29.331307166061134,0.02889705152139538,-30.782929354774495
10271.25317022299,216.76989309769573,0.006717778138312797,0.03186676516867077,0.8337093555962007,-1.579706499482186,0.6520452708134493,-3.7144450122959514,0.41078287409782066,-7.72775341638583,0.2639282408149135,-11.570282739450608,0.17124932719099187,-15.327422522002836,0.08906532391497975,-21.00582696608745,0.03415345482409757,-29.331307166061134,0.02889705152139538,-30.782929354774495
10307.3110995606,216.76989309769573,0.0066942774243945605,0.03186676516867077,0.8337093555962007,-1.579706499482186,0.6520452708134493,-3.7144450122959514,0.41078287409782066,-7.72775341638583,0.2639282408149135,-11.570282739450608,0.17124932719099187,-15.327422522002836,0.08906532391497975,-21.00582696608745,0.03415345482409757,-29.331307166061134,0.02889705152139538,-30.782929354774495
10343.49561269933,216.76989309769573,0.006670858922711251,0.03186676516867077,0.8337093555962007,-1.579706499482186,0.6520452708134493,-3.7144450122959514,0.41078287409782066,-7.72775341638583,0.2639282408149135,-11.570282739450608,0.17124932719099187,-15.327422522002836,0.08906532391497975,-21.00582696608745,0.03415345482409757,-29.331307166061134,0.02889705152139538,-30.782929354774495
10379.807154020094,216.76989309769573,0.006647522345660953,0.03186676516867077,0.8337093555962007,-1.579706499482186,0.6520452708134493,-3.7144450122959514,0.41078287409782066,-7.72775341638583,0.2639282408149135,-11.570282739450608,0.17124932719099187,-15.327422522002836,0.08906532391497975,-21.00582696608745,0.03415345482409757,-29.331307166061134,0.02889705152139538,-30.782929354774495
10416.24616946399,216.76989309769573,0.006624267406647771,0.03186676516867077,0.8337093555962007,-1.579706499482186,0.6520452708134493,-3.7144450122959514,0.41078287409782066,-7.72775341638583,0.2639282408149135,-11.570282739450608,0.17124932719099187,-15.327422522002836,0.08906532391497975,-21.00582696608745,0.03415345482409757,-29.331307166061134,0.02889705152139538,-30.782929354774495
10452.813106537526,216.76989309769573,0.0066010938200784615,0.03186676516867077,0.8337093555962007,-1.579706499482186,0.6520452708134493,-3.7144450122959514,0.41078287409782066,-7.72775341638583,0.2639282408149135,-11.570282739450608,0.17124932719099187,-15.327422522002836,0.08906532391497975,-21.00582696608745,0.03415345482409757,-29.331307166061134,0.02889705152139538,-30.782929354774495
10489.508414318221,216.76989309769573,0.006578001301358863,0.03186676516867077,0.8337093555962007,-1.579706499482186,0.6520452708134493,-3.7144450122959514,0.41078287409782066,-7.72775341638583,0.2639282408149135,-11.570282739450608,0.17124932719099187,-15.327422522002836,0.08906532391497975,-21.00582696608745,0.03415345482409757,-29.331307166061134,0.02889705152139538,-30.782929354774495
10526.332543460196,216.76989309769573,0.006554989566890355,0.03186676516867077,0.8337093555962007,-1.579706499482186,0.6520452708134493,-3.7144450122959514,0.41078287409782066,-7.72775341638583,0.2639282408149135,-11.570282739450608,0.17124932719099187,-15.327422522002836,0.08906532391497975,-21.00582696608745,0.03415345482409757,-29.331307166061134,0.02889705152139538,-30.782929354774495
10563.285946199467,216.76989309769573,0.006532058334066523,0.03186676516867077,0.8337093555962007,-1.579706499482186,0.6520452708134493,-3.7144450122959514,0.41078287409782066,-7.72775341638583,0.2639282408149135,-11.570282739450608,0.17124932719099187,-15.327422522002836,0.08906532391497975,-21.00582696608745,0.03415345482409757,-29.331307166061134,0.02889705152139538,-30.782929354774495
10600.369076359815,216.76989309769573,0.00650920732126949,0.03186676516867077,0.8337093555962007,-1.579706499482186,0.6520452708134493,-3.7144450122959514,0.41078287409782066,-7.72775341638583,0.2639282408149135,-11.570282739450608,0.17124932719099187,-15.327422522002836,0.08906532391497975,-21.00582696608745,0.03415345482409757,-29.331307166061134,0.02889705152139538,-30.782929354774495
10637.582389358106,216.76989309769573,0.006486436247866618,0.03186676516867077,0.8337093555962007,-1.579706499482186,0.6520452708134493,-3.7144450122959514,0.41078287409782066,-7.72775341638583,0.2639282408149135,-11.570282739450608,0.17124932719099187,-15.327422522002836,0.08906532391497975,-21.00582696608745,0.03415345482409757,-29.331307166061134,0.02889705152139538,-30.782929354774495
10674.926342209981,216.76989309769573,0.006463744834207001,0.03186676516867077,0.8337093555962007,-1.579706499482186,0.6520452708134493,-3.7144450122959514,0.41078287409782066,-7.72775341638583,0.2639282408149135,-11.570282739450608,0.17124932719099187,-15.327422522002836,0.08906532391497975,-21.00582696608745,0.03415345482409757,-29.331307166061134,0.02889705152139538,-30.782929354774495
10712.401393535552,216.76989309769573,0.00644113280161798,0.03186676516867077,0.8337093555962007,-1.579706499482186,0.6520452708134493,-3.7144450122959514,0.41078287409782066,-7.72775341638583,0.2639282408149135,-11.570282739450608,0.17124932719099187,-15.327422522002836,0.08906532391497975,-21.00582696608745,0.03415345482409757,-29.331307166061134,0.02889705152139538,-30.782929354774495
10750.008003564799,216.76989309769573,0.0064185998724018605,0.03186676516867077,0.8337093555962007,-1.579706499482186,0.6520452708134493,-3.7144450122959514,0.41078287409782066,-7.72775341638583,0.2639282408149135,-11.570282739450608,0.17124932719099187,-15.327422522002836,0.08906532391497975,-21.00582696608745,0.03415345482409757,-29.331307166061134,0.02889705152139538,-30.782929354774495
10787.746634143514,216.76989309769573,0.0063961457698323305,0.03186676516867077,0.8337093555962007,-1.579706499482186,0.6520452708134493,-3.7144450122959514,0.41078287409782066,-7.72775341638583,0.2639282408149135,-11.570282739450608,0.17124932719099187,-15.327422522002836,0.08906532391497975,-21.00582696608745,0.03415345482409757,-29.331307166061134,0.02889705152139538,-30.782929354774495
10825.617748738752,216.76989309769573,0.0063737702181511915,0.03186676516867077,0.8337093555962007,-1.579706499482186,0.6520452708134493,-3.7144450122959514,0.41078287409782066,-7.72775341638583,0.2639282408149135,-11.570282739450608,0.17124932719099187,-15.327422522002836,0.08906532391497975,-21.00582696608745,0.03415345482409757,-29.331307166061134,0.02889705152139538,-30.782929354774495
10863.621812444597,216.76989309769573,0.006351472942564926,0.03186676516867077,0.8337093555962007,-1.579706499482186,0.6520452708134493,-3.7144450122959514,0.41078287409782066,-7.72775341638583,0.2639282408149135,-11.570282739450608,0.17124932719099187,-15.327422522002836,0.08906532391497975,-21.00582696608745,0.03415345482409757,-29.331307166061134,0.02889705152139538,-30.782929354774495
10901.759291987963,216.76989309769573,0.006329253669241277,0.03186676516867077,0.8337093555962007,-1.579706499482186,0.6520452708134493,-3.7144450122959514,0.41078287409782066,-7.72775341638583,0.2639282408149135,-11.570282739450608,0.17124932719099187,-15.327422522002836,0.08906532391497975,-21.00582696608745,0.03415345482409757,-29.331307166061134,0.02889705152139538,-30.782929354774495
10940.030655734086,216.76989309769573,0.006307112125306017,0.03186676516867077,0.8337093555962007,-1.579706499482186,0.6520452708134493,-3.7144450122959514,0.41078287409782066,-7.72775341638583,0.2639282408149135,-11.570282739450608,0.17124932719099187,-15.327422522002836,0.08906532391497975,-21.00582696608745,0.03415345482409757,-29.331307166061134,0.02889705152139538,-30.782929354774495
10978.436373692592,216.76989309769573,0.006285048038839422,0.03186676516867077,0.8337093555962007,-1.579706499482186,0.6520452708134493,-3.7144450122959514,0.41078287409782066,-7.72775341638583,0.2639282408149135,-11.570282739450608,0.17124932719099187,-15.327422522002836,0.08906532391497975,-21.00582696608745,0.03415345482409757,-29.331307166061134,0.02889705152139538,-30.782929354774495
11016.976917523009,216.76989309769573,0.006263061138873072,0.03186676516867077,0.8337093555962007,-1.579706499482186,0.6520452708134493,-3.7144450122959514,0.41078287409782066,-7.72775341638583,0.2639282408149135,-11.570282739450608,0.17124932719099187,-15.327422522002836,0.08906532391497975,-21.00582696608745,0.03415345482409757,-29.331307166061134,0.02889705152139538,-30.782929354774495
11055.652760540686,216.76989309769573,0.006241151155386459,0.03186676516867077,0.8337093555962007,-1.579706499482186,0.6520452708134493,-3.7144450122959514,0.41078287409782066,-7.72775341638583,0.2639282408149135,-11.570282739450608,0.17124932719099187,-15.327422522002836,0.08906532391497975,-21.00582696608745,0.03415345482409757,-29.331307166061134,0.02889705152139538,-30.782929354774495
11094.464377722576,216.76989309769573,0.006219317819303687,0.03186676516867077,0.8337093555962007,-1.579706499482186,0.6520452708134493,-3.7144450122959514,0.41078287409782066,-7.72775341638583,0.2639282408149135,-11.570282739450608,0.17124932719099187,-15.327422522002836,0.08906532391497975,-21.00582696608745,0.03415345482409757,-29.331307166061134,0.02889705152139538,-30.782929354774495
11133.412245713047,216.76989309769573,0.0061975608624901726,0.03186676516867077,0.8337093555962007,-1.579706499482186,0.6520452708134493,-3.7144450122959514,0.41078287409782066,-7.72775341638583,0.2639282408149135,-11.570282739450608,0.17124932719099187,-15.327422522002836,0.08906532391497975,-21.00582696608745,0.03415345482409757,-29.331307166061134,0.02889705152139538,-30.782929354774495
11172.496842829829,216.76989309769573,0.006175880017749311,0.03186676516867077,0.8337093555962007,-1.579706499482186,0.6520452708134493,-3.7144450122959514,0.41078287409782066,-7.72775341638583,0.2639282408149135,-11.570282739450608,0.17124932719099187,-15.327422522002836,0.08906532391497975,-21.00582696608745,0.03415345482409757,-29.331307166061134,0.02889705152139538,-30.782929354774495
11211.718649069751,216.76989309769573,0.006154275018819261,0.03186676516867077,0.8337093555962007,-1.579706499482186,0.6520452708134493,-3.7144450122959514,0.41078287409782066,-7.72775341638583,0.2639282408149135,-11.570282739450608,0.17124932719099187,-15.327422522002836,0.08906532391497975,-21.00582696608745,0.03415345482409757,-29.331307166061134,0.02889705152139538,-30.782929354774495
11251.078146114725,216.76989309769573,0.006132745600369632,0.03186676516867077,0.8337093555962007,-1.579706499482186,0.6520452708134493,-3.7144450122959514,0.41078287409782066,-7.72775341638583,0.2639282408149135,-11.570282739450608,0.17124932719099187,-15.327422522002836,0.08906532391497975,-21.00582696608745,0.03415345482409757,-29.331307166061134,0.02889705152139538,-30.782929354774495
11290.575817337638,216.76989309769573,0.006111291497998237,0.03186676516867077,0.8337093555962007,-1.579706499482186,0.6520452708134493,-3.7144450122959514,0.41078287409782066,-7.72775341638583,0.2639282408149135,-11.570282739450608,0.17124932719099187,-15.327422522002836,0.08906532391497975,-21.00582696608745,0.03415345482409757,-29.331307166061134,0.02889705152139538,-30.782929354774495
11330.212147808272,216.76989309769573,0.00608991244822785,0.03186676516867077,0.8337093555962007,-1.579706499482186,0.6520452708134493,-3.7144450122959514,0.41078287409782066,-7.72775341638583,0.2639282408149135,-11.570282739450608,0.17124932719099187,-15.327422522002836,0.08906532391497975,-21.00582696608745,0.03415345482409757,-29.331307166061134,0.02889705152139538,-30.782929354774495
11369.987624299365,216.76989309769573,0.006068608188502921,0.03186676516867077,0.8337093555962007,-1.579706499482186,0.6520452708134493,-3.7144450122959514,0.41078287409782066,-7.72775341638583,0.2639282408149135,-11.570282739450608,0.17124932719099187,-15.327422522002836,0.08906532391497975,-21.00582696608745,0.03415345482409757,-29.331307166061134,0.02889705152139538,-30.782929354774495
11409.90273529235,216.76989309769573,0.006047378457186475,0.03186676516867077,0.8337093555962007,-1.579706499482186,0.6520452708134493,-3.7144450122959514,0.41078287409782066,-7.72775341638583,0.2639282408149135,-11.570282739450608,0.17124932719099187,-15.327422522002836,0.08906532391497975,-21.00582696608745,0.03415345482409757,-29.331307166061134,0.02889705152139538,-30.782929354774495
11449.957970983662,216.76989309769573,0.006026222993556739,0.03186676516867077,0.8337093555962007,-1.579706499482186,0.6520452708134493,-3.7144450122959514,0.41078287409782066,-7.72775341638583,0.2639282408149135,-11.570282739450608,0.17124932719099187,-15.327422522002836,0.08906532391497975,-21.00582696608745,0.03415345482409757,-29.331307166061134,0.02889705152139538,-30.782929354774495
11490.153823290515,216.76989309769573,0.006005141537804059,0.03186676516867077,0.8337093555962007,-1.579706499482186,0.6520452708134493,-3.7144450122959514,0.41078287409782066,-7.72775341638583,0.2639282408149135,-11.570282739450608,0.17124932719099187,-15.327422522002836,0.08906532391497975,-21.00582696608745,0.03415345482409757,-29.331307166061134,0.02889705152139538,-30.782929354774495
11530.49078585703,216.76989309769573,0.005984133831027681,0.03186676516867077,0.8337093555962007,-1.579706499482186,0.6520452708134493,-3.7144450122959514,0.41078287409782066,-7.72775341638583,0.2639282408149135,-11.570282739450608,0.17124932719099187,-15.327422522002836,0.08906532391497975,-21.00582696608745,0.03415345482409757,-29.331307166061134,0.02889705152139538,-30.782929354774495
11570.969354060393,216.76989309769573,0.005963199615232502,0.03186676516867077,0.8337093555962007,-1.579706499482186,0.6520452708134493,-3.7144450122959514,0.41078287409782066,-7.72775341638583,0.2639282408149135,-11.570282739450608,0.17124932719099187,-15.327422522002836,0.08906532391497975,-21.00582696608745,0.03415345482409757,-29.331307166061134,0.02889705152139538,-30.782929354774495
11611.590025016681,216.76989309769573,0.005942338633326049,0.03186676516867077,0.8337093555962007,-1.579706499482186,0.6520452708134493,-3.7144450122959514,0.41078287409782066,-7.72775341638583,0.2639282408149135,-11.570282739450608,0.17124932719099187,-15.327422522002836,0.08906532391497975,-21.00582696608745,0.03415345482409757,-29.331307166061134,0.02889705152139538,-30.782929354774495
11652.353297587299,216.76989309769573,0.005921550629115145,0.03186676516867077,0.8337093555962007,-1.579706499482186,0.6520452708134493,-3.7144450122959514,0.41078287409782066,-7.72775341638583,0.2639282408149135,-11.570282739450608,0.17124932719099187,-15.327422522002836,0.08906532391497975,-21.00582696608745,0.03415345482409757,-29.331307166061134,0.02889705152139538,-30.782929354774495
11693.259672384835,216.76989309769573,0.005900835347302904,0.03186676516867077,0.8337093555962007,-1.579706499482186,0.6520452708134493,-3.7144450122959514,0.41078287409782066,-7.72775341638583,0.2639282408149135,-11.570282739450608,0.17124932719099187,-15.327422522002836,0.08906532391497975,-21.00582696608745,0.03415345482409757,-29.331307166061134,0.02889705152139538,-30.782929354774495
11734.309651779318,216.76989309769573,0.0058801925334855355,0.03186676516867077,0.8337093555962007,-1.579706499482186,0.6520452708134493,-3.7144450122959514,0.41078287409782066,-7.72775341638583,0.2639282408149135,-11.570282739450608,0.17124932719099187,-15.327422522002836,0.08906532391497975,-21.00582696608745,0.03415345482409757,-29.331307166061134,0.02889705152139538,-30.782929354774495
11775.503739904478,216.76989309769573,0.005859621934149182,0.03186676516867077,0.8337093555962007,-1.579706499482186,0.6520452708134493,-3.7144450122959514,0.41078287409782066,-7.72775341638583,0.2639282408149135,-11.570282739450608,0.17124932719099187,-15.327422522002836,0.08906532391497975,-21.00582696608745,0.03415345482409757,-29.331307166061134,0.02889705152139538,-30.782929354774495
11816.842442663668,216.76989309769573,0.005839123296666932,0.03186676516867077,0.8337093555962007,-1.579706499482186,0.6520452708134493,-3.7144450122959514,0.41078287409782066,-7.72775341638583,0.2639282408149135,-11.570282739450608,0.17124932719099187,-15.327422522002836,0.08906532391497975,-21.00582696608745,0.03415345482409757,-29.331307166061134,0.02889705152139538,-30.782929354774495
11858.326267736422,216.76989309769573,0.005818696369295552,0.03186676516867077,0.8337093555962007,-1.579706499482186,0.6520452708134493,-3.7144450122959514,0.41078287409782066,-7.72775341638583,0.2639282408149135,-11.570282739450608,0.17124932719099187,-15.327422522002836,0.08906532391497975,-21.00582696608745,0.03415345482409757,-29.331307166061134,0.02889705152139538,-30.782929354774495
11899.955724584415,216.76989309769573,0.00579834090117253,0.03186676516867077,0.8337093555962007,-1.579706499482186,0.6520452708134493,-3.7144450122959514,0.41078287409782066,-7.72775341638583,0.2639282408149135,-11.570282739450608,0.17124932719099187,-15.327422522002836,0.08906532391497975,-21.00582696608745,0.03415345482409757,-29.331307166061134,0.02889705152139538,-30.782929354774495
11941.731324457827,216.76989309769573,0.005778056642312936,0.03186676516867077,0.8337093555962007,-1.579706499482186,0.6520452708134493,-3.7144450122959514,0.41078287409782066,-7.72775341638583,0.2639282408149135,-11.570282739450608,0.17124932719099187,-15.327422522002836,0.08906532391497975,-21.00582696608745,0.03415345482409757,-29.331307166061134,0.02889705152139538,-30.782929354774495
11983.653580401713,216.76989309769573,0.0057578433436063165,0.03186676516867077,0.8337093555962007,-1.579706499482186,0.6520452708134493,-3.7144450122959514,0.41078287409782066,-7.72775341638583,0.2639282408149135,-11.570282739450608,0.17124932719099187,-15.327422522002836,0.08906532391497975,-21.00582696608745,0.03415345482409757,-29.331307166061134,0.02889705152139538,-30.782929354774495
12025.723007262033,216.76989309769573,0.0057377007568137585,0.03186676516867077,0.8337093555962007,-1.579706499482186,0.6520452708134493,-3.7144450122959514,0.41078287409782066,-7.72775341638583,0.2639282408149135,-11.570282739450608,0.17124932719099187,-15.327422522002836,0.08906532391497975,-21.00582696608745,0.03415345482409757,-29.331307166061134,0.02889705152139538,-30.782929354774495
12067.940121692323,216.76989309769573,0.00571762863456468,0.03186676516867077,0.8337093555962007,-1.579706499482186,0.6520452708134493,-3.7144450122959514,0.41078287409782066,-7.72775341638583,0.2639282408149135,-11.570282739450608,0.17124932719099187,-15.327422522002836,0.08906532391497975,-21.00582696608745,0.03415345482409757,-29.331307166061134,0.02889705152139538,-30.782929354774495
12110.305442159768,216.76989309769573,0.005697626730353917,0.03186676516867077,0.8337093555962007,-1.579706499482186,0.6520452708134493,-3.7144450122959514,0.41078287409782066,-7.72775341638583,0.2639282408149135,-11.570282739450608,0.17124932719099187,-15.327422522002836,0.08906532391497975,-21.00582696608745,0.03415345482409757,-29.331307166061134,0.02889705152139538,-30.782929354774495
12152.819488951665,216.76989309769573,0.005677694798538651,0.03186676516867077,0.8337093555962007,-1.579706499482186,0.6520452708134493,-3.7144450122959514,0.41078287409782066,-7.72775341638583,0.2639282408149135,-11.570282739450608,0.17124932719099187,-15.327422522002836,0.08906532391497975,-21.00582696608745,0.03415345482409757,-29.331307166061134,0.02889705152139538,-30.782929354774495
12195.482784181915,216.76989309769573,0.005657832594335345,0.03186676516867077,0.8337093555962007,-1.579706499482186,0.6520452708134493,-3.7144450122959514,0.41078287409782066,-7.72775341638583,0.2639282408149135,-11.570282739450608,0.17124932719099187,-15.327422522002836,0.08906532391497975,-21.00582696608745,0.03415345482409757,-29.331307166061134,0.02889705152139538,-30.782929354774495
12238.295851797162,216.76989309769573,0.0056380398738168705,0.03186676516867077,0.8337093555962007,-1.579706499482186,0.6520452708134493,-3.7144450122959514,0.41078287409782066,-7.72775341638583,0.2639282408149135,-11.570282739450608,0.17124932719099187,-15.327422522002836,0.08906532391497975,-21.00582696608745,0.03415345482409757,-29.331307166061134,0.02889705152139538,-30.782929354774495
12281.259217583573,216.76989309769573,0.005618316393909342,0.03186676516867077,0.8337093555962007,-1.579706499482186,0.6520452708134493,-3.7144450122959514,0.41078287409782066,-7.72775341638583,0.2639282408149135,-11.570282739450608,0.17124932719099187,-15.327422522002836,0.08906532391497975,-21.00582696608745,0.03415345482409757,-29.331307166061134,0.02889705152139538,-30.782929354774495
12324.373409173026,216.76989309769573,0.00559866191238926,0.03186676516867077,0.8337093555962007,-1.579706499482186,0.6520452708134493,-3.7144450122959514,0.41078287409782066,-7.72775341638583,0.2639282408149135,-11.570282739450608,0.17124932719099187,-15.327422522002836,0.08906532391497975,-21.00582696608745,0.03415345482409757,-29.331307166061134,0.02889705152139538,-30.782929354774495
12367.638956049706,216.76989309769573,0.005579076187880487,0.03186676516867077,0.8337093555962007,-1.579706499482186,0.6520452708134493,-3.7144450122959514,0.41078287409782066,-7.72775341638583,0.2639282408149135,-11.570282739450608,0.17124932719099187,-15.327422522002836,0.08906532391497975,-21.00582696608745,0.03415345482409757,-29.331307166061134,0.02889705152139538,-30.782929354774495
12411.056389556596,216.76989309769573,0.005559558979851282,0.03186676516867077,0.8337093555962007,-1.579706499482186,0.6520452708134493,-3.7144450122959514,0.41078287409782066,-7.72775341638583,0.2639282408149135,-11.570282739450608,0.17124932719099187,-15.327422522002836,0.08906532391497975,-21.00582696608745,0.03415345482409757,-29.331307166061134,0.02889705152139538,-30.782929354774495
12454.62624290196,216.76989309769573,0.005540110048611368,0.03186676516867077,0.8337093555962007,-1.579706499482186,0.6520452708134493,-3.7144450122959514,0.41078287409782066,-7.72775341638583,0.2639282408149135,-11.570282739450608,0.17124932719099187,-15.327422522002836,0.08906532391497975,-21.00582696608745,0.03415345482409757,-29.331307166061134,0.02889705152139538,-30.782929354774495
12498.349051166037,216.76989309769573,0.0055207291553089274,0.03186676516867077,0.8337093555962007,-1.579706499482186,0.6520452708134493,-3.7144450122959514,0.41078287409782066,-7.72775341638583,0.2639282408149135,-11.570282739450608,0.17124932719099187,-15.327422522002836,0.08906532391497975,-21.00582696608745,0.03415345482409757,-29.331307166061134,0.02889705152139538,-30.782929354774495
12542.225351307312,216.76989309769573,0.005501416061927793,0.03186676516867077,0.8337093555962007,-1.579706499482186,0.6520452708134493,-3.7144450122959514,0.41078287409782066,-7.72775341638583,0.2639282408149135,-11.570282739450608,0.17124932719099187,-15.327422522002836,0.08906532391497975,-21.00582696608745,0.03415345482409757,-29.331307166061134,0.02889705152139538,-30.782929354774495
12586.255682169487,216.76989309769573,0.005482170531284369,0.03186676516867077,0.8337093555962007,-1.579706499482186,0.6520452708134493,-3.7144450122959514,0.41078287409782066,-7.72775341638583,0.2639282408149135,-11.570282739450608,0.17124932719099187,-15.327422522002836,0.08906532391497975,-21.00582696608745,0.03415345482409757,-29.331307166061134,0.02889705152139538,-30.782929354774495
12630.440584487807,216.76989309769573,0.0054629923270248385,0.03186676516867077,0.8337093555962007,-1.579706499482186,0.6520452708134493,-3.7144450122959514,0.41078287409782066,-7.72775341638583,0.2639282408149135,-11.570282739450608,0.17124932719099187,-15.327422522002836,0.08906532391497975,-21.00582696608745,0.03415345482409757,-29.331307166061134,0.02889705152139538,-30.782929354774495
12674.780600895801,216.76989309769573,0.00544388121362222,0.03186676516867077,0.8337093555962007,-1.579706499482186,0.6520452708134493,-3.7144450122959514,0.41078287409782066,-7.72775341638583,0.2639282408149135,-11.570282739450608,0.17124932719099187,-15.327422522002836,0.08906532391497975,-21.00582696608745,0.03415345482409757,-29.331307166061134,0.02889705152139538,-30.782929354774495
12719.276275932056,216.76989309769573,0.005424836956373428,0.03186676516867077,0.8337093555962007,-1.579706499482186,0.6520452708134493,-3.7144450122959514,0.41078287409782066,-7.72775341638583,0.2639282408149135,-11.570282739450608,0.17124932719099187,-15.327422522002836,0.08906532391497975,-21.00582696608745,0.03415345482409757,-29.331307166061134,0.02889705152139538,-30.782929354774495
12763.928156046617,216.76989309769573,0.005405859321396512,0.03186676516867077,0.8337093555962007,-1.579706499482186,0.6520452708134493,-3.7144450122959514,0.41078287409782066,-7.72775341638583,0.2639282408149135,-11.570282739450608,0.17124932719099187,-15.327422522002836,0.08906532391497975,-21.00582696608745,0.03415345482409757,-29.331307166061134,0.02889705152139538,-30.782929354774495
12808.736789608061,216.76989309769573,0.0053869480756276325,0.03186676516867077,0.8337093555962007,-1.579706499482186,0.6520452708134493,-3.7144450122959514,0.41078287409782066,-7.72775341638583,0.2639282408149135,-11.570282739450608,0.17124932719099187,-15.327422522002836,0.08906532391497975,-21.00582696608745,0.03415345482409757,-29.331307166061134,0.02889705152139538,-30.782929354774495
12853.702726909944,216.76989309769573,0.005368102986818316,0.03186676516867077,0.8337093555962007,-1.579706499482186,0.6520452708134493,-3.7144450122959514,0.41078287409782066,-7.72775341638583,0.2639282408149135,-11.570282739450608,0.17124932719099187,-15.327422522002836,0.08906532391497975,-21.00582696608745,0.03415345482409757,-29.331307166061134,0.02889705152139538,-30.782929354774495
12898.826520177665,216.76989309769573,0.005349323823532562,0.03186676516867077,0.8337093555962007,-1.579706499482186,0.6520452708134493,-3.7144450122959514,0.41078287409782066,-7.72775341638583,0.2639282408149135,-11.570282739450608,0.17124932719099187,-15.327422522002836,0.08906532391497975,-21.00582696608745,0.03415345482409757,-29.331307166061134,0.02889705152139538,-30.782929354774495
12944.108723575355,216.76989309769573,0.005330610355143956,0.03186676516867077,0.8337093555962007,-1.579706499482186,0.6520452708134493,-3.7144450122959514,0.41078287409782066,-7.72775341638583,0.2639282408149135,-11.570282739450608,0.17124932719099187,-15.327422522002836,0.08906532391497975,-21.00582696608745,0.03415345482409757,-29.331307166061134,0.02889705152139538,-30.782929354774495
12989.549893212388,216.76989309769573,0.005311962351832956,0.03186676516867077,0.8337093555962007,-1.579706499482186,0.6520452708134493,-3.7144450122959514,0.41078287409782066,-7.72775341638583,0.2639282408149135,-11.570282739450608,0.17124932719099187,-15.327422522002836,0.08906532391497975,-21.00582696608745,0.03415345482409757,-29.331307166061134,0.02889705152139538,-30.782929354774495
13035.150587150587,216.76989309769573,0.005293379584583919,0.03186676516867077,0.8337093555962007,-1.579706499482186,0.6520452708134493,-3.7144450122959514,0.41078287409782066,-7.72775341638583,0.2639282408149135,-11.570282739450608,0.17124932719099187,-15.327422522002836,0.08906532391497975,-21.00582696608745,0.03415345482409757,-29.331307166061134,0.02889705152139538,-30.782929354774495
13080.911365410779,216.76989309769573,0.005274861825182407,0.03186676516867077,0.8337093555962007,-1.579706499482186,0.6520452708134493,-3.7144450122959514,0.41078287409782066,-7.72775341638583,0.2639282408149135,-11.570282739450608,0.17124932719099187,-15.327422522002836,0.08906532391497975,-21.00582696608745,0.03415345482409757,-29.331307166061134,0.02889705152139538,-30.782929354774495
13126.832789979782,216.76989309769573,0.005256408846212345,0.03186676516867077,0.8337093555962007,-1.579706499482186,0.6520452708134493,-3.7144450122959514,0.41078287409782066,-7.72775341638583,0.2639282408149135,-11.570282739450608,0.17124932719099187,-15.327422522002836,0.08906532391497975,-21.00582696608745,0.03415345482409757,-29.331307166061134,0.02889705152139538,-30.782929354774495
13172.915424817415,216.76989309769573,0.005238020421053177,0.03186676516867077,0.8337093555962007,-1.579706499482186,0.6520452708134493,-3.7144450122959514,0.41078287409782066,-7.72775341638583,0.2639282408149135,-11.570282739450608,0.17124932719099187,-15.327422522002836,0.08906532391497975,-21.00582696608745,0.03415345482409757,-29.331307166061134,0.02889705152139538,-30.782929354774495
13219.159835863129,216.76989309769573,0.005219696323877207,0.03186676516867077,0.8337093555962007,-1.579706499482186,0.6520452708134493,-3.7144450122959514,0.41078287409782066,-7.72775341638583,0.2639282408149135,-11.570282739450608,0.17124932719099187,-15.327422522002836,0.08906532391497975,-21.00582696608745,0.03415345482409757,-29.331307166061134,0.02889705152139538,-30.782929354774495
13265.56659104333,216.76989309769573,0.0052014363296466765,0.03186676516867077,0.8337093555962007,-1.579706499482186,0.6520452708134493,-3.7144450122959514,0.41078287409782066,-7.72775341638583,0.2639282408149135,-11.570282739450608,0.17124932719099187,-15.327422522002836,0.08906532391497975,-21.00582696608745,0.03415345482409757,-29.331307166061134,0.02889705152139538,-30.782929354774495
13312.136260278065,216.76989309769573,0.005183240214111115,0.03186676516867077,0.8337093555962007,-1.579706499482186,0.6520452708134493,-3.7144450122959514,0.41078287409782066,-7.72775341638583,0.2639282408149135,-11.570282739450608,0.17124932719099187,-15.327422522002836,0.08906532391497975,-21.00582696608745,0.03415345482409757,-29.331307166061134,0.02889705152139538,-30.782929354774495
13358.869415488114,216.76989309769573,0.005165107753804541,0.03186676516867077,0.8337093555962007,-1.579706499482186,0.6520452708134493,-3.7144450122959514,0.41078287409782066,-7.72775341638583,0.2639282408149135,-11.570282739450608,0.17124932719099187,-15.327422522002836,0.08906532391497975,-21.00582696608745,0.03415345482409757,-29.331307166061134,0.02889705152139538,-30.782929354774495
13405.766630602142,216.76989309769573,0.005147038726042686,0.03186676516867077,0.8337093555962007,-1.579706499482186,0.6520452708134493,-3.7144450122959514,0.41078287409782066,-7.72775341638583,0.2639282408149135,-11.570282739450608,0.17124932719099187,-15.327422522002836,0.08906532391497975,-21.00582696608745,0.03415345482409757,-29.331307166061134,0.02889705152139538,-30.782929354774495
13452.828481563436,216.76989309769573,0.005129032908920362,0.03186676516867077,0.8337093555962007,-1.579706499482186,0.6520452708134493,-3.7144450122959514,0.41078287409782066,-7.72775341638583,0.2639282408149135,-11.570282739450608,0.17124932719099187,-15.327422522002836,0.08906532391497975,-21.00582696608745,0.03415345482409757,-29.331307166061134,0.02889705152139538,-30.782929354774495
13500.05554633736,216.76989309769573,0.005111090081308597,0.03186676516867077,0.8337093555962007,-1.579706499482186,0.6520452708134493,-3.7144450122959514,0.41078287409782066,-7.72775341638583,0.2639282408149135,-11.570282739450608,0.17124932719099187,-15.327422522002836,0.08906532391497975,-21.00582696608745,0.03415345482409757,-29.331307166061134,0.02889705152139538,-30.782929354774495
13547.448404918156,216.76989309769573,0.005093210022852038,0.03186676516867077,0.8337093555962007,-1.579706499482186,0.6520452708134493,-3.7144450122959514,0.41078287409782066,-7.72775341638583,0.2639282408149135,-11.570282739450608,0.17124932719099187,-15.327422522002836,0.08906532391497975,-21.00582696608745,0.03415345482409757,-29.331307166061134,0.02889705152139538,-30.782929354774495
13595.007639336203,216.76989309769573,0.00507539251396618,0.03186676516867077,0.8337093555962007,-1.579706499482186,0.6520452708134493,-3.7144450122959514,0.41078287409782066,-7.72775341638583,0.2639282408149135,-11.570282739450608,0.17124932719099187,-15.327422522002836,0.08906532391497975,-21.00582696608745,0.03415345482409757,-29.331307166061134,0.02889705152139538,-30.782929354774495
13642.733833665137,216.76989309769573,0.005057637335834695,0.03186676516867077,0.8337093555962007,-1.579706499482186,0.6520452708134493,-3.7144450122959514,0.41078287409782066,-7.72775341638583,0.2639282408149135,-11.570282739450608,0.17124932719099187,-15.327422522002836,0.08906532391497975,-21.00582696608745,0.03415345482409757,-29.331307166061134,0.02889705152139538,-30.782929354774495
13690.627574028997,216.76989309769573,0.005039944270406742,0.03186676516867077,0.8337093555962007,-1.579706499482186,0.6520452708134493,-3.7144450122959514,0.41078287409782066,-7.72775341638583,0.2639282408149135,-11.570282739450608,0.17124932719099187,-15.327422522002836,0.08906532391497975,-21.00582696608745,0.03415345482409757,-29.331307166061134,0.02889705152139538,-30.782929354774495
13738.68944860953,216.76989309769573,0.005022313100394258,0.03186676516867077,0.8337093555962007,-1.579706499482186,0.6520452708134493,-3.7144450122959514,0.41078287409782066,-7.72775341638583,0.2639282408149135,-11.570282739450608,0.17124932719099187,-15.327422522002836,0.08906532391497975,-21.00582696608745,0.03415345482409757,-29.331307166061134,0.02889705152139538,-30.782929354774495
13786.920047653257,216.76989309769573,0.0050047436092693414,0.03186676516867077,0.8337093555962007,-1.579706499482186,0.6520452708134493,-3.7144450122959514,0.41078287409782066,-7.72775341638583,0.2639282408149135,-11.570282739450608,0.17124932719099187,-15.327422522002836,0.08906532391497975,-21.00582696608745,0.03415345482409757,-29.331307166061134,0.02889705152139538,-30.782929354774495
13835.319963478822,216.76989309769573,0.004987235581261563,0.03186676516867077,0.8337093555962007,-1.579706499482186,0.6520452708134493,-3.7144450122959514,0.41078287409782066,-7.72775341638583,0.2639282408149135,-11.570282739450608,0.17124932719099187,-15.327422522002836,0.08906532391497975,-21.00582696608745,0.03415345482409757,-29.331307166061134,0.02889705152139538,-30.782929354774495
13883.889790484245,216.76989309769573,0.004969788801355316,0.03186676516867077,0.8337093555962007,-1.579706499482186,0.6520452708134493,-3.7144450122959514,0.41078287409782066,-7.72775341638583,0.2639282408149135,-11.570282739450608,0.17124932719099187,-15.327422522002836,0.08906532391497975,-21.00582696608745,0.03415345482409757,-29.331307166061134,0.02889705152139538,-30.782929354774495
13932.630125154195,216.76989309769573,0.004952403055287192,0.03186676516867077,0.8337093555962007,-1.579706499482186,0.6520452708134493,-3.7144450122959514,0.41078287409782066,-7.72775341638583,0.2639282408149135,-11.570282739450608,0.17124932719099187,-15.327422522002836,0.08906532391497975,-21.00582696608745,0.03415345482409757,-29.331307166061134,0.02889705152139538,-30.782929354774495
13981.541566067452,216.76989309769573,0.004935078129543295,0.03186676516867077,0.8337093555962007,-1.579706499482186,0.6520452708134493,-3.7144450122959514,0.41078287409782066,-7.72775341638583,0.2639282408149135,-11.570282739450608,0.17124932719099187,-15.327422522002836,0.08906532391497975,-21.00582696608745,0.03415345482409757,-29.331307166061134,0.02889705152139538,-30.782929354774495
14030.624713903946,216.76989309769573,0.004917813811356738,0.03186676516867077,0.8337093555962007,-1.579706499482186,0.6520452708134493,-3.7144450122959514,0.41078287409782066,-7.72775341638583,0.2639282408149135,-11.570282739450608,0.17124932719099187,-15.327422522002836,0.08906532391497975,-21.00582696608745,0.03415345482409757,-29.331307166061134,0.02889705152139538,-30.782929354774495
14079.88017145254,216.76989309769573,0.004900609888704875,0.03186676516867077,0.8337093555962007,-1.579706499482186,0.6520452708134493,-3.7144450122959514,0.41078287409782066,-7.72775341638583,0.2639282408149135,-11.570282739450608,0.17124932719099187,-15.327422522002836,0.08906532391497975,-21.00582696608745,0.03415345482409757,-29.331307166061134,0.02889705152139538,-30.782929354774495
14129.308543618108,216.76989309769573,0.004883466150306821,0.03186676516867077,0.8337093555962007,-1.579706499482186,0.6520452708134493,-3.7144450122959514,0.41078287409782066,-7.72775341638583,0.2639282408149135,-11.570282739450608,0.17124932719099187,-15.327422522002836,0.08906532391497975,-21.00582696608745,0.03415345482409757,-29.331307166061134,0.02889705152139538,-30.782929354774495
14178.910437429087,216.76989309769573,0.004866382385620812,0.03186676516867077,0.8337093555962007,-1.579706499482186,0.6520452708134493,-3.7144450122959514,0.41078287409782066,-7.72775341638583,0.2639282408149135,-11.570282739450608,0.17124932719099187,-15.327422522002836,0.08906532391497975,-21.00582696608745,0.03415345482409757,-29.331307166061134,0.02889705152139538,-30.782929354774495
14228.686462045041,216.76989309769573,0.00484935838484158,0.03186676516867077,0.8337093555962007,-1.579706499482186,0.6520452708134493,-3.7144450122959514,0.41078287409782066,-7.72775341638583,0.2639282408149135,-11.570282739450608,0.17124932719099187,-15.327422522002836,0.08906532391497975,-21.00582696608745,0.03415345482409757,-29.331307166061134,0.02889705152139538,-30.782929354774495
14278.637228763831,216.76989309769573,0.004832393938897883,0.03186676516867077,0.8337093555962007,-1.579706499482186,0.6520452708134493,-3.7144450122959514,0.41078287409782066,-7.72775341638583,0.2639282408149135,-11.570282739450608,0.17124932719099187,-15.327422522002836,0.08906532391497975,-21.00582696608745,0.03415345482409757,-29.331307166061134,0.02889705152139538,-30.782929354774495
14328.76335102952,216.76989309769573,0.004815488839449802,0.03186676516867077,0.8337093555962007,-1.579706499482186,0.6520452708134493,-3.7144450122959514,0.41078287409782066,-7.72775341638583,0.2639282408149135,-11.570282739450608,0.17124932719099187,-15.327422522002836,0.08906532391497975,-21.00582696608745,0.03415345482409757,-29.331307166061134,0.02889705152139538,-30.782929354774495
14379.065444439593,216.76989309769573,0.0047986428788862915,0.03186676516867077,0.8337093555962007,-1.579706499482186,0.6520452708134493,-3.7144450122959514,0.41078287409782066,-7.72775341638583,0.2639282408149135,-11.570282739450608,0.17124932719099187,-15.327422522002836,0.08906532391497975,-21.00582696608745,0.03415345482409757,-29.331307166061134,0.02889705152139538,-30.782929354774495
14429.544126752631,216.76989309769573,0.004781855850322587,0.03186676516867077,0.8337093555962007,-1.579706499482186,0.6520452708134493,-3.7144450122959514,0.41078287409782066,-7.72775341638583,0.2639282408149135,-11.570282739450608,0.17124932719099187,-15.327422522002836,0.08906532391497975,-21.00582696608745,0.03415345482409757,-29.331307166061134,0.02889705152139538,-30.782929354774495
14480.200017896019,216.76989309769573,0.00476512754759763,0.03186676516867077,0.8337093555962007,-1.579706499482186,0.6520452708134493,-3.7144450122959514,0.41078287409782066,-7.72775341638583,0.2639282408149135,-11.570282739450608,0.17124932719099187,-15.327422522002836,0.08906532391497975,-21.00582696608745,0.03415345482409757,-29.331307166061134,0.02889705152139538,-30.782929354774495
14531.033739973227,216.76989309769573,0.004748457765271635,0.03186676516867077,0.8337093555962007,-1.579706499482186,0.6520452708134493,-3.7144450122959514,0.41078287409782066,-7.72775341638583,0.2639282408149135,-11.570282739450608,0.17124932719099187,-15.327422522002836,0.08906532391497975,-21.00582696608745,0.03415345482409757,-29.331307166061134,0.02889705152139538,-30.782929354774495
14582.045917271873,216.76989309769573,0.0047318462986234424,0.03186676516867077,0.8337093555962007,-1.579706499482186,0.6520452708134493,-3.7144450122959514,0.41078287409782066,-7.72775341638583,0.2639282408149135,-11.570282739450608,0.17124932719099187,-15.327422522002836,0.08906532391497975,-21.00582696608745,0.03415345482409757,-29.331307166061134,0.02889705152139538,-30.782929354774495
14633.237176271059,216.76989309769573,0.004715292943648102,0.03186676516867077,0.8337093555962007,-1.579706499482186,0.6520452708134493,-3.7144450122959514,0.41078287409782066,-7.72775341638583,0.2639282408149135,-11.570282739450608,0.17124932719099187,-15.327422522002836,0.08906532391497975,-21.00582696608745,0.03415345482409757,-29.331307166061134,0.02889705152139538,-30.782929354774495
14684.608145649181,216.76989309769573,0.00469879749705433,0.03186676516867077,0.8337093555962007,-1.579706499482186,0.6520452708134493,-3.7144450122959514,0.41078287409782066,-7.72775341638583,0.2639282408149135,-11.570282739450608,0.17124932719099187,-15.327422522002836,0.08906532391497975,-21.00582696608745,0.03415345482409757,-29.331307166061134,0.02889705152139538,-30.782929354774495
14736.15945629178,216.76989309769573,0.004682359756261976,0.03186676516867077,0.8337093555962007,-1.579706499482186,0.6520452708134493,-3.7144450122959514,0.41078287409782066,-7.72775341638583,0.2639282408149135,-11.570282739450608,0.17124932719099187,-15.327422522002836,0.08906532391497975,-21.00582696608745,0.03415345482409757,-29.331307166061134,0.02889705152139538,-30.782929354774495
14787.891741298945,216.76989309769573,0.004665979519399643,0.03186676516867077,0.8337093555962007,-1.579706499482186,0.6520452708134493,-3.7144450122959514,0.41078287409782066,-7.72775341638583,0.2639282408149135,-11.570282739450608,0.17124932719099187,-15.327422522002836,0.08906532391497975,-21.00582696608745,0.03415345482409757,-29.331307166061134,0.02889705152139538,-30.782929354774495
14839.805635993522,216.76989309769573,0.004649656585302067,0.03186676516867077,0.8337093555962007,-1.579706499482186,0.6520452708134493,-3.7144450122959514,0.41078287409782066,-7.72775341638583,0.2639282408149135,-11.570282739450608,0.17124932719099187,-15.327422522002836,0.08906532391497975,-21.00582696608745,0.03415345482409757,-29.331307166061134,0.02889705152139538,-30.782929354774495
14891.901777928579,216.76989309769573,0.004633390753507757,0.03186676516867077,0.8337093555962007,-1.579706499482186,0.6520452708134493,-3.7144450122959514,0.41078287409782066,-7.72775341638583,0.2639282408149135,-11.570282739450608,0.17124932719099187,-15.327422522002836,0.08906532391497975,-21.00582696608745,0.03415345482409757,-29.331307166061134,0.02889705152139538,-30.782929354774495
14944.180806895387,216.76989309769573,0.004617181824256486,0.03186676516867077,0.8337093555962007,-1.579706499482186,0.6520452708134493,-3.7144450122959514,0.41078287409782066,-7.72775341638583,0.2639282408149135,-11.570282739450608,0.17124932719099187,-15.327422522002836,0.08906532391497975,-21.00582696608745,0.03415345482409757,-29.331307166061134,0.02889705152139538,-30.782929354774495
14996.643364931246,216.76989309769573,0.004601029598486844,0.03186676516867077,0.8337093555962007,-1.579706499482186,0.6520452708134493,-3.7144450122959514,0.41078287409782066,-7.72775341638583,0.2639282408149135,-11.570282739450608,0.17124932719099187,-15.327422522002836,0.08906532391497975,-21.00582696608745,0.03415345482409757,-29.331307166061134,0.02889705152139538,-30.782929354774495
15049.290096327342,216.76989309769573,0.004584933877833805,0.03186676516867077,0.8337093555962007,-1.579706499482186,0.6520452708134493,-3.7144450122959514,0.41078287409782066,-7.72775341638583,0.2639282408149135,-11.570282739450608,0.17124932719099187,-15.327422522002836,0.08906532391497975,-21.00582696608745,0.03415345482409757,-29.331307166061134,0.02889705152139538,-30.782929354774495
15102.121647636783,216.76989309769573,0.004568894464626253,0.03186676516867077,0.8337093555962007,-1.579706499482186,0.6520452708134493,-3.7144450122959514,0.41078287409782066,-7.72775341638583,0.2639282408149135,-11.570282739450608,0.17124932719099187,-15.327422522002836,0.08906532391497975,-21.00582696608745,0.03415345482409757,-29.331307166061134,0.02889705152139538,-30.782929354774495
15155.13866768235,216.76989309769573,0.004552911161884608,0.03186676516867077,0.8337093555962007,-1.579706499482186,0.6520452708134493,-3.7144450122959514,0.41078287409782066,-7.72775341638583,0.2639282408149135,-11.570282739450608,0.17124932719099187,-15.327422522002836,0.08906532391497975,-21.00582696608745,0.03415345482409757,-29.331307166061134,0.02889705152139538,-30.782929354774495
15208.341807564591,216.76989309769573,0.004536983773318375,0.03186676516867077,0.8337093555962007,-1.579706499482186,0.6520452708134493,-3.7144450122959514,0.41078287409782066,-7.72775341638583,0.2639282408149135,-11.570282739450608,0.17124932719099187,-15.327422522002836,0.08906532391497975,-21.00582696608745,0.03415345482409757,-29.331307166061134,0.02889705152139538,-30.782929354774495
15261.731720669792,216.76989309769573,0.0045211121033237375,0.03186676516867077,0.8337093555962007,-1.579706499482186,0.6520452708134493,-3.7144450122959514,0.41078287409782066,-7.72775341638583,0.2639282408149135,-11.570282739450608,0.17124932719099187,-15.327422522002836,0.08906532391497975,-21.00582696608745,0.03415345482409757,-29.331307166061134,0.02889705152139538,-30.782929354774495
15315.309062677956,216.76989309769573,0.004505295956981166,0.03186676516867077,0.8337093555962007,-1.579706499482186,0.6520452708134493,-3.7144450122959514,0.41078287409782066,-7.72775341638583,0.2639282408149135,-11.570282739450608,0.17124932719099187,-15.327422522002836,0.08906532391497975,-21.00582696608745,0.03415345482409757,-29.331307166061134,0.02889705152139538,-30.782929354774495
15369.074491571026,216.76989309769573,0.00448953514005298,0.03186676516867077,0.8337093555962007,-1.579706499482186,0.6520452708134493,-3.7144450122959514,0.41078287409782066,-7.72775341638583,0.2639282408149135,-11.570282739450608,0.17124932719099187,-15.327422522002836,0.08906532391497975,-21.00582696608745,0.03415345482409757,-29.331307166061134,0.02889705152139538,-30.782929354774495
15423.028667640616,216.76989309769573,0.004473829458981061,0.03186676516867077,0.8337093555962007,-1.579706499482186,0.6520452708134493,-3.7144450122959514,0.41078287409782066,-7.72775341638583,0.2639282408149135,-11.570282739450608,0.17124932719099187,-15.327422522002836,0.08906532391497975,-21.00582696608745,0.03415345482409757,-29.331307166061134,0.02889705152139538,-30.782929354774495
15477.172253496554,216.76989309769573,0.004458178720884349,0.03186676516867077,0.8337093555962007,-1.579706499482186,0.6520452708134493,-3.7144450122959514,0.41078287409782066,-7.72775341638583,0.2639282408149135,-11.570282739450608,0.17124932719099187,-15.327422522002836,0.08906532391497975,-21.00582696608745,0.03415345482409757,-29.331307166061134,0.02889705152139538,-30.782929354774495
15531.505914074683,216.76989309769573,0.0044425827335565745,0.03186676516867077,0.8337093555962007,-1.579706499482186,0.6520452708134493,-3.7144450122959514,0.41078287409782066,-7.72775341638583,0.2639282408149135,-11.570282739450608,0.17124932719099187,-15.327422522002836,0.08906532391497975,-21.00582696608745,0.03415345482409757,-29.331307166061134,0.02889705152139538,-30.782929354774495
15586.030316645147,216.76989309769573,0.004427041305463858,0.03186676516867077,0.8337093555962007,-1.579706499482186,0.6520452708134493,-3.7144450122959514,0.41078287409782066,-7.72775341638583,0.2639282408149135,-11.570282739450608,0.17124932719099187,-15.327422522002836,0.08906532391497975,-21.00582696608745,0.03415345482409757,-29.331307166061134,0.02889705152139538,-30.782929354774495
15640.746130820711,216.76989309769573,0.004411554245742328,0.03186676516867077,0.8337093555962007,-1.579706499482186,0.6520452708134493,-3.7144450122959514,0.41078287409782066,-7.72775341638583,0.2639282408149135,-11.570282739450608,0.17124932719099187,-15.327422522002836,0.08906532391497975,-21.00582696608745,0.03415345482409757,-29.331307166061134,0.02889705152139538,-30.782929354774495
15695.654028564642,216.76989309769573,0.004396121364195871,0.03186676516867077,0.8337093555962007,-1.579706499482186,0.6520452708134493,-3.7144450122959514,0.41078287409782066,-7.72775341638583,0.2639282408149135,-11.570282739450608,0.17124932719099187,-15.327422522002836,0.08906532391497975,-21.00582696608745,0.03415345482409757,-29.331307166061134,0.02889705152139538,-30.782929354774495
15750.754684199403,216.76989309769573,0.004380742471293667,0.03186676516867077,0.8337093555962007,-1.579706499482186,0.6520452708134493,-3.7144450122959514,0.41078287409782066,-7.72775341638583,0.2639282408149135,-11.570282739450608,0.17124932719099187,-15.327422522002836,0.08906532391497975,-21.00582696608745,0.03415345482409757,-29.331307166061134,0.02889705152139538,-30.782929354774495
15806.04877441458,216.76989309769573,0.004365417378167973,0.03186676516867077,0.8337093555962007,-1.579706499482186,0.6520452708134493,-3.7144450122959514,0.41078287409782066,-7.72775341638583,0.2639282408149135,-11.570282739450608,0.17124932719099187,-15.327422522002836,0.08906532391497975,-21.00582696608745,0.03415345482409757,-29.331307166061134,0.02889705152139538,-30.782929354774495
15861.536978275326,216.76989309769573,0.004350145896611753,0.03186676516867077,0.8337093555962007,-1.579706499482186,0.6520452708134493,-3.7144450122959514,0.41078287409782066,-7.72775341638583,0.2639282408149135,-11.570282739450608,0.17124932719099187,-15.327422522002836,0.08906532391497975,-21.00582696608745,0.03415345482409757,-29.331307166061134,0.02889705152139538,-30.782929354774495
15917.219977230827,216.76989309769573,0.004334927839076341,0.03186676516867077,0.8337093555962007,-1.579706499482186,0.6520452708134493,-3.7144450122959514,0.41078287409782066,-7.72775341638583,0.2639282408149135,-11.570282739450608,0.17124932719099187,-15.327422522002836,0.08906532391497975,-21.00582696608745,0.03415345482409757,-29.331307166061134,0.02889705152139538,-30.782929354774495
15973.098455122315,216.76989309769573,0.004319763018669231,0.03186676516867077,0.8337093555962007,-1.579706499482186,0.6520452708134493,-3.7144450122959514,0.41078287409782066,-7.72775341638583,0.2639282408149135,-11.570282739450608,0.17124932719099187,-15.327422522002836,0.08906532391497975,-21.00582696608745,0.03415345482409757,-29.331307166061134,0.02889705152139538,-30.782929354774495
16029.173098191923,216.76989309769573,0.004304651249151657,0.03186676516867077,0.8337093555962007,-1.579706499482186,0.6520452708134493,-3.7144450122959514,0.41078287409782066,-7.72775341638583,0.2639282408149135,-11.570282739450608,0.17124932719099187,-15.327422522002836,0.08906532391497975,-21.00582696608745,0.03415345482409757,-29.331307166061134,0.02889705152139538,-30.782929354774495
16085.44459509075,216.76989309769573,0.004289592344936408,0.03186676516867077,0.8337093555962007,-1.579706499482186,0.6520452708134493,-3.7144450122959514,0.41078287409782066,-7.72775341638583,0.2639282408149135,-11.570282739450608,0.17124932719099187,-15.327422522002836,0.08906532391497975,-21.00582696608745,0.03415345482409757,-29.331307166061134,0.02889705152139538,-30.782929354774495
16141.913636887452,216.76989309769573,0.004274586121085508,0.03186676516867077,0.8337093555962007,-1.579706499482186,0.6520452708134493,-3.7144450122959514,0.41078287409782066,-7.72775341638583,0.2639282408149135,-11.570282739450608,0.17124932719099187,-15.327422522002836,0.08906532391497975,-21.00582696608745,0.03415345482409757,-29.331307166061134,0.02889705152139538,-30.782929354774495
16198.58091707686,216.76989309769573,0.004259632393307913,0.03186676516867077,0.8337093555962007,-1.579706499482186,0.6520452708134493,-3.7144450122959514,0.41078287409782066,-7.72775341638583,0.2639282408149135,-11.570282739450608,0.17124932719099187,-15.327422522002836,0.08906532391497975,-21.00582696608745,0.03415345482409757,-29.331307166061134,0.02889705152139538,-30.782929354774495
16255.447131588136,216.76989309769573,0.004244730977957343,0.03186676516867077,0.8337093555962007,-1.579706499482186,0.6520452708134493,-3.7144450122959514,0.41078287409782066,-7.72775341638583,0.2639282408149135,-11.570282739450608,0.17124932719099187,-15.327422522002836,0.08906532391497975,-21.00582696608745,0.03415345482409757,-29.331307166061134,0.02889705152139538,-30.782929354774495
16312.512978793779,216.76989309769573,0.004229881692029904,0.03186676516867077,0.8337093555962007,-1.579706499482186,0.6520452708134493,-3.7144450122959514,0.41078287409782066,-7.72775341638583,0.2639282408149135,-11.570282739450608,0.17124932719099187,-15.327422522002836,0.08906532391497975,-21.00582696608745,0.03415345482409757,-29.331307166061134,0.02889705152139538,-30.782929354774495
16369.779159517837,216.76989309769573,0.004215084353161937,0.03186676516867077,0.8337093555962007,-1.579706499482186,0.6520452708134493,-3.7144450122959514,0.41078287409782066,-7.72775341638583,0.2639282408149135,-11.570282739450608,0.17124932719099187,-15.327422522002836,0.08906532391497975,-21.00582696608745,0.03415345482409757,-29.331307166061134,0.02889705152139538,-30.782929354774495
16427.246377044652,216.76989309769573,0.004200338779627743,0.03186676516867077,0.8337093555962007,-1.579706499482186,0.6520452708134493,-3.7144450122959514,0.41078287409782066,-7.72775341638583,0.2639282408149135,-11.570282739450608,0.17124932719099187,-15.327422522002836,0.08906532391497975,-21.00582696608745,0.03415345482409757,-29.331307166061134,0.02889705152139538,-30.782929354774495
16484.915337127622,216.76989309769573,0.004185644790337319,0.03186676516867077,0.8337093555962007,-1.579706499482186,0.6520452708134493,-3.7144450122959514,0.41078287409782066,-7.72775341638583,0.2639282408149135,-11.570282739450608,0.17124932719099187,-15.327422522002836,0.08906532391497975,-21.00582696608745,0.03415345482409757,-29.331307166061134,0.02889705152139538,-30.782929354774495
16542.786747997514,216.76989309769573,0.004171002204834223,0.03186676516867077,0.8337093555962007,-1.579706499482186,0.6520452708134493,-3.7144450122959514,0.41078287409782066,-7.72775341638583,0.2639282408149135,-11.570282739450608,0.17124932719099187,-15.327422522002836,0.08906532391497975,-21.00582696608745,0.03415345482409757,-29.331307166061134,0.02889705152139538,-30.782929354774495
16600.861320371612,216.76989309769573,0.004156410843293246,0.03186676516867077,0.8337093555962007,-1.579706499482186,0.6520452708134493,-3.7144450122959514,0.41078287409782066,-7.72775341638583,0.2639282408149135,-11.570282739450608,0.17124932719099187,-15.327422522002836,0.08906532391497975,-21.00582696608745,0.03415345482409757,-29.331307166061134,0.02889705152139538,-30.782929354774495
16659.139767462093,216.76989309769573,0.00414187052651829,0.03186676516867077,0.8337093555962007,-1.579706499482186,0.6520452708134493,-3.7144450122959514,0.41078287409782066,-7.72775341638583,0.2639282408149135,-11.570282739450608,0.17124932719099187,-15.327422522002836,0.08906532391497975,-21.00582696608745,0.03415345482409757,-29.331307166061134,0.02889705152139538,-30.782929354774495
16717.622804984945,216.76989309769573,0.0041273810759401295,0.03186676516867077,0.8337093555962007,-1.579706499482186,0.6520452708134493,-3.7144450122959514,0.41078287409782066,-7.72775341638583,0.2639282408149135,-11.570282739450608,0.17124932719099187,-15.327422522002836,0.08906532391497975,-21.00582696608745,0.03415345482409757,-29.331307166061134,0.02889705152139538,-30.782929354774495
16776.311151168728,216.76989309769573,0.004112942313614224,0.03186676516867077,0.8337093555962007,-1.579706499482186,0.6520452708134493,-3.7144450122959514,0.41078287409782066,-7.72775341638583,0.2639282408149135,-11.570282739450608,0.17124932719099187,-15.327422522002836,0.08906532391497975,-21.00582696608745,0.03415345482409757,-29.331307166061134,0.02889705152139538,-30.782929354774495
16835.205526763355,216.76989309769573,0.004098554062218543,0.03186676516867077,0.8337093555962007,-1.579706499482186,0.6520452708134493,-3.7144450122959514,0.41078287409782066,-7.72775341638583,0.2639282408149135,-11.570282739450608,0.17124932719099187,-15.327422522002836,0.08906532391497975,-21.00582696608745,0.03415345482409757,-29.331307166061134,0.02889705152139538,-30.782929354774495
16894.306655049117,216.76989309769573,0.004084216145051346,0.03186676516867077,0.8337093555962007,-1.579706499482186,0.6520452708134493,-3.7144450122959514,0.41078287409782066,-7.72775341638583,0.2639282408149135,-11.570282739450608,0.17124932719099187,-15.327422522002836,0.08906532391497975,-21.00582696608745,0.03415345482409757,-29.331307166061134,0.02889705152139538,-30.782929354774495
16953.61526184519,216.76989309769573,0.004069928386029106,0.03186676516867077,0.8337093555962007,-1.579706499482186,0.6520452708134493,-3.7144450122959514,0.41078287409782066,-7.72775341638583,0.2639282408149135,-11.570282739450608,0.17124932719099187,-15.327422522002836,0.08906532391497975,-21.00582696608745,0.03415345482409757,-29.331307166061134,0.02889705152139538,-30.782929354774495
17013.13207551903,216.76989309769573,0.004055690609684223,0.03186676516867077,0.8337093555962007,-1.579706499482186,0.6520452708134493,-3.7144450122959514,0.41078287409782066,-7.72775341638583,0.2639282408149135,-11.570282739450608,0.17124932719099187,-15.327422522002836,0.08906532391497975,-21.00582696608745,0.03415345482409757,-29.331307166061134,0.02889705152139538,-30.782929354774495
17072.85782699494,216.76989309769573,0.004041502641162974,0.03186676516867077,0.8337093555962007,-1.579706499482186,0.6520452708134493,-3.7144450122959514,0.41078287409782066,-7.72775341638583,0.2639282408149135,-11.570282739450608,0.17124932719099187,-15.327422522002836,0.08906532391497975,-21.00582696608745,0.03415345482409757,-29.331307166061134,0.02889705152139538,-30.782929354774495
17132.79324976317,216.76989309769573,0.004027364306223319,0.03186676516867077,0.8337093555962007,-1.579706499482186,0.6520452708134493,-3.7144450122959514,0.41078287409782066,-7.72775341638583,0.2639282408149135,-11.570282739450608,0.17124932719099187,-15.327422522002836,0.08906532391497975,-21.00582696608745,0.03415345482409757,-29.331307166061134,0.02889705152139538,-30.782929354774495
17192.939079889093,216.76989309769573,0.004013275431232733,0.03186676516867077,0.8337093555962007,-1.579706499482186,0.6520452708134493,-3.7144450122959514,0.41078287409782066,-7.72775341638583,0.2639282408149135,-11.570282739450608,0.17124932719099187,-15.327422522002836,0.08906532391497975,-21.00582696608745,0.03415345482409757,-29.331307166061134,0.02889705152139538,-30.782929354774495
17253.29605602183,216.76989309769573,0.003999235843166169,0.03186676516867077,0.8337093555962007,-1.579706499482186,0.6520452708134493,-3.7144450122959514,0.41078287409782066,-7.72775341638583,0.2639282408149135,-11.570282739450608,0.17124932719099187,-15.327422522002836,0.08906532391497975,-21.00582696608745,0.03415345482409757,-29.331307166061134,0.02889705152139538,-30.782929354774495
17313.86491940384,216.76989309769573,0.00398524536960381,0.03186676516867077,0.8337093555962007,-1.579706499482186,0.6520452708134493,-3.7144450122959514,0.41078287409782066,-7.72775341638583,0.2639282408149135,-11.570282739450608,0.17124932719099187,-15.327422522002836,0.08906532391497975,-21.00582696608745,0.03415345482409757,-29.331307166061134,0.02889705152139538,-30.782929354774495
17374.646413879615,216.76989309769573,0.003971303838729048,0.03186676516867077,0.8337093555962007,-1.579706499482186,0.6520452708134493,-3.7144450122959514,0.41078287409782066,-7.72775341638583,0.2639282408149135,-11.570282739450608,0.17124932719099187,-15.327422522002836,0.08906532391497975,-21.00582696608745,0.03415345482409757,-29.331307166061134,0.02889705152139538,-30.782929354774495
17435.641285904956,216.76989309769573,0.003957411079326338,0.03186676516867077,0.8337093555962007,-1.579706499482186,0.6520452708134493,-3.7144450122959514,0.41078287409782066,-7.72775341638583,0.2639282408149135,-11.570282739450608,0.17124932719099187,-15.327422522002836,0.08906532391497975,-21.00582696608745,0.03415345482409757,-29.331307166061134,0.02889705152139538,-30.782929354774495
17496.8502845563,216.76989309769573,0.003943566920779065,0.03186676516867077,0.8337093555962007,-1.579706499482186,0.6520452708134493,-3.7144450122959514,0.41078287409782066,-7.72775341638583,0.2639282408149135,-11.570282739450608,0.17124932719099187,-15.327422522002836,0.08906532391497975,-21.00582696608745,0.03415345482409757,-29.331307166061134,0.02889705152139538,-30.782929354774495
17558.27416153952,216.76989309769573,0.003929771193067534,0.03186676516867077,0.8337093555962007,-1.579706499482186,0.6520452708134493,-3.7144450122959514,0.41078287409782066,-7.72775341638583,0.2639282408149135,-11.570282739450608,0.17124932719099187,-15.327422522002836,0.08906532391497975,-21.00582696608745,0.03415345482409757,-29.331307166061134,0.02889705152139538,-30.782929354774495
17619.913671199647,216.76989309769573,0.00391602372676677,0.03186676516867077,0.8337093555962007,-1.579706499482186,0.6520452708134493,-3.7144450122959514,0.41078287409782066,-7.72775341638583,0.2639282408149135,-11.570282739450608,0.17124932719099187,-15.327422522002836,0.08906532391497975,-21.00582696608745,0.03415345482409757,-29.331307166061134,0.02889705152139538,-30.782929354774495
17681.769570529745,216.76989309769573,0.0039023243530445333,0.03186676516867077,0.8337093555962007,-1.579706499482186,0.6520452708134493,-3.7144450122959514,0.41078287409782066,-7.72775341638583,0.2639282408149135,-11.570282739450608,0.17124932719099187,-15.327422522002836,0.08906532391497975,-21.00582696608745,0.03415345482409757,-29.331307166061134,0.02889705152139538,-30.782929354774495
17743.842619180366,216.76989309769573,0.0038886729036592014,0.03186676516867077,0.8337093555962007,-1.579706499482186,0.6520452708134493,-3.7144450122959514,0.41078287409782066,-7.72775341638583,0.2639282408149135,-11.570282739450608,0.17124932719099187,-15.327422522002836,0.08906532391497975,-21.00582696608745,0.03415345482409757,-29.331307166061134,0.02889705152139538,-30.782929354774495
17806.133579468995,216.76989309769573,0.003875069210957682,0.03186676516867077,0.8337093555962007,-1.579706499482186,0.6520452708134493,-3.7144450122959514,0.41078287409782066,-7.72775341638583,0.2639282408149135,-11.570282739450608,0.17124932719099187,-15.327422522002836,0.08906532391497975,-21.00582696608745,0.03415345482409757,-29.331307166061134,0.02889705152139538,-30.782929354774495
17868.643216389046,216.76989309769573,0.003861513107873433,0.03186676516867077,0.8337093555962007,-1.579706499482186,0.6520452708134493,-3.7144450122959514,0.41078287409782066,-7.72775341638583,0.2639282408149135,-11.570282739450608,0.17124932719099187,-15.327422522002836,0.08906532391497975,-21.00582696608745,0.03415345482409757,-29.331307166061134,0.02889705152139538,-30.782929354774495
17931.372297619735,216.76989309769573,0.0038480044279243075,0.03186676516867077,0.8337093555962007,-1.579706499482186,0.6520452708134493,-3.7144450122959514,0.41078287409782066,-7.72775341638583,0.2639282408149135,-11.570282739450608,0.17124932719099187,-15.327422522002836,0.08906532391497975,-21.00582696608745,0.03415345482409757,-29.331307166061134,0.02889705152139538,-30.782929354774495
17994.321593535133,216.76989309769573,0.0038345430052105886,0.03186676516867077,0.8337093555962007,-1.579706499482186,0.6520452708134493,-3.7144450122959514,0.41078287409782066,-7.72775341638583,0.2639282408149135,-11.570282739450608,0.17124932719099187,-15.327422522002836,0.08906532391497975,-21.00582696608745,0.03415345482409757,-29.331307166061134,0.02889705152139538,-30.782929354774495
18057.491877213753,216.76989309769573,0.003821128674412928,0.03186676516867077,0.8337093555962007,-1.579706499482186,0.6520452708134493,-3.7144450122959514,0.41078287409782066,-7.72775341638583,0.2639282408149135,-11.570282739450608,0.17124932719099187,-15.327422522002836,0.08906532391497975,-21.00582696608745,0.03415345482409757,-29.331307166061134,0.02889705152139538,-30.782929354774495
18120.883924448208,216.76989309769573,0.0038077612707902763,0.03186676516867077,0.8337093555962007,-1.579706499482186,0.6520452708134493,-3.7144450122959514,0.41078287409782066,-7.72775341638583,0.2639282408149135,-11.570282739450608,0.17124932719099187,-15.327422522002836,0.08906532391497975,-21.00582696608745,0.03415345482409757,-29.331307166061134,0.02889705152139538,-30.782929354774495
18184.498513754315,216.76989309769573,0.003794440630177954,0.03186676516867077,0.8337093555962007,-1.579706499482186,0.6520452708134493,-3.7144450122959514,0.41078287409782066,-7.72775341638583,0.2639282408149135,-11.570282739450608,0.17124932719099187,-15.327422522002836,0.08906532391497975,-21.00582696608745,0.03415345482409757,-29.331307166061134,0.02889705152139538,-30.782929354774495
18248.336426381193,216.76989309769573,0.0037811665889855204,0.03186676516867077,0.8337093555962007,-1.579706499482186,0.6520452708134493,-3.7144450122959514,0.41078287409782066,-7.72775341638583,0.2639282408149135,-11.570282739450608,0.17124932719099187,-15.327422522002836,0.08906532391497975,-21.00582696608745,0.03415345482409757,-29.331307166061134,0.02889705152139538,-30.782929354774495
18312.39844632043,216.76989309769573,0.003767938984194853,0.03186676516867077,0.8337093555962007,-1.579706499482186,0.6520452708134493,-3.7144450122959514,0.41078287409782066,-7.72775341638583,0.2639282408149135,-11.570282739450608,0.17124932719099187,-15.327422522002836,0.08906532391497975,-21.00582696608745,0.03415345482409757,-29.331307166061134,0.02889705152139538,-30.782929354774495
18376.685360315914,216.76989309769573,0.0037547576533581034,0.03186676516867077,0.8337093555962007,-1.579706499482186,0.6520452708134493,-3.7144450122959514,0.41078287409782066,-7.72775341638583,0.2639282408149135,-11.570282739450608,0.17124932719099187,-15.327422522002836,0.08906532391497975,-21.00582696608745,0.03415345482409757,-29.331307166061134,0.02889705152139538,-30.782929354774495
18441.19795787345,216.76989309769573,0.0037416224345957158,0.03186676516867077,0.8337093555962007,-1.579706499482186,0.6520452708134493,-3.7144450122959514,0.41078287409782066,-7.72775341638583,0.2639282408149135,-11.570282739450608,0.17124932719099187,-15.327422522002836,0.08906532391497975,-21.00582696608745,0.03415345482409757,-29.331307166061134,0.02889705152139538,-30.782929354774495
18505.937031270416,216.76989309769573,0.00372853316659444,0.03186676516867077,0.8337093555962007,-1.579706499482186,0.6520452708134493,-3.7144450122959514,0.41078287409782066,-7.72775341638583,0.2639282408149135,-11.570282739450608,0.17124932719099187,-15.327422522002836,0.08906532391497975,-21.00582696608745,0.03415345482409757,-29.331307166061134,0.02889705152139538,-30.782929354774495
18570.90337556565,216.76989309769573,0.0037154896886053253,0.03186676516867077,0.8337093555962007,-1.579706499482186,0.6520452708134493,-3.7144450122959514,0.41078287409782066,-7.72775341638583,0.2639282408149135,-11.570282739450608,0.17124932719099187,-15.327422522002836,0.08906532391497975,-21.00582696608745,0.03415345482409757,-29.331307166061134,0.02889705152139538,-30.782929354774495
18636.09778860898,216.76989309769573,0.0037024918404417887,0.03186676516867077,0.8337093555962007,-1.579706499482186,0.6520452708134493,-3.7144450122959514,0.41078287409782066,-7.72775341638583,0.2639282408149135,-11.570282739450608,0.17124932719099187,-15.327422522002836,0.08906532391497975,-21.00582696608745,0.03415345482409757,-29.331307166061134,0.02889705152139538,-30.782929354774495
18701.521071051182,216.76989309769573,0.003689539462477617,0.03186676516867077,0.8337093555962007,-1.579706499482186,0.6520452708134493,-3.7144450122959514,0.41078287409782066,-7.72775341638583,0.2639282408149135,-11.570282739450608,0.17124932719099187,-15.327422522002836,0.08906532391497975,-21.00582696608745,0.03415345482409757,-29.331307166061134,0.02889705152139538,-30.782929354774495
18767.174026353765,216.76989309769573,0.003676632395645018,0.03186676516867077,0.8337093555962007,-1.579706499482186,0.6520452708134493,-3.7144450122959514,0.41078287409782066,-7.72775341638583,0.2639282408149135,-11.570282739450608,0.17124932719099187,-15.327422522002836,0.08906532391497975,-21.00582696608745,0.03415345482409757,-29.331307166061134,0.02889705152139538,-30.782929354774495
18833.057460798816,216.76989309769573,0.003663770481432669,0.03186676516867077,0.8337093555962007,-1.579706499482186,0.6520452708134493,-3.7144450122959514,0.41078287409782066,-7.72775341638583,0.2639282408149135,-11.570282739450608,0.17124932719099187,-15.327422522002836,0.08906532391497975,-21.00582696608745,0.03415345482409757,-29.331307166061134,0.02889705152139538,-30.782929354774495
18899.172183499075,216.76989309769573,0.003650953561883737,0.03186676516867077,0.8337093555962007,-1.579706499482186,0.6520452708134493,-3.7144450122959514,0.41078287409782066,-7.72775341638583,0.2639282408149135,-11.570282739450608,0.17124932719099187,-15.327422522002836,0.08906532391497975,-21.00582696608745,0.03415345482409757,-29.331307166061134,0.02889705152139538,-30.782929354774495
18965.519006407456,216.76989309769573,0.0036381814795940206,0.03186676516867077,0.8337093555962007,-1.579706499482186,0.6520452708134493,-3.7144450122959514,0.41078287409782066,-7.72775341638583,0.2639282408149135,-11.570282739450608,0.17124932719099187,-15.327422522002836,0.08906532391497975,-21.00582696608745,0.03415345482409757,-29.331307166061134,0.02889705152139538,-30.782929354774495
19032.098744327566,216.76989309769573,0.0036254540777099086,0.03186676516867077,0.8337093555962007,-1.579706499482186,0.6520452708134493,-3.7144450122959514,0.41078287409782066,-7.72775341638583,0.2639282408149135,-11.570282739450608,0.17124932719099187,-15.327422522002836,0.08906532391497975,-21.00582696608745,0.03415345482409757,-29.331307166061134,0.02889705152139538,-30.782929354774495
19098.912214923275,216.76989309769573,0.0036127711999265396,0.03186676516867077,0.8337093555962007,-1.579706499482186,0.6520452708134493,-3.7144450122959514,0.41078287409782066,-7.72775341638583,0.2639282408149135,-11.570282739450608,0.17124932719099187,-15.327422522002836,0.08906532391497975,-21.00582696608745,0.03415345482409757,-29.331307166061134,0.02889705152139538,-30.782929354774495
19165.960238728923,216.76989309769573,0.003600132690485851,0.03186676516867077,0.8337093555962007,-1.579706499482186,0.6520452708134493,-3.7144450122959514,0.41078287409782066,-7.72775341638583,0.2639282408149135,-11.570282739450608,0.17124932719099187,-15.327422522002836,0.08906532391497975,-21.00582696608745,0.03415345482409757,-29.331307166061134,0.02889705152139538,-30.782929354774495
19233.24363915954,216.76989309769573,0.0035875383941746386,0.03186676516867077,0.8337093555962007,-1.579706499482186,0.6520452708134493,-3.7144450122959514,0.41078287409782066,-7.72775341638583,0.2639282408149135,-11.570282739450608,0.17124932719099187,-15.327422522002836,0.08906532391497975,-21.00582696608745,0.03415345482409757,-29.331307166061134,0.02889705152139538,-30.782929354774495
19300.763242520537,216.76989309769573,0.00357498815632273,0.03186676516867077,0.8337093555962007,-1.579706499482186,0.6520452708134493,-3.7144450122959514,0.41078287409782066,-7.72775341638583,0.2639282408149135,-11.570282739450608,0.17124932719099187,-15.327422522002836,0.08906532391497975,-21.00582696608745,0.03415345482409757,-29.331307166061134,0.02889705152139538,-30.782929354774495
19368.51987801841,216.76989309769573,0.0035624818228009777,0.03186676516867077,0.8337093555962007,-1.579706499482186,0.6520452708134493,-3.7144450122959514,0.41078287409782066,-7.72775341638583,0.2639282408149135,-11.570282739450608,0.17124932719099187,-15.327422522002836,0.08906532391497975,-21.00582696608745,0.03415345482409757,-29.331307166061134,0.02889705152139538,-30.782929354774495
19436.514377770472,216.76989309769573,0.003550019240019458,0.03186676516867077,0.8337093555962007,-1.579706499482186,0.6520452708134493,-3.7144450122959514,0.41078287409782066,-7.72775341638583,0.2639282408149135,-11.570282739450608,0.17124932719099187,-15.327422522002836,0.08906532391497975,-21.00582696608745,0.03415345482409757,-29.331307166061134,0.02889705152139538,-30.782929354774495
19504.747576815247,216.76989309769573,0.003537600254925544,0.03186676516867077,0.8337093555962007,-1.579706499482186,0.6520452708134493,-3.7144450122959514,0.41078287409782066,-7.72775341638583,0.2639282408149135,-11.570282739450608,0.17124932719099187,-15.327422522002836,0.08906532391497975,-21.00582696608745,0.03415345482409757,-29.331307166061134,0.02889705152139538,-30.782929354774495
19573.220313122874,216.76989309769573,0.003525224715002003,0.03186676516867077,0.8337093555962007,-1.579706499482186,0.6520452708134493,-3.7144450122959514,0.41078287409782066,-7.72775341638583,0.2639282408149135,-11.570282739450608,0.17124932719099187,-15.327422522002836,0.08906532391497975,-21.00582696608745,0.03415345482409757,-29.331307166061134,0.02889705152139538,-30.782929354774495
19641.933427604963,216.76989309769573,0.003512892468265203,0.03186676516867077,0.8337093555962007,-1.579706499482186,0.6520452708134493,-3.7144450122959514,0.41078287409782066,-7.72775341638583,0.2639282408149135,-11.570282739450608,0.17124932719099187,-15.327422522002836,0.08906532391497975,-21.00582696608745,0.03415345482409757,-29.331307166061134,0.02889705152139538,-30.782929354774495
19710.887764125488,216.76989309769573,0.0035006033632631424,0.03186676516867077,0.8337093555962007,-1.579706499482186,0.6520452708134493,-3.7144450122959514,0.41078287409782066,-7.72775341638583,0.2639282408149135,-11.570282739450608,0.17124932719099187,-15.327422522002836,0.08906532391497975,-21.00582696608745,0.03415345482409757,-29.331307166061134,0.02889705152139538,-30.782929354774495
19780.08416951069,216.76989309769573,0.003488357249073672,0.03186676516867077,0.8337093555962007,-1.579706499482186,0.6520452708134493,-3.7144450122959514,0.41078287409782066,-7.72775341638583,0.2639282408149135,-11.570282739450608,0.17124932719099187,-15.327422522002836,0.08906532391497975,-21.00582696608745,0.03415345482409757,-29.331307166061134,0.02889705152139538,-30.782929354774495
19849.52349355967,216.76989309769573,0.00347615397530261,0.03186676516867077,0.8337093555962007,-1.579706499482186,0.6520452708134493,-3.7144450122959514,0.41078287409782066,-7.72775341638583,0.2639282408149135,-11.570282739450608,0.17124932719099187,-15.327422522002836,0.08906532391497975,-21.00582696608745,0.03415345482409757,-29.331307166061134,0.02889705152139538,-30.782929354774495
19919.20658905495,216.76989309769573,0.0034639933920818707,0.03186676516867077,0.8337093555962007,-1.579706499482186,0.6520452708134493,-3.7144450122959514,0.41078287409782066,-7.72775341638583,0.2639282408149135,-11.570282739450608,0.17124932719099187,-15.327422522002836,0.08906532391497975,-21.00582696608745,0.03415345482409757,-29.331307166061134,0.02889705152139538,-30.782929354774495
19989.13431177253,216.76989309769573,0.0034518753500676963,0.03186676516867077,0.8337093555962007,-1.579706499482186,0.6520452708134493,-3.7144450122959514,0.41078287409782066,-7.72775341638583,0.2639282408149135,-11.570282739450608,0.17124932719099187,-15.327422522002836,0.08906532391497975,-21.00582696608745,0.03415345482409757,-29.331307166061134,0.02889705152139538,-30.782929354774495
20059.30752049295,216.76989309769573,0.0034397997004387295,0.03186676516867077,0.8337093555962007,-1.579706499482186,0.6520452708134493,-3.7144450122959514,0.41078287409782066,-7.72775341638583,0.2639282408149135,-11.570282739450608,0.17124932719099187,-15.327422522002836,0.08906532391497975,-21.00582696608745,0.03415345482409757,-29.331307166061134,0.02889705152139538,-30.782929354774495
20129.72707701139,216.76989309769573,0.00342776629489426,0.03186676516867077,0.8337093555962007,-1.579706499482186,0.6520452708134493,-3.7144450122959514,0.41078287409782066,-7.72775341638583,0.2639282408149135,-11.570282739450608,0.17124932719099187,-15.327422522002836,0.08906532391497975,-21.00582696608745,0.03415345482409757,-29.331307166061134,0.02889705152139538,-30.782929354774495
20200.393846148472,216.76989309769573,0.003415774985652369,0.03186676516867077,0.8337093555962007,-1.579706499482186,0.6520452708134493,-3.7144450122959514,0.41078287409782066,-7.72775341638583,0.2639282408149135,-11.570282739450608,0.17124932719099187,-15.327422522002836,0.08906532391497975,-21.00582696608745,0.03415345482409757,-29.331307166061134,0.02889705152139538,-30.782929354774495
20271.308695760825,216.76989309769573,0.00340382562544812,0.03186676516867077,0.8337093555962007,-1.579706499482186,0.6520452708134493,-3.7144450122959514,0.41078287409782066,-7.72775341638583,0.2639282408149135,-11.570282739450608,0.17124932719099187,-15.327422522002836,0.08906532391497975,-21.00582696608745,0.03415345482409757,-29.331307166061134,0.02889705152139538,-30.782929354774495
20342.4724967517,216.76989309769573,0.00339191806753176,0.03186676516867077,0.8337093555962007,-1.579706499482186,0.6520452708134493,-3.7144450122959514,0.41078287409782066,-7.72775341638583,0.2639282408149135,-11.570282739450608,0.17124932719099187,-15.327422522002836,0.08906532391497975,-21.00582696608745,0.03415345482409757,-29.331307166061134,0.02889705152139538,-30.782929354774495
20413.88612308184,216.76989309769573,0.0033800521656668875,0.03186676516867077,0.8337093555962007,-1.579706499482186,0.6520452708134493,-3.7144450122959514,0.41078287409782066,-7.72775341638583,0.2639282408149135,-11.570282739450608,0.17124932719099187,-15.327422522002836,0.08906532391497975,-21.00582696608745,0.03415345482409757,-29.331307166061134,0.02889705152139538,-30.782929354774495
20485.550451779967,216.76989309769573,0.003368227774128699,0.03186676516867077,0.8337093555962007,-1.579706499482186,0.6520452708134493,-3.7144450122959514,0.41078287409782066,-7.72775341638583,0.2639282408149135,-11.570282739450608,0.17124932719099187,-15.327422522002836,0.08906532391497975,-21.00582696608745,0.03415345482409757,-29.331307166061134,0.02889705152139538,-30.782929354774495
20557.46636295371,216.76989309769573,0.0033564447477021694,0.03186676516867077,0.8337093555962007,-1.579706499482186,0.6520452708134493,-3.7144450122959514,0.41078287409782066,-7.72775341638583,0.2639282408149135,-11.570282739450608,0.17124932719099187,-15.327422522002836,0.08906532391497975,-21.00582696608745,0.03415345482409757,-29.331307166061134,0.02889705152139538,-30.782929354774495
20629.63473980037,216.76989309769573,0.00334470294168028,0.03186676516867077,0.8337093555962007,-1.579706499482186,0.6520452708134493,-3.7144450122959514,0.41078287409782066,-7.72775341638583,0.2639282408149135,-11.570282739450608,0.17124932719099187,-15.327422522002836,0.08906532391497975,-21.00582696608745,0.03415345482409757,-29.331307166061134,0.02889705152139538,-30.782929354774495
20702.05646861774,216.76989309769573,0.003333002211862244,0.03186676516867077,0.8337093555962007,-1.579706499482186,0.6520452708134493,-3.7144450122959514,0.41078287409782066,-7.72775341638583,0.2639282408149135,-11.570282739450608,0.17124932719099187,-15.327422522002836,0.08906532391497975,-21.00582696608745,0.03415345482409757,-29.331307166061134,0.02889705152139538,-30.782929354774495
20774.732438815183,216.76989309769573,0.0033213424145517026,0.03186676516867077,0.8337093555962007,-1.579706499482186,0.6520452708134493,-3.7144450122959514,0.41078287409782066,-7.72775341638583,0.2639282408149135,-11.570282739450608,0.17124932719099187,-15.327422522002836,0.08906532391497975,-21.00582696608745,0.03415345482409757,-29.331307166061134,0.02889705152139538,-30.782929354774495
20847.663542924096,216.76989309769573,0.0033097234065550376,0.03186676516867077,0.8337093555962007,-1.579706499482186,0.6520452708134493,-3.7144450122959514,0.41078287409782066,-7.72775341638583,0.2639282408149135,-11.570282739450608,0.17124932719099187,-15.327422522002836,0.08906532391497975,-21.00582696608745,0.03415345482409757,-29.331307166061134,0.02889705152139538,-30.782929354774495
20920.850676609476,216.76989309769573,0.003298145045179513,0.03186676516867077,0.8337093555962007,-1.579706499482186,0.6520452708134493,-3.7144450122959514,0.41078287409782066,-7.72775341638583,0.2639282408149135,-11.570282739450608,0.17124932719099187,-15.327422522002836,0.08906532391497975,-21.00582696608745,0.03415345482409757,-29.331307166061134,0.02889705152139538,-30.782929354774495
20994.29473868043,216.76989309769573,0.003286607188231602,0.03186676516867077,0.8337093555962007,-1.579706499482186,0.6520452708134493,-3.7144450122959514,0.41078287409782066,-7.72775341638583,0.2639282408149135,-11.570282739450608,0.17124932719099187,-15.327422522002836,0.08906532391497975,-21.00582696608745,0.03415345482409757,-29.331307166061134,0.02889705152139538,-30.782929354774495
21067.996631101396,216.76989309769573,0.0032751096940152116,0.03186676516867077,0.8337093555962007,-1.579706499482186,0.6520452708134493,-3.7144450122959514,0.41078287409782066,-7.72775341638583,0.2639282408149135,-11.570282739450608,0.17124932719099187,-15.327422522002836,0.08906532391497975,-21.00582696608745,0.03415345482409757,-29.331307166061134,0.02889705152139538,-30.782929354774495
21141.957259003404,216.76989309769573,0.0032636524213299134,0.03186676516867077,0.8337093555962007,-1.579706499482186,0.6520452708134493,-3.7144450122959514,0.41078287409782066,-7.72775341638583,0.2639282408149135,-11.570282739450608,0.17124932719099187,-15.327422522002836,0.08906532391497975,-21.00582696608745,0.03415345482409757,-29.331307166061134,0.02889705152139538,-30.782929354774495
21216.177530694687,216.76989309769573,0.0032522352294692886,0.03186676516867077,0.8337093555962007,-1.579706499482186,0.6520452708134493,-3.7144450122959514,0.41078287409782066,-7.72775341638583,0.2639282408149135,-11.570282739450608,0.17124932719099187,-15.327422522002836,0.08906532391497975,-21.00582696608745,0.03415345482409757,-29.331307166061134,0.02889705152139538,-30.782929354774495
21290.658357672477,216.76989309769573,0.0032408579782190997,0.03186676516867077,0.8337093555962007,-1.579706499482186,0.6520452708134493,-3.7144450122959514,0.41078287409782066,-7.72775341638583,0.2639282408149135,-11.570282739450608,0.17124932719099187,-15.327422522002836,0.08906532391497975,-21.00582696608745,0.03415345482409757,-29.331307166061134,0.02889705152139538,-30.782929354774495
21365.40065463369,216.76989309769573,0.0032295205278556477,0.03186676516867077,0.8337093555962007,-1.579706499482186,0.6520452708134493,-3.7144450122959514,0.41078287409782066,-7.72775341638583,0.2639282408149135,-11.570282739450608,0.17124932719099187,-15.327422522002836,0.08906532391497975,-21.00582696608745,0.03415345482409757,-29.331307166061134,0.02889705152139538,-30.782929354774495
21440.405339486355,216.76989309769573,0.0032182227391440266,0.03186676516867077,0.8337093555962007,-1.579706499482186,0.6520452708134493,-3.7144450122959514,0.41078287409782066,-7.72775341638583,0.2639282408149135,-11.570282739450608,0.17124932719099187,-15.327422522002836,0.08906532391497975,-21.00582696608745,0.03415345482409757,-29.331307166061134,0.02889705152139538,-30.782929354774495
21515.673333361054,216.76989309769573,0.0032069644733363884,0.03186676516867077,0.8337093555962007,-1.579706499482186,0.6520452708134493,-3.7144450122959514,0.41078287409782066,-7.72775341638583,0.2639282408149135,-11.570282739450608,0.17124932719099187,-15.327422522002836,0.08906532391497975,-21.00582696608745,0.03415345482409757,-29.331307166061134,0.02889705152139538,-30.782929354774495
21591.20556062175,216.76989309769573,0.003195745592170308,0.03186676516867077,0.8337093555962007,-1.579706499482186,0.6520452708134493,-3.7144450122959514,0.41078287409782066,-7.72775341638583,0.2639282408149135,-11.570282739450608,0.17124932719099187,-15.327422522002836,0.08906532391497975,-21.00582696608745,0.03415345482409757,-29.331307166061134,0.02889705152139538,-30.782929354774495
21667.00294887776,216.76989309769573,0.003184565957866999,0.03186676516867077,0.8337093555962007,-1.579706499482186,0.6520452708134493,-3.7144450122959514,0.41078287409782066,-7.72775341638583,0.2639282408149135,-11.570282739450608,0.17124932719099187,-15.327422522002836,0.08906532391497975,-21.00582696608745,0.03415345482409757,-29.331307166061134,0.02889705152139538,-30.782929354774495
21743.06642899466,216.76989309769573,0.00317342543312969,0.03186676516867077,0.8337093555962007,-1.579706499482186,0.6520452708134493,-3.7144450122959514,0.41078287409782066,-7.72775341638583,0.2639282408149135,-11.570282739450608,0.17124932719099187,-15.327422522002836,0.08906532391497975,-21.00582696608745,0.03415345482409757,-29.331307166061134,0.02889705152139538,-30.782929354774495
21819.396935105888,216.76989309769573,0.0031623238811419123,0.03186676516867077,0.8337093555962007,-1.579706499482186,0.6520452708134493,-3.7144450122959514,0.41078287409782066,-7.72775341638583,0.2639282408149135,-11.570282739450608,0.17124932719099187,-15.327422522002836,0.08906532391497975,-21.00582696608745,0.03415345482409757,-29.331307166061134,0.02889705152139538,-30.782929354774495
21895.9954046244,216.76989309769573,0.003151261165565796,0.03186676516867077,0.8337093555962007,-1.579706499482186,0.6520452708134493,-3.7144450122959514,0.41078287409782066,-7.72775341638583,0.2639282408149135,-11.570282739450608,0.17124932719099187,-15.327422522002836,0.08906532391497975,-21.00582696608745,0.03415345482409757,-29.331307166061134,0.02889705152139538,-30.782929354774495
21972.86277825369,216.76989309769573,0.003140237150540465,0.03186676516867077,0.8337093555962007,-1.579706499482186,0.6520452708134493,-3.7144450122959514,0.41078287409782066,-7.72775341638583,0.2639282408149135,-11.570282739450608,0.17124932719099187,-15.327422522002836,0.08906532391497975,-21.00582696608745,0.03415345482409757,-29.331307166061134,0.02889705152139538,-30.782929354774495
22050.0,216.76989309769573,0.003129251700680272,0.03186676516867077,0.8337093555962007,-1.579706499482186,0.6520452708134493,-3.7144450122959514,0.41078287409782066,-7.72775341638583,0.2639282408149135,-11.570282739450608,0.17124932719099187,-15.327422522002836,0.08906532391497975,-21.00582696608745,0.03415345482409757,-29.331307166061134,0.02889705152139538,-30.782929354774495
