velocity,pitch,f0,partial,partialFreq,sigma,intercept,r2
50,C8,4186.01,2,8719.6,34.0956,-4.28283,0.973248
50,E4,329.628,1,329.727,0.509441,5.65223,0.983234
50,E4,329.628,4,1322.95,0.356919,2.66801,0.892988
50,E4,329.628,5,1658.06,0.435259,2.07986,0.870837
50,E4,329.628,6,1995.86,0.42249,0.956442,0.77108
50,E4,329.628,7,2335.01,0.489455,0.566084,0.878437
50,E4,329.628,8,2678.19,0.56716,-0.529495,0.657735
50,E4,329.628,10,3025.42,0.619691,-2.03162,0.838884
50,E4,329.628,11,3378.02,0.924825,-2.06694,0.824643
50,E4,329.628,12,4096.69,1.21202,-2.89366,0.733179
50,D1,36.7081,1,36.3373,0.162638,1.71254,0.93945
50,D1,36.7081,2,72.6746,0.160223,4.49354,0.937285
50,D1,36.7081,3,109.012,0.123573,5.20897,0.814402
50,D1,36.7081,4,146.695,0.136833,5.37369,0.906756
50,D1,36.7081,5,183.032,0.121623,4.23353,0.796966
50,D1,36.7081,6,219.37,0.10496,3.56452,0.710044
50,D1,36.7081,7,255.707,0.124804,4.44127,0.88507
50,D1,36.7081,8,292.044,0.136785,1.69157,0.906298
50,D1,36.7081,9,329.727,0.0995479,3.79956,0.647107
50,D1,36.7081,10,366.064,0.0992849,2.71058,0.626785
50,D1,36.7081,11,403.748,0.106775,3.39147,0.726078
50,D1,36.7081,12,440.085,0.127312,3.16427,0.770124
50,D1,36.7081,13,477.768,0.18232,2.18671,0.936258
50,D1,36.7081,14,514.105,0.16556,1.77293,0.929386
50,D1,36.7081,15,551.788,0.163786,1.71272,0.908207
50,D1,36.7081,16,589.471,0.168013,1.12696,0.926107
50,D1,36.7081,17,627.155,0.190445,0.891273,0.940865
50,D1,36.7081,18,664.838,0.199001,1.96046,0.941691
50,D1,36.7081,19,702.521,0.201352,0.771961,0.934793
50,D1,36.7081,20,740.204,0.184444,2.35393,0.926517
50,D1,36.7081,21,777.887,0.217835,3.04447,0.975786
50,D1,36.7081,22,816.916,0.214541,2.58725,0.972705
50,D1,36.7081,23,854.599,0.220127,2.76412,0.94605
50,D1,36.7081,24,893.628,0.265064,0.892737,0.986658
50,D1,36.7081,25,934.003,0.284428,1.029,0.992015
50,D1,36.7081,27,1028.21,2.9402,0.575364,0.959208
50,D1,36.7081,34,1331.02,0.472453,-0.136264,0.972179
50,D1,36.7081,35,1371.4,0.605869,0.499844,0.947066
50,D1,36.7081,36,1413.12,0.519322,1.22068,0.975829
50,D1,36.7081,37,1454.84,0.547765,0.193999,0.988945
50,D1,36.7081,38,1496.56,0.537146,0.274191,0.991977
50,D1,36.7081,39,1540.97,0.501287,-0.613658,0.966537
50,D1,36.7081,40,1581.34,0.624998,0.133243,0.986006
50,D1,36.7081,41,1624.41,0.640187,-0.0461927,0.98639
50,D1,36.7081,42,1667.48,0.649903,-0.376215,0.989213
50,D1,36.7081,43,1710.54,0.681052,-0.486816,0.977382
50,D1,36.7081,44,1753.61,0.750721,-0.232357,0.965677
50,D1,36.7081,45,1799.37,0.755434,-0.744466,0.969621
50,D1,36.7081,50,2057.77,2.68286,-0.421305,0.972253
50,D1,36.7081,51,2112.95,0.969103,-0.699034,0.985922
50,D1,36.7081,52,2160.05,1.11952,-0.423078,0.98533
50,D1,36.7081,53,2207.15,1.00339,-0.997496,0.985879
50,D1,36.7081,54,2254.26,1.14446,-1.4308,0.955479
50,D1,36.7081,60,2570.53,1.39285,-1.29872,0.986174
50,D1,36.7081,69,3084.63,0.302183,-6.6835,0.553818
50,D1,36.7081,79,3170.76,0.256931,-7.48844,0.534455
50,As4,466.164,1,465.656,0.410071,3.56891,0.772282
50,As4,466.164,2,934.003,0.425484,3.25869,0.816109
50,As4,466.164,3,1403.7,0.437123,1.93682,0.752991
50,As4,466.164,4,1877.43,0.507021,2.21456,0.925987
50,As4,466.164,5,2356.54,0.58721,1.25778,0.768885
50,As4,466.164,6,2841.04,0.63008,0.306184,0.901655
50,As4,466.164,8,3332.26,1.01678,-0.232825,0.943292
50,As4,466.164,9,3834.26,1.54535,-1.97007,0.862308
50,As4,466.164,10,4342.98,3.0627,-2.45325,0.6957
50,As4,466.164,11,5396.76,5.82173,-1.99047,0.922669
50,B5,987.767,1,989.182,0.919083,3.95189,0.858397
50,B5,987.767,2,1985.09,0.839149,1.09481,0.830305
50,B5,987.767,3,3002.54,1.4085,-0.432808,0.866329
50,B5,987.767,4,4040.17,2.62437,-1.25839,0.856707
50,B5,987.767,5,5114.14,5.87928,-1.23419,0.870211
50,B5,987.767,6,6228.48,7.80766,-4.48131,0.847084
50,B5,987.767,8,7389.93,5.20753,-7.86378,0.677925
50,Ds6,1244.51,1,1247.58,1.05342,3.86115,0.766713
50,Ds6,1244.51,2,2509.96,1.19736,-1.07492,0.804797
50,Ds6,1244.51,3,3800.61,2.59243,-2.67434,0.859346
50,Ds6,1244.51,4,5139.71,6.4814,-1.32133,0.876193
50,Ds6,1244.51,5,6536.67,12.7756,-2.57337,0.932344
50,D6,1174.66,1,1177.6,0.741558,2.67388,0.639008
50,D6,1174.66,2,2367.31,1.35824,1.37951,0.932269
50,D6,1174.66,3,3582.59,2.27147,-0.89989,0.881941
50,D6,1174.66,4,4838.24,4.83477,-2.48289,0.877153
50,D6,1174.66,5,6145.04,10.5957,-2.48413,0.88296
50,E3,164.814,1,164.191,0.259188,4.08594,0.946538
50,E3,164.814,2,329.727,0.201643,4.06056,0.795442
50,E3,164.814,3,493.918,0.226986,3.02771,0.886896
50,E3,164.814,4,659.454,0.168365,1.94695,0.705771
50,E3,164.814,5,824.991,0.157296,2.65123,0.67917
50,E3,164.814,6,990.527,0.287817,0.719559,0.860474
50,E3,164.814,7,1157.41,1.15667,4.77186,0.967535
50,E3,164.814,8,1324.29,0.346322,-0.366693,0.909335
50,E3,164.814,9,1491.17,0.23835,1.25883,0.641884
50,E3,164.814,11,1828.98,0.276281,-1.15736,0.899588
50,E3,164.814,18,2688.96,0.299376,-1.65734,0.921538
50,E3,164.814,19,3217.87,0.43736,-2.23682,0.786765
50,E3,164.814,22,3398.21,0.757862,-1.9899,0.881334
50,E3,164.814,23,3945.96,0.57701,-2.31877,0.702627
50,E3,164.814,27,4131.68,0.810902,-3.5508,0.873401
50,E3,164.814,28,5486.93,2.42661,-2.79488,0.794833
50,Ds1,38.8909,1,39.0289,0.179754,2.1943,0.959451
50,Ds1,38.8909,2,78.0579,0.135905,4.21142,0.875338
50,Ds1,38.8909,3,115.741,0.133512,5.42785,0.901252
50,Ds1,38.8909,4,154.77,0.106552,4.3451,0.731231
50,Ds1,38.8909,5,193.799,0.13106,4.71632,0.888942
50,Ds1,38.8909,6,232.828,0.10622,2.54039,0.823545
50,Ds1,38.8909,7,271.857,0.133908,3.91585,0.901299
50,Ds1,38.8909,8,310.886,0.0981681,2.11266,0.65544
50,Ds1,38.8909,9,349.915,0.113784,3.62134,0.781195
50,Ds1,38.8909,10,388.943,0.141362,4.58544,0.917087
50,Ds1,38.8909,11,427.972,0.16722,4.15722,0.944253
50,Ds1,38.8909,12,467.001,0.193293,3.31871,0.954232
50,Ds1,38.8909,13,506.03,0.182126,3.44127,0.948454
50,Ds1,38.8909,14,545.059,0.201963,2.92829,0.971681
50,Ds1,38.8909,15,585.434,0.208551,2.60749,0.974395
50,Ds1,38.8909,16,624.463,0.178624,0.813489,0.906206
50,Ds1,38.8909,17,664.838,0.180643,1.16373,0.875569
50,Ds1,38.8909,18,705.212,0.188905,1.17911,0.945776
50,Ds1,38.8909,19,744.241,0.197907,2.54503,0.952815
50,Ds1,38.8909,20,784.616,0.213405,2.22474,0.966737
50,Ds1,38.8909,21,824.991,0.211503,2.12074,0.964093
50,Ds1,38.8909,22,866.711,0.256258,2.9281,0.979818
50,Ds1,38.8909,23,907.086,0.283306,3.67479,0.993609
50,Ds1,38.8909,24,947.461,0.278672,1.01713,0.988181
50,Ds1,38.8909,25,990.527,0.296114,0.644955,0.974978
50,Ds1,38.8909,26,1032.25,0.346814,0.996884,0.98764
50,Ds1,38.8909,27,1099.54,2.52395,2.72597,0.97485
50,Ds1,38.8909,35,1454.84,0.53928,1.00233,0.98846
50,Ds1,38.8909,36,1499.25,0.541745,1.47205,0.992849
50,Ds1,38.8909,37,1545.01,0.597603,1.13935,0.987023
50,Ds1,38.8909,38,1588.07,0.578759,1.25989,0.991353
50,Ds1,38.8909,39,1633.83,0.723142,0.11913,0.999568
50,Ds1,38.8909,40,1678.24,0.644219,-0.160291,0.985423
50,Ds1,38.8909,41,1724,0.711248,-0.100949,0.979431
50,Ds1,38.8909,42,1769.76,0.643255,-1.4535,0.93671
50,Ds1,38.8909,43,1816.86,0.811956,-0.289334,0.972848
50,Ds1,38.8909,44,1862.62,0.828086,0.49549,0.983638
50,Ds1,38.8909,45,1909.73,0.77206,-0.199249,0.983706
50,Ds1,38.8909,53,2345.77,1.24165,-0.795529,0.998718
50,Ds1,38.8909,65,2754.9,1.23348,-1.61721,0.993485
50,Ds1,38.8909,69,3302.66,0.394339,-6.28882,0.761144
50,B2,123.471,1,123.816,0.231992,4.17643,0.976665
50,B2,123.471,2,246.286,0.170369,4.15969,0.909916
50,B2,123.471,3,370.102,0.205455,3.56523,0.948214
50,B2,123.471,4,493.918,0.230405,3.24339,0.93502
50,B2,123.471,5,617.734,0.172715,2.44633,0.823197
50,B2,123.471,6,741.55,0.202439,3.32807,0.885061
50,B2,123.471,7,865.366,0.146449,2.41418,0.606749
50,B2,123.471,8,990.527,0.148202,0.424613,0.854072
50,B2,123.471,11,1366.01,0.119788,0.20218,0.71688
50,B2,123.471,23,2781.82,0.359837,-1.73522,0.914855
50,B2,123.471,25,2915.06,0.339566,-1.426,0.951145
50,B2,123.471,26,3184.22,0.407915,-1.84661,0.883753
50,B2,123.471,28,3320.15,0.381979,-2.55871,0.817936
50,B2,123.471,29,4013.25,0.600783,-2.92524,0.783853
50,B2,123.471,34,5033.39,2.06835,-1.95808,0.829018
50,B2,123.471,41,5336.2,1.1878,-5.12696,0.771832
50,B2,123.471,43,5957.97,1.76942,-4.84775,0.835036
50,C7,2093,1,2106.22,1.6689,2.58013,0.916764
50,C7,2093,2,4271.65,3.78891,-1.06672,0.950555
50,C7,2093,3,6560.9,15.0102,-2.56306,0.955349
50,As3,233.082,1,232.828,0.245609,2.59323,0.96459
50,As3,233.082,2,465.656,0.304745,3.35015,0.829105
50,As3,233.082,5,1168.18,0.253706,2.87271,0.885199
50,As3,233.082,6,1405.04,0.290462,1.59471,0.797161
50,As3,233.082,7,1641.91,0.274689,1.87668,0.847881
50,As3,233.082,13,3102.13,0.478727,-1.34705,0.882765
50,As3,233.082,15,3352.45,0.582684,-2.08193,0.857493
50,As3,233.082,16,3606.81,0.685843,-2.36563,0.834832
50,As3,233.082,17,3863.86,0.890066,-3.20081,0.730244
50,As3,233.082,18,4387.39,1.58568,-2.98512,0.679727
50,As3,233.082,21,4923.03,1.16931,-5.20276,0.817227
50,As3,233.082,23,5197.58,1.80404,-4.97078,0.82278
50,As3,233.082,24,5474.82,3.03827,-4.43733,0.86875
50,As3,233.082,25,6042.75,2.30414,-5.32534,0.829851
50,E2,82.4069,1,82.0953,0.184216,3.86032,0.934762
50,E2,82.4069,2,164.191,0.262008,3.66058,0.981616
50,E2,82.4069,3,246.286,0.387946,4.69062,0.988338
50,E2,82.4069,4,329.727,0.184001,3.31971,0.792103
50,E2,82.4069,5,411.823,0.13386,2.96855,0.769382
50,E2,82.4069,6,493.918,0.221854,2.35373,0.887872
50,E2,82.4069,7,577.359,0.201493,2.06785,0.744171
50,E2,82.4069,8,659.454,0.180998,0.88307,0.837774
50,E2,82.4069,11,908.432,0.213044,2.83214,0.895697
50,E2,82.4069,12,991.873,0.132445,0.353419,0.679219
50,E2,82.4069,14,1158.76,0.222882,1.48298,0.902947
50,E2,82.4069,15,1243.54,0.191142,0.312933,0.752229
50,E2,82.4069,16,1326.98,0.670952,-0.978211,0.854818
50,E2,82.4069,17,1411.77,0.205403,-0.292819,0.891985
50,E2,82.4069,18,1496.56,0.182129,0.0286842,0.768103
50,E2,82.4069,19,1581.34,0.217518,-0.00997529,0.701117
50,E2,82.4069,35,2627.05,0.463342,-1.80701,0.923137
50,E2,82.4069,36,2717.22,0.502311,-2.76973,0.826838
50,E2,82.4069,37,3419.74,1.50849,-3.65969,0.878309
50,D7,2349.32,1,2365.96,2.11636,2.38598,0.974749
50,D7,2349.32,2,4805.94,5.90878,-1.75095,0.938569
50,D7,2349.32,3,7380.51,12.0323,-6.91584,0.756883
50,As2,116.541,1,117.087,0.210845,4.3415,0.969092
50,As2,116.541,2,232.828,0.221625,1.94443,0.923578
50,As2,116.541,3,349.915,0.15972,3.2666,0.809312
50,As2,116.541,4,465.656,0.172888,3.14385,0.932341
50,As2,116.541,5,582.742,0.151504,3.0947,0.897864
50,As2,116.541,6,699.829,0.113522,1.58305,0.808298
50,As2,116.541,8,934.003,0.148362,1.46666,0.885869
50,As2,116.541,9,1051.09,0.143722,1.18444,0.726309
50,As2,116.541,11,1289.3,0.187824,1.65065,0.871498
50,As2,116.541,24,2995.81,0.298804,-2.88755,0.744042
50,As2,116.541,25,2744.14,0.374537,-0.480428,0.992019
50,As2,116.541,26,3123.66,0.396414,-1.60145,0.888664
50,As2,116.541,29,3250.17,0.391941,-2.12366,0.81077
50,As2,116.541,30,3508.57,0.907963,-1.43636,0.787956
50,As2,116.541,32,3639.11,0.773478,-2.27779,0.748355
50,As2,116.541,33,4306.64,1.03841,-3.93604,0.847982
50,As2,116.541,38,4581.19,1.88794,-2.17939,0.879212
50,As2,116.541,40,4719.81,1.61137,-2.8554,0.749028
50,As2,116.541,41,5001.09,1.16982,-5.02585,0.805725
50,As2,116.541,43,5577.1,1.87981,-4.62371,0.848056
50,C6,1046.5,1,1048.4,1.22819,3.67438,0.888436
50,C6,1046.5,2,2106.22,1.59385,2.10448,0.941675
50,C6,1046.5,3,3185.57,1.70463,0.246426,0.896829
50,C6,1046.5,4,4291.84,3.49264,-1.43729,0.898811
50,C6,1046.5,5,5435.79,7.01245,-1.6617,0.891889
50,C6,1046.5,6,6628.19,9.73962,-4.32722,0.880632
50,B3,246.942,1,246.286,0.195326,4.45952,0.864557
50,B3,246.942,2,493.918,0.225646,3.67365,0.913963
50,B3,246.942,4,989.182,0.233422,2.49202,0.808461
50,B3,246.942,5,1238.16,0.277239,3.41112,0.903976
50,B3,246.942,6,1488.48,0.287614,2.17412,0.938068
50,B3,246.942,7,1740.15,0.327997,1.23124,0.878659
50,B3,246.942,12,2767.02,0.544932,-1.07932,0.960179
50,B3,246.942,13,3028.11,0.577978,-0.400933,0.951936
50,B3,246.942,14,3294.58,0.591398,-1.30574,0.902836
50,B3,246.942,15,3562.4,0.722528,-1.35395,0.902909
50,B3,246.942,16,3832.91,1.00743,-2.82329,0.826979
50,B3,246.942,17,4107.46,1.07951,-3.54306,0.682809
50,B3,246.942,18,5243.33,2.49449,-2.82298,0.877681
50,E5,659.255,2,1321.6,0.54926,2.41437,0.741068
50,E5,659.255,3,1990.48,0.598728,1.259,0.663246
50,E5,659.255,4,2668.77,0.740951,0.369033,0.815595
50,E5,659.255,5,3359.18,1.49522,-0.547813,0.917686
50,E5,659.255,6,4063.05,2.0681,-1.20266,0.890289
50,E5,659.255,8,4784.41,4.30108,-2.08801,0.847335
50,E5,659.255,9,5530,7.86861,-1.83839,0.933947
50,Ds7,2489.02,1,2504.58,2.72638,0.415356,0.901853
50,Ds7,2489.02,2,5091.26,10.894,-1.72091,0.950766
50,B4,493.883,1,493.918,0.360073,4.11372,0.78958
50,B4,493.883,2,989.182,0.334273,2.54804,0.718087
50,B4,493.883,3,1487.14,0.296404,1.17789,0.51731
50,B4,493.883,4,1990.48,0.459792,2.38302,0.895365
50,B4,493.883,5,2499.2,0.565321,1.03204,0.881112
50,B4,493.883,6,3014.65,0.814946,0.19277,0.918142
50,B4,493.883,8,3538.17,1.15535,0.0984745,0.942717
50,B4,493.883,9,4073.81,1.72229,-1.05605,0.918726
50,B4,493.883,10,4617.53,4.05475,-3.15516,0.733831
50,B4,493.883,11,5176.04,7.47054,-1.50533,0.894476
50,C1,32.7032,1,32.2998,0.205204,1.78937,0.97
50,C1,32.7032,2,64.5996,0.176227,4.33363,0.955194
50,C1,32.7032,3,96.8994,0.130405,4.31679,0.831644
50,C1,32.7032,4,130.545,0.143614,4.87972,0.905516
50,C1,32.7032,5,162.845,0.144545,3.38554,0.921022
50,C1,32.7032,6,195.145,0.112452,4.43005,0.737833
50,C1,32.7032,7,227.444,0.105897,2.45271,0.771107
50,C1,32.7032,9,293.39,0.130408,3.95245,0.860198
50,C1,32.7032,10,327.036,0.140581,4.65419,0.917001
50,C1,32.7032,11,359.335,0.0968047,2.65629,0.658086
50,C1,32.7032,12,392.981,0.100481,3.59544,0.689683
50,C1,32.7032,13,425.281,0.123714,3.2346,0.796813
50,C1,32.7032,14,458.926,0.146319,2.84626,0.836249
50,C1,32.7032,15,492.572,0.162976,1.57535,0.907298
50,C1,32.7032,16,526.218,0.151097,1.05497,0.86613
50,C1,32.7032,17,559.863,0.156463,1.50087,0.894145
50,C1,32.7032,18,593.509,0.182031,2.1504,0.9456
50,C1,32.7032,19,627.155,0.172818,2.10705,0.882002
50,C1,32.7032,20,660.8,0.184711,1.91926,0.906652
50,C1,32.7032,21,695.792,0.197298,1.69086,0.943551
50,C1,32.7032,22,729.437,0.191384,3.34286,0.948162
50,C1,32.7032,23,764.429,0.205221,2.7362,0.954538
50,C1,32.7032,24,799.42,0.202133,-0.127139,0.962558
50,C1,32.7032,25,834.412,0.210315,-0.390371,0.962443
50,C1,32.7032,26,869.403,0.228692,1.55978,0.96185
50,C1,32.7032,27,905.74,0.251379,2.50777,0.980384
50,C1,32.7032,28,940.732,0.278257,2.88723,0.987818
50,C1,32.7032,29,977.069,0.287326,2.59314,0.987412
50,C1,32.7032,30,1013.41,0.300221,1.8659,0.984249
50,C1,32.7032,31,1049.74,0.332418,1.54021,0.989647
50,C1,32.7032,32,1086.08,0.359114,0.853876,0.996584
50,C1,32.7032,33,1123.76,0.429237,-1.53922,0.97264
50,C1,32.7032,35,1200.48,0.416707,1.57011,0.973617
50,C1,32.7032,46,1667.48,0.665473,-0.503603,0.99027
50,C1,32.7032,47,1710.54,0.723432,-0.399183,0.981745
50,C1,32.7032,48,1753.61,0.790468,-1.9161,0.942054
50,C1,32.7032,49,1795.33,0.929921,-0.879573,0.99563
50,C1,32.7032,50,1838.4,0.960109,-1.16438,0.993677
50,C1,32.7032,51,1880.12,0.889992,-0.761759,0.983436
50,C1,32.7032,53,1967.6,0.929775,-1.02466,0.983491
50,C1,32.7032,54,2010.66,1.00247,-1.1287,0.989965
50,C1,32.7032,55,2056.42,0.974361,-0.997951,0.979899
50,C1,32.7032,57,2147.94,1.04407,-1.66982,0.970365
50,C1,32.7032,58,2192.35,1.15869,-0.547512,0.997859
50,C1,32.7032,59,2239.45,1.04026,-1.73122,0.951063
50,C1,32.7032,62,2378.07,1.32508,-1.61938,0.982071
50,C1,32.7032,71,2855.84,1.79545,-1.41152,0.996048
50,C1,32.7032,81,2931.21,0.648461,-5.49083,0.756245
50,As5,932.328,1,934.003,0.703423,4.13077,0.821412
50,As5,932.328,2,1874.73,1.05853,1.27496,0.954665
50,As5,932.328,3,2830.27,1.38287,-0.853887,0.949981
50,As5,932.328,4,3807.34,2.52306,-1.91661,0.913323
50,As5,932.328,5,4814.02,5.1937,-1.56177,0.905701
50,As5,932.328,6,5855.69,8.89921,-2.46341,0.93169
50,As7,3729.31,2,7706.2,3.32041,-9.64193,0.727949
50,B6,1975.53,1,1985.09,1.41852,2.36094,0.916096
50,B6,1975.53,2,4025.36,3.91806,-1.19019,0.9434
50,B6,1975.53,3,6166.57,13.4686,-2.52583,0.925152
50,C3,130.813,1,130.545,0.188771,4.35397,0.877755
50,C3,130.813,2,261.09,0.228897,4.32973,0.920805
50,C3,130.813,3,391.635,0.308474,4.33525,0.98295
50,C3,130.813,4,523.526,0.210526,3.06834,0.890984
50,C3,130.813,5,654.071,0.197856,3.5762,0.908068
50,C3,130.813,6,785.962,0.174428,3.19374,0.865094
50,C3,130.813,7,917.853,0.24738,3.43967,0.736727
50,C3,130.813,8,1049.74,0.240096,0.554468,0.951256
50,C3,130.813,9,1181.63,0.226765,2.22015,0.740662
50,C3,130.813,10,1314.87,0.16692,2.11014,0.668791
50,C3,130.813,11,1448.11,0.640866,2.13786,0.972314
50,C3,130.813,12,1585.38,0.210751,1.60674,0.828904
50,C3,130.813,22,3096.74,0.392482,-0.84328,0.910038
50,C3,130.813,26,3530.1,0.8383,-2.28902,0.874849
50,C3,130.813,29,3971.53,0.620343,-2.6174,0.793902
50,C3,130.813,32,4273,0.755823,-2.94151,0.660136
50,C3,130.813,34,5369.84,1.71178,-2.36885,0.89348
50,C3,130.813,41,5532.69,1.45652,-4.35111,0.835095
50,Ds5,622.254,1,621.771,0.480858,3.88642,0.520403
50,Ds5,622.254,2,1247.58,0.475681,2.99767,0.646919
50,Ds5,622.254,3,1878.77,0.516596,2.90882,0.66653
50,Ds5,622.254,4,2516.69,0.572161,-1.15974,0.759975
50,Ds5,622.254,5,3165.38,1.13733,0.576998,0.952183
50,Ds5,622.254,6,3826.18,1.76949,-1.06346,0.917342
50,Ds5,622.254,8,4501.79,2.71395,-1.31506,0.850706
50,Ds5,622.254,9,5200.27,5.07456,-1.41641,0.860904
50,Ds5,622.254,10,5914.9,4.00275,-6.52684,0.69866
50,D2,73.4162,1,72.6746,0.144586,3.30336,0.906139
50,D2,73.4162,2,146.695,0.199388,4.37294,0.940879
50,D2,73.4162,3,219.37,0.231068,3.30432,0.819839
50,D2,73.4162,4,293.39,0.199234,3.92878,0.968611
50,D2,73.4162,5,366.064,0.153592,2.57753,0.813096
50,D2,73.4162,6,440.085,0.135034,2.95153,0.757679
50,D2,73.4162,7,514.105,0.193938,1.56045,0.62219
50,D2,73.4162,8,586.78,0.140065,0.857023,0.805996
50,D2,73.4162,9,660.8,0.146187,2.069,0.634661
50,D2,73.4162,10,734.821,0.162661,2.84531,0.770197
50,D2,73.4162,11,808.841,0.144672,2.4147,0.751794
50,D2,73.4162,12,882.861,0.1414,0.663006,0.65989
50,D2,73.4162,13,956.882,0.145081,1.94743,0.722367
50,D2,73.4162,14,1032.25,0.164451,1.06157,0.668812
50,D2,73.4162,16,1181.63,0.252948,0.577065,0.880278
50,D2,73.4162,17,1255.65,0.27087,0.501987,0.934035
50,D2,73.4162,18,1331.02,0.26749,-0.38518,0.756734
50,D2,73.4162,19,1407.73,0.183621,-0.0786857,0.806182
50,D2,73.4162,39,2896.22,0.626125,-2.49454,0.89026
50,D2,73.4162,43,2979.66,0.66268,-2.45046,0.898282
50,D2,73.4162,44,3060.41,0.974217,-1.28116,0.939899
50,E7,2637.02,1,2652.62,3.45718,1.80202,0.865461
50,E7,2637.02,2,5398.1,12.8096,-2.01965,0.966356
50,E7,2637.02,3,8305.09,19.2299,-5.99654,0.898284
50,Ds2,77.7817,1,78.0579,0.179431,3.04735,0.892475
50,Ds2,77.7817,2,154.77,0.228391,3.80923,0.956256
50,Ds2,77.7817,3,232.828,0.187541,2.10064,0.96898
50,Ds2,77.7817,4,310.886,0.246334,3.40818,0.806953
50,Ds2,77.7817,5,388.943,0.135027,3.20988,0.630798
50,Ds2,77.7817,6,467.001,0.239458,2.97147,0.903558
50,Ds2,77.7817,7,545.059,0.204746,2.03708,0.682863
50,Ds2,77.7817,8,621.771,0.176359,0.864852,0.801071
50,Ds2,77.7817,9,701.175,0.148678,1.25158,0.68842
50,Ds2,77.7817,11,857.291,0.162061,2.38925,0.849053
50,Ds2,77.7817,12,935.349,0.233997,2.10736,0.877397
50,Ds2,77.7817,13,1014.75,0.191037,1.82082,0.63144
50,Ds2,77.7817,14,1094.16,0.140674,1.28085,0.681383
50,Ds2,77.7817,15,1172.21,0.185965,1.39605,0.668236
50,Ds2,77.7817,16,1251.62,0.204039,-0.133829,0.884447
50,Ds2,77.7817,17,1331.02,0.309096,-0.710949,0.938787
50,Ds2,77.7817,18,1411.77,0.221689,1.04545,0.905605
50,Ds2,77.7817,19,1492.52,0.164604,-0.162952,0.6638
50,Ds2,77.7817,37,3239.4,1.23991,-1.92166,0.846466
50,Ds2,77.7817,45,3609.5,0.576262,-6.48667,0.759861
50,Ds2,77.7817,54,5400.8,0.97531,-6.89932,0.641291
50,C4,261.626,1,261.09,0.401842,4.69482,0.935052
50,C4,261.626,2,523.526,0.337243,3.75109,0.84759
50,C4,261.626,3,785.962,0.292145,2.7184,0.786669
50,C4,261.626,4,1048.4,0.392542,3.04446,0.92259
50,C4,261.626,5,1312.18,0.317909,2.42154,0.740207
50,C4,261.626,6,1578.65,0.547611,3.25582,0.98653
50,C4,261.626,7,1845.13,0.416635,1.00064,0.857528
50,C4,261.626,8,2116.98,0.487866,-0.483822,0.892225
50,C4,261.626,12,3215.18,0.778123,-0.558973,0.964212
50,C4,261.626,14,3499.15,0.702609,-1.5643,0.876378
50,C4,261.626,15,4075.16,1.03841,-3.85232,0.663011
50,C4,261.626,16,4967.44,1.9524,-3.36567,0.919653
50,C4,261.626,17,5275.63,2.12194,-3.50742,0.902316
50,B1,61.7354,1,61.908,0.235662,2.86598,0.895598
50,B1,61.7354,2,123.816,0.166943,3.83074,0.933519
50,B1,61.7354,3,184.378,0.18306,3.57859,0.866934
50,B1,61.7354,4,246.286,0.230151,4.08577,0.893176
50,B1,61.7354,5,308.194,0.141239,2.68785,0.645007
50,B1,61.7354,6,370.102,0.197807,3.21964,0.826553
50,B1,61.7354,7,432.01,0.16294,2.42631,0.65966
50,B1,61.7354,8,493.918,0.165972,0.886862,0.867022
50,B1,61.7354,10,617.734,0.156933,1.66274,0.729792
50,B1,61.7354,11,679.642,0.173683,2.58606,0.683538
50,B1,61.7354,12,742.896,0.181443,2.04449,0.841304
50,B1,61.7354,13,804.803,0.170934,2.12927,0.642616
50,B1,61.7354,14,866.711,0.149577,2.00609,0.628271
50,B1,61.7354,15,929.965,0.130982,1.44825,0.698167
50,B1,61.7354,16,993.219,0.214802,0.114517,0.820523
50,B1,61.7354,17,1056.47,0.200752,0.653294,0.766223
50,B1,61.7354,18,1118.38,0.151249,1.15057,0.630145
50,B1,61.7354,19,1182.98,0.176447,0.731187,0.678517
50,B1,61.7354,20,1247.58,0.18735,0.616866,0.792896
50,B1,61.7354,21,1312.18,0.237266,1.19828,0.749031
50,B1,61.7354,34,2228.69,0.386694,-1.03753,0.931631
50,B1,61.7354,35,2297.32,0.473256,-1.31618,0.912384
50,B1,61.7354,36,2364.61,0.508879,-1.1601,0.915362
50,B1,61.7354,37,2433.25,0.466729,-1.57978,0.931795
50,B1,61.7354,45,2854.5,0.688487,-2.28477,0.936886
50,B1,61.7354,49,2924.48,0.748405,-2.65068,0.895334
50,B1,61.7354,50,3069.83,0.731304,-3.95966,0.816929
50,B1,61.7354,52,3511.26,0.637765,-5.91268,0.723025
50,B1,61.7354,58,4227.24,1.19538,-4.92298,0.773588
50,B1,61.7354,67,5071.07,0.588941,-8.81764,0.559127
50,As0,29.1352,1,28.2623,0.208324,1.26625,0.973905
50,As0,29.1352,2,57.8705,0.213617,3.70032,0.974515
50,As0,29.1352,3,86.1328,0.173629,4.68612,0.952876
50,As0,29.1352,4,115.741,0.150604,4.77752,0.930894
50,As0,29.1352,5,145.349,0.158698,4.15856,0.93747
50,As0,29.1352,6,173.611,0.117624,4.00657,0.762784
50,As0,29.1352,7,203.22,0.0976188,5.11938,0.644708
50,As0,29.1352,8,232.828,0.102937,0.107425,0.855643
50,As0,29.1352,9,261.09,0.104237,3.23275,0.695406
50,As0,29.1352,10,290.698,0.151578,3.60482,0.925217
50,As0,29.1352,11,320.306,0.106733,4.08296,0.67958
50,As0,29.1352,12,349.915,0.126294,4.0178,0.817368
50,As0,29.1352,13,380.869,0.161986,4.04954,0.940678
50,As0,29.1352,14,410.477,0.125197,3.19335,0.778535
50,As0,29.1352,15,440.085,0.172565,3.11079,0.937541
50,As0,29.1352,16,465.656,0.163591,-1.50435,0.92958
50,As0,29.1352,17,501.993,0.159187,1.54594,0.91001
50,As0,29.1352,18,532.947,0.201075,2.61958,0.969735
50,As0,29.1352,19,563.901,0.176189,2.2607,0.928984
50,As0,29.1352,20,594.855,0.215896,2.74299,0.977721
50,As0,29.1352,21,625.809,0.193016,2.30549,0.87485
50,As0,29.1352,22,658.109,0.225971,3.41993,0.970263
50,As0,29.1352,23,690.408,0.217019,1.6122,0.959337
50,As0,29.1352,24,721.362,0.223175,0.451085,0.971387
50,As0,29.1352,25,753.662,0.238844,0.817632,0.979154
50,As0,29.1352,26,787.308,0.25647,2.55169,0.988163
50,As0,29.1352,27,820.953,0.275659,2.27296,0.9909
50,As0,29.1352,28,854.599,0.28736,2.90824,0.985459
50,As0,29.1352,29,886.899,0.331706,2.78858,0.993204
50,As0,29.1352,30,921.89,0.322604,3.26804,0.99357
50,As0,29.1352,31,956.882,0.341204,1.88472,0.997945
50,As0,29.1352,32,990.527,0.40172,0.568958,0.991263
50,As0,29.1352,38,1172.21,0.532354,2.16913,0.985953
50,As0,29.1352,39,1207.21,0.551558,1.11768,0.9857
50,As0,29.1352,40,1244.89,0.608444,0.963129,0.986257
50,As0,29.1352,41,1282.57,0.646953,0.0654667,0.98786
50,As0,29.1352,42,1320.25,0.721975,-0.434499,0.972542
50,As0,29.1352,43,1359.28,0.962326,0.855002,0.945354
50,As0,29.1352,44,1398.31,0.816965,1.16923,0.954272
50,As0,29.1352,45,1437.34,0.836941,1.13712,0.990054
50,As0,29.1352,46,1477.72,0.894055,0.503218,0.999499
50,As0,29.1352,47,1518.09,0.917476,0.803693,0.98374
50,As0,29.1352,48,1559.81,0.924458,0.71928,0.979223
50,As0,29.1352,49,1600.19,1.09022,0.461637,0.9873
50,As0,29.1352,55,1816.86,1.35053,-0.0667624,0.977771
50,As0,29.1352,56,1858.58,1.34337,0.366386,0.986313
50,As0,29.1352,57,1904.34,1.49588,0.435751,0.974713
50,As0,29.1352,58,1950.1,1.47431,-0.743626,0.982708
50,As0,29.1352,62,2135.82,1.9091,-0.814543,0.980694
50,As0,29.1352,81,2588.02,1.49983,-2.96002,0.853971
50,As0,29.1352,82,2793.93,0.49331,-5.97691,0.615259
50,As0,29.1352,86,3030.8,0.237759,-7.43014,0.589751
50,D5,587.33,1,586.78,0.59877,4.28702,0.847785
50,D5,587.33,2,1177.6,0.456934,3.29244,0.692882
50,D5,587.33,3,1771.11,0.566405,1.77786,0.757593
50,D5,587.33,4,2372.69,0.728936,1.71212,0.853087
50,D5,587.33,5,2982.35,0.917812,0.199944,0.908019
50,D5,587.33,6,3605.47,1.32732,-0.744079,0.92969
50,D5,587.33,8,4238,2.40488,-0.928391,0.932418
50,D5,587.33,9,4890.73,3.4954,-2.33438,0.834682
50,D5,587.33,10,5558.26,5.08089,-4.63894,0.822941
50,As1,58.2705,1,57.8705,0.243132,2.48747,0.930017
50,As1,58.2705,2,115.741,0.181186,3.52896,0.894959
50,As1,58.2705,3,174.957,0.174802,3.57802,0.916856
50,As1,58.2705,4,232.828,0.1508,1.01447,0.804452
50,As1,58.2705,5,290.698,0.213009,3.67363,0.894117
50,As1,58.2705,6,348.569,0.132764,2.95536,0.68108
50,As1,58.2705,9,523.526,0.141381,2.67309,0.793242
50,As1,58.2705,11,640.613,0.206076,2.83148,0.810395
50,As1,58.2705,12,699.829,0.143412,1.19716,0.820496
50,As1,58.2705,13,757.7,0.178063,2.95448,0.886551
50,As1,58.2705,14,816.916,0.12385,1.76055,0.649857
50,As1,58.2705,16,935.349,0.169703,0.819679,0.735697
50,As1,58.2705,17,994.565,0.179378,0.517626,0.766872
50,As1,58.2705,18,1053.78,0.179624,0.455785,0.700077
50,As1,58.2705,19,1114.34,0.169102,0.930094,0.726668
50,As1,58.2705,20,1176.25,0.266182,1.17089,0.773552
50,As1,58.2705,30,1837.05,0.344987,0.135433,0.832517
50,As1,58.2705,31,1898.96,0.342943,-1.26839,0.873036
50,As1,58.2705,32,1960.87,0.333031,-2.07928,0.950513
50,As1,58.2705,33,2022.78,0.349068,-1.74794,0.896035
50,As1,58.2705,34,2084.68,0.393319,-2.22364,0.904264
50,As1,58.2705,35,2149.28,0.421024,-0.733379,0.902804
50,As1,58.2705,42,2656.66,0.513623,-2.28002,0.910201
50,As1,58.2705,43,2722.6,0.584021,-1.65202,0.955178
50,As1,58.2705,50,2787.2,0.632547,-1.60943,0.95735
50,As1,58.2705,51,3068.48,0.634676,-4.279,0.826196
50,As1,58.2705,55,3115.59,0.645842,-4.1332,0.838782
50,As1,58.2705,56,3184.22,0.568555,-5.16241,0.793732
50,As1,58.2705,57,3250.17,0.435729,-6.33477,0.645246
50,As1,58.2705,58,3832.91,0.47372,-7.36071,0.708574
50,As1,58.2705,65,3875.98,0.399173,-8.36275,0.705573
50,B0,30.8677,1,30.954,0.218639,2.01731,0.986686
50,B0,30.8677,2,61.908,0.201306,3.91134,0.977374
50,B0,30.8677,3,91.5161,0.146602,4.54695,0.910857
50,B0,30.8677,4,122.47,0.109827,4.24337,0.757645
50,B0,30.8677,5,153.424,0.143607,4.18011,0.904162
50,B0,30.8677,6,184.378,0.106258,3.9418,0.700148
50,B0,30.8677,8,246.286,0.106698,1.44925,0.677142
50,B0,30.8677,9,277.24,0.116575,3.88947,0.789313
50,B0,30.8677,10,308.194,0.10598,3.27363,0.696966
50,B0,30.8677,11,339.148,0.102939,3.74253,0.69225
50,B0,30.8677,12,371.448,0.10493,3.72011,0.687168
50,B0,30.8677,13,402.402,0.133072,3.63962,0.806055
50,B0,30.8677,14,433.356,0.134091,2.1642,0.821591
50,B0,30.8677,15,465.656,0.154977,1.86831,0.830525
50,B0,30.8677,16,497.955,0.162691,0.823028,0.935053
50,B0,30.8677,17,528.909,0.182421,1.72695,0.932919
50,B0,30.8677,18,562.555,0.169483,1.83628,0.928194
50,B0,30.8677,19,593.509,0.194345,2.59097,0.962286
50,B0,30.8677,20,625.809,0.19241,1.69403,0.93741
50,B0,30.8677,21,659.454,0.195063,2.93656,0.934973
50,B0,30.8677,22,693.1,0.204447,2.21151,0.940436
50,B0,30.8677,23,725.4,0.19624,2.56328,0.948591
50,B0,30.8677,24,759.045,0.209581,0.369255,0.966145
50,B0,30.8677,25,792.691,0.230633,0.26287,0.979542
50,B0,30.8677,26,826.337,0.256489,0.975311,0.987486
50,B0,30.8677,27,861.328,0.259238,2.3507,0.980429
50,B0,30.8677,28,894.974,0.266106,3.02222,0.986798
50,B0,30.8677,29,929.965,0.314214,2.79646,0.992891
50,B0,30.8677,30,964.957,0.328777,2.49725,0.997827
50,B0,30.8677,31,999.948,0.344527,1.30852,0.991122
50,B0,30.8677,32,1036.29,0.349395,0.204657,0.988825
50,B0,30.8677,33,1071.28,0.427091,-1.12818,0.992166
50,B0,30.8677,34,1107.61,0.433519,0.590775,0.995803
50,B0,30.8677,35,1143.95,0.491406,2.33944,0.995047
50,B0,30.8677,36,1180.29,0.457535,2.31847,0.9894
50,B0,30.8677,37,1217.97,0.50718,1.99045,0.990469
50,B0,30.8677,38,1255.65,0.569371,0.920331,0.989762
50,B0,30.8677,39,1293.34,0.619194,1.94302,0.999149
50,B0,30.8677,40,1331.02,0.609797,-1.18012,0.97123
50,B0,30.8677,41,1370.05,0.794017,0.016389,0.955423
50,B0,30.8677,42,1410.42,0.64485,0.421799,0.980302
50,B0,30.8677,43,1449.45,0.679443,0.99217,0.992997
50,B0,30.8677,44,1488.48,0.675657,0.138244,0.992745
50,B0,30.8677,45,1528.86,0.718841,0.408483,0.984907
50,B0,30.8677,46,1569.23,0.805753,0.458515,0.982807
50,B0,30.8677,47,1609.61,0.838808,0.34868,0.997353
50,B0,30.8677,48,1651.33,0.839672,0.0266977,0.981126
50,B0,30.8677,49,1693.05,0.892599,-1.66138,0.981412
50,B0,30.8677,50,1734.77,0.881836,-1.5809,0.927327
50,B0,30.8677,51,1777.84,1.06011,-0.964834,0.969906
50,B0,30.8677,52,1820.9,1.23036,-0.264565,0.99664
50,B0,30.8677,53,1863.97,1.08038,0.512175,0.981453
50,B0,30.8677,54,1907.03,1.20861,0.835232,0.990554
50,B0,30.8677,55,1950.1,1.30438,-0.482678,0.99189
50,B0,30.8677,64,2345.77,1.16324,-4.3267,0.684155
50,B0,30.8677,78,2726.64,1.79981,-2.09815,0.97881
50,B0,30.8677,81,2819.5,1.58276,-2.91365,0.942303
50,B0,30.8677,83,3289.2,0.373283,-7.19284,0.74606
50,C5,523.251,1,523.526,0.596184,4.61919,0.81574
50,C5,523.251,2,1048.4,0.46101,2.54363,0.607165
50,C5,523.251,3,1577.31,0.475591,2.72789,0.513588
50,C5,523.251,4,2110.25,0.580466,2.22964,0.796777
50,C5,523.251,5,2651.28,0.725601,0.584315,0.789676
50,C5,523.251,6,3199.03,0.937672,0.52726,0.840083
50,C5,523.251,8,4329.52,2.26732,-1.59572,0.873171
50,C5,523.251,10,4909.57,5.21896,-1.422,0.880332
50,Ds3,155.563,1,154.77,0.18638,4.52722,0.869005
50,Ds3,155.563,2,310.886,0.271727,4.52932,0.789295
50,Ds3,155.563,3,467.001,0.259126,3.77758,0.884026
50,Ds3,155.563,4,621.771,0.298641,2.67041,0.911098
50,Ds3,155.563,5,777.887,0.222365,3.13414,0.854864
50,Ds3,155.563,6,935.349,0.230083,1.87721,0.810412
50,Ds3,155.563,7,1091.46,0.238676,2.33687,0.811619
50,Ds3,155.563,8,1248.93,0.224171,0.698301,0.904459
50,Ds3,155.563,10,1565.19,0.194654,2.08975,0.637408
50,Ds3,155.563,11,1725.35,0.212664,0.469683,0.778196
50,Ds3,155.563,19,3028.11,0.290651,-1.64205,0.818733
50,Ds3,155.563,22,3196.33,0.320063,-1.81193,0.752084
50,Ds3,155.563,23,3365.91,0.518528,-2.26469,0.748639
50,Ds3,155.563,24,3535.48,0.729261,-1.85907,0.918994
50,Ds3,155.563,25,3707.75,0.586478,-2.67935,0.914375
50,Ds3,155.563,26,3881.36,0.794252,-2.50284,0.681338
50,Ds3,155.563,28,4955.33,1.02419,-2.52049,0.711284
50,Ds3,155.563,34,5139.71,1.79627,-2.44537,0.876737
50,Ds3,155.563,35,5326.78,1.38751,-3.97245,0.8163
50,D4,293.665,1,293.39,0.436736,4.23099,0.719626
50,D4,293.665,2,586.78,0.294646,3.09278,0.880109
50,D4,293.665,3,881.516,0.350712,2.68959,0.786604
50,D4,293.665,5,1475.02,0.553216,2.80181,0.881175
50,D4,293.665,6,1773.8,0.424851,1.93736,0.912984
50,D4,293.665,7,2075.26,0.389288,0.347142,0.835434
50,D4,293.665,8,2379.42,0.516281,0.361006,0.804109
50,D4,293.665,10,3310.73,0.774318,-1.54463,0.910265
50,D4,293.665,13,3627,0.753095,-2.64898,0.770216
50,D4,293.665,14,3950,1.16469,-2.11273,0.849708
50,D4,293.665,15,4277.03,1.30043,-2.75863,0.775016
50,E1,41.2034,1,40.3748,0.169078,2.78777,0.953025
50,E1,41.2034,2,82.0953,0.141857,5.60544,0.909543
50,E1,41.2034,3,122.47,0.116801,4.8471,0.79958
50,E1,41.2034,4,164.191,0.125464,3.56813,0.863211
50,E1,41.2034,5,205.911,0.0996194,4.94977,0.683826
50,E1,41.2034,6,246.286,0.0954643,4.21832,0.642005
50,E1,41.2034,8,328.381,0.0953994,1.95599,0.687942
50,E1,41.2034,9,370.102,0.148008,3.71552,0.916923
50,E1,41.2034,10,411.823,0.130354,3.53159,0.822019
50,E1,41.2034,11,453.543,0.151971,3.59698,0.883432
50,E1,41.2034,12,495.264,0.155734,2.41668,0.903469
50,E1,41.2034,13,536.984,0.178246,2.44781,0.931761
50,E1,41.2034,14,578.705,0.180217,2.42804,0.948732
50,E1,41.2034,15,620.425,0.179919,1.54411,0.902617
50,E1,41.2034,16,662.146,0.170685,1.07206,0.846263
50,E1,41.2034,17,705.212,0.214383,0.556796,0.968269
50,E1,41.2034,18,746.933,0.185207,2.54716,0.931916
50,E1,41.2034,19,789.999,0.227028,1.85292,0.97686
50,E1,41.2034,20,831.72,0.25622,0.80124,0.994611
50,E1,41.2034,21,874.786,0.260275,2.0342,0.9796
50,E1,41.2034,22,917.853,0.294279,3.00604,0.993728
50,E1,41.2034,23,960.919,0.296198,2.39253,0.993446
50,E1,41.2034,24,1005.33,0.312667,0.179058,0.972842
50,E1,41.2034,25,1049.74,0.335756,1.03357,0.984141
50,E1,41.2034,26,1094.16,0.351059,0.373787,0.993461
50,E1,41.2034,27,1154.72,1.7357,4.30636,0.988363
50,E1,41.2034,28,1196.44,0.47145,-3.13817,0.842574
50,E1,41.2034,37,1637.87,0.634811,1.15945,0.986543
50,E1,41.2034,38,1687.66,0.61842,-0.111751,0.983901
50,E1,41.2034,39,1733.42,0.707666,-1.39449,0.94354
50,E1,41.2034,40,1783.22,0.794287,-1.03533,0.940117
50,E1,41.2034,41,1831.67,0.727147,0.0389328,0.978483
50,E1,41.2034,42,1880.12,0.797441,-0.132297,0.994234
50,E1,41.2034,43,1928.57,0.790425,0.470474,0.985328
50,E1,41.2034,44,1978.36,0.86757,-0.108332,0.990783
50,E1,41.2034,45,2028.16,0.852412,-0.993586,0.967472
50,E1,41.2034,50,2310.78,2.69898,0.461961,0.988792
50,E1,41.2034,62,2888.14,1.86863,-2.10673,0.941458
50,E1,41.2034,69,2937.94,1.47035,-3.19439,0.968644
50,Ds4,311.127,1,310.886,0.321302,4.75158,0.863239
50,Ds4,311.127,2,621.771,0.270406,2.55147,0.625253
50,Ds4,311.127,4,1247.58,0.355365,2.69741,0.944202
50,Ds4,311.127,5,1563.85,0.461759,2.79552,0.684592
50,Ds4,311.127,6,1881.46,0.56191,2.72288,0.837975
50,Ds4,311.127,7,2200.42,0.446313,1.14866,0.853334
50,Ds4,311.127,8,2524.77,0.57683,-2.0174,0.804147
50,Ds4,311.127,9,2850.46,0.429311,-2.10877,0.754115
50,Ds4,311.127,11,3181.53,0.77996,-1.6787,0.910895
50,Ds4,311.127,12,3515.3,0.937684,-2.30054,0.756502
50,Ds4,311.127,13,3854.44,1.14477,-2.62672,0.781811
50,Ds4,311.127,14,4197.63,1.37215,-2.98225,0.785705
50,C2,65.4064,1,65.9454,0.214452,2.72424,0.93378
50,C2,65.4064,2,130.545,0.184733,4.54863,0.960964
50,C2,65.4064,3,196.49,0.168664,3.36781,0.660691
50,C2,65.4064,4,261.09,0.273568,4.10173,0.858159
50,C2,65.4064,5,327.036,0.219679,4.10163,0.958071
50,C2,65.4064,6,391.635,0.228297,3.65057,0.901527
50,C2,65.4064,8,523.526,0.201525,0.952252,0.963903
50,C2,65.4064,9,588.126,0.148853,2.21217,0.872601
50,C2,65.4064,10,654.071,0.131982,2.04211,0.61021
50,C2,65.4064,11,720.016,0.184589,2.82209,0.818303
50,C2,65.4064,13,851.907,0.199533,1.36585,0.718686
50,C2,65.4064,16,1051.09,0.162084,-0.51644,0.758444
50,C2,65.4064,17,1118.38,0.132282,0.925925,0.716465
50,C2,65.4064,18,1184.33,0.141005,0.744944,0.708958
50,C2,65.4064,19,1252.96,0.275499,1.23969,0.701472
50,C2,65.4064,33,2283.87,0.327787,-2.43232,0.840551
50,C2,65.4064,34,2355.19,0.388849,-2.3489,0.856717
50,C2,65.4064,35,2426.52,0.399566,-1.49287,0.909974
50,C2,65.4064,36,2497.85,0.429701,-1.67965,0.934629
50,C2,65.4064,37,2570.53,0.446864,-1.61879,0.869348
50,C2,65.4064,43,2643.2,0.427277,-1.74857,0.891457
50,C2,65.4064,44,3010.61,0.625963,-1.89534,0.894149
50,C2,65.4064,49,3161.34,0.793029,-3.6094,0.86548
50,C2,65.4064,51,3236.71,0.698709,-4.89068,0.825299
50,C2,65.4064,52,3543.56,0.563159,-6.58199,0.74362
50,C2,65.4064,56,3620.27,0.548657,-6.71057,0.758272
50,C2,65.4064,57,4390.08,1.03658,-5.72191,0.806426
50,C2,65.4064,61,5270.25,1.34767,-5.24711,0.761474
50,B7,3951.07,2,8192.04,4.07743,-8.95117,0.789739
50,As6,1864.66,1,1874.73,1.46808,3.58013,0.935955
50,As6,1864.66,2,3791.19,3.03536,-2.37739,0.915984
50,As6,1864.66,3,5799.16,11.0585,-2.20921,0.917305
50,E6,1318.51,1,1321.6,1.09334,3.53953,0.876063
50,E6,1318.51,2,2662.04,1.2521,0.113777,0.89277
50,E6,1318.51,3,4036.13,2.96552,-0.398152,0.922801
50,E6,1318.51,4,5461.36,7.4196,-1.19559,0.8923
50,E6,1318.51,5,6955.22,4.17401,-8.66023,0.587233
50,D3,146.832,1,146.695,0.175779,4.63271,0.834047
50,D3,146.832,2,293.39,0.173963,4.09177,0.847478
50,D3,146.832,3,440.085,0.199035,3.20529,0.834605
50,D3,146.832,4,586.78,0.320012,3.0018,0.921119
50,D3,146.832,5,734.821,0.196317,3.64307,0.84572
50,D3,146.832,6,882.861,0.248121,2.97513,0.853279
50,D3,146.832,7,1030.9,0.294797,1.70855,0.900433
50,D3,146.832,8,1178.94,0.246153,0.772789,0.786855
50,D3,146.832,9,1326.98,0.273347,0.785832,0.896952
50,D3,146.832,11,1627.1,0.215699,0.596217,0.917775
50,D3,146.832,20,2701.07,0.301405,-1.62588,0.685673
50,D3,146.832,21,3015.99,0.350525,-1.33223,0.894803
50,D3,146.832,23,3176.15,0.412605,-2.12417,0.791107
50,D3,146.832,24,3499.15,0.502472,-1.92715,0.841845
50,D3,146.832,26,3994.41,1.06141,-1.75637,0.789149
50,D3,146.832,30,4851.7,1.36579,-3.57126,0.896702
50,Fs1,46.2493,1,45.7581,0.178312,1.283,0.899909
50,Fs1,46.2493,2,92.8619,0.150622,3.84054,0.904813
50,Fs1,46.2493,3,138.62,0.227652,5.11826,0.971899
50,Fs1,46.2493,5,230.136,0.1261,1.39737,0.744541
50,Fs1,46.2493,8,368.756,0.160738,0.333909,0.720882
50,Fs1,46.2493,10,461.618,0.203848,2.90568,0.73753
50,Fs1,46.2493,11,508.722,0.167365,2.68124,0.65571
50,Fs1,46.2493,13,601.584,0.12411,0.981731,0.633397
50,Fs1,46.2493,14,648.688,0.157156,2.18865,0.707039
50,Fs1,46.2493,15,695.792,0.117219,1.23679,0.628271
50,Fs1,46.2493,16,742.896,0.133955,0.780692,0.622644
50,Fs1,46.2493,19,885.553,0.184052,2.1493,0.804286
50,Fs1,46.2493,21,981.107,0.182662,1.38541,0.748457
50,Fs1,46.2493,22,1029.56,0.174571,1.53293,0.777285
50,Fs1,46.2493,33,1619.03,0.432692,-1.49039,0.967142
50,Fs1,46.2493,34,1670.17,0.489008,-0.292068,0.929619
50,Fs1,46.2493,35,1722.66,0.49166,0.64822,0.894331
50,Fs1,46.2493,36,1773.8,0.47043,-0.265489,0.863705
50,Fs1,46.2493,37,1824.94,0.529522,-1.27649,0.966148
50,Fs1,46.2493,38,1876.08,0.534783,0.32321,0.941203
50,Fs1,46.2493,39,1928.57,0.599725,-0.192991,0.91722
50,Fs1,46.2493,57,2639.16,1.01185,-1.64374,0.971232
50,Fs1,46.2493,59,2695.69,1.04612,-2.4918,0.902244
50,Fs1,46.2493,60,2811.43,1.3324,-2.39836,0.927459
50,Fs1,46.2493,62,3046.95,0.46193,-7.11042,0.681225
50,Fs1,46.2493,66,3289.2,0.588514,-6.61581,0.701224
50,Fs1,46.2493,69,3944.61,0.785066,-6.94322,0.71753
50,Gs2,103.826,1,103.629,0.130795,4.07572,0.840238
50,Gs2,103.826,2,207.257,0.273633,4.33194,0.97668
50,Gs2,103.826,3,310.886,0.147438,3.64105,0.893165
50,Gs2,103.826,4,414.514,0.246488,3.50146,0.916804
50,Gs2,103.826,5,519.489,0.161873,2.93673,0.890094
50,Gs2,103.826,6,623.117,0.17749,3.05253,0.936035
50,Gs2,103.826,8,831.72,0.129569,0.787613,0.680221
50,Gs2,103.826,9,936.694,0.183084,3.32454,0.927003
50,Gs2,103.826,11,1146.64,0.164753,1.68524,0.714731
50,Gs2,103.826,12,1251.62,0.428287,2.68511,0.932169
50,Gs2,103.826,14,1464.26,0.192828,1.67032,0.913978
50,Gs2,103.826,15,1570.58,0.32653,1.01671,0.972196
50,Gs2,103.826,16,1676.9,0.332737,-0.244143,0.962347
50,Gs2,103.826,18,1892.23,0.216664,0.410476,0.82814
50,Gs2,103.826,19,2001.24,0.14608,-1.77827,0.694009
50,Gs2,103.826,20,2108.91,0.356797,-1.61841,0.87494
50,Gs2,103.826,21,2219.27,0.316113,-0.0804446,0.927868
50,Gs2,103.826,22,2328.28,0.19658,-1.46297,0.846076
50,Gs2,103.826,23,2438.64,0.171018,-2.42724,0.831901
50,Gs2,103.826,25,2662.04,0.256089,-2.78603,0.770434
50,Gs2,103.826,28,2773.75,0.313095,-2.06398,0.830878
50,Gs2,103.826,31,3229.98,0.417173,-1.5592,0.863293
50,Gs2,103.826,35,3345.72,0.682705,-1.7744,0.779071
50,Gs2,103.826,36,4057.66,1.03985,-2.90495,0.899323
50,Gs2,103.826,43,4178.79,0.8769,-4.12168,0.866499
50,Gs2,103.826,44,4929.76,2.1258,-2.07,0.895896
50,Gs2,103.826,50,5188.16,1.28329,-4.67983,0.874164
50,Cs3,138.591,1,138.62,0.180617,4.39963,0.832972
50,Cs3,138.591,2,277.24,0.199739,3.80327,0.885693
50,Cs3,138.591,3,415.86,0.222269,4.10387,0.93525
50,Cs3,138.591,4,554.48,0.243369,3.3274,0.951502
50,Cs3,138.591,5,693.1,0.147916,2.10527,0.76679
50,Cs3,138.591,6,833.066,0.237435,2.26843,0.90957
50,Cs3,138.591,7,971.686,0.282236,2.11484,0.778886
50,Cs3,138.591,8,1111.65,0.225879,0.807415,0.917424
50,Cs3,138.591,9,1252.96,0.332223,2.30424,0.963922
50,Cs3,138.591,10,1392.93,0.186061,0.519813,0.729112
50,Cs3,138.591,11,1535.59,0.207514,0.928393,0.713138
50,Cs3,138.591,21,2691.65,0.336287,-1.42341,0.663022
50,Cs3,138.591,22,3139.81,0.36367,-1.65741,0.907386
50,Cs3,138.591,25,3291.89,0.399553,-1.62452,0.899432
50,Cs3,138.591,26,3910.97,0.581379,-2.92386,0.708677
50,Cs3,138.591,34,5387.34,1.75131,-3.58154,0.865887
50,Cs3,138.591,39,5559.6,1.39284,-5.17117,0.816652
50,Cs3,138.591,40,5908.17,1.72675,-5.62746,0.776156
50,A3,220,1,219.37,0.182209,3.53522,0.888862
50,A3,220,2,440.085,0.202201,2.93799,0.663984
50,A3,220,3,660.8,0.310563,3.86347,0.934858
50,A3,220,5,1102.23,0.133166,2.31735,0.611177
50,A3,220,6,1325.64,0.267019,1.08448,0.859574
50,A3,220,14,2927.17,0.427145,-1.30242,0.915619
50,A3,220,15,3164.04,0.452836,-2.05981,0.852373
50,A3,220,16,3403.59,0.55943,-2.77254,0.777028
50,A3,220,17,3645.84,0.746041,-2.52659,0.82341
50,A3,220,18,4139.76,0.725466,-2.89874,0.814625
50,A3,220,21,5434.44,1.72608,-2.9427,0.742246
50,A3,220,26,5703.61,1.44324,-5.45578,0.780037
50,F2,87.3071,1,87.4786,0.153914,3.86695,0.919576
50,F2,87.3071,2,174.957,0.257697,3.93035,0.926805
50,F2,87.3071,3,261.09,0.210515,4.24387,0.934145
50,F2,87.3071,4,348.569,0.260497,4.11114,0.992387
50,F2,87.3071,5,436.047,0.192943,2.15213,0.86767
50,F2,87.3071,6,523.526,0.16796,2.33963,0.695158
50,F2,87.3071,8,698.483,0.118683,0.540613,0.839827
50,F2,87.3071,9,787.308,0.192649,2.6529,0.852271
50,F2,87.3071,12,1051.09,0.21055,0.340141,0.785699
50,F2,87.3071,13,1139.91,0.141944,2.54715,0.606262
50,F2,87.3071,14,1228.74,0.139936,1.71287,0.613346
50,F2,87.3071,16,1406.39,0.293684,-0.498768,0.772264
50,F2,87.3071,17,1496.56,0.153558,0.174658,0.862318
50,F2,87.3071,18,1586.73,0.200937,1.20451,0.763374
50,F2,87.3071,19,1676.9,0.164649,-0.335165,0.698685
50,F2,87.3071,20,1768.41,0.241464,-2.10438,0.833534
50,F2,87.3071,21,1861.28,0.172166,0.534916,0.702447
50,F2,87.3071,33,2600.13,0.296966,-1.37707,0.875419
50,F2,87.3071,34,2694.34,0.303835,-1.37026,0.931539
50,F2,87.3071,35,2789.9,0.336952,-2.40184,0.864371
50,F2,87.3071,36,3176.15,0.840435,-1.60634,0.842078
50,F2,87.3071,40,3472.23,1.00933,-2.17986,0.836745
50,F2,87.3071,43,3571.82,0.968979,-2.62145,0.86466
50,F2,87.3071,45,4289.15,0.87515,-5.42747,0.783411
50,G7,3135.96,1,3153.27,5.08402,-5.1544,0.900715
50,G7,3135.96,2,6447.85,21.2886,-3.62648,0.952449
50,Cs4,277.183,1,277.24,0.510685,5.16086,0.960168
50,Cs4,277.183,2,554.48,0.330049,3.96053,0.908531
50,Cs4,277.183,3,831.72,0.407136,2.34432,0.876471
50,Cs4,277.183,4,1111.65,0.381948,3.0696,0.830281
50,Cs4,277.183,5,1391.58,0.433284,2.63267,0.947673
50,Cs4,277.183,6,1672.86,0.435147,2.15168,0.957527
50,Cs4,277.183,7,1956.83,0.417835,0.740689,0.830317
50,Cs4,277.183,8,2243.49,0.472493,-0.158468,0.756744
50,Cs4,277.183,11,3116.93,0.657274,-1.07761,0.890953
50,Cs4,277.183,13,3414.36,0.673608,-1.49246,0.836743
50,Cs4,277.183,14,3717.17,0.893729,-2.97319,0.828452
50,Cs4,277.183,15,4024.02,1.35415,-2.16522,0.727871
50,Cs4,277.183,16,4332.21,1.25751,-3.23484,0.765942
50,Cs4,277.183,18,5289.09,1.3384,-5.49097,0.814736
50,Gs5,830.609,1,831.72,0.589743,3.89614,0.769307
50,Gs5,830.609,2,1668.82,0.919346,0.853482,0.911494
50,Gs5,830.609,3,2515.35,0.929084,-1.47004,0.923511
50,Gs5,830.609,4,3379.37,1.63073,-0.824184,0.910742
50,Gs5,830.609,5,4266.27,2.89988,-0.849993,0.90659
50,Gs5,830.609,6,5178.74,5.39196,-1.99305,0.873628
50,Gs5,830.609,8,6123.5,8.89836,-3.61906,0.923919
50,Fs6,1479.98,1,1484.45,1.21658,4.17415,0.841971
50,Fs6,1479.98,2,2986.39,1.5107,0.124726,0.93809
50,Fs6,1479.98,3,4544.85,3.58538,-1.23177,0.871553
50,Fs6,1479.98,4,6170.61,9.8052,-2.87753,0.901551
50,A4,440,1,440.085,0.319648,3.87775,0.773243
50,A4,440,2,881.516,0.407683,3.24999,0.860867
50,A4,440,3,1324.29,0.360197,1.73895,0.712201
50,A4,440,4,1769.76,0.47792,1.98741,0.876087
50,A4,440,5,2220.61,0.489626,1.29763,0.831055
50,A4,440,6,2678.19,0.632231,0.644892,0.907834
50,A4,440,8,3139.81,0.859991,-0.203532,0.9422
50,A4,440,9,3609.5,1.09706,-1.70984,0.85014
50,A4,440,10,4575.81,2.50597,-2.74813,0.723159
50,A4,440,12,5073.76,5.71174,-1.57595,0.899466
50,A4,440,13,5582.48,4.71813,-3.96202,0.8693
50,F5,698.456,2,1401,0.580453,1.51744,0.78126
50,F5,698.456,3,2111.6,0.618995,1.43717,0.74206
50,F5,698.456,4,2830.27,0.957405,-0.120821,0.916271
50,F5,698.456,5,3565.09,1.71491,-0.792101,0.898555
50,F5,698.456,6,4317.41,2.59406,-1.23014,0.879643
50,F5,698.456,8,5088.56,6.17191,-1.31461,0.821067
50,F5,698.456,9,5883.95,8.85676,-2.64323,0.924589
50,A5,880,1,881.516,0.637128,3.85124,0.859318
50,A5,880,2,1768.41,0.575666,0.180457,0.800923
50,A5,880,3,2668.77,1.19358,-0.36434,0.920161
50,A5,880,4,3585.28,1.94988,-0.597112,0.913156
50,A5,880,5,4531.39,3.84906,-0.913901,0.883739
50,A5,880,6,5505.77,6.72303,-1.76369,0.882836
50,A5,880,8,6516.49,6.00428,-5.64282,0.785623
50,F4,349.228,1,348.569,0.439241,4.68334,0.723433
50,F4,349.228,2,698.483,0.331564,2.7038,0.906932
50,F4,349.228,4,1402.35,0.338209,0.820099,0.680119
50,F4,349.228,5,1757.65,0.416369,1.71863,0.841597
50,F4,349.228,6,2115.64,0.357128,0.946743,0.789633
50,F4,349.228,7,2476.32,0.506636,0.112839,0.893306
50,F4,349.228,8,2842.38,0.494342,-2.05267,0.894921
50,F4,349.228,10,3212.48,0.659101,-2.18669,0.790221
50,F4,349.228,11,3967.49,1.22381,-2.51159,0.782803
50,F4,349.228,13,4355.09,1.66653,-2.59483,0.813938
50,G1,48.9994,1,48.4497,0.155096,1.76042,0.803303
50,G1,48.9994,2,98.2452,0.198826,3.92719,0.704243
50,G1,48.9994,3,146.695,0.182042,4.99221,0.907152
50,G1,48.9994,4,195.145,0.15617,3.87893,0.80189
50,G1,48.9994,5,244.94,0.186817,4.06731,0.932281
50,G1,48.9994,6,293.39,0.203601,4.08183,0.942743
50,G1,48.9994,8,391.635,0.196637,1.70926,0.927666
50,G1,48.9994,9,440.085,0.194513,3.14496,0.858199
50,G1,48.9994,11,539.676,0.173067,2.15773,0.64585
50,G1,48.9994,12,588.126,0.267535,2.32106,0.8926
50,G1,48.9994,13,637.921,0.174721,2.56394,0.734914
50,G1,48.9994,15,737.512,0.157721,1.90272,0.66631
50,G1,48.9994,16,787.308,0.147876,0.817486,0.682704
50,G1,48.9994,17,837.103,0.139892,0.307236,0.687388
50,G1,48.9994,18,886.899,0.206778,2.30936,0.892408
50,G1,48.9994,19,936.694,0.224082,2.288,0.938534
50,G1,48.9994,20,987.836,0.188187,-0.133,0.658041
50,G1,48.9994,21,1038.98,0.198708,1.392,0.828185
50,G1,48.9994,22,1091.46,0.198179,1.64069,0.701104
50,G1,48.9994,33,1713.24,0.437703,-1.49751,0.881894
50,G1,48.9994,34,1765.72,0.446702,-0.573483,0.930887
50,G1,48.9994,35,1819.56,0.460863,0.691138,0.945749
50,G1,48.9994,36,1874.73,0.538894,0.176873,0.926357
50,G1,48.9994,37,1928.57,0.546785,-0.0457945,0.858176
50,G1,48.9994,38,1983.75,0.484917,-1.31614,0.921351
50,G1,48.9994,54,2688.96,1.04148,-2.25073,0.9552
50,G1,48.9994,57,2781.82,1.13129,-2.47721,0.939261
50,G1,48.9994,58,3361.87,0.904213,-4.33891,0.792314
50,G1,48.9994,68,4033.44,0.6946,-7.05941,0.70237
50,Fs7,2959.96,1,2976.97,5.5633,-3.67879,0.89897
50,Fs7,2959.96,2,6077.75,17.8661,-3.1476,0.959009
50,Gs4,415.305,1,414.514,0.518282,4.65216,0.946626
50,Gs4,415.305,2,831.72,0.362003,2.39578,0.753235
50,Gs4,415.305,3,1248.93,0.299786,1.48497,0.710551
50,Gs4,415.305,4,1670.17,0.428531,2.06178,0.962427
50,Gs4,415.305,5,2095.45,0.332715,0.460023,0.753682
50,Gs4,415.305,6,2523.42,0.541768,-0.721789,0.882846
50,Gs4,415.305,7,2958.12,0.594039,-0.740764,0.958472
50,Gs4,415.305,9,3399.55,0.912776,-1.66346,0.833479
50,Gs4,415.305,10,3847.71,1.41993,-2.70343,0.788846
50,Gs4,415.305,11,4303.95,3.5793,-1.74978,0.823737
50,Gs4,415.305,12,4769.6,4.57473,-2.27208,0.910994
50,Gs4,415.305,13,5241.99,4.56963,-2.70421,0.88192
50,Cs5,554.365,1,554.48,0.517824,4.36536,0.710005
50,Cs5,554.365,2,1110.31,0.468489,2.88096,0.672691
50,Cs5,554.365,3,1671.51,0.466838,1.56683,0.614503
50,Cs5,554.365,4,2236.76,0.675113,1.9604,0.821624
50,Cs5,554.365,5,2811.43,0.876383,0.551294,0.877033
50,Cs5,554.365,6,3395.52,1.13248,-0.130257,0.959296
50,Cs5,554.365,8,3990.37,1.89646,-0.270955,0.956076
50,Cs5,554.365,9,4598.68,3.04544,-1.8294,0.873347
50,Cs5,554.365,10,5224.49,6.49823,-1.06032,0.898143
50,Cs5,554.365,11,5865.11,6.19059,-4.09574,0.878826
50,A2,110,1,110.358,0.16361,3.96922,0.919701
50,A2,110,2,219.37,0.286757,3.26946,0.961555
50,A2,110,3,329.727,0.17327,4.48507,0.954335
50,A2,110,5,550.443,0.183406,3.20158,0.881719
50,A2,110,6,660.8,0.156867,3.25656,0.871618
50,A2,110,8,881.516,0.133077,1.29803,0.67873
50,A2,110,9,991.873,0.144574,2.05381,0.784907
50,A2,110,10,1103.58,0.174044,2.43218,0.703533
50,A2,110,11,1216.63,0.212772,1.07907,0.813751
50,A2,110,12,1331.02,0.201833,0.10809,0.849598
50,A2,110,26,2939.28,0.286023,-2.12778,0.848576
50,A2,110,29,3059.06,0.420442,-2.19115,0.67562
50,A2,110,30,3422.43,0.827497,-1.07913,0.912201
50,A2,110,33,3544.9,0.813246,-1.65482,0.821148
50,A2,110,34,3668.72,0.993481,-2.88773,0.907463
50,A2,110,35,4044.2,0.677341,-5.41047,0.800293
50,A2,110,36,5223.15,2.20522,-1.53089,0.786054
50,A2,110,46,5497.7,0.772064,-6.66197,0.697475
50,G6,1567.98,1,1574.62,0.915435,3.10904,0.746683
50,G6,1567.98,2,3174.8,1.96412,0.513737,0.964825
50,G6,1567.98,3,4826.13,4.68847,-1.54208,0.874637
50,G6,1567.98,4,6562.24,8.09011,-4.98349,0.793653
50,F3,174.614,1,174.957,0.165719,4.05827,0.840983
50,F3,174.614,2,348.569,0.221082,4.14432,0.893287
50,F3,174.614,3,523.526,0.204494,3.11133,0.894433
50,F3,174.614,4,698.483,0.164442,2.42667,0.823004
50,F3,174.614,5,874.786,0.280844,2.71653,0.876523
50,F3,174.614,6,1049.74,0.279051,1.82466,0.819926
50,F3,174.614,8,1403.7,0.250837,-0.0579852,0.807945
50,F3,174.614,10,1760.34,0.275747,1.32018,0.901432
50,F3,174.614,11,1939.33,0.227926,-1.05001,0.729571
50,F3,174.614,12,2121.02,0.259435,-0.144562,0.788729
50,F3,174.614,13,2304.05,0.339671,-1.1104,0.818681
50,F3,174.614,18,2855.84,0.436276,-1.2418,0.942713
50,F3,174.614,19,3231.33,0.469749,-2.5393,0.732831
50,F3,174.614,21,3422.43,0.820055,-2.21797,0.707742
50,F3,174.614,22,3613.54,0.568437,-2.96339,0.789056
50,F3,174.614,23,4201.67,1.20799,-1.8115,0.873465
50,F3,174.614,27,5013.2,1.72977,-4.34301,0.780099
50,F3,174.614,31,5862.41,3.12801,-2.56872,0.764479
50,Cs2,69.2957,1,68.6371,0.187284,3.34542,0.949182
50,Cs2,69.2957,2,138.62,0.217941,4.14568,0.918096
50,Cs2,69.2957,3,207.257,0.164161,4.14211,0.930114
50,Cs2,69.2957,4,277.24,0.164512,3.57536,0.859298
50,Cs2,69.2957,5,345.877,0.122035,3.1738,0.707562
50,Cs2,69.2957,6,415.86,0.20581,3.89883,0.877009
50,Cs2,69.2957,8,554.48,0.152082,0.149982,0.754732
50,Cs2,69.2957,10,693.1,0.155749,1.77673,0.721891
50,Cs2,69.2957,11,763.083,0.158814,2.77069,0.837304
50,Cs2,69.2957,13,903.049,0.199512,1.77147,0.698284
50,Cs2,69.2957,14,973.032,0.135279,1.87542,0.607498
50,Cs2,69.2957,15,1044.36,0.188207,0.826519,0.73991
50,Cs2,69.2957,16,1114.34,0.195661,0.0318273,0.7477
50,Cs2,69.2957,17,1185.67,0.17553,0.511065,0.816152
50,Cs2,69.2957,18,1255.65,0.208002,0.465973,0.76218
50,Cs2,69.2957,19,1328.33,0.300945,0.0623276,0.813631
50,Cs2,69.2957,35,2575.91,0.712082,-1.93513,0.943716
50,Cs2,69.2957,37,2727.99,0.582835,-1.96573,0.903267
50,Cs2,69.2957,43,2806.05,0.575526,-2.68774,0.881783
50,Cs2,69.2957,44,3197.68,0.715177,-3.89108,0.798526
50,Cs2,69.2957,49,3277.08,0.53987,-5.74936,0.72548
50,Gs3,207.652,1,207.257,0.203248,4.51571,0.910792
50,Gs3,207.652,2,414.514,0.216311,3.72427,0.775806
50,Gs3,207.652,3,623.117,0.227673,3.5198,0.883337
50,Gs3,207.652,4,831.72,0.266946,2.38403,0.753114
50,Gs3,207.652,5,1040.32,0.25142,1.93892,0.778028
50,Gs3,207.652,6,1250.27,0.223414,2.47962,0.839886
50,Gs3,207.652,7,1461.57,0.271266,2.46042,0.752666
50,Gs3,207.652,8,1672.86,0.324722,0.848735,0.833195
50,Gs3,207.652,9,1886.85,0.403693,1.34629,0.965469
50,Gs3,207.652,10,2100.83,0.270511,-0.467019,0.773294
50,Gs3,207.652,11,2317.51,0.385813,-0.729897,0.961216
50,Gs3,207.652,12,2535.53,0.574028,-1.00318,0.966497
50,Gs3,207.652,13,2756.25,0.357346,-1.06472,0.897943
50,Gs3,207.652,16,3201.72,0.428431,-1.58814,0.845462
50,Gs3,207.652,18,3427.82,0.643197,-2.42501,0.706808
50,Gs3,207.652,19,3889.43,0.749498,-2.24908,0.846417
50,Gs3,207.652,21,4122.26,0.876284,-3.11429,0.675471
50,Gs3,207.652,23,4360.47,1.22459,-3.82518,0.85847
50,Gs3,207.652,24,4843.62,2.53312,-2.41708,0.91603
50,Gs3,207.652,26,5338.89,2.85689,-1.23173,0.802717
50,G4,391.995,1,391.635,0.550571,4.90527,0.912957
50,G4,391.995,3,1178.94,0.317211,2.35995,0.631321
50,G4,391.995,4,1575.96,0.490747,2.5872,0.944688
50,G4,391.995,5,1975.67,0.365084,0.816984,0.847095
50,G4,391.995,6,2379.42,0.478171,1.35438,0.832928
50,G4,391.995,7,2787.2,0.54001,-0.592191,0.920125
50,G4,391.995,9,3201.72,0.703657,-1.46302,0.853372
50,G4,391.995,10,3621.62,1.05358,-2.01848,0.834616
50,G4,391.995,11,4049.59,1.4844,-2.65256,0.772894
50,G4,391.995,12,4927.07,3.74461,-1.80565,0.792597
50,F1,43.6535,1,43.0664,0.207794,-0.0462668,0.878762
50,F1,43.6535,2,87.4786,0.200047,3.94326,0.923135
50,F1,43.6535,4,173.611,0.245498,4.19606,0.912536
50,F1,43.6535,7,305.502,0.151029,3.28751,0.832561
50,F1,43.6535,8,348.569,0.127595,0.47373,0.629049
50,F1,43.6535,9,392.981,0.16195,2.88277,0.690504
50,F1,43.6535,10,436.047,0.141581,2.10186,0.682996
50,F1,43.6535,11,480.46,0.169789,1.78541,0.738025
50,F1,43.6535,12,523.526,0.1509,1.84763,0.636989
50,F1,43.6535,13,567.938,0.142492,1.46351,0.603707
50,F1,43.6535,17,745.587,0.177686,1.08802,0.75337
50,F1,43.6535,18,789.999,0.139098,1.15824,0.66157
50,F1,43.6535,19,835.757,0.155681,1.836,0.659614
50,F1,43.6535,20,880.17,0.204421,0.71936,0.862109
50,F1,43.6535,21,925.928,0.171363,1.6409,0.710858
50,F1,43.6535,22,971.686,0.173524,0.78191,0.70559
50,F1,43.6535,23,1018.79,0.18765,0.458577,0.765013
50,F1,43.6535,28,1257,4.10179,-2.46832,0.873488
50,F1,43.6535,34,1580,0.415886,0.104049,0.940413
50,F1,43.6535,35,1628.45,0.425534,0.251742,0.972722
50,F1,43.6535,36,1678.24,0.456005,-0.286518,0.942837
50,F1,43.6535,37,1726.69,0.52399,-0.62981,0.911629
50,F1,43.6535,38,1776.49,0.483804,-0.789939,0.882578
50,F1,43.6535,39,1826.28,0.494854,-1.5674,0.964957
50,F1,43.6535,40,1876.08,0.513239,-2.52934,0.875505
50,F1,43.6535,41,1927.22,0.558778,-0.390988,0.94136
50,F1,43.6535,42,1977.02,0.535281,-0.506189,0.882409
50,F1,43.6535,54,2668.77,0.897008,-2.44014,0.887363
50,F1,43.6535,62,3135.77,1.69239,-1.48187,0.896124
50,F1,43.6535,70,3613.54,1.17187,-4.96795,0.79653
50,F1,43.6535,78,4390.08,1.06884,-6.55837,0.727862
50,A0,27.5,1,26.9165,0.221572,0.954123,0.983456
50,A0,27.5,2,55.1788,0.232031,3.42323,0.981584
50,A0,27.5,3,82.0953,0.197069,5.08971,0.969125
50,A0,27.5,4,109.012,0.134875,4.82748,0.867324
50,A0,27.5,5,135.928,0.147373,4.36474,0.911915
50,A0,27.5,6,164.191,0.140159,3.6933,0.869786
50,A0,27.5,7,191.107,0.100366,3.58844,0.672656
50,A0,27.5,8,219.37,0.112481,1.26522,0.780189
50,A0,27.5,9,246.286,0.109465,2.94118,0.667995
50,A0,27.5,10,274.548,0.122321,2.89525,0.763492
50,A0,27.5,11,302.811,0.124122,3.39723,0.796776
50,A0,27.5,12,331.073,0.125922,4.49917,0.822451
50,A0,27.5,13,357.99,0.165515,3.60182,0.945785
50,A0,27.5,14,386.252,0.175135,3.62461,0.951547
50,A0,27.5,15,415.86,0.150152,3.52372,0.901977
50,A0,27.5,16,444.122,0.170272,1.80151,0.941943
50,A0,27.5,17,472.385,0.172619,0.876954,0.874097
50,A0,27.5,18,501.993,0.177968,2.66484,0.940714
50,A0,27.5,19,530.255,0.184581,2.71532,0.935225
50,A0,27.5,20,559.863,0.202404,2.22632,0.949136
50,A0,27.5,21,589.471,0.200847,1.84138,0.960693
50,A0,27.5,22,619.08,0.22512,2.67997,0.967325
50,A0,27.5,23,650.034,0.221013,2.23799,0.964012
50,A0,27.5,24,679.642,0.256859,-0.0630987,0.969554
50,A0,27.5,25,710.596,0.248872,0.383371,0.978412
50,A0,27.5,26,741.55,0.244635,2.43763,0.981092
50,A0,27.5,27,772.504,0.281744,2.86781,0.991832
50,A0,27.5,28,803.458,0.281042,2.83887,0.989997
50,A0,27.5,29,835.757,0.345785,2.63351,0.996419
50,A0,27.5,30,866.711,0.358682,2.9688,0.989738
50,A0,27.5,31,899.011,0.371544,2.07765,0.989894
50,A0,27.5,32,931.311,0.408612,1.54951,0.993878
50,A0,27.5,33,964.957,0.449712,-0.524529,0.995904
50,A0,27.5,34,997.256,0.455887,0.946534,0.993745
50,A0,27.5,35,1030.9,0.455389,1.97311,0.985477
50,A0,27.5,36,1064.55,0.484965,1.98379,0.99393
50,A0,27.5,37,1096.85,0.516642,2.04283,0.996917
50,A0,27.5,40,1172.21,0.606808,1.39634,0.970381
50,A0,27.5,41,1205.86,0.632983,0.268122,0.983796
50,A0,27.5,42,1240.85,0.703804,0.319195,0.989249
50,A0,27.5,43,1275.84,0.801974,1.67601,0.992891
50,A0,27.5,44,1312.18,0.811908,1.49841,0.982731
50,A0,27.5,45,1349.86,1.06843,1.34083,0.963037
50,A0,27.5,46,1387.55,1.00755,0.359259,0.961793
50,A0,27.5,47,1425.23,1.03679,1.13529,0.998394
50,A0,27.5,48,1462.91,1.17527,1.04295,0.99479
50,A0,27.5,49,1500.6,1.24948,0.514056,0.993099
50,A0,27.5,50,1539.62,1.215,-1.19857,0.982206
50,A0,27.5,51,1578.65,1.30755,-0.323934,0.991376
50,A0,27.5,52,1620.37,1.34482,-0.0862583,0.986093
50,A0,27.5,53,1659.4,1.45948,0.380958,0.987287
50,A0,27.5,54,1699.78,1.41191,0.572104,0.98562
50,A0,27.5,56,1775.14,1.69559,0.38016,0.998959
50,A0,27.5,62,1999.9,1.7416,-1.85689,0.931076
50,A0,27.5,64,2088.72,1.80403,-2.01137,0.888529
50,A0,27.5,65,2135.82,2.47771,-0.405365,0.993334
50,A0,27.5,66,2178.89,2.46581,-0.418334,0.996478
50,A0,27.5,67,2227.34,2.43087,-1.42717,0.970676
50,A0,27.5,84,2618.98,1.16429,-4.64678,0.677189
50,A0,27.5,86,2666.08,0.870676,-5.54107,0.613248
50,A0,27.5,96,3155.96,0.313511,-7.9083,0.845748
50,Fs2,92.4986,1,92.8619,0.166019,3.669,0.938277
50,Fs2,92.4986,2,184.378,0.20803,3.1909,0.957053
50,Fs2,92.4986,3,277.24,0.136321,3.52911,0.872251
50,Fs2,92.4986,4,370.102,0.195051,3.18785,0.897493
50,Fs2,92.4986,5,461.618,0.177773,2.67784,0.914506
50,Fs2,92.4986,6,554.48,0.238269,3.04492,0.961266
50,Fs2,92.4986,8,740.204,0.132371,1.78228,0.688329
50,Fs2,92.4986,9,833.066,0.162287,1.21901,0.692236
50,Fs2,92.4986,10,927.274,0.175775,2.90007,0.679178
50,Fs2,92.4986,12,1114.34,0.152194,1.36216,0.684881
50,Fs2,92.4986,15,1396.97,0.24609,0.865498,0.841832
50,Fs2,92.4986,16,1491.17,0.195581,0.433314,0.933231
50,Fs2,92.4986,17,1586.73,0.244836,0.373449,0.890043
50,Fs2,92.4986,18,1682.28,0.195225,0.618723,0.813371
50,Fs2,92.4986,19,1777.84,0.237802,-0.0607244,0.886387
50,Fs2,92.4986,20,1874.73,0.237699,-0.664873,0.962552
50,Fs2,92.4986,21,1972.98,0.196142,-1.06066,0.740157
50,Fs2,92.4986,22,2071.23,0.196837,-0.393366,0.750015
50,Fs2,92.4986,31,2660.7,0.254636,-2.37829,0.844784
50,Fs2,92.4986,33,2760.29,0.306746,-2.25032,0.806287
50,Fs2,92.4986,34,2861.22,0.446653,-1.57182,0.946144
50,Fs2,92.4986,35,2963.51,0.365883,-2.53588,0.828314
50,Fs2,92.4986,36,3065.79,0.46244,-2.12034,0.775986
50,Fs2,92.4986,37,3906.93,0.968312,-3.10758,0.888926
50,Fs2,92.4986,46,4569.08,0.929373,-5.5197,0.741506
50,Fs2,92.4986,52,5260.83,0.923443,-6.4796,0.710458
50,Fs2,92.4986,58,5377.92,0.641946,-7.84409,0.664045
50,Gs1,51.9131,1,52.4872,0.208849,2.22141,0.744805
50,Gs1,51.9131,2,103.629,0.162539,4.48451,0.901407
50,Gs1,51.9131,3,154.77,0.173214,4.17247,0.766558
50,Gs1,51.9131,4,207.257,0.126201,4.26064,0.772249
50,Gs1,51.9131,5,258.398,0.191066,3.98959,0.899642
50,Gs1,51.9131,6,310.886,0.159891,3.98554,0.847658
50,Gs1,51.9131,7,363.373,0.150732,2.10387,0.667729
50,Gs1,51.9131,9,467.001,0.175949,2.38613,0.748481
50,Gs1,51.9131,10,519.489,0.172277,2.50427,0.704926
50,Gs1,51.9131,12,623.117,0.150623,0.91848,0.680116
50,Gs1,51.9131,13,675.604,0.159056,1.79535,0.632223
50,Gs1,51.9131,14,728.091,0.194435,2.68614,0.760147
50,Gs1,51.9131,15,780.579,0.179467,2.0874,0.727597
50,Gs1,51.9131,16,833.066,0.175649,-0.031768,0.712927
50,Gs1,51.9131,17,886.899,0.165294,0.84687,0.798777
50,Gs1,51.9131,18,939.386,0.180241,1.15306,0.717901
50,Gs1,51.9131,19,993.219,0.254962,1.07696,0.907708
50,Gs1,51.9131,20,1047.05,0.331737,0.798648,0.88927
50,Gs1,51.9131,21,1102.23,0.269302,2.21044,0.938873
50,Gs1,51.9131,22,1157.41,0.239415,0.91339,0.868727
50,Gs1,51.9131,32,1754.96,0.508741,-1.85473,0.915338
50,Gs1,51.9131,33,1811.48,0.497742,-1.45813,0.939409
50,Gs1,51.9131,34,1868.01,0.608755,-0.0425165,0.921531
50,Gs1,51.9131,35,1924.53,0.538962,0.156239,0.914909
50,Gs1,51.9131,36,1981.05,0.507663,-0.781591,0.963796
50,Gs1,51.9131,37,2037.58,0.5631,-0.403216,0.9722
50,Gs1,51.9131,38,2098.14,0.534531,-1.11036,0.960736
50,Gs1,51.9131,39,2161.4,1.26755,-5.02128,0.678784
50,Gs1,51.9131,52,2625.71,0.936854,-2.29011,0.931627
50,Gs1,51.9131,53,2932.55,1.49291,-2.44007,0.900976
50,Gs1,51.9131,58,3602.77,0.589577,-6.64117,0.777123
50,F6,1396.91,1,1401,1.12552,3.18329,0.828312
50,F6,1396.91,2,2820.85,1.32302,-0.882867,0.893582
50,F6,1396.91,3,4282.42,3.02133,-0.849248,0.923592
50,F6,1396.91,4,5804.54,8.5082,-2.05832,0.896436
50,F6,1396.91,5,7403.38,3.95549,-9.31009,0.533497
50,G3,195.998,1,196.49,0.210072,4.73927,0.923
50,G3,195.998,2,391.635,0.327117,4.18798,0.831392
50,G3,195.998,3,588.126,0.258508,2.35495,0.662896
50,G3,195.998,4,784.616,0.306811,2.26517,0.775594
50,G3,195.998,5,982.452,0.280911,2.5716,0.949662
50,G3,195.998,6,1180.29,0.249445,2.46423,0.858752
50,G3,195.998,7,1378.12,0.2126,1.60107,0.745685
50,G3,195.998,8,1577.31,0.254824,0.963192,0.873354
50,G3,195.998,9,1777.84,0.435182,1.16387,0.915658
50,G3,195.998,10,1979.71,0.315029,0.282195,0.880437
50,G3,195.998,11,2184.27,0.280955,0.107744,0.968196
50,G3,195.998,12,2388.84,0.692455,0.365528,0.942004
50,G3,195.998,13,2594.75,0.406168,-1.71706,0.873019
50,G3,195.998,16,3011.96,0.434872,-1.70564,0.90913
50,G3,195.998,18,3224.6,0.404775,-2.35793,0.762044
50,G3,195.998,19,3438.58,1.08,-2.25067,0.885266
50,G3,195.998,20,3873.28,0.775658,-3.34006,0.739998
50,G3,195.998,22,4092.65,1.22873,-2.55643,0.882006
50,G3,195.998,24,4317.41,1.19406,-3.69621,0.891857
50,G3,195.998,25,5002.43,2.69419,-0.378875,0.855066
50,A7,3520,2,7259.38,26.0484,-4.25968,0.968986
50,Gs6,1661.22,1,1668.82,1.119,2.53693,0.840255
50,Gs6,1661.22,2,3367.25,2.26882,-0.092548,0.961162
50,Gs6,1661.22,3,5127.59,7.33212,-0.937816,0.931871
50,Cs7,2217.46,1,2232.72,1.5714,2.09389,0.95008
50,Cs7,2217.46,2,4528.7,4.81828,-1.55464,0.919006
50,Cs7,2217.46,3,6957.92,19.5889,-3.88438,0.949192
50,Fs5,739.989,1,740.204,0.683148,4.61086,0.873971
50,Fs5,739.989,2,1484.45,0.607937,1.70669,0.84926
50,Fs5,739.989,3,2238.11,0.674538,1.31725,0.784022
50,Fs5,739.989,4,2998.5,1.06023,0.119873,0.932943
50,Fs5,739.989,6,4585.23,3.74771,-1.26168,0.894303
50,Fs5,739.989,8,5411.56,6.2035,-2.02837,0.865168
50,Fs4,369.994,1,370.102,0.385858,4.13,0.801768
50,Fs4,369.994,2,740.204,0.447191,4.25338,0.902425
50,Fs4,369.994,5,1862.62,0.3799,1.6454,0.801118
50,Fs4,369.994,6,2243.49,0.405489,0.972049,0.858441
50,Fs4,369.994,7,2627.05,0.525197,0.316962,0.909969
50,Fs4,369.994,9,3015.99,0.583169,-1.19331,0.869098
50,Fs4,369.994,10,3410.32,1.00065,-2.34688,0.824862
50,Fs4,369.994,11,4217.82,1.47747,-2.38845,0.848842
50,Fs4,369.994,13,4630.98,3.40372,-2.32019,0.82349
50,Cs6,1108.73,1,1110.31,1.08746,4.09202,0.777866
50,Cs6,1108.73,2,2232.72,1.32163,1.66844,0.896838
50,Cs6,1108.73,3,3378.02,2.39883,-0.0230926,0.893198
50,Cs6,1108.73,4,4554.27,4.59719,-1.67914,0.866849
50,Cs6,1108.73,5,5778.97,7.49261,-1.88815,0.880438
50,Gs7,3322.44,1,3341.68,6.68781,-6.58683,0.919074
50,Gs7,3322.44,2,6840.83,21.9684,-3.70362,0.972493
50,Gs7,3322.44,3,10490.7,38.2383,-8.57774,0.937598
50,G2,97.9989,1,98.2452,0.244365,4.38401,0.975027
50,G2,97.9989,2,195.145,0.240507,4.03984,0.980488
50,G2,97.9989,3,293.39,0.134926,3.09049,0.794388
50,G2,97.9989,4,391.635,0.24011,4.12835,0.898129
50,G2,97.9989,5,489.88,0.160347,2.86945,0.864431
50,G2,97.9989,6,588.126,0.162226,3.46652,0.889347
50,G2,97.9989,8,784.616,0.189468,1.57339,0.899314
50,G2,97.9989,9,884.207,0.184633,2.73445,0.861491
50,G2,97.9989,11,1082.04,0.156883,0.612913,0.735212
50,G2,97.9989,12,1181.63,0.129198,1.36882,0.64393
50,G2,97.9989,14,1380.82,0.183641,1.25394,0.804036
50,G2,97.9989,15,1481.75,0.287852,1.32544,0.898305
50,G2,97.9989,16,1581.34,0.258727,0.471814,0.964648
50,G2,97.9989,17,1682.28,0.236112,-0.0405033,0.911455
50,G2,97.9989,18,1784.56,0.258187,0.910982,0.891932
50,G2,97.9989,19,1886.85,0.262608,-0.731996,0.829527
50,G2,97.9989,20,1989.13,0.161814,-2.54817,0.714348
50,G2,97.9989,21,2091.41,0.21031,-0.470858,0.762402
50,G2,97.9989,22,2195.04,0.256755,-0.891613,0.825223
50,G2,97.9989,23,2300.02,0.222531,-2.3596,0.722006
50,G2,97.9989,30,2612.25,0.287133,-1.42923,0.821093
50,G2,97.9989,32,3040.22,0.510846,-1.4589,0.878165
50,G2,97.9989,35,3147.89,0.73907,-0.96631,0.833834
50,G2,97.9989,36,3927.12,1.16584,-1.61444,0.892288
50,G2,97.9989,44,4042.86,0.743988,-4.82192,0.8254
50,G2,97.9989,45,4988.97,0.744577,-6.26282,0.708706
50,F7,2793.83,1,2811.43,3.20036,-2.01127,0.923207
50,F7,2793.83,2,5730.52,13.8616,-2.45852,0.966498
50,F7,2793.83,3,8811.12,22.9382,-5.69788,0.918766
50,A6,1760,1,1767.07,1.17113,2.41702,0.84764
50,A6,1760,2,3571.82,2.47341,-0.212486,0.960175
50,A6,1760,3,5454.63,9.26578,-1.61126,0.922358
50,A6,1760,4,7441.07,13.1328,-5.95053,0.858434
50,Cs1,34.6478,1,34.9915,0.184875,1.97418,0.954861
50,Cs1,34.6478,2,68.6371,0.168064,4.72431,0.951359
50,Cs1,34.6478,3,103.629,0.132903,5.44567,0.897922
50,Cs1,34.6478,4,137.274,0.129547,4.81078,0.852006
50,Cs1,34.6478,5,172.266,0.129552,4.14686,0.886587
50,Cs1,34.6478,6,207.257,0.0898836,4.90331,0.608259
50,Cs1,34.6478,7,242.249,0.131695,3.64373,0.848966
50,Cs1,34.6478,8,275.894,0.135648,2.20216,0.899811
50,Cs1,34.6478,9,310.886,0.128415,3.52336,0.883738
50,Cs1,34.6478,10,345.877,0.123933,4.31512,0.821642
50,Cs1,34.6478,11,380.869,0.138686,4.55329,0.856228
50,Cs1,34.6478,12,415.86,0.126273,4.0519,0.816746
50,Cs1,34.6478,13,450.851,0.156451,3.62874,0.890892
50,Cs1,34.6478,15,520.834,0.178167,1.9684,0.945276
50,Cs1,34.6478,16,557.172,0.160268,0.829255,0.910725
50,Cs1,34.6478,17,592.163,0.190342,2.04929,0.954244
50,Cs1,34.6478,18,627.155,0.206377,2.35958,0.970381
50,Cs1,34.6478,19,663.492,0.216819,2.76274,0.970522
50,Cs1,34.6478,20,699.829,0.187244,0.772741,0.927816
50,Cs1,34.6478,21,736.166,0.200749,3.15335,0.960132
50,Cs1,34.6478,22,772.504,0.199216,3.01333,0.954745
50,Cs1,34.6478,23,808.841,0.221787,2.23927,0.976426
50,Cs1,34.6478,24,845.178,0.228705,0.0173559,0.963053
50,Cs1,34.6478,25,881.516,0.252147,1.41328,0.97841
50,Cs1,34.6478,26,919.199,0.266012,1.7851,0.986026
50,Cs1,34.6478,27,956.882,0.290312,1.70499,0.993141
50,Cs1,34.6478,28,998.602,0.391792,-0.997382,0.781086
50,Cs1,34.6478,29,1033.59,0.316014,2.10841,0.981164
50,Cs1,34.6478,30,1072.62,0.335426,1.85334,0.995259
50,Cs1,34.6478,37,1379.47,0.583713,0.660396,0.95382
50,Cs1,34.6478,38,1421.19,0.51241,0.657302,0.980628
50,Cs1,34.6478,39,1460.22,0.513918,-1.13367,0.977578
50,Cs1,34.6478,40,1499.25,0.542408,0.215537,0.977358
50,Cs1,34.6478,41,1543.66,0.5857,0.401568,0.979037
50,Cs1,34.6478,42,1584.04,0.624795,1.1581,0.981143
50,Cs1,34.6478,43,1625.76,0.626564,-0.454119,0.982677
50,Cs1,34.6478,44,1668.82,0.642116,-0.129431,0.991435
50,Cs1,34.6478,45,1710.54,0.706765,-0.0170571,0.976611
50,Cs1,34.6478,46,1753.61,0.695432,-0.996503,0.959413
50,Cs1,34.6478,47,1796.68,0.748954,-1.27618,0.964847
50,Cs1,34.6478,49,1882.81,0.821302,-1.09841,0.957766
50,Cs1,34.6478,50,1927.22,0.967963,-0.0921849,0.996676
50,Cs1,34.6478,51,1971.63,0.978058,-1.44932,0.993773
50,Cs1,34.6478,71,2997.15,1.74571,-2.26897,0.844477
50,Fs3,184.997,1,184.378,0.241935,4.14737,0.951009
50,Fs3,184.997,2,370.102,0.286446,3.62089,0.904862
50,Fs3,184.997,3,554.48,0.265007,3.41787,0.896615
50,Fs3,184.997,4,740.204,0.226627,3.40862,0.816786
50,Fs3,184.997,5,925.928,0.193301,2.47855,0.777934
50,Fs3,184.997,6,1113,0.291676,2.34468,0.863836
50,Fs3,184.997,7,1300.07,0.259669,2.15857,0.718351
50,Fs3,184.997,8,1488.48,0.197622,0.679753,0.892235
50,Fs3,184.997,9,1676.9,0.310833,1.6714,0.947349
50,Fs3,184.997,10,1866.66,0.348118,0.289483,0.869383
50,Fs3,184.997,11,2057.77,0.283092,-0.88768,0.9275
50,Fs3,184.997,12,2250.22,0.176209,-0.862035,0.672664
50,Fs3,184.997,13,2444.02,0.409737,-1.40492,0.831984
50,Fs3,184.997,14,2639.16,0.31882,-1.94844,0.8665
50,Fs3,184.997,16,3033.49,0.382591,-1.72513,0.834408
50,Fs3,184.997,19,3845.02,0.696363,-3.37337,0.747004
50,Fs3,184.997,23,4053.63,1.07914,-2.19937,0.850154
50,Fs3,184.997,25,4263.57,1.11887,-4.05716,0.864821
50,Fs3,184.997,26,4476.21,1.1773,-4.54404,0.829924
50,Fs3,184.997,27,5349.66,1.04768,-6.37085,0.758911
50,Fs3,184.997,28,6268.85,2.0229,-4.93701,0.870708
50,G5,783.991,1,784.616,0.592239,4.21967,0.753628
50,G5,783.991,2,1574.62,0.751765,1.57406,0.852297
50,G5,783.991,3,2372.69,0.731336,1.0544,0.867119
50,G5,783.991,4,3185.57,1.28735,0.607328,0.970326
50,G5,783.991,5,4018.63,2.34973,-0.868878,0.927338
50,G5,783.991,6,4870.54,3.93229,-1.83616,0.897642
50,G5,783.991,8,5754.75,7.71058,-2.94948,0.907978
50,A1,55,1,55.1788,0.146192,3.05661,0.872794
50,A1,55,3,164.191,0.142456,3.65659,0.744688
50,A1,55,4,219.37,0.228758,3.34518,0.764411
50,A1,55,6,329.727,0.14813,3.65104,0.63989
50,A1,55,7,384.906,0.193824,3.37419,0.788427
50,A1,55,8,440.085,0.197217,0.471312,0.848865
50,A1,55,9,495.264,0.154662,1.84748,0.685912
50,A1,55,11,605.621,0.126319,2.48024,0.783841
50,A1,55,12,660.8,0.203989,1.03439,0.75559
50,A1,55,13,715.979,0.256903,2.87832,0.835321
50,A1,55,14,771.158,0.197014,2.85246,0.824842
50,A1,55,15,827.682,0.208439,2.4292,0.903056
50,A1,55,16,882.861,0.235828,0.580492,0.943502
50,A1,55,17,939.386,0.205081,1.72167,0.820658
50,A1,55,18,994.565,0.26257,0.50932,0.884594
50,A1,55,19,1051.09,0.238128,1.4406,0.884916
50,A1,55,31,1796.68,0.512938,-0.86107,0.986174
50,A1,55,33,1915.11,0.500972,-0.925028,0.953401
50,A1,55,34,1974.33,0.503297,-1.84639,0.956678
50,A1,55,35,2034.89,0.526263,-0.20773,0.957216
50,A1,55,36,2096.8,0.55244,-0.960385,0.97133
50,A1,55,37,2157.36,0.524308,-0.265059,0.969134
50,A1,55,43,2586.68,0.805547,-1.15662,0.9971
50,A1,55,44,2649.93,0.79495,-1.68114,0.919041
50,A1,55,45,2707.8,0.933213,-1.3615,0.997605
50,A1,55,52,2771.05,0.957338,-2.33375,0.947908
50,A1,55,53,3033.49,0.796313,-4.27286,0.865841
50,A1,55,57,3092.71,0.862969,-4.19065,0.862129
50,A1,55,58,3593.35,0.833662,-4.91965,0.828985
50,A1,55,65,3915.01,0.633023,-7.0118,0.78246
50,A1,55,69,4312.02,0.499994,-8.42377,0.762811
65,Fs6,1479.98,1,1484.45,1.23204,4.17466,0.857405
65,Fs6,1479.98,2,2986.39,1.53134,0.328132,0.933734
65,Fs6,1479.98,3,4544.85,3.53388,-0.896728,0.898646
65,Fs6,1479.98,4,6170.61,10.8555,-1.79688,0.929595
65,Fs6,1479.98,5,7883.84,3.94311,-9.10278,0.628885
65,Cs4,277.183,1,277.24,0.563154,5.17964,0.954443
65,Cs4,277.183,2,554.48,0.352538,4.03583,0.924132
65,Cs4,277.183,3,831.72,0.311861,1.9644,0.768595
65,Cs4,277.183,4,1111.65,0.496463,3.40303,0.802856
65,Cs4,277.183,5,1391.58,0.427079,2.75932,0.953812
65,Cs4,277.183,6,1672.86,0.461438,2.38774,0.958896
65,Cs4,277.183,7,1956.83,0.411692,1.00466,0.815678
65,Cs4,277.183,8,2243.49,0.473807,0.346495,0.718561
65,Cs4,277.183,11,3116.93,0.623552,-0.353992,0.912685
65,Cs4,277.183,13,3415.7,0.661495,-0.651574,0.887971
65,Cs4,277.183,14,3717.17,0.844904,-2.035,0.900959
65,Cs4,277.183,15,4332.21,1.11056,-1.94144,0.886333
65,Cs4,277.183,18,5289.09,2.63496,-1.13793,0.92994
65,Cs4,277.183,21,5953.93,4.88136,-1.32857,0.831189
65,Gs5,830.609,1,831.72,0.59486,3.86733,0.772762
65,Gs5,830.609,2,1668.82,0.925151,1.27914,0.919956
65,Gs5,830.609,3,2515.35,0.963097,-1.00823,0.929347
65,Gs5,830.609,4,3379.37,1.61992,-0.556215,0.919462
65,Gs5,830.609,5,4266.27,2.79755,-0.491736,0.920146
65,Gs5,830.609,6,5178.74,4.98004,-1.45162,0.899599
65,Gs5,830.609,8,6123.5,9.11119,-2.31857,0.930086
65,Gs5,830.609,9,7103.27,7.78431,-5.07065,0.843791
65,F5,698.456,2,1401,0.576945,1.6286,0.774648
65,F5,698.456,3,2108.91,0.603871,1.70373,0.743517
65,F5,698.456,4,2830.27,0.964056,0.206863,0.922237
65,F5,698.456,5,3563.75,1.69772,-0.359615,0.915347
65,F5,698.456,6,4317.41,2.57621,-0.696579,0.911467
65,F5,698.456,8,5088.56,4.80875,-1.09676,0.88284
65,F5,698.456,9,5883.95,7.9259,-1.59682,0.886544
65,F5,698.456,10,6706.25,6.38428,-5.97748,0.771585
65,A4,440,1,440.085,0.341437,3.93419,0.823344
65,A4,440,2,881.516,0.420766,3.35494,0.859481
65,A4,440,3,1324.29,0.33855,1.70669,0.670733
65,A4,440,4,1771.11,0.475763,2.21973,0.891951
65,A4,440,5,2221.96,0.496969,1.53417,0.821486
65,A4,440,6,2678.19,0.656617,0.96403,0.903801
65,A4,440,8,3139.81,0.878463,0.265823,0.953673
65,A4,440,9,3609.5,1.11883,-0.967125,0.897706
65,A4,440,10,4575.81,2.24149,-1.84356,0.825436
65,A4,440,12,5071.07,3.69748,-1.35756,0.840285
65,A4,440,13,5579.79,5.95852,-1.12814,0.880138
65,A4,440,14,6104.66,6.73905,-1.99996,0.918428
65,Gs2,103.826,1,103.629,0.161933,4.12066,0.901862
65,Gs2,103.826,2,207.257,0.289738,4.00465,0.906216
65,Gs2,103.826,3,310.886,0.162567,3.55011,0.900146
65,Gs2,103.826,4,414.514,0.257217,3.44663,0.895803
65,Gs2,103.826,5,519.489,0.175931,2.99356,0.897676
65,Gs2,103.826,6,623.117,0.184017,3.20962,0.93301
65,Gs2,103.826,8,831.72,0.127042,0.912062,0.680461
65,Gs2,103.826,9,936.694,0.190614,3.53742,0.928756
65,Gs2,103.826,11,1146.64,0.166278,1.9023,0.712742
65,Gs2,103.826,12,1251.62,0.421576,2.9423,0.93104
65,Gs2,103.826,14,1464.26,0.196642,1.974,0.919905
65,Gs2,103.826,15,1570.58,0.344721,1.43168,0.967158
65,Gs2,103.826,16,1676.9,0.330927,0.166103,0.965706
65,Gs2,103.826,17,1784.56,0.176015,-0.161224,0.645859
65,Gs2,103.826,18,1892.23,0.216225,0.891254,0.844797
65,Gs2,103.826,19,2001.24,0.146289,-1.31427,0.703289
65,Gs2,103.826,20,2108.91,0.405801,-0.881194,0.88384
65,Gs2,103.826,21,2219.27,0.31164,0.498514,0.928939
65,Gs2,103.826,22,2328.28,0.196791,-0.811148,0.833128
65,Gs2,103.826,23,2438.64,0.183369,-1.6193,0.845174
65,Gs2,103.826,24,2550.34,0.265741,-1.84982,0.875359
65,Gs2,103.826,25,2662.04,0.265725,-1.90916,0.83397
65,Gs2,103.826,28,2773.75,0.426069,-0.701626,0.854686
65,Gs2,103.826,31,3229.98,0.353689,-0.947234,0.806331
65,Gs2,103.826,35,3345.72,0.408636,-1.64512,0.875588
65,Gs2,103.826,36,4057.66,0.738994,-1.86325,0.885094
65,Gs2,103.826,43,4178.79,0.644766,-2.58662,0.808881
65,Gs2,103.826,44,4929.76,1.19441,-2.14637,0.85864
65,Gs2,103.826,50,5188.16,1.68591,-2.45985,0.913149
65,Gs2,103.826,53,5318.7,1.39925,-3.75631,0.879826
65,Cs3,138.591,1,138.62,0.176376,4.28757,0.809789
65,Cs3,138.591,2,277.24,0.199383,3.69119,0.857375
65,Cs3,138.591,3,415.86,0.216837,4.00604,0.927053
65,Cs3,138.591,4,554.48,0.250436,3.37492,0.943193
65,Cs3,138.591,5,693.1,0.15755,2.25561,0.788951
65,Cs3,138.591,6,833.066,0.22069,2.34369,0.895474
65,Cs3,138.591,7,971.686,0.302393,2.3716,0.754633
65,Cs3,138.591,8,1111.65,0.232488,1.02504,0.92131
65,Cs3,138.591,9,1252.96,0.290279,2.26937,0.943388
65,Cs3,138.591,10,1392.93,0.191811,0.735129,0.685755
65,Cs3,138.591,11,1535.59,0.23067,1.44721,0.78131
65,Cs3,138.591,21,2691.65,0.298921,-0.813125,0.853917
65,Cs3,138.591,22,3139.81,0.355721,-0.798666,0.940629
65,Cs3,138.591,25,3291.89,0.396698,-0.70126,0.943615
65,Cs3,138.591,26,3910.97,0.466796,-2.00196,0.809656
65,Cs3,138.591,31,4390.08,0.540835,-2.9876,0.742907
65,Cs3,138.591,34,4551.58,0.795733,-2.68635,0.782153
65,Cs3,138.591,35,5387.34,1.56036,-2.19442,0.733557
65,Cs3,138.591,39,5559.6,2.26561,-1.90768,0.880572
65,Cs3,138.591,40,5908.17,2.69918,-2.5779,0.902921
65,Cs3,138.591,42,6813.91,1.68958,-6.51245,0.741283
65,Fs1,46.2493,1,45.7581,0.198427,0.984649,0.797185
65,Fs1,46.2493,2,92.8619,0.156676,3.84824,0.911077
65,Fs1,46.2493,3,138.62,0.190171,5.03479,0.957406
65,Fs1,46.2493,4,184.378,0.158175,3.42126,0.648004
65,Fs1,46.2493,5,230.136,0.145876,1.50084,0.827792
65,Fs1,46.2493,8,368.756,0.171188,0.434509,0.739803
65,Fs1,46.2493,9,415.86,0.168708,2.96324,0.630373
65,Fs1,46.2493,10,461.618,0.220567,3.12257,0.780882
65,Fs1,46.2493,11,508.722,0.172648,2.83582,0.625152
65,Fs1,46.2493,13,601.584,0.127056,1.10296,0.640744
65,Fs1,46.2493,14,648.688,0.156628,2.35525,0.696281
65,Fs1,46.2493,15,695.792,0.122556,1.39696,0.639008
65,Fs1,46.2493,16,742.896,0.142729,1.03477,0.661627
65,Fs1,46.2493,19,885.553,0.193426,2.43194,0.818744
65,Fs1,46.2493,20,932.657,0.170806,0.749841,0.603887
65,Fs1,46.2493,21,981.107,0.190214,1.68037,0.74462
65,Fs1,46.2493,22,1029.56,0.176984,1.77549,0.756862
65,Fs1,46.2493,27,1297.38,1.02885,-2.20626,0.937955
65,Fs1,46.2493,33,1619.03,0.429844,-0.874319,0.96801
65,Fs1,46.2493,34,1670.17,0.494428,0.3364,0.928499
65,Fs1,46.2493,35,1722.66,0.496693,1.3278,0.895625
65,Fs1,46.2493,36,1773.8,0.471606,0.483199,0.850734
65,Fs1,46.2493,37,1824.94,0.526998,-0.522312,0.971229
65,Fs1,46.2493,38,1876.08,0.539896,1.15342,0.950207
65,Fs1,46.2493,39,1928.57,0.582373,0.553799,0.931707
65,Fs1,46.2493,41,2056.42,0.874089,-2.64131,0.833151
65,Fs1,46.2493,50,2581.29,1.03107,-1.07155,0.92055
65,Fs1,46.2493,51,2639.16,0.891545,-0.640035,0.984206
65,Fs1,46.2493,59,2695.69,0.992519,-1.41732,0.955283
65,Fs1,46.2493,60,2811.43,1.54914,-1.03611,0.973451
65,Fs1,46.2493,62,3289.2,1.71277,-1.27291,0.938519
65,Fs1,46.2493,69,3944.61,1.92056,-2.44107,0.884808
65,Fs1,46.2493,79,4602.72,0.930366,-7.21614,0.730492
65,F2,87.3071,1,87.4786,0.212515,4.05329,0.967533
65,F2,87.3071,2,174.957,0.218544,3.69187,0.918515
65,F2,87.3071,3,261.09,0.292916,4.41721,0.890163
65,F2,87.3071,4,348.569,0.225489,3.87033,0.976612
65,F2,87.3071,5,436.047,0.198225,2.08379,0.87169
65,F2,87.3071,6,523.526,0.160882,2.4365,0.69747
65,F2,87.3071,8,698.483,0.12086,0.62929,0.841857
65,F2,87.3071,9,787.308,0.171226,2.70137,0.83275
65,F2,87.3071,10,874.786,0.157444,2.04157,0.614415
65,F2,87.3071,12,1051.09,0.226694,0.627611,0.812871
65,F2,87.3071,15,1317.56,0.126226,0.865464,0.637125
65,F2,87.3071,16,1406.39,0.243388,-0.434819,0.858436
65,F2,87.3071,17,1496.56,0.150439,0.565926,0.842639
65,F2,87.3071,18,1586.73,0.204521,1.6353,0.789517
65,F2,87.3071,19,1676.9,0.163401,0.109932,0.7204
65,F2,87.3071,20,1768.41,0.243535,-1.57586,0.881492
65,F2,87.3071,21,1861.28,0.176173,1.06432,0.733908
65,F2,87.3071,33,2600.13,0.28695,-0.714049,0.88793
65,F2,87.3071,34,2694.34,0.305643,-0.589242,0.937493
65,F2,87.3071,35,2789.9,0.33815,-1.47628,0.861678
65,F2,87.3071,36,3176.15,0.545688,-1.42861,0.80206
65,F2,87.3071,40,3472.23,0.553281,-2.08569,0.782318
65,F2,87.3071,43,3571.82,0.780037,-1.51177,0.729754
65,F2,87.3071,45,4219.16,0.696824,-6.58041,0.639946
65,F2,87.3071,51,4289.15,1.36308,-1.75988,0.812951
65,F2,87.3071,52,4395.46,0.903024,-4.37815,0.800204
65,F2,87.3071,53,4823.44,0.979344,-5.04907,0.767573
65,F2,87.3071,57,4932.45,0.844015,-6.03937,0.702766
65,F2,87.3071,58,5041.46,0.794909,-6.63306,0.697715
65,F2,87.3071,59,5153.16,0.590995,-8.13058,0.646113
65,F2,87.3071,60,5264.87,0.589183,-8.21512,0.641421
65,F2,87.3071,61,5719.76,0.631195,-8.2898,0.576042
65,F2,87.3071,65,5952.58,0.568543,-8.88043,0.57377
65,G7,3135.96,2,6447.85,20.8209,-3.49496,0.959859
65,A3,220,1,219.37,0.187342,3.41514,0.8937
65,A3,220,2,440.085,0.206462,2.83762,0.614458
65,A3,220,3,660.8,0.266693,3.67904,0.908572
65,A3,220,4,881.516,0.232758,2.27338,0.725565
65,A3,220,5,1102.23,0.146966,2.47943,0.668685
65,A3,220,6,1325.64,0.260985,1.14433,0.856424
65,A3,220,7,1549.04,0.259665,2.53357,0.738419
65,A3,220,8,1779.18,0.363891,0.0902239,0.986967
65,A3,220,14,2927.17,0.435488,-0.528624,0.876101
65,A3,220,15,3164.04,0.472557,-1.16304,0.915142
65,A3,220,16,4139.76,0.73014,-1.74083,0.900911
65,A3,220,21,5434.44,1.54257,-1.79853,0.854645
65,A3,220,26,5703.61,2.855,-1.03919,0.854846
65,A3,220,27,6255.4,2.53082,-4.57094,0.820535
65,A3,220,28,6824.68,0.862884,-8.45553,0.658189
65,G6,1567.98,1,1574.62,0.924143,3.1027,0.777791
65,G6,1567.98,2,3174.8,2.08564,0.869571,0.958556
65,G6,1567.98,3,4826.13,4.65669,-1.19311,0.895162
65,G6,1567.98,4,6562.24,8.52719,-4.10242,0.835
65,F3,174.614,1,174.957,0.171655,3.99149,0.838923
65,F3,174.614,2,348.569,0.225461,4.13427,0.894764
65,F3,174.614,3,523.526,0.220329,3.12451,0.911303
65,F3,174.614,4,698.483,0.142831,2.31198,0.744012
65,F3,174.614,5,874.786,0.304233,2.86944,0.870454
65,F3,174.614,6,1049.74,0.287245,1.95926,0.831126
65,F3,174.614,8,1403.7,0.265724,0.301797,0.805212
65,F3,174.614,9,1581.34,0.20763,1.37757,0.653346
65,F3,174.614,10,1760.34,0.279249,1.72131,0.903941
65,F3,174.614,11,1939.33,0.240766,-0.49144,0.767921
65,F3,174.614,12,2121.02,0.289632,0.603818,0.866468
65,F3,174.614,13,2304.05,0.345892,-0.513589,0.816922
65,F3,174.614,17,2670.12,0.254559,-0.948107,0.784235
65,F3,174.614,18,2855.84,0.485025,-0.337852,0.93189
65,F3,174.614,19,3231.33,0.386907,-1.8691,0.777171
65,F3,174.614,21,3422.43,0.649952,-1.56354,0.808974
65,F3,174.614,22,3613.54,0.476161,-2.18891,0.806793
65,F3,174.614,23,4201.67,0.625273,-1.82942,0.873744
65,F3,174.614,27,5013.2,1.38776,-2.30139,0.696982
65,F3,174.614,31,5862.41,2.13757,-2.35282,0.679317
65,F3,174.614,35,6080.44,2.76011,-3.19942,0.891544
65,A2,110,1,110.358,0.144854,3.89656,0.87963
65,A2,110,2,219.37,0.29437,3.2745,0.961726
65,A2,110,3,329.727,0.201096,4.53873,0.970437
65,A2,110,4,440.085,0.163488,2.80271,0.6524
65,A2,110,5,550.443,0.186833,3.2928,0.893789
65,A2,110,6,660.8,0.163789,3.32982,0.867721
65,A2,110,8,881.516,0.135062,1.4483,0.68466
65,A2,110,9,991.873,0.130971,1.97325,0.721284
65,A2,110,10,1103.58,0.173333,2.60297,0.691425
65,A2,110,11,1216.63,0.23852,1.48508,0.832518
65,A2,110,12,1331.02,0.208928,0.40168,0.842045
65,A2,110,23,2701.07,0.225882,-2.63043,0.737314
65,A2,110,24,2819.5,0.650989,-1.46097,0.949524
65,A2,110,26,2939.28,0.29313,-1.20664,0.850871
65,A2,110,29,3059.06,0.306727,-1.7737,0.819934
65,A2,110,30,3422.43,0.524693,-1.19132,0.83457
65,A2,110,33,3544.9,0.551669,-1.38109,0.90879
65,A2,110,34,3668.72,0.81261,-1.80984,0.816198
65,A2,110,35,4044.2,0.69581,-2.78995,0.776219
65,A2,110,36,5223.15,1.26292,-1.76593,0.909889
65,A2,110,46,5497.7,1.35189,-3.77666,0.824949
65,A2,110,48,5636.32,0.692701,-7.1959,0.668075
65,Cs2,69.2957,1,68.6371,0.213778,3.06025,0.915214
65,Cs2,69.2957,2,138.62,0.210394,3.87426,0.846992
65,Cs2,69.2957,3,207.257,0.152671,3.84248,0.879332
65,Cs2,69.2957,4,277.24,0.162681,3.55258,0.852277
65,Cs2,69.2957,5,345.877,0.128892,3.21385,0.723128
65,Cs2,69.2957,6,415.86,0.204631,3.93295,0.922902
65,Cs2,69.2957,8,554.48,0.174577,0.371754,0.800965
65,Cs2,69.2957,10,693.1,0.154385,1.85398,0.714827
65,Cs2,69.2957,11,763.083,0.173725,2.96638,0.843129
65,Cs2,69.2957,13,903.049,0.180206,1.79307,0.735221
65,Cs2,69.2957,14,973.032,0.148298,2.17877,0.655559
65,Cs2,69.2957,15,1044.36,0.189451,1.09065,0.750435
65,Cs2,69.2957,16,1114.34,0.20348,0.28604,0.765731
65,Cs2,69.2957,17,1185.67,0.17397,0.898539,0.851452
65,Cs2,69.2957,18,1255.65,0.207704,0.781434,0.751808
65,Cs2,69.2957,19,1328.33,0.309739,0.489046,0.833095
65,Cs2,69.2957,34,2499.2,0.515275,-2.46825,0.897208
65,Cs2,69.2957,35,2575.91,0.5727,-1.40244,0.917743
65,Cs2,69.2957,36,2652.62,0.471008,-1.52083,0.915538
65,Cs2,69.2957,37,2727.99,0.750352,-0.192732,0.960451
65,Cs2,69.2957,38,2806.05,0.545534,-1.56604,0.830787
65,Cs2,69.2957,44,3197.68,1.06186,-0.651969,0.844372
65,Cs2,69.2957,49,3277.08,1.09155,-1.67452,0.90359
65,Cs2,69.2957,50,3933.85,1.34108,-2.14776,0.88689
65,Cs2,69.2957,58,4017.29,0.640967,-6.17445,0.7119
65,Gs3,207.652,1,207.257,0.202901,4.39379,0.902904
65,Gs3,207.652,2,414.514,0.226239,3.66859,0.754842
65,Gs3,207.652,3,623.117,0.260949,3.58441,0.881058
65,Gs3,207.652,4,831.72,0.458469,3.12784,0.833858
65,Gs3,207.652,5,1040.32,0.234051,1.90628,0.737886
65,Gs3,207.652,6,1250.27,0.22175,2.61287,0.843005
65,Gs3,207.652,7,1461.57,0.281063,2.6316,0.787779
65,Gs3,207.652,8,1672.86,0.313958,1.06626,0.881055
65,Gs3,207.652,9,1886.85,0.393331,1.73342,0.961811
65,Gs3,207.652,10,2100.83,0.274518,0.0116912,0.764974
65,Gs3,207.652,11,2317.51,0.387894,-0.156177,0.968285
65,Gs3,207.652,12,2535.53,0.571117,-0.345273,0.968929
65,Gs3,207.652,13,2756.25,0.361237,-0.379509,0.887451
65,Gs3,207.652,14,2976.97,0.440213,-1.08563,0.910573
65,Gs3,207.652,16,3201.72,0.473179,-0.451403,0.882398
65,Gs3,207.652,18,3427.82,0.619035,-1.53745,0.83208
65,Gs3,207.652,19,3889.43,0.719786,-1.27494,0.881616
65,Gs3,207.652,21,4122.26,0.65109,-2.39832,0.857388
65,Gs3,207.652,23,4843.62,1.25308,-2.29215,0.8343
65,Gs3,207.652,26,5338.89,1.40685,-1.74002,0.82938
65,F4,349.228,1,348.569,0.393376,4.54267,0.719959
65,F4,349.228,2,698.483,0.346042,2.74968,0.93335
65,F4,349.228,4,1402.35,0.398088,1.33193,0.79287
65,F4,349.228,5,1757.65,0.410519,1.88747,0.783725
65,F4,349.228,6,2115.64,0.323294,1.02872,0.669264
65,F4,349.228,7,2476.32,0.518444,0.548788,0.911965
65,F4,349.228,8,2842.38,0.44525,-1.42301,0.896739
65,F4,349.228,10,3212.48,0.558391,-1.42559,0.845591
65,F4,349.228,11,3967.49,1.09465,-1.36725,0.863375
65,F4,349.228,13,4355.09,1.38549,-1.69713,0.874274
65,F4,349.228,14,5151.82,4.05975,-0.690078,0.875382
65,F4,349.228,17,5558.26,3.12773,-3.2335,0.874692
65,F4,349.228,18,5976.81,2.48032,-4.79527,0.817406
65,G1,48.9994,1,48.4497,0.221112,2.02005,0.865075
65,G1,48.9994,2,98.2452,0.206248,4.08225,0.843601
65,G1,48.9994,3,146.695,0.189669,4.83353,0.842507
65,G1,48.9994,4,195.145,0.173304,3.8567,0.821104
65,G1,48.9994,5,244.94,0.189705,4.06403,0.936563
65,G1,48.9994,6,293.39,0.218596,4.17005,0.940317
65,G1,48.9994,8,391.635,0.207171,1.80488,0.940949
65,G1,48.9994,9,440.085,0.20354,3.29559,0.812295
65,G1,48.9994,10,489.88,0.17514,2.65912,0.603313
65,G1,48.9994,12,588.126,0.269903,2.49945,0.95929
65,G1,48.9994,13,637.921,0.173383,2.71251,0.67885
65,G1,48.9994,16,787.308,0.155723,1.04867,0.679209
65,G1,48.9994,17,837.103,0.142494,0.550969,0.68838
65,G1,48.9994,18,886.899,0.211179,2.56095,0.888301
65,G1,48.9994,19,936.694,0.233002,2.54197,0.944861
65,G1,48.9994,20,987.836,0.204573,0.226904,0.728715
65,G1,48.9994,21,1038.98,0.202561,1.71511,0.841175
65,G1,48.9994,22,1091.46,0.199802,1.97563,0.693796
65,G1,48.9994,33,1713.24,0.438565,-0.797133,0.876803
65,G1,48.9994,34,1765.72,0.442175,0.067247,0.935024
65,G1,48.9994,35,1819.56,0.463654,1.36005,0.942883
65,G1,48.9994,36,1874.73,0.656611,1.54813,0.973579
65,G1,48.9994,37,1928.57,0.550139,0.748078,0.843938
65,G1,48.9994,38,1983.75,0.465763,-0.614936,0.931971
65,G1,48.9994,39,2038.93,0.512291,-1.12254,0.912994
65,G1,48.9994,45,2430.56,0.743375,-1.01728,0.948312
65,G1,48.9994,46,2488.43,0.802193,-1.11737,0.964452
65,G1,48.9994,54,2688.96,0.886247,-1.2192,0.977245
65,G1,48.9994,57,2781.82,1.07439,-1.38182,0.964707
65,G1,48.9994,58,3360.53,1.33559,-1.25141,0.876225
65,G1,48.9994,68,4033.44,1.57642,-3.28115,0.83123
65,G1,48.9994,78,4127.65,0.594182,-7.67638,0.743289
65,A5,880,1,881.516,0.654996,3.84717,0.86852
65,A5,880,2,1768.41,0.575159,0.567617,0.800815
65,A5,880,3,2670.12,1.24059,0.234509,0.932499
65,A5,880,4,3585.28,1.99652,-0.125533,0.937021
65,A5,880,5,4531.39,3.597,-0.598153,0.90011
65,A5,880,6,5505.77,6.28403,-1.20619,0.901072
65,A5,880,8,6516.49,7.58345,-3.59096,0.874937
65,Gs4,415.305,1,414.514,0.469416,4.58588,0.95444
65,Gs4,415.305,2,831.72,0.35386,2.42928,0.705602
65,Gs4,415.305,3,1248.93,0.277006,1.54565,0.638524
65,Gs4,415.305,4,1670.17,0.412102,2.16711,0.964754
65,Gs4,415.305,5,2095.45,0.329533,0.675619,0.692954
65,Gs4,415.305,6,2524.77,0.501791,-0.594186,0.865059
65,Gs4,415.305,7,2958.12,0.608761,-0.228067,0.969775
65,Gs4,415.305,9,3399.55,0.938316,-0.820472,0.888764
65,Gs4,415.305,10,3847.71,1.29937,-1.8038,0.867121
65,Gs4,415.305,11,4303.95,1.84325,-2.1167,0.810407
65,Gs4,415.305,12,5241.99,4.1579,-1.07281,0.806055
65,Gs4,415.305,15,5726.49,5.62127,-1.95314,0.917388
65,Gs4,415.305,16,6225.79,1.97225,-6.04199,0.790482
65,Gs4,415.305,17,6733.16,3.67935,-5.99493,0.745056
65,Cs5,554.365,1,554.48,0.551072,4.41844,0.754595
65,Cs5,554.365,2,1110.31,0.488048,3.02727,0.681243
65,Cs5,554.365,3,1671.51,0.413369,1.48053,0.543905
65,Cs5,554.365,4,2238.11,0.738231,2.30994,0.859663
65,Cs5,554.365,5,2811.43,0.892968,0.898112,0.870867
65,Cs5,554.365,6,3395.52,1.11784,0.210429,0.962541
65,Cs5,554.365,8,3990.37,1.8939,0.207003,0.966584
65,Cs5,554.365,9,4598.68,2.93102,-1.1655,0.918531
65,Cs5,554.365,10,5224.49,4.11861,-1.32295,0.891361
65,Cs5,554.365,11,5865.11,6.75012,-1.92625,0.865328
65,Cs5,554.365,12,6524.56,7.07489,-3.8846,0.862943
65,Fs7,2959.96,1,2976.97,5.57454,-3.69658,0.887415
65,Fs7,2959.96,2,6077.75,18.0473,-2.92575,0.95915
65,A7,3520,2,7259.38,26.1214,-4.03358,0.971135
65,F6,1396.91,1,1401,1.10736,3.08028,0.823669
65,F6,1396.91,2,2820.85,1.32262,-0.715906,0.889007
65,F6,1396.91,3,4283.76,2.97602,-0.576242,0.934071
65,F6,1396.91,4,5804.54,8.0009,-1.71988,0.915006
65,F6,1396.91,5,7403.38,11.6408,-5.15437,0.839633
65,G3,195.998,1,196.49,0.218672,4.70311,0.924447
65,G3,195.998,2,391.635,0.50054,4.88352,0.961672
65,G3,195.998,4,784.616,0.356026,2.63825,0.894784
65,G3,195.998,5,982.452,0.293387,2.6564,0.946485
65,G3,195.998,6,1180.29,0.240318,2.63209,0.861209
65,G3,195.998,7,1378.12,0.212125,1.77046,0.800783
65,G3,195.998,8,1577.31,0.253621,1.28057,0.877281
65,G3,195.998,9,1777.84,0.355668,1.40562,0.911759
65,G3,195.998,10,1979.71,0.316078,0.721659,0.887479
65,G3,195.998,11,2184.27,0.281969,0.685544,0.969401
65,G3,195.998,12,2388.84,0.673755,0.979059,0.900364
65,G3,195.998,13,2594.75,0.409644,-1.03029,0.874568
65,G3,195.998,14,2803.35,0.365873,-2.47893,0.800501
65,G3,195.998,16,3011.96,0.388994,-1.14835,0.913179
65,G3,195.998,18,3224.6,0.463094,-1.19786,0.827585
65,G3,195.998,19,3873.28,0.670355,-2.31832,0.853199
65,G3,195.998,22,4094,0.663619,-2.5637,0.849396
65,G3,195.998,24,4317.41,1.02519,-2.1925,0.714002
65,G3,195.998,25,5002.43,1.35813,-1.09277,0.921395
65,G3,195.998,28,5473.47,1.94655,-2.86753,0.886636
65,G3,195.998,30,5959.31,3.25818,-2.98832,0.891291
65,Fs5,739.989,1,740.204,0.736703,4.6676,0.907751
65,Fs5,739.989,2,1484.45,0.61305,1.99905,0.851627
65,Fs5,739.989,3,2238.11,0.685489,1.60407,0.783187
65,Fs5,739.989,4,2998.5,1.09018,0.476996,0.925593
65,Fs5,739.989,5,3718.52,0.9251,-6.24656,0.605173
65,Fs5,739.989,6,4585.23,3.5265,-0.799623,0.912582
65,Fs5,739.989,8,5411.56,5.62119,-1.32892,0.893558
65,Gs6,1661.22,1,1668.82,1.12213,2.49489,0.853392
65,Gs6,1661.22,2,3367.25,2.26803,0.0845466,0.967102
65,Gs6,1661.22,3,5127.59,7.15372,-0.616664,0.939023
65,Gs6,1661.22,4,6986.18,12.3317,-5.20631,0.899045
65,Cs7,2217.46,1,2232.72,1.5809,2.02993,0.945252
65,Cs7,2217.46,2,4528.7,4.83483,-1.41835,0.92523
65,Cs7,2217.46,3,6957.92,19.1782,-3.55454,0.955742
65,A0,27.5,1,26.9165,0.217502,0.901142,0.97813
65,A0,27.5,2,55.1788,0.232813,3.43431,0.980296
65,A0,27.5,3,82.0953,0.193086,5.0146,0.958515
65,A0,27.5,4,109.012,0.135359,4.79717,0.85437
65,A0,27.5,5,135.928,0.13798,4.2133,0.866695
65,A0,27.5,6,164.191,0.133917,3.634,0.840964
65,A0,27.5,7,191.107,0.104402,3.59807,0.686695
65,A0,27.5,8,219.37,0.117721,1.29351,0.799701
65,A0,27.5,9,246.286,0.109121,2.94918,0.663692
65,A0,27.5,10,274.548,0.121603,2.90625,0.77544
65,A0,27.5,11,302.811,0.125875,3.43689,0.804039
65,A0,27.5,12,331.073,0.125976,4.56713,0.821766
65,A0,27.5,13,357.99,0.16664,3.74703,0.949402
65,A0,27.5,14,386.252,0.175587,3.84116,0.948162
65,A0,27.5,15,415.86,0.15341,3.64486,0.905128
65,A0,27.5,16,444.122,0.175275,1.95956,0.947637
65,A0,27.5,17,472.385,0.171891,1.03577,0.871536
65,A0,27.5,18,501.993,0.178045,2.84892,0.94139
65,A0,27.5,19,530.255,0.184483,2.91354,0.937617
65,A0,27.5,20,559.863,0.202899,2.42965,0.953215
65,A0,27.5,21,589.471,0.201116,2.07049,0.959491
65,A0,27.5,22,619.08,0.226497,2.91937,0.96803
65,A0,27.5,23,650.034,0.225235,2.49972,0.96473
65,A0,27.5,24,679.642,0.267947,0.2533,0.984515
65,A0,27.5,25,710.596,0.25448,0.705892,0.982087
65,A0,27.5,26,741.55,0.244217,2.73887,0.982377
65,A0,27.5,27,772.504,0.282855,3.18097,0.992049
65,A0,27.5,28,803.458,0.282688,3.17247,0.990076
65,A0,27.5,29,835.757,0.347282,2.98062,0.996534
65,A0,27.5,30,866.711,0.360071,3.33074,0.989909
65,A0,27.5,31,899.011,0.375288,2.45929,0.990033
65,A0,27.5,32,931.311,0.413592,1.94141,0.993952
65,A0,27.5,33,964.957,0.442754,-0.155804,0.995493
65,A0,27.5,34,998.602,0.460454,1.36762,0.993679
65,A0,27.5,35,1030.9,0.458975,2.42669,0.985605
65,A0,27.5,36,1064.55,0.490269,2.46265,0.994047
65,A0,27.5,37,1096.85,0.522896,2.55177,0.996857
65,A0,27.5,38,1130.49,0.653617,2.17984,0.993173
65,A0,27.5,40,1172.21,0.612493,1.95707,0.970542
65,A0,27.5,41,1205.86,0.639701,0.856683,0.98428
65,A0,27.5,42,1240.85,0.716751,0.938301,0.990972
65,A0,27.5,43,1275.84,0.809182,2.30484,0.992953
65,A0,27.5,44,1312.18,0.818921,2.15108,0.983421
65,A0,27.5,45,1349.86,1.08484,2.04174,0.965807
65,A0,27.5,46,1387.55,1.01634,1.0697,0.963076
65,A0,27.5,47,1425.23,1.05103,1.87715,0.998878
65,A0,27.5,48,1462.91,1.19347,1.80829,0.995122
65,A0,27.5,49,1500.6,1.25747,1.28295,0.993216
65,A0,27.5,50,1539.62,1.2489,-0.3721,0.984527
65,A0,27.5,51,1580,1.27699,0.428538,0.99276
65,A0,27.5,52,1620.37,1.31417,0.693174,0.989249
65,A0,27.5,53,1659.4,1.46165,1.23422,0.987881
65,A0,27.5,54,1699.78,1.41152,1.43155,0.986273
65,A0,27.5,56,1775.14,1.71489,1.29586,0.999047
65,A0,27.5,61,1956.83,1.78699,-0.657139,0.977783
65,A0,27.5,62,1999.9,2.39051,-0.0783529,0.996583
65,A0,27.5,64,2088.72,2.63904,-0.00731039,0.998434
65,A0,27.5,65,2135.82,2.51488,0.698235,0.993034
65,A0,27.5,66,2178.89,2.46284,0.665124,0.997193
65,A0,27.5,67,2227.34,2.38442,-0.349671,0.9734
65,A0,27.5,75,2567.83,3.50847,-1.33908,0.968532
65,A0,27.5,76,2618.98,3.25221,-1.24814,0.96003
65,A0,27.5,77,2666.08,3.01657,-2.054,0.958417
65,A0,27.5,87,2989.08,4.26959,-1.73713,0.952014
65,A0,27.5,94,3102.13,0.464122,-6.49549,0.734679
65,A0,27.5,96,3155.96,0.441685,-6.81151,0.742714
65,G4,391.995,1,391.635,0.488354,4.75955,0.905585
65,G4,391.995,3,1178.94,0.314821,2.48758,0.601531
65,G4,391.995,4,1575.96,0.513467,3.02351,0.968629
65,G4,391.995,5,1975.67,0.353418,0.990196,0.793272
65,G4,391.995,6,2379.42,0.461156,1.6007,0.818656
65,G4,391.995,7,2787.2,0.543889,-0.174673,0.913497
65,G4,391.995,9,3201.72,0.712192,-0.637677,0.908174
65,G4,391.995,10,3621.62,1.07892,-0.992142,0.899492
65,G4,391.995,11,4049.59,1.33704,-1.66111,0.84679
65,G4,391.995,12,4925.72,2.15259,-1.65909,0.825748
65,G4,391.995,15,5377.92,4.66772,-0.989858,0.891095
65,F1,43.6535,1,43.0664,0.161249,-0.0688292,0.893321
65,F1,43.6535,2,87.4786,0.199575,3.91534,0.926748
65,F1,43.6535,3,130.545,0.134638,4.42372,0.718248
65,F1,43.6535,4,173.611,0.262612,4.28811,0.932382
65,F1,43.6535,6,261.09,0.168496,3.66841,0.713072
65,F1,43.6535,7,305.502,0.167316,3.41569,0.862503
65,F1,43.6535,8,348.569,0.138258,0.635783,0.71246
65,F1,43.6535,9,392.981,0.159794,2.97535,0.713707
65,F1,43.6535,10,436.047,0.152883,2.22602,0.693712
65,F1,43.6535,11,480.46,0.179075,1.89269,0.708752
65,F1,43.6535,12,523.526,0.156724,1.97411,0.63621
65,F1,43.6535,13,567.938,0.165416,1.75949,0.649951
65,F1,43.6535,15,656.763,0.127319,1.73431,0.622431
65,F1,43.6535,17,745.587,0.176196,1.28147,0.728452
65,F1,43.6535,18,789.999,0.150165,1.4242,0.68167
65,F1,43.6535,19,835.757,0.152443,2.04987,0.659587
65,F1,43.6535,20,880.17,0.244771,1.24764,0.936851
65,F1,43.6535,21,925.928,0.167995,1.85917,0.698907
65,F1,43.6535,22,971.686,0.18373,1.11357,0.719921
65,F1,43.6535,23,1018.79,0.188746,0.709439,0.740662
65,F1,43.6535,25,1135.88,1.34668,-2.1025,0.945126
65,F1,43.6535,28,1257,1.35985,-3.47052,0.626786
65,F1,43.6535,34,1580,0.418345,0.720617,0.939609
65,F1,43.6535,35,1628.45,0.430788,0.894443,0.971651
65,F1,43.6535,36,1678.24,0.458955,0.421049,0.942941
65,F1,43.6535,37,1726.69,0.545206,0.186157,0.876882
65,F1,43.6535,38,1776.49,0.476296,-0.025497,0.904019
65,F1,43.6535,39,1826.28,0.494261,-0.784691,0.962843
65,F1,43.6535,40,1876.08,0.519334,-1.64675,0.915111
65,F1,43.6535,41,1927.22,0.559196,0.428381,0.948514
65,F1,43.6535,42,1977.02,0.542471,0.378668,0.885531
65,F1,43.6535,49,2395.57,0.68149,-1.12165,0.936516
65,F1,43.6535,50,2448.06,0.778383,-1.26959,0.935249
65,F1,43.6535,52,2558.41,1.07372,-0.712439,0.963288
65,F1,43.6535,53,2613.59,1.21804,-0.857459,0.929391
65,F1,43.6535,54,2668.77,0.992599,-1.07759,0.884183
65,F1,43.6535,60,3135.77,1.55948,0.0608979,0.943465
65,F1,43.6535,70,3614.89,1.88517,-1.26613,0.913231
65,F1,43.6535,78,4390.08,2.86013,-0.98447,0.938569
65,F1,43.6535,89,4966.09,0.887924,-8.05735,0.627263
65,Gs1,51.9131,1,52.4872,0.471121,3.5497,0.955434
65,Gs1,51.9131,2,103.629,0.246805,4.34403,0.730267
65,Gs1,51.9131,3,154.77,0.20906,4.39638,0.872466
65,Gs1,51.9131,4,207.257,0.148104,4.3854,0.836335
65,Gs1,51.9131,5,258.398,0.212435,4.04363,0.897974
65,Gs1,51.9131,6,310.886,0.16414,4.07746,0.8714
65,Gs1,51.9131,7,363.373,0.157727,2.23639,0.700669
65,Gs1,51.9131,9,467.001,0.18161,2.49887,0.746702
65,Gs1,51.9131,10,519.489,0.170889,2.64076,0.738103
65,Gs1,51.9131,11,570.63,0.159656,2.77542,0.635892
65,Gs1,51.9131,12,623.117,0.162207,1.16363,0.74501
65,Gs1,51.9131,14,728.091,0.196352,2.94917,0.781084
65,Gs1,51.9131,15,780.579,0.179624,2.30979,0.742906
65,Gs1,51.9131,16,833.066,0.173798,0.215041,0.707266
65,Gs1,51.9131,17,886.899,0.163074,1.11524,0.794267
65,Gs1,51.9131,18,939.386,0.168299,1.31604,0.620861
65,Gs1,51.9131,19,993.219,0.254963,1.40039,0.908428
65,Gs1,51.9131,20,1047.05,0.329289,1.12758,0.900311
65,Gs1,51.9131,21,1102.23,0.269662,2.64813,0.942952
65,Gs1,51.9131,22,1157.41,0.239539,1.36055,0.885469
65,Gs1,51.9131,26,1403.7,0.754674,-2.76215,0.903911
65,Gs1,51.9131,32,1754.96,0.463484,-1.31858,0.907661
65,Gs1,51.9131,33,1811.48,0.459711,-0.885612,0.927301
65,Gs1,51.9131,34,1868.01,0.552425,0.635888,0.942084
65,Gs1,51.9131,35,1924.53,0.534304,0.824647,0.893623
65,Gs1,51.9131,36,1981.05,0.505349,0.00195331,0.954272
65,Gs1,51.9131,37,2037.58,0.569689,0.532592,0.981972
65,Gs1,51.9131,38,2098.14,0.66352,0.393292,0.996211
65,Gs1,51.9131,39,2161.4,1.17633,-4.23977,0.659109
65,Gs1,51.9131,43,2444.02,0.733225,-0.49205,0.970184
65,Gs1,51.9131,44,2505.93,0.767653,-1.80701,0.976617
65,Gs1,51.9131,45,2566.49,0.829386,-0.860234,0.972004
65,Gs1,51.9131,46,2625.71,0.929786,-1.1945,0.956673
65,Gs1,51.9131,53,2932.55,1.23624,-1.54637,0.981939
65,Gs1,51.9131,58,3602.77,1.15727,-3.00988,0.888247
65,Gs1,51.9131,68,4322.79,0.681261,-7.26799,0.720355
65,Gs1,51.9131,78,5373.88,0.701979,-8.21177,0.674755
65,Fs2,92.4986,1,92.8619,0.169137,3.62588,0.935313
65,Fs2,92.4986,2,184.378,0.222955,3.21394,0.970772
65,Fs2,92.4986,3,277.24,0.138295,3.31874,0.848871
65,Fs2,92.4986,4,370.102,0.179362,3.13082,0.876156
65,Fs2,92.4986,5,461.618,0.179102,2.68854,0.907314
65,Fs2,92.4986,6,554.48,0.237786,3.06367,0.960079
65,Fs2,92.4986,8,740.204,0.148846,1.90587,0.698256
65,Fs2,92.4986,9,833.066,0.18976,1.57734,0.847102
65,Fs2,92.4986,10,927.274,0.182847,3.02808,0.668751
65,Fs2,92.4986,12,1114.34,0.150646,1.54375,0.663401
65,Fs2,92.4986,13,1208.55,0.174877,2.12526,0.635789
65,Fs2,92.4986,15,1396.97,0.24217,1.1085,0.877514
65,Fs2,92.4986,16,1491.17,0.206355,0.840181,0.936321
65,Fs2,92.4986,17,1586.73,0.241974,0.798397,0.908158
65,Fs2,92.4986,18,1682.28,0.200676,1.02891,0.797357
65,Fs2,92.4986,19,1777.84,0.234639,0.364854,0.88175
65,Fs2,92.4986,20,1874.73,0.226442,-0.362261,0.91983
65,Fs2,92.4986,21,1972.98,0.203607,-0.50687,0.725045
65,Fs2,92.4986,22,2071.23,0.20102,0.190302,0.754632
65,Fs2,92.4986,31,2861.22,0.445652,-0.703689,0.944215
65,Fs2,92.4986,35,2963.51,0.347721,-1.60806,0.831553
65,Fs2,92.4986,36,3065.79,0.423961,-1.2028,0.848883
65,Fs2,92.4986,37,3906.93,0.99007,-1.17376,0.830677
65,Fs2,92.4986,46,4344.32,1.3006,-1.78291,0.898592
65,Fs2,92.4986,50,4569.08,1.20166,-2.46031,0.727777
65,Fs2,92.4986,52,5260.83,2.10157,-2.22101,0.888335
65,Fs2,92.4986,58,5377.92,1.03376,-5.4969,0.724076
65,Fs2,92.4986,59,5497.7,0.78682,-7.68085,0.645959
65,Fs2,92.4986,60,6108.7,0.780803,-8.0229,0.632854
65,Fs2,92.4986,66,6233.86,0.731874,-8.54381,0.63263
65,Fs3,184.997,1,184.378,0.242793,4.0245,0.948565
65,Fs3,184.997,2,370.102,0.253937,3.52879,0.907081
65,Fs3,184.997,3,554.48,0.255583,3.18687,0.801486
65,Fs3,184.997,4,740.204,0.255395,3.64419,0.886821
65,Fs3,184.997,5,925.928,0.19899,2.58203,0.798749
65,Fs3,184.997,6,1113,0.275291,2.50095,0.882291
65,Fs3,184.997,7,1300.07,0.253256,2.15119,0.727674
65,Fs3,184.997,8,1488.48,0.1943,0.951683,0.893792
65,Fs3,184.997,9,1676.9,0.277262,1.89107,0.944943
65,Fs3,184.997,10,1866.66,0.351597,0.749139,0.865328
65,Fs3,184.997,11,2057.77,0.277742,-0.432965,0.929508
65,Fs3,184.997,13,2444.02,0.411164,-0.79848,0.826292
65,Fs3,184.997,14,2639.16,0.290833,-1.39011,0.82557
65,Fs3,184.997,16,3033.49,0.348967,-0.998834,0.853175
65,Fs3,184.997,19,3845.02,0.542722,-2.67672,0.748544
65,Fs3,184.997,23,4053.63,0.596449,-2.26706,0.865579
65,Fs3,184.997,25,4263.57,1.35896,-1.46816,0.898126
65,Fs3,184.997,26,4476.21,1.39275,-2.01766,0.905955
65,Fs3,184.997,27,5349.66,2.26984,-1.86904,0.885816
65,Fs3,184.997,31,5575.75,1.83872,-3.77318,0.881785
65,Fs3,184.997,32,6268.85,2.8739,-2.75972,0.901467
65,Cs1,34.6478,1,34.9915,0.200216,2.15134,0.971702
65,Cs1,34.6478,2,68.6371,0.167659,4.74418,0.948863
65,Cs1,34.6478,3,103.629,0.136572,5.47393,0.905681
65,Cs1,34.6478,4,137.274,0.127041,4.77475,0.843135
65,Cs1,34.6478,5,172.266,0.136114,4.18988,0.891784
65,Cs1,34.6478,6,207.257,0.08887,4.92777,0.617803
65,Cs1,34.6478,7,242.249,0.122735,3.57624,0.793611
65,Cs1,34.6478,8,275.894,0.13653,2.2116,0.904749
65,Cs1,34.6478,9,310.886,0.126799,3.55156,0.874937
65,Cs1,34.6478,10,345.877,0.125629,4.4272,0.835582
65,Cs1,34.6478,11,380.869,0.137988,4.66249,0.854875
65,Cs1,34.6478,12,415.86,0.126178,4.18963,0.819485
65,Cs1,34.6478,13,450.851,0.156303,3.84898,0.891721
65,Cs1,34.6478,15,520.834,0.179467,2.16389,0.94614
65,Cs1,34.6478,16,557.172,0.164385,1.05088,0.916774
65,Cs1,34.6478,17,592.163,0.189951,2.27984,0.956968
65,Cs1,34.6478,18,628.5,0.209885,2.6073,0.971694
65,Cs1,34.6478,19,663.492,0.220899,3.03846,0.973495
65,Cs1,34.6478,20,699.829,0.1915,1.06029,0.930262
65,Cs1,34.6478,21,736.166,0.202323,3.44993,0.960228
65,Cs1,34.6478,22,772.504,0.200506,3.32621,0.956746
65,Cs1,34.6478,23,808.841,0.222779,2.56557,0.97734
65,Cs1,34.6478,24,845.178,0.231964,0.363959,0.963878
65,Cs1,34.6478,25,881.516,0.253296,1.77481,0.97918
65,Cs1,34.6478,26,919.199,0.267492,2.16761,0.986491
65,Cs1,34.6478,27,956.882,0.294161,2.10877,0.993604
65,Cs1,34.6478,28,998.602,0.395785,-0.572066,0.794723
65,Cs1,34.6478,29,1033.59,0.31678,2.54565,0.981811
65,Cs1,34.6478,30,1072.62,0.337022,2.32756,0.99524
65,Cs1,34.6478,35,1297.38,0.486491,2.29444,0.991014
65,Cs1,34.6478,37,1379.47,0.587262,1.33533,0.95364
65,Cs1,34.6478,38,1421.19,0.518209,1.37786,0.980998
65,Cs1,34.6478,39,1461.57,0.516556,-0.390724,0.986113
65,Cs1,34.6478,40,1499.25,0.544489,0.971104,0.976484
65,Cs1,34.6478,41,1543.66,0.58917,1.19304,0.979244
65,Cs1,34.6478,42,1584.04,0.628435,1.96965,0.982579
65,Cs1,34.6478,43,1625.76,0.640311,0.404399,0.983691
65,Cs1,34.6478,44,1668.82,0.645932,0.726354,0.991711
65,Cs1,34.6478,45,1710.54,0.704728,0.850835,0.976737
65,Cs1,34.6478,46,1753.61,0.713092,-0.0617524,0.961496
65,Cs1,34.6478,47,1796.68,0.739676,-0.395884,0.975037
65,Cs1,34.6478,48,1838.4,0.908486,-0.849929,0.975207
65,Cs1,34.6478,49,1882.81,0.831296,-0.119746,0.96968
65,Cs1,34.6478,50,1927.22,0.989192,0.929932,0.997649
65,Cs1,34.6478,51,1971.63,0.977845,-0.434944,0.992792
65,Cs1,34.6478,59,2387.49,1.09027,-0.445224,0.985457
65,Cs1,34.6478,60,2434.6,1.03706,-1.7842,0.960909
65,Cs1,34.6478,61,2483.05,1.17632,-0.959188,0.987622
65,Cs1,34.6478,71,2997.15,1.60544,-0.914925,0.868212
65,Cs1,34.6478,80,3045.6,0.395076,-5.40227,0.650673
65,Cs1,34.6478,89,4496.4,0.346909,-7.9608,0.640268
65,A1,55,2,110.358,0.166601,4.04049,0.656975
65,A1,55,3,164.191,0.168356,3.83528,0.839043
65,A1,55,4,219.37,0.216665,3.58498,0.970755
65,A1,55,5,274.548,0.180545,4.14173,0.686234
65,A1,55,6,329.727,0.155898,3.77851,0.683787
65,A1,55,7,384.906,0.202349,3.49064,0.805036
65,A1,55,8,440.085,0.180524,0.503889,0.830318
65,A1,55,9,495.264,0.160117,2.03525,0.732263
65,A1,55,11,605.621,0.140868,2.68319,0.805288
65,A1,55,12,660.8,0.202208,1.19391,0.728448
65,A1,55,13,715.979,0.252568,3.05804,0.833325
65,A1,55,14,771.158,0.199749,3.15739,0.821501
65,A1,55,15,827.682,0.206623,2.69406,0.900918
65,A1,55,16,882.861,0.228992,0.803231,0.934382
65,A1,55,17,939.386,0.211164,2.05084,0.790184
65,A1,55,18,994.565,0.262472,0.811895,0.891392
65,A1,55,19,1051.09,0.238674,1.81141,0.896147
65,A1,55,20,1110.31,0.275057,0.406253,0.918888
65,A1,55,21,1168.18,0.239556,1.72538,0.84271
65,A1,55,26,1487.14,0.63314,-2.69298,0.87579
65,A1,55,27,1542.32,0.597356,-2.7541,0.934772
65,A1,55,31,1796.68,0.518399,-0.171165,0.968022
65,A1,55,32,1857.24,0.515832,-1.03867,0.974669
65,A1,55,33,1915.11,0.503464,-0.136503,0.961689
65,A1,55,34,1974.33,0.4772,-1.23597,0.970433
65,A1,55,35,2034.89,0.544386,0.681258,0.977691
65,A1,55,36,2096.8,0.553708,-0.104137,0.978145
65,A1,55,37,2157.36,0.523255,0.596157,0.967
65,A1,55,43,2586.68,0.818387,-0.198774,0.97721
65,A1,55,44,2649.93,0.855206,0.0863444,0.999588
65,A1,55,45,2707.8,0.776726,-1.01851,0.942127
65,A1,55,46,2771.05,0.976067,-1.3497,0.948138
65,A1,55,53,3034.84,0.984712,-2.4591,0.905313
65,A1,55,57,3593.35,1.27003,-2.00122,0.907953
65,A1,55,65,3915.01,1.0332,-4.1267,0.840176
65,A1,55,69,4312.02,0.939922,-5.77395,0.738701
65,A1,55,75,4871.89,0.81079,-7.03469,0.739342
65,A1,55,81,4923.03,0.603183,-8.24532,0.749912
65,A1,55,82,5025.31,0.599095,-8.17704,0.719939
65,A1,55,83,5076.45,0.560155,-8.48229,0.719051
65,G5,783.991,1,784.616,0.615263,4.24129,0.779931
65,G5,783.991,2,1574.62,0.752481,1.91589,0.844906
65,G5,783.991,3,2372.69,0.709701,1.26676,0.851385
65,G5,783.991,4,3185.57,1.2788,0.857762,0.967622
65,G5,783.991,5,4018.63,2.394,-0.417854,0.939138
65,G5,783.991,6,4870.54,3.77722,-1.31289,0.920169
65,G5,783.991,8,5754.75,6.4056,-2.29524,0.876419
65,Cs6,1108.73,1,1110.31,1.08367,4.05677,0.774159
65,Cs6,1108.73,2,2232.72,1.28152,1.82183,0.88914
65,Cs6,1108.73,3,3378.02,2.32595,0.23469,0.903605
65,Cs6,1108.73,4,4554.27,4.2272,-1.42567,0.888393
65,Cs6,1108.73,5,5778.97,6.9345,-1.49216,0.902959
65,Cs6,1108.73,6,7054.82,6.41576,-6.69885,0.721539
65,Gs7,3322.44,1,3341.68,6.77434,-6.59986,0.904465
65,Gs7,3322.44,2,6840.83,21.6714,-3.51634,0.976791
65,Gs7,3322.44,3,10492.1,31.2901,-8.52842,0.886331
65,Fs4,369.994,1,370.102,0.365682,4.03949,0.821853
65,Fs4,369.994,2,740.204,0.459531,4.35498,0.894811
65,Fs4,369.994,4,1485.79,0.391803,1.92179,0.885752
65,Fs4,369.994,5,1862.62,0.381535,1.81961,0.762362
65,Fs4,369.994,6,2243.49,0.391869,1.1698,0.829468
65,Fs4,369.994,7,2627.05,0.521825,0.720966,0.913111
65,Fs4,369.994,9,3015.99,0.578396,-0.387436,0.870493
65,Fs4,369.994,10,3410.32,0.833724,-1.74102,0.808468
65,Fs4,369.994,11,4217.82,1.38988,-1.47493,0.905959
65,Fs4,369.994,13,4630.98,1.9411,-2.2756,0.87551
65,Fs4,369.994,14,5052.23,4.49069,-1.38096,0.846316
65,Fs4,369.994,16,5484.24,4.5713,-1.07008,0.824365
65,A6,1760,1,1767.07,1.17927,2.38342,0.847836
65,A6,1760,2,3571.82,2.47613,-0.050932,0.966483
65,A6,1760,3,5449.25,8.86427,-1.34925,0.940252
65,A6,1760,4,7441.07,14.3136,-5.01259,0.883649
65,G2,97.9989,1,98.2452,0.245028,4.3319,0.977577
65,G2,97.9989,2,195.145,0.224879,3.88304,0.977568
65,G2,97.9989,3,293.39,0.133616,2.83449,0.711561
65,G2,97.9989,4,391.635,0.247055,4.28434,0.982478
65,G2,97.9989,5,489.88,0.160123,2.83165,0.845564
65,G2,97.9989,6,588.126,0.162009,3.46592,0.874535
65,G2,97.9989,7,686.371,0.107029,2.47487,0.623648
65,G2,97.9989,8,784.616,0.207776,1.74791,0.904135
65,G2,97.9989,9,884.207,0.24087,3.20696,0.832304
65,G2,97.9989,11,1082.04,0.162467,0.831093,0.739396
65,G2,97.9989,12,1181.63,0.139495,1.57432,0.622188
65,G2,97.9989,13,1281.23,0.15068,1.97273,0.607975
65,G2,97.9989,14,1380.82,0.186679,1.52669,0.787664
65,G2,97.9989,15,1481.75,0.198861,0.983129,0.831456
65,G2,97.9989,16,1581.34,0.25939,0.8576,0.966868
65,G2,97.9989,17,1682.28,0.244971,0.481812,0.923645
65,G2,97.9989,18,1784.56,0.260058,1.36477,0.88519
65,G2,97.9989,19,1886.85,0.231557,-0.538564,0.82113
65,G2,97.9989,20,1989.13,0.149462,-2.25039,0.627412
65,G2,97.9989,21,2091.41,0.222621,0.226073,0.816109
65,G2,97.9989,22,2195.04,0.273724,-0.248603,0.837888
65,G2,97.9989,23,2300.02,0.210782,-1.75651,0.669732
65,G2,97.9989,30,2612.25,0.271384,-0.788746,0.768687
65,G2,97.9989,32,3040.22,0.386996,-1.04361,0.909014
65,G2,97.9989,35,3147.89,0.476956,-0.880171,0.898911
65,G2,97.9989,36,3927.12,0.694278,-1.21473,0.881104
65,G2,97.9989,44,4042.86,0.893092,-2.13381,0.748315
65,G2,97.9989,45,4626.95,1.03034,-3.81256,0.817905
65,G2,97.9989,50,4990.32,1.32071,-2.81795,0.858869
65,G2,97.9989,53,5612.09,0.603905,-7.9581,0.632082
65,F7,2793.83,1,2811.43,3.34232,-1.91899,0.931036
65,F7,2793.83,2,5730.52,13.9697,-2.25422,0.967253
65,F7,2793.83,3,8811.12,26.1985,-4.69465,0.948339
65,As3,233.082,1,232.828,0.259873,2.52806,0.970062
65,As3,233.082,2,465.656,0.312312,3.25517,0.777133
65,As3,233.082,4,934.003,0.219782,1.98026,0.701309
65,As3,233.082,5,1168.18,0.279275,3.01186,0.867809
65,As3,233.082,6,1405.04,0.325489,1.99474,0.852347
65,As3,233.082,7,1641.91,0.273369,2.04893,0.835617
65,As3,233.082,13,3102.13,0.468022,-0.589779,0.910156
65,As3,233.082,15,3352.45,0.543243,-1.28432,0.907535
65,As3,233.082,16,3606.81,0.672168,-1.24814,0.874459
65,As3,233.082,17,3863.86,0.784768,-2.38294,0.77402
65,As3,233.082,18,4387.39,1.13941,-2.28632,0.830127
65,As3,233.082,21,4923.03,1.85643,-1.53545,0.916119
65,As3,233.082,23,5197.58,2.22454,-1.98307,0.906933
65,As3,233.082,24,5474.82,3.28653,-1.86755,0.861047
65,As3,233.082,25,6042.75,2.85033,-3.18142,0.864252
65,As3,233.082,27,7231.12,1.2084,-8.35781,0.647318
65,B2,123.471,1,123.816,0.251658,4.20764,0.978048
65,B2,123.471,2,246.286,0.171245,3.95593,0.864252
65,B2,123.471,3,370.102,0.335659,3.64768,0.910435
65,B2,123.471,4,493.918,0.197181,3.18546,0.90796
65,B2,123.471,5,617.734,0.159266,2.39827,0.828764
65,B2,123.471,6,741.55,0.19002,3.34429,0.812222
65,B2,123.471,8,990.527,0.14883,0.511436,0.830551
65,B2,123.471,9,1114.34,0.171111,1.75815,0.713046
65,B2,123.471,11,1366.01,0.128441,0.576336,0.786122
65,B2,123.471,23,2781.82,0.359287,-0.887103,0.921648
65,B2,123.471,25,2915.06,0.337823,-0.557426,0.952712
65,B2,123.471,26,3184.22,0.373437,-0.973897,0.920794
65,B2,123.471,28,3320.15,0.384296,-1.44896,0.910831
65,B2,123.471,29,4013.25,0.546769,-1.76437,0.877768
65,B2,123.471,34,5033.39,1.27581,-1.92946,0.735533
65,B2,123.471,41,5184.12,1.99314,-2.08461,0.883947
65,B2,123.471,42,5334.85,2.08574,-1.53396,0.879408
65,B2,123.471,43,5957.97,2.33007,-2.94474,0.905484
65,B2,123.471,46,6116.78,2.20897,-3.92406,0.848015
65,C7,2093,1,2106.22,1.67157,2.50639,0.920899
65,C7,2093,2,4271.65,3.85752,-0.883819,0.950018
65,C7,2093,3,6560.9,15.0283,-2.21396,0.95638
65,Ds1,38.8909,1,39.0289,0.159291,1.91123,0.910453
65,Ds1,38.8909,2,78.0579,0.137358,4.27036,0.86872
65,Ds1,38.8909,3,115.741,0.138712,5.43223,0.911722
65,Ds1,38.8909,4,154.77,0.110336,4.37,0.751449
65,Ds1,38.8909,5,193.799,0.13143,4.69405,0.882081
65,Ds1,38.8909,6,232.828,0.11016,2.56744,0.835144
65,Ds1,38.8909,7,271.857,0.136048,3.90124,0.893592
65,Ds1,38.8909,8,310.886,0.0982288,2.17758,0.650268
65,Ds1,38.8909,9,349.915,0.113134,3.70466,0.777375
65,Ds1,38.8909,10,388.943,0.140248,4.69937,0.915568
65,Ds1,38.8909,11,427.972,0.168641,4.29278,0.944179
65,Ds1,38.8909,12,467.001,0.192409,3.47118,0.954475
65,Ds1,38.8909,13,506.03,0.185932,3.67544,0.952968
65,Ds1,38.8909,14,545.059,0.201628,3.22017,0.971883
65,Ds1,38.8909,15,585.434,0.210139,2.82519,0.974845
65,Ds1,38.8909,16,624.463,0.179442,1.05265,0.901863
65,Ds1,38.8909,17,664.838,0.178964,1.40513,0.879204
65,Ds1,38.8909,18,705.212,0.191298,1.4528,0.945671
65,Ds1,38.8909,19,744.241,0.201215,2.83267,0.957129
65,Ds1,38.8909,20,784.616,0.216343,2.52765,0.970656
65,Ds1,38.8909,21,824.991,0.215195,2.44631,0.965681
65,Ds1,38.8909,22,866.711,0.259647,3.26921,0.981103
65,Ds1,38.8909,23,907.086,0.284613,4.03254,0.993885
65,Ds1,38.8909,24,947.461,0.284836,1.42408,0.991617
65,Ds1,38.8909,25,990.527,0.308466,1.10156,0.989256
65,Ds1,38.8909,26,1032.25,0.348277,1.42083,0.987821
65,Ds1,38.8909,27,1099.54,2.55831,3.19944,0.974666
65,Ds1,38.8909,35,1454.84,0.5427,1.68287,0.988509
65,Ds1,38.8909,36,1500.6,0.545884,2.21309,0.99288
65,Ds1,38.8909,37,1545.01,0.600356,1.90212,0.98675
65,Ds1,38.8909,38,1588.07,0.582196,2.04903,0.991359
65,Ds1,38.8909,39,1633.83,0.724239,0.925259,0.999746
65,Ds1,38.8909,40,1678.24,0.657239,0.700542,0.985109
65,Ds1,38.8909,41,1724,0.71423,0.756774,0.979391
65,Ds1,38.8909,42,1769.76,0.647833,-0.564393,0.940955
65,Ds1,38.8909,43,1816.86,0.825774,0.640792,0.973405
65,Ds1,38.8909,44,1862.62,0.842688,1.45307,0.984388
65,Ds1,38.8909,45,1909.73,0.773247,0.749486,0.9828
65,Ds1,38.8909,46,1958.18,0.926438,-0.272588,0.989165
65,Ds1,38.8909,53,2345.77,1.22712,0.360091,0.999775
65,Ds1,38.8909,54,2396.91,1.27938,-0.297941,0.99911
65,Ds1,38.8909,59,2655.31,1.40302,-0.772016,0.985667
65,Ds1,38.8909,65,2754.9,1.18914,-0.320621,0.999404
65,Ds1,38.8909,69,3302.66,0.895068,-3.10647,0.829343
65,Ds1,38.8909,79,3376.68,0.605424,-5.00049,0.805682
65,Ds1,38.8909,80,3493.76,0.370289,-6.7278,0.789365
65,Ds1,38.8909,82,3614.89,0.285308,-7.45774,0.511133
65,Ds1,38.8909,88,4953.98,0.359479,-8.64634,0.753371
65,D6,1174.66,1,1177.6,0.774679,2.69683,0.663261
65,D6,1174.66,2,2367.31,1.36255,1.60562,0.939976
65,D6,1174.66,3,3583.93,2.17463,-0.798964,0.90016
65,D6,1174.66,4,4838.24,4.48365,-2.29858,0.848712
65,D6,1174.66,5,6145.04,9.60973,-2.04504,0.900314
65,E3,164.814,1,164.191,0.256353,4.05325,0.941532
65,E3,164.814,2,329.727,0.240562,3.95001,0.787489
65,E3,164.814,3,493.918,0.281445,2.99938,0.901132
65,E3,164.814,4,659.454,0.19095,2.22453,0.77005
65,E3,164.814,5,824.991,0.16871,2.83646,0.714415
65,E3,164.814,6,990.527,0.276611,0.613143,0.833111
65,E3,164.814,8,1324.29,0.350809,-0.141151,0.885307
65,E3,164.814,9,1491.17,0.291522,2.01177,0.83797
65,E3,164.814,11,1828.98,0.265505,-0.867209,0.880496
65,E3,164.814,12,2001.24,0.309475,0.835104,0.919784
65,E3,164.814,18,2688.96,0.316091,-0.846972,0.910126
65,E3,164.814,19,3219.21,0.354055,-1.56834,0.824968
65,E3,164.814,22,3398.21,0.640962,-1.37477,0.897596
65,E3,164.814,23,3945.96,0.475861,-1.46297,0.908338
65,E3,164.814,27,4131.68,0.605571,-2.5222,0.699837
65,E3,164.814,28,5486.93,1.19772,-2.95784,0.689896
65,E3,164.814,35,5688.8,2.43704,-3.50145,0.851788
65,C8,4186.01,2,8719.6,33.6658,-3.98419,0.978225
65,Ds6,1244.51,1,1247.58,1.10766,3.87926,0.793011
65,Ds6,1244.51,2,2509.96,1.18632,-0.881482,0.809359
65,Ds6,1244.51,3,3801.96,2.56625,-2.34655,0.877741
65,Ds6,1244.51,4,5139.71,6.18023,-1.01857,0.898611
65,Ds6,1244.51,5,6536.67,13.041,-1.57308,0.938299
65,B5,987.767,1,989.182,0.921417,3.84764,0.876459
65,B5,987.767,2,1985.09,0.8559,1.44503,0.880905
65,B5,987.767,3,2999.84,1.38301,-0.13683,0.911211
65,B5,987.767,4,4040.17,2.67313,-0.710528,0.886278
65,B5,987.767,5,5114.14,5.51093,-0.870686,0.893567
65,B5,987.767,6,6228.48,9.03579,-2.85078,0.897413
65,B5,987.767,8,7389.93,5.54267,-6.69993,0.678362
65,As4,466.164,1,465.656,0.400446,3.5543,0.805501
65,As4,466.164,2,934.003,0.385589,3.20765,0.770978
65,As4,466.164,3,1403.7,0.409836,2.02217,0.726114
65,As4,466.164,4,1877.43,0.48859,2.51214,0.935811
65,As4,466.164,5,2356.54,0.553722,1.52169,0.851128
65,As4,466.164,6,2841.04,0.625217,0.600037,0.902825
65,As4,466.164,8,3332.26,1.02384,0.275825,0.957829
65,As4,466.164,9,3834.26,1.51911,-1.24606,0.910056
65,As4,466.164,10,5396.76,4.16174,-1.34626,0.870987
65,As4,466.164,13,5945.86,5.9034,-2.81243,0.885081
65,E4,329.628,1,329.727,0.463958,5.49224,0.982094
65,E4,329.628,4,1322.95,0.350725,2.72303,0.890823
65,E4,329.628,5,1658.06,0.412954,2.14848,0.854368
65,E4,329.628,6,1995.86,0.384188,1.00824,0.743247
65,E4,329.628,7,2335.01,0.482778,0.860218,0.865415
65,E4,329.628,8,2678.19,0.467156,-0.181911,0.756015
65,E4,329.628,10,3025.42,0.580672,-1.24149,0.909988
65,E4,329.628,11,4096.69,1.1631,-1.82234,0.862848
65,E4,329.628,14,4464.1,1.77952,-2.01976,0.800311
65,E4,329.628,16,5219.11,3.72143,-0.936275,0.82292
65,E4,329.628,18,5605.36,1.55576,-5.11768,0.811622
65,D1,36.7081,1,36.3373,0.176999,1.96483,0.964548
65,D1,36.7081,2,72.6746,0.155989,4.48272,0.919545
65,D1,36.7081,3,109.012,0.125092,5.24572,0.836744
65,D1,36.7081,4,146.695,0.134991,5.35975,0.879938
65,D1,36.7081,5,183.032,0.12758,4.34165,0.837695
65,D1,36.7081,6,219.37,0.108194,3.62276,0.725159
65,D1,36.7081,7,255.707,0.124589,4.48115,0.880164
65,D1,36.7081,8,292.044,0.134377,1.77766,0.895425
65,D1,36.7081,9,329.727,0.0995985,3.9077,0.647995
65,D1,36.7081,10,366.064,0.10068,2.85898,0.640722
65,D1,36.7081,11,403.748,0.111249,3.55935,0.747088
65,D1,36.7081,12,440.085,0.127401,3.34015,0.770764
65,D1,36.7081,13,477.768,0.186067,2.44672,0.947432
65,D1,36.7081,14,514.105,0.164811,2.09348,0.933516
65,D1,36.7081,15,551.788,0.169257,1.9614,0.908894
65,D1,36.7081,16,589.471,0.168703,1.37124,0.931966
65,D1,36.7081,17,627.155,0.187697,1.14437,0.946373
65,D1,36.7081,18,664.838,0.199546,2.2372,0.943305
65,D1,36.7081,19,702.521,0.20182,1.06781,0.940953
65,D1,36.7081,20,740.204,0.187575,2.67189,0.932955
65,D1,36.7081,21,777.887,0.218148,3.38399,0.975316
65,D1,36.7081,22,816.916,0.215519,2.93557,0.974232
65,D1,36.7081,23,854.599,0.223499,3.13513,0.948481
65,D1,36.7081,24,893.628,0.263565,1.24982,0.981078
65,D1,36.7081,25,934.003,0.282547,1.40199,0.985543
65,D1,36.7081,27,1028.21,2.95841,0.984729,0.958038
65,D1,36.7081,33,1287.95,0.480455,0.49395,0.991418
65,D1,36.7081,34,1331.02,0.47754,0.52275,0.971734
65,D1,36.7081,35,1371.4,0.60851,1.17199,0.94752
65,D1,36.7081,36,1413.12,0.524645,1.95755,0.976554
65,D1,36.7081,37,1454.84,0.554426,0.949776,0.988804
65,D1,36.7081,38,1496.56,0.543619,1.06609,0.99201
65,D1,36.7081,39,1540.97,0.504173,0.183,0.968067
65,D1,36.7081,40,1581.34,0.626717,0.958734,0.985741
65,D1,36.7081,41,1624.41,0.647414,0.811589,0.986022
65,D1,36.7081,42,1667.48,0.657217,0.512577,0.988975
65,D1,36.7081,43,1710.54,0.69368,0.428424,0.977458
65,D1,36.7081,44,1753.61,0.755306,0.683919,0.963805
65,D1,36.7081,45,1799.37,0.76779,0.219245,0.971973
65,D1,36.7081,50,2057.77,2.81247,0.773624,0.977774
65,D1,36.7081,51,2112.95,0.971535,0.406181,0.989838
65,D1,36.7081,52,2160.05,1.10588,0.668947,0.985629
65,D1,36.7081,53,2207.15,0.995101,0.12305,0.991728
65,D1,36.7081,54,2254.26,1.12266,-0.287898,0.966936
65,D1,36.7081,60,2570.53,1.37677,-0.00955254,0.989539
65,D1,36.7081,69,3084.63,0.668314,-3.97462,0.75955
65,D1,36.7081,79,3170.76,0.544262,-5.20579,0.738258
65,D1,36.7081,92,4628.29,0.435944,-7.92228,0.689516
65,As5,932.328,1,934.003,0.700845,4.07386,0.825405
65,As5,932.328,2,1874.73,1.09274,1.67109,0.949034
65,As5,932.328,3,2828.92,1.39861,-0.414585,0.95955
65,As5,932.328,4,3807.34,2.40194,-1.61911,0.905407
65,As5,932.328,5,4814.02,5.02607,-1.1596,0.929321
65,As5,932.328,6,5855.69,9.34526,-1.27695,0.926235
65,As5,932.328,8,6939.07,7.71024,-5.27389,0.84801
65,B4,493.883,1,493.918,0.389899,4.161,0.816538
65,B4,493.883,2,989.182,0.345749,2.68706,0.725899
65,B4,493.883,4,1990.48,0.474239,2.47286,0.897315
65,B4,493.883,5,2499.2,0.57942,1.3457,0.884416
65,B4,493.883,6,3014.65,0.81143,0.577176,0.928454
65,B4,493.883,8,3538.17,1.17259,0.597778,0.956467
65,B4,493.883,9,4073.81,1.65618,-0.446101,0.930443
65,B4,493.883,10,5176.04,5.14877,-1.13349,0.829898
65,B4,493.883,12,5748.02,6.89018,-2.64436,0.929457
65,C1,32.7032,1,32.2998,0.214073,1.94229,0.981299
65,C1,32.7032,2,64.5996,0.175575,4.35247,0.954918
65,C1,32.7032,3,96.8994,0.126103,4.28251,0.809735
65,C1,32.7032,4,130.545,0.145151,4.98001,0.917794
65,C1,32.7032,5,162.845,0.149349,3.3751,0.924564
65,C1,32.7032,6,195.145,0.112303,4.45216,0.738506
65,C1,32.7032,7,227.444,0.108669,2.4995,0.78852
65,C1,32.7032,9,293.39,0.135769,4.04566,0.881785
65,C1,32.7032,10,327.036,0.138567,4.72914,0.912489
65,C1,32.7032,11,359.335,0.0985011,2.75445,0.663294
65,C1,32.7032,12,392.981,0.0997466,3.70672,0.689878
65,C1,32.7032,13,425.281,0.124264,3.44169,0.791454
65,C1,32.7032,14,458.926,0.149143,3.12659,0.847319
65,C1,32.7032,15,492.572,0.163135,1.75774,0.909745
65,C1,32.7032,16,526.218,0.154768,1.25225,0.875465
65,C1,32.7032,17,559.863,0.156548,1.7134,0.894626
65,C1,32.7032,18,593.509,0.181371,2.37293,0.949546
65,C1,32.7032,19,627.155,0.172772,2.34795,0.88365
65,C1,32.7032,20,660.8,0.184062,2.16756,0.903858
65,C1,32.7032,21,695.792,0.200676,1.9612,0.946382
65,C1,32.7032,22,729.437,0.194614,3.62902,0.952972
65,C1,32.7032,23,764.429,0.206525,3.03645,0.955714
65,C1,32.7032,24,799.42,0.206088,0.19687,0.966261
65,C1,32.7032,25,834.412,0.214802,-0.0455521,0.964679
65,C1,32.7032,26,869.403,0.231969,1.91102,0.96444
65,C1,32.7032,27,905.74,0.254974,2.87799,0.981989
65,C1,32.7032,28,940.732,0.281602,3.27166,0.988722
65,C1,32.7032,29,977.069,0.289035,2.99416,0.987363
65,C1,32.7032,30,1013.41,0.301123,2.2832,0.984704
65,C1,32.7032,31,1049.74,0.336422,1.9942,0.989748
65,C1,32.7032,32,1086.08,0.364013,1.32627,0.996533
65,C1,32.7032,33,1123.76,0.415294,-1.11126,0.979743
65,C1,32.7032,34,1162.79,0.407691,1.52907,0.975611
65,C1,32.7032,35,1200.48,0.421697,2.126,0.972998
65,C1,32.7032,41,1460.22,0.805219,-1.1937,0.958745
65,C1,32.7032,42,1495.21,0.745485,-2.22037,0.957098
65,C1,32.7032,46,1667.48,0.668761,0.338271,0.990995
65,C1,32.7032,47,1710.54,0.725972,0.4538,0.983
65,C1,32.7032,48,1753.61,0.772682,-1.09728,0.951217
65,C1,32.7032,49,1795.33,0.90847,-0.0429035,0.995538
65,C1,32.7032,50,1838.4,0.954627,-0.278899,0.992089
65,C1,32.7032,51,1880.12,0.877699,0.14074,0.98948
65,C1,32.7032,52,1925.88,0.911153,1.67098,0.989319
65,C1,32.7032,53,1967.6,0.933578,-0.0439645,0.986514
65,C1,32.7032,54,2012.01,1.00172,-0.140937,0.992474
65,C1,32.7032,55,2056.42,1.00929,0.0843289,0.981379
65,C1,32.7032,56,2102.18,1.07401,-1.52438,0.972313
65,C1,32.7032,57,2147.94,1.05053,-0.585347,0.983283
65,C1,32.7032,58,2192.35,1.13568,0.500706,0.999686
65,C1,32.7032,59,2239.45,1.03973,-0.608392,0.967208
65,C1,32.7032,60,2285.21,1.0367,-1.10906,0.956384
65,C1,32.7032,61,2333.66,1.1886,-0.867608,0.9701
65,C1,32.7032,62,2378.07,1.26727,-0.504484,0.995895
65,C1,32.7032,63,2427.87,1.143,-1.39365,0.982521
65,C1,32.7032,64,2476.32,1.10618,-0.772724,0.988601
65,C1,32.7032,71,2855.84,1.76774,-0.0588606,0.997311
65,C1,32.7032,81,2931.21,1.91973,-1.78268,0.975459
65,C1,32.7032,82,3145.19,0.305101,-6.67556,0.5057
65,C1,32.7032,87,4285.11,0.446404,-7.54324,0.722799
65,Ds7,2489.02,1,2504.58,2.70171,0.304392,0.904151
65,Ds7,2489.02,2,5091.26,10.7281,-1.60299,0.959582
65,Ds7,2489.02,3,7828.67,15.3508,-6.69105,0.82326
65,E5,659.255,2,1321.6,0.551625,2.52695,0.762386
65,E5,659.255,3,1990.48,0.589827,1.46463,0.678813
65,E5,659.255,4,2668.77,0.727739,0.624381,0.800055
65,E5,659.255,5,3359.18,1.46543,-0.153721,0.929833
65,E5,659.255,6,4063.05,2.08598,-0.641812,0.921907
65,E5,659.255,8,4784.41,3.95413,-1.47494,0.884631
65,E5,659.255,9,5530,7.54619,-0.764724,0.909914
65,C6,1046.5,1,1048.4,1.20817,3.58027,0.879867
65,C6,1046.5,2,2106.22,1.61797,2.37053,0.947321
65,C6,1046.5,3,3185.57,1.72624,0.557461,0.909811
65,C6,1046.5,4,4291.84,3.37678,-1.13654,0.908674
65,C6,1046.5,5,5435.79,6.60153,-1.24964,0.911329
65,C6,1046.5,6,6628.19,10.4748,-2.9368,0.917323
65,C6,1046.5,8,7874.42,3.51136,-9.14982,0.525551
65,B3,246.942,1,246.286,0.197132,4.40736,0.864476
65,B3,246.942,2,493.918,0.232749,3.66177,0.90775
65,B3,246.942,4,989.182,0.256563,2.69372,0.898307
65,B3,246.942,5,1238.16,0.317662,3.65639,0.915695
65,B3,246.942,6,1488.48,0.297739,2.35304,0.941018
65,B3,246.942,7,1740.15,0.340995,1.54107,0.895338
65,B3,246.942,12,3028.11,0.61006,0.432555,0.969308
65,B3,246.942,14,3294.58,0.558986,-0.533745,0.927313
65,B3,246.942,15,3562.4,0.677341,-0.506066,0.926857
65,B3,246.942,16,3832.91,0.914028,-1.69745,0.899735
65,B3,246.942,17,4107.46,0.965455,-2.55627,0.785377
65,B3,246.942,18,5243.33,1.82555,-1.53874,0.814691
65,B3,246.942,23,5538.07,3.17716,-1.6717,0.900871
65,B3,246.942,24,6447.85,1.18233,-6.58531,0.684865
65,As2,116.541,1,117.087,0.167413,3.97709,0.904091
65,As2,116.541,2,232.828,0.214421,1.87456,0.975825
65,As2,116.541,3,349.915,0.132353,3.03302,0.725113
65,As2,116.541,4,465.656,0.173103,3.16451,0.923779
65,As2,116.541,5,582.742,0.155017,3.19221,0.900692
65,As2,116.541,6,699.829,0.116974,1.61916,0.817869
65,As2,116.541,8,934.003,0.143649,1.50141,0.851796
65,As2,116.541,9,1051.09,0.14535,1.44947,0.756502
65,As2,116.541,11,1289.3,0.200088,2.05016,0.90986
65,As2,116.541,24,2995.81,0.32881,-1.65821,0.871291
65,As2,116.541,25,2744.14,0.382874,0.368974,0.993944
65,As2,116.541,26,3123.66,0.384931,-0.642641,0.927666
65,As2,116.541,29,3250.17,0.373681,-1.15016,0.888038
65,As2,116.541,30,3508.57,0.548587,-1.35661,0.859702
65,As2,116.541,32,3639.11,0.446673,-2.21873,0.768564
65,As2,116.541,33,4306.64,0.701026,-2.51499,0.749629
65,As2,116.541,38,4581.19,1.3512,-1.41896,0.798846
65,As2,116.541,40,4719.81,0.880221,-2.77108,0.847408
65,As2,116.541,41,5001.09,1.75089,-1.76392,0.863141
65,As2,116.541,43,5577.1,2.34405,-2.56652,0.901191
65,As2,116.541,46,5723.79,0.911861,-6.33469,0.687473
65,As2,116.541,47,5873.18,1.43192,-5.34542,0.792352
65,E2,82.4069,1,82.0953,0.196142,3.94499,0.951793
65,E2,82.4069,2,164.191,0.276384,3.60467,0.979129
65,E2,82.4069,3,246.286,0.427521,4.7051,0.990809
65,E2,82.4069,4,329.727,0.198302,3.38444,0.83993
65,E2,82.4069,5,411.823,0.147904,3.06788,0.811594
65,E2,82.4069,6,493.918,0.22991,2.3921,0.866777
65,E2,82.4069,7,577.359,0.204796,2.16541,0.781228
65,E2,82.4069,8,659.454,0.185047,1.01675,0.834177
65,E2,82.4069,9,742.896,0.160799,2.38752,0.642491
65,E2,82.4069,11,908.432,0.216006,2.95939,0.88223
65,E2,82.4069,12,991.873,0.130388,0.495965,0.643592
65,E2,82.4069,14,1158.76,0.227511,1.75994,0.89819
65,E2,82.4069,15,1243.54,0.195621,0.723776,0.811156
65,E2,82.4069,16,1326.98,0.650889,-0.722504,0.921093
65,E2,82.4069,17,1411.77,0.203605,0.120663,0.884982
65,E2,82.4069,18,1496.56,0.179489,0.525989,0.77406
65,E2,82.4069,19,1581.34,0.219232,0.476439,0.762963
65,E2,82.4069,20,1668.82,0.522555,-0.241965,0.965256
65,E2,82.4069,35,2627.05,0.470831,-0.752705,0.88142
65,E2,82.4069,36,2717.22,0.458715,-1.74041,0.88301
65,E2,82.4069,37,3419.74,1.65681,-1.53185,0.921519
65,E2,82.4069,45,3929.81,1.45923,-3.12095,0.880976
65,E2,82.4069,51,4126.3,0.988228,-5.24291,0.818344
65,E2,82.4069,53,4562.35,0.712637,-7.52968,0.697981
65,D7,2349.32,1,2365.96,2.15899,2.36421,0.970531
65,D7,2349.32,2,4805.94,6.01654,-1.56417,0.935357
65,D7,2349.32,3,7380.51,12.1538,-6.38642,0.760059
65,D5,587.33,1,586.78,0.567993,4.23251,0.798595
65,D5,587.33,2,1177.6,0.467432,3.41104,0.696973
65,D5,587.33,3,1771.11,0.531703,1.83217,0.73689
65,D5,587.33,4,2372.69,0.673808,1.73235,0.782831
65,D5,587.33,5,2982.35,0.929037,0.601048,0.925587
65,D5,587.33,6,3602.77,1.3265,-0.332116,0.934957
65,D5,587.33,8,4238,2.35072,-0.410925,0.951845
65,D5,587.33,9,4890.73,3.09706,-1.71763,0.878354
65,D5,587.33,10,5558.26,6.06528,-2.03872,0.879055
65,D5,587.33,11,6244.63,9.79443,-2.47385,0.947055
65,As0,29.1352,1,28.2623,0.199861,1.19497,0.966879
65,As0,29.1352,2,57.8705,0.219451,3.81077,0.981168
65,As0,29.1352,3,86.1328,0.173168,4.7119,0.955288
65,As0,29.1352,4,115.741,0.152095,4.80607,0.933052
65,As0,29.1352,5,145.349,0.15647,4.19925,0.937889
65,As0,29.1352,6,173.611,0.117367,4.03429,0.769199
65,As0,29.1352,7,203.22,0.098443,5.15736,0.638885
65,As0,29.1352,8,232.828,0.106208,0.137823,0.85854
65,As0,29.1352,9,261.09,0.104968,3.27087,0.703886
65,As0,29.1352,10,290.698,0.152439,3.63142,0.929875
65,As0,29.1352,11,320.306,0.106431,4.15934,0.681632
65,As0,29.1352,12,349.915,0.128716,4.10455,0.831223
65,As0,29.1352,13,380.869,0.160832,4.23512,0.939502
65,As0,29.1352,14,410.477,0.125088,3.4644,0.779474
65,As0,29.1352,15,440.085,0.175869,3.30004,0.947096
65,As0,29.1352,16,465.656,0.163662,-1.35351,0.931222
65,As0,29.1352,17,501.993,0.162403,1.74436,0.918754
65,As0,29.1352,18,532.947,0.200664,2.83446,0.970552
65,As0,29.1352,19,563.901,0.179466,2.49177,0.936301
65,As0,29.1352,20,594.855,0.217507,2.99392,0.978147
65,As0,29.1352,21,625.809,0.194104,2.56522,0.876849
65,As0,29.1352,22,658.109,0.226916,3.69356,0.970235
65,As0,29.1352,23,690.408,0.218525,1.90915,0.959743
65,As0,29.1352,24,721.362,0.224996,0.764078,0.971675
65,As0,29.1352,25,753.662,0.242753,1.14925,0.979966
65,As0,29.1352,26,787.308,0.260099,2.89697,0.989051
65,As0,29.1352,27,820.953,0.276803,2.63018,0.991087
65,As0,29.1352,28,854.599,0.291245,3.28903,0.986089
65,As0,29.1352,29,888.245,0.337127,3.18216,0.993259
65,As0,29.1352,30,921.89,0.323949,3.67651,0.993696
65,As0,29.1352,31,956.882,0.346298,2.31053,0.998034
65,As0,29.1352,32,990.527,0.407665,1.01597,0.991002
65,As0,29.1352,37,1137.22,0.549094,2.43567,0.992382
65,As0,29.1352,38,1172.21,0.537458,2.74589,0.986083
65,As0,29.1352,39,1207.21,0.556382,1.72112,0.986029
65,As0,29.1352,40,1244.89,0.613637,1.58773,0.986161
65,As0,29.1352,41,1282.57,0.652642,0.724835,0.989924
65,As0,29.1352,42,1320.25,0.728423,0.254593,0.969312
65,As0,29.1352,43,1359.28,0.968194,1.55792,0.94679
65,As0,29.1352,44,1398.31,0.825433,1.88072,0.95342
65,As0,29.1352,45,1437.34,0.84742,1.89955,0.990194
65,As0,29.1352,46,1477.72,0.904817,1.29432,0.999376
65,As0,29.1352,47,1518.09,0.933489,1.63395,0.98433
65,As0,29.1352,48,1559.81,0.928237,1.54095,0.979418
65,As0,29.1352,49,1600.19,1.14179,1.39017,0.99373
65,As0,29.1352,55,1816.86,1.38949,0.937329,0.977424
65,As0,29.1352,56,1858.58,1.3538,1.34615,0.986158
65,As0,29.1352,57,1904.34,1.50778,1.43306,0.974179
65,As0,29.1352,58,1950.1,1.51428,0.30677,0.987767
65,As0,29.1352,59,1994.51,1.4348,-1.41899,0.945719
65,As0,29.1352,61,2088.72,1.70744,-0.822599,0.972861
65,As0,29.1352,62,2135.82,1.8883,0.258547,0.987624
65,As0,29.1352,68,2382.11,2.26102,-0.108188,0.981886
65,As0,29.1352,72,2588.02,2.61828,-0.245613,0.99872
65,As0,29.1352,76,2793.93,3.48812,-1.3581,0.975908
65,As0,29.1352,86,3030.8,0.288467,-6.68989,0.63219
65,As0,29.1352,91,3084.63,0.283136,-6.89097,0.636822
65,As0,29.1352,92,3262.28,0.260787,-7.35007,0.640304
65,As0,29.1352,96,3386.1,0.257362,-7.56042,0.627701
65,C4,261.626,1,261.09,0.391569,4.71264,0.930398
65,C4,261.626,2,523.526,0.335307,3.7805,0.840058
65,C4,261.626,3,785.962,0.274807,2.71485,0.728789
65,C4,261.626,4,1048.4,0.447924,3.1971,0.942982
65,C4,261.626,5,1312.18,0.289385,2.37499,0.662506
65,C4,261.626,6,1578.65,0.599357,3.50071,0.980835
65,C4,261.626,7,1845.13,0.407168,1.27878,0.862534
65,C4,261.626,8,2116.98,0.479517,-0.0780967,0.88556
65,C4,261.626,12,3215.18,0.727407,0.0487618,0.951609
65,C4,261.626,14,3499.15,0.692163,-0.611032,0.931515
65,C4,261.626,15,4073.81,0.967276,-2.56252,0.706857
65,C4,261.626,16,4967.44,2.39023,-0.700713,0.871089
65,C4,261.626,21,5275.63,2.73891,-0.738272,0.902654
65,C4,261.626,22,5585.17,3.75192,-1.86943,0.909903
65,C4,261.626,23,5901.44,4.84327,-1.63572,0.893935
65,B1,61.7354,1,61.908,0.155911,2.65041,0.803733
65,B1,61.7354,2,123.816,0.219373,3.84289,0.960668
65,B1,61.7354,3,184.378,0.158092,3.25151,0.777066
65,B1,61.7354,4,246.286,0.247747,4.10727,0.901077
65,B1,61.7354,5,308.194,0.149184,2.63254,0.610978
65,B1,61.7354,6,370.102,0.176496,3.02492,0.73252
65,B1,61.7354,7,432.01,0.163914,2.52625,0.695888
65,B1,61.7354,8,493.918,0.168892,0.94249,0.869204
65,B1,61.7354,9,555.826,0.158263,1.59314,0.614148
65,B1,61.7354,10,617.734,0.18172,1.97234,0.836039
65,B1,61.7354,11,679.642,0.183071,2.78253,0.747847
65,B1,61.7354,12,742.896,0.176139,2.11301,0.843842
65,B1,61.7354,13,804.803,0.163397,2.19243,0.64018
65,B1,61.7354,14,866.711,0.168647,2.33059,0.677569
65,B1,61.7354,15,929.965,0.138569,1.67464,0.610424
65,B1,61.7354,16,993.219,0.208338,0.16601,0.82
65,B1,61.7354,17,1056.47,0.200919,0.876833,0.774709
65,B1,61.7354,19,1182.98,0.162435,0.946034,0.669113
65,B1,61.7354,20,1247.58,0.186238,0.908194,0.817505
65,B1,61.7354,21,1312.18,0.232828,1.48798,0.71144
65,B1,61.7354,27,1734.77,0.84397,-2.90029,0.734358
65,B1,61.7354,34,2228.69,0.391473,-0.368032,0.925799
65,B1,61.7354,35,2297.32,0.55278,-0.404951,0.825368
65,B1,61.7354,36,2364.61,0.463782,-0.389638,0.956519
65,B1,61.7354,37,2433.25,0.474751,-0.618485,0.933877
65,B1,61.7354,38,2503.23,0.531779,-2.14327,0.938623
65,B1,61.7354,39,2570.53,0.621151,-0.863411,0.955324
65,B1,61.7354,45,2853.15,0.614769,-1.29887,0.966565
65,B1,61.7354,49,2924.48,0.672989,-1.80941,0.865041
65,B1,61.7354,50,3068.48,1.11462,-0.796646,0.898607
65,B1,61.7354,52,3511.26,1.42385,-1.05489,0.908731
65,B1,61.7354,58,4227.24,2.08182,-0.430751,0.856752
65,B1,61.7354,67,5071.07,2.08835,-3.19043,0.847174
65,B1,61.7354,77,5390.03,0.474308,-9.42441,0.54472
65,Ds2,77.7817,1,78.0579,0.137549,3.10792,0.835049
65,Ds2,77.7817,2,154.77,0.247553,3.85241,0.97244
65,Ds2,77.7817,3,232.828,0.165836,1.81795,0.941134
65,Ds2,77.7817,4,310.886,0.248456,3.41745,0.83874
65,Ds2,77.7817,5,388.943,0.142388,3.25914,0.663625
65,Ds2,77.7817,6,467.001,0.248241,3.03453,0.910011
65,Ds2,77.7817,7,545.059,0.1845,1.98967,0.687024
65,Ds2,77.7817,8,621.771,0.190754,0.917153,0.829071
65,Ds2,77.7817,9,701.175,0.144306,1.32151,0.695207
65,Ds2,77.7817,11,857.291,0.158686,2.49854,0.827757
65,Ds2,77.7817,12,935.349,0.246862,2.28694,0.897234
65,Ds2,77.7817,13,1014.75,0.196312,2.04773,0.631877
65,Ds2,77.7817,14,1094.16,0.143432,1.51279,0.672783
65,Ds2,77.7817,15,1172.21,0.179687,1.53974,0.673642
65,Ds2,77.7817,16,1251.62,0.197245,0.0162761,0.815693
65,Ds2,77.7817,17,1331.02,0.309939,-0.416492,0.925588
65,Ds2,77.7817,18,1411.77,0.225483,1.53339,0.902203
65,Ds2,77.7817,19,1492.52,0.160406,0.291635,0.680049
65,Ds2,77.7817,36,2989.08,0.57768,-1.59955,0.911811
65,Ds2,77.7817,37,3239.4,0.706662,-1.61969,0.890685
65,Ds2,77.7817,45,3609.5,1.06769,-2.68146,0.883768
65,Ds2,77.7817,50,3882.71,0.948938,-4.41956,0.8004
65,Ds2,77.7817,53,3976.91,0.81208,-5.7242,0.747318
65,Ds2,77.7817,54,5400.8,2.55606,-2.16743,0.890974
65,D2,73.4162,1,72.6746,0.180177,3.4143,0.958481
65,D2,73.4162,2,146.695,0.209764,4.34102,0.92847
65,D2,73.4162,3,219.37,0.211675,2.92972,0.731746
65,D2,73.4162,4,293.39,0.208868,3.91162,0.970699
65,D2,73.4162,5,366.064,0.184086,2.69521,0.901624
65,D2,73.4162,6,440.085,0.151655,3.02272,0.784647
65,D2,73.4162,7,514.105,0.184159,1.6887,0.696101
65,D2,73.4162,8,586.78,0.141765,0.927251,0.798068
65,D2,73.4162,9,660.8,0.171842,2.54422,0.779472
65,D2,73.4162,10,734.821,0.167339,2.9563,0.776438
65,D2,73.4162,11,808.841,0.148057,2.56223,0.729429
65,D2,73.4162,12,882.861,0.151487,0.944961,0.709205
65,D2,73.4162,13,956.882,0.141347,2.10589,0.705308
65,D2,73.4162,14,1032.25,0.181398,1.37758,0.696218
65,D2,73.4162,15,1106.27,0.155517,1.40317,0.67476
65,D2,73.4162,16,1181.63,0.252609,0.838304,0.850685
65,D2,73.4162,17,1255.65,0.262566,0.741371,0.906172
65,D2,73.4162,18,1331.02,0.269631,-0.00749485,0.748705
65,D2,73.4162,19,1407.73,0.19267,0.41471,0.813993
65,D2,73.4162,35,2733.37,0.634423,-1.67978,0.942996
65,D2,73.4162,36,2815.47,0.578103,-1.75659,0.942968
65,D2,73.4162,37,2896.22,0.540467,-1.50481,0.917435
65,D2,73.4162,38,2979.66,0.598198,-1.37761,0.914126
65,D2,73.4162,44,3060.41,0.744395,-0.737791,0.840505
65,D2,73.4162,45,3313.42,0.787455,-3.50227,0.85086
65,D2,73.4162,48,3398.21,0.741603,-4.2553,0.846722
65,D2,73.4162,49,3653.92,0.753748,-4.59837,0.813369
65,D2,73.4162,52,4002.48,0.984419,-4.89018,0.772015
65,D2,73.4162,56,5005.12,1.07,-5.66926,0.689754
65,E7,2637.02,1,2652.62,3.46194,1.7471,0.869127
65,E7,2637.02,2,5398.1,12.925,-1.81846,0.966862
65,E7,2637.02,3,8305.09,21.9157,-5.06684,0.922144
65,Ds5,622.254,1,621.771,0.511384,3.89567,0.551998
65,Ds5,622.254,2,1247.58,0.474854,3.11005,0.662602
65,Ds5,622.254,3,1878.77,0.500045,2.86586,0.572341
65,Ds5,622.254,4,2516.69,0.607109,-0.811934,0.754384
65,Ds5,622.254,5,3165.38,1.1498,0.993983,0.959999
65,Ds5,622.254,6,3826.18,1.78,-0.562191,0.936925
65,Ds5,622.254,8,4501.79,2.60064,-0.737636,0.897584
65,Ds5,622.254,9,5200.27,4.5178,-0.790751,0.907563
65,Ds5,622.254,10,5914.9,8.70034,-1.79144,0.872017
65,Ds5,622.254,11,6651.07,3.73457,-7.11185,0.629125
65,B6,1975.53,1,1985.09,1.41407,2.28292,0.922523
65,B6,1975.53,2,4025.36,3.9217,-1.02958,0.949271
65,B6,1975.53,3,6166.57,13.0166,-2.24483,0.936568
65,C3,130.813,1,130.545,0.184621,4.16442,0.852485
65,C3,130.813,2,261.09,0.259743,4.29931,0.943165
65,C3,130.813,3,391.635,0.299661,4.19079,0.974856
65,C3,130.813,4,523.526,0.207056,3.14333,0.873806
65,C3,130.813,5,654.071,0.201462,3.65155,0.904426
65,C3,130.813,6,785.962,0.17787,3.24878,0.861639
65,C3,130.813,7,917.853,0.187026,3.24222,0.652335
65,C3,130.813,8,1049.74,0.2391,0.721821,0.948814
65,C3,130.813,9,1181.63,0.260989,2.70783,0.857895
65,C3,130.813,10,1314.87,0.174009,2.39566,0.679848
65,C3,130.813,11,1448.11,0.289532,1.19006,0.631704
65,C3,130.813,12,1585.38,0.201002,1.96933,0.812962
65,C3,130.813,22,3096.74,0.406813,0.100544,0.90942
65,C3,130.813,26,3530.1,0.555024,-1.58461,0.773707
65,C3,130.813,29,3971.53,0.531696,-1.58081,0.87833
65,C3,130.813,32,4273,0.586111,-1.98988,0.823603
65,C3,130.813,34,5369.84,1.52441,-1.35967,0.763868
65,C3,130.813,41,5532.69,1.63487,-2.74723,0.893351
65,C3,130.813,42,6029.3,0.543013,-8.35561,0.662052
65,As7,3729.31,2,7706.2,3.43827,-9.54483,0.709514
65,E6,1318.51,1,1321.6,1.11959,3.53116,0.879498
65,E6,1318.51,2,2662.04,1.22765,0.222278,0.874656
65,E6,1318.51,3,4036.13,3.00189,-0.0337675,0.923833
65,E6,1318.51,4,5461.36,7.14849,-0.842164,0.907378
65,E6,1318.51,5,6955.22,4.68988,-7.83721,0.600029
65,D3,146.832,1,146.695,0.177068,4.54143,0.833057
65,D3,146.832,2,293.39,0.179251,4.04061,0.84456
65,D3,146.832,3,440.085,0.189148,3.10082,0.779534
65,D3,146.832,4,586.78,0.34932,3.27613,0.90993
65,D3,146.832,5,734.821,0.197286,3.6613,0.817332
65,D3,146.832,6,882.861,0.255345,3.06611,0.838042
65,D3,146.832,7,1030.9,0.303318,1.82959,0.854736
65,D3,146.832,8,1178.94,0.258564,1.08621,0.824916
65,D3,146.832,9,1326.98,0.237948,0.521376,0.789662
65,D3,146.832,10,1477.72,0.223399,1.93999,0.655039
65,D3,146.832,11,1627.1,0.216736,0.958255,0.913505
65,D3,146.832,12,1781.87,0.244187,0.876201,0.891479
65,D3,146.832,20,2701.07,0.309948,-0.878848,0.688631
65,D3,146.832,21,3017.34,0.360702,-0.43399,0.899049
65,D3,146.832,23,3176.15,0.36354,-1.45096,0.790025
65,D3,146.832,24,3500.49,0.497694,-0.943198,0.912821
65,D3,146.832,26,3661.99,0.496015,-1.29615,0.931382
65,D3,146.832,27,3994.41,0.559813,-1.84527,0.871416
65,D3,146.832,30,4851.7,1.26544,-1.89872,0.760274
65,D3,146.832,35,5026.66,1.45823,-2.80575,0.877835
65,D3,146.832,36,5937.78,2.34287,-1.96174,0.73205
65,D3,146.832,41,6124.85,2.50501,-2.43001,0.890615
65,As6,1864.66,1,1874.73,1.48196,3.54825,0.936154
65,As6,1864.66,2,3791.19,3.05831,-2.19943,0.91973
65,As6,1864.66,3,5799.16,10.8331,-1.89815,0.925382
65,As6,1864.66,4,7929.6,14.389,-6.24182,0.863601
65,C2,65.4064,1,65.9454,0.210985,2.7583,0.952462
65,C2,65.4064,2,130.545,0.181836,4.32609,0.907256
65,C2,65.4064,4,261.09,0.264965,4.1102,0.855101
65,C2,65.4064,5,327.036,0.18319,3.79323,0.865581
65,C2,65.4064,6,391.635,0.224723,3.6996,0.909582
65,C2,65.4064,8,523.526,0.205594,1.01483,0.964623
65,C2,65.4064,9,588.126,0.161341,2.51762,0.859695
65,C2,65.4064,11,720.016,0.183765,2.88902,0.7934
65,C2,65.4064,13,851.907,0.199951,1.50465,0.733056
65,C2,65.4064,16,1051.09,0.174528,-0.236411,0.769202
65,C2,65.4064,17,1118.38,0.135926,1.25094,0.783125
65,C2,65.4064,18,1184.33,0.151136,1.0983,0.725262
65,C2,65.4064,19,1252.96,0.224085,1.20458,0.832253
65,C2,65.4064,33,2283.87,0.339096,-1.58363,0.850202
65,C2,65.4064,34,2355.19,0.500724,-1.11448,0.889088
65,C2,65.4064,35,2426.52,0.383955,-0.774514,0.935071
65,C2,65.4064,36,2497.85,0.425767,-0.818027,0.932532
65,C2,65.4064,37,2570.53,0.455367,-0.545859,0.911472
65,C2,65.4064,43,2643.2,0.426542,-0.739861,0.892092
65,C2,65.4064,44,3010.61,0.559727,-0.89999,0.93281
65,C2,65.4064,49,3161.34,0.957579,-1.30207,0.842942
65,C2,65.4064,51,3236.71,0.97886,-1.83659,0.795758
65,C2,65.4064,52,3620.27,1.31225,-1.79169,0.921664
65,C2,65.4064,57,4390.08,1.90539,-1.99806,0.90907
65,C2,65.4064,66,5270.25,2.38901,-1.37299,0.88122
65,B7,3951.07,2,8192.04,31.3967,-4.65094,0.979074
65,Ds4,311.127,1,310.886,0.340844,4.73693,0.88537
65,Ds4,311.127,2,621.771,0.31385,2.55075,0.618716
65,Ds4,311.127,4,1247.58,0.331762,2.74303,0.926871
65,Ds4,311.127,5,1563.85,0.418831,2.81112,0.714822
65,Ds4,311.127,6,1881.46,0.596182,3.00155,0.856198
65,Ds4,311.127,7,2200.42,0.447279,1.4699,0.858586
65,Ds4,311.127,8,2524.77,0.578841,-1.45926,0.757258
65,Ds4,311.127,9,2850.46,0.389748,-1.49304,0.667867
65,Ds4,311.127,11,3181.53,0.755009,-0.710549,0.943872
65,Ds4,311.127,12,3515.3,0.807298,-1.59295,0.808022
65,Ds4,311.127,13,3854.44,1.03375,-1.79612,0.882629
65,Ds4,311.127,14,4197.63,1.17507,-2.07148,0.869102
65,Ds4,311.127,15,4901.5,2.70827,-0.859461,0.806793
65,Ds4,311.127,18,5266.21,2.7635,-2.50127,0.884077
65,D4,293.665,1,293.39,0.356835,3.99587,0.722742
65,D4,293.665,2,586.78,0.295842,3.12049,0.866915
65,D4,293.665,3,881.516,0.360584,2.78484,0.848317
65,D4,293.665,5,1475.02,0.447642,2.63484,0.929588
65,D4,293.665,6,1773.8,0.457964,2.28384,0.924787
65,D4,293.665,7,2075.26,0.408331,0.755035,0.855575
65,D4,293.665,8,2379.42,0.506175,0.853141,0.764537
65,D4,293.665,9,2687.61,0.491414,-2.0567,0.862256
65,D4,293.665,10,3310.73,0.666101,-0.977941,0.849463
65,D4,293.665,13,3628.34,0.797588,-1.62887,0.87065
65,D4,293.665,14,3950,1.07544,-1.14413,0.918881
65,D4,293.665,15,4277.03,1.13733,-1.84988,0.8818
65,D4,293.665,17,5988.92,3.28892,-2.21553,0.822856
65,E1,41.2034,1,40.3748,0.172991,2.98322,0.961936
65,E1,41.2034,2,82.0953,0.146002,5.68794,0.916213
65,E1,41.2034,3,122.47,0.125105,5.00145,0.851448
65,E1,41.2034,4,164.191,0.130113,3.60083,0.869633
65,E1,41.2034,5,205.911,0.102308,5.02454,0.702035
65,E1,41.2034,6,246.286,0.10036,4.3177,0.686953
65,E1,41.2034,8,328.381,0.0947184,2.06016,0.692854
65,E1,41.2034,9,370.102,0.147187,3.83277,0.916459
65,E1,41.2034,10,411.823,0.130183,3.69365,0.82199
65,E1,41.2034,11,453.543,0.155685,3.78773,0.888508
65,E1,41.2034,12,495.264,0.1573,2.62635,0.904148
65,E1,41.2034,13,536.984,0.181517,2.72064,0.940165
65,E1,41.2034,14,578.705,0.181319,2.75675,0.951988
65,E1,41.2034,15,620.425,0.181574,1.79354,0.908552
65,E1,41.2034,16,662.146,0.173862,1.35231,0.858616
65,E1,41.2034,17,705.212,0.215172,0.839471,0.968222
65,E1,41.2034,18,746.933,0.185227,2.86557,0.932468
65,E1,41.2034,19,789.999,0.230543,2.19111,0.979993
65,E1,41.2034,20,833.066,0.254191,1.11602,0.99057
65,E1,41.2034,21,874.786,0.263222,2.40327,0.981926
65,E1,41.2034,22,917.853,0.294929,3.38656,0.994189
65,E1,41.2034,23,962.265,0.29578,2.78465,0.993353
65,E1,41.2034,24,1005.33,0.306576,0.554961,0.952668
65,E1,41.2034,25,1049.74,0.339348,1.49598,0.984508
65,E1,41.2034,26,1094.16,0.352549,0.864135,0.993685
65,E1,41.2034,27,1156.06,1.74452,4.82126,0.988478
65,E1,41.2034,28,1196.44,0.467285,-2.69239,0.823536
65,E1,41.2034,30,1278.53,0.551204,-2.53948,0.844081
65,E1,41.2034,33,1442.72,0.83442,-2.24559,0.869021
65,E1,41.2034,34,1484.45,1.19334,-1.79027,0.921398
65,E1,41.2034,37,1637.87,0.638302,1.98401,0.987079
65,E1,41.2034,38,1687.66,0.627988,0.763323,0.98485
65,E1,41.2034,39,1733.42,0.72983,-0.479405,0.94137
65,E1,41.2034,40,1783.22,0.791337,-0.145624,0.938541
65,E1,41.2034,41,1831.67,0.725727,0.954977,0.977665
65,E1,41.2034,42,1880.12,0.811431,0.825715,0.994794
65,E1,41.2034,43,1929.91,0.792687,1.42684,0.98579
65,E1,41.2034,44,1978.36,0.869501,0.876753,0.990464
65,E1,41.2034,45,2028.16,0.855096,0.0278249,0.967055
65,E1,41.2034,46,2079.3,0.904285,-1.51281,0.976675
65,E1,41.2034,47,2130.44,1.00666,-0.827625,0.993128
65,E1,41.2034,48,2181.58,1.01296,-0.418444,0.992345
65,E1,41.2034,50,2310.78,2.71524,1.68068,0.989494
65,E1,41.2034,60,2888.14,2.51986,0.0820904,0.974234
65,E1,41.2034,61,2937.94,1.44044,-1.7154,0.958038
65,E1,41.2034,70,3466.85,0.416069,-6.16252,0.606389
65,E1,41.2034,79,4044.2,0.39904,-7.0589,0.57686
65,E1,41.2034,96,4955.33,0.264529,-9.38392,0.621268
65,Ds3,155.563,1,154.77,0.200915,4.4241,0.880005
65,Ds3,155.563,2,310.886,0.252158,4.52411,0.823229
65,Ds3,155.563,3,467.001,0.243778,3.69449,0.881401
65,Ds3,155.563,4,621.771,0.277275,2.68381,0.91336
65,Ds3,155.563,5,777.887,0.217051,3.16169,0.834888
65,Ds3,155.563,6,935.349,0.226703,1.99983,0.822789
65,Ds3,155.563,7,1091.46,0.233146,2.31539,0.79757
65,Ds3,155.563,8,1248.93,0.230246,0.942455,0.904908
65,Ds3,155.563,10,1565.19,0.21201,2.53349,0.651656
65,Ds3,155.563,11,1725.35,0.216094,0.894353,0.768153
65,Ds3,155.563,12,1888.19,0.293883,1.05673,0.824777
65,Ds3,155.563,19,3028.11,0.291582,-0.831764,0.793839
65,Ds3,155.563,22,3196.33,0.327292,-0.922535,0.811582
65,Ds3,155.563,23,3365.91,0.541858,-1.23028,0.798115
65,Ds3,155.563,24,3535.48,0.612869,-1.07889,0.898899
65,Ds3,155.563,25,3881.36,0.330377,-2.74194,0.643676
65,Ds3,155.563,28,4955.33,0.714157,-1.84845,0.775836
65,Ds3,155.563,34,5139.71,0.967255,-2.15247,0.719334
65,Ds3,155.563,35,5326.78,1.12538,-2.2765,0.641794
65,Ds3,155.563,36,6488.22,2.54665,-2.28821,0.663232
65,B0,30.8677,1,30.954,0.22108,2.04671,0.984178
65,B0,30.8677,2,61.908,0.201059,3.91636,0.973997
65,B0,30.8677,3,91.5161,0.151846,4.58964,0.918138
65,B0,30.8677,4,122.47,0.116685,4.30153,0.784293
65,B0,30.8677,5,153.424,0.14594,4.17071,0.90396
65,B0,30.8677,6,184.378,0.104831,3.94405,0.699533
65,B0,30.8677,7,215.332,0.0895352,3.55598,0.624543
65,B0,30.8677,8,246.286,0.107167,1.47821,0.669213
65,B0,30.8677,9,277.24,0.121595,3.96556,0.819319
65,B0,30.8677,10,308.194,0.106479,3.34098,0.704391
65,B0,30.8677,11,339.148,0.103011,3.82461,0.697504
65,B0,30.8677,12,371.448,0.104842,3.8218,0.691107
65,B0,30.8677,13,402.402,0.133332,3.83037,0.807338
65,B0,30.8677,14,433.356,0.133694,2.43505,0.828788
65,B0,30.8677,15,465.656,0.154823,2.03036,0.833952
65,B0,30.8677,16,497.955,0.163381,1.01292,0.935748
65,B0,30.8677,17,528.909,0.181683,1.92223,0.93659
65,B0,30.8677,18,562.555,0.17334,2.05308,0.933158
65,B0,30.8677,19,593.509,0.194179,2.82056,0.962906
65,B0,30.8677,20,627.155,0.192757,1.92958,0.941353
65,B0,30.8677,21,659.454,0.196238,3.19293,0.935781
65,B0,30.8677,22,693.1,0.208193,2.49202,0.944194
65,B0,30.8677,23,725.4,0.197329,2.85281,0.95115
65,B0,30.8677,24,759.045,0.210205,0.685335,0.964029
65,B0,30.8677,25,792.691,0.233141,0.594802,0.980675
65,B0,30.8677,26,826.337,0.260521,1.32217,0.98796
65,B0,30.8677,27,861.328,0.260368,2.70786,0.98128
65,B0,30.8677,28,896.32,0.269783,3.3999,0.987602
65,B0,30.8677,29,929.965,0.315801,3.18842,0.99299
65,B0,30.8677,30,964.957,0.332522,2.90708,0.997896
65,B0,30.8677,31,999.948,0.349737,1.73448,0.991129
65,B0,30.8677,32,1036.29,0.350828,0.658017,0.989137
65,B0,30.8677,33,1071.28,0.426099,-0.658976,0.993999
65,B0,30.8677,34,1108.96,0.438981,1.10058,0.996066
65,B0,30.8677,35,1143.95,0.496836,2.87544,0.99531
65,B0,30.8677,36,1180.29,0.461492,2.88181,0.989808
65,B0,30.8677,37,1217.97,0.5126,2.5805,0.990583
65,B0,30.8677,38,1255.65,0.574768,1.53758,0.990188
65,B0,30.8677,39,1293.34,0.624206,2.58152,0.999251
65,B0,30.8677,40,1331.02,0.62927,-0.474926,0.974294
65,B0,30.8677,41,1370.05,0.807201,0.719681,0.951426
65,B0,30.8677,42,1410.42,0.651224,1.14478,0.98061
65,B0,30.8677,43,1449.45,0.686845,1.73646,0.99323
65,B0,30.8677,44,1488.48,0.679926,0.899664,0.992962
65,B0,30.8677,45,1528.86,0.731763,1.22114,0.984736
65,B0,30.8677,46,1569.23,0.817988,1.28821,0.981512
65,B0,30.8677,47,1609.61,0.84866,1.19118,0.997377
65,B0,30.8677,48,1651.33,0.850116,0.894995,0.981239
65,B0,30.8677,49,1694.39,0.889353,-0.806612,0.985978
65,B0,30.8677,50,1734.77,0.872728,-0.713383,0.934273
65,B0,30.8677,51,1777.84,1.03825,-0.122923,0.977681
65,B0,30.8677,52,1820.9,1.25509,0.702175,0.996858
65,B0,30.8677,53,1863.97,1.07743,1.45397,0.982202
65,B0,30.8677,54,1907.03,1.22424,1.83265,0.990641
65,B0,30.8677,55,1950.1,1.30959,0.50945,0.99406
65,B0,30.8677,64,2345.77,1.80222,-2.45982,0.791678
65,B0,30.8677,71,2674.15,2.08553,-0.861444,0.991226
65,B0,30.8677,72,2726.64,1.87248,-0.600134,0.993892
65,B0,30.8677,73,2777.78,2.07754,-1.85936,0.971367
65,B0,30.8677,75,2884.1,1.80184,-2.92933,0.92981
65,B0,30.8677,81,3289.2,0.668129,-5.0262,0.727989
65,C5,523.251,1,523.526,0.606244,4.63245,0.818615
65,C5,523.251,2,1048.4,0.469875,2.68266,0.601502
65,C5,523.251,3,1577.31,0.488305,2.78387,0.509735
65,C5,523.251,4,2110.25,0.607751,2.45832,0.816148
65,C5,523.251,5,2651.28,0.717694,0.8169,0.812446
65,C5,523.251,6,3199.03,0.958278,0.932852,0.844291
65,C5,523.251,8,4329.52,2.17772,-0.989036,0.903933
65,C5,523.251,10,4910.92,3.20469,-1.45518,0.873289
65,C5,523.251,11,5509.81,7.20778,-1.29633,0.883665
65,C5,523.251,12,6122.16,8.47342,-2.44281,0.934951
65,As1,58.2705,1,57.8705,0.274038,2.67011,0.96292
65,As1,58.2705,2,115.741,0.184313,3.41886,0.853993
65,As1,58.2705,3,174.957,0.177578,3.48079,0.896832
65,As1,58.2705,4,232.828,0.184546,0.987941,0.833365
65,As1,58.2705,5,290.698,0.184356,3.37645,0.805413
65,As1,58.2705,6,348.569,0.138941,2.92328,0.679453
65,As1,58.2705,8,465.656,0.160252,0.788564,0.693909
65,As1,58.2705,9,523.526,0.143528,2.73957,0.795294
65,As1,58.2705,11,640.613,0.209968,3.0078,0.831061
65,As1,58.2705,12,699.829,0.146331,1.2472,0.810767
65,As1,58.2705,13,757.7,0.226047,3.31012,0.932878
65,As1,58.2705,14,816.916,0.121489,1.89301,0.651381
65,As1,58.2705,16,935.349,0.167541,0.975867,0.766784
65,As1,58.2705,17,994.565,0.176248,0.698429,0.723229
65,As1,58.2705,18,1053.78,0.177767,0.672344,0.69951
65,As1,58.2705,19,1114.34,0.16693,1.12043,0.692521
65,As1,58.2705,20,1176.25,0.251131,1.37115,0.771888
65,As1,58.2705,26,1575.96,0.91506,-2.49259,0.907816
65,As1,58.2705,28,1693.05,0.610001,-3.70793,0.804009
65,As1,58.2705,29,1752.26,0.837605,-2.71259,0.930088
65,As1,58.2705,30,1837.05,0.352276,0.80222,0.808269
65,As1,58.2705,31,1898.96,0.34125,-0.553654,0.909873
65,As1,58.2705,32,1960.87,0.360059,-1.19717,0.930169
65,As1,58.2705,33,2022.78,0.351364,-1.03074,0.883858
65,As1,58.2705,34,2084.68,0.403771,-1.54333,0.897242
65,As1,58.2705,35,2149.28,0.422887,0.00155303,0.918591
65,As1,58.2705,37,2298.67,2.86381,-2.90908,0.88969
65,As1,58.2705,41,2593.41,0.561087,-1.33572,0.932066
65,As1,58.2705,42,2656.66,0.46864,-1.2876,0.945798
65,As1,58.2705,43,2722.6,0.599909,-0.524002,0.951817
65,As1,58.2705,44,2787.2,0.563307,-0.877987,0.947767
65,As1,58.2705,51,3068.48,1.06101,-0.813226,0.938873
65,As1,58.2705,55,3116.93,1.00597,-0.837487,0.926301
65,As1,58.2705,56,3184.22,1.09908,-0.943246,0.938364
65,As1,58.2705,57,3250.17,0.869873,-2.53771,0.900034
65,As1,58.2705,58,3832.91,1.1926,-2.87805,0.882286
65,As1,58.2705,65,3875.98,0.77059,-5.0201,0.788421
65,As1,58.2705,66,3944.61,0.698631,-5.70492,0.770739
65,As1,58.2705,67,4598.68,0.897983,-6.2196,0.723637
65,As1,58.2705,75,4980.9,0.856817,-6.77591,0.688382
65,As1,58.2705,80,5371.19,0.485845,-9.31746,0.607642
65,As1,58.2705,84,6138.31,0.521466,-9.50589,0.555691
80,Ds5,622.254,1,621.771,0.539253,3.46694,0.583726
80,Ds5,622.254,2,1247.58,0.482906,2.7706,0.635689
80,Ds5,622.254,4,2516.69,0.683471,-0.675925,0.791031
80,Ds5,622.254,5,3164.04,1.22114,1.21509,0.962047
80,Ds5,622.254,6,3826.18,1.80654,-0.271654,0.938686
80,Ds5,622.254,8,4501.79,2.62934,-0.286603,0.918014
80,Ds5,622.254,9,5200.27,4.41454,-0.18531,0.917951
80,Ds5,622.254,10,5914.9,7.43914,-1.21084,0.90814
80,Ds5,622.254,11,6651.07,11.6328,-1.17498,0.920242
80,Ds5,622.254,12,8200.11,11.7736,-3.59691,0.91891
80,C3,130.813,1,130.545,0.207341,3.72875,0.824643
80,C3,130.813,2,261.09,0.308534,4.01048,0.934596
80,C3,130.813,3,391.635,0.28972,3.63369,0.921679
80,C3,130.813,4,523.526,0.256359,3.0306,0.908753
80,C3,130.813,5,654.071,0.229684,3.46317,0.911746
80,C3,130.813,6,785.962,0.199135,2.94795,0.865574
80,C3,130.813,8,1049.74,0.26221,0.453997,0.935289
80,C3,130.813,9,1181.63,0.290104,2.55451,0.871346
80,C3,130.813,10,1314.87,0.191303,2.23676,0.673321
80,C3,130.813,11,1448.11,0.709173,2.62901,0.954554
80,C3,130.813,12,1585.38,0.216181,1.92593,0.779766
80,C3,130.813,22,3096.74,0.401627,0.396217,0.930872
80,C3,130.813,26,3240.75,0.368166,-1.03959,0.931088
80,C3,130.813,27,3971.53,0.532665,-0.757231,0.9125
80,C3,130.813,32,4273,0.629326,-0.974929,0.883999
80,C3,130.813,34,5369.84,1.10221,-0.903113,0.898719
80,C3,130.813,41,5532.69,1.29059,-1.60785,0.859969
80,C3,130.813,42,6029.3,2.32789,-2.36079,0.872336
80,C3,130.813,45,6369.79,2.94622,-2.32576,0.776643
80,C3,130.813,47,7986.13,1.94021,-6.25195,0.742919
80,B6,1975.53,1,1985.09,1.41492,1.74269,0.935249
80,B6,1975.53,2,4025.36,3.95289,-1.02974,0.947015
80,B6,1975.53,3,6166.57,12.7864,-2.0015,0.943448
80,As7,3729.31,2,7706.2,3.5941,-9.33794,0.747057
80,E7,2637.02,1,2652.62,3.13415,0.813759,0.897153
80,E7,2637.02,2,5398.1,13.566,-1.77901,0.961743
80,E7,2637.02,3,8305.09,26.2104,-3.88535,0.964815
80,D2,73.4162,1,72.6746,0.217249,2.99445,0.944957
80,D2,73.4162,2,146.695,0.256608,3.91244,0.819618
80,D2,73.4162,3,219.37,0.175491,2.11111,0.788914
80,D2,73.4162,4,293.39,0.230407,3.58003,0.961607
80,D2,73.4162,5,366.064,0.193511,2.37175,0.827251
80,D2,73.4162,6,440.085,0.155647,2.59357,0.679481
80,D2,73.4162,7,514.105,0.195561,1.34957,0.641189
80,D2,73.4162,8,586.78,0.18821,0.875206,0.878335
80,D2,73.4162,9,660.8,0.198667,2.60269,0.805305
80,D2,73.4162,10,734.821,0.200386,2.96475,0.790309
80,D2,73.4162,11,808.841,0.164947,2.38152,0.675426
80,D2,73.4162,13,956.882,0.145437,1.90518,0.655515
80,D2,73.4162,14,1032.25,0.195569,1.28618,0.655992
80,D2,73.4162,15,1106.27,0.212705,1.8466,0.813935
80,D2,73.4162,16,1181.63,0.298386,0.931703,0.855038
80,D2,73.4162,17,1255.65,0.255862,0.456176,0.861989
80,D2,73.4162,19,1407.73,0.218978,0.511587,0.743042
80,D2,73.4162,35,2733.37,0.662145,-0.782978,0.889209
80,D2,73.4162,36,2815.47,0.577217,-0.834913,0.948856
80,D2,73.4162,37,2896.22,0.579089,-0.322835,0.931942
80,D2,73.4162,38,2978.31,0.598315,-0.346352,0.919075
80,D2,73.4162,43,3060.41,0.677236,0.266425,0.943193
80,D2,73.4162,45,3313.42,1.23013,-0.440679,0.88825
80,D2,73.4162,48,3652.57,1.13002,-1.39943,0.801315
80,D2,73.4162,52,4002.48,1.8369,-0.530402,0.909427
80,D2,73.4162,53,5005.12,1.65146,-1.19636,0.859621
80,D2,73.4162,67,5209.69,1.70636,-3.71277,0.842299
80,D2,73.4162,69,6002.38,1.70128,-5.39446,0.707478
80,D2,73.4162,77,6108.7,0.860231,-7.9509,0.584211
80,As0,29.1352,1,28.2623,0.206153,1.25938,0.968946
80,As0,29.1352,2,57.8705,0.218702,3.8189,0.981668
80,As0,29.1352,3,86.1328,0.175252,4.7617,0.96039
80,As0,29.1352,4,115.741,0.15352,4.77966,0.928753
80,As0,29.1352,5,145.349,0.159196,4.19363,0.944812
80,As0,29.1352,6,173.611,0.120178,4.06231,0.768284
80,As0,29.1352,7,203.22,0.101794,5.1701,0.66634
80,As0,29.1352,8,232.828,0.106282,0.143791,0.841993
80,As0,29.1352,9,261.09,0.10864,3.30795,0.718634
80,As0,29.1352,10,290.698,0.152006,3.63774,0.922274
80,As0,29.1352,11,320.306,0.110108,4.20326,0.69786
80,As0,29.1352,12,349.915,0.129013,4.17542,0.83103
80,As0,29.1352,13,380.869,0.16048,4.38503,0.947146
80,As0,29.1352,14,410.477,0.12655,3.70815,0.785345
80,As0,29.1352,15,440.085,0.175974,3.41987,0.944404
80,As0,29.1352,16,471.039,0.168222,1.34385,0.896974
80,As0,29.1352,17,501.993,0.16267,1.89889,0.917028
80,As0,29.1352,18,532.947,0.204015,2.9898,0.971623
80,As0,29.1352,19,563.901,0.180877,2.66292,0.937371
80,As0,29.1352,20,594.855,0.220618,3.17036,0.979578
80,As0,29.1352,21,625.809,0.19833,2.76381,0.880877
80,As0,29.1352,22,658.109,0.230687,3.901,0.972056
80,As0,29.1352,23,690.408,0.22251,2.12954,0.96175
80,As0,29.1352,24,721.362,0.227366,0.984732,0.974514
80,As0,29.1352,25,753.662,0.243851,1.38433,0.981583
80,As0,29.1352,26,787.308,0.260975,3.13913,0.988913
80,As0,29.1352,27,820.953,0.280433,2.89218,0.990975
80,As0,29.1352,28,854.599,0.296505,3.56395,0.986533
80,As0,29.1352,29,888.245,0.341224,3.47291,0.993399
80,As0,29.1352,30,921.89,0.329141,3.97384,0.993631
80,As0,29.1352,31,956.882,0.350087,2.62302,0.998063
80,As0,29.1352,32,990.527,0.411936,1.34201,0.990827
80,As0,29.1352,37,1137.22,0.556838,2.86173,0.99213
80,As0,29.1352,38,1172.21,0.542533,3.19106,0.986264
80,As0,29.1352,39,1207.21,0.565963,2.19705,0.985714
80,As0,29.1352,40,1244.89,0.618597,2.08277,0.986486
80,As0,29.1352,41,1282.57,0.66637,1.26461,0.989962
80,As0,29.1352,42,1320.25,0.736381,0.789747,0.969518
80,As0,29.1352,43,1359.28,0.979383,2.12741,0.947418
80,As0,29.1352,44,1398.31,0.833168,2.47016,0.95372
80,As0,29.1352,45,1437.34,0.85918,2.53001,0.990584
80,As0,29.1352,46,1477.72,0.915224,1.93285,0.999617
80,As0,29.1352,47,1518.09,0.950063,2.31268,0.983707
80,As0,29.1352,48,1559.81,0.93634,2.21375,0.980129
80,As0,29.1352,49,1601.53,1.17743,2.12983,0.996434
80,As0,29.1352,51,1674.21,0.958549,-1.51453,0.959083
80,As0,29.1352,52,1707.85,1.16974,-0.585722,0.98833
80,As0,29.1352,53,1741.5,1.01531,-1.42368,0.959923
80,As0,29.1352,55,1816.86,1.41471,1.73684,0.972466
80,As0,29.1352,56,1859.93,1.36477,2.13396,0.98596
80,As0,29.1352,57,1904.34,1.52075,2.24606,0.974308
80,As0,29.1352,58,1950.1,1.5235,1.13358,0.98737
80,As0,29.1352,59,1994.51,1.59458,-0.358936,0.959399
80,As0,29.1352,60,2042.96,1.31933,-1.40129,0.917567
80,As0,29.1352,61,2088.72,1.72963,0.0797904,0.975677
80,As0,29.1352,62,2135.82,1.89876,1.17033,0.987281
80,As0,29.1352,68,2382.11,2.26285,0.888339,0.987022
80,As0,29.1352,72,2588.02,2.52356,0.747368,0.999812
80,As0,29.1352,73,2643.2,2.55362,-0.0327344,0.990057
80,As0,29.1352,74,2694.34,2.60639,0.121949,0.996994
80,As0,29.1352,76,2793.93,2.64393,-0.756161,0.944072
80,As0,29.1352,86,3030.8,0.485506,-5.15438,0.722742
80,As0,29.1352,91,3084.63,0.44953,-5.45121,0.738375
80,As0,29.1352,92,3262.28,0.436256,-5.96746,0.769316
80,As0,29.1352,96,3508.57,0.36115,-6.82436,0.796543
80,B1,61.7354,1,61.908,0.164047,2.17837,0.74454
80,B1,61.7354,2,123.816,0.235257,3.36517,0.819556
80,B1,61.7354,3,184.378,0.14674,2.91149,0.796617
80,B1,61.7354,4,246.286,0.263645,3.79182,0.816116
80,B1,61.7354,6,370.102,0.191015,2.88265,0.715845
80,B1,61.7354,7,432.01,0.169666,2.23506,0.729122
80,B1,61.7354,8,493.918,0.196739,0.778246,0.878774
80,B1,61.7354,9,555.826,0.189924,1.5968,0.672699
80,B1,61.7354,10,617.734,0.192187,1.84771,0.796748
80,B1,61.7354,11,679.642,0.195358,2.60126,0.690427
80,B1,61.7354,12,742.896,0.169594,1.78245,0.778048
80,B1,61.7354,13,804.803,0.158564,2.00104,0.662287
80,B1,61.7354,14,866.711,0.195051,2.58094,0.772266
80,B1,61.7354,15,929.965,0.158265,1.76519,0.628351
80,B1,61.7354,16,993.219,0.197048,-0.0728109,0.8001
80,B1,61.7354,17,1056.47,0.205592,0.889243,0.797574
80,B1,61.7354,19,1182.98,0.179035,1.19664,0.740835
80,B1,61.7354,20,1247.58,0.182211,0.778262,0.743539
80,B1,61.7354,21,1312.18,0.224703,1.49226,0.722995
80,B1,61.7354,26,1670.17,1.77424,-1.00866,0.995234
80,B1,61.7354,27,1734.77,1.32151,-1.17061,0.932069
80,B1,61.7354,34,2228.69,0.403811,0.179039,0.917149
80,B1,61.7354,35,2297.32,0.526884,0.108595,0.952416
80,B1,61.7354,36,2364.61,0.479047,0.419472,0.957066
80,B1,61.7354,37,2433.25,0.495358,0.230389,0.937892
80,B1,61.7354,38,2503.23,0.527852,-1.37013,0.9263
80,B1,61.7354,39,2570.53,0.613643,-0.0521765,0.952839
80,B1,61.7354,45,2618.98,0.633069,-2.13831,0.882313
80,B1,61.7354,46,2853.15,0.576839,-0.421561,0.975069
80,B1,61.7354,49,2924.48,0.648522,-0.970869,0.891532
80,B1,61.7354,50,3068.48,0.77437,-0.53947,0.886948
80,B1,61.7354,52,3511.26,0.940018,-0.663716,0.886128
80,B1,61.7354,53,4227.24,1.27565,-0.476447,0.939819
80,B1,61.7354,67,5071.07,2.59688,-0.0679196,0.845583
80,B1,61.7354,77,5390.03,2.01601,-3.48692,0.839026
80,B1,61.7354,81,5473.47,1.58395,-4.95223,0.793934
80,B1,61.7354,82,5567.68,0.931919,-7.0766,0.644236
80,B1,61.7354,83,5918.94,0.632393,-9.00275,0.552269
80,B1,61.7354,86,6497.64,0.539786,-9.73258,0.523627
80,C4,261.626,1,261.09,0.464441,4.5151,0.938172
80,C4,261.626,2,523.526,0.439484,3.66424,0.873325
80,C4,261.626,3,785.962,0.321411,2.55708,0.684905
80,C4,261.626,4,1048.4,0.525111,3.02892,0.937731
80,C4,261.626,5,1312.18,0.295296,1.94546,0.614425
80,C4,261.626,6,1578.65,0.624612,3.05556,0.971039
80,C4,261.626,7,1845.13,0.4144,1.03849,0.862372
80,C4,261.626,8,2116.98,0.476471,-0.227924,0.876995
80,C4,261.626,12,3215.18,0.721432,0.263693,0.928343
80,C4,261.626,14,3499.15,0.696372,-0.0780343,0.946985
80,C4,261.626,15,4073.81,0.872158,-1.74506,0.869728
80,C4,261.626,16,4967.44,1.53308,-0.901257,0.918958
80,C4,261.626,21,5272.94,1.77293,-0.872496,0.901254
80,C4,261.626,22,5585.17,2.75501,-1.39588,0.877504
80,C4,261.626,23,5901.44,3.48184,-1.28427,0.824725
80,C4,261.626,24,6885.24,5.9035,-1.32204,0.861001
80,Ds2,77.7817,1,78.0579,0.210245,2.67133,0.847688
80,Ds2,77.7817,2,154.77,0.251242,3.23776,0.911991
80,Ds2,77.7817,3,232.828,0.157267,1.12731,0.87033
80,Ds2,77.7817,4,310.886,0.334834,3.68276,0.972816
80,Ds2,77.7817,6,467.001,0.271086,2.82815,0.919247
80,Ds2,77.7817,7,545.059,0.194903,1.63609,0.6107
80,Ds2,77.7817,8,621.771,0.212654,0.673008,0.811161
80,Ds2,77.7817,9,701.175,0.142253,0.822028,0.666427
80,Ds2,77.7817,10,779.233,0.165682,2.26436,0.641686
80,Ds2,77.7817,11,857.291,0.170552,2.22095,0.762268
80,Ds2,77.7817,12,935.349,0.256428,1.96553,0.856724
80,Ds2,77.7817,13,1014.75,0.215671,2.03896,0.699634
80,Ds2,77.7817,14,1094.16,0.154794,1.40545,0.703635
80,Ds2,77.7817,15,1172.21,0.190411,1.27629,0.750073
80,Ds2,77.7817,16,1251.62,0.677947,1.52744,0.900038
80,Ds2,77.7817,17,1331.02,0.341687,-0.448073,0.852492
80,Ds2,77.7817,18,1411.77,0.243063,1.75893,0.870571
80,Ds2,77.7817,19,1492.52,0.160734,0.472655,0.676947
80,Ds2,77.7817,20,1574.62,0.218085,0.970701,0.741871
80,Ds2,77.7817,21,1656.71,0.403364,-0.103646,0.90188
80,Ds2,77.7817,27,2186.97,2.51204,-1.20429,0.997471
80,Ds2,77.7817,28,2266.37,2.3692,-1.69559,0.948211
80,Ds2,77.7817,29,2345.77,2.52118,-1.91527,0.930315
80,Ds2,77.7817,36,2989.08,0.583971,-0.532255,0.927808
80,Ds2,77.7817,37,3075.21,0.550093,0.448785,0.974848
80,Ds2,77.7817,43,3239.4,0.815955,-0.28156,0.957412
80,Ds2,77.7817,45,3882.71,1.3931,-1.01713,0.794788
80,Ds2,77.7817,53,4321.44,2.15254,-1.58129,0.932482
80,Ds2,77.7817,54,5399.45,1.8151,-0.724938,0.875613
80,Ds2,77.7817,68,5543.45,2.53747,-2.34127,0.890397
80,Ds2,77.7817,70,6481.49,1.93144,-6.1489,0.712962
80,D5,587.33,1,586.78,0.574195,3.70555,0.801291
80,D5,587.33,2,1177.6,0.500651,3.1363,0.713845
80,D5,587.33,3,1771.11,0.520517,1.44101,0.700875
80,D5,587.33,4,2372.69,0.627077,1.41757,0.751959
80,D5,587.33,5,2982.35,0.962606,0.671718,0.94128
80,D5,587.33,6,3602.77,1.3635,-0.177092,0.931823
80,D5,587.33,8,4238,2.34715,-0.129829,0.958553
80,D5,587.33,9,4889.38,3.02192,-1.1891,0.888404
80,D5,587.33,10,5558.26,5.45079,-1.43164,0.913048
80,D5,587.33,11,6244.63,9.27986,-1.44542,0.919264
80,Ds3,155.563,1,154.77,0.182759,3.87026,0.73006
80,Ds3,155.563,2,310.886,0.294655,4.35339,0.838394
80,Ds3,155.563,3,467.001,0.242569,3.1913,0.809099
80,Ds3,155.563,4,621.771,0.254128,2.26234,0.807363
80,Ds3,155.563,5,777.887,0.235186,2.83365,0.760698
80,Ds3,155.563,6,935.349,0.220605,1.51927,0.771658
80,Ds3,155.563,7,1091.46,0.233557,1.75274,0.7363
80,Ds3,155.563,8,1248.93,0.243044,0.689467,0.88356
80,Ds3,155.563,9,1406.39,0.239236,0.960221,0.689904
80,Ds3,155.563,10,1565.19,0.231967,2.50205,0.635103
80,Ds3,155.563,11,1725.35,0.227182,0.788275,0.73218
80,Ds3,155.563,12,1888.19,0.278821,0.859711,0.777594
80,Ds3,155.563,19,3028.11,0.29119,-0.645731,0.757009
80,Ds3,155.563,22,3196.33,0.321607,-0.726245,0.788738
80,Ds3,155.563,23,3365.91,0.547741,-0.955581,0.81095
80,Ds3,155.563,24,3535.48,0.593899,-0.745458,0.904763
80,Ds3,155.563,25,3881.36,0.328754,-2.23582,0.691669
80,Ds3,155.563,28,4955.33,0.781707,-1.00567,0.841816
80,Ds3,155.563,34,5139.71,0.955974,-1.33478,0.805241
80,Ds3,155.563,35,5326.78,0.932952,-1.69858,0.808629
80,Ds3,155.563,36,6488.22,1.56007,-1.94101,0.806451
80,Ds3,155.563,42,6691.44,3.13867,-2.30112,0.868974
80,Ds3,155.563,43,6922.92,3.31236,-2.3891,0.915245
80,Ds3,155.563,44,7947.1,3.4554,-4.03478,0.850072
80,C5,523.251,1,523.526,0.632139,4.35471,0.83599
80,C5,523.251,2,1048.4,0.51316,2.51024,0.602203
80,C5,523.251,3,1577.31,0.487778,2.32101,0.523524
80,C5,523.251,4,2110.25,0.629677,2.17245,0.845826
80,C5,523.251,5,2649.93,0.705158,0.591076,0.844032
80,C5,523.251,6,3199.03,0.95373,0.930209,0.860232
80,C5,523.251,8,4910.92,2.95547,-0.776738,0.917011
80,C5,523.251,11,5507.12,5.22317,-1.21056,0.884859
80,C5,523.251,12,6122.16,7.97405,-1.3934,0.932339
80,C5,523.251,13,7403.38,4.65287,-5.7411,0.764092
80,B0,30.8677,1,30.954,0.219249,1.98804,0.979841
80,B0,30.8677,2,61.908,0.204843,3.97158,0.977988
80,B0,30.8677,3,91.5161,0.140656,4.45352,0.885136
80,B0,30.8677,4,122.47,0.116734,4.30798,0.786913
80,B0,30.8677,5,153.424,0.141379,4.12133,0.879919
80,B0,30.8677,6,184.378,0.107952,3.94577,0.721966
80,B0,30.8677,7,215.332,0.0884203,3.55284,0.619419
80,B0,30.8677,8,246.286,0.108252,1.48715,0.68063
80,B0,30.8677,9,277.24,0.116682,3.93389,0.790414
80,B0,30.8677,10,308.194,0.108239,3.35854,0.701642
80,B0,30.8677,11,339.148,0.103373,3.88083,0.694408
80,B0,30.8677,12,371.448,0.106141,3.88898,0.693735
80,B0,30.8677,13,402.402,0.134597,3.98384,0.809108
80,B0,30.8677,14,433.356,0.134974,2.67817,0.830655
80,B0,30.8677,15,465.656,0.15593,2.14398,0.835334
80,B0,30.8677,16,497.955,0.167301,1.15098,0.936523
80,B0,30.8677,17,528.909,0.183158,2.06703,0.937236
80,B0,30.8677,18,562.555,0.175002,2.21201,0.932389
80,B0,30.8677,19,593.509,0.197748,2.99018,0.965422
80,B0,30.8677,20,627.155,0.196292,2.11111,0.945834
80,B0,30.8677,21,659.454,0.199634,3.38409,0.939767
80,B0,30.8677,22,693.1,0.209243,2.69134,0.946468
80,B0,30.8677,23,725.4,0.201326,3.07087,0.952579
80,B0,30.8677,24,759.045,0.214285,0.91569,0.963916
80,B0,30.8677,25,792.691,0.238052,0.842504,0.980971
80,B0,30.8677,26,826.337,0.262238,1.57119,0.988186
80,B0,30.8677,27,861.328,0.26559,2.96831,0.982072
80,B0,30.8677,28,896.32,0.273528,3.67476,0.988251
80,B0,30.8677,29,929.965,0.319485,3.47534,0.993179
80,B0,30.8677,30,964.957,0.338195,3.20878,0.998009
80,B0,30.8677,31,999.948,0.351086,2.04258,0.991171
80,B0,30.8677,32,1036.29,0.35432,0.991809,0.98887
80,B0,30.8677,33,1071.28,0.430566,-0.300435,0.994691
80,B0,30.8677,34,1108.96,0.44415,1.48789,0.995894
80,B0,30.8677,35,1143.95,0.502518,3.28858,0.995482
80,B0,30.8677,36,1181.63,0.466536,3.31682,0.989768
80,B0,30.8677,37,1217.97,0.51764,3.04153,0.990621
80,B0,30.8677,38,1255.65,0.582683,2.02694,0.990252
80,B0,30.8677,39,1293.34,0.633466,3.09319,0.9994
80,B0,30.8677,40,1331.02,0.636227,0.0538959,0.973204
80,B0,30.8677,41,1370.05,0.815428,1.27205,0.950875
80,B0,30.8677,42,1410.42,0.659168,1.72506,0.981025
80,B0,30.8677,43,1449.45,0.694711,2.33969,0.992931
80,B0,30.8677,44,1488.48,0.688224,1.52877,0.992928
80,B0,30.8677,45,1528.86,0.740794,1.87407,0.984152
80,B0,30.8677,46,1569.23,0.826205,1.95716,0.981054
80,B0,30.8677,47,1609.61,0.856789,1.87504,0.997082
80,B0,30.8677,48,1651.33,0.859399,1.59764,0.981359
80,B0,30.8677,49,1694.39,0.880763,-0.129877,0.987066
80,B0,30.8677,50,1734.77,0.870944,0.00303356,0.933197
80,B0,30.8677,51,1777.84,1.06223,0.657426,0.978797
80,B0,30.8677,52,1820.9,1.27992,1.50507,0.998545
80,B0,30.8677,53,1863.97,1.08827,2.24223,0.982785
80,B0,30.8677,54,1907.03,1.23953,2.64259,0.990774
80,B0,30.8677,55,1950.1,1.32577,1.33747,0.993979
80,B0,30.8677,64,2349.81,3.01652,-0.35885,0.937443
80,B0,30.8677,65,2399.61,1.49598,-1.44582,0.987446
80,B0,30.8677,71,2674.15,1.9822,0.120286,0.993727
80,B0,30.8677,72,2726.64,1.86935,0.51174,0.995213
80,B0,30.8677,73,2777.78,2.01595,-0.758009,0.978339
80,B0,30.8677,74,2832.96,2.02956,-1.73819,0.974279
80,B0,30.8677,75,2885.45,2.39789,-1.15403,0.979402
80,B0,30.8677,77,2994.46,2.38178,-1.73741,0.981292
80,B0,30.8677,78,3289.2,1.49563,-1.70876,0.855544
80,B0,30.8677,93,3508.57,0.535587,-6.1186,0.761468
80,As1,58.2705,1,57.8705,0.238572,1.60735,0.707936
80,As1,58.2705,2,115.741,0.157361,2.85099,0.654008
80,As1,58.2705,3,174.957,0.193876,3.01049,0.857922
80,As1,58.2705,4,232.828,0.21123,0.75855,0.87368
80,As1,58.2705,5,290.698,0.206398,3.06079,0.703874
80,As1,58.2705,6,348.569,0.17757,2.84961,0.794229
80,As1,58.2705,7,407.785,0.162598,2.44873,0.613551
80,As1,58.2705,8,465.656,0.201416,0.685679,0.70282
80,As1,58.2705,9,523.526,0.163135,2.61516,0.816991
80,As1,58.2705,10,582.742,0.190622,2.55031,0.654166
80,As1,58.2705,11,640.613,0.21666,2.8498,0.792393
80,As1,58.2705,12,699.829,0.135492,0.834692,0.819833
80,As1,58.2705,13,759.045,0.273971,3.52559,0.900637
80,As1,58.2705,15,876.132,0.14853,2.43612,0.649346
80,As1,58.2705,16,935.349,0.168586,0.897247,0.788586
80,As1,58.2705,17,994.565,0.185715,0.817996,0.68197
80,As1,58.2705,18,1053.78,0.175881,0.750229,0.741938
80,As1,58.2705,19,1114.34,0.164005,1.02619,0.685061
80,As1,58.2705,20,1176.25,0.198666,1.10315,0.785033
80,As1,58.2705,26,1575.96,1.75381,-0.34735,0.996552
80,As1,58.2705,27,1633.83,1.62054,-0.631818,0.992767
80,As1,58.2705,28,1693.05,1.53868,-0.819276,0.99574
80,As1,58.2705,29,1752.26,1.17471,-1.37404,0.937224
80,As1,58.2705,30,1837.05,0.342632,1.2988,0.875459
80,As1,58.2705,31,1898.96,0.366174,0.0731268,0.892265
80,As1,58.2705,32,1960.87,0.366805,-0.634604,0.94623
80,As1,58.2705,33,2022.78,0.356883,-0.414422,0.883037
80,As1,58.2705,34,2084.68,0.407416,-0.988232,0.915609
80,As1,58.2705,35,2149.28,0.453544,0.755069,0.937267
80,As1,58.2705,37,2298.67,3.17578,-2.05962,0.878587
80,As1,58.2705,41,2593.41,0.562796,-0.538283,0.9224
80,As1,58.2705,42,2656.66,0.524246,-0.0933412,0.943201
80,As1,58.2705,43,2722.6,0.616285,0.473438,0.941303
80,As1,58.2705,44,2787.2,0.590278,0.146164,0.932012
80,As1,58.2705,51,3068.48,0.857163,-0.228633,0.898791
80,As1,58.2705,55,3116.93,0.725919,-0.46431,0.9277
80,As1,58.2705,56,3184.22,0.93431,-0.133005,0.874437
80,As1,58.2705,57,3836.95,1.58846,-0.200862,0.950587
80,As1,58.2705,65,3875.98,1.54306,-0.556601,0.927785
80,As1,58.2705,66,4604.07,2.4126,-0.958638,0.94586
80,As1,58.2705,75,4980.9,2.55461,-0.915818,0.9222
80,As1,58.2705,80,5371.19,2.01284,-4.12473,0.852674
80,As1,58.2705,84,6138.31,3.55221,-1.21836,0.92697
80,As1,58.2705,92,6900.05,1.22471,-7.53274,0.669819
80,E1,41.2034,1,40.3748,0.171195,2.88737,0.948541
80,E1,41.2034,2,82.0953,0.144042,5.62068,0.920314
80,E1,41.2034,3,122.47,0.112704,4.88134,0.759049
80,E1,41.2034,4,164.191,0.125929,3.64955,0.871168
80,E1,41.2034,5,205.911,0.10212,5.06858,0.694717
80,E1,41.2034,6,246.286,0.106094,4.40217,0.727907
80,E1,41.2034,8,328.381,0.0956391,2.16473,0.693707
80,E1,41.2034,9,370.102,0.150136,3.92447,0.918048
80,E1,41.2034,10,411.823,0.133729,3.82269,0.834952
80,E1,41.2034,11,453.543,0.155666,3.93753,0.890938
80,E1,41.2034,12,495.264,0.157154,2.79525,0.90833
80,E1,41.2034,13,536.984,0.183168,2.94879,0.940934
80,E1,41.2034,14,578.705,0.185238,3.04984,0.955074
80,E1,41.2034,15,620.425,0.182099,1.98897,0.911256
80,E1,41.2034,16,662.146,0.174106,1.55879,0.865221
80,E1,41.2034,17,705.212,0.214866,1.05676,0.966958
80,E1,41.2034,18,746.933,0.18859,3.10912,0.937365
80,E1,41.2034,19,789.999,0.232425,2.44913,0.98053
80,E1,41.2034,20,833.066,0.254465,1.3713,0.989565
80,E1,41.2034,21,874.786,0.26354,2.67438,0.982642
80,E1,41.2034,22,917.853,0.29802,3.6802,0.994712
80,E1,41.2034,23,962.265,0.29872,3.09135,0.993362
80,E1,41.2034,24,1005.33,0.310083,0.867787,0.94824
80,E1,41.2034,25,1049.74,0.34441,1.8494,0.984778
80,E1,41.2034,26,1094.16,0.357763,1.24977,0.993788
80,E1,41.2034,27,1156.06,1.74881,5.22491,0.989214
80,E1,41.2034,28,1196.44,0.629642,-1.7812,0.883865
80,E1,41.2034,29,1238.16,0.405082,-2.78873,0.874115
80,E1,41.2034,30,1278.53,0.572096,-2.06031,0.876184
80,E1,41.2034,33,1442.72,1.20449,-1.08711,0.951715
80,E1,41.2034,34,1484.45,1.19469,-1.38104,0.915888
80,E1,41.2034,35,1524.82,0.749676,-2.36652,0.895649
80,E1,41.2034,36,1588.07,0.596799,2.90441,0.995975
80,E1,41.2034,37,1637.87,0.646947,2.67916,0.987642
80,E1,41.2034,38,1687.66,0.637895,1.49,0.984352
80,E1,41.2034,39,1733.42,0.73186,0.248019,0.945609
80,E1,41.2034,40,1783.22,0.794282,0.612936,0.93924
80,E1,41.2034,41,1831.67,0.735076,1.73912,0.976918
80,E1,41.2034,42,1880.12,0.828552,1.63855,0.995874
80,E1,41.2034,43,1929.91,0.801689,2.23525,0.985104
80,E1,41.2034,44,1979.71,0.875132,1.69739,0.990655
80,E1,41.2034,45,2028.16,0.872619,0.910032,0.968406
80,E1,41.2034,46,2079.3,0.917858,-0.617687,0.983008
80,E1,41.2034,47,2130.44,0.994588,0.0368641,0.994741
80,E1,41.2034,48,2181.58,1.02656,0.507023,0.994552
80,E1,41.2034,50,2310.78,2.73119,2.73195,0.990305
80,E1,41.2034,57,2713.18,1.34109,-1.0106,0.982071
80,E1,41.2034,58,2768.36,1.44648,-0.645938,0.979515
80,E1,41.2034,59,2826.23,1.43632,-0.536656,0.980495
80,E1,41.2034,60,2888.14,2.52771,1.29631,0.972875
80,E1,41.2034,61,2937.94,1.39015,-0.528563,0.969862
80,E1,41.2034,69,3466.85,1.82511,-0.680706,0.929847
80,E1,41.2034,79,4044.2,2.27397,-0.638783,0.954589
80,E1,41.2034,88,4955.33,1.1834,-5.53257,0.733646
80,D4,293.665,1,293.39,0.347382,3.57007,0.692219
80,D4,293.665,2,586.78,0.352381,2.89257,0.905394
80,D4,293.665,3,881.516,0.389048,2.44913,0.743779
80,D4,293.665,5,1475.02,0.415472,2.0979,0.917541
80,D4,293.665,6,1773.8,0.485862,2.00985,0.926876
80,D4,293.665,7,2075.26,0.434284,0.62214,0.868521
80,D4,293.665,8,2379.42,0.504723,0.826224,0.742956
80,D4,293.665,9,2687.61,0.41984,-2.16511,0.874419
80,D4,293.665,10,3310.73,0.657741,-0.49691,0.90785
80,D4,293.665,13,3628.34,0.75007,-1.26114,0.877138
80,D4,293.665,14,3950,1.06124,-0.53212,0.947774
80,D4,293.665,15,4278.38,1.09472,-1.18323,0.908809
80,D4,293.665,17,5988.92,2.82216,-1.41668,0.896368
80,D4,293.665,22,6719.71,5.61951,-1.36662,0.826513
80,D4,293.665,24,7474.71,5.47429,-3.72134,0.870726
80,As6,1864.66,1,1874.73,1.48427,2.99133,0.937049
80,As6,1864.66,2,3791.19,3.09483,-2.23295,0.910686
80,As6,1864.66,3,5799.16,10.9016,-1.62937,0.927383
80,As6,1864.66,4,7929.6,16.9227,-5.08502,0.900971
80,B7,3951.07,2,8192.04,32.7038,-4.44708,0.97471
80,C2,65.4064,1,65.9454,0.205277,2.28209,0.92283
80,C2,65.4064,2,130.545,0.213393,4.1142,0.917908
80,C2,65.4064,3,196.49,0.162241,2.9209,0.67278
80,C2,65.4064,4,261.09,0.259087,3.51205,0.731308
80,C2,65.4064,5,327.036,0.198736,3.34285,0.76574
80,C2,65.4064,6,391.635,0.235828,3.41401,0.833833
80,C2,65.4064,8,523.526,0.215289,0.748133,0.945853
80,C2,65.4064,9,588.126,0.182488,2.38326,0.923104
80,C2,65.4064,10,654.071,0.143021,1.85889,0.643106
80,C2,65.4064,11,720.016,0.209843,2.81925,0.801594
80,C2,65.4064,13,851.907,0.198546,1.29382,0.721217
80,C2,65.4064,16,1051.09,0.18296,-0.468033,0.698308
80,C2,65.4064,17,1118.38,0.162803,1.38511,0.879212
80,C2,65.4064,18,1184.33,0.16924,1.1203,0.732997
80,C2,65.4064,19,1252.96,0.203405,0.877604,0.6872
80,C2,65.4064,20,1321.6,0.334582,0.100603,0.814422
80,C2,65.4064,21,1391.58,0.190509,-2.23272,0.796705
80,C2,65.4064,27,1837.05,1.87666,-1.55552,0.97574
80,C2,65.4064,28,1903,1.68142,-1.83396,0.954305
80,C2,65.4064,33,2283.87,0.375797,-0.823206,0.848166
80,C2,65.4064,34,2355.19,0.412432,-0.717633,0.935902
80,C2,65.4064,35,2426.52,0.403679,-0.10392,0.894071
80,C2,65.4064,36,2497.85,0.43315,-0.0936297,0.91595
80,C2,65.4064,37,2570.53,0.503065,0.46361,0.91326
80,C2,65.4064,43,2643.2,0.449354,0.156288,0.892037
80,C2,65.4064,44,3010.61,0.548713,0.0163755,0.947547
80,C2,65.4064,49,3085.98,0.609275,0.192387,0.95285
80,C2,65.4064,50,3161.34,0.730454,-0.688605,0.953206
80,C2,65.4064,51,3236.71,0.62613,-1.61901,0.868376
80,C2,65.4064,52,3620.27,0.884238,-1.37888,0.921496
80,C2,65.4064,57,4390.08,1.90388,-0.136258,0.898254
80,C2,65.4064,66,5270.25,1.6887,-0.27477,0.897207
80,C2,65.4064,76,5375.23,1.94051,-3.49364,0.869292
80,C2,65.4064,77,5917.59,1.61979,-5.79473,0.766517
80,C2,65.4064,83,6013.15,1.58606,-5.85402,0.772847
80,C2,65.4064,84,6149.08,0.651341,-8.89963,0.586219
80,Ds4,311.127,1,310.886,0.355077,4.34018,0.856122
80,Ds4,311.127,4,1247.58,0.319789,2.282,0.906708
80,Ds4,311.127,5,1563.85,0.403401,2.40126,0.769126
80,Ds4,311.127,6,1881.46,0.558385,2.48274,0.869602
80,Ds4,311.127,7,2200.42,0.46966,1.33985,0.879598
80,Ds4,311.127,8,2524.77,0.501308,-1.64081,0.661224
80,Ds4,311.127,9,2850.46,0.407587,-1.15157,0.72754
80,Ds4,311.127,11,3181.53,0.744603,-0.227095,0.958819
80,Ds4,311.127,12,3515.3,0.761648,-1.20158,0.813375
80,Ds4,311.127,13,3854.44,0.978058,-1.34685,0.888152
80,Ds4,311.127,14,4198.97,1.14902,-1.45278,0.918753
80,Ds4,311.127,15,4902.84,1.82682,-0.916194,0.90195
80,Ds4,311.127,18,5266.21,2.54709,-1.33733,0.780193
80,Ds4,311.127,19,6385.94,4.68098,-1.889,0.8159
80,D3,146.832,1,146.695,0.181216,4.00312,0.741962
80,D3,146.832,2,293.39,0.213162,3.76692,0.863065
80,D3,146.832,3,440.085,0.250926,2.98724,0.882422
80,D3,146.832,4,586.78,0.321919,2.87617,0.845821
80,D3,146.832,5,734.821,0.212176,3.3395,0.732348
80,D3,146.832,6,882.861,0.266881,2.79883,0.810053
80,D3,146.832,7,1030.9,0.520916,2.26487,0.931513
80,D3,146.832,8,1178.94,0.269036,0.959085,0.826292
80,D3,146.832,9,1326.98,0.227003,0.0228351,0.68409
80,D3,146.832,10,1477.72,0.236613,1.87615,0.702689
80,D3,146.832,11,1627.1,0.221678,0.851619,0.889098
80,D3,146.832,12,1781.87,0.26687,0.907187,0.894944
80,D3,146.832,20,2701.07,0.418699,-0.268317,0.690896
80,D3,146.832,21,3017.34,0.367918,-0.135535,0.842873
80,D3,146.832,23,3176.15,0.384636,-0.985084,0.81626
80,D3,146.832,24,3499.15,0.493794,-0.564224,0.926207
80,D3,146.832,26,3663.34,0.486271,-0.860896,0.935884
80,D3,146.832,27,3994.41,0.531648,-1.2122,0.878411
80,D3,146.832,30,4851.7,0.91991,-1.77991,0.828998
80,D3,146.832,35,5937.78,1.34471,-1.9278,0.831383
80,D3,146.832,41,6124.85,1.9268,-1.50121,0.794702
80,D3,146.832,42,6314.61,2.66763,-1.75878,0.851322
80,D3,146.832,43,7297.06,2.74117,-3.12297,0.692242
80,D3,146.832,47,7500.28,4.14584,-2.68878,0.896782
80,E6,1318.51,1,1321.6,1.1346,3.01978,0.884012
80,E6,1318.51,2,2662.04,1.2397,0.0962489,0.905532
80,E6,1318.51,3,4036.13,2.97157,0.0958761,0.927552
80,E6,1318.51,4,5461.36,7.02239,-0.527547,0.915089
80,E6,1318.51,5,6955.22,5.66216,-6.59117,0.662969
80,D1,36.7081,1,36.3373,0.16525,1.81543,0.946814
80,D1,36.7081,2,72.6746,0.162419,4.591,0.942893
80,D1,36.7081,3,109.012,0.123299,5.29688,0.820257
80,D1,36.7081,4,146.695,0.138501,5.46731,0.899454
80,D1,36.7081,5,183.032,0.127822,4.35859,0.831049
80,D1,36.7081,6,219.37,0.106834,3.65889,0.730271
80,D1,36.7081,7,255.707,0.126265,4.53518,0.880543
80,D1,36.7081,8,292.044,0.136106,1.82781,0.897095
80,D1,36.7081,9,329.727,0.098947,3.98376,0.646568
80,D1,36.7081,10,366.064,0.102112,2.95638,0.646973
80,D1,36.7081,11,403.748,0.111364,3.68209,0.752995
80,D1,36.7081,12,440.085,0.130854,3.4828,0.788263
80,D1,36.7081,13,477.768,0.186136,2.66523,0.946228
80,D1,36.7081,14,514.105,0.166839,2.38831,0.932441
80,D1,36.7081,15,551.788,0.169512,2.13556,0.912348
80,D1,36.7081,16,589.471,0.169456,1.57488,0.928323
80,D1,36.7081,17,627.155,0.190139,1.35869,0.94785
80,D1,36.7081,18,664.838,0.203541,2.4633,0.946782
80,D1,36.7081,19,702.521,0.207281,1.31642,0.941822
80,D1,36.7081,20,740.204,0.188992,2.91509,0.934218
80,D1,36.7081,21,777.887,0.219185,3.63697,0.975808
80,D1,36.7081,22,816.916,0.219176,3.21094,0.975842
80,D1,36.7081,23,854.599,0.224455,3.41372,0.949603
80,D1,36.7081,24,893.628,0.268308,1.56839,0.986601
80,D1,36.7081,25,934.003,0.290873,1.73389,0.990845
80,D1,36.7081,26,974.377,0.309855,1.7852,0.992632
80,D1,36.7081,27,1028.21,2.79705,1.17473,0.955684
80,D1,36.7081,28,1073.97,0.387741,-2.04656,0.955575
80,D1,36.7081,29,1110.31,0.374966,-2.21922,0.966099
80,D1,36.7081,33,1287.95,0.486874,1.03603,0.991469
80,D1,36.7081,34,1331.02,0.482232,1.05704,0.972636
80,D1,36.7081,35,1371.4,0.613246,1.71531,0.946949
80,D1,36.7081,36,1413.12,0.530618,2.57236,0.977023
80,D1,36.7081,37,1454.84,0.560753,1.58877,0.988635
80,D1,36.7081,38,1496.56,0.548746,1.72622,0.991803
80,D1,36.7081,39,1543.66,3.25961,2.3915,0.96271
80,D1,36.7081,40,1581.34,0.632182,1.6547,0.985769
80,D1,36.7081,41,1624.41,0.651807,1.52319,0.985442
80,D1,36.7081,42,1667.48,0.660663,1.24272,0.988507
80,D1,36.7081,43,1710.54,0.696738,1.17825,0.976976
80,D1,36.7081,44,1753.61,0.762868,1.45474,0.96416
80,D1,36.7081,45,1799.37,0.775143,1.00794,0.970757
80,D1,36.7081,50,2057.77,2.84674,1.70938,0.977121
80,D1,36.7081,51,2112.95,0.983315,1.35899,0.989863
80,D1,36.7081,52,2160.05,1.11002,1.61518,0.985443
80,D1,36.7081,53,2207.15,1.00762,1.11202,0.992354
80,D1,36.7081,54,2254.26,1.15282,0.752618,0.964624
80,D1,36.7081,55,2301.36,1.11638,-0.908188,0.96626
80,D1,36.7081,56,2348.46,1.10221,-0.689149,0.983458
80,D1,36.7081,57,2398.26,1.16028,-0.321982,0.980623
80,D1,36.7081,60,2570.53,1.39676,1.1366,0.989688
80,D1,36.7081,65,2849.11,1.52559,-0.837119,0.984213
80,D1,36.7081,67,2955.43,1.8095,-1.02233,0.994426
80,D1,36.7081,69,3084.63,1.5873,0.0832138,0.948044
80,D1,36.7081,79,3170.76,1.27171,-1.73361,0.885536
80,D1,36.7081,80,3597.39,0.425597,-6.6208,0.720639
80,D1,36.7081,88,3855.79,0.525734,-6.17459,0.719548
80,D1,36.7081,92,4628.29,1.01012,-4.62159,0.774294
80,E4,329.628,1,329.727,0.510228,5.15349,0.98416
80,E4,329.628,4,1322.95,0.354334,2.28984,0.869291
80,E4,329.628,5,1658.06,0.396565,1.70162,0.844203
80,E4,329.628,6,1994.51,0.349993,0.518953,0.765731
80,E4,329.628,7,2335.01,0.481388,0.607469,0.848968
80,E4,329.628,8,2678.19,0.45425,-0.0650849,0.757154
80,E4,329.628,10,3025.42,0.568548,-0.821857,0.850023
80,E4,329.628,11,4096.69,1.12106,-1.07187,0.900556
80,E4,329.628,14,5219.11,2.28751,-1.06738,0.880343
80,E4,329.628,18,5605.36,4.06399,-0.563941,0.907051
80,E4,329.628,19,6813.91,6.53528,-1.32655,0.874074
80,Ds6,1244.51,1,1247.58,1.10721,3.31007,0.816317
80,Ds6,1244.51,2,2509.96,1.17053,-1.11768,0.821192
80,Ds6,1244.51,3,3801.96,2.4986,-2.21267,0.88894
80,Ds6,1244.51,4,5139.71,6.07765,-0.745254,0.907265
80,Ds6,1244.51,5,6536.67,10.9494,-1.37267,0.909915
80,Ds6,1244.51,7,8003.62,4.0191,-8.92028,0.556065
80,B5,987.767,1,987.836,0.917849,3.27034,0.906129
80,B5,987.767,2,1986.44,0.880198,1.38981,0.901617
80,B5,987.767,3,2999.84,1.39225,-0.0902863,0.921055
80,B5,987.767,4,4040.17,2.71822,-0.306884,0.912213
80,B5,987.767,5,5114.14,5.34077,-0.508643,0.909896
80,B5,987.767,6,6228.48,9.3745,-1.55418,0.894655
80,B5,987.767,8,7389.93,9.33611,-3.66729,0.844671
80,As4,466.164,1,465.656,0.426509,3.20337,0.795499
80,As4,466.164,2,934.003,0.38911,2.84091,0.697721
80,As4,466.164,3,1403.7,0.379974,1.61433,0.682201
80,As4,466.164,4,1877.43,0.495457,2.32967,0.939412
80,As4,466.164,5,2356.54,0.540255,1.34082,0.886607
80,As4,466.164,6,2841.04,0.625803,0.511732,0.899104
80,As4,466.164,8,3332.26,1.03396,0.454076,0.961972
80,As4,466.164,9,3832.91,1.52631,-0.790526,0.92152
80,As4,466.164,10,5396.76,3.80064,-0.598011,0.919182
80,As4,466.164,13,5945.86,6.64333,-0.866333,0.912298
80,As4,466.164,14,6507.06,6.80719,-2.62555,0.893661
80,C8,4186.01,2,8719.6,33.9977,-3.75182,0.978511
80,C8,4186.01,3,13377.5,2.31296,-12.1934,0.626471
80,E3,164.814,1,164.191,0.238439,3.72582,0.890673
80,E3,164.814,2,329.727,0.26806,3.59834,0.714313
80,E3,164.814,3,493.918,0.365638,3.00659,0.928187
80,E3,164.814,4,659.454,0.256544,2.10232,0.735676
80,E3,164.814,5,824.991,0.206233,2.74388,0.761242
80,E3,164.814,6,990.527,0.336826,0.272169,0.746513
80,E3,164.814,8,1324.29,0.419084,-0.196961,0.860728
80,E3,164.814,9,1491.17,0.344874,2.21891,0.92641
80,E3,164.814,11,1828.98,0.257309,-1.07447,0.822822
80,E3,164.814,12,2001.24,0.326251,0.761978,0.905115
80,E3,164.814,18,2688.96,0.333712,-0.605303,0.874456
80,E3,164.814,19,3219.21,0.378701,-1.06299,0.864404
80,E3,164.814,22,3398.21,0.611704,-1.24664,0.883055
80,E3,164.814,23,3945.96,0.454372,-0.935459,0.920926
80,E3,164.814,27,4131.68,0.472863,-2.25079,0.843692
80,E3,164.814,28,5486.93,1.08394,-2.05074,0.819446
80,E3,164.814,35,5688.8,1.41043,-2.92326,0.676681
80,E3,164.814,36,6099.28,2.91106,-1.8062,0.871221
80,E3,164.814,38,7169.21,3.0473,-4.30806,0.824267
80,E3,164.814,43,7389.93,3.0978,-4.15888,0.833015
80,D6,1174.66,1,1176.25,0.794334,2.19351,0.691677
80,D6,1174.66,2,2367.31,1.37346,1.4055,0.949442
80,D6,1174.66,3,3583.93,2.11059,-0.834966,0.902125
80,D6,1174.66,4,4835.55,4.28517,-2.09304,0.834741
80,D6,1174.66,5,6145.04,9.1631,-1.57164,0.911707
80,D6,1174.66,6,7512.4,4.72596,-8.21417,0.618737
80,As3,233.082,1,232.828,0.27624,1.92684,0.962836
80,As3,233.082,2,465.656,0.363538,3.0925,0.772415
80,As3,233.082,4,934.003,0.228332,1.5441,0.696017
80,As3,233.082,5,1168.18,0.282647,2.50361,0.842182
80,As3,233.082,6,1405.04,0.436154,2.13935,0.8963
80,As3,233.082,7,1641.91,0.284973,1.73303,0.727484
80,As3,233.082,8,1885.5,0.372628,-0.982973,0.95332
80,As3,233.082,13,3102.13,0.472485,-0.314197,0.913968
80,As3,233.082,15,3352.45,0.553672,-0.86316,0.932493
80,As3,233.082,16,3606.81,0.633945,-0.683472,0.908375
80,As3,233.082,17,3863.86,0.738087,-1.88601,0.805585
80,As3,233.082,18,4387.39,1.04918,-1.72364,0.84949
80,As3,233.082,21,4923.03,1.26541,-1.43713,0.860242
80,As3,233.082,23,5197.58,1.85942,-1.24684,0.792711
80,As3,233.082,24,5474.82,1.88542,-2.104,0.825301
80,As3,233.082,25,6042.75,2.9787,-1.23969,0.796098
80,As3,233.082,27,7231.12,4.44828,-2.57801,0.876304
80,As3,233.082,30,7856.93,3.48787,-5.45527,0.758321
80,As3,233.082,32,8175.89,3.43951,-5.83051,0.766725
80,C7,2093,1,2106.22,1.71085,1.98777,0.924073
80,C7,2093,2,4271.65,3.90749,-0.864069,0.950282
80,C7,2093,3,6560.9,14.8814,-1.94987,0.959262
80,C7,2093,4,9022.41,17.2927,-6.7839,0.842841
80,B2,123.471,1,123.816,0.277129,3.92406,0.974635
80,B2,123.471,2,246.286,0.194483,3.69501,0.867088
80,B2,123.471,3,370.102,0.19989,2.36565,0.775746
80,B2,123.471,4,493.918,0.205827,2.88407,0.870352
80,B2,123.471,5,617.734,0.171247,2.07785,0.83368
80,B2,123.471,6,741.55,0.202558,2.92264,0.703413
80,B2,123.471,8,990.527,0.160046,0.266614,0.802871
80,B2,123.471,9,1114.34,0.199153,1.71931,0.804147
80,B2,123.471,10,1239.51,0.771711,3.38825,0.93693
80,B2,123.471,11,1366.01,0.145169,0.511187,0.779691
80,B2,123.471,23,2915.06,0.335116,-0.267867,0.941404
80,B2,123.471,26,3184.22,0.373727,-0.559761,0.931954
80,B2,123.471,28,3320.15,0.403186,-0.789942,0.901862
80,B2,123.471,29,4013.25,0.599657,-0.756303,0.933028
80,B2,123.471,34,5033.39,0.992059,-1.30792,0.888899
80,B2,123.471,41,5184.12,1.07627,-2.12176,0.789264
80,B2,123.471,42,5334.85,1.18351,-1.57304,0.870598
80,B2,123.471,43,5957.97,1.55306,-1.94031,0.81551
80,B2,123.471,46,6118.12,1.48338,-2.64174,0.772412
80,B2,123.471,47,7274.19,3.78786,-2.20852,0.906895
80,Ds1,38.8909,1,39.0289,0.15756,1.90891,0.922796
80,Ds1,38.8909,2,78.0579,0.137282,4.25675,0.884343
80,Ds1,38.8909,3,115.741,0.142118,5.4603,0.914932
80,Ds1,38.8909,4,154.77,0.098396,4.27524,0.6601
80,Ds1,38.8909,5,193.799,0.134407,4.68978,0.888323
80,Ds1,38.8909,6,232.828,0.109097,2.55864,0.823073
80,Ds1,38.8909,7,271.857,0.135544,3.94081,0.902722
80,Ds1,38.8909,8,310.886,0.0988736,2.22503,0.65449
80,Ds1,38.8909,9,349.915,0.114972,3.76962,0.779168
80,Ds1,38.8909,10,388.943,0.145975,4.77567,0.920772
80,Ds1,38.8909,11,427.972,0.168441,4.39427,0.942598
80,Ds1,38.8909,12,467.001,0.195919,3.59858,0.959806
80,Ds1,38.8909,13,506.03,0.18556,3.8684,0.95537
80,Ds1,38.8909,14,545.059,0.203146,3.47844,0.97309
80,Ds1,38.8909,15,585.434,0.209744,2.98731,0.975532
80,Ds1,38.8909,16,624.463,0.182609,1.22693,0.908275
80,Ds1,38.8909,17,664.838,0.182789,1.59671,0.885774
80,Ds1,38.8909,18,705.212,0.195521,1.66012,0.947958
80,Ds1,38.8909,19,745.587,0.202924,3.04431,0.957286
80,Ds1,38.8909,20,784.616,0.217636,2.75048,0.971697
80,Ds1,38.8909,21,824.991,0.216746,2.68335,0.965738
80,Ds1,38.8909,22,866.711,0.261146,3.51961,0.981832
80,Ds1,38.8909,23,907.086,0.28813,4.29588,0.993952
80,Ds1,38.8909,24,947.461,0.289558,1.69826,0.992082
80,Ds1,38.8909,25,990.527,0.315644,1.4064,0.989932
80,Ds1,38.8909,26,1032.25,0.353599,1.73878,0.987637
80,Ds1,38.8909,27,1099.54,2.62421,3.58588,0.975116
80,Ds1,38.8909,34,1409.08,0.510136,1.48257,0.972318
80,Ds1,38.8909,35,1454.84,0.548413,2.23004,0.988612
80,Ds1,38.8909,36,1500.6,0.553654,2.81782,0.99266
80,Ds1,38.8909,37,1545.01,0.609356,2.53421,0.986105
80,Ds1,38.8909,38,1588.07,0.589233,2.69658,0.991353
80,Ds1,38.8909,39,1633.83,0.726811,1.5822,0.99993
80,Ds1,38.8909,40,1679.59,0.66221,1.39385,0.985471
80,Ds1,38.8909,41,1724,0.727868,1.49233,0.979501
80,Ds1,38.8909,42,1769.76,0.649455,0.141858,0.942773
80,Ds1,38.8909,43,1816.86,0.845374,1.41604,0.971835
80,Ds1,38.8909,44,1862.62,0.859671,2.23896,0.982897
80,Ds1,38.8909,45,1909.73,0.783016,1.5463,0.981118
80,Ds1,38.8909,46,1958.18,0.937938,0.539824,0.990628
80,Ds1,38.8909,53,2345.77,1.24074,1.35565,0.999713
80,Ds1,38.8909,54,2396.91,1.27151,0.683571,0.999705
80,Ds1,38.8909,55,2448.06,1.22913,-0.867083,0.981633
80,Ds1,38.8909,56,2500.54,1.32616,-1.04605,0.986234
80,Ds1,38.8909,58,2602.83,1.28131,-1.08512,0.953185
80,Ds1,38.8909,59,2655.31,1.38918,0.285732,0.986105
80,Ds1,38.8909,60,2707.8,1.27846,-1.44153,0.97277
80,Ds1,38.8909,65,2752.21,1.22095,0.872963,0.999842
80,Ds1,38.8909,69,3302.66,1.77314,0.45453,0.969954
80,Ds1,38.8909,79,3376.68,1.05903,-2.37747,0.877258
80,Ds1,38.8909,80,3493.76,0.724073,-4.34255,0.82097
80,Ds1,38.8909,82,3853.1,0.525449,-6.02764,0.745093
80,Ds1,38.8909,88,4953.98,0.872098,-5.96842,0.74592
80,D7,2349.32,1,2365.96,2.14115,1.79227,0.957961
80,D7,2349.32,2,4803.25,6.07668,-1.48636,0.939744
80,D7,2349.32,3,7380.51,23.905,-3.15261,0.957571
80,E2,82.4069,1,82.0953,0.170046,3.57674,0.871961
80,E2,82.4069,2,164.191,0.201667,2.68077,0.874114
80,E2,82.4069,3,246.286,0.291404,3.6591,0.909867
80,E2,82.4069,4,329.727,0.220952,3.08974,0.805551
80,E2,82.4069,5,411.823,0.166004,2.75714,0.761031
80,E2,82.4069,6,493.918,0.254031,2.13693,0.855061
80,E2,82.4069,7,577.359,0.211456,2.01758,0.879664
80,E2,82.4069,8,659.454,0.213738,0.929225,0.858125
80,E2,82.4069,9,742.896,0.165269,2.16276,0.692739
80,E2,82.4069,10,824.991,0.146743,0.891894,0.612514
80,E2,82.4069,11,908.432,0.250685,2.72075,0.872459
80,E2,82.4069,13,1075.31,0.1499,0.486286,0.636502
80,E2,82.4069,14,1158.76,0.235978,1.47273,0.870592
80,E2,82.4069,15,1243.54,0.167909,0.367995,0.722808
80,E2,82.4069,16,1326.98,0.64364,-0.976176,0.879681
80,E2,82.4069,17,1411.77,0.193043,0.121157,0.779801
80,E2,82.4069,18,1496.56,0.186137,0.74643,0.758046
80,E2,82.4069,19,1581.34,0.222314,0.75006,0.797801
80,E2,82.4069,20,1668.82,0.537693,-0.114169,0.95888
80,E2,82.4069,27,2317.51,3.21585,-2.28549,0.922635
80,E2,82.4069,35,2627.05,0.450993,0.055201,0.937721
80,E2,82.4069,36,2717.22,0.518027,-0.59171,0.908634
80,E2,82.4069,37,3419.74,1.78022,0.193439,0.932999
80,E2,82.4069,45,3929.81,1.31006,-1.30703,0.875106
80,E2,82.4069,51,4126.3,1.85005,-1.04865,0.854424
80,E2,82.4069,53,4562.35,2.43728,-1.39438,0.94017
80,E2,82.4069,57,4830.17,2.60249,-1.62768,0.928981
80,E2,82.4069,60,4935.14,2.14023,-2.82708,0.907875
80,E2,82.4069,61,5699.57,3.15764,-1.24309,0.903256
80,E2,82.4069,68,5909.52,0.885814,-7.83266,0.588968
80,B3,246.942,1,246.286,0.226229,3.96534,0.828407
80,B3,246.942,2,493.918,0.273478,3.27324,0.856376
80,B3,246.942,4,989.182,0.263935,2.26236,0.859162
80,B3,246.942,5,1238.16,0.310877,3.12162,0.935446
80,B3,246.942,6,1488.48,0.303213,1.93563,0.931623
80,B3,246.942,7,1740.15,0.38032,1.41489,0.859486
80,B3,246.942,12,3028.11,0.622238,0.620667,0.975675
80,B3,246.942,14,3294.58,0.574661,-0.135511,0.940523
80,B3,246.942,15,3562.4,0.66559,-0.0894876,0.931104
80,B3,246.942,16,3832.91,0.842722,-1.06436,0.898037
80,B3,246.942,17,4952.64,1.39422,-0.732864,0.912378
80,B3,246.942,18,5243.33,1.63052,-0.853899,0.911138
80,B3,246.942,23,5538.07,2.22235,-1.44755,0.848474
80,B3,246.942,24,6447.85,3.83352,-1.34592,0.83574
80,C6,1046.5,1,1048.4,1.21823,3.03247,0.89011
80,C6,1046.5,2,2106.22,1.56713,2.10281,0.960661
80,C6,1046.5,3,3182.88,1.72841,0.518677,0.920895
80,C6,1046.5,4,4289.15,3.32814,-0.971526,0.913875
80,C6,1046.5,5,5435.79,6.45491,-0.837952,0.919058
80,C6,1046.5,6,6628.19,10.7867,-1.77459,0.904661
80,C6,1046.5,8,7874.42,4.32412,-7.95693,0.567461
80,As2,116.541,1,117.087,0.179176,3.50398,0.863696
80,As2,116.541,2,232.828,0.197174,1.16634,0.938417
80,As2,116.541,4,465.656,0.197743,2.85024,0.911637
80,As2,116.541,5,582.742,0.181537,3.00404,0.918012
80,As2,116.541,6,699.829,0.126955,1.17339,0.82465
80,As2,116.541,7,816.916,0.151556,2.10289,0.607776
80,As2,116.541,8,934.003,0.14447,1.06837,0.720184
80,As2,116.541,9,1051.09,0.160695,1.2779,0.746034
80,As2,116.541,10,1169.52,0.23094,2.50115,0.659368
80,As2,116.541,11,1289.3,0.221771,1.95123,0.91357
80,As2,116.541,20,2457.48,2.89634,-1.32919,0.994158
80,As2,116.541,21,2575.91,3.17752,-1.50587,0.982234
80,As2,116.541,24,2995.81,0.346607,-1.1009,0.898406
80,As2,116.541,25,2744.14,0.417205,0.72705,0.993485
80,As2,116.541,26,3123.66,0.402388,-0.0636754,0.948154
80,As2,116.541,29,3250.17,0.362028,-0.657184,0.918527
80,As2,116.541,30,3508.57,0.547355,-0.770076,0.886913
80,As2,116.541,32,3639.11,0.477534,-1.50629,0.850201
80,As2,116.541,33,4306.64,0.620388,-1.78498,0.839744
80,As2,116.541,38,4581.19,0.874885,-1.40944,0.917004
80,As2,116.541,40,4719.81,0.806839,-1.87695,0.892782
80,As2,116.541,41,5001.09,0.942507,-1.9308,0.797177
80,As2,116.541,43,5577.1,1.28425,-2.30061,0.778294
80,As2,116.541,46,5723.79,1.52298,-1.86716,0.673435
80,As2,116.541,47,5873.18,2.17659,-1.56911,0.80162
80,As2,116.541,48,6173.3,2.9048,-2.00124,0.912015
80,As2,116.541,50,6791.03,2.12001,-4.15382,0.812995
80,As2,116.541,53,7111.34,2.96789,-3.81313,0.841821
80,E5,659.255,2,1321.6,0.591798,2.25631,0.774535
80,E5,659.255,3,1990.48,0.61835,1.39922,0.738717
80,E5,659.255,4,2668.77,0.72942,0.590134,0.79255
80,E5,659.255,5,3359.18,1.48594,0.0428469,0.934522
80,E5,659.255,6,4063.05,2.1008,-0.290503,0.943879
80,E5,659.255,8,4784.41,3.82521,-0.972891,0.904155
80,E5,659.255,9,5530,5.51144,-0.874417,0.91179
80,E5,659.255,10,6297.12,5.78768,-4.66412,0.803125
80,As5,932.328,1,934.003,0.689688,3.47765,0.83294
80,As5,932.328,2,1874.73,1.12611,1.60095,0.929547
80,As5,932.328,3,2828.92,1.47419,-0.230319,0.971319
80,As5,932.328,4,3807.34,2.36413,-1.41547,0.896823
80,As5,932.328,5,4814.02,5.06642,-0.773337,0.951997
80,As5,932.328,6,5855.69,7.25418,-1.31655,0.898093
80,As5,932.328,8,6939.07,8.41694,-3.92681,0.867571
80,C1,32.7032,1,32.2998,0.205919,1.80123,0.975128
80,C1,32.7032,2,64.5996,0.185197,4.50233,0.966999
80,C1,32.7032,3,96.8994,0.141564,4.46644,0.88624
80,C1,32.7032,4,130.545,0.142858,4.91768,0.910828
80,C1,32.7032,5,162.845,0.14787,3.37845,0.925868
80,C1,32.7032,6,195.145,0.112482,4.46919,0.733631
80,C1,32.7032,7,227.444,0.10713,2.47648,0.762832
80,C1,32.7032,9,293.39,0.136116,4.09628,0.897263
80,C1,32.7032,10,327.036,0.139541,4.77594,0.918673
80,C1,32.7032,11,359.335,0.0978183,2.81729,0.667383
80,C1,32.7032,12,392.981,0.104254,3.8054,0.714982
80,C1,32.7032,13,425.281,0.125577,3.61597,0.797321
80,C1,32.7032,14,458.926,0.149119,3.39259,0.851408
80,C1,32.7032,15,492.572,0.164377,1.89192,0.913918
80,C1,32.7032,16,526.218,0.155992,1.39753,0.879735
80,C1,32.7032,17,559.863,0.158122,1.87164,0.896253
80,C1,32.7032,18,593.509,0.182589,2.5396,0.951769
80,C1,32.7032,19,627.155,0.176252,2.52949,0.891045
80,C1,32.7032,20,660.8,0.185048,2.35033,0.904507
80,C1,32.7032,21,695.792,0.200039,2.15801,0.947763
80,C1,32.7032,22,729.437,0.196222,3.84228,0.954119
80,C1,32.7032,23,764.429,0.206463,3.26241,0.956127
80,C1,32.7032,24,799.42,0.209105,0.441807,0.967489
80,C1,32.7032,25,834.412,0.217568,0.210095,0.967401
80,C1,32.7032,26,869.403,0.233355,2.16866,0.965417
80,C1,32.7032,27,905.74,0.255853,3.14401,0.983311
80,C1,32.7032,28,940.732,0.286573,3.55287,0.989363
80,C1,32.7032,29,977.069,0.292389,3.29002,0.988142
80,C1,32.7032,30,1013.41,0.30669,2.59863,0.985119
80,C1,32.7032,31,1049.74,0.338004,2.3331,0.989938
80,C1,32.7032,32,1086.08,0.365524,1.68549,0.996535
80,C1,32.7032,33,1123.76,0.415939,-0.739813,0.98234
80,C1,32.7032,34,1162.79,0.411815,1.9491,0.976444
80,C1,32.7032,35,1200.48,0.427032,2.56533,0.972897
80,C1,32.7032,36,1254.31,0.323811,-2.9721,0.888616
80,C1,32.7032,37,1287.95,0.394892,-2.91761,0.922674
80,C1,32.7032,41,1460.22,0.957012,0.222478,0.996937
80,C1,32.7032,42,1495.21,0.853678,-0.963048,0.981732
80,C1,32.7032,43,1528.86,0.620301,-2.28459,0.926041
80,C1,32.7032,46,1667.48,0.677301,1.03512,0.991275
80,C1,32.7032,47,1710.54,0.736359,1.17249,0.982625
80,C1,32.7032,48,1753.61,0.759386,-0.422495,0.95646
80,C1,32.7032,49,1795.33,0.919884,0.703932,0.998434
80,C1,32.7032,50,1838.4,0.949045,0.442629,0.991575
80,C1,32.7032,51,1880.12,0.892826,0.93629,0.990891
80,C1,32.7032,52,1925.88,0.920058,2.46881,0.989638
80,C1,32.7032,53,1967.6,0.952572,0.790893,0.986449
80,C1,32.7032,54,2012.01,1.01578,0.708774,0.992381
80,C1,32.7032,55,2056.42,1.01128,0.927335,0.980699
80,C1,32.7032,56,2102.18,1.05649,-0.701002,0.984398
80,C1,32.7032,57,2147.94,1.05392,0.301,0.984646
80,C1,32.7032,58,2192.35,1.14019,1.39626,0.999803
80,C1,32.7032,59,2239.45,1.07089,0.36773,0.968067
80,C1,32.7032,60,2285.21,1.03529,-0.169325,0.967019
80,C1,32.7032,61,2333.66,1.17931,0.0601246,0.980714
80,C1,32.7032,62,2378.07,1.25844,0.453662,0.997844
80,C1,32.7032,63,2427.87,1.14755,-0.395414,0.990335
80,C1,32.7032,64,2476.32,1.09979,0.209386,0.992714
80,C1,32.7032,65,2524.77,1.12529,-2.12737,0.968141
80,C1,32.7032,66,2573.22,1.20806,-1.72973,0.941268
80,C1,32.7032,67,2624.36,1.32047,-1.05937,0.977923
80,C1,32.7032,68,2675.5,1.36522,-0.341683,0.988796
80,C1,32.7032,71,2855.84,1.79779,1.13522,0.99757
80,C1,32.7032,81,2931.21,1.73615,-0.782164,0.985521
80,C1,32.7032,82,3145.19,0.58826,-4.44914,0.762279
80,C1,32.7032,86,3309.38,0.430353,-6.1129,0.774953
80,C1,32.7032,87,4285.11,0.880278,-5.25475,0.680302
80,B4,493.883,1,493.918,0.419098,3.8402,0.836416
80,B4,493.883,2,989.182,0.381184,2.42745,0.753984
80,B4,493.883,3,1487.14,0.26156,1.11257,0.508349
80,B4,493.883,4,1990.48,0.498157,2.10275,0.896756
80,B4,493.883,5,2499.2,0.591268,1.21086,0.893397
80,B4,493.883,6,3014.65,0.843072,0.679567,0.935886
80,B4,493.883,8,3538.17,1.18684,0.763146,0.962524
80,B4,493.883,9,4073.81,1.63633,-0.0522661,0.94418
80,B4,493.883,10,5174.7,4.02278,-0.750023,0.906531
80,B4,493.883,12,5748.02,6.77799,-1.27515,0.910002
80,B4,493.883,13,6334.8,7.86628,-2.04265,0.921851
80,B4,493.883,14,6578.39,3.63141,-7.20149,0.752406
80,B4,493.883,15,7558.15,6.62153,-4.83121,0.843182
80,B4,493.883,17,8196.08,6.49009,-5.70484,0.767391
80,Ds7,2489.02,1,2504.58,2.67146,-0.277691,0.904764
80,Ds7,2489.02,2,5091.26,11.21,-1.57091,0.951057
80,Ds7,2489.02,3,7828.67,17.8415,-5.75444,0.865235
80,Gs1,51.9131,2,103.629,0.210016,4.38256,0.869025
80,Gs1,51.9131,3,154.77,0.205373,4.49457,0.925768
80,Gs1,51.9131,4,207.257,0.196864,4.55658,0.863602
80,Gs1,51.9131,5,258.398,0.230555,4.06932,0.941843
80,Gs1,51.9131,6,310.886,0.204064,4.16274,0.916039
80,Gs1,51.9131,7,363.373,0.177185,2.49438,0.820422
80,Gs1,51.9131,8,414.514,0.142906,0.686957,0.672808
80,Gs1,51.9131,9,467.001,0.203479,2.52539,0.732627
80,Gs1,51.9131,10,519.489,0.177542,2.62043,0.764727
80,Gs1,51.9131,11,570.63,0.17642,2.97207,0.785462
80,Gs1,51.9131,12,623.117,0.175031,1.3592,0.852946
80,Gs1,51.9131,14,728.091,0.194094,3.07305,0.792943
80,Gs1,51.9131,15,780.579,0.175196,2.34765,0.736867
80,Gs1,51.9131,16,834.412,0.165547,0.325077,0.684059
80,Gs1,51.9131,17,886.899,0.172554,1.34276,0.805132
80,Gs1,51.9131,18,939.386,0.158616,1.40604,0.609791
80,Gs1,51.9131,19,993.219,0.256484,1.63544,0.906028
80,Gs1,51.9131,20,1047.05,0.329387,1.39893,0.892264
80,Gs1,51.9131,21,1102.23,0.268805,2.97729,0.907251
80,Gs1,51.9131,22,1157.41,0.244923,1.75962,0.906185
80,Gs1,51.9131,26,1403.7,0.929467,-1.76399,0.858712
80,Gs1,51.9131,28,1508.67,1.00393,-1.61586,0.89088
80,Gs1,51.9131,29,1566.54,0.694844,-2.7828,0.847364
80,Gs1,51.9131,30,1621.72,0.622036,-3.49474,0.810786
80,Gs1,51.9131,31,1697.09,0.522435,0.270553,0.958164
80,Gs1,51.9131,32,1754.96,0.473458,-0.608804,0.914409
80,Gs1,51.9131,33,1811.48,0.458674,-0.224516,0.932096
80,Gs1,51.9131,34,1868.01,0.517925,1.09059,0.937538
80,Gs1,51.9131,35,1924.53,0.546827,1.47301,0.897131
80,Gs1,51.9131,36,1981.05,0.530013,0.93093,0.977033
80,Gs1,51.9131,37,2037.58,0.54419,0.97156,0.972151
80,Gs1,51.9131,38,2098.14,0.721132,1.4488,0.984479
80,Gs1,51.9131,39,2161.4,1.10032,-3.53679,0.706452
80,Gs1,51.9131,41,2305.4,0.80986,-1.71716,0.958729
80,Gs1,51.9131,43,2444.02,0.733646,0.43509,0.960944
80,Gs1,51.9131,44,2505.93,0.761664,-0.898811,0.967193
80,Gs1,51.9131,45,2566.49,0.819334,0.102816,0.975871
80,Gs1,51.9131,46,2625.71,0.93038,-0.217741,0.959459
80,Gs1,51.9131,48,2750.87,0.882767,-0.951393,0.976801
80,Gs1,51.9131,53,2932.55,1.05071,-0.863902,0.97011
80,Gs1,51.9131,58,3602.77,1.69572,-0.00806121,0.937094
80,Gs1,51.9131,68,4322.79,1.82006,-3.06022,0.88275
80,Gs1,51.9131,78,5372.53,2.29306,-3.02505,0.875406
80,Gs1,51.9131,91,5530,1.18408,-6.34598,0.770061
80,Gs1,51.9131,93,6482.84,1.27232,-7.09048,0.718053
80,Fs2,92.4986,1,92.8619,0.217167,3.33539,0.95332
80,Fs2,92.4986,2,184.378,0.208175,2.37968,0.902174
80,Fs2,92.4986,3,277.24,0.159447,2.73944,0.758288
80,Fs2,92.4986,4,370.102,0.18639,2.72718,0.840913
80,Fs2,92.4986,5,461.618,0.220089,2.32924,0.880927
80,Fs2,92.4986,6,554.48,0.267682,2.7475,0.908825
80,Fs2,92.4986,8,740.204,0.185695,1.85176,0.760284
80,Fs2,92.4986,9,834.412,0.270055,1.73102,0.881131
80,Fs2,92.4986,10,927.274,0.211541,2.87317,0.740976
80,Fs2,92.4986,12,1114.34,0.175997,1.53686,0.743272
80,Fs2,92.4986,13,1208.55,0.189573,1.95905,0.688442
80,Fs2,92.4986,15,1396.97,0.234994,0.771745,0.85191
80,Fs2,92.4986,16,1491.17,0.223166,0.755745,0.92547
80,Fs2,92.4986,17,1586.73,0.23296,0.607509,0.901463
80,Fs2,92.4986,18,1682.28,0.266781,1.25343,0.754578
80,Fs2,92.4986,19,1777.84,0.233553,0.239976,0.769086
80,Fs2,92.4986,20,1874.73,0.212661,-0.561559,0.820122
80,Fs2,92.4986,21,1972.98,0.214649,-0.455245,0.715918
80,Fs2,92.4986,22,2071.23,0.217403,0.352079,0.792399
80,Fs2,92.4986,28,2699.73,3.074,-1.58618,0.987105
80,Fs2,92.4986,31,2861.22,0.445671,-0.33306,0.927406
80,Fs2,92.4986,35,3065.79,0.374441,-0.781192,0.874542
80,Fs2,92.4986,37,3906.93,0.665484,-1.16763,0.837643
80,Fs2,92.4986,46,4344.32,0.902495,-1.24905,0.921334
80,Fs2,92.4986,50,4569.08,0.836833,-2.03996,0.808372
80,Fs2,92.4986,52,5260.83,1.21711,-1.85606,0.882723
80,Fs2,92.4986,58,5377.92,1.42314,-1.8142,0.871299
80,Fs2,92.4986,59,5497.7,2.57071,-1.73019,0.869216
80,Fs2,92.4986,60,6108.7,3.05257,-1.28331,0.875272
80,Fs2,92.4986,66,6233.86,3.1916,-1.64395,0.899297
80,Fs2,92.4986,67,6616.08,1.76765,-5.72792,0.751844
80,Fs2,92.4986,70,6745.28,0.980931,-8.34517,0.636961
80,F1,43.6535,2,87.4786,0.272113,3.99129,0.890953
80,F1,43.6535,3,130.545,0.215736,4.74319,0.90797
80,F1,43.6535,4,173.611,0.249235,4.0919,0.907542
80,F1,43.6535,5,218.024,0.200154,3.50133,0.874648
80,F1,43.6535,6,261.09,0.218741,3.7988,0.778605
80,F1,43.6535,7,305.502,0.196402,3.44505,0.915727
80,F1,43.6535,8,348.569,0.192273,0.998849,0.896459
80,F1,43.6535,9,392.981,0.205497,3.20937,0.793186
80,F1,43.6535,10,436.047,0.187661,2.26976,0.658678
80,F1,43.6535,11,480.46,0.210055,2.10309,0.837806
80,F1,43.6535,12,523.526,0.184409,2.1038,0.753935
80,F1,43.6535,13,567.938,0.196033,1.8101,0.662088
80,F1,43.6535,14,612.35,0.131751,0.489212,0.614089
80,F1,43.6535,15,656.763,0.150507,1.7182,0.626613
80,F1,43.6535,17,745.587,0.19224,1.33473,0.731184
80,F1,43.6535,18,789.999,0.175473,1.59948,0.751531
80,F1,43.6535,19,835.757,0.157366,2.18007,0.729152
80,F1,43.6535,20,880.17,0.219572,1.29453,0.90531
80,F1,43.6535,21,925.928,0.15159,1.68891,0.648983
80,F1,43.6535,22,971.686,0.180287,1.19935,0.773435
80,F1,43.6535,23,1018.79,0.400544,1.77279,0.908992
80,F1,43.6535,24,1065.89,0.211765,0.182609,0.831691
80,F1,43.6535,25,1135.88,1.98587,-0.566424,0.977354
80,F1,43.6535,26,1180.29,1.3775,-1.76639,0.930874
80,F1,43.6535,27,1224.7,1.65428,-1.4016,0.939398
80,F1,43.6535,28,1257,1.11162,-3.28854,0.750908
80,F1,43.6535,29,1313.53,1.63788,-1.50704,0.933486
80,F1,43.6535,34,1580,0.435774,1.22798,0.921106
80,F1,43.6535,35,1628.45,0.447322,1.41927,0.966303
80,F1,43.6535,36,1678.24,0.454583,0.947201,0.951317
80,F1,43.6535,37,1726.69,0.54234,0.838012,0.879364
80,F1,43.6535,38,1776.49,0.497301,0.708719,0.908247
80,F1,43.6535,39,1826.28,0.484339,-0.252228,0.938989
80,F1,43.6535,40,1876.08,0.519195,-0.962113,0.944831
80,F1,43.6535,41,1927.22,0.576627,1.20611,0.953969
80,F1,43.6535,42,1977.02,0.548587,1.12162,0.89433
80,F1,43.6535,43,2030.85,0.568532,0.448515,0.872547
80,F1,43.6535,49,2395.57,0.780864,0.160123,0.91713
80,F1,43.6535,50,2448.06,0.786522,-0.271119,0.950418
80,F1,43.6535,51,2503.23,0.933332,-1.3103,0.950209
80,F1,43.6535,52,2558.41,1.02088,0.106641,0.929202
80,F1,43.6535,53,2613.59,1.33427,0.620822,0.959829
80,F1,43.6535,54,2668.77,0.940205,-0.204267,0.920765
80,F1,43.6535,60,3135.77,1.48094,1.01957,0.975653
80,F1,43.6535,70,3614.89,1.59679,-0.0435824,0.949235
80,F1,43.6535,78,4390.08,2.19601,-0.190184,0.960826
80,F1,43.6535,89,4966.09,3.65544,-1.85896,0.923496
80,G4,391.995,1,391.635,0.54052,4.57359,0.955507
80,G4,391.995,4,1575.96,0.508269,2.81427,0.966218
80,G4,391.995,5,1975.67,0.350866,0.662975,0.682113
80,G4,391.995,6,2379.42,0.444347,1.34329,0.746796
80,G4,391.995,7,2787.2,0.556532,-0.172517,0.905083
80,G4,391.995,9,3201.72,0.68949,-0.221658,0.907609
80,G4,391.995,10,3621.62,1.02434,-0.416561,0.907693
80,G4,391.995,11,4925.72,2.04997,-0.789339,0.90333
80,G4,391.995,15,5377.92,2.97553,-1.12951,0.892444
80,G4,391.995,16,5842.23,5.51959,-1.07255,0.899923
80,G4,391.995,17,6313.27,3.54612,-3.56138,0.845064
80,G4,391.995,18,6796.42,7.74014,-1.49668,0.934891
80,A0,27.5,1,26.9165,0.226955,0.969768,0.981867
80,A0,27.5,2,55.1788,0.230549,3.32998,0.981884
80,A0,27.5,3,82.0953,0.193649,5.00981,0.959358
80,A0,27.5,4,109.012,0.136065,4.79485,0.857737
80,A0,27.5,5,135.928,0.138767,4.21185,0.869984
80,A0,27.5,6,164.191,0.140127,3.6508,0.850004
80,A0,27.5,7,191.107,0.104524,3.59159,0.687077
80,A0,27.5,8,219.37,0.117144,1.28124,0.791777
80,A0,27.5,9,246.286,0.11198,2.95517,0.68263
80,A0,27.5,10,274.548,0.123086,2.9018,0.773145
80,A0,27.5,11,302.811,0.126068,3.44021,0.805388
80,A0,27.5,12,331.073,0.127316,4.59153,0.823164
80,A0,27.5,13,357.99,0.166714,3.86007,0.94672
80,A0,27.5,14,386.252,0.176292,4.05755,0.951818
80,A0,27.5,15,415.86,0.156385,3.73522,0.913441
80,A0,27.5,16,444.122,0.175016,2.05214,0.949481
80,A0,27.5,17,472.385,0.17196,1.13009,0.882458
80,A0,27.5,18,501.993,0.181614,2.97201,0.944531
80,A0,27.5,19,530.255,0.185793,3.04186,0.939799
80,A0,27.5,20,559.863,0.20661,2.57325,0.955258
80,A0,27.5,21,589.471,0.204732,2.22346,0.961849
80,A0,27.5,22,619.08,0.230255,3.08221,0.96933
80,A0,27.5,23,650.034,0.226345,2.66702,0.965937
80,A0,27.5,24,679.642,0.268145,0.428477,0.983918
80,A0,27.5,25,710.596,0.258378,0.902044,0.982886
80,A0,27.5,26,741.55,0.249309,2.94125,0.983371
80,A0,27.5,27,772.504,0.286483,3.39626,0.992371
80,A0,27.5,28,803.458,0.286454,3.39964,0.990426
80,A0,27.5,29,835.757,0.352875,3.21895,0.996481
80,A0,27.5,30,866.711,0.365493,3.57815,0.989885
80,A0,27.5,31,899.011,0.380399,2.71589,0.989998
80,A0,27.5,32,931.311,0.418778,2.20899,0.994019
80,A0,27.5,33,964.957,0.452691,0.159212,0.996735
80,A0,27.5,34,998.602,0.465824,1.66007,0.993533
80,A0,27.5,35,1030.9,0.463902,2.7397,0.985316
80,A0,27.5,36,1064.55,0.495496,2.80233,0.994077
80,A0,27.5,37,1096.85,0.531644,2.91559,0.996705
80,A0,27.5,38,1130.49,0.659982,2.56159,0.993367
80,A0,27.5,40,1172.21,0.619267,2.36984,0.970134
80,A0,27.5,41,1205.86,0.648317,1.29326,0.98398
80,A0,27.5,42,1240.85,0.729297,1.40678,0.99115
80,A0,27.5,43,1275.84,0.816538,2.78494,0.993058
80,A0,27.5,44,1313.53,0.825607,2.65134,0.98358
80,A0,27.5,45,1349.86,1.1006,2.58146,0.967461
80,A0,27.5,46,1387.55,1.02727,1.62579,0.963991
80,A0,27.5,47,1425.23,1.068,2.45677,0.999066
80,A0,27.5,48,1462.91,1.2045,2.39638,0.994871
80,A0,27.5,49,1500.6,1.26995,1.89908,0.993284
80,A0,27.5,50,1540.97,1.26779,0.25597,0.984439
80,A0,27.5,51,1580,1.2891,1.07091,0.992989
80,A0,27.5,52,1620.37,1.33999,1.37954,0.988325
80,A0,27.5,53,1659.4,1.47711,1.91551,0.987066
80,A0,27.5,54,1699.78,1.42428,2.12753,0.986626
80,A0,27.5,55,1733.42,1.44034,-0.614138,0.995706
80,A0,27.5,56,1775.14,1.75443,2.05654,0.999609
80,A0,27.5,60,1912.42,1.89782,-0.0128329,0.983235
80,A0,27.5,61,1956.83,2.10066,0.505087,0.995872
80,A0,27.5,62,1999.9,2.40574,0.736508,0.998528
80,A0,27.5,63,2044.31,1.53666,-1.54492,0.938915
80,A0,27.5,64,2088.72,2.66555,0.853677,0.999031
80,A0,27.5,65,2135.82,2.58779,1.62147,0.994156
80,A0,27.5,66,2178.89,2.49351,1.55953,0.997667
80,A0,27.5,67,2227.34,2.44901,0.585777,0.97448
80,A0,27.5,68,2274.44,2.89323,-0.717766,0.995969
80,A0,27.5,74,2519.38,3.04275,-1.167,0.991956
80,A0,27.5,75,2567.83,3.55698,-0.269591,0.976207
80,A0,27.5,76,2618.98,3.18808,-0.24992,0.966677
80,A0,27.5,77,2666.08,2.32935,-1.20773,0.976113
80,A0,27.5,78,2723.95,2.37984,-2.31941,0.84563
80,A0,27.5,80,2827.58,4.25179,-0.205147,0.996931
80,A0,27.5,81,2880.07,3.65254,-2.02242,0.978796
80,A0,27.5,87,2989.08,5.21004,0.0506608,0.999107
80,A0,27.5,94,3155.96,0.772788,-5.16648,0.675555
80,Fs5,739.989,1,740.204,0.781846,4.31436,0.917867
80,Fs5,739.989,2,1484.45,0.631772,1.85601,0.865418
80,Fs5,739.989,3,2238.11,0.695586,1.47411,0.789874
80,Fs5,739.989,4,2998.5,1.12251,0.554128,0.924804
80,Fs5,739.989,5,3718.52,1.47349,-5.74699,0.945131
80,Fs5,739.989,6,4585.23,3.43214,-0.414476,0.935675
80,Fs5,739.989,8,5411.56,5.2477,-0.747727,0.922409
80,Fs5,739.989,9,6263.47,9.20054,-2.01479,0.935482
80,Fs5,739.989,10,7144.99,3.72979,-7.64515,0.631366
80,Cs7,2217.46,1,2232.72,1.63727,1.51746,0.928018
80,Cs7,2217.46,2,4528.7,4.9333,-1.36035,0.92424
80,Cs7,2217.46,3,6957.92,18.7774,-3.30979,0.963629
80,Gs6,1661.22,1,1667.48,1.12822,1.94507,0.856739
80,Gs6,1661.22,2,3367.25,2.30211,-0.0221475,0.963299
80,Gs6,1661.22,3,5127.59,7.20761,-0.383705,0.942164
80,Gs6,1661.22,4,6986.18,12.8348,-4.44375,0.923912
80,G3,195.998,1,196.49,0.255811,4.39938,0.938361
80,G3,195.998,2,391.635,0.34298,3.91234,0.824582
80,G3,195.998,3,588.126,0.218075,1.98149,0.706188
80,G3,195.998,4,784.616,0.363589,2.262,0.860186
80,G3,195.998,5,982.452,0.296083,2.23403,0.934093
80,G3,195.998,6,1180.29,0.243929,2.27931,0.799577
80,G3,195.998,7,1378.12,0.226027,1.46108,0.81942
80,G3,195.998,8,1577.31,0.279671,1.12466,0.856951
80,G3,195.998,9,1777.84,0.377904,1.40566,0.93339
80,G3,195.998,10,1979.71,0.329603,0.602443,0.886077
80,G3,195.998,11,2184.27,0.288138,0.695303,0.962779
80,G3,195.998,12,2388.84,0.489057,0.369478,0.873391
80,G3,195.998,13,2594.75,0.41894,-0.89353,0.807696
80,G3,195.998,14,2803.35,0.36575,-2.28471,0.779301
80,G3,195.998,15,3011.96,0.366849,-1.11979,0.781661
80,G3,195.998,18,3224.6,0.44003,-0.922354,0.853283
80,G3,195.998,19,3873.28,0.613715,-1.7754,0.887125
80,G3,195.998,22,4094,0.613679,-2.01026,0.864473
80,G3,195.998,24,4317.41,0.734827,-2.06489,0.839588
80,G3,195.998,25,5002.43,1.31547,-0.293382,0.946467
80,G3,195.998,28,5473.47,1.48029,-1.87939,0.866048
80,G3,195.998,30,6711.63,3.46701,-1.84431,0.775707
80,F6,1396.91,1,1401,1.08869,2.49531,0.823874
80,F6,1396.91,2,2820.85,1.33254,-0.847693,0.905311
80,F6,1396.91,3,4283.76,2.97364,-0.400271,0.93004
80,F6,1396.91,4,5804.54,7.80362,-1.39673,0.92388
80,F6,1396.91,5,7403.38,12.9184,-3.98977,0.862897
80,A7,3520,2,7259.38,27.2082,-3.93249,0.965598
80,A7,3520,3,11175.7,34.6766,-8.98772,0.887349
80,F7,2793.83,1,2811.43,3.47156,-2.22455,0.914418
80,F7,2793.83,2,5730.52,14.8687,-2.16712,0.957934
80,F7,2793.83,3,8811.12,27.9967,-3.94655,0.962802
80,G2,97.9989,1,98.2452,0.198164,3.58363,0.914471
80,G2,97.9989,2,195.145,0.26706,3.36021,0.93927
80,G2,97.9989,3,293.39,0.177071,2.77435,0.870292
80,G2,97.9989,4,391.635,0.267548,3.83433,0.824813
80,G2,97.9989,5,489.88,0.17905,2.45136,0.802679
80,G2,97.9989,6,588.126,0.209462,3.24793,0.89404
80,G2,97.9989,7,686.371,0.12673,2.18485,0.617206
80,G2,97.9989,8,784.616,0.224623,1.55045,0.911965
80,G2,97.9989,9,884.207,0.227243,2.77254,0.800093
80,G2,97.9989,10,982.452,0.196705,2.49175,0.665524
80,G2,97.9989,11,1082.04,0.168108,0.481706,0.678862
80,G2,97.9989,13,1281.23,0.14767,1.69243,0.615609
80,G2,97.9989,14,1380.82,0.167354,1.10303,0.631381
80,G2,97.9989,15,1481.75,0.189996,0.646684,0.777701
80,G2,97.9989,16,1581.34,0.262035,0.66879,0.956338
80,G2,97.9989,17,1682.28,0.263775,0.521714,0.918478
80,G2,97.9989,18,1784.56,0.270634,1.32053,0.866143
80,G2,97.9989,19,1886.85,0.215855,-0.840014,0.692306
80,G2,97.9989,20,1989.13,0.145631,-2.33213,0.646719
80,G2,97.9989,21,2091.41,0.238246,0.369023,0.863251
80,G2,97.9989,22,2195.04,0.332058,0.0400892,0.792482
80,G2,97.9989,23,2300.02,0.215363,-1.57858,0.689789
80,G2,97.9989,30,2612.25,0.23713,-0.701654,0.718179
80,G2,97.9989,31,2718.57,0.277381,-1.11723,0.601358
80,G2,97.9989,32,3040.22,0.341547,-0.790482,0.878308
80,G2,97.9989,35,3147.89,0.434794,-0.445755,0.87489
80,G2,97.9989,36,3928.46,0.654174,-0.365339,0.908843
80,G2,97.9989,44,4042.86,0.648166,-1.77676,0.823112
80,G2,97.9989,45,4628.29,0.990165,-1.75305,0.878151
80,G2,97.9989,50,4990.32,1.10535,-1.22829,0.870782
80,G2,97.9989,53,5612.09,2.58826,-1.21006,0.884148
80,G2,97.9989,59,5867.8,2.29002,-2.59476,0.887404
80,G2,97.9989,61,6663.18,3.31219,-2.90358,0.915189
80,G2,97.9989,67,6799.11,1.73636,-5.75211,0.751286
80,G2,97.9989,68,7214.97,1.33238,-7.88562,0.638706
80,A6,1760,1,1767.07,1.20528,1.92152,0.866806
80,A6,1760,2,3571.82,2.48412,-0.117521,0.966427
80,A6,1760,3,5449.25,8.93422,-1.0516,0.940025
80,A6,1760,4,7441.07,16.0068,-3.93469,0.91288
80,Gs7,3322.44,2,6834.1,22.1599,-3.43074,0.977842
80,Cs6,1108.73,1,1110.31,1.06813,3.48646,0.785321
80,Cs6,1108.73,2,2232.72,1.18725,1.44551,0.864128
80,Cs6,1108.73,3,3376.68,2.25222,0.0378478,0.926711
80,Cs6,1108.73,4,4554.27,4.17931,-1.14066,0.903049
80,Cs6,1108.73,5,5778.97,6.66154,-1.103,0.917673
80,Cs6,1108.73,6,7054.82,11.3518,-3.61968,0.912333
80,Fs4,369.994,1,370.102,0.394867,3.61551,0.80776
80,Fs4,369.994,2,740.204,0.462001,3.98202,0.920247
80,Fs4,369.994,4,1485.79,0.498183,2.03413,0.947373
80,Fs4,369.994,5,1862.62,0.391703,1.56598,0.771037
80,Fs4,369.994,6,2243.49,0.388372,0.901121,0.83518
80,Fs4,369.994,7,2627.05,0.538655,0.692035,0.900556
80,Fs4,369.994,9,3015.99,0.582853,0.127009,0.882047
80,Fs4,369.994,10,3410.32,0.799492,-1.22055,0.814864
80,Fs4,369.994,11,4217.82,1.30775,-0.862258,0.928667
80,Fs4,369.994,13,4630.98,1.90747,-1.39183,0.92637
80,Fs4,369.994,14,5052.23,2.7743,-1.58407,0.861178
80,Fs4,369.994,16,5484.24,2.85004,-1.29046,0.866456
80,Fs4,369.994,17,5922.98,2.68541,-4.44002,0.815755
80,Fs4,369.994,18,7298.41,8.44751,-1.43665,0.897952
80,G5,783.991,1,784.616,0.651639,3.84867,0.800837
80,G5,783.991,2,1573.27,0.725057,1.73458,0.846839
80,G5,783.991,3,2372.69,0.706137,1.18836,0.831136
80,G5,783.991,4,3185.57,1.33609,0.977348,0.958544
80,G5,783.991,5,4018.63,2.41338,-0.156091,0.945533
80,G5,783.991,6,4870.54,3.72861,-0.865702,0.932009
80,G5,783.991,8,5754.75,6.03688,-1.73774,0.891948
80,G5,783.991,9,6668.56,10.7845,-2.12543,0.943627
80,A1,55,1,55.1788,0.177386,2.62545,0.774354
80,A1,55,2,110.358,0.197572,4.40241,0.892524
80,A1,55,3,164.191,0.259024,4.38988,0.882058
80,A1,55,4,219.37,0.238912,3.55971,0.975888
80,A1,55,5,274.548,0.273488,4.63035,0.853421
80,A1,55,6,329.727,0.175558,3.94342,0.784975
80,A1,55,7,384.906,0.220198,3.62908,0.89435
80,A1,55,8,440.085,0.190692,0.480971,0.829261
80,A1,55,9,495.264,0.172047,2.16723,0.773395
80,A1,55,11,605.621,0.119704,2.56711,0.67693
80,A1,55,12,660.8,0.20038,1.26919,0.747421
80,A1,55,13,715.979,0.242275,3.07496,0.839017
80,A1,55,14,771.158,0.196609,3.32251,0.804563
80,A1,55,15,827.682,0.20527,2.89137,0.900567
80,A1,55,16,882.861,0.216081,0.894164,0.912311
80,A1,55,17,939.386,0.205975,2.26417,0.860409
80,A1,55,18,994.565,0.255525,0.968015,0.873417
80,A1,55,19,1051.09,0.23367,2.04549,0.888931
80,A1,55,20,1110.31,0.278449,0.734791,0.920003
80,A1,55,21,1168.18,0.244913,2.12293,0.884745
80,A1,55,26,1487.14,0.746171,-1.63681,0.865877
80,A1,55,27,1543.66,0.607581,-1.82613,0.89879
80,A1,55,28,1598.84,0.678978,-1.88519,0.879831
80,A1,55,29,1654.02,0.663532,-2.5652,0.961364
80,A1,55,31,1796.68,0.484727,0.186625,0.969792
80,A1,55,32,1857.24,0.509528,-0.468433,0.960592
80,A1,55,33,1915.11,0.504004,0.542157,0.964579
80,A1,55,34,1975.67,0.448643,-0.878827,0.966701
80,A1,55,35,2034.89,0.559536,1.3502,0.976579
80,A1,55,36,2096.8,0.585962,0.992518,0.996988
80,A1,55,37,2157.36,0.530837,1.36017,0.946233
80,A1,55,42,2519.38,0.728787,-1.04078,0.938522
80,A1,55,43,2588.02,0.729114,0.278334,0.94131
80,A1,55,44,2649.93,0.776592,0.356879,0.945235
80,A1,55,45,2707.8,0.801889,0.0548926,0.955496
80,A1,55,46,2771.05,0.981708,-0.312362,0.969553
80,A1,55,53,3593.35,1.64136,0.438307,0.926711
80,A1,55,65,4312.02,1.88724,-2.15921,0.890216
80,A1,55,75,4871.89,1.71173,-3.34767,0.886806
80,A1,55,82,5026.66,1.59189,-4.17606,0.839204
80,A1,55,83,5075.11,1.026,-5.74478,0.745004
80,A1,55,84,6468.04,2.09899,-4.79326,0.771727
80,Fs3,184.997,1,184.378,0.295788,3.79888,0.957485
80,Fs3,184.997,2,370.102,0.453626,3.85076,0.970405
80,Fs3,184.997,4,740.204,0.295379,3.63883,0.922858
80,Fs3,184.997,5,925.928,0.198428,2.12814,0.76036
80,Fs3,184.997,6,1113,0.261915,2.09768,0.899417
80,Fs3,184.997,7,1300.07,0.255667,1.67657,0.722832
80,Fs3,184.997,8,1488.48,0.204832,0.69635,0.885898
80,Fs3,184.997,9,1676.9,0.257279,1.53154,0.899591
80,Fs3,184.997,10,1866.66,0.332009,0.506779,0.746495
80,Fs3,184.997,11,2057.77,0.27769,-0.570719,0.906473
80,Fs3,184.997,13,2444.02,0.413027,-0.81441,0.81381
80,Fs3,184.997,14,2639.16,0.298901,-1.27573,0.789321
80,Fs3,184.997,16,3033.49,0.350503,-0.697464,0.846391
80,Fs3,184.997,19,3845.02,0.532829,-2.11233,0.803388
80,Fs3,184.997,23,4053.63,0.559615,-1.72293,0.875308
80,Fs3,184.997,25,4263.57,0.990069,-1.64766,0.939805
80,Fs3,184.997,26,4476.21,1.2371,-1.54343,0.906425
80,Fs3,184.997,27,5127.59,1.24604,-1.84965,0.840872
80,Fs3,184.997,30,5349.66,1.43943,-1.91632,0.797436
80,Fs3,184.997,31,5575.75,2.40496,-1.39465,0.833054
80,Fs3,184.997,32,6268.85,1.92825,-2.29417,0.84393
80,Fs3,184.997,35,6505.72,2.90394,-2.23386,0.897396
80,Fs3,184.997,36,7235.16,3.22259,-3.88602,0.864042
80,Fs3,184.997,40,7995.55,2.31871,-6.54144,0.71819
80,Cs1,34.6478,1,34.9915,0.187228,1.98852,0.958968
80,Cs1,34.6478,2,68.6371,0.168817,4.69116,0.945012
80,Cs1,34.6478,3,103.629,0.13602,5.48245,0.908106
80,Cs1,34.6478,4,137.274,0.133698,4.88937,0.886745
80,Cs1,34.6478,5,172.266,0.12741,4.16716,0.879363
80,Cs1,34.6478,6,207.257,0.0961912,4.98368,0.651824
80,Cs1,34.6478,7,242.249,0.125764,3.62786,0.809817
80,Cs1,34.6478,8,275.894,0.135106,2.25839,0.891731
80,Cs1,34.6478,9,310.886,0.127097,3.62717,0.877694
80,Cs1,34.6478,10,345.877,0.127186,4.5001,0.842209
80,Cs1,34.6478,11,380.869,0.139161,4.74595,0.85872
80,Cs1,34.6478,12,415.86,0.129817,4.29837,0.828713
80,Cs1,34.6478,13,450.851,0.159602,4.04043,0.90157
80,Cs1,34.6478,14,485.843,0.187219,3.38789,0.96815
80,Cs1,34.6478,15,520.834,0.183706,2.32754,0.947776
80,Cs1,34.6478,16,557.172,0.165329,1.21481,0.921636
80,Cs1,34.6478,17,592.163,0.194159,2.46481,0.956433
80,Cs1,34.6478,18,628.5,0.208807,2.78961,0.973302
80,Cs1,34.6478,19,663.492,0.219934,3.23305,0.97368
80,Cs1,34.6478,20,699.829,0.194616,1.28651,0.922807
80,Cs1,34.6478,21,736.166,0.202114,3.67809,0.962023
80,Cs1,34.6478,22,772.504,0.204274,3.56954,0.959588
80,Cs1,34.6478,23,808.841,0.226149,2.81839,0.97942
80,Cs1,34.6478,24,845.178,0.235549,0.640319,0.967791
80,Cs1,34.6478,25,881.516,0.258401,2.06404,0.980178
80,Cs1,34.6478,26,919.199,0.272131,2.46664,0.987161
80,Cs1,34.6478,27,956.882,0.2973,2.42223,0.993994
80,Cs1,34.6478,28,998.602,0.398582,-0.249524,0.810736
80,Cs1,34.6478,29,1033.59,0.322383,2.88783,0.981332
80,Cs1,34.6478,30,1072.62,0.341326,2.69943,0.99516
80,Cs1,34.6478,35,1297.38,0.494466,2.80105,0.99145
80,Cs1,34.6478,36,1337.75,0.562461,2.23893,0.94434
80,Cs1,34.6478,37,1379.47,0.588843,1.89052,0.954406
80,Cs1,34.6478,38,1421.19,0.524022,1.97707,0.981229
80,Cs1,34.6478,39,1461.57,0.522013,0.224338,0.989232
80,Cs1,34.6478,40,1499.25,0.548151,1.60713,0.976775
80,Cs1,34.6478,41,1543.66,0.596905,1.86306,0.97868
80,Cs1,34.6478,42,1584.04,0.637878,2.65878,0.983304
80,Cs1,34.6478,43,1625.76,0.643483,1.1075,0.983614
80,Cs1,34.6478,44,1668.82,0.650719,1.4385,0.991719
80,Cs1,34.6478,45,1710.54,0.713527,1.58877,0.977148
80,Cs1,34.6478,46,1753.61,0.717487,0.692857,0.961378
80,Cs1,34.6478,47,1796.68,0.762466,0.42744,0.975713
80,Cs1,34.6478,48,1838.4,0.858162,-0.192341,0.978324
80,Cs1,34.6478,49,1882.81,0.855143,0.728099,0.967813
80,Cs1,34.6478,50,1927.22,1.01631,1.80738,0.999034
80,Cs1,34.6478,51,1971.63,0.994507,0.449183,0.994722
80,Cs1,34.6478,59,2387.49,1.10252,0.591095,0.987133
80,Cs1,34.6478,60,2434.6,1.05174,-0.720994,0.975106
80,Cs1,34.6478,61,2483.05,1.18238,0.0961451,0.991685
80,Cs1,34.6478,62,2531.5,1.16465,-1.74832,0.976643
80,Cs1,34.6478,63,2581.29,1.47601,-0.539043,0.995293
80,Cs1,34.6478,64,2631.09,1.35659,-1.42285,0.946529
80,Cs1,34.6478,65,2682.23,1.37222,-0.814519,0.968813
80,Cs1,34.6478,66,2732.03,1.35144,-0.696488,0.972259
80,Cs1,34.6478,71,2997.15,1.62363,0.369025,0.87056
80,Cs1,34.6478,80,3045.6,0.89467,-2.38877,0.775626
80,Cs1,34.6478,81,3496.45,0.38003,-6.50419,0.646094
80,Cs1,34.6478,89,4496.4,1.30321,-3.73642,0.803269
80,A3,220,1,219.37,0.190845,2.81059,0.832805
80,A3,220,3,660.8,0.264739,3.24743,0.862787
80,A3,220,4,881.516,0.274211,2.22934,0.840324
80,A3,220,5,1102.23,0.160462,2.12745,0.619673
80,A3,220,6,1325.64,0.270511,0.718776,0.836346
80,A3,220,7,1549.04,0.2642,2.26317,0.753
80,A3,220,8,1779.18,0.376553,-0.0963574,0.973026
80,A3,220,14,2927.17,0.447138,-0.250302,0.871012
80,A3,220,15,3164.04,0.491182,-0.725955,0.899325
80,A3,220,16,4139.76,0.729714,-0.947568,0.936605
80,A3,220,21,5434.44,1.43751,-0.924703,0.910516
80,A3,220,26,5703.61,1.67538,-1.34205,0.883331
80,A3,220,27,6255.4,2.46246,-2.27645,0.840536
80,A3,220,28,6824.68,3.36084,-2.86144,0.854959
80,A3,220,30,7412.81,6.18744,-1.51623,0.894543
80,A3,220,32,8019.77,1.98231,-7.9889,0.605024
80,G7,3135.96,1,3153.27,6.84482,-4.96374,0.798692
80,G7,3135.96,2,6447.85,21.7668,-3.35739,0.947552
80,F2,87.3071,1,87.4786,0.225756,3.67278,0.957053
80,F2,87.3071,2,174.957,0.210776,3.06459,0.879125
80,F2,87.3071,3,261.09,0.2379,3.78036,0.774777
80,F2,87.3071,4,348.569,0.275258,3.61741,0.978657
80,F2,87.3071,5,436.047,0.209952,1.486,0.875805
80,F2,87.3071,6,523.526,0.158643,2.19508,0.600029
80,F2,87.3071,8,698.483,0.127402,0.277846,0.881433
80,F2,87.3071,9,787.308,0.163594,2.25443,0.715622
80,F2,87.3071,10,874.786,0.193951,2.08991,0.726267
80,F2,87.3071,12,1051.09,0.236652,0.348146,0.73086
80,F2,87.3071,15,1317.56,0.166143,1.09681,0.70582
80,F2,87.3071,16,1406.39,0.249271,-0.618984,0.832172
80,F2,87.3071,17,1496.56,0.191124,0.730039,0.851708
80,F2,87.3071,18,1586.73,0.221162,1.64056,0.819802
80,F2,87.3071,19,1676.9,0.177684,0.0745652,0.679356
80,F2,87.3071,20,1768.41,0.275782,-1.4554,0.8398
80,F2,87.3071,21,1861.28,0.194083,1.21729,0.79381
80,F2,87.3071,33,2694.34,0.390935,0.217507,0.896862
80,F2,87.3071,35,2789.9,0.355245,-0.909926,0.857845
80,F2,87.3071,36,3176.15,0.495757,-1.06897,0.923732
80,F2,87.3071,40,3472.23,0.501581,-1.39217,0.859786
80,F2,87.3071,43,3571.82,0.555615,-1.49715,0.745065
80,F2,87.3071,45,4219.16,2.22642,-2.34917,0.824387
80,F2,87.3071,51,4289.15,0.999377,-1.48717,0.877039
80,F2,87.3071,52,4395.46,1.40914,-1.2626,0.852909
80,F2,87.3071,53,4823.44,1.27003,-2.02465,0.874783
80,F2,87.3071,57,4932.45,1.70939,-1.61099,0.805321
80,F2,87.3071,58,5042.81,2.09777,-1.33739,0.917827
80,F2,87.3071,59,5264.87,1.99095,-2.8953,0.879492
80,F2,87.3071,61,5719.76,2.66627,-1.40429,0.89396
80,F2,87.3071,65,5952.58,3.0248,-1.64047,0.918879
80,F2,87.3071,67,6189.45,2.63195,-3.3992,0.888081
80,F2,87.3071,69,6307.88,0.803954,-8.49811,0.609205
80,F2,87.3071,70,6797.76,0.854967,-8.62855,0.591157
80,Cs3,138.591,1,138.62,0.196076,3.80028,0.752316
80,Cs3,138.591,2,277.24,0.247349,3.48704,0.873429
80,Cs3,138.591,3,415.86,0.260124,3.69232,0.94029
80,Cs3,138.591,4,554.48,0.276191,3.13466,0.927944
80,Cs3,138.591,5,693.1,0.174159,1.97075,0.747445
80,Cs3,138.591,6,833.066,0.226777,2.01601,0.857152
80,Cs3,138.591,7,971.686,0.326097,2.12749,0.851632
80,Cs3,138.591,8,1111.65,0.247871,0.762793,0.896707
80,Cs3,138.591,9,1252.96,0.225451,1.5348,0.790701
80,Cs3,138.591,10,1392.93,0.207583,0.622684,0.634592
80,Cs3,138.591,11,1535.59,0.235619,1.4262,0.785336
80,Cs3,138.591,12,1680.94,0.330511,1.98873,0.952421
80,Cs3,138.591,21,2691.65,0.323351,-0.511819,0.872736
80,Cs3,138.591,22,3139.81,0.366429,-0.377237,0.935925
80,Cs3,138.591,25,3291.89,0.402705,-0.280325,0.943969
80,Cs3,138.591,26,3910.97,0.464492,-1.27384,0.856346
80,Cs3,138.591,31,4390.08,0.539413,-2.05814,0.834423
80,Cs3,138.591,34,4551.58,0.823855,-1.72232,0.870293
80,Cs3,138.591,35,5387.34,1.08024,-1.76319,0.832114
80,Cs3,138.591,39,5559.6,1.28314,-2.01272,0.80992
80,Cs3,138.591,40,5909.52,2.12301,-1.63259,0.78896
80,Cs3,138.591,42,6815.26,3.01306,-2.02476,0.740796
80,Cs3,138.591,47,7189.4,2.58659,-4.66242,0.82577
80,Cs3,138.591,49,8165.12,3.59664,-4.17356,0.845163
80,Gs2,103.826,1,103.629,0.163917,3.6091,0.826776
80,Gs2,103.826,2,207.257,0.264042,3.39285,0.92357
80,Gs2,103.826,3,310.886,0.187914,3.01224,0.829675
80,Gs2,103.826,4,414.514,0.31254,3.42136,0.966623
80,Gs2,103.826,5,519.489,0.200353,2.78433,0.894124
80,Gs2,103.826,6,623.117,0.225895,2.97679,0.922809
80,Gs2,103.826,7,726.746,0.181437,2.66491,0.707443
80,Gs2,103.826,8,831.72,0.142214,0.579448,0.629676
80,Gs2,103.826,9,936.694,0.175111,3.21738,0.887683
80,Gs2,103.826,10,1041.67,0.148887,1.7582,0.605778
80,Gs2,103.826,11,1146.64,0.166679,1.62957,0.635663
80,Gs2,103.826,12,1251.62,0.427288,2.78281,0.918706
80,Gs2,103.826,13,1357.94,0.149559,-0.173175,0.635163
80,Gs2,103.826,14,1464.26,0.200233,1.73395,0.895774
80,Gs2,103.826,15,1570.58,0.3642,1.2242,0.943479
80,Gs2,103.826,16,1676.9,0.318006,-0.0365469,0.954972
80,Gs2,103.826,18,1892.23,0.26575,1.10018,0.735793
80,Gs2,103.826,19,2001.24,0.178298,-1.00317,0.845963
80,Gs2,103.826,20,2108.91,0.378777,-1.11687,0.840526
80,Gs2,103.826,21,2217.92,0.306684,0.468665,0.919573
80,Gs2,103.826,22,2328.28,0.196912,-0.734474,0.790786
80,Gs2,103.826,23,2438.64,0.200709,-1.3031,0.774914
80,Gs2,103.826,24,2550.34,0.297882,-1.37318,0.803501
80,Gs2,103.826,25,2662.04,0.280432,-1.58337,0.855723
80,Gs2,103.826,26,2776.44,0.376021,-0.456669,0.771197
80,Gs2,103.826,31,3229.98,0.321032,-0.897467,0.639921
80,Gs2,103.826,35,3345.72,0.431607,-0.854684,0.913914
80,Gs2,103.826,36,4057.66,0.714747,-1.07715,0.929875
80,Gs2,103.826,43,4178.79,0.634573,-1.56864,0.904828
80,Gs2,103.826,44,4929.76,1.12581,-1.23741,0.929124
80,Gs2,103.826,50,5188.16,1.09312,-1.96114,0.796035
80,Gs2,103.826,53,5320.05,1.87507,-0.881316,0.841432
80,Gs2,103.826,54,6266.16,2.72223,-1.19081,0.885066
80,Fs1,46.2493,1,45.7581,0.21679,1.2741,0.930107
80,Fs1,46.2493,2,92.8619,0.274993,4.16715,0.978334
80,Fs1,46.2493,3,138.62,0.18304,4.81,0.909717
80,Fs1,46.2493,4,184.378,0.207607,3.75635,0.903972
80,Fs1,46.2493,5,230.136,0.187408,1.62035,0.921292
80,Fs1,46.2493,6,277.24,0.159628,3.56445,0.715553
80,Fs1,46.2493,7,322.998,0.17513,3.7773,0.774626
80,Fs1,46.2493,8,368.756,0.190741,0.528398,0.781374
80,Fs1,46.2493,9,415.86,0.204877,3.23807,0.811851
80,Fs1,46.2493,10,461.618,0.309643,3.58675,0.920108
80,Fs1,46.2493,11,508.722,0.208895,3.08977,0.797068
80,Fs1,46.2493,12,555.826,0.172179,0.876069,0.650641
80,Fs1,46.2493,13,601.584,0.169188,1.24458,0.696096
80,Fs1,46.2493,14,648.688,0.176739,2.39854,0.716902
80,Fs1,46.2493,15,695.792,0.133405,1.35909,0.64026
80,Fs1,46.2493,16,742.896,0.178214,1.30568,0.752105
80,Fs1,46.2493,17,789.999,0.17081,1.16846,0.725048
80,Fs1,46.2493,19,885.553,0.217759,2.61705,0.822799
80,Fs1,46.2493,20,932.657,0.185231,0.896317,0.667141
80,Fs1,46.2493,21,981.107,0.187985,1.7151,0.805424
80,Fs1,46.2493,22,1029.56,0.206554,1.94362,0.70077
80,Fs1,46.2493,23,1079.35,0.206486,0.606281,0.747027
80,Fs1,46.2493,25,1204.51,1.03272,-2.11129,0.883238
80,Fs1,46.2493,26,1251.62,1.33951,-1.45195,0.913378
80,Fs1,46.2493,27,1297.38,1.53405,-0.728791,0.958846
80,Fs1,46.2493,29,1391.58,1.30874,-1.80899,0.904403
80,Fs1,46.2493,30,1438.69,1.06151,-2.4178,0.815544
80,Fs1,46.2493,33,1619.03,0.434646,-0.394918,0.960988
80,Fs1,46.2493,34,1670.17,0.498562,0.818457,0.925115
80,Fs1,46.2493,35,1722.66,0.504378,1.8827,0.900653
80,Fs1,46.2493,36,1773.8,0.463585,1.10567,0.90472
80,Fs1,46.2493,37,1824.94,0.538771,0.131899,0.970308
80,Fs1,46.2493,38,1877.43,0.52552,1.61027,0.894275
80,Fs1,46.2493,39,1928.57,0.616508,1.32026,0.860878
80,Fs1,46.2493,40,1982.4,0.518161,-2.01632,0.947278
80,Fs1,46.2493,41,2056.42,1.05512,-1.34671,0.870504
80,Fs1,46.2493,50,2581.29,1.01261,-0.0377104,0.978599
80,Fs1,46.2493,51,2639.16,0.911496,0.342365,0.987668
80,Fs1,46.2493,52,2697.03,0.966153,-0.448843,0.967934
80,Fs1,46.2493,60,3289.2,1.59839,-0.0357586,0.892763
80,Fs1,46.2493,63,3945.96,2.23417,-0.0160887,0.923817
80,Fs1,46.2493,79,4600.03,2.4437,-2.97172,0.891756
80,Fs1,46.2493,88,5918.94,3.19053,-2.59964,0.903853
80,A4,440,1,440.085,0.384577,3.52588,0.838302
80,A4,440,2,881.516,0.387463,2.88321,0.757662
80,A4,440,3,1324.29,0.342913,1.35842,0.646996
80,A4,440,4,1771.11,0.490119,1.92249,0.899985
80,A4,440,5,2220.61,0.498008,1.25476,0.815574
80,A4,440,6,2678.19,0.680326,0.861906,0.895715
80,A4,440,8,3139.81,0.892625,0.463463,0.960766
80,A4,440,9,3609.5,1.11232,-0.644999,0.905255
80,A4,440,10,4574.46,2.17945,-1.03328,0.890615
80,A4,440,12,5071.07,3.36772,-0.635475,0.903408
80,A4,440,13,5579.79,5.01926,-0.576992,0.849051
80,A4,440,14,6104.66,6.08723,-0.924236,0.847673
80,A4,440,15,7185.36,4.94552,-5.01177,0.754696
80,F5,698.456,2,1401,0.579687,1.26541,0.72957
80,F5,698.456,3,2110.25,0.617074,1.62666,0.77472
80,F5,698.456,4,2830.27,0.991487,0.301791,0.931985
80,F5,698.456,5,3563.75,1.71501,-0.045501,0.929676
80,F5,698.456,6,4313.37,2.59036,-0.315602,0.925848
80,F5,698.456,8,5088.56,4.48244,-0.595292,0.912498
80,F5,698.456,9,5883.95,7.23367,-0.946371,0.907954
80,F5,698.456,10,6706.25,12.3248,-1.93646,0.95447
80,F5,698.456,11,7556.81,5.44662,-7.2975,0.670493
80,Fs6,1479.98,1,1483.1,1.24605,3.67869,0.88263
80,Fs6,1479.98,2,2986.39,1.60293,0.250029,0.922825
80,Fs6,1479.98,3,4544.85,3.59791,-0.502309,0.927428
80,Fs6,1479.98,4,6170.61,10.4827,-1.26085,0.91425
80,Fs6,1479.98,5,7883.84,4.37553,-8.4902,0.592689
80,Gs5,830.609,1,831.72,0.610736,3.41395,0.785486
80,Gs5,830.609,2,1668.82,0.935123,1.32477,0.924112
80,Gs5,830.609,3,2515.35,0.986736,-0.933807,0.937364
80,Gs5,830.609,4,3379.37,1.66176,-0.390861,0.919172
80,Gs5,830.609,5,4264.92,2.73866,-0.248019,0.933897
80,Gs5,830.609,6,5178.74,4.82202,-0.948621,0.915509
80,Gs5,830.609,8,6123.5,7.72426,-1.7902,0.891424
80,Gs5,830.609,9,7103.27,12.2244,-1.87712,0.949427
80,Cs4,277.183,1,277.24,0.537557,4.62619,0.965711
80,Cs4,277.183,2,554.48,0.401646,3.84263,0.93384
80,Cs4,277.183,3,831.72,0.29065,1.45739,0.634395
80,Cs4,277.183,4,1111.65,0.517913,3.10871,0.896365
80,Cs4,277.183,5,1391.58,0.42325,2.36158,0.939013
80,Cs4,277.183,6,1672.86,0.470832,1.98388,0.95713
80,Cs4,277.183,7,1956.83,0.438692,0.906885,0.807905
80,Cs4,277.183,8,2243.49,0.466078,0.33194,0.775329
80,Cs4,277.183,11,3116.93,0.61968,-0.0838045,0.904848
80,Cs4,277.183,13,3415.7,0.679928,-0.0876053,0.901277
80,Cs4,277.183,14,4332.21,1.069,-0.996875,0.938031
80,Cs4,277.183,18,5289.09,1.97322,-0.758426,0.928312
80,Cs4,277.183,21,5953.93,2.95381,-1.43641,0.870246
80,Cs4,277.183,23,6297.12,4.53463,-1.2178,0.849986
80,Cs4,277.183,24,7352.24,5.11167,-3.63573,0.841469
80,Cs5,554.365,1,554.48,0.576635,4.09207,0.775805
80,Cs5,554.365,2,1110.31,0.533549,2.76418,0.708528
80,Cs5,554.365,3,1671.51,0.444026,1.28099,0.574559
80,Cs5,554.365,4,2236.76,0.815269,2.19282,0.88899
80,Cs5,554.365,5,2811.43,0.932875,0.934974,0.869571
80,Cs5,554.365,6,3395.52,1.17553,0.380181,0.961694
80,Cs5,554.365,8,3990.37,1.941,0.462207,0.972517
80,Cs5,554.365,9,4598.68,2.90618,-0.694521,0.939205
80,Cs5,554.365,10,5224.49,3.82368,-0.652298,0.928017
80,Cs5,554.365,11,5865.11,5.9417,-1.3227,0.904947
80,Cs5,554.365,12,6524.56,9.63555,-1.21829,0.917613
80,Cs5,554.365,13,7202.86,2.11418,-8.06152,0.617355
80,Cs5,554.365,15,7905.38,9.41446,-3.81756,0.889821
80,Gs4,415.305,1,414.514,0.450188,4.1961,0.932562
80,Gs4,415.305,2,831.72,0.361793,2.06918,0.615862
80,Gs4,415.305,4,1670.17,0.398925,1.76525,0.958112
80,Gs4,415.305,5,2095.45,0.328274,0.43176,0.701421
80,Gs4,415.305,6,2523.42,0.467382,-0.956236,0.758511
80,Gs4,415.305,7,2958.12,0.621903,-0.097444,0.956569
80,Gs4,415.305,9,3399.55,0.925373,-0.380084,0.897508
80,Gs4,415.305,10,3847.71,1.2981,-1.11049,0.89008
80,Gs4,415.305,11,5241.99,3.03142,-0.897126,0.89242
80,Gs4,415.305,15,5726.49,5.05306,-1.01287,0.855108
80,Gs4,415.305,16,6225.79,4.80862,-1.87398,0.926168
80,Gs4,415.305,17,6733.16,6.94708,-1.92953,0.919585
80,Gs4,415.305,18,7252.65,6.39169,-3.18245,0.86203
80,Fs7,2959.96,1,2976.97,5.72605,-4.05012,0.816836
80,Fs7,2959.96,2,6072.36,18.4125,-2.90354,0.950571
80,Fs7,2959.96,3,9349.45,37.3936,-4.09669,0.98399
80,A5,880,1,881.516,0.668264,3.32449,0.878393
80,A5,880,2,1768.41,0.568508,0.470215,0.783126
80,A5,880,3,2666.08,1.311,0.342388,0.94095
80,A5,880,4,3585.28,2.08923,0.16205,0.95072
80,A5,880,5,4531.39,3.61767,-0.218174,0.906881
80,A5,880,6,5505.77,5.96595,-0.738863,0.922499
80,A5,880,8,6516.49,10.4633,-1.13226,0.928394
80,A5,880,9,7568.92,5.37205,-6.94452,0.720061
80,G1,48.9994,1,48.4497,0.261369,2.01798,0.899485
80,G1,48.9994,2,98.2452,0.21478,4.09328,0.889389
80,G1,48.9994,3,146.695,0.205287,4.87111,0.855556
80,G1,48.9994,4,195.145,0.194482,3.93946,0.899906
80,G1,48.9994,5,244.94,0.242893,4.1916,0.972442
80,G1,48.9994,6,293.39,0.270723,4.28763,0.963027
80,G1,48.9994,7,341.84,0.180047,3.80324,0.772342
80,G1,48.9994,8,391.635,0.226038,1.83808,0.964399
80,G1,48.9994,9,440.085,0.239729,3.42943,0.827282
80,G1,48.9994,10,489.88,0.193376,2.78945,0.767415
80,G1,48.9994,11,539.676,0.210153,2.44535,0.727415
80,G1,48.9994,12,588.126,0.214537,2.10351,0.964904
80,G1,48.9994,13,637.921,0.20335,2.86977,0.748615
80,G1,48.9994,15,737.512,0.190069,2.22983,0.700177
80,G1,48.9994,16,787.308,0.180786,1.2424,0.716829
80,G1,48.9994,17,837.103,0.148818,0.668325,0.693143
80,G1,48.9994,18,886.899,0.225344,2.6735,0.860707
80,G1,48.9994,19,938.04,0.215471,2.43424,0.910384
80,G1,48.9994,20,987.836,0.180292,0.0797619,0.70017
80,G1,48.9994,21,1038.98,0.221926,1.94108,0.846089
80,G1,48.9994,22,1091.46,0.189767,2.0288,0.697575
80,G1,48.9994,25,1274.5,1.41354,-0.811424,0.967139
80,G1,48.9994,26,1325.64,0.841938,-2.21276,0.895683
80,G1,48.9994,27,1375.43,0.739976,-2.7118,0.856552
80,G1,48.9994,28,1425.23,0.930124,-2.0308,0.840242
80,G1,48.9994,29,1475.02,0.946664,-2.34115,0.866841
80,G1,48.9994,32,1658.06,0.510954,-0.810611,0.957141
80,G1,48.9994,33,1713.24,0.429309,-0.260162,0.894352
80,G1,48.9994,34,1767.07,0.431014,0.498052,0.940678
80,G1,48.9994,35,1819.56,0.469829,1.89365,0.940179
80,G1,48.9994,36,1874.73,0.546401,1.96698,0.986323
80,G1,48.9994,37,1928.57,0.553632,1.405,0.808957
80,G1,48.9994,38,1983.75,0.470905,0.075187,0.918081
80,G1,48.9994,39,2038.93,0.535658,-0.269309,0.82544
80,G1,48.9994,41,2177.55,1.7208,-1.25252,0.982484
80,G1,48.9994,45,2431.91,0.720441,-0.218946,0.944385
80,G1,48.9994,46,2489.78,0.784745,-0.269337,0.978729
80,G1,48.9994,48,2604.17,0.887291,-0.857557,0.95849
80,G1,48.9994,49,2664.73,1.01201,-0.126243,0.987658
80,G1,48.9994,50,2725.3,0.96346,-0.673799,0.912204
80,G1,48.9994,54,2781.82,1.07093,-0.415293,0.93799
80,G1,48.9994,58,3360.53,1.41328,0.577775,0.90643
80,G1,48.9994,68,4033.44,2.16267,-0.224437,0.925161
80,G1,48.9994,78,5285.06,2.40972,-3.53541,0.848889
80,G1,48.9994,94,5379.26,1.60097,-5.86763,0.769154
80,G1,48.9994,95,6052.18,1.63147,-5.96448,0.754615
80,F4,349.228,1,348.569,0.447729,4.29428,0.76012
80,F4,349.228,2,698.483,0.391596,2.40062,0.962935
80,F4,349.228,4,1402.35,0.465326,1.34256,0.863543
80,F4,349.228,5,1757.65,0.422626,1.58327,0.749909
80,F4,349.228,6,2115.64,0.302166,0.672908,0.616198
80,F4,349.228,7,2476.32,0.53546,0.453086,0.922128
80,F4,349.228,8,2842.38,0.479331,-0.909599,0.903307
80,F4,349.228,10,3211.14,0.577585,-0.695044,0.891283
80,F4,349.228,11,3967.49,1.11905,-0.423914,0.93274
80,F4,349.228,13,4355.09,1.35039,-0.917702,0.906939
80,F4,349.228,14,5558.26,3.11483,-1.29795,0.866884
80,F4,349.228,18,5976.81,4.94542,-0.507681,0.900085
80,F4,349.228,19,6835.45,4.94146,-3.34155,0.850327
80,F4,349.228,21,7278.22,4.35801,-4.83288,0.791715
80,Gs3,207.652,1,207.257,0.193872,3.79202,0.819435
80,Gs3,207.652,2,414.514,0.27303,3.39555,0.69274
80,Gs3,207.652,3,623.117,0.286795,3.05939,0.846733
80,Gs3,207.652,4,831.72,0.292567,1.9687,0.610199
80,Gs3,207.652,5,1040.32,0.234631,1.47017,0.665027
80,Gs3,207.652,6,1250.27,0.228793,2.22975,0.799919
80,Gs3,207.652,7,1461.57,0.300672,2.34058,0.81107
80,Gs3,207.652,8,1672.86,0.327528,0.920887,0.894019
80,Gs3,207.652,9,1886.85,0.361709,1.38649,0.946894
80,Gs3,207.652,10,2100.83,0.282327,-0.0592955,0.758856
80,Gs3,207.652,11,2317.51,0.396456,-0.167529,0.956086
80,Gs3,207.652,12,2535.53,0.559297,-0.331448,0.969109
80,Gs3,207.652,13,2756.25,0.470966,0.13017,0.780247
80,Gs3,207.652,14,2976.97,0.484829,-0.679093,0.838394
80,Gs3,207.652,16,3201.72,0.459682,-0.138394,0.893427
80,Gs3,207.652,18,3427.82,0.66385,-0.968282,0.871196
80,Gs3,207.652,19,3889.43,0.677896,-0.791867,0.900499
80,Gs3,207.652,21,4123.61,0.692456,-1.52894,0.907276
80,Gs3,207.652,23,4843.62,1.17359,-1.56035,0.877302
80,Gs3,207.652,26,5338.89,1.26499,-0.984559,0.869753
80,Gs3,207.652,28,6108.7,3.21604,-1.63366,0.786081
80,Gs3,207.652,32,7190.74,5.01099,-1.1619,0.857725
80,Gs3,207.652,36,7473.37,4.26701,-3.31088,0.909439
80,Cs2,69.2957,1,68.6371,0.190015,2.78549,0.885986
80,Cs2,69.2957,3,207.257,0.154794,3.37516,0.777463
80,Cs2,69.2957,4,277.24,0.190388,3.35288,0.846811
80,Cs2,69.2957,5,345.877,0.142283,2.82336,0.630422
80,Cs2,69.2957,6,415.86,0.228155,3.85563,0.940661
80,Cs2,69.2957,7,484.497,0.244195,1.95994,0.810856
80,Cs2,69.2957,8,554.48,0.210352,0.312406,0.817432
80,Cs2,69.2957,10,693.1,0.171263,1.70275,0.758765
80,Cs2,69.2957,11,763.083,0.175341,2.75829,0.849243
80,Cs2,69.2957,13,903.049,0.200892,1.69848,0.699271
80,Cs2,69.2957,14,973.032,0.177583,2.28901,0.685069
80,Cs2,69.2957,15,1044.36,0.194341,0.944725,0.69086
80,Cs2,69.2957,16,1114.34,0.204448,0.219639,0.763379
80,Cs2,69.2957,17,1185.67,0.194885,1.08219,0.882646
80,Cs2,69.2957,18,1255.65,0.186556,0.516645,0.723537
80,Cs2,69.2957,19,1328.33,0.330364,0.614055,0.728775
80,Cs2,69.2957,20,1401,0.253065,0.392871,0.742401
80,Cs2,69.2957,26,1873.39,2.16331,-1.06025,0.995828
80,Cs2,69.2957,27,1947.41,2.04161,-0.425054,0.99611
80,Cs2,69.2957,34,2499.2,0.518865,-1.62006,0.954371
80,Cs2,69.2957,35,2575.91,0.501363,-0.876642,0.900521
80,Cs2,69.2957,36,2652.62,0.488335,-0.630989,0.884715
80,Cs2,69.2957,37,2727.99,0.564628,0.46868,0.986097
80,Cs2,69.2957,38,2806.05,0.554497,-0.607998,0.917374
80,Cs2,69.2957,44,3199.03,0.767488,-0.263334,0.911999
80,Cs2,69.2957,49,3277.08,0.935126,-0.517519,0.921827
80,Cs2,69.2957,50,3933.85,0.993707,-1.0528,0.927317
80,Cs2,69.2957,58,4017.29,1.78309,-0.228825,0.878158
80,Cs2,69.2957,59,4687.51,2.27635,-0.994559,0.913152
80,Cs2,69.2957,61,5628.24,3.79006,-0.57087,0.897298
80,A2,110,1,110.358,0.160545,3.50723,0.856815
80,A2,110,2,219.37,0.269206,2.43729,0.93448
80,A2,110,3,329.727,0.222844,4.2415,0.97212
80,A2,110,4,440.085,0.170222,2.48951,0.717495
80,A2,110,5,550.443,0.221086,3.21754,0.921478
80,A2,110,6,660.8,0.1925,3.01981,0.82567
80,A2,110,7,771.158,0.176857,2.54872,0.681109
80,A2,110,8,881.516,0.147726,1.16522,0.611739
80,A2,110,9,991.873,0.133478,1.49957,0.613728
80,A2,110,10,1103.58,0.196544,2.57014,0.739562
80,A2,110,11,1216.63,0.372921,2.0028,0.938773
80,A2,110,12,1331.02,0.217635,0.235389,0.816612
80,A2,110,23,2701.07,0.221226,-2.35319,0.698425
80,A2,110,24,2819.5,0.614468,-1.25572,0.955388
80,A2,110,26,2939.28,0.342089,-0.595108,0.872156
80,A2,110,29,3059.06,0.303397,-1.34196,0.816291
80,A2,110,30,3422.43,0.457716,-0.858969,0.87038
80,A2,110,33,3544.9,0.47409,-0.981757,0.90581
80,A2,110,34,3668.72,0.519209,-2.14425,0.857078
80,A2,110,35,4044.2,0.671082,-1.96884,0.863152
80,A2,110,36,5224.49,1.20586,-0.728399,0.951575
80,A2,110,46,5497.7,1.35905,-1.63624,0.717562
80,A2,110,48,5636.32,2.22674,-1.30973,0.882129
80,A2,110,49,6638.96,2.34458,-3.33178,0.835495
80,F3,174.614,1,174.957,0.202799,3.59527,0.852303
80,F3,174.614,2,348.569,0.277428,3.89141,0.896462
80,F3,174.614,3,523.526,0.226928,2.62337,0.853556
80,F3,174.614,4,698.483,0.117951,1.67709,0.60674
80,F3,174.614,5,874.786,0.312089,2.50239,0.820917
80,F3,174.614,6,1049.74,0.350679,1.82296,0.818594
80,F3,174.614,8,1403.7,0.298349,0.205108,0.785825
80,F3,174.614,9,1581.34,0.247138,1.3395,0.710417
80,F3,174.614,10,1760.34,0.292514,1.64439,0.891427
80,F3,174.614,11,1939.33,0.255692,-0.498634,0.775248
80,F3,174.614,12,2121.02,0.300504,0.708548,0.858822
80,F3,174.614,13,2304.05,0.343523,-0.517587,0.675618
80,F3,174.614,17,2670.12,0.268003,-0.634699,0.751926
80,F3,174.614,18,2855.84,0.502058,-0.113626,0.907018
80,F3,174.614,19,3231.33,0.41162,-1.4402,0.797253
80,F3,174.614,21,3422.43,0.733407,-0.988524,0.824525
80,F3,174.614,22,3613.54,0.456622,-1.7542,0.820132
80,F3,174.614,23,4201.67,0.653199,-1.06256,0.933131
80,F3,174.614,27,5013.2,1.00662,-1.87037,0.779882
80,F3,174.614,31,5862.41,1.49062,-1.83213,0.832863
80,F3,174.614,35,6080.44,2.62779,-1.47067,0.829657
80,F3,174.614,36,6752,3.49685,-2.61688,0.858806
80,F3,174.614,39,7449.14,5.06278,-1.7239,0.83276
80,F3,174.614,42,7930.95,5.73224,-1.9131,0.891547
80,G6,1567.98,1,1573.27,0.934186,2.588,0.795086
80,G6,1567.98,2,3173.46,2.10849,0.784355,0.959715
80,G6,1567.98,3,4826.13,4.62584,-0.903463,0.912135
80,G6,1567.98,4,6562.24,13.7817,-1.52578,0.956189
95,Cs7,2217.46,1,2232.72,1.75484,0.833826,0.905122
95,Cs7,2217.46,2,4528.7,5.06763,-1.35679,0.928427
95,Cs7,2217.46,3,6948.5,18.6474,-3.08077,0.969178
95,Cs7,2217.46,4,9572.85,5.25856,-10.5885,0.504644
95,Gs6,1661.22,1,1667.48,1.11533,1.13669,0.834705
95,Gs6,1661.22,2,3367.25,2.35104,-0.121772,0.959683
95,Gs6,1661.22,3,5127.59,7.29543,-0.187615,0.951254
95,Gs6,1661.22,4,6986.18,13.6426,-3.85607,0.928546
95,Fs5,739.989,1,740.204,0.833837,3.86602,0.916182
95,Fs5,739.989,2,1484.45,0.666515,1.53281,0.864708
95,Fs5,739.989,3,2238.11,0.68844,1.20799,0.790573
95,Fs5,739.989,4,2998.5,1.16235,0.622345,0.924277
95,Fs5,739.989,5,3718.52,1.83,-5.85589,0.886312
95,Fs5,739.989,6,4585.23,3.47062,-0.082906,0.950486
95,Fs5,739.989,8,5411.56,5.09686,-0.210542,0.936018
95,Fs5,739.989,9,6263.47,8.14156,-1.40595,0.893669
95,Fs5,739.989,10,7144.99,9.28528,-3.37453,0.887025
95,F6,1396.91,1,1401,1.11712,1.82214,0.829374
95,F6,1396.91,2,2820.85,1.39029,-0.898957,0.927355
95,F6,1396.91,3,4283.76,3.00056,-0.259612,0.934548
95,F6,1396.91,4,5804.54,7.81571,-1.14744,0.926085
95,F6,1396.91,5,7403.38,17.1882,-1.98744,0.93225
95,G3,195.998,1,196.49,0.290183,3.9898,0.912113
95,G3,195.998,2,391.635,0.357399,3.46337,0.740935
95,G3,195.998,3,588.126,0.315978,2.3799,0.900123
95,G3,195.998,4,784.616,0.450707,2.21347,0.827685
95,G3,195.998,5,982.452,0.325876,1.68713,0.895922
95,G3,195.998,6,1180.29,0.275864,1.95181,0.798939
95,G3,195.998,7,1378.12,0.253696,0.969047,0.776832
95,G3,195.998,8,1577.31,0.299991,0.74893,0.796873
95,G3,195.998,9,1777.84,0.440136,1.23671,0.909226
95,G3,195.998,10,1981.05,0.335621,0.261832,0.864444
95,G3,195.998,11,2184.27,0.300015,0.486117,0.938294
95,G3,195.998,12,2388.84,0.532937,0.307183,0.896409
95,G3,195.998,13,2594.75,0.436948,-0.967514,0.761045
95,G3,195.998,14,2803.35,0.474126,-1.936,0.794332
95,G3,195.998,15,3011.96,0.384518,-0.563244,0.88274
95,G3,195.998,18,3224.6,0.427618,-0.729436,0.854405
95,G3,195.998,19,3873.28,0.676922,-1.14002,0.915807
95,G3,195.998,22,4094,0.605369,-1.45966,0.882881
95,G3,195.998,24,4316.06,0.772836,-1.40866,0.867593
95,G3,195.998,25,5003.78,1.23835,0.206514,0.956026
95,G3,195.998,28,5473.47,1.3976,-1.11091,0.914262
95,G3,195.998,30,6710.28,2.50319,-1.46246,0.864886
95,G3,195.998,36,9166.42,6.35237,-3.05908,0.887804
95,A7,3520,2,7251.31,27.1533,-3.94724,0.966312
95,Fs2,92.4986,1,92.8619,0.208719,2.84021,0.875384
95,Fs2,92.4986,2,184.378,0.194215,1.52096,0.724204
95,Fs2,92.4986,3,277.24,0.922272,4.79903,0.985593
95,Fs2,92.4986,4,370.102,0.235361,2.31165,0.830181
95,Fs2,92.4986,5,461.618,0.233069,1.86835,0.812926
95,Fs2,92.4986,6,554.48,0.303306,2.46305,0.8895
95,Fs2,92.4986,7,647.342,0.204133,2.39322,0.625233
95,Fs2,92.4986,8,740.204,0.293355,2.17888,0.902351
95,Fs2,92.4986,9,834.412,0.257551,1.19962,0.895893
95,Fs2,92.4986,10,927.274,0.32834,3.13406,0.763121
95,Fs2,92.4986,11,1020.14,0.816563,2.78215,0.944872
95,Fs2,92.4986,12,1114.34,0.214153,1.46243,0.79881
95,Fs2,92.4986,13,1208.55,0.361692,2.42555,0.637504
95,Fs2,92.4986,15,1396.97,0.365612,0.905267,0.75024
95,Fs2,92.4986,16,1491.17,0.21435,0.242367,0.86302
95,Fs2,92.4986,17,1586.73,0.273116,0.479106,0.872018
95,Fs2,92.4986,19,1777.84,0.247834,-0.0990412,0.631227
95,Fs2,92.4986,20,1874.73,0.2015,-0.984363,0.657099
95,Fs2,92.4986,21,1972.98,0.402903,0.312298,0.83134
95,Fs2,92.4986,22,2071.23,0.233343,0.339821,0.736335
95,Fs2,92.4986,23,2170.82,0.813246,-0.855341,0.890579
95,Fs2,92.4986,28,2699.73,3.23646,-0.334044,0.998638
95,Fs2,92.4986,29,2793.93,3.95516,-1.22019,0.99561
95,Fs2,92.4986,30,2888.14,3.56787,-2.09303,0.966283
95,Fs2,92.4986,31,2861.22,0.451812,-0.0213333,0.894399
95,Fs2,92.4986,35,3065.79,0.404092,-0.12196,0.893183
95,Fs2,92.4986,37,3906.93,0.675189,-0.193786,0.9412
95,Fs2,92.4986,46,4345.67,0.861922,-0.43249,0.946803
95,Fs2,92.4986,50,4569.08,0.890576,-0.89346,0.911692
95,Fs2,92.4986,52,5260.83,1.17351,-0.831464,0.94355
95,Fs2,92.4986,58,5377.92,1.33478,-0.846915,0.927179
95,Fs2,92.4986,59,6108.7,1.79399,-1.38932,0.897921
95,Fs2,92.4986,66,6233.86,2.08092,-1.37067,0.851436
95,Fs2,92.4986,67,6616.08,3.53862,-1.09015,0.889432
95,Fs2,92.4986,70,6745.28,3.44744,-2.30281,0.922017
95,Fs2,92.4986,71,7274.19,3.51668,-2.63048,0.893579
95,Fs2,92.4986,75,7406.08,1.16216,-7.77052,0.613323
95,Fs2,92.4986,76,8815.16,0.887354,-9.33223,0.50692
95,Gs1,51.9131,1,52.4872,0.277454,2.72217,0.977819
95,Gs1,51.9131,2,103.629,0.229328,4.59823,0.958451
95,Gs1,51.9131,3,154.77,0.255177,4.70033,0.981663
95,Gs1,51.9131,4,207.257,0.246861,4.74004,0.915926
95,Gs1,51.9131,5,259.744,0.284491,4.2068,0.981358
95,Gs1,51.9131,6,310.886,0.217431,4.23063,0.951067
95,Gs1,51.9131,7,363.373,0.209062,2.7463,0.907999
95,Gs1,51.9131,8,414.514,0.161582,0.77101,0.76051
95,Gs1,51.9131,9,467.001,0.225752,2.65496,0.826922
95,Gs1,51.9131,10,519.489,0.173817,2.61637,0.74371
95,Gs1,51.9131,11,570.63,0.184501,3.13889,0.87697
95,Gs1,51.9131,12,623.117,0.174443,1.43135,0.86048
95,Gs1,51.9131,13,675.604,0.161539,2.30359,0.724404
95,Gs1,51.9131,14,728.091,0.193916,3.22169,0.80479
95,Gs1,51.9131,15,780.579,0.178851,2.4309,0.736079
95,Gs1,51.9131,16,834.412,0.161643,0.394941,0.645105
95,Gs1,51.9131,17,886.899,0.185348,1.53408,0.829445
95,Gs1,51.9131,19,993.219,0.256438,1.80861,0.903524
95,Gs1,51.9131,20,1047.05,0.32896,1.59545,0.895539
95,Gs1,51.9131,21,1102.23,0.286741,3.39569,0.891644
95,Gs1,51.9131,22,1157.41,0.242467,1.94744,0.825573
95,Gs1,51.9131,26,1403.7,1.40365,-0.21076,0.89912
95,Gs1,51.9131,28,1508.67,1.01104,-0.985467,0.832927
95,Gs1,51.9131,29,1562.5,1.04095,-1.41153,0.897708
95,Gs1,51.9131,30,1621.72,0.803983,-2.70082,0.854539
95,Gs1,51.9131,31,1697.09,0.442824,0.400634,0.954687
95,Gs1,51.9131,32,1754.96,0.482915,0.0531683,0.952641
95,Gs1,51.9131,33,1811.48,0.468371,0.399719,0.938402
95,Gs1,51.9131,34,1868.01,0.46901,1.17156,0.941343
95,Gs1,51.9131,35,1924.53,0.572925,2.07386,0.910722
95,Gs1,51.9131,36,1981.05,0.522531,1.4488,0.967241
95,Gs1,51.9131,37,2038.93,0.543881,1.62868,0.977658
95,Gs1,51.9131,38,2098.14,0.567912,1.362,0.947246
95,Gs1,51.9131,39,2161.4,0.874552,-3.10156,0.676408
95,Gs1,51.9131,41,2305.4,0.761676,-0.698717,0.971066
95,Gs1,51.9131,42,2359.23,0.714764,-0.996254,0.959059
95,Gs1,51.9131,43,2444.02,0.732934,1.22437,0.957518
95,Gs1,51.9131,44,2505.93,0.839123,0.313201,0.989162
95,Gs1,51.9131,45,2565.14,0.802761,0.854741,0.977418
95,Gs1,51.9131,46,2625.71,0.893975,0.510024,0.92833
95,Gs1,51.9131,47,2686.27,1.01462,-0.949836,0.997645
95,Gs1,51.9131,48,2750.87,0.852012,-0.141689,0.983363
95,Gs1,51.9131,53,2994.46,1.04469,-0.167577,0.986679
95,Gs1,51.9131,59,3602.77,1.29757,0.286226,0.964573
95,Gs1,51.9131,68,4322.79,2.54597,-0.241889,0.974227
95,Gs1,51.9131,78,5372.53,3.49105,0.383227,0.927524
95,Gs1,51.9131,91,5528.65,2.56134,-2.23713,0.90407
95,Gs1,51.9131,93,6482.84,4.0623,-1.21886,0.968307
95,G4,391.995,1,391.635,0.845855,4.76558,0.980232
95,G4,391.995,4,1575.96,0.514365,2.35393,0.944342
95,G4,391.995,6,2379.42,0.457732,1.16023,0.78753
95,G4,391.995,7,2787.2,0.615782,-0.131842,0.88356
95,G4,391.995,8,3201.72,0.705688,0.292811,0.930282
95,G4,391.995,10,3621.62,1.07151,0.37763,0.952501
95,G4,391.995,11,4925.72,2.03691,-0.0477693,0.936272
95,G4,391.995,15,5377.92,2.85921,-0.465054,0.923482
95,G4,391.995,16,6313.27,4.43558,-1.18651,0.883474
95,G4,391.995,18,6795.07,6.92972,-0.594757,0.899548
95,G4,391.995,19,7796.37,8.51269,-2.13785,0.923134
95,G4,391.995,21,8313.16,7.00269,-4.24908,0.825921
95,G4,391.995,23,8844.76,3.74475,-7.05582,0.633338
95,F1,43.6535,1,43.0664,0.254646,-0.381128,0.800053
95,F1,43.6535,2,87.4786,0.19993,3.70897,0.906255
95,F1,43.6535,3,130.545,0.245995,4.99711,0.960108
95,F1,43.6535,4,173.611,0.256825,4.21526,0.967582
95,F1,43.6535,5,218.024,0.260276,3.90909,0.96308
95,F1,43.6535,6,261.09,0.272865,4.18768,0.936451
95,F1,43.6535,7,305.502,0.226128,3.46283,0.948255
95,F1,43.6535,8,348.569,0.233167,1.23373,0.901579
95,F1,43.6535,9,392.981,0.237953,3.4694,0.891208
95,F1,43.6535,10,436.047,0.237701,2.6303,0.832927
95,F1,43.6535,11,480.46,0.257683,2.45661,0.911471
95,F1,43.6535,12,523.526,0.218148,2.29626,0.847732
95,F1,43.6535,13,567.938,0.250745,2.20836,0.814422
95,F1,43.6535,14,612.35,0.192711,0.833334,0.776322
95,F1,43.6535,15,656.763,0.183482,1.83129,0.760078
95,F1,43.6535,17,745.587,0.377566,2.38898,0.939676
95,F1,43.6535,18,789.999,0.19435,1.74316,0.78295
95,F1,43.6535,19,835.757,0.159971,2.28261,0.759878
95,F1,43.6535,20,881.516,0.188235,1.19194,0.800203
95,F1,43.6535,21,925.928,0.159447,1.71926,0.687671
95,F1,43.6535,22,971.686,0.177958,1.25864,0.819378
95,F1,43.6535,23,1018.79,0.212902,0.741727,0.730077
95,F1,43.6535,24,1065.89,0.234787,0.339434,0.79702
95,F1,43.6535,25,1135.88,2.34311,0.635807,0.99412
95,F1,43.6535,26,1180.29,1.65821,-0.741752,0.923204
95,F1,43.6535,27,1224.7,1.97036,-0.445612,0.937384
95,F1,43.6535,28,1269.11,2.49895,0.212983,0.9973
95,F1,43.6535,29,1313.53,2.40531,0.0953662,0.991173
95,F1,43.6535,34,1580,0.439035,1.58245,0.909511
95,F1,43.6535,35,1628.45,0.45162,1.8089,0.965118
95,F1,43.6535,36,1678.24,0.456776,1.42134,0.945178
95,F1,43.6535,37,1726.69,0.576006,1.62701,0.920297
95,F1,43.6535,38,1776.49,0.520966,1.35237,0.900049
95,F1,43.6535,39,1826.28,0.486106,0.223936,0.918918
95,F1,43.6535,40,1876.08,0.51218,-0.578143,0.898004
95,F1,43.6535,41,1927.22,0.596574,1.89911,0.963712
95,F1,43.6535,42,1977.02,0.526885,1.65541,0.931074
95,F1,43.6535,43,2030.85,0.593632,1.17832,0.885478
95,F1,43.6535,49,2395.57,0.769084,0.758423,0.883346
95,F1,43.6535,50,2449.4,0.815801,0.616239,0.94041
95,F1,43.6535,51,2503.23,0.988957,-0.347865,0.949489
95,F1,43.6535,52,2557.07,1.0671,1.08137,0.955385
95,F1,43.6535,53,2613.59,1.03227,1.14503,0.983245
95,F1,43.6535,54,2668.77,1.01717,0.821958,0.902294
95,F1,43.6535,55,2726.64,1.1321,-0.730672,0.928693
95,F1,43.6535,60,3135.77,1.47878,1.89877,0.989464
95,F1,43.6535,70,3616.23,1.44763,0.778111,0.963851
95,F1,43.6535,72,4392.77,2.14185,0.875881,0.986072
95,F1,43.6535,89,4966.09,4.05869,0.300248,0.933009
95,A0,27.5,1,26.9165,0.22702,0.883364,0.981125
95,A0,27.5,2,55.1788,0.236307,3.35578,0.983007
95,A0,27.5,3,82.0953,0.202875,5.04469,0.970877
95,A0,27.5,4,109.012,0.13829,4.74636,0.871069
95,A0,27.5,5,135.928,0.151936,4.29783,0.913865
95,A0,27.5,6,164.191,0.136098,3.56202,0.834588
95,A0,27.5,7,191.107,0.105061,3.52695,0.687457
95,A0,27.5,8,219.37,0.117265,1.21817,0.804846
95,A0,27.5,9,246.286,0.111997,2.91444,0.681543
95,A0,27.5,10,274.548,0.122844,2.86073,0.764503
95,A0,27.5,11,302.811,0.129677,3.40439,0.806855
95,A0,27.5,12,331.073,0.127244,4.56191,0.821522
95,A0,27.5,13,357.99,0.170826,3.9395,0.950997
95,A0,27.5,14,386.252,0.181228,4.23936,0.956141
95,A0,27.5,15,415.86,0.156604,3.75669,0.914484
95,A0,27.5,16,444.122,0.175868,2.07502,0.948009
95,A0,27.5,17,472.385,0.176161,1.17871,0.88675
95,A0,27.5,18,501.993,0.183091,3.02423,0.945439
95,A0,27.5,19,531.601,0.18964,3.10387,0.940262
95,A0,27.5,20,559.863,0.208364,2.63806,0.955031
95,A0,27.5,21,589.471,0.205354,2.28583,0.964128
95,A0,27.5,22,619.08,0.231634,3.15819,0.969244
95,A0,27.5,23,650.034,0.230157,2.75348,0.965905
95,A0,27.5,24,679.642,0.268449,0.497983,0.979148
95,A0,27.5,25,710.596,0.258473,0.988847,0.983463
95,A0,27.5,26,741.55,0.250909,3.04459,0.982827
95,A0,27.5,27,772.504,0.291299,3.50203,0.992631
95,A0,27.5,28,803.458,0.291676,3.51603,0.990527
95,A0,27.5,29,835.757,0.35854,3.34612,0.996269
95,A0,27.5,30,866.711,0.369467,3.713,0.989781
95,A0,27.5,31,899.011,0.385489,2.85253,0.989695
95,A0,27.5,32,931.311,0.423812,2.35267,0.993927
95,A0,27.5,33,964.957,0.460292,0.317546,0.997288
95,A0,27.5,34,998.602,0.475187,1.82325,0.993216
95,A0,27.5,35,1030.9,0.470165,2.91666,0.984661
95,A0,27.5,36,1064.55,0.504316,3.00774,0.993814
95,A0,27.5,37,1096.85,0.535409,3.14461,0.996519
95,A0,27.5,40,1172.21,0.628308,2.64849,0.969339
95,A0,27.5,41,1205.86,0.65667,1.58907,0.983362
95,A0,27.5,42,1240.85,0.741649,1.76466,0.990307
95,A0,27.5,43,1275.84,0.828616,3.12782,0.993027
95,A0,27.5,44,1313.53,0.837111,3.01443,0.982911
95,A0,27.5,45,1349.86,1.12205,2.99891,0.968608
95,A0,27.5,46,1387.55,1.0454,2.05241,0.96322
95,A0,27.5,47,1425.23,1.08671,2.89717,0.999124
95,A0,27.5,48,1462.91,1.21411,2.83444,0.99446
95,A0,27.5,49,1500.6,1.28686,2.36794,0.993009
95,A0,27.5,50,1540.97,1.26763,0.700824,0.984149
95,A0,27.5,51,1580,1.30386,1.56095,0.992309
95,A0,27.5,52,1620.37,1.35602,1.88784,0.986038
95,A0,27.5,53,1659.4,1.49013,2.43115,0.987044
95,A0,27.5,54,1699.78,1.44101,2.66123,0.986343
95,A0,27.5,55,1734.77,1.55452,0.482059,0.997383
95,A0,27.5,56,1775.14,1.77928,2.63045,0.999634
95,A0,27.5,60,1912.42,2.11029,0.855481,0.993947
95,A0,27.5,61,1956.83,2.18819,1.18867,0.996519
95,A0,27.5,62,1999.9,2.42421,1.37824,0.999498
95,A0,27.5,63,2044.31,1.87119,-0.478144,0.962201
95,A0,27.5,64,2088.72,2.69408,1.5216,0.999412
95,A0,27.5,65,2135.82,2.63509,2.32955,0.994321
95,A0,27.5,66,2178.89,2.49244,2.23516,0.99829
95,A0,27.5,67,2227.34,2.49321,1.30992,0.973032
95,A0,27.5,68,2274.44,3.07055,0.156327,0.998231
95,A0,27.5,69,2318.86,2.86974,0.0288288,0.994517
95,A0,27.5,74,2519.38,3.24586,-0.233123,0.996058
95,A0,27.5,75,2567.83,3.57684,0.565643,0.975492
95,A0,27.5,76,2618.98,3.21407,0.582909,0.967945
95,A0,27.5,77,2662.04,2.15458,0.44065,0.998661
95,A0,27.5,78,2723.95,4.16373,-0.00106469,0.997174
95,A0,27.5,79,2772.4,2.58845,-0.896439,0.970809
95,A0,27.5,80,2827.58,4.28217,0.699429,0.998629
95,A0,27.5,81,2880.07,3.96884,-0.908969,0.974857
95,A0,27.5,86,2989.08,4.95712,0.89644,0.996454
95,A0,27.5,94,3155.96,1.34029,-3.34108,0.731043
95,G5,783.991,1,784.616,0.710905,3.32255,0.825473
95,G5,783.991,2,1573.27,0.708592,1.3489,0.826331
95,G5,783.991,3,2372.69,0.741314,1.23205,0.83905
95,G5,783.991,4,3184.22,1.31552,0.890443,0.959074
95,G5,783.991,5,4018.63,2.45809,-0.0189295,0.950823
95,G5,783.991,6,4870.54,3.76258,-0.497109,0.950724
95,G5,783.991,8,5754.75,5.69792,-1.35554,0.914202
95,G5,783.991,9,6668.56,10.5248,-1.26214,0.921295
95,G5,783.991,10,8601.17,4.33685,-8.57258,0.628519
95,A1,55,1,55.1788,0.269362,3.22434,0.951561
95,A1,55,2,110.358,0.233613,4.61117,0.959886
95,A1,55,3,164.191,0.246887,4.31296,0.945798
95,A1,55,4,219.37,0.291433,3.64962,0.982633
95,A1,55,5,274.548,0.261214,4.70513,0.98262
95,A1,55,6,329.727,0.17855,4.04524,0.827273
95,A1,55,7,384.906,0.230593,3.7116,0.924745
95,A1,55,8,440.085,0.211666,0.523986,0.833696
95,A1,55,9,495.264,0.189573,2.28032,0.765259
95,A1,55,10,550.443,0.146466,2.59817,0.644831
95,A1,55,12,660.8,0.203638,1.38233,0.79217
95,A1,55,13,715.979,0.234098,3.11641,0.848574
95,A1,55,14,771.158,0.196126,3.50024,0.827645
95,A1,55,15,827.682,0.202914,3.04005,0.897725
95,A1,55,16,882.861,0.202951,0.971521,0.899199
95,A1,55,17,939.386,0.198099,2.34426,0.851149
95,A1,55,18,994.565,0.257651,1.15109,0.887331
95,A1,55,19,1051.09,0.227512,2.1506,0.862324
95,A1,55,20,1110.31,0.282705,1.02929,0.930309
95,A1,55,21,1168.18,0.244395,2.39427,0.8869
95,A1,55,22,1227.39,0.223495,-1.15075,0.823048
95,A1,55,25,1429.27,1.08617,-0.488326,0.813395
95,A1,55,26,1487.14,0.789355,-0.733803,0.880564
95,A1,55,27,1543.66,0.562048,-1.17772,0.874122
95,A1,55,28,1598.84,0.643136,-1.03159,0.932173
95,A1,55,29,1654.02,0.723476,-1.58793,0.96076
95,A1,55,31,1796.68,0.486748,0.725741,0.975344
95,A1,55,32,1858.58,0.497412,0.00582852,0.961917
95,A1,55,33,1916.46,0.523414,1.17788,0.955787
95,A1,55,34,1977.02,0.562586,0.392398,0.991505
95,A1,55,35,2034.89,0.56042,1.82803,0.968006
95,A1,55,36,2096.8,0.547293,1.18867,0.982537
95,A1,55,37,2157.36,0.530464,1.99244,0.968208
95,A1,55,40,2383.46,0.664755,-0.982849,0.981106
95,A1,55,41,2441.33,0.626976,-1.256,0.986678
95,A1,55,42,2519.38,0.773473,0.360254,0.999449
95,A1,55,43,2588.02,0.727584,1.09956,0.952099
95,A1,55,44,2651.28,0.773553,1.11329,0.940112
95,A1,55,45,2713.18,0.776368,0.856047,0.992812
95,A1,55,46,2771.05,0.968403,0.517659,0.980388
95,A1,55,52,3593.35,1.31556,0.821891,0.983047
95,A1,55,65,4312.02,2.54321,0.337438,0.969137
95,A1,55,75,4873.23,2.46148,-0.360137,0.954555
95,A1,55,82,6468.04,4.30567,-0.244135,0.963062
95,Cs1,34.6478,1,34.9915,0.187764,1.99909,0.957946
95,Cs1,34.6478,2,68.6371,0.168201,4.69737,0.950883
95,Cs1,34.6478,3,103.629,0.141756,5.50225,0.914998
95,Cs1,34.6478,4,137.274,0.12704,4.80524,0.845251
95,Cs1,34.6478,5,172.266,0.131747,4.19168,0.883133
95,Cs1,34.6478,6,207.257,0.094742,4.97853,0.651758
95,Cs1,34.6478,7,242.249,0.117501,3.56,0.756208
95,Cs1,34.6478,8,275.894,0.137097,2.26179,0.90491
95,Cs1,34.6478,9,310.886,0.130998,3.64931,0.882159
95,Cs1,34.6478,10,345.877,0.128876,4.55784,0.853202
95,Cs1,34.6478,11,380.869,0.139337,4.80682,0.861033
95,Cs1,34.6478,12,415.86,0.129898,4.37284,0.832056
95,Cs1,34.6478,13,450.851,0.159627,4.202,0.903421
95,Cs1,34.6478,14,485.843,0.186992,3.6299,0.967128
95,Cs1,34.6478,15,520.834,0.185395,2.43765,0.948732
95,Cs1,34.6478,16,557.172,0.165311,1.33484,0.923148
95,Cs1,34.6478,17,592.163,0.195187,2.58569,0.958758
95,Cs1,34.6478,18,628.5,0.209593,2.91249,0.974427
95,Cs1,34.6478,19,663.492,0.220295,3.35449,0.97279
95,Cs1,34.6478,20,699.829,0.197799,1.43306,0.929949
95,Cs1,34.6478,21,736.166,0.20599,3.83934,0.963356
95,Cs1,34.6478,22,772.504,0.20578,3.73224,0.959653
95,Cs1,34.6478,23,808.841,0.227401,2.98753,0.979987
95,Cs1,34.6478,24,845.178,0.239784,0.82734,0.969497
95,Cs1,34.6478,25,881.516,0.263539,2.25222,0.981451
95,Cs1,34.6478,26,919.199,0.277342,2.66449,0.987755
95,Cs1,34.6478,27,956.882,0.301199,2.63332,0.994263
95,Cs1,34.6478,28,998.602,0.407029,-0.0125586,0.827085
95,Cs1,34.6478,29,1033.59,0.326165,3.12949,0.981301
95,Cs1,34.6478,30,1072.62,0.345632,2.97248,0.995016
95,Cs1,34.6478,34,1255.65,0.431146,-1.85101,0.970543
95,Cs1,34.6478,35,1297.38,0.498636,3.19137,0.991972
95,Cs1,34.6478,36,1337.75,0.570258,2.67544,0.945018
95,Cs1,34.6478,37,1379.47,0.594141,2.34572,0.954667
95,Cs1,34.6478,38,1421.19,0.53276,2.45849,0.981173
95,Cs1,34.6478,39,1461.57,0.527736,0.730053,0.98959
95,Cs1,34.6478,40,1499.25,0.553657,2.12111,0.976013
95,Cs1,34.6478,41,1543.66,0.603505,2.40418,0.978197
95,Cs1,34.6478,42,1585.38,0.645339,3.2191,0.983499
95,Cs1,34.6478,43,1625.76,0.652668,1.68528,0.984374
95,Cs1,34.6478,44,1668.82,0.660296,2.03475,0.9914
95,Cs1,34.6478,45,1710.54,0.723468,2.20446,0.977173
95,Cs1,34.6478,46,1753.61,0.724812,1.3101,0.962196
95,Cs1,34.6478,47,1796.68,0.776347,1.08742,0.972014
95,Cs1,34.6478,48,1838.4,0.870125,0.467709,0.984008
95,Cs1,34.6478,49,1882.81,0.864511,1.39868,0.967685
95,Cs1,34.6478,50,1927.22,1.02997,2.50824,0.999107
95,Cs1,34.6478,51,1971.63,1.01339,1.17737,0.995458
95,Cs1,34.6478,52,2025.47,1.14387,-0.530504,0.995345
95,Cs1,34.6478,58,2336.35,1.07704,1.38571,0.989961
95,Cs1,34.6478,59,2387.49,1.10803,1.44519,0.985742
95,Cs1,34.6478,60,2434.6,1.0687,0.168082,0.977174
95,Cs1,34.6478,61,2484.39,1.20076,0.993228,0.991598
95,Cs1,34.6478,62,2532.84,1.20842,-0.784147,0.975617
95,Cs1,34.6478,63,2581.29,1.45091,0.335243,0.999293
95,Cs1,34.6478,64,2641.85,1.22581,0.00204065,0.99947
95,Cs1,34.6478,65,2682.23,1.26216,0.225315,0.977343
95,Cs1,34.6478,66,2732.03,1.36522,0.299348,0.974339
95,Cs1,34.6478,67,2784.51,1.52482,-0.168293,0.993371
95,Cs1,34.6478,68,2835.65,1.63697,0.144257,0.992114
95,Cs1,34.6478,71,2997.15,1.64243,1.44673,0.872291
95,Cs1,34.6478,80,3045.6,1.89995,1.33389,0.975869
95,Cs1,34.6478,81,3262.28,1.04287,-2.18268,0.819519
95,Cs1,34.6478,85,3496.45,0.938175,-3.97016,0.764466
95,Cs1,34.6478,86,4496.4,2.792,0.114152,0.943249
95,Fs3,184.997,1,184.378,0.286766,3.092,0.86664
95,Fs3,184.997,2,370.102,0.489258,3.6681,0.974111
95,Fs3,184.997,3,554.48,0.518068,3.5054,0.889968
95,Fs3,184.997,4,740.204,0.363396,3.60898,0.944659
95,Fs3,184.997,5,925.928,0.218405,1.61026,0.701291
95,Fs3,184.997,6,1113,0.280995,1.57957,0.876655
95,Fs3,184.997,7,1300.07,0.278041,1.0809,0.738098
95,Fs3,184.997,8,1488.48,0.221414,0.206055,0.816768
95,Fs3,184.997,9,1676.9,0.26162,1.01467,0.803692
95,Fs3,184.997,10,1866.66,0.329966,0.0830866,0.645171
95,Fs3,184.997,11,2057.77,0.285061,-0.893329,0.828508
95,Fs3,184.997,12,2250.22,1.43716,1.70167,0.762577
95,Fs3,184.997,13,2444.02,0.405208,-1.12968,0.688973
95,Fs3,184.997,14,2639.16,0.456272,-0.826085,0.777944
95,Fs3,184.997,16,3033.49,0.352654,-0.563906,0.835414
95,Fs3,184.997,19,3845.02,0.612655,-1.3912,0.872551
95,Fs3,184.997,23,4053.63,0.557453,-1.21283,0.899526
95,Fs3,184.997,25,4263.57,0.922396,-1.2509,0.941257
95,Fs3,184.997,26,5127.59,1.1719,-1.24414,0.880182
95,Fs3,184.997,30,5349.66,1.22786,-1.46881,0.87819
95,Fs3,184.997,31,6268.85,1.81234,-1.5083,0.896527
95,Fs3,184.997,35,6505.72,2.9682,-0.912732,0.842973
95,Fs3,184.997,36,7235.16,4.42251,-1.17717,0.894064
95,Fs3,184.997,40,7995.55,4.75573,-2.05885,0.80911
95,Fs3,184.997,43,8520.42,4.31592,-3.87179,0.857189
95,G2,97.9989,1,98.2452,0.196166,3.02464,0.80479
95,G2,97.9989,2,195.145,0.283995,2.75021,0.899304
95,G2,97.9989,3,293.39,0.265217,2.8435,0.896268
95,G2,97.9989,4,391.635,0.381225,4.21649,0.981661
95,G2,97.9989,5,489.88,0.194057,1.86886,0.635921
95,G2,97.9989,6,588.126,0.244895,2.81043,0.784876
95,G2,97.9989,7,686.371,0.188091,2.17955,0.788502
95,G2,97.9989,8,784.616,0.245637,1.2877,0.934845
95,G2,97.9989,9,884.207,0.246731,2.63262,0.886113
95,G2,97.9989,10,982.452,0.250049,2.49576,0.809676
95,G2,97.9989,11,1082.04,0.213185,0.432974,0.754318
95,G2,97.9989,12,1181.63,0.217444,1.43512,0.658924
95,G2,97.9989,13,1281.23,0.160595,1.29449,0.604654
95,G2,97.9989,15,1481.75,0.632098,1.80318,0.902437
95,G2,97.9989,16,1581.34,0.279276,0.283813,0.888952
95,G2,97.9989,17,1682.28,0.350093,0.707841,0.910781
95,G2,97.9989,18,1784.56,0.290325,1.10774,0.808858
95,G2,97.9989,20,1989.13,0.169765,-2.21777,0.739017
95,G2,97.9989,21,2091.41,0.257517,0.32488,0.876683
95,G2,97.9989,22,2195.04,0.519494,0.49965,0.838626
95,G2,97.9989,23,2300.02,0.239147,-1.43172,0.777164
95,G2,97.9989,28,2862.57,3.68118,-1.08749,0.992911
95,G2,97.9989,30,2612.25,0.311762,-0.0158362,0.686145
95,G2,97.9989,31,2718.57,0.273482,-0.74403,0.647295
95,G2,97.9989,32,3040.22,0.334773,-0.41557,0.884026
95,G2,97.9989,35,3147.89,0.451424,0.101281,0.877648
95,G2,97.9989,36,3928.46,0.630945,0.355039,0.925095
95,G2,97.9989,44,4042.86,0.644364,-0.943329,0.880089
95,G2,97.9989,45,4628.29,0.99432,-0.79277,0.944796
95,G2,97.9989,50,4990.32,1.05445,-0.327939,0.921258
95,G2,97.9989,53,5612.09,1.52262,-1.30105,0.890596
95,G2,97.9989,59,5867.8,2.16326,-1.04026,0.824052
95,G2,97.9989,61,6663.18,2.70203,-1.65137,0.805531
95,G2,97.9989,67,6799.11,3.46813,-1.05354,0.83055
95,G2,97.9989,68,7214.97,4.27887,-1.65076,0.937118
95,G2,97.9989,71,7500.28,4.55184,-1.60456,0.929554
95,G2,97.9989,73,8232.41,2.53153,-5.34626,0.772968
95,G2,97.9989,78,8835.34,1.07319,-8.78053,0.527804
95,G2,97.9989,83,9305.04,1.11072,-8.88118,0.528188
95,F7,2793.83,1,2811.43,3.70666,-2.58521,0.867713
95,F7,2793.83,2,5725.14,15.1001,-2.22824,0.95662
95,F7,2793.83,3,8811.12,31.0822,-3.17721,0.980267
95,A6,1760,1,1767.07,1.23982,1.27906,0.887351
95,A6,1760,2,3571.82,2.53016,-0.121109,0.962415
95,A6,1760,3,5449.25,8.88909,-0.834945,0.950891
95,A6,1760,4,7441.07,16.8854,-3.17474,0.933711
95,Fs4,369.994,1,370.102,0.426714,2.99299,0.725615
95,Fs4,369.994,2,740.204,0.495623,3.54287,0.904546
95,Fs4,369.994,3,1111.65,0.299335,1.24735,0.727436
95,Fs4,369.994,4,1485.79,0.551538,1.66455,0.923929
95,Fs4,369.994,5,1862.62,0.419273,1.1559,0.74987
95,Fs4,369.994,6,2243.49,0.403503,0.494431,0.823056
95,Fs4,369.994,7,2627.05,0.572809,0.617527,0.912969
95,Fs4,369.994,9,3015.99,0.591704,0.625642,0.897715
95,Fs4,369.994,10,3410.32,0.835212,-0.513739,0.896282
95,Fs4,369.994,11,4217.82,1.29545,-0.263743,0.942306
95,Fs4,369.994,13,4630.98,1.90768,-0.707858,0.958663
95,Fs4,369.994,14,5052.23,2.61178,-0.982726,0.901418
95,Fs4,369.994,16,5481.55,2.73739,-0.592063,0.9052
95,Fs4,369.994,17,5922.98,4.16751,-1.3015,0.852937
95,Fs4,369.994,18,7298.41,6.45088,-0.975081,0.8535
95,Fs4,369.994,21,7776.18,4.38215,-5.30733,0.792427
95,Fs4,369.994,22,8266.06,3.08307,-7.43318,0.650934
95,Fs4,369.994,24,9280.81,2.51921,-8.67181,0.574456
95,Gs7,3322.44,2,6834.1,23.5764,-3.22395,0.973124
95,Cs6,1108.73,1,1110.31,1.02861,2.58855,0.772367
95,Cs6,1108.73,2,2231.38,1.07902,0.877474,0.827211
95,Cs6,1108.73,3,3376.68,2.31637,0.118579,0.93638
95,Cs6,1108.73,4,4554.27,4.27733,-0.892819,0.918185
95,Cs6,1108.73,5,5778.97,6.56456,-0.771891,0.924166
95,Cs6,1108.73,6,7054.82,12.8014,-2.32458,0.938081
95,Cs6,1108.73,8,8395.26,4.81529,-7.99406,0.599257
95,A4,440,1,440.085,0.394834,2.78935,0.734958
95,A4,440,2,881.516,0.403939,2.37266,0.618787
95,A4,440,3,1324.29,0.387269,1.07723,0.662481
95,A4,440,4,1771.11,0.497142,1.36735,0.899993
95,A4,440,5,2220.61,0.510354,0.851825,0.809527
95,A4,440,6,2676.85,0.639789,0.467382,0.915062
95,A4,440,8,3139.81,0.90382,0.607254,0.962361
95,A4,440,9,3609.5,1.09948,-0.382376,0.909873
95,A4,440,10,4574.46,2.15525,-0.254005,0.927995
95,A4,440,12,5071.07,3.19218,0.0170414,0.936806
95,A4,440,13,5579.79,3.75792,-0.616253,0.90721
95,A4,440,14,6104.66,4.64122,-0.812146,0.880453
95,A4,440,15,7185.36,8.08896,-1.36839,0.887149
95,A4,440,18,8914.75,3.23734,-7.91524,0.570079
95,F5,698.456,2,1401,0.617167,0.829092,0.679554
95,F5,698.456,3,2110.25,0.646294,1.48266,0.818014
95,F5,698.456,4,2830.27,1.00289,0.318322,0.945162
95,F5,698.456,5,3563.75,1.75493,0.215463,0.942811
95,F5,698.456,6,4313.37,2.61856,-0.0282006,0.946026
95,F5,698.456,8,5085.87,4.39709,-0.145229,0.924365
95,F5,698.456,9,5883.95,6.8227,-0.411761,0.927359
95,F5,698.456,10,6706.25,11.8979,-0.989578,0.937385
95,F5,698.456,11,7556.81,13.432,-2.63833,0.940891
95,Gs5,830.609,1,831.72,0.651156,2.77886,0.791456
95,Gs5,830.609,2,1668.82,0.93544,1.18917,0.912884
95,Gs5,830.609,3,2515.35,1.00363,-0.932642,0.944299
95,Gs5,830.609,4,3379.37,1.71606,-0.226571,0.920033
95,Gs5,830.609,5,4264.92,2.76335,-0.020656,0.942693
95,Gs5,830.609,6,5178.74,4.69548,-0.559304,0.932495
95,Gs5,830.609,8,6123.5,7.13739,-1.2711,0.912764
95,Gs5,830.609,9,7103.27,10.2796,-1.40108,0.913328
95,Gs5,830.609,10,8122.06,11.8132,-4.17415,0.908944
95,Gs5,830.609,11,9183.91,4.98617,-7.95497,0.641401
95,Cs4,277.183,1,277.24,0.631272,4.41228,0.956058
95,Cs4,277.183,2,554.48,0.514601,3.75422,0.945203
95,Cs4,277.183,3,831.72,0.395153,1.61114,0.74351
95,Cs4,277.183,4,1111.65,0.519713,2.53978,0.901497
95,Cs4,277.183,5,1391.58,0.446596,1.82752,0.886881
95,Cs4,277.183,6,1672.86,0.474284,1.30965,0.919516
95,Cs4,277.183,7,1956.83,0.492351,0.664575,0.806511
95,Cs4,277.183,8,2243.49,0.464257,0.0929016,0.792898
95,Cs4,277.183,11,3116.93,0.624102,0.134384,0.904747
95,Cs4,277.183,13,3415.7,0.687317,0.306229,0.890175
95,Cs4,277.183,14,4332.21,1.04459,-0.254847,0.960449
95,Cs4,277.183,18,5289.09,1.94345,-0.0749936,0.953837
95,Cs4,277.183,21,5953.93,2.73723,-0.817636,0.919569
95,Cs4,277.183,23,6297.12,3.50531,-1.06979,0.854967
95,Cs4,277.183,24,7352.24,6.84726,-0.918014,0.857996
95,Cs4,277.183,27,8860.91,3.49264,-6.62467,0.680108
95,Fs6,1479.98,1,1483.1,1.28718,3.03892,0.90842
95,Fs6,1479.98,2,2986.39,1.68268,0.154815,0.903148
95,Fs6,1479.98,3,4544.85,3.77216,-0.141412,0.937495
95,Fs6,1479.98,4,6170.61,10.4433,-0.944857,0.916278
95,Fs6,1479.98,5,7883.84,6.46239,-6.98251,0.630174
95,A3,220,1,219.37,0.245336,2.1315,0.73429
95,A3,220,2,440.085,0.376271,2.89254,0.774206
95,A3,220,3,660.8,0.297896,2.84486,0.839151
95,A3,220,4,881.516,0.315297,1.90458,0.836703
95,A3,220,5,1102.23,0.225834,2.0091,0.725035
95,A3,220,6,1325.64,0.292447,0.146624,0.699964
95,A3,220,7,1549.04,0.300564,1.96402,0.712254
95,A3,220,8,1779.18,0.42024,-0.411264,0.968007
95,A3,220,14,2927.17,0.485405,-0.0513056,0.781416
95,A3,220,15,3164.04,0.544871,-0.264219,0.867683
95,A3,220,16,4139.76,0.714559,-0.31887,0.940648
95,A3,220,21,5434.44,1.39117,-0.177001,0.929026
95,A3,220,26,5703.61,1.59422,-0.593997,0.910208
95,A3,220,27,6255.4,2.23938,-1.49168,0.902137
95,A3,220,28,6824.68,3.06456,-1.42222,0.898868
95,A3,220,30,7412.81,4.84823,-0.980032,0.851345
95,A3,220,32,8019.77,6.4971,-1.79392,0.891826
95,A3,220,34,8332,5.81807,-3.29264,0.893914
95,A3,220,35,8972.62,3.33794,-6.70286,0.713278
95,A3,220,37,9298.31,4.62704,-5.75024,0.772831
95,F2,87.3071,1,87.4786,0.300793,3.46154,0.952084
95,F2,87.3071,2,174.957,0.216163,2.33699,0.794538
95,F2,87.3071,3,261.09,0.275655,3.70646,0.804316
95,F2,87.3071,4,348.569,0.230276,2.7552,0.842263
95,F2,87.3071,5,436.047,0.224059,0.792289,0.767444
95,F2,87.3071,6,523.526,0.236034,2.41788,0.842125
95,F2,87.3071,7,611.005,0.192909,1.59112,0.844267
95,F2,87.3071,8,698.483,0.152726,-0.19313,0.839071
95,F2,87.3071,9,787.308,0.203257,2.21662,0.819489
95,F2,87.3071,10,874.786,0.401979,2.83561,0.802621
95,F2,87.3071,12,1051.09,0.499501,1.06576,0.845131
95,F2,87.3071,13,1139.91,0.199902,2.7188,0.648315
95,F2,87.3071,15,1317.56,0.221522,1.22687,0.739309
95,F2,87.3071,16,1406.39,0.513787,-0.00883849,0.672363
95,F2,87.3071,17,1496.56,0.204765,0.605036,0.831314
95,F2,87.3071,18,1586.73,0.243359,1.4851,0.750901
95,F2,87.3071,20,1768.41,0.293065,-1.71722,0.811689
95,F2,87.3071,21,1861.28,0.298324,1.80765,0.905879
95,F2,87.3071,22,1954.14,0.33405,-1.31191,0.607356
95,F2,87.3071,28,2546.3,2.06125,-1.00651,0.995857
95,F2,87.3071,29,2635.13,2.21276,-0.554401,0.993718
95,F2,87.3071,33,2694.34,0.415678,0.649462,0.895587
95,F2,87.3071,35,2789.9,0.384308,-0.402845,0.865814
95,F2,87.3071,36,3176.15,0.429054,-0.794149,0.87026
95,F2,87.3071,40,3472.23,0.530041,-0.562986,0.901714
95,F2,87.3071,43,3571.82,0.497364,-1.0431,0.72344
95,F2,87.3071,45,4219.16,2.53536,-0.905302,0.897245
95,F2,87.3071,51,4289.15,0.922328,-0.736877,0.903054
95,F2,87.3071,52,4823.44,1.1559,-1.20603,0.922677
95,F2,87.3071,57,4932.45,1.33494,-1.186,0.82767
95,F2,87.3071,58,5042.81,1.42886,-1.10263,0.902801
95,F2,87.3071,59,5719.76,1.56866,-1.55372,0.898287
95,F2,87.3071,65,5952.58,1.96953,-1.33214,0.884076
95,F2,87.3071,67,6189.45,2.21752,-1.93037,0.856667
95,F2,87.3071,69,6309.23,3.25535,-2.1993,0.929385
95,F2,87.3071,70,6797.76,3.34126,-2.37149,0.897282
95,F2,87.3071,74,7174.59,2.68961,-4.2578,0.827577
95,F2,87.3071,77,7817.9,2.57834,-5.32565,0.801376
95,F2,87.3071,82,8217.61,1.68211,-6.98267,0.666049
95,F2,87.3071,85,9193.33,1.77872,-7.50058,0.65261
95,G7,3135.96,1,3153.27,7.50152,-5.24196,0.726102
95,G7,3135.96,2,6441.12,21.1131,-3.46473,0.955249
95,Fs1,46.2493,1,45.7581,0.242763,1.17783,0.945535
95,Fs1,46.2493,2,92.8619,0.282161,4.26799,0.984827
95,Fs1,46.2493,3,138.62,0.201501,4.83488,0.928507
95,Fs1,46.2493,4,184.378,0.252824,4.00065,0.953361
95,Fs1,46.2493,5,230.136,0.198732,1.58628,0.934397
95,Fs1,46.2493,6,277.24,0.199324,3.79325,0.873709
95,Fs1,46.2493,7,322.998,0.232158,4.13728,0.897866
95,Fs1,46.2493,8,368.756,0.222583,0.75524,0.888754
95,Fs1,46.2493,9,415.86,0.225803,3.4502,0.917032
95,Fs1,46.2493,10,461.618,0.360244,3.96637,0.974625
95,Fs1,46.2493,11,508.722,0.230529,3.27449,0.910605
95,Fs1,46.2493,12,555.826,0.214354,1.13579,0.773224
95,Fs1,46.2493,13,601.584,0.213505,1.38863,0.784736
95,Fs1,46.2493,14,648.688,0.206169,2.59341,0.763983
95,Fs1,46.2493,15,695.792,0.143403,1.29564,0.62982
95,Fs1,46.2493,16,742.896,0.20955,1.53861,0.838082
95,Fs1,46.2493,17,789.999,0.189678,1.3043,0.794789
95,Fs1,46.2493,19,885.553,0.213329,2.64758,0.8637
95,Fs1,46.2493,20,932.657,0.198005,1.05414,0.760169
95,Fs1,46.2493,21,981.107,0.178961,1.6941,0.799682
95,Fs1,46.2493,22,1029.56,0.234977,2.08809,0.671991
95,Fs1,46.2493,23,1079.35,0.203234,0.66956,0.761889
95,Fs1,46.2493,25,1204.51,1.36965,-1.0915,0.899183
95,Fs1,46.2493,26,1251.62,2.08842,0.355537,0.977944
95,Fs1,46.2493,27,1297.38,2.16766,0.966502,0.998008
95,Fs1,46.2493,28,1344.48,0.892817,-2.4306,0.807596
95,Fs1,46.2493,29,1391.58,2.12121,0.137962,0.997726
95,Fs1,46.2493,30,1438.69,2.21874,-0.0398845,0.984825
95,Fs1,46.2493,33,1619.03,0.435691,-0.0324749,0.950325
95,Fs1,46.2493,34,1670.17,0.50217,1.21013,0.920397
95,Fs1,46.2493,35,1722.66,0.512703,2.34558,0.906408
95,Fs1,46.2493,36,1773.8,0.486285,1.77616,0.911544
95,Fs1,46.2493,37,1824.94,0.528711,0.540911,0.949822
95,Fs1,46.2493,38,1877.43,0.561142,2.40556,0.940881
95,Fs1,46.2493,39,1929.91,0.612287,1.9049,0.934483
95,Fs1,46.2493,40,1982.4,0.514824,-1.40452,0.957882
95,Fs1,46.2493,41,2056.42,1.84001,0.941366,0.99496
95,Fs1,46.2493,42,2104.87,1.92712,-0.597503,0.992502
95,Fs1,46.2493,48,2470.94,0.797125,-0.893442,0.943256
95,Fs1,46.2493,49,2526.11,0.874319,-0.854588,0.967645
95,Fs1,46.2493,50,2581.29,0.982965,0.54481,0.939466
95,Fs1,46.2493,51,2639.16,0.965946,0.846738,0.910693
95,Fs1,46.2493,52,2697.03,0.981935,0.456738,0.970191
95,Fs1,46.2493,54,2838.35,0.844654,-2.34252,0.848848
95,Fs1,46.2493,60,3166.73,1.29152,0.401849,0.947515
95,Fs1,46.2493,63,3945.96,2.02561,0.945964,0.983921
95,Fs1,46.2493,79,4604.07,3.7506,0.0683169,0.965353
95,Fs1,46.2493,88,5918.94,2.86402,-0.723669,0.923138
95,Cs3,138.591,1,138.62,0.227176,3.20997,0.611934
95,Cs3,138.591,2,277.24,0.353857,3.50098,0.927367
95,Cs3,138.591,3,415.86,0.310928,3.39053,0.928255
95,Cs3,138.591,4,554.48,0.309169,2.8147,0.87703
95,Cs3,138.591,5,693.1,0.202337,1.51923,0.616295
95,Cs3,138.591,6,833.066,0.254949,1.52395,0.766717
95,Cs3,138.591,7,971.686,0.324607,1.57572,0.822268
95,Cs3,138.591,8,1111.65,0.306676,0.576665,0.898501
95,Cs3,138.591,9,1252.96,0.234451,1.12241,0.706532
95,Cs3,138.591,10,1392.93,0.517197,1.42005,0.723082
95,Cs3,138.591,11,1535.59,0.281984,1.24373,0.763861
95,Cs3,138.591,12,1680.94,0.361607,1.90258,0.923507
95,Cs3,138.591,21,2691.65,0.378315,-0.318825,0.751457
95,Cs3,138.591,22,3291.89,0.410038,0.000401008,0.935444
95,Cs3,138.591,26,3910.97,0.469178,-0.651857,0.885789
95,Cs3,138.591,31,4390.08,0.618807,-1.14781,0.874993
95,Cs3,138.591,34,5387.34,1.05571,-0.916305,0.889971
95,Cs3,138.591,39,5559.6,1.19017,-1.19774,0.872097
95,Cs3,138.591,40,5909.52,1.46579,-1.43681,0.886197
95,Cs3,138.591,42,6815.26,2.03489,-1.68851,0.869852
95,Cs3,138.591,47,7189.4,3.80483,-1.15286,0.885623
95,Cs3,138.591,49,8165.12,3.24288,-2.19911,0.850731
95,Cs3,138.591,54,8572.91,5.17552,-2.35772,0.92113
95,Cs3,138.591,55,8777.47,4.56054,-2.60802,0.893902
95,Gs2,103.826,1,103.629,0.174408,2.88471,0.639893
95,Gs2,103.826,2,207.257,0.386868,3.21352,0.944992
95,Gs2,103.826,3,310.886,0.246266,2.77211,0.818054
95,Gs2,103.826,4,414.514,0.348404,2.98412,0.928253
95,Gs2,103.826,5,519.489,0.253687,2.61807,0.902149
95,Gs2,103.826,6,623.117,0.27916,2.73129,0.830911
95,Gs2,103.826,7,728.091,0.255865,2.86692,0.906333
95,Gs2,103.826,9,936.694,0.212824,3.03411,0.897709
95,Gs2,103.826,10,1041.67,0.221339,2.00887,0.733451
95,Gs2,103.826,11,1146.64,0.189208,1.30895,0.610045
95,Gs2,103.826,13,1357.94,0.456789,0.906839,0.881415
95,Gs2,103.826,14,1464.26,0.203373,1.1833,0.788603
95,Gs2,103.826,15,1570.58,0.337791,0.513451,0.777161
95,Gs2,103.826,16,1676.9,0.314976,-0.435468,0.907391
95,Gs2,103.826,17,1784.56,0.254812,0.211541,0.615464
95,Gs2,103.826,18,1892.23,0.302862,0.994998,0.71828
95,Gs2,103.826,19,2001.24,0.218458,-0.886445,0.8729
95,Gs2,103.826,20,2110.25,0.316546,-1.69861,0.826343
95,Gs2,103.826,21,2217.92,0.423711,0.793052,0.930773
95,Gs2,103.826,22,2328.28,0.198746,-0.889215,0.606474
95,Gs2,103.826,23,2438.64,0.209411,-1.19365,0.745444
95,Gs2,103.826,24,2550.34,0.314733,-1.19778,0.704773
95,Gs2,103.826,25,2662.04,0.329626,-1.2991,0.850711
95,Gs2,103.826,26,2776.44,0.366724,-0.385756,0.816312
95,Gs2,103.826,28,3229.98,0.343583,-0.224635,0.816431
95,Gs2,103.826,35,3345.72,0.44945,-0.236546,0.9113
95,Gs2,103.826,36,4057.66,0.633972,-0.59662,0.897718
95,Gs2,103.826,43,4178.79,0.675915,-0.770372,0.910106
95,Gs2,103.826,44,4929.76,1.00923,-0.545648,0.943439
95,Gs2,103.826,50,5188.16,1.05036,-1.06212,0.878877
95,Gs2,103.826,53,5320.05,1.25491,-0.816277,0.917655
95,Gs2,103.826,54,6266.16,1.66857,-1.2425,0.916013
95,Gs2,103.826,61,7127.49,4.37733,-1.31403,0.891016
95,Gs2,103.826,68,7272.84,1.32047,-6.85182,0.661815
95,Gs3,207.652,1,207.257,0.226036,3.10266,0.699208
95,Gs3,207.652,2,414.514,0.345623,3.38,0.765837
95,Gs3,207.652,3,623.117,0.301834,2.40444,0.74002
95,Gs3,207.652,4,831.72,0.30062,1.65681,0.692201
95,Gs3,207.652,5,1040.32,0.280443,1.11724,0.639053
95,Gs3,207.652,6,1250.27,0.272145,1.88796,0.802596
95,Gs3,207.652,7,1461.57,0.339058,1.94461,0.808078
95,Gs3,207.652,8,1672.86,0.385841,0.828158,0.847293
95,Gs3,207.652,9,1886.85,0.345755,0.779743,0.825617
95,Gs3,207.652,10,2100.83,0.412689,0.125234,0.649887
95,Gs3,207.652,11,2317.51,0.395229,-0.503271,0.900889
95,Gs3,207.652,12,2535.53,0.565906,-0.56054,0.956674
95,Gs3,207.652,13,2756.25,0.478758,0.080654,0.857595
95,Gs3,207.652,14,2976.97,0.464205,-0.653153,0.802086
95,Gs3,207.652,16,3201.72,0.465262,0.220862,0.925722
95,Gs3,207.652,18,3427.82,0.626315,-0.80621,0.889409
95,Gs3,207.652,19,3889.43,0.674119,-0.307891,0.9214
95,Gs3,207.652,21,4123.61,0.694434,-0.937243,0.934522
95,Gs3,207.652,23,4843.62,1.15353,-0.93269,0.907185
95,Gs3,207.652,26,5338.89,1.23586,-0.299762,0.890208
95,Gs3,207.652,28,7190.74,3.07266,-1.43963,0.867545
95,Gs3,207.652,36,7473.37,5.13756,-1.15549,0.872106
95,Gs3,207.652,37,9249.86,4.0023,-5.61037,0.732529
95,Cs2,69.2957,1,68.6371,0.266106,2.42885,0.86809
95,Cs2,69.2957,2,138.62,0.244183,3.41137,0.792506
95,Cs2,69.2957,3,207.257,0.226209,3.10117,0.747734
95,Cs2,69.2957,4,277.24,0.23963,3.26531,0.859414
95,Cs2,69.2957,5,345.877,0.192779,2.80552,0.744639
95,Cs2,69.2957,6,415.86,0.274713,3.79558,0.943185
95,Cs2,69.2957,7,484.497,0.368988,2.36232,0.94437
95,Cs2,69.2957,8,554.48,0.275121,0.530123,0.91619
95,Cs2,69.2957,9,624.463,0.202162,0.70633,0.741597
95,Cs2,69.2957,10,693.1,0.179507,1.38848,0.79174
95,Cs2,69.2957,11,763.083,0.212207,2.66265,0.864092
95,Cs2,69.2957,12,833.066,0.207992,1.33134,0.76265
95,Cs2,69.2957,13,903.049,0.560236,3.08133,0.93217
95,Cs2,69.2957,14,973.032,0.214599,2.4299,0.792167
95,Cs2,69.2957,15,1044.36,0.354677,1.65945,0.727783
95,Cs2,69.2957,16,1114.34,0.205411,0.104046,0.732062
95,Cs2,69.2957,17,1185.67,0.205851,1.14732,0.855286
95,Cs2,69.2957,19,1328.33,0.35629,0.589306,0.715224
95,Cs2,69.2957,20,1401,0.22811,0.191636,0.775749
95,Cs2,69.2957,26,1873.39,2.24094,-0.0601998,0.998055
95,Cs2,69.2957,27,1947.41,1.98975,0.42898,0.999935
95,Cs2,69.2957,28,2017.39,2.30792,-0.574369,0.99745
95,Cs2,69.2957,29,2087.38,2.80479,-0.688729,0.993201
95,Cs2,69.2957,34,2499.2,0.647311,-0.634676,0.913073
95,Cs2,69.2957,35,2575.91,0.546926,-0.10071,0.88204
95,Cs2,69.2957,36,2652.62,0.481778,0.0421711,0.901689
95,Cs2,69.2957,37,2727.99,0.554732,1.29043,0.986424
95,Cs2,69.2957,38,2806.05,0.604722,0.436216,0.912952
95,Cs2,69.2957,43,3199.03,0.734308,0.642137,0.95192
95,Cs2,69.2957,49,3277.08,0.80053,0.156933,0.940937
95,Cs2,69.2957,50,3933.85,0.937139,-0.0111969,0.948866
95,Cs2,69.2957,58,4017.29,1.21751,-0.299911,0.857941
95,Cs2,69.2957,59,4688.85,1.58296,-0.680833,0.931159
95,Cs2,69.2957,61,5628.24,2.26945,-0.502679,0.899621
95,Cs2,69.2957,77,7502.98,3.7667,-1.56653,0.89254
95,A2,110,1,110.358,0.219863,2.77697,0.772187
95,A2,110,2,219.37,0.372764,1.98079,0.852988
95,A2,110,3,329.727,0.24232,3.84615,0.943196
95,A2,110,4,440.085,0.195101,1.98727,0.687487
95,A2,110,5,550.443,0.255268,2.97721,0.878396
95,A2,110,6,660.8,0.217948,2.54549,0.689139
95,A2,110,7,771.158,0.226518,2.50164,0.698633
95,A2,110,8,881.516,0.204946,1.18139,0.708029
95,A2,110,10,1103.58,0.23414,2.53926,0.755051
95,A2,110,11,1216.63,0.377042,1.5442,0.877576
95,A2,110,12,1331.02,0.382641,0.671895,0.826251
95,A2,110,15,1691.7,4.19568,-3.46796,0.982973
95,A2,110,20,2317.51,2.53289,-0.993041,0.992244
95,A2,110,23,2701.07,0.219945,-2.24961,0.62024
95,A2,110,24,2819.5,0.585542,-1.29581,0.944003
95,A2,110,26,2939.28,0.360463,-0.316524,0.856619
95,A2,110,29,3059.06,0.321734,-0.840739,0.855928
95,A2,110,30,3422.43,0.414194,-0.594519,0.850117
95,A2,110,33,3544.9,0.469433,-0.462014,0.914337
95,A2,110,34,3668.72,0.487397,-1.8071,0.830232
95,A2,110,35,4044.2,0.664193,-1.25544,0.907113
95,A2,110,36,5224.49,1.10334,0.0162533,0.947736
95,A2,110,46,5497.7,1.08523,-0.949889,0.886408
95,A2,110,48,5636.32,1.56848,-0.949752,0.798601
95,A2,110,49,6638.96,1.9935,-1.51535,0.877758
95,A2,110,55,7393.96,2.91032,-3.75004,0.875135
95,A2,110,59,8182.62,4.25925,-2.97316,0.902214
95,A2,110,63,8511,4.08679,-2.99313,0.874856
95,A2,110,64,8840.73,1.07321,-8.84751,0.539863
95,G6,1567.98,1,1573.27,0.936836,1.83766,0.786239
95,G6,1567.98,2,3173.46,2.28062,0.986311,0.975933
95,G6,1567.98,3,4826.13,4.71531,-0.604188,0.927405
95,G6,1567.98,4,6562.24,13.9731,-1.16751,0.955482
95,F3,174.614,1,174.957,0.235852,3.12589,0.789896
95,F3,174.614,2,348.569,0.708663,4.87959,0.987981
95,F3,174.614,3,523.526,0.231488,1.92036,0.611265
95,F3,174.614,4,698.483,0.159237,1.38219,0.747269
95,F3,174.614,5,874.786,0.34735,2.11837,0.770493
95,F3,174.614,6,1049.74,0.370675,1.2352,0.731119
95,F3,174.614,9,1581.34,0.428038,1.82262,0.891199
95,F3,174.614,10,1760.34,0.352678,1.55027,0.8085
95,F3,174.614,11,1939.33,0.269215,-0.836047,0.656818
95,F3,174.614,12,2121.02,0.322793,0.621064,0.832315
95,F3,174.614,13,2304.05,0.350657,-0.709477,0.63789
95,F3,174.614,14,2489.78,0.352715,-0.731548,0.878722
95,F3,174.614,17,2670.12,0.303334,-0.376471,0.813454
95,F3,174.614,18,2855.84,0.549393,0.0586194,0.870657
95,F3,174.614,19,3231.33,0.430749,-1.19543,0.808877
95,F3,174.614,21,3422.43,0.711445,-0.930304,0.842204
95,F3,174.614,22,3613.54,0.475754,-1.33452,0.814435
95,F3,174.614,23,4201.67,0.671575,-0.483098,0.95418
95,F3,174.614,27,5013.2,1.01019,-1.10111,0.861197
95,F3,174.614,31,5862.41,1.41598,-0.951183,0.900745
95,F3,174.614,35,6080.44,2.27993,-0.697536,0.838835
95,F3,174.614,36,7449.14,3.05374,-1.58352,0.855556
95,F3,174.614,42,7930.95,3.42796,-1.81696,0.844058
95,F3,174.614,44,8174.54,5.2134,-2.33953,0.936022
95,F3,174.614,45,9185.26,5.36163,-2.91624,0.869984
95,F3,174.614,49,9445,4.9997,-4.41233,0.827962
95,Fs7,2959.96,2,6072.36,18.8731,-2.87221,0.943727
95,Fs7,2959.96,3,9349.45,36.7047,-3.76744,0.984042
95,Cs5,554.365,1,554.48,0.673003,3.74869,0.80931
95,Cs5,554.365,2,1110.31,0.648936,2.45904,0.699754
95,Cs5,554.365,3,1671.51,0.538474,1.1735,0.663939
95,Cs5,554.365,4,2236.76,0.90506,1.94007,0.909169
95,Cs5,554.365,5,2811.43,0.925747,0.810145,0.898482
95,Cs5,554.365,6,3395.52,1.2992,0.65261,0.953605
95,Cs5,554.365,8,3990.37,1.99571,0.621144,0.975022
95,Cs5,554.365,9,5223.15,3.69724,-0.0882337,0.949433
95,Cs5,554.365,11,5865.11,5.72586,-0.732441,0.922119
95,Cs5,554.365,12,6524.56,7.51142,-1.15411,0.909063
95,Cs5,554.365,13,7416.84,13.9874,-1.57372,0.962298
95,Cs5,554.365,15,7905.38,11.0205,-1.76427,0.916298
95,Cs5,554.365,16,8626.74,9.54145,-4.38676,0.843651
95,Gs4,415.305,1,414.514,0.536975,3.87056,0.919156
95,Gs4,415.305,3,1248.93,3.59784,4.22882,0.964928
95,Gs4,415.305,4,1670.17,0.405417,1.19024,0.932943
95,Gs4,415.305,5,2095.45,0.335324,0.0690218,0.712438
95,Gs4,415.305,6,2523.42,0.493932,-1.03295,0.601576
95,Gs4,415.305,7,2958.12,0.644317,-0.0271664,0.943828
95,Gs4,415.305,9,3399.55,0.909717,0.00770452,0.911414
95,Gs4,415.305,10,3846.37,1.29144,-0.398175,0.907556
95,Gs4,415.305,11,5241.99,2.90641,-0.243071,0.926003
95,Gs4,415.305,15,5726.49,3.50503,-1.2017,0.889936
95,Gs4,415.305,16,6221.75,4.41378,-0.906702,0.896325
95,Gs4,415.305,17,6733.16,6.11325,-1.01264,0.886382
95,Gs4,415.305,18,7252.65,6.99584,-1.15538,0.88699
95,Gs4,415.305,19,8894.56,2.49755,-8.68361,0.521869
95,A5,880,1,880.17,0.6629,2.51796,0.858622
95,A5,880,2,1767.07,0.562827,0.147009,0.71259
95,A5,880,3,2667.43,1.3937,0.294581,0.935038
95,A5,880,4,3585.28,2.19417,0.399824,0.951514
95,A5,880,5,4531.39,3.63656,0.0110309,0.929975
95,A5,880,6,5505.77,5.75878,-0.378261,0.938647
95,A5,880,8,6516.49,8.2022,-1.16643,0.907227
95,A5,880,9,7551.43,8.38122,-4.10746,0.861458
95,A5,880,10,8665.77,4.50579,-7.6735,0.66969
95,F4,349.228,1,348.569,0.481734,3.84137,0.751884
95,F4,349.228,2,698.483,0.552691,2.11969,0.982801
95,F4,349.228,4,1402.35,0.561672,1.15148,0.832379
95,F4,349.228,5,1757.65,0.451754,1.15354,0.744111
95,F4,349.228,6,2115.64,0.332822,0.44973,0.681599
95,F4,349.228,7,2476.32,0.586002,0.28416,0.888539
95,F4,349.228,8,2842.38,0.504037,-0.510264,0.889411
95,F4,349.228,10,3211.14,0.640337,0.174515,0.91825
95,F4,349.228,11,3967.49,1.1183,0.312868,0.958958
95,F4,349.228,13,4355.09,1.34607,-0.253193,0.926271
95,F4,349.228,14,5558.26,2.88368,-0.604313,0.906903
95,F4,349.228,18,5974.12,3.27521,-0.74277,0.901205
95,F4,349.228,19,6831.41,5.05867,-1.23998,0.865553
95,F4,349.228,21,7278.22,7.34128,-1.01729,0.864544
95,G1,48.9994,1,48.4497,0.275052,2.06653,0.96539
95,G1,48.9994,2,98.2452,0.265918,4.41633,0.990142
95,G1,48.9994,3,146.695,0.216304,4.96183,0.944285
95,G1,48.9994,4,195.145,0.23924,4.14755,0.970019
95,G1,48.9994,5,244.94,0.249686,4.11516,0.978359
95,G1,48.9994,6,293.39,0.242367,4.02541,0.969226
95,G1,48.9994,7,341.84,0.199535,3.91677,0.886228
95,G1,48.9994,8,391.635,0.247049,1.86121,0.976403
95,G1,48.9994,9,440.085,0.2561,3.62253,0.964394
95,G1,48.9994,10,489.88,0.224692,2.98506,0.904993
95,G1,48.9994,11,539.676,0.24698,2.72448,0.855947
95,G1,48.9994,12,588.126,0.229319,1.96517,0.945313
95,G1,48.9994,13,637.921,0.241676,3.09141,0.840012
95,G1,48.9994,14,687.717,0.176427,2.25043,0.743646
95,G1,48.9994,15,737.512,0.210155,2.35005,0.762264
95,G1,48.9994,16,787.308,0.19429,1.43806,0.806731
95,G1,48.9994,17,837.103,0.158512,0.797577,0.708566
95,G1,48.9994,18,886.899,0.239417,2.74983,0.848544
95,G1,48.9994,19,938.04,0.196655,2.30017,0.847032
95,G1,48.9994,20,987.836,0.627674,1.721,0.885925
95,G1,48.9994,21,1038.98,0.245979,2.14148,0.838824
95,G1,48.9994,22,1091.46,0.193699,2.18428,0.753756
95,G1,48.9994,23,1143.95,0.184753,1.0896,0.787329
95,G1,48.9994,25,1274.5,1.92478,0.725321,0.997093
95,G1,48.9994,26,1325.64,1.57783,-0.204934,0.963764
95,G1,48.9994,27,1375.43,1.3947,-0.898544,0.93042
95,G1,48.9994,28,1425.23,1.90752,0.492428,0.996254
95,G1,48.9994,29,1475.02,1.64718,-0.374595,0.958288
95,G1,48.9994,32,1658.06,0.507383,-0.374527,0.956333
95,G1,48.9994,33,1713.24,0.435306,0.249515,0.880657
95,G1,48.9994,34,1767.07,0.435032,0.834239,0.891292
95,G1,48.9994,35,1820.9,0.47725,2.31566,0.937326
95,G1,48.9994,36,1874.73,0.502953,2.36643,0.990981
95,G1,48.9994,37,1928.57,0.543091,1.89457,0.849877
95,G1,48.9994,38,1983.75,0.463109,0.600403,0.933283
95,G1,48.9994,39,2038.93,0.520406,0.329472,0.927835
95,G1,48.9994,41,2177.55,1.48709,-0.526941,0.977331
95,G1,48.9994,42,2228.69,1.63967,-0.690246,0.996543
95,G1,48.9994,43,2279.83,1.86874,-0.646036,0.994153
95,G1,48.9994,45,2431.91,0.709671,0.456686,0.938889
95,G1,48.9994,46,2489.78,0.738176,0.225171,0.965797
95,G1,48.9994,48,2605.52,0.837337,-0.207151,0.974286
95,G1,48.9994,49,2664.73,0.782666,-0.156214,0.948782
95,G1,48.9994,50,2725.3,0.949677,0.198106,0.913381
95,G1,48.9994,53,2950.05,1.08359,-2.18102,0.864649
95,G1,48.9994,54,3361.87,1.30465,1.30611,0.955448
95,G1,48.9994,68,4033.44,2.02267,0.83241,0.961207
95,G1,48.9994,78,5285.06,3.97391,0.124579,0.946516
95,G1,48.9994,94,5379.26,3.4959,-1.65165,0.936444
95,G1,48.9994,95,6049.48,4.17099,-0.523376,0.953634
95,Ds2,77.7817,1,78.0579,0.675657,3.97929,0.945646
95,Ds2,77.7817,2,154.77,0.288422,2.70962,0.814968
95,Ds2,77.7817,3,232.828,0.163293,0.281425,0.605659
95,Ds2,77.7817,4,310.886,0.365227,3.48769,0.984905
95,Ds2,77.7817,5,388.943,0.2175,2.97801,0.719507
95,Ds2,77.7817,6,467.001,0.307771,2.62406,0.917594
95,Ds2,77.7817,7,545.059,0.23474,1.77738,0.802579
95,Ds2,77.7817,8,621.771,0.258775,0.630129,0.835679
95,Ds2,77.7817,9,701.175,0.165781,0.509911,0.689308
95,Ds2,77.7817,10,779.233,0.346778,3.17562,0.783483
95,Ds2,77.7817,11,857.291,0.189524,1.91858,0.684292
95,Ds2,77.7817,12,935.349,0.383556,2.18478,0.926276
95,Ds2,77.7817,13,1014.75,0.421907,2.93769,0.884655
95,Ds2,77.7817,14,1094.16,0.176945,1.30219,0.658867
95,Ds2,77.7817,16,1251.62,0.296816,0.179555,0.820958
95,Ds2,77.7817,17,1331.02,0.576132,-0.0313135,0.743833
95,Ds2,77.7817,18,1411.77,0.254969,1.84947,0.84802
95,Ds2,77.7817,19,1492.52,0.170004,0.673334,0.690755
95,Ds2,77.7817,20,1574.62,0.410455,2.18025,0.870065
95,Ds2,77.7817,21,1656.71,0.420359,0.0673467,0.916215
95,Ds2,77.7817,27,2186.97,2.51882,-0.210405,0.997186
95,Ds2,77.7817,28,2266.37,2.99842,-0.0567489,0.999155
95,Ds2,77.7817,29,2345.77,3.52609,-0.024137,0.996464
95,Ds2,77.7817,36,2989.08,0.568827,0.330713,0.966675
95,Ds2,77.7817,37,3075.21,0.562786,0.941435,0.963245
95,Ds2,77.7817,43,3239.4,0.680061,0.641037,0.978281
95,Ds2,77.7817,45,3882.71,0.989738,-0.686877,0.914712
95,Ds2,77.7817,53,4321.44,2.14313,-0.223908,0.925227
95,Ds2,77.7817,54,5399.45,1.76259,0.570958,0.941592
95,Ds2,77.7817,68,5543.45,2.15051,-0.787484,0.908219
95,Ds2,77.7817,70,6482.84,5.23382,-0.383972,0.926679
95,Ds2,77.7817,78,7193.44,0.8335,-8.82472,0.542198
95,C4,261.626,1,261.09,0.580962,4.40119,0.936535
95,C4,261.626,2,523.526,0.558253,3.66582,0.89614
95,C4,261.626,3,785.962,0.384846,2.43182,0.642786
95,C4,261.626,4,1048.4,0.608691,2.79573,0.923952
95,C4,261.626,6,1578.65,0.621554,2.32339,0.927774
95,C4,261.626,7,1845.13,0.430193,0.611218,0.845855
95,C4,261.626,8,2116.98,0.493869,-0.52072,0.875613
95,C4,261.626,12,3215.18,0.706779,0.377312,0.908339
95,C4,261.626,14,3499.15,0.713545,0.376135,0.951961
95,C4,261.626,15,4073.81,0.867566,-0.906327,0.908568
95,C4,261.626,16,4967.44,1.51382,-0.275035,0.946822
95,C4,261.626,21,5274.29,1.73698,-0.225978,0.937066
95,C4,261.626,22,5585.17,2.59884,-0.723783,0.92283
95,C4,261.626,23,5901.44,2.85348,-0.991453,0.904956
95,C4,261.626,24,6885.24,4.02822,-1.40753,0.887895
95,C4,261.626,27,7918.84,7.3658,-2.2239,0.917665
95,C4,261.626,30,8275.48,7.0351,-3.25038,0.881458
95,B1,61.7354,1,61.908,0.239243,2.15338,0.86959
95,B1,61.7354,2,123.816,0.281629,3.26152,0.907147
95,B1,61.7354,3,184.378,0.187292,2.6428,0.807134
95,B1,61.7354,4,246.286,0.293344,3.91851,0.922806
95,B1,61.7354,5,308.194,0.237512,2.55306,0.799612
95,B1,61.7354,6,370.102,0.330134,3.59591,0.956861
95,B1,61.7354,7,432.01,0.222888,2.26661,0.854561
95,B1,61.7354,8,493.918,0.245891,0.621552,0.882126
95,B1,61.7354,9,555.826,0.325087,2.3471,0.868094
95,B1,61.7354,10,617.734,0.22462,1.99556,0.873104
95,B1,61.7354,11,679.642,0.367933,3.38427,0.774174
95,B1,61.7354,12,742.896,0.219068,2.15114,0.894004
95,B1,61.7354,13,804.803,0.184006,2.03542,0.761189
95,B1,61.7354,14,866.711,0.226331,2.80354,0.827348
95,B1,61.7354,15,929.965,0.195938,1.98325,0.763146
95,B1,61.7354,16,993.219,0.180874,-0.241206,0.785724
95,B1,61.7354,17,1056.47,0.207765,0.882209,0.787472
95,B1,61.7354,19,1182.98,0.202024,1.40777,0.710631
95,B1,61.7354,20,1247.58,0.195205,0.737215,0.683179
95,B1,61.7354,21,1312.18,0.226804,1.49964,0.723936
95,B1,61.7354,26,1670.17,1.76926,-0.119778,0.99895
95,B1,61.7354,27,1734.77,1.79721,0.377054,0.999643
95,B1,61.7354,28,1796.68,1.80722,-0.801053,0.992401
95,B1,61.7354,29,1859.93,1.85556,-1.49017,0.985639
95,B1,61.7354,34,2228.69,0.39598,0.531483,0.933175
95,B1,61.7354,35,2297.32,0.473668,0.241254,0.878962
95,B1,61.7354,36,2364.61,0.548873,1.18252,0.901179
95,B1,61.7354,37,2433.25,0.498387,0.853698,0.951469
95,B1,61.7354,38,2503.23,0.609299,-0.332876,0.926485
95,B1,61.7354,39,2570.53,0.585409,0.533113,0.956564
95,B1,61.7354,42,2811.43,1.47026,-2.42969,0.970648
95,B1,61.7354,43,2876.03,1.08497,-2.63413,0.894412
95,B1,61.7354,45,2618.98,0.769963,-0.995398,0.822395
95,B1,61.7354,49,3068.48,0.724806,0.197812,0.946149
95,B1,61.7354,52,3512.6,0.931159,0.379795,0.953397
95,B1,61.7354,53,4227.24,1.26829,0.588065,0.965689
95,B1,61.7354,67,5071.07,1.83371,0.234488,0.955489
95,B1,61.7354,77,5390.03,2.74425,-0.218618,0.862542
95,B1,61.7354,81,5473.47,3.02333,-0.594631,0.935195
95,B1,61.7354,82,5569.02,2.82672,-1.19637,0.929276
95,B1,61.7354,83,5916.25,2.71564,-3.10972,0.865581
95,B1,61.7354,86,6497.64,2.53916,-3.80449,0.827698
95,B1,61.7354,92,6586.47,1.34921,-6.76781,0.673757
95,B1,61.7354,93,6760.08,1.56359,-6.00205,0.697497
95,As0,29.1352,1,28.2623,0.210367,1.23284,0.976714
95,As0,29.1352,2,57.8705,0.218729,3.72883,0.976522
95,As0,29.1352,3,86.1328,0.175308,4.75161,0.957558
95,As0,29.1352,4,115.741,0.156023,4.80938,0.935454
95,As0,29.1352,5,145.349,0.159866,4.15188,0.938757
95,As0,29.1352,6,173.611,0.121103,4.06161,0.782225
95,As0,29.1352,7,203.22,0.101839,5.16239,0.668881
95,As0,29.1352,8,232.828,0.107265,0.151881,0.851846
95,As0,29.1352,9,261.09,0.108904,3.31256,0.723091
95,As0,29.1352,10,290.698,0.156424,3.67334,0.929457
95,As0,29.1352,11,320.306,0.110206,4.21328,0.69512
95,As0,29.1352,12,349.915,0.130418,4.19932,0.832792
95,As0,29.1352,13,380.869,0.161503,4.50675,0.947657
95,As0,29.1352,14,410.477,0.126515,3.92225,0.785982
95,As0,29.1352,15,440.085,0.178458,3.47611,0.948697
95,As0,29.1352,16,471.039,0.168125,1.42784,0.898996
95,As0,29.1352,17,501.993,0.163711,1.99173,0.92195
95,As0,29.1352,18,532.947,0.205709,3.09947,0.973467
95,As0,29.1352,19,563.901,0.181279,2.77578,0.93648
95,As0,29.1352,20,594.855,0.222299,3.28887,0.98015
95,As0,29.1352,21,625.809,0.199577,2.88333,0.883428
95,As0,29.1352,22,658.109,0.230801,4.03311,0.972145
95,As0,29.1352,23,690.408,0.223928,2.26583,0.962628
95,As0,29.1352,24,721.362,0.229109,1.12758,0.974894
95,As0,29.1352,25,753.662,0.247813,1.53718,0.982088
95,As0,29.1352,26,787.308,0.264877,3.30046,0.98945
95,As0,29.1352,27,820.953,0.284753,3.04733,0.990663
95,As0,29.1352,28,854.599,0.297929,3.73633,0.986457
95,As0,29.1352,29,888.245,0.346975,3.65641,0.993224
95,As0,29.1352,30,921.89,0.33296,4.16521,0.99355
95,As0,29.1352,31,956.882,0.35536,2.81972,0.998049
95,As0,29.1352,32,990.527,0.417394,1.54688,0.990782
95,As0,29.1352,34,1038.98,0.476608,-2.29427,0.949049
95,As0,29.1352,36,1126.46,0.586539,-1.14455,0.976776
95,As0,29.1352,38,1172.21,0.550995,3.51136,0.986089
95,As0,29.1352,39,1207.21,0.573214,2.54286,0.985022
95,As0,29.1352,40,1244.89,0.627473,2.45271,0.986276
95,As0,29.1352,41,1282.57,0.67569,1.65927,0.989588
95,As0,29.1352,42,1320.25,0.742698,1.19614,0.970001
95,As0,29.1352,43,1359.28,0.989742,2.56975,0.947129
95,As0,29.1352,44,1398.31,0.84346,2.92667,0.947981
95,As0,29.1352,45,1437.34,0.871031,3.01635,0.990481
95,As0,29.1352,46,1477.72,0.92838,2.44061,0.999792
95,As0,29.1352,47,1518.09,0.963646,2.83537,0.982063
95,As0,29.1352,48,1559.81,0.950874,2.75344,0.98027
95,As0,29.1352,49,1601.53,1.21033,2.72527,0.998058
95,As0,29.1352,50,1640.56,1.209,0.641868,0.992734
95,As0,29.1352,51,1674.21,1.28413,0.021788,0.994858
95,As0,29.1352,52,1707.85,1.22645,0.469589,0.99518
95,As0,29.1352,53,1741.5,1.34966,0.197851,0.995163
95,As0,29.1352,54,1776.49,1.14248,-0.713502,0.943904
95,As0,29.1352,55,1816.86,1.42666,2.35692,0.971492
95,As0,29.1352,56,1859.93,1.37573,2.76693,0.985317
95,As0,29.1352,57,1904.34,1.53637,2.89356,0.974211
95,As0,29.1352,58,1950.1,1.53638,1.79741,0.9871
95,As0,29.1352,59,1995.86,1.65741,0.393425,0.948175
95,As0,29.1352,60,2042.96,1.61845,-0.25783,0.965972
95,As0,29.1352,61,2088.72,1.76218,0.827583,0.9777
95,As0,29.1352,62,2135.82,1.91667,1.91604,0.987026
95,As0,29.1352,65,2266.37,1.7722,-0.690612,0.993278
95,As0,29.1352,66,2304.05,1.31015,-1.34331,0.94191
95,As0,29.1352,67,2340.39,1.62618,-0.345405,0.993364
95,As0,29.1352,68,2382.11,2.2666,1.70435,0.987579
95,As0,29.1352,69,2434.6,1.89839,-0.711983,0.987296
95,As0,29.1352,70,2485.74,2.27078,-0.3509,0.986914
95,As0,29.1352,71,2535.53,2.14951,-1.0626,0.976361
95,As0,29.1352,72,2588.02,2.54649,1.6396,0.999843
95,As0,29.1352,73,2643.2,2.73448,1.03298,0.995979
95,As0,29.1352,74,2694.34,2.59749,1.01246,0.997257
95,As0,29.1352,76,2793.93,2.32058,0.130951,0.966907
95,As0,29.1352,80,2971.58,3.24892,-0.20627,0.977248
95,As0,29.1352,86,3030.8,0.935739,-2.95355,0.772011
95,As0,29.1352,91,3084.63,0.686807,-3.92634,0.751824
95,As0,29.1352,92,3263.63,0.60527,-4.83286,0.737703
95,As0,29.1352,96,3508.57,0.60421,-5.38185,0.740223
95,D5,587.33,1,586.78,0.615215,3.02526,0.760662
95,D5,587.33,2,1177.6,0.578412,2.74907,0.715955
95,D5,587.33,3,1771.11,0.514428,0.879358,0.644137
95,D5,587.33,4,2372.69,0.587385,1.0422,0.695357
95,D5,587.33,5,2982.35,0.997454,0.665045,0.946494
95,D5,587.33,6,3604.12,1.42095,-0.00353199,0.952028
95,D5,587.33,8,4238,2.35197,0.0213837,0.963067
95,D5,587.33,9,4889.38,3.00577,-0.832307,0.902327
95,D5,587.33,10,5558.26,5.28832,-0.896219,0.921625
95,D5,587.33,11,6244.63,7.34073,-1.41555,0.90218
95,D5,587.33,12,7871.73,12.6727,-3.7979,0.932128
95,D5,587.33,15,9220.25,8.024,-6.27088,0.765777
95,As7,3729.31,2,7706.2,3.60005,-9.37661,0.729467
95,B6,1975.53,1,1985.09,1.42215,1.03746,0.940327
95,B6,1975.53,2,4025.36,4.05044,-1.00723,0.937779
95,B6,1975.53,3,6166.57,13.1422,-1.74463,0.93634
95,C3,130.813,1,130.545,0.239222,3.21141,0.733895
95,C3,130.813,2,261.09,0.366858,3.77147,0.902536
95,C3,130.813,3,391.635,0.376632,3.37899,0.904775
95,C3,130.813,4,523.526,0.306109,2.83666,0.901243
95,C3,130.813,5,654.071,0.292372,3.32163,0.916991
95,C3,130.813,6,785.962,0.243974,2.62694,0.858614
95,C3,130.813,8,1049.74,0.296913,0.0148193,0.892914
95,C3,130.813,9,1181.63,0.369396,2.37081,0.836296
95,C3,130.813,10,1314.87,0.219674,1.90348,0.644266
95,C3,130.813,11,1448.11,0.763967,2.37246,0.930218
95,C3,130.813,12,1585.38,0.243303,1.72448,0.716581
95,C3,130.813,21,2894.87,2.81292,-2.01485,0.990507
95,C3,130.813,22,3096.74,0.404344,0.60453,0.919653
95,C3,130.813,26,3240.75,0.37315,-0.738762,0.89952
95,C3,130.813,27,4273,0.612466,-0.307131,0.898705
95,C3,130.813,34,5369.84,1.10135,0.00248469,0.935664
95,C3,130.813,41,5532.69,1.20428,-0.749494,0.903596
95,C3,130.813,42,6029.3,1.62006,-1.72496,0.860254
95,C3,130.813,45,6369.79,2.03639,-2.02796,0.796397
95,C3,130.813,47,7986.13,3.32078,-2.14732,0.830775
95,C3,130.813,55,8174.54,5.0658,-1.2032,0.882956
95,C3,130.813,56,8949.74,2.47697,-6.66334,0.731357
95,C3,130.813,59,9151.61,2.99336,-5.62222,0.754898
95,C3,130.813,60,9348.1,2.70308,-6.32527,0.748107
95,C3,130.813,61,9552.67,2.69551,-6.5966,0.757681
95,Ds5,622.254,1,621.771,0.592099,2.9139,0.604896
95,Ds5,622.254,2,1247.58,0.590179,2.56722,0.722191
95,Ds5,622.254,3,1877.43,0.506726,2.15435,0.567022
95,Ds5,622.254,4,2516.69,0.734774,-0.675608,0.789205
95,Ds5,622.254,5,3164.04,1.34214,1.4703,0.950782
95,Ds5,622.254,6,3826.18,1.81544,-0.134718,0.936064
95,Ds5,622.254,8,4501.79,2.68376,0.0135591,0.935665
95,Ds5,622.254,9,5200.27,4.33633,0.22151,0.930026
95,Ds5,622.254,10,5914.9,6.98008,-0.652012,0.924668
95,Ds5,622.254,11,6651.07,9.05117,-1.04616,0.910007
95,Ds5,622.254,12,8200.11,14.4567,-1.36572,0.953705
95,Ds5,622.254,15,9017.03,10.0214,-5.07,0.798203
95,D2,73.4162,1,72.6746,0.250989,2.58218,0.900052
95,D2,73.4162,2,146.695,0.701947,5.19872,0.979248
95,D2,73.4162,3,219.37,0.194081,1.65718,0.739551
95,D2,73.4162,4,293.39,0.28786,3.44206,0.961189
95,D2,73.4162,5,366.064,0.267242,2.41869,0.901598
95,D2,73.4162,6,440.085,0.219609,2.5872,0.820613
95,D2,73.4162,7,514.105,0.230657,1.3266,0.760598
95,D2,73.4162,8,586.78,0.241258,0.894864,0.924394
95,D2,73.4162,9,660.8,0.238307,2.55677,0.821224
95,D2,73.4162,10,734.821,0.329578,3.46264,0.925649
95,D2,73.4162,11,808.841,0.217142,2.56529,0.813694
95,D2,73.4162,12,882.861,0.185011,0.662587,0.689952
95,D2,73.4162,13,956.882,0.165289,1.73363,0.635398
95,D2,73.4162,14,1032.25,0.200151,1.16638,0.604575
95,D2,73.4162,15,1106.27,0.209229,1.78497,0.81947
95,D2,73.4162,16,1181.63,0.295547,0.65506,0.852802
95,D2,73.4162,17,1255.65,0.252073,0.203004,0.858555
95,D2,73.4162,19,1407.73,0.297979,0.970274,0.717154
95,D2,73.4162,20,1485.79,0.202203,0.442713,0.785889
95,D2,73.4162,27,2063.15,2.37102,-0.360341,0.996889
95,D2,73.4162,28,2138.52,2.38885,-0.595314,0.995867
95,D2,73.4162,35,2733.37,0.626117,-0.174367,0.938198
95,D2,73.4162,36,2815.47,0.57972,-0.0867814,0.912924
95,D2,73.4162,37,2896.22,0.568866,0.605203,0.968235
95,D2,73.4162,38,2978.31,0.608114,0.613636,0.953012
95,D2,73.4162,43,3063.1,0.629062,0.920204,0.964647
95,D2,73.4162,45,3313.42,0.803068,-0.482814,0.913752
95,D2,73.4162,48,3652.57,0.891158,-0.719624,0.938975
95,D2,73.4162,52,4002.48,1.19533,-0.397046,0.94017
95,D2,73.4162,53,5005.12,1.59675,0.0343573,0.925155
95,D2,73.4162,67,5202.96,1.9283,-0.965467,0.878085
95,D2,73.4162,69,6002.38,2.98713,-0.8237,0.866737
95,D2,73.4162,77,6108.7,3.55997,-0.957613,0.924256
95,D2,73.4162,78,8010.35,3.56984,-2.97374,0.878591
95,E7,2637.02,1,2652.62,3.11145,0.165204,0.93452
95,E7,2637.02,2,5398.1,14.0769,-1.75928,0.951655
95,E7,2637.02,3,8305.09,27.9814,-3.34689,0.978148
95,Ds4,311.127,1,310.886,0.439,4.0145,0.851336
95,Ds4,311.127,2,621.771,1.21863,4.13867,0.993405
95,Ds4,311.127,4,1247.58,0.331957,1.67673,0.86098
95,Ds4,311.127,5,1563.85,0.416128,1.8231,0.749289
95,Ds4,311.127,6,1881.46,0.582991,1.93199,0.857013
95,Ds4,311.127,7,2200.42,0.510105,1.08242,0.841571
95,Ds4,311.127,8,2524.77,0.497074,-1.77142,0.644239
95,Ds4,311.127,9,2850.46,0.464409,-0.536928,0.748648
95,Ds4,311.127,11,3181.53,0.770419,0.256917,0.966452
95,Ds4,311.127,12,3515.3,0.764924,-0.835713,0.828015
95,Ds4,311.127,13,3854.44,0.953668,-0.984764,0.888023
95,Ds4,311.127,14,4902.84,1.75413,-0.374739,0.942499
95,Ds4,311.127,18,5263.52,2.21989,-1.06226,0.852458
95,Ds4,311.127,19,6385.94,3.92495,-1.44476,0.883579
95,Ds4,311.127,22,6777.58,6.49222,-0.963223,0.904404
95,Ds4,311.127,23,7174.59,5.556,-2.95105,0.899065
95,C2,65.4064,1,65.9454,0.252853,1.86368,0.906105
95,C2,65.4064,2,130.545,0.309619,4.19689,0.974474
95,C2,65.4064,3,196.49,0.222637,3.15175,0.872562
95,C2,65.4064,4,261.09,0.255886,3.45579,0.813836
95,C2,65.4064,5,327.036,0.275381,3.36239,0.865518
95,C2,65.4064,6,391.635,0.261251,3.33574,0.812316
95,C2,65.4064,7,457.581,0.249264,2.20099,0.748574
95,C2,65.4064,8,523.526,0.238417,0.449779,0.917739
95,C2,65.4064,9,588.126,0.25058,2.39451,0.925425
95,C2,65.4064,10,654.071,0.186912,1.81129,0.74575
95,C2,65.4064,11,720.016,0.23898,2.71831,0.817484
95,C2,65.4064,12,785.962,0.223665,2.43067,0.799025
95,C2,65.4064,13,851.907,0.204951,1.0517,0.700174
95,C2,65.4064,14,917.853,0.184726,1.62467,0.632824
95,C2,65.4064,15,985.144,0.192066,0.919558,0.65556
95,C2,65.4064,16,1051.09,0.217253,-0.676795,0.656491
95,C2,65.4064,17,1118.38,0.195352,1.40714,0.859288
95,C2,65.4064,18,1184.33,0.187794,1.02821,0.702939
95,C2,65.4064,20,1321.6,0.434416,0.277142,0.690957
95,C2,65.4064,21,1391.58,0.222651,-2.15133,0.808937
95,C2,65.4064,27,1837.05,2.18433,-0.354862,0.995822
95,C2,65.4064,28,1903,2.01083,-0.445005,0.997278
95,C2,65.4064,29,1970.29,1.80205,-1.08012,0.992941
95,C2,65.4064,33,2283.87,0.397694,-0.228622,0.787669
95,C2,65.4064,34,2355.19,0.380335,-0.32802,0.940163
95,C2,65.4064,35,2426.52,0.377339,0.186886,0.911629
95,C2,65.4064,36,2497.85,0.44319,0.48839,0.887958
95,C2,65.4064,37,2570.53,0.523916,1.131,0.904
95,C2,65.4064,38,2645.89,0.480158,0.885566,0.84553
95,C2,65.4064,41,2908.33,2.73066,-0.486374,0.999065
95,C2,65.4064,42,2975.62,2.27,-0.477844,0.999149
95,C2,65.4064,44,3010.61,0.544047,0.736304,0.937106
95,C2,65.4064,49,3085.98,0.633155,1.15376,0.982935
95,C2,65.4064,50,3161.34,0.704582,0.445695,0.978836
95,C2,65.4064,51,3620.27,0.808541,-0.569516,0.925593
95,C2,65.4064,57,4390.08,1.53591,0.463272,0.943268
95,C2,65.4064,61,5270.25,1.61756,0.962878,0.951541
95,C2,65.4064,76,5375.23,2.71356,-0.205447,0.898132
95,C2,65.4064,77,5917.59,3.21154,-1.24996,0.92706
95,C2,65.4064,83,6013.15,3.40838,-0.83114,0.905275
95,C2,65.4064,84,6149.08,3.24857,-1.46332,0.913548
95,C2,65.4064,85,7027.9,2.50913,-2.07006,0.848627
95,C2,65.4064,93,7286.3,1.38935,-7.03753,0.64842
95,C2,65.4064,96,7906.72,2.04646,-5.61456,0.717947
95,B7,3951.07,2,8181.27,32.9363,-4.3937,0.981721
95,As6,1864.66,1,1872.04,1.49569,2.22523,0.934916
95,As6,1864.66,2,3793.88,3.15805,-2.26021,0.908136
95,As6,1864.66,3,5793.78,10.8691,-1.42579,0.931493
95,As6,1864.66,4,7929.6,18.1057,-4.34943,0.922629
95,E6,1318.51,1,1321.6,1.152,2.29851,0.877412
95,E6,1318.51,2,2662.04,1.25684,-0.130799,0.924945
95,E6,1318.51,3,4032.09,2.98424,0.161921,0.930998
95,E6,1318.51,4,5461.36,7.04485,-0.32388,0.917653
95,E6,1318.51,5,6955.22,14.6197,-2.02039,0.923355
95,D3,146.832,1,146.695,0.236895,3.6325,0.734274
95,D3,146.832,2,293.39,0.269507,3.51586,0.876694
95,D3,146.832,3,440.085,0.360908,3.10742,0.96299
95,D3,146.832,4,586.78,0.365561,2.74803,0.874249
95,D3,146.832,5,734.821,0.257244,3.05175,0.620184
95,D3,146.832,6,882.861,0.304538,2.50005,0.786589
95,D3,146.832,7,1030.9,0.583249,1.8061,0.947826
95,D3,146.832,8,1178.94,0.298973,0.645161,0.791577
95,D3,146.832,9,1326.98,0.276076,-0.141499,0.617664
95,D3,146.832,10,1477.72,0.263035,1.61533,0.701815
95,D3,146.832,11,1627.1,0.253976,0.641952,0.85093
95,D3,146.832,12,1781.87,0.295888,0.72457,0.858755
95,D3,146.832,20,3017.34,0.365651,-0.0797342,0.789639
95,D3,146.832,23,3176.15,0.404114,-0.683041,0.838833
95,D3,146.832,24,3499.15,0.501659,-0.367377,0.928079
95,D3,146.832,26,3663.34,0.466568,-0.697607,0.907845
95,D3,146.832,27,3994.41,0.51625,-0.689188,0.897454
95,D3,146.832,30,4851.7,0.837691,-1.25023,0.838143
95,D3,146.832,35,5937.78,1.24651,-1.0726,0.874688
95,D3,146.832,41,6124.85,1.45481,-1.11942,0.892177
95,D3,146.832,42,6314.61,1.6408,-1.8048,0.849374
95,D3,146.832,43,7297.06,2.24107,-2.20657,0.790692
95,D3,146.832,47,7500.28,3.08469,-1.87182,0.784727
95,D3,146.832,48,8766.71,5.62083,-2.0334,0.917967
95,D3,146.832,54,9210.83,5.33738,-3.22671,0.895385
95,As1,58.2705,1,57.8705,0.236248,1.63141,0.86955
95,As1,58.2705,2,117.087,0.214151,2.71746,0.669593
95,As1,58.2705,3,174.957,0.229658,2.63794,0.803935
95,As1,58.2705,4,232.828,0.174836,0.441184,0.893027
95,As1,58.2705,5,290.698,0.263726,3.34079,0.845972
95,As1,58.2705,6,348.569,0.232365,2.93378,0.838998
95,As1,58.2705,7,407.785,0.221076,2.72997,0.852744
95,As1,58.2705,8,465.656,0.280647,0.876726,0.793704
95,As1,58.2705,9,523.526,0.204194,2.56606,0.852206
95,As1,58.2705,10,582.742,0.379731,3.66827,0.942226
95,As1,58.2705,11,640.613,0.234515,2.79312,0.7448
95,As1,58.2705,12,699.829,0.170426,0.629049,0.849177
95,As1,58.2705,13,759.045,0.253289,3.27601,0.911536
95,As1,58.2705,14,816.916,0.158904,1.82368,0.605304
95,As1,58.2705,15,876.132,0.169249,2.58804,0.723016
95,As1,58.2705,16,935.349,0.171646,0.728716,0.687399
95,As1,58.2705,17,994.565,0.181833,0.949699,0.752324
95,As1,58.2705,18,1053.78,0.189912,0.84274,0.762967
95,As1,58.2705,19,1114.34,0.167556,0.903831,0.687857
95,As1,58.2705,20,1176.25,0.183554,0.978295,0.755944
95,As1,58.2705,22,1301.41,0.542074,-3.40535,0.920788
95,As1,58.2705,25,1514.05,2.03008,0.853407,0.998058
95,As1,58.2705,26,1575.96,1.82178,0.577254,0.998832
95,As1,58.2705,27,1633.83,1.6229,0.265121,0.998479
95,As1,58.2705,28,1693.05,1.61894,0.172138,0.999667
95,As1,58.2705,29,1752.26,1.74935,0.268049,0.990974
95,As1,58.2705,30,1837.05,0.342849,1.71449,0.909078
95,As1,58.2705,31,1898.96,0.375429,0.592823,0.892278
95,As1,58.2705,32,1960.87,0.393974,-0.179861,0.925752
95,As1,58.2705,33,2022.78,0.357629,0.101516,0.916422
95,As1,58.2705,34,2084.68,0.436512,-0.410422,0.914233
95,As1,58.2705,35,2149.28,0.450251,1.20479,0.94812
95,As1,58.2705,36,2224.65,1.29074,-3.01013,0.904517
95,As1,58.2705,37,2298.67,3.74596,-1.19631,0.867424
95,As1,58.2705,40,2523.42,0.55698,-1.89035,0.901314
95,As1,58.2705,41,2593.41,0.532663,0.0387065,0.900925
95,As1,58.2705,42,2656.66,0.523472,0.642474,0.916161
95,As1,58.2705,43,2722.6,0.610425,1.28244,0.955814
95,As1,58.2705,44,2787.2,0.598901,1.12851,0.964545
95,As1,58.2705,51,3116.93,0.674657,0.34013,0.957762
95,As1,58.2705,56,3184.22,0.760263,0.305447,0.959379
95,As1,58.2705,57,3836.95,1.3544,0.485431,0.960987
95,As1,58.2705,65,4600.03,2.2226,0.250166,0.937459
95,As1,58.2705,75,4980.9,1.77992,-0.355101,0.931277
95,As1,58.2705,80,6139.65,2.35079,-0.578642,0.94236
95,As1,58.2705,92,6906.77,4.32932,-1.05709,0.942287
95,B0,30.8677,1,30.954,0.223885,2.01665,0.987637
95,B0,30.8677,2,61.908,0.204682,3.88227,0.976496
95,B0,30.8677,3,91.5161,0.152505,4.56454,0.916576
95,B0,30.8677,4,122.47,0.116355,4.26397,0.778902
95,B0,30.8677,5,153.424,0.147968,4.17738,0.912522
95,B0,30.8677,6,184.378,0.106611,3.9147,0.707743
95,B0,30.8677,7,215.332,0.0894833,3.55057,0.623079
95,B0,30.8677,8,246.286,0.108318,1.48474,0.671269
95,B0,30.8677,9,277.24,0.129228,4.02203,0.856932
95,B0,30.8677,10,308.194,0.108319,3.36198,0.703478
95,B0,30.8677,11,339.148,0.104052,3.881,0.696481
95,B0,30.8677,12,371.448,0.106057,3.92015,0.694969
95,B0,30.8677,13,402.402,0.138599,4.11372,0.821585
95,B0,30.8677,14,433.356,0.13846,2.89493,0.840392
95,B0,30.8677,15,465.656,0.159126,2.21565,0.843918
95,B0,30.8677,16,497.955,0.168301,1.2345,0.941555
95,B0,30.8677,17,528.909,0.186971,2.16362,0.941134
95,B0,30.8677,18,562.555,0.178555,2.31131,0.93721
95,B0,30.8677,19,594.855,0.199263,3.09399,0.965361
95,B0,30.8677,20,627.155,0.197669,2.22301,0.949151
95,B0,30.8677,21,659.454,0.200053,3.5096,0.939517
95,B0,30.8677,22,693.1,0.21318,2.82296,0.947311
95,B0,30.8677,23,725.4,0.202674,3.20214,0.952552
95,B0,30.8677,24,759.045,0.214414,1.04717,0.967641
95,B0,30.8677,25,792.691,0.237937,0.979774,0.981581
95,B0,30.8677,26,826.337,0.265078,1.72516,0.989117
95,B0,30.8677,27,861.328,0.269447,3.13834,0.982572
95,B0,30.8677,28,896.32,0.274655,3.84504,0.988497
95,B0,30.8677,29,929.965,0.324522,3.65489,0.993275
95,B0,30.8677,30,964.957,0.339684,3.39821,0.997964
95,B0,30.8677,31,999.948,0.356458,2.24212,0.990796
95,B0,30.8677,32,1036.29,0.357952,1.21702,0.988315
95,B0,30.8677,33,1071.28,0.4356,-0.0532959,0.994935
95,B0,30.8677,34,1108.96,0.450077,1.76387,0.995787
95,B0,30.8677,35,1143.95,0.508276,3.58635,0.995494
95,B0,30.8677,36,1181.63,0.475102,3.63483,0.989269
95,B0,30.8677,37,1217.97,0.523023,3.38555,0.990476
95,B0,30.8677,38,1255.65,0.589608,2.38997,0.99017
95,B0,30.8677,39,1294.68,0.641469,3.48167,0.999432
95,B0,30.8677,40,1331.02,0.63644,0.44103,0.973778
95,B0,30.8677,41,1371.4,0.825803,1.71449,0.95151
95,B0,30.8677,42,1410.42,0.666818,2.18216,0.980853
95,B0,30.8677,43,1449.45,0.700691,2.81092,0.99253
95,B0,30.8677,44,1489.83,0.696675,2.03171,0.99256
95,B0,30.8677,45,1528.86,0.749651,2.38565,0.983041
95,B0,30.8677,46,1569.23,0.835486,2.48811,0.979898
95,B0,30.8677,47,1609.61,0.868411,2.42557,0.996735
95,B0,30.8677,48,1651.33,0.874084,2.17431,0.980737
95,B0,30.8677,49,1694.39,0.890746,0.44478,0.987774
95,B0,30.8677,50,1734.77,0.87838,0.586306,0.935268
95,B0,30.8677,51,1777.84,1.08266,1.28376,0.978546
95,B0,30.8677,52,1820.9,1.31662,2.17741,0.999723
95,B0,30.8677,53,1863.97,1.09993,2.87874,0.982881
95,B0,30.8677,54,1907.03,1.25457,3.302,0.990828
95,B0,30.8677,55,1950.1,1.34178,2.00845,0.993671
95,B0,30.8677,63,2289.25,1.22521,-1.3644,0.968233
95,B0,30.8677,64,2349.81,3.91196,1.0804,0.99565
95,B0,30.8677,65,2399.61,1.40516,-0.280445,0.999195
95,B0,30.8677,66,2437.29,1.38731,-1.09763,0.994169
95,B0,30.8677,68,2550.34,1.3114,-2.18274,0.975797
95,B0,30.8677,69,2588.02,1.52581,-0.535271,0.997271
95,B0,30.8677,70,2624.36,2.18213,0.986099,0.905715
95,B0,30.8677,71,2674.15,2.00757,1.06106,0.995424
95,B0,30.8677,72,2726.64,1.91762,1.52294,0.995234
95,B0,30.8677,73,2777.78,1.99823,0.176407,0.975577
95,B0,30.8677,74,2832.96,2.18881,-0.565357,0.997938
95,B0,30.8677,75,2885.45,2.57463,-0.0395864,0.988941
95,B0,30.8677,76,2939.28,1.93533,-1.62428,0.934749
95,B0,30.8677,77,2994.46,2.74259,-0.402945,0.988177
95,B0,30.8677,78,3289.2,2.62999,1.3616,0.98133
95,B0,30.8677,93,3509.91,0.896194,-4.31365,0.782143
95,C5,523.251,1,523.526,0.784003,4.12264,0.882402
95,C5,523.251,2,1048.4,0.608685,2.37246,0.637028
95,C5,523.251,3,1577.31,0.500714,1.71057,0.512516
95,C5,523.251,4,2110.25,0.656099,1.71831,0.871031
95,C5,523.251,5,2649.93,0.721912,0.373975,0.871222
95,C5,523.251,6,3199.03,0.967368,0.955276,0.883742
95,C5,523.251,8,4910.92,2.80929,-0.171823,0.945751
95,C5,523.251,11,5507.12,4.8893,-0.583016,0.921651
95,C5,523.251,12,6122.16,7.40758,-0.760825,0.878324
95,C5,523.251,13,7403.38,10.8122,-1.38061,0.949022
95,C5,523.251,16,8072.26,11.9781,-3.19078,0.95056
95,C5,523.251,17,8761.32,6.33801,-6.64539,0.728469
95,Ds3,155.563,1,154.77,0.227767,3.42988,0.673416
95,Ds3,155.563,2,310.886,0.393016,4.27314,0.838455
95,Ds3,155.563,3,467.001,0.258589,2.61642,0.667683
95,Ds3,155.563,4,621.771,0.282163,1.86672,0.692964
95,Ds3,155.563,5,777.887,0.278738,2.61545,0.726644
95,Ds3,155.563,6,935.349,0.22611,0.747528,0.666531
95,Ds3,155.563,8,1248.93,0.28606,0.435702,0.897113
95,Ds3,155.563,9,1406.39,0.422972,1.45966,0.745766
95,Ds3,155.563,10,1565.19,0.272667,2.38176,0.633231
95,Ds3,155.563,11,1725.35,0.247103,0.472626,0.684493
95,Ds3,155.563,12,1888.19,0.28111,0.478174,0.686467
95,Ds3,155.563,19,3196.33,0.332276,-0.58091,0.795063
95,Ds3,155.563,23,3365.91,0.539687,-1.04924,0.751942
95,Ds3,155.563,24,3535.48,0.584843,-0.686955,0.901096
95,Ds3,155.563,25,3881.36,0.380398,-1.6063,0.73916
95,Ds3,155.563,28,4955.33,0.782555,-0.535665,0.866822
95,Ds3,155.563,34,5139.71,0.966867,-0.720107,0.857575
95,Ds3,155.563,35,5326.78,0.876386,-1.09993,0.831579
95,Ds3,155.563,36,6489.57,1.44026,-1.15104,0.855018
95,Ds3,155.563,42,6691.44,2.80143,-1.2189,0.859038
95,Ds3,155.563,43,6922.92,2.8706,-1.49438,0.87484
95,Ds3,155.563,44,7947.1,2.55614,-2.5745,0.657663
95,Ds3,155.563,48,9288.89,6.55682,-1.59872,0.926601
95,D4,293.665,1,293.39,0.411502,3.21939,0.663932
95,D4,293.665,2,586.78,0.445694,2.68091,0.903276
95,D4,293.665,3,881.516,0.475225,2.35724,0.717514
95,D4,293.665,5,1475.02,0.398823,1.35632,0.845862
95,D4,293.665,6,1773.8,0.466126,1.33424,0.858807
95,D4,293.665,7,2075.26,0.461049,0.271456,0.86839
95,D4,293.665,8,2379.42,0.514214,0.654798,0.727244
95,D4,293.665,9,2687.61,0.452408,-1.87346,0.883744
95,D4,293.665,10,3310.73,0.686723,-0.0165999,0.930132
95,D4,293.665,13,3628.34,0.7296,-0.90336,0.893242
95,D4,293.665,14,3950,1.07239,-0.060099,0.963396
95,D4,293.665,15,4278.38,1.12199,-0.604285,0.929663
95,D4,293.665,17,5988.92,2.68,-0.766878,0.935768
95,D4,293.665,22,6719.71,4.1352,-1.27637,0.883838
95,D4,293.665,24,7474.71,7.40138,-0.996195,0.928613
95,D4,293.665,26,7863.66,7.40978,-2.16352,0.918318
95,E1,41.2034,1,40.3748,0.175862,3.01566,0.96713
95,E1,41.2034,2,82.0953,0.144217,5.63375,0.910213
95,E1,41.2034,3,122.47,0.117595,4.93413,0.798114
95,E1,41.2034,4,164.191,0.129098,3.64554,0.877425
95,E1,41.2034,5,205.911,0.102997,5.09749,0.705953
95,E1,41.2034,6,246.286,0.110673,4.45936,0.766337
95,E1,41.2034,8,328.381,0.0968518,2.18412,0.700475
95,E1,41.2034,9,370.102,0.150207,4.00119,0.923091
95,E1,41.2034,10,411.823,0.133816,3.90361,0.837775
95,E1,41.2034,11,453.543,0.157038,4.03077,0.896487
95,E1,41.2034,12,495.264,0.160844,2.91026,0.914629
95,E1,41.2034,13,536.984,0.187103,3.12772,0.945708
95,E1,41.2034,14,578.705,0.186614,3.28033,0.955731
95,E1,41.2034,15,620.425,0.186367,2.13123,0.914502
95,E1,41.2034,16,662.146,0.177631,1.70287,0.873341
95,E1,41.2034,17,705.212,0.219167,1.21565,0.96815
95,E1,41.2034,18,746.933,0.190127,3.26503,0.938039
95,E1,41.2034,19,789.999,0.236774,2.62488,0.980669
95,E1,41.2034,20,833.066,0.259224,1.55628,0.991438
95,E1,41.2034,21,874.786,0.267191,2.86103,0.983489
95,E1,41.2034,22,917.853,0.299253,3.868,0.994821
95,E1,41.2034,23,962.265,0.30425,3.29435,0.99383
95,E1,41.2034,24,1005.33,0.33172,1.20396,0.983585
95,E1,41.2034,25,1049.74,0.345796,2.08898,0.985173
95,E1,41.2034,26,1094.16,0.361522,1.52604,0.993845
95,E1,41.2034,27,1156.06,1.75748,5.53259,0.990245
95,E1,41.2034,28,1196.44,0.643176,-1.46831,0.881549
95,E1,41.2034,29,1238.16,0.43654,-2.32439,0.888225
95,E1,41.2034,30,1278.53,0.572688,-1.71957,0.882835
95,E1,41.2034,33,1442.72,1.20968,-0.749219,0.95987
95,E1,41.2034,34,1484.45,1.22129,-1.01937,0.917468
95,E1,41.2034,35,1524.82,0.785357,-1.93914,0.913962
95,E1,41.2034,36,1588.07,0.600757,3.41694,0.995843
95,E1,41.2034,37,1637.87,0.652159,3.23354,0.987723
95,E1,41.2034,38,1687.66,0.643858,2.06369,0.983337
95,E1,41.2034,39,1733.42,0.741614,0.850964,0.945233
95,E1,41.2034,40,1783.22,0.802064,1.23274,0.939865
95,E1,41.2034,41,1831.67,0.743054,2.37486,0.976795
95,E1,41.2034,42,1880.12,0.842423,2.2991,0.996435
95,E1,41.2034,43,1929.91,0.809676,2.88532,0.984795
95,E1,41.2034,44,1979.71,0.884359,2.36945,0.990717
95,E1,41.2034,45,2028.16,0.882528,1.6146,0.967099
95,E1,41.2034,46,2079.3,0.933027,0.122082,0.983908
95,E1,41.2034,47,2130.44,1.00505,0.777921,0.99407
95,E1,41.2034,48,2181.58,1.04351,1.27206,0.995549
95,E1,41.2034,50,2310.78,2.75219,3.62621,0.990501
95,E1,41.2034,51,2363.27,1.33012,-0.65802,0.997659
95,E1,41.2034,55,2586.68,1.19065,-0.355171,0.997419
95,E1,41.2034,56,2632.43,1.17991,-0.0976626,0.998951
95,E1,41.2034,57,2713.18,1.32455,-0.0904299,0.985321
95,E1,41.2034,58,2768.36,1.44176,0.306944,0.979448
95,E1,41.2034,59,2826.23,1.45228,0.473424,0.985835
95,E1,41.2034,60,2888.14,2.53841,2.31708,0.971697
95,E1,41.2034,61,2937.94,1.38155,0.501426,0.97007
95,E1,41.2034,69,3466.85,2.09734,1.13497,0.914442
95,E1,41.2034,79,4044.2,2.34827,0.892033,0.922525
95,E1,41.2034,88,4955.33,2.56132,-1.983,0.872481
95,D6,1174.66,1,1176.25,0.815051,1.49506,0.692222
95,D6,1174.66,2,2367.31,1.37584,1.03373,0.954926
95,D6,1174.66,3,3581.24,2.15587,-0.737403,0.901021
95,D6,1174.66,4,4835.55,4.33956,-1.76855,0.846824
95,D6,1174.66,5,6145.04,8.70831,-1.27341,0.928795
95,D6,1174.66,6,7513.74,5.98219,-6.83069,0.70526
95,D6,1174.66,8,8953.78,3.87732,-9.44421,0.566776
95,E3,164.814,1,164.191,0.331815,3.5231,0.9135
95,E3,164.814,2,329.727,0.330979,3.62849,0.768188
95,E3,164.814,3,493.918,0.624895,3.61149,0.960161
95,E3,164.814,4,659.454,0.322235,2.08745,0.746245
95,E3,164.814,5,824.991,0.265768,2.66143,0.808137
95,E3,164.814,6,990.527,0.396048,-0.153452,0.702959
95,E3,164.814,8,1324.29,0.384384,-0.79525,0.72412
95,E3,164.814,9,1491.17,0.338268,1.89896,0.891801
95,E3,164.814,11,1828.98,0.279147,-1.30514,0.724776
95,E3,164.814,12,2001.24,0.390877,0.594512,0.907562
95,E3,164.814,18,2688.96,0.351,-0.595077,0.827223
95,E3,164.814,19,3219.21,0.404117,-0.81435,0.869458
95,E3,164.814,22,3398.21,0.604536,-1.33825,0.844083
95,E3,164.814,23,3945.96,0.468453,-0.41247,0.934624
95,E3,164.814,27,4131.68,0.473129,-1.64773,0.888374
95,E3,164.814,28,5486.93,1.05265,-1.24313,0.870852
95,E3,164.814,35,5688.8,1.35224,-2.10912,0.809323
95,E3,164.814,36,6099.28,2.08327,-1.57708,0.765841
95,E3,164.814,38,7389.93,3.79967,-1.34204,0.815238
95,E3,164.814,44,9017.03,4.15171,-4.82259,0.769445
95,Ds1,38.8909,1,39.0289,0.172842,2.03383,0.932758
95,Ds1,38.8909,2,78.0579,0.1385,4.19693,0.896037
95,Ds1,38.8909,3,115.741,0.143556,5.41681,0.910733
95,Ds1,38.8909,4,154.77,0.110154,4.38424,0.754275
95,Ds1,38.8909,5,193.799,0.130917,4.62991,0.866311
95,Ds1,38.8909,6,232.828,0.110111,2.59012,0.829408
95,Ds1,38.8909,7,271.857,0.134937,3.92888,0.896604
95,Ds1,38.8909,8,310.886,0.100112,2.2359,0.663143
95,Ds1,38.8909,9,349.915,0.114201,3.79581,0.777596
95,Ds1,38.8909,10,388.943,0.145553,4.82093,0.920188
95,Ds1,38.8909,11,427.972,0.172384,4.46952,0.948467
95,Ds1,38.8909,12,467.001,0.195254,3.67562,0.960347
95,Ds1,38.8909,13,506.03,0.186726,4.02026,0.956358
95,Ds1,38.8909,14,545.059,0.206447,3.69828,0.973678
95,Ds1,38.8909,15,585.434,0.213004,3.09567,0.977054
95,Ds1,38.8909,16,624.463,0.183851,1.34106,0.90997
95,Ds1,38.8909,17,664.838,0.184271,1.72279,0.888434
95,Ds1,38.8909,18,705.212,0.195131,1.79548,0.950125
95,Ds1,38.8909,19,745.587,0.206422,3.19062,0.960756
95,Ds1,38.8909,20,784.616,0.21999,2.90525,0.972974
95,Ds1,38.8909,21,824.991,0.220242,2.84544,0.968417
95,Ds1,38.8909,22,866.711,0.266154,3.687,0.982873
95,Ds1,38.8909,23,907.086,0.28948,4.47258,0.994086
95,Ds1,38.8909,24,947.461,0.293154,1.88783,0.9927
95,Ds1,38.8909,25,990.527,0.317,1.60002,0.990125
95,Ds1,38.8909,26,1032.25,0.357519,1.96318,0.987597
95,Ds1,38.8909,27,1099.54,2.65639,3.83799,0.974354
95,Ds1,38.8909,34,1409.08,0.518654,1.89123,0.973476
95,Ds1,38.8909,35,1454.84,0.553404,2.65761,0.988704
95,Ds1,38.8909,36,1500.6,0.55812,3.30396,0.992607
95,Ds1,38.8909,37,1545.01,0.615946,3.03866,0.985956
95,Ds1,38.8909,38,1589.42,0.59669,3.21718,0.991184
95,Ds1,38.8909,39,1633.83,0.732179,2.12005,0.99994
95,Ds1,38.8909,40,1679.59,0.671793,1.95202,0.984801
95,Ds1,38.8909,41,1724,0.738302,2.07288,0.980066
95,Ds1,38.8909,42,1769.76,0.65315,0.731373,0.946261
95,Ds1,38.8909,43,1816.86,0.854699,2.0297,0.971423
95,Ds1,38.8909,44,1862.62,0.867339,2.86374,0.983979
95,Ds1,38.8909,45,1909.73,0.792394,2.18827,0.980761
95,Ds1,38.8909,46,1958.18,0.947102,1.19594,0.990956
95,Ds1,38.8909,50,2185.62,1.02619,-1.67882,0.965587
95,Ds1,38.8909,51,2227.34,1.25014,-0.596439,0.989327
95,Ds1,38.8909,52,2269.06,1.22503,-0.196551,0.998798
95,Ds1,38.8909,53,2345.77,1.26534,2.19789,0.999877
95,Ds1,38.8909,54,2396.91,1.28052,1.51528,0.99933
95,Ds1,38.8909,55,2448.06,1.23768,-0.0212582,0.984378
95,Ds1,38.8909,56,2500.54,1.27699,-0.277132,0.995122
95,Ds1,38.8909,57,2550.34,1.24213,-0.632847,0.987119
95,Ds1,38.8909,58,2602.83,1.30054,-0.171089,0.968107
95,Ds1,38.8909,59,2655.31,1.41521,1.23916,0.987913
95,Ds1,38.8909,60,2707.8,1.30341,-0.483896,0.974574
95,Ds1,38.8909,65,3306.69,2.05212,2.129,0.994412
95,Ds1,38.8909,79,3376.68,1.72711,0.398011,0.975279
95,Ds1,38.8909,80,3493.76,1.12204,-2.23942,0.869459
95,Ds1,38.8909,82,3853.1,1.02667,-3.66103,0.799812
95,Ds1,38.8909,88,4953.98,1.62168,-3.34741,0.791267
95,B2,123.471,1,123.816,0.228286,3.1804,0.892074
95,B2,123.471,2,246.286,0.228185,3.36716,0.842245
95,B2,123.471,3,370.102,0.412958,2.90874,0.822717
95,B2,123.471,4,493.918,0.241057,2.69281,0.885414
95,B2,123.471,5,617.734,0.188067,1.57211,0.791566
95,B2,123.471,6,741.55,0.259406,2.93991,0.822688
95,B2,123.471,7,865.366,0.78397,4.06591,0.980597
95,B2,123.471,8,990.527,0.188745,-0.0760123,0.771146
95,B2,123.471,9,1114.34,0.26251,1.76293,0.800334
95,B2,123.471,10,1239.51,0.99671,3.774,0.967082
95,B2,123.471,11,1366.01,0.174167,0.245306,0.732251
95,B2,123.471,21,2730.68,3.74763,-0.611036,0.99231
95,B2,123.471,23,2915.06,0.344425,-0.124385,0.901412
95,B2,123.471,26,3184.22,0.369854,-0.360692,0.915715
95,B2,123.471,28,3320.15,0.376086,-0.479883,0.909571
95,B2,123.471,29,4013.25,0.624239,0.0125085,0.907948
95,B2,123.471,34,5033.39,0.998075,-0.403064,0.924746
95,B2,123.471,41,5184.12,1.08592,-1.11269,0.896772
95,B2,123.471,42,5334.85,1.1059,-0.72121,0.911032
95,B2,123.471,43,5957.97,1.47388,-0.981301,0.887316
95,B2,123.471,46,6118.12,1.38054,-1.65477,0.836466
95,B2,123.471,47,7274.19,2.43659,-1.62525,0.870749
95,B2,123.471,54,8332,3.17146,-5.23003,0.785357
95,B2,123.471,59,8700.76,2.30672,-6.68314,0.705437
95,C7,2093,1,2104.87,1.93786,1.51972,0.947235
95,C7,2093,2,4271.65,4.05363,-0.786251,0.954515
95,C7,2093,3,6560.9,15.0461,-1.72266,0.958685
95,C7,2093,4,9022.41,25.6994,-4.60354,0.93899
95,As3,233.082,1,232.828,0.347842,1.33446,0.906919
95,As3,233.082,2,465.656,0.359319,3.06588,0.835743
95,As3,233.082,4,934.003,0.35964,1.43865,0.72992
95,As3,233.082,5,1168.18,0.288094,1.87929,0.78135
95,As3,233.082,6,1405.04,0.47808,1.70435,0.819087
95,As3,233.082,7,1641.91,0.364965,1.46936,0.620298
95,As3,233.082,8,1885.5,0.425642,-1.17479,0.913558
95,As3,233.082,13,3102.13,0.487295,-0.151695,0.918805
95,As3,233.082,15,3352.45,0.593969,-0.464143,0.928574
95,As3,233.082,16,3605.47,0.663359,-0.0598137,0.914993
95,As3,233.082,17,3863.86,0.766151,-1.31924,0.855969
95,As3,233.082,18,4387.39,1.05841,-1.17216,0.878474
95,As3,233.082,21,4923.03,1.27043,-0.748221,0.923496
95,As3,233.082,23,5197.58,1.51951,-0.943399,0.882921
95,As3,233.082,24,5474.82,1.80026,-1.44016,0.878615
95,As3,233.082,25,6042.75,2.19616,-1.19406,0.861113
95,As3,233.082,27,7231.12,3.70727,-1.57909,0.881774
95,As3,233.082,30,7852.89,6.74729,-1.20333,0.920794
95,As3,233.082,32,8175.89,7.10206,-1.47041,0.920967
95,As3,233.082,33,8829.96,6.29501,-3.64772,0.87426
95,E4,329.628,1,329.727,0.528763,4.67859,0.960798
95,E4,329.628,2,659.454,0.280849,2.46733,0.661802
95,E4,329.628,3,990.527,0.375394,1.53941,0.755729
95,E4,329.628,4,1322.95,0.383047,1.72464,0.81731
95,E4,329.628,5,1658.06,0.391203,1.04687,0.800123
95,E4,329.628,6,1994.51,0.331339,-0.101094,0.73521
95,E4,329.628,7,2335.01,0.611773,0.569131,0.775002
95,E4,329.628,8,2678.19,0.434366,-0.0580375,0.753526
95,E4,329.628,10,3025.42,0.608444,-0.086506,0.864263
95,E4,329.628,11,4096.69,1.1225,-0.427741,0.937839
95,E4,329.628,14,5219.11,2.16945,-0.390465,0.917207
95,E4,329.628,18,5606.71,2.84174,-0.792451,0.896911
95,E4,329.628,19,6813.91,4.6422,-1.19924,0.89491
95,D1,36.7081,1,36.3373,0.179593,2.00352,0.967974
95,D1,36.7081,2,72.6746,0.165336,4.60299,0.937862
95,D1,36.7081,3,109.012,0.126779,5.32511,0.82906
95,D1,36.7081,4,146.695,0.138418,5.50033,0.913341
95,D1,36.7081,5,183.032,0.132812,4.43474,0.863409
95,D1,36.7081,6,219.37,0.107579,3.68868,0.737103
95,D1,36.7081,7,255.707,0.12538,4.5582,0.869016
95,D1,36.7081,8,292.044,0.133637,1.86548,0.890467
95,D1,36.7081,9,329.727,0.0999104,4.025,0.652976
95,D1,36.7081,10,366.064,0.101713,3.02431,0.662649
95,D1,36.7081,11,403.748,0.112518,3.755,0.749436
95,D1,36.7081,12,440.085,0.13057,3.58084,0.792276
95,D1,36.7081,13,477.768,0.186625,2.83229,0.94293
95,D1,36.7081,14,515.451,0.171023,2.6535,0.934878
95,D1,36.7081,15,551.788,0.168666,2.26659,0.919958
95,D1,36.7081,16,589.471,0.173605,1.72306,0.932638
95,D1,36.7081,17,627.155,0.19673,1.53232,0.946508
95,D1,36.7081,18,664.838,0.204051,2.6263,0.946606
95,D1,36.7081,19,702.521,0.207096,1.47097,0.943891
95,D1,36.7081,20,740.204,0.189027,3.08987,0.934294
95,D1,36.7081,21,777.887,0.222478,3.81893,0.978724
95,D1,36.7081,22,816.916,0.220787,3.39947,0.976076
95,D1,36.7081,23,854.599,0.22793,3.61302,0.95106
95,D1,36.7081,24,893.628,0.275063,1.80044,0.988848
95,D1,36.7081,25,934.003,0.29481,1.96614,0.992867
95,D1,36.7081,26,974.377,0.319599,2.04171,0.995346
95,D1,36.7081,27,1028.21,1.68906,0.504823,0.89647
95,D1,36.7081,28,1073.97,0.391721,-1.85314,0.954798
95,D1,36.7081,29,1110.31,0.361049,-2.10623,0.961962
95,D1,36.7081,33,1287.95,0.491991,1.4601,0.990953
95,D1,36.7081,34,1331.02,0.487527,1.47906,0.972806
95,D1,36.7081,35,1371.4,0.618923,2.15337,0.94719
95,D1,36.7081,36,1413.12,0.540253,3.07447,0.977377
95,D1,36.7081,37,1454.84,0.569941,2.10955,0.988367
95,D1,36.7081,38,1496.56,0.557475,2.26897,0.991493
95,D1,36.7081,39,1543.66,3.28275,2.90583,0.961459
95,D1,36.7081,40,1581.34,0.641421,2.23617,0.985256
95,D1,36.7081,41,1624.41,0.657485,2.11134,0.984884
95,D1,36.7081,42,1667.48,0.66962,1.85791,0.987795
95,D1,36.7081,43,1710.54,0.705815,1.81054,0.976291
95,D1,36.7081,44,1753.61,0.77095,2.09743,0.964931
95,D1,36.7081,45,1799.37,0.779521,1.65675,0.970775
95,D1,36.7081,50,2057.77,2.87086,2.48648,0.980099
95,D1,36.7081,51,2112.95,0.997793,2.15168,0.990012
95,D1,36.7081,52,2160.05,1.12021,2.40297,0.986215
95,D1,36.7081,53,2207.15,1.01766,1.92337,0.992446
95,D1,36.7081,54,2254.26,1.16816,1.59516,0.959316
95,D1,36.7081,55,2301.36,1.13353,-0.0382176,0.973279
95,D1,36.7081,56,2348.46,1.10866,0.20113,0.991191
95,D1,36.7081,57,2398.26,1.17224,0.571493,0.982801
95,D1,36.7081,58,2448.06,1.19546,-0.0488295,0.988684
95,D1,36.7081,60,2570.53,1.4153,2.0957,0.989924
95,D1,36.7081,63,2746.83,1.45432,-1.40916,0.974613
95,D1,36.7081,65,2850.46,1.48606,0.148034,0.990813
95,D1,36.7081,66,2902.94,1.4137,-0.6864,0.970808
95,D1,36.7081,67,2955.43,1.81267,0.0605571,0.994095
95,D1,36.7081,69,3084.63,2.02259,2.13591,0.98894
95,D1,36.7081,79,3170.76,1.61846,0.160189,0.935003
95,D1,36.7081,80,3505.87,1.00059,-3.23405,0.80389
95,D1,36.7081,86,3597.39,0.925773,-4.18321,0.768217
95,D1,36.7081,88,4625.6,2.13622,-0.734032,0.925283
95,As4,466.164,1,465.656,0.522075,2.87943,0.79839
95,As4,466.164,2,934.003,0.380358,2.28805,0.548021
95,As4,466.164,3,1403.7,0.367183,1.02851,0.618094
95,As4,466.164,4,1877.43,0.509499,1.92613,0.93539
95,As4,466.164,5,2356.54,0.533677,1.0182,0.898216
95,As4,466.164,6,2841.04,0.630153,0.370808,0.882329
95,As4,466.164,8,3332.26,1.05647,0.573451,0.96104
95,As4,466.164,9,3832.91,1.50175,-0.439445,0.928465
95,As4,466.164,10,5396.76,3.68117,0.0632383,0.942028
95,As4,466.164,13,5944.51,4.98251,-0.802739,0.886084
95,As4,466.164,14,6507.06,7.91222,-0.824791,0.885498
95,As4,466.164,15,7081.73,8.31447,-2.62331,0.9287
95,As4,466.164,17,8278.17,4.84521,-6.36773,0.698844
95,As4,466.164,19,8901.29,3.78155,-7.59463,0.691407
95,B5,987.767,1,987.836,0.968042,2.68435,0.917685
95,B5,987.767,2,1986.44,0.919922,1.21525,0.910508
95,B5,987.767,3,2999.84,1.43423,-0.03162,0.925983
95,B5,987.767,4,4040.17,2.77583,0.0186553,0.929672
95,B5,987.767,5,5114.14,5.37514,-0.21065,0.912203
95,B5,987.767,6,6228.48,8.68462,-1.15669,0.914336
95,B5,987.767,8,7389.93,13.4065,-0.989666,0.912324
95,B5,987.767,9,8605.21,3.86463,-8.62609,0.605524
95,Ds6,1244.51,1,1247.58,1.07,2.43306,0.798605
95,Ds6,1244.51,2,2509.96,1.13794,-1.50746,0.815732
95,Ds6,1244.51,3,3800.61,2.52055,-2.03196,0.898989
95,Ds6,1244.51,4,5137.01,6.09472,-0.584884,0.914098
95,Ds6,1244.51,5,6536.67,10.3218,-0.957801,0.924172
95,Ds6,1244.51,7,8003.62,12.6002,-4.41796,0.876941
95,C8,4186.01,2,8719.6,34.3439,-3.57807,0.979844
95,E5,659.255,1,659.454,0.597098,3.26662,0.685999
95,E5,659.255,2,1321.6,0.66503,1.82963,0.771883
95,E5,659.255,3,1990.48,0.643799,1.20592,0.783537
95,E5,659.255,4,2668.77,0.72285,0.523617,0.803625
95,E5,659.255,5,3359.18,1.52043,0.203918,0.943657
95,E5,659.255,6,4063.05,2.13842,-0.0732153,0.951305
95,E5,659.255,8,4784.41,3.76854,-0.643833,0.931198
95,E5,659.255,9,5530,5.29766,-0.358922,0.928334
95,E5,659.255,10,6297.12,8.25378,-2.28308,0.90078
95,E5,659.255,11,7087.12,5.10685,-6.1455,0.689888
95,E5,659.255,12,8757.28,3.70185,-8.05618,0.571127
95,Ds7,2489.02,1,2504.58,2.58775,-1.07369,0.911387
95,Ds7,2489.02,2,5091.26,11.4926,-1.59209,0.941586
95,Ds7,2489.02,3,7828.67,19.2656,-5.22851,0.886861
95,B4,493.883,1,493.918,0.456896,3.44015,0.84752
95,B4,493.883,2,989.182,0.44535,2.09747,0.767514
95,B4,493.883,3,1487.14,0.322293,1.13195,0.657138
95,B4,493.883,4,1990.48,0.579671,1.7467,0.822467
95,B4,493.883,5,2499.2,0.605549,0.974554,0.896249
95,B4,493.883,6,3014.65,0.896945,0.726012,0.934978
95,B4,493.883,8,3538.17,1.21869,0.856542,0.960648
95,B4,493.883,9,4073.81,1.66689,0.319251,0.953324
95,B4,493.883,10,5174.7,3.78723,-0.0858345,0.944365
95,B4,493.883,12,5748.02,4.83658,-1.44082,0.859185
95,B4,493.883,13,6333.45,7.8506,-0.996195,0.888064
95,B4,493.883,14,8196.08,13.1536,-1.36795,0.923409
95,B4,493.883,18,8851.49,3.18385,-8.52738,0.581206
95,C1,32.7032,1,32.2998,0.210171,1.83201,0.976776
95,C1,32.7032,2,64.5996,0.183621,4.46727,0.963921
95,C1,32.7032,3,96.8994,0.140728,4.4554,0.881341
95,C1,32.7032,4,130.545,0.145156,5.00191,0.925942
95,C1,32.7032,5,162.845,0.14449,3.3139,0.898742
95,C1,32.7032,6,195.145,0.114612,4.45894,0.751075
95,C1,32.7032,7,227.444,0.108432,2.49048,0.775467
95,C1,32.7032,8,261.09,0.0913513,1.02771,0.603526
95,C1,32.7032,9,293.39,0.134371,4.07522,0.876972
95,C1,32.7032,10,327.036,0.138102,4.7937,0.904966
95,C1,32.7032,11,359.335,0.0982232,2.86393,0.67708
95,C1,32.7032,12,392.981,0.104985,3.86988,0.721312
95,C1,32.7032,13,425.281,0.125554,3.76561,0.802006
95,C1,32.7032,14,458.926,0.150973,3.63493,0.854187
95,C1,32.7032,15,492.572,0.168405,1.99323,0.91727
95,C1,32.7032,16,526.218,0.156873,1.50894,0.877898
95,C1,32.7032,17,559.863,0.162144,1.98706,0.900954
95,C1,32.7032,18,593.509,0.186401,2.65934,0.954573
95,C1,32.7032,19,627.155,0.177268,2.64739,0.894716
95,C1,32.7032,20,660.8,0.188265,2.47781,0.90782
95,C1,32.7032,21,695.792,0.20119,2.29076,0.947566
95,C1,32.7032,22,729.437,0.199866,3.98857,0.956231
95,C1,32.7032,23,764.429,0.209935,3.41591,0.959603
95,C1,32.7032,24,799.42,0.214413,0.615285,0.968326
95,C1,32.7032,25,834.412,0.223379,0.395802,0.969321
95,C1,32.7032,26,869.403,0.237013,2.34672,0.967114
95,C1,32.7032,27,905.74,0.259678,3.33203,0.984027
95,C1,32.7032,28,940.732,0.287917,3.74123,0.989837
95,C1,32.7032,29,977.069,0.297256,3.48755,0.988825
95,C1,32.7032,30,1013.41,0.31097,2.81959,0.98568
95,C1,32.7032,31,1049.74,0.34341,2.57373,0.989894
95,C1,32.7032,32,1086.08,0.370358,1.94313,0.99644
95,C1,32.7032,33,1123.76,0.422514,-0.455363,0.983989
95,C1,32.7032,34,1162.79,0.417412,2.26318,0.97689
95,C1,32.7032,35,1200.48,0.432488,2.90014,0.973038
95,C1,32.7032,36,1254.31,0.431087,-1.97381,0.869688
95,C1,32.7032,37,1287.95,0.509931,-1.88118,0.913762
95,C1,32.7032,38,1322.95,0.574592,-2.38058,0.943991
95,C1,32.7032,39,1356.59,0.71014,-1.96997,0.953784
95,C1,32.7032,41,1460.22,0.96119,1.12724,0.998503
95,C1,32.7032,42,1495.21,0.984611,0.2417,0.997007
95,C1,32.7032,43,1528.86,0.920512,-0.598131,0.989372
95,C1,32.7032,45,1625.76,0.711584,2.27998,0.981655
95,C1,32.7032,46,1667.48,0.684013,1.6009,0.991786
95,C1,32.7032,47,1710.54,0.741436,1.74797,0.983108
95,C1,32.7032,48,1753.61,0.768931,0.162253,0.955098
95,C1,32.7032,49,1795.33,0.936734,1.32944,0.999031
95,C1,32.7032,50,1838.4,0.978224,1.11948,0.99459
95,C1,32.7032,51,1880.12,0.902106,1.5672,0.990506
95,C1,32.7032,52,1925.88,0.934042,3.12772,0.990154
95,C1,32.7032,53,1967.6,0.965434,1.47247,0.986485
95,C1,32.7032,54,2012.01,1.02603,1.38927,0.992126
95,C1,32.7032,55,2056.42,1.02453,1.63282,0.980453
95,C1,32.7032,56,2102.18,1.03003,-0.0525704,0.98554
95,C1,32.7032,57,2147.94,1.07128,1.05561,0.985257
95,C1,32.7032,58,2192.35,1.14558,2.1305,0.999925
95,C1,32.7032,59,2239.45,1.09097,1.16351,0.963446
95,C1,32.7032,60,2285.21,1.05391,0.635846,0.970746
95,C1,32.7032,61,2333.66,1.17657,0.832177,0.982339
95,C1,32.7032,62,2379.42,1.25137,1.23852,0.998088
95,C1,32.7032,63,2427.87,1.12593,0.373485,0.991319
95,C1,32.7032,64,2476.32,1.11879,1.08264,0.992854
95,C1,32.7032,65,2524.77,1.12622,-1.27506,0.966059
95,C1,32.7032,66,2573.22,1.21582,-0.845411,0.955766
95,C1,32.7032,67,2624.36,1.27618,-0.219261,0.980805
95,C1,32.7032,68,2675.5,1.36777,0.561939,0.991953
95,C1,32.7032,71,2855.84,1.82626,2.13042,0.997675
95,C1,32.7032,81,2931.21,1.76944,0.243222,0.986853
95,C1,32.7032,82,3145.19,0.871278,-2.60621,0.802377
95,C1,32.7032,86,3536.83,0.801125,-4.26075,0.732367
95,C1,32.7032,87,4282.42,1.74735,-2.41095,0.787022
95,As5,932.328,1,934.003,0.663591,2.59245,0.822849
95,As5,932.328,2,1874.73,0.970914,0.946939,0.920344
95,As5,932.328,3,2828.92,1.56348,-0.0843578,0.977001
95,As5,932.328,4,3804.65,2.33803,-1.24809,0.900158
95,As5,932.328,5,4814.02,5.31359,-0.440172,0.967427
95,As5,932.328,6,5855.69,6.86046,-0.854385,0.912482
95,As5,932.328,8,6939.07,11.8837,-1.43391,0.949794
95,As5,932.328,9,8068.22,7.42353,-5.90589,0.775284
95,As5,932.328,10,9251.2,4.97861,-7.97717,0.640037
95,E2,82.4069,1,82.0953,0.203737,3.02541,0.735228
95,E2,82.4069,2,164.191,0.233679,2.08974,0.789093
95,E2,82.4069,3,246.286,0.372699,3.70544,0.902215
95,E2,82.4069,4,329.727,0.244052,2.81294,0.721624
95,E2,82.4069,5,411.823,0.200408,2.4024,0.662659
95,E2,82.4069,6,493.918,0.376897,2.24257,0.837804
95,E2,82.4069,7,577.359,0.245881,1.97977,0.936161
95,E2,82.4069,8,659.454,0.324959,1.24786,0.932843
95,E2,82.4069,9,742.896,0.212045,1.99564,0.783597
95,E2,82.4069,10,824.991,0.214868,1.17619,0.684002
95,E2,82.4069,11,908.432,0.321117,2.4694,0.772022
95,E2,82.4069,13,1075.31,0.189228,0.567963,0.655886
95,E2,82.4069,14,1158.76,0.301141,1.30499,0.73219
95,E2,82.4069,16,1326.98,0.627405,-1.49927,0.761341
95,E2,82.4069,17,1411.77,0.182815,0.0961801,0.697573
95,E2,82.4069,18,1496.56,0.201556,0.988102,0.753024
95,E2,82.4069,19,1581.34,0.226952,0.967528,0.741617
95,E2,82.4069,20,1668.82,0.581208,-0.0709828,0.940947
95,E2,82.4069,27,2317.51,4.89394,-0.0945967,0.99926
95,E2,82.4069,35,2627.05,0.450291,0.713036,0.935882
95,E2,82.4069,36,2717.22,0.557517,0.612663,0.968649
95,E2,82.4069,37,3419.74,1.7143,1.14709,0.964482
95,E2,82.4069,45,3929.81,1.09283,-0.394975,0.926566
95,E2,82.4069,51,4126.3,1.11013,-1.16605,0.901656
95,E2,82.4069,53,4562.35,2.21055,-0.116735,0.945736
95,E2,82.4069,57,5699.57,1.85325,-0.944075,0.860929
95,E2,82.4069,68,5900.1,3.54769,-0.809596,0.90595
95,E2,82.4069,70,6839.48,4.9039,-2.26647,0.917154
95,E2,82.4069,78,6932.35,2.70595,-5.01459,0.790509
95,E2,82.4069,79,9119.31,2.19219,-6.23862,0.655536
95,D7,2349.32,1,2365.96,2.42685,1.31029,0.928962
95,D7,2349.32,2,4803.25,6.22285,-1.42558,0.948936
95,D7,2349.32,3,7380.51,16.0004,-4.69684,0.860101
95,As2,116.541,1,117.087,0.294096,3.39578,0.890009
95,As2,116.541,2,232.828,0.175785,0.260522,0.792945
95,As2,116.541,3,349.915,0.196532,2.46898,0.721288
95,As2,116.541,4,465.656,0.211902,2.42074,0.865871
95,As2,116.541,5,582.742,0.220601,2.80326,0.920251
95,As2,116.541,6,699.829,0.152803,0.59648,0.739049
95,As2,116.541,7,816.916,0.223594,2.24418,0.837167
95,As2,116.541,8,934.003,0.168734,0.658054,0.61623
95,As2,116.541,9,1051.09,0.193159,1.01401,0.741056
95,As2,116.541,10,1169.52,0.312194,2.67414,0.742393
95,As2,116.541,11,1289.3,0.225851,1.40766,0.831312
95,As2,116.541,12,1411.77,1.07373,-0.487735,0.956038
95,As2,116.541,20,2457.48,3.05408,-0.105796,0.998997
95,As2,116.541,21,2575.91,3.22315,-0.28883,0.99829
95,As2,116.541,24,2995.81,0.408027,-0.594545,0.88519
95,As2,116.541,25,2744.14,0.460818,0.86124,0.986117
95,As2,116.541,26,3123.66,0.417934,0.33899,0.952099
95,As2,116.541,29,3250.17,0.381691,-0.208319,0.903609
95,As2,116.541,30,3508.57,0.501132,-0.519363,0.902022
95,As2,116.541,32,3639.11,0.522708,-0.868941,0.879804
95,As2,116.541,33,4581.19,0.823166,-0.755208,0.933995
95,As2,116.541,40,4719.81,0.783493,-1.11646,0.928319
95,As2,116.541,41,5001.09,0.92349,-1.0092,0.873722
95,As2,116.541,43,5577.1,1.1794,-1.39003,0.832563
95,As2,116.541,46,5723.79,1.26536,-1.22436,0.821832
95,As2,116.541,47,5871.84,1.50159,-1.22318,0.897803
95,As2,116.541,48,6173.3,1.87833,-1.64729,0.862513
95,As2,116.541,50,6791.03,2.61489,-1.21147,0.778836
95,As2,116.541,53,7111.34,3.42932,-1.17221,0.819621
95,As2,116.541,55,7272.84,3.74823,-1.17187,0.866651
95,As2,116.541,56,8270.1,4.79675,-2.77177,0.900495
95,As2,116.541,61,9148.92,3.38871,-5.07416,0.758319
95,C6,1046.5,1,1047.05,1.22249,2.28354,0.895456
95,C6,1046.5,2,2106.22,1.38858,1.4597,0.962826
95,C6,1046.5,3,3182.88,1.72993,0.439215,0.920679
95,C6,1046.5,4,4289.15,3.41792,-0.748132,0.928072
95,C6,1046.5,5,5435.79,6.3121,-0.579719,0.931121
95,C6,1046.5,6,6628.19,9.98276,-1.33033,0.919139
95,C6,1046.5,8,7874.42,9.76799,-4.28473,0.830633
95,C6,1046.5,9,9182.57,7.54138,-6.60216,0.736735
95,B3,246.942,1,246.286,0.267348,3.57166,0.774748
95,B3,246.942,2,493.918,0.329393,3.00071,0.815577
95,B3,246.942,4,989.182,0.330426,1.95938,0.843763
95,B3,246.942,5,1238.16,0.306823,2.35296,0.875941
95,B3,246.942,6,1488.48,0.326043,1.30578,0.899668
95,B3,246.942,7,1740.15,0.386828,0.895045,0.791798
95,B3,246.942,12,3028.11,0.64069,0.712546,0.968685
95,B3,246.942,14,3294.58,0.604397,0.195686,0.947008
95,B3,246.942,15,3562.4,0.654046,0.196397,0.931757
95,B3,246.942,16,3832.91,0.874344,-0.363079,0.921643
95,B3,246.942,17,4952.64,1.37128,-0.182628,0.931747
95,B3,246.942,18,5243.33,1.62273,-0.222113,0.939871
95,B3,246.942,23,5538.07,2.11543,-0.882537,0.891804
95,B3,246.942,24,6447.85,3.04102,-1.20297,0.896077
95,B3,246.942,27,7080.39,5.92882,-1.5716,0.830227
95,B3,246.942,29,8757.28,4.76447,-4.98951,0.772079
110,C7,2093,1,2104.87,2.50641,1.23845,0.944192
110,C7,2093,2,4271.65,4.12165,-0.651883,0.956668
110,C7,2093,3,6560.9,14.6475,-1.46839,0.967505
110,C7,2093,4,9022.41,28.1461,-3.52299,0.960215
110,Cs3,138.591,1,138.62,0.341465,3.46562,0.819218
110,Cs3,138.591,2,277.24,0.578627,4.18326,0.987827
110,Cs3,138.591,3,415.86,0.407142,3.36646,0.939366
110,Cs3,138.591,4,554.48,0.411653,2.76152,0.873384
110,Cs3,138.591,5,693.1,0.319559,1.71761,0.851841
110,Cs3,138.591,6,833.066,0.336017,1.38966,0.82252
110,Cs3,138.591,7,971.686,0.472619,1.52813,0.724643
110,Cs3,138.591,8,1111.65,0.389792,0.163954,0.755403
110,Cs3,138.591,9,1252.96,0.304883,0.789225,0.674678
110,Cs3,138.591,10,1392.93,0.89819,1.97538,0.768898
110,Cs3,138.591,11,1535.59,0.567308,1.81666,0.781063
110,Cs3,138.591,12,1680.94,0.460985,1.94272,0.883489
110,Cs3,138.591,21,2691.65,0.51474,0.0404925,0.604885
110,Cs3,138.591,22,3291.89,0.420292,0.294398,0.928745
110,Cs3,138.591,26,3910.97,0.462405,-0.11984,0.907796
110,Cs3,138.591,31,4390.08,0.628505,-0.503502,0.911045
110,Cs3,138.591,34,5387.34,1.05898,-0.136348,0.928822
110,Cs3,138.591,39,5559.6,1.19568,-0.391966,0.920998
110,Cs3,138.591,40,5909.52,1.36438,-0.694739,0.91265
110,Cs3,138.591,42,6815.26,1.87434,-0.824278,0.911145
110,Cs3,138.591,47,8166.47,2.7881,-1.34548,0.919013
110,Cs3,138.591,54,8777.47,3.81127,-1.32505,0.842595
110,Cs3,138.591,56,9196.02,3.08437,-4.76316,0.779681
110,Cs3,138.591,58,10065.4,3.73911,-5.56311,0.749454
110,Cs3,138.591,62,10283.5,2.27628,-7.40516,0.611871
110,Gs4,415.305,1,414.514,0.857408,4.17964,0.953456
110,Gs4,415.305,2,831.72,0.865328,2.7547,0.846088
110,Gs4,415.305,4,1670.17,0.451457,0.60977,0.841865
110,Gs4,415.305,5,2095.45,0.353917,-0.28097,0.723645
110,Gs4,415.305,6,2523.42,0.51363,-1.03608,0.699101
110,Gs4,415.305,7,2958.12,0.672048,0.198197,0.93691
110,Gs4,415.305,9,3399.55,0.925812,0.377508,0.920564
110,Gs4,415.305,10,3846.37,1.30421,0.119643,0.925838
110,Gs4,415.305,11,5241.99,2.78399,0.361447,0.950872
110,Gs4,415.305,15,5726.49,3.2977,-0.577654,0.922136
110,Gs4,415.305,16,6221.75,4.14622,-0.19836,0.925696
110,Gs4,415.305,17,6733.16,5.43246,-0.399536,0.925505
110,Gs4,415.305,18,7254,6.21743,-0.436386,0.928579
110,Gs4,415.305,19,8894.56,10.5473,-2.46064,0.901423
110,Gs4,415.305,23,9470.57,11.0214,-2.77294,0.897456
110,Gs4,415.305,24,10061.4,9.4228,-4.59467,0.834347
110,Gs4,415.305,25,10667,2.83729,-8.78639,0.528256
110,E4,329.628,1,329.727,0.738074,4.74649,0.962167
110,E4,329.628,2,659.454,0.437204,2.50018,0.776282
110,E4,329.628,3,990.527,0.540566,1.57651,0.798343
110,E4,329.628,4,1322.95,0.463206,1.17073,0.731229
110,E4,329.628,5,1658.06,0.421598,0.353132,0.697877
110,E4,329.628,6,1994.51,0.356702,-0.634374,0.692159
110,E4,329.628,7,2335.01,0.678903,0.398084,0.757519
110,E4,329.628,8,2678.19,0.419915,-0.104987,0.733065
110,E4,329.628,10,3025.42,0.620837,0.349665,0.892211
110,E4,329.628,11,4096.69,1.12355,0.192981,0.957965
110,E4,329.628,14,5219.11,2.07388,0.259722,0.948097
110,E4,329.628,18,5606.71,2.66213,-0.141849,0.93949
110,E4,329.628,19,6813.91,4.21118,-0.426649,0.930154
110,E4,329.628,22,8550.03,10.0536,-0.908493,0.927483
110,E4,329.628,27,9004.92,5.73065,-4.55741,0.772362
110,A3,220,1,219.37,0.375814,2.2948,0.880128
110,A3,220,2,440.085,0.714891,4.1759,0.978347
110,A3,220,3,660.8,0.36687,2.5204,0.792859
110,A3,220,4,881.516,0.711508,2.68294,0.909748
110,A3,220,5,1102.23,0.312404,1.78002,0.694273
110,A3,220,7,1549.04,1.00954,3.26288,0.842238
110,A3,220,8,1779.18,0.582823,-0.727592,0.879224
110,A3,220,14,2927.17,0.504955,0.0404729,0.709952
110,A3,220,15,3164.04,0.538834,0.0197833,0.928318
110,A3,220,16,4139.76,0.720277,0.314847,0.951906
110,A3,220,21,5434.44,1.38493,0.568231,0.952066
110,A3,220,26,5703.61,1.54758,0.126051,0.938121
110,A3,220,27,6255.4,2.10564,-0.745959,0.939304
110,A3,220,28,6824.68,2.85556,-0.64213,0.933915
110,A3,220,30,7412.81,3.44771,-0.828327,0.919204
110,A3,220,32,8019.77,4.7853,-1.50251,0.873518
110,A3,220,34,8332,6.86058,-0.96674,0.922506
110,A3,220,35,8972.62,6.62063,-2.60927,0.891564
110,A3,220,37,9299.65,7.79467,-2.13168,0.915751
110,A3,220,38,9629.38,7.13208,-3.25221,0.878913
110,A3,220,39,9968.53,4.14249,-6.30751,0.700769
110,A3,220,40,12105.7,2.6384,-8.88928,0.571414
110,Ds5,622.254,1,621.771,0.806865,2.73624,0.700162
110,Ds5,622.254,2,1247.58,0.763385,2.33707,0.798033
110,Ds5,622.254,3,1877.43,0.567654,1.91446,0.59123
110,Ds5,622.254,4,2516.69,0.773358,-0.57592,0.832992
110,Ds5,622.254,5,3164.04,1.291,1.4826,0.946478
110,Ds5,622.254,6,3826.18,1.80993,0.153145,0.93877
110,Ds5,622.254,7,4501.79,2.69401,0.483851,0.954753
110,Ds5,622.254,9,5198.92,4.197,0.752565,0.949746
110,Ds5,622.254,10,5914.9,6.65574,-0.0317335,0.93913
110,Ds5,622.254,11,6652.41,8.27181,-0.4273,0.929564
110,Ds5,622.254,12,8200.11,11.7701,-0.870018,0.940048
110,Ds5,622.254,15,9017.03,13.9608,-2.31008,0.934223
110,F6,1396.91,1,1401,1.17412,0.926612,0.797422
110,F6,1396.91,2,2820.85,1.51803,-0.95304,0.910718
110,F6,1396.91,3,4283.76,2.98151,-0.0440803,0.940192
110,F6,1396.91,4,5804.54,7.66963,-0.756817,0.932636
110,F6,1396.91,5,7403.38,15.8939,-1.54013,0.945706
110,F6,1396.91,7,9095.09,8.83269,-7.47238,0.67431
110,B1,61.7354,1,61.908,0.458896,2.92458,0.948035
110,B1,61.7354,2,123.816,0.440965,3.9883,0.985876
110,B1,61.7354,3,184.378,0.294374,3.10494,0.953898
110,B1,61.7354,4,246.286,0.336073,4.15653,0.978096
110,B1,61.7354,5,308.194,0.335023,3.19708,0.970629
110,B1,61.7354,6,370.102,0.393394,3.88403,0.965036
110,B1,61.7354,7,432.01,0.313066,2.51779,0.931703
110,B1,61.7354,8,493.918,0.397721,1.15243,0.942743
110,B1,61.7354,9,555.826,0.325992,2.41442,0.905014
110,B1,61.7354,10,617.734,0.264232,2.23907,0.944518
110,B1,61.7354,11,679.642,0.314338,3.12925,0.858337
110,B1,61.7354,12,742.896,0.253401,2.42604,0.922378
110,B1,61.7354,13,804.803,0.218353,2.10067,0.804136
110,B1,61.7354,14,866.711,0.263248,3.07224,0.896235
110,B1,61.7354,15,929.965,0.24261,2.17654,0.819419
110,B1,61.7354,16,993.219,0.205188,-0.0886411,0.758031
110,B1,61.7354,17,1056.47,0.20568,0.874853,0.753183
110,B1,61.7354,19,1182.98,0.203612,1.53068,0.770023
110,B1,61.7354,20,1247.58,0.277504,1.2262,0.623434
110,B1,61.7354,21,1312.18,0.254259,1.69085,0.666298
110,B1,61.7354,22,1378.12,0.230839,-0.00178468,0.886045
110,B1,61.7354,26,1670.17,1.77575,0.641125,0.999831
110,B1,61.7354,27,1734.77,1.82674,1.15988,0.9999
110,B1,61.7354,28,1796.68,1.82138,-0.0311545,0.998643
110,B1,61.7354,29,1859.93,1.87059,-0.702721,0.994241
110,B1,61.7354,30,1921.84,1.8029,-1.51467,0.990974
110,B1,61.7354,33,2157.36,0.526108,1.40239,0.885971
110,B1,61.7354,34,2228.69,0.41693,1.11983,0.948776
110,B1,61.7354,35,2297.32,0.458571,0.591399,0.931761
110,B1,61.7354,36,2364.61,0.522068,1.67951,0.933827
110,B1,61.7354,37,2433.25,0.514311,1.377,0.934255
110,B1,61.7354,38,2503.23,0.528528,-0.127239,0.959334
110,B1,61.7354,39,2571.87,0.609886,1.20252,0.964565
110,B1,61.7354,41,2746.83,1.37262,-1.9567,0.840129
110,B1,61.7354,42,2811.43,1.0612,-1.95426,0.930463
110,B1,61.7354,43,2876.03,0.804238,-2.04729,0.884469
110,B1,61.7354,45,2618.98,0.955002,0.15529,0.844955
110,B1,61.7354,46,3068.48,0.714278,0.847349,0.968811
110,B1,61.7354,52,3512.6,0.876654,0.957927,0.96328
110,B1,61.7354,53,4225.89,1.24752,1.33069,0.97981
110,B1,61.7354,67,5071.07,1.76954,1.02988,0.96682
110,B1,61.7354,77,5391.38,2.07747,0.0613897,0.948816
110,B1,61.7354,81,5473.47,2.41637,-0.134717,0.913794
110,B1,61.7354,82,5563.64,2.50143,-0.268899,0.884373
110,B1,61.7354,83,5914.9,3.71353,-0.493946,0.950409
110,B1,61.7354,86,6498.99,4.048,-0.44229,0.935899
110,B1,61.7354,92,6577.05,3.87257,-1.60535,0.937381
110,B1,61.7354,93,6770.85,3.74425,-1.18492,0.915956
110,B1,61.7354,95,7268.8,1.65793,-6.17723,0.700018
110,Fs3,184.997,1,184.378,0.574471,3.53825,0.918091
110,Fs3,184.997,2,370.102,0.642586,3.93825,0.971994
110,Fs3,184.997,3,554.48,0.617895,3.91296,0.967631
110,Fs3,184.997,4,740.204,0.440978,3.63813,0.941316
110,Fs3,184.997,5,925.928,0.333293,1.46081,0.683233
110,Fs3,184.997,6,1113,0.362774,1.19296,0.804747
110,Fs3,184.997,8,1488.48,0.280705,-0.210958,0.809727
110,Fs3,184.997,9,1676.9,0.347027,0.720162,0.672016
110,Fs3,184.997,11,2057.77,0.389811,-0.9163,0.743757
110,Fs3,184.997,12,2250.22,1.68109,2.32285,0.876762
110,Fs3,184.997,14,2639.16,0.563724,-0.707661,0.756069
110,Fs3,184.997,16,3033.49,0.361529,-0.377378,0.824618
110,Fs3,184.997,19,3845.02,0.614426,-0.910947,0.898658
110,Fs3,184.997,23,4053.63,0.530674,-0.749292,0.912153
110,Fs3,184.997,25,4263.57,0.827499,-0.874459,0.93087
110,Fs3,184.997,26,5127.59,1.11063,-0.618417,0.912643
110,Fs3,184.997,30,5351,1.20051,-0.74096,0.927875
110,Fs3,184.997,31,6268.85,1.72288,-0.734368,0.930715
110,Fs3,184.997,35,6505.72,1.96927,-1.00583,0.889622
110,Fs3,184.997,36,7236.5,2.6908,-1.33292,0.88913
110,Fs3,184.997,40,7996.89,3.2991,-1.75889,0.889521
110,Fs3,184.997,43,8520.42,4.88643,-1.54955,0.852981
110,Fs3,184.997,45,8789.58,3.19188,-5.50551,0.776834
110,Fs3,184.997,46,9334.64,3.01242,-6.42906,0.704711
110,Fs3,184.997,48,10183.9,2.52331,-7.82583,0.636744
110,C8,4186.01,2,8706.14,35.2636,-3.32216,0.979817
110,D2,73.4162,1,72.6746,0.278446,2.54674,0.91604
110,D2,73.4162,2,146.695,0.281075,3.47493,0.836833
110,D2,73.4162,3,219.37,0.304799,2.38546,0.940227
110,D2,73.4162,4,293.39,0.456601,4.00435,0.983671
110,D2,73.4162,5,366.064,0.47109,3.32647,0.97333
110,D2,73.4162,6,440.085,0.379971,3.25016,0.957115
110,D2,73.4162,7,514.105,0.513001,2.57424,0.955728
110,D2,73.4162,8,586.78,0.345305,1.2642,0.967335
110,D2,73.4162,9,660.8,0.273326,2.50177,0.839448
110,D2,73.4162,10,734.821,0.502915,4.05584,0.969327
110,D2,73.4162,11,808.841,0.261781,2.69541,0.836188
110,D2,73.4162,12,882.861,0.21824,0.799628,0.765755
110,D2,73.4162,13,956.882,0.195034,1.68456,0.66587
110,D2,73.4162,14,1032.25,0.201825,1.19567,0.64566
110,D2,73.4162,15,1106.27,0.218607,1.64879,0.778175
110,D2,73.4162,16,1181.63,0.285211,0.429321,0.811248
110,D2,73.4162,17,1255.65,0.264959,0.20654,0.877911
110,D2,73.4162,18,1331.02,1.13945,1.68473,0.837908
110,D2,73.4162,19,1407.73,0.337895,1.14425,0.781126
110,D2,73.4162,20,1485.79,0.213398,0.611605,0.735169
110,D2,73.4162,27,2063.15,2.35504,0.430903,0.999857
110,D2,73.4162,28,2138.52,2.32747,0.193516,0.998998
110,D2,73.4162,29,2212.54,2.35151,-0.318179,0.995949
110,D2,73.4162,30,2287.9,2.79114,-1.06783,0.985174
110,D2,73.4162,35,2733.37,0.572813,0.148422,0.918009
110,D2,73.4162,36,2815.47,0.58182,0.518568,0.923794
110,D2,73.4162,37,2896.22,0.582787,1.22191,0.954555
110,D2,73.4162,38,2978.31,0.641433,1.42303,0.966117
110,D2,73.4162,39,3061.75,0.634045,1.6126,0.959947
110,D2,73.4162,45,3652.57,0.859567,0.0756224,0.954189
110,D2,73.4162,52,4270.3,1.1144,0.0467559,0.927041
110,D2,73.4162,53,5005.12,1.55543,0.929363,0.966643
110,D2,73.4162,67,5202.96,1.75845,-0.0152035,0.938337
110,D2,73.4162,69,6002.38,2.81037,0.110597,0.929271
110,D2,73.4162,77,6099.28,2.57258,-0.423913,0.922539
110,D2,73.4162,78,8004.97,2.94983,-1.35761,0.891139
110,D2,73.4162,94,8188,1.81877,-7.16829,0.677216
110,As5,932.328,1,932.657,0.70498,1.60735,0.740301
110,As5,932.328,2,1874.73,0.980372,0.192516,0.880196
110,As5,932.328,3,2828.92,1.57118,-0.208188,0.971087
110,As5,932.328,4,3804.65,2.30369,-1.03871,0.896463
110,As5,932.328,5,4814.02,5.10044,-0.234658,0.975694
110,As5,932.328,6,5855.69,6.50054,-0.389463,0.933683
110,As5,932.328,8,6939.07,9.87027,-1.19684,0.924159
110,As5,932.328,9,9251.2,9.68024,-4.86067,0.793997
110,As2,116.541,1,117.087,0.33713,3.08228,0.833978
110,As2,116.541,2,232.828,0.249413,-0.29382,0.763641
110,As2,116.541,3,349.915,0.513061,3.9684,0.973697
110,As2,116.541,4,465.656,0.348061,2.44317,0.88175
110,As2,116.541,5,582.742,0.292445,2.74622,0.937675
110,As2,116.541,6,699.829,0.216748,0.42572,0.782061
110,As2,116.541,7,816.916,0.340328,2.49889,0.931014
110,As2,116.541,8,934.003,0.269624,0.983305,0.808853
110,As2,116.541,9,1052.44,0.296947,1.01195,0.725484
110,As2,116.541,10,1169.52,0.503074,3.0174,0.770714
110,As2,116.541,11,1289.3,0.284801,0.909896,0.711227
110,As2,116.541,12,1411.77,1.58979,0.333457,0.986749
110,As2,116.541,20,2457.48,3.06652,0.7519,0.999907
110,As2,116.541,21,2575.91,3.21142,0.598007,0.999881
110,As2,116.541,24,2995.81,0.40419,-0.530468,0.795803
110,As2,116.541,25,2744.14,0.531283,0.963344,0.962753
110,As2,116.541,26,3123.66,0.438754,0.708428,0.966285
110,As2,116.541,29,3251.51,0.367965,0.0213647,0.897095
110,As2,116.541,30,3509.91,0.562625,-0.0388641,0.931637
110,As2,116.541,32,3639.11,0.557039,-0.389708,0.89488
110,As2,116.541,33,4581.19,0.796634,-0.176281,0.932739
110,As2,116.541,40,4719.81,0.840683,-0.381758,0.956269
110,As2,116.541,41,5577.1,1.20741,-0.529903,0.89254
110,As2,116.541,46,5723.79,1.20747,-0.489647,0.878422
110,As2,116.541,47,5871.84,1.40344,-0.43934,0.925689
110,As2,116.541,48,6173.3,1.69449,-0.879969,0.923567
110,As2,116.541,50,6791.03,1.89818,-0.895706,0.897083
110,As2,116.541,53,7109.99,2.28863,-1.05518,0.904784
110,As2,116.541,55,7272.84,2.09266,-1.44966,0.82934
110,As2,116.541,56,8270.1,3.7782,-1.63981,0.841088
110,As2,116.541,61,9144.88,6.09172,-0.65041,0.901544
110,As2,116.541,65,9439.62,4.96254,-4.97849,0.875947
110,As2,116.541,66,11228.2,1.91212,-8.46379,0.568007
110,D5,587.33,1,586.78,0.835247,3.12237,0.889641
110,D5,587.33,2,1177.6,0.713619,2.32355,0.697583
110,D5,587.33,3,1771.11,0.583505,0.531757,0.620676
110,D5,587.33,4,2372.69,0.595612,0.911763,0.676551
110,D5,587.33,5,2982.35,1.02961,0.761184,0.946888
110,D5,587.33,6,3604.12,1.45431,0.289095,0.965613
110,D5,587.33,8,4238,2.34821,0.395475,0.966558
110,D5,587.33,9,4889.38,2.92446,-0.331808,0.927566
110,D5,587.33,10,5558.26,4.99851,-0.365899,0.94577
110,D5,587.33,11,6244.63,6.76866,-0.8584,0.927195
110,D5,587.33,12,7871.73,15.3923,-1.75461,0.96795
110,D5,587.33,15,9221.59,17.0603,-1.81359,0.947557
110,Fs4,369.994,1,370.102,1.37656,4.62595,0.984131
110,Fs4,369.994,2,740.204,0.676901,3.4463,0.903215
110,Fs4,369.994,3,1111.65,0.417571,1.02158,0.785344
110,Fs4,369.994,4,1485.79,0.606126,1.00183,0.839314
110,Fs4,369.994,5,1862.62,0.476713,0.77828,0.695033
110,Fs4,369.994,6,2243.49,0.370791,0.0154203,0.648911
110,Fs4,369.994,7,2627.05,0.597411,0.676776,0.910858
110,Fs4,369.994,8,3015.99,0.612576,1.05211,0.89804
110,Fs4,369.994,10,3410.32,0.846061,0.0159084,0.913536
110,Fs4,369.994,11,4217.82,1.29837,0.364438,0.958415
110,Fs4,369.994,13,4630.98,1.83829,-0.111049,0.968744
110,Fs4,369.994,14,5052.23,2.451,-0.37706,0.937322
110,Fs4,369.994,16,5481.55,2.62805,0.0936523,0.935102
110,Fs4,369.994,17,7298.41,5.0953,-0.543143,0.916527
110,Fs4,369.994,21,7776.18,8.86879,-1.11301,0.929567
110,Fs4,369.994,22,8267.4,9.26748,-1.73147,0.944489
110,Fs4,369.994,24,9282.16,9.79933,-2.71071,0.904094
110,Fs4,369.994,26,9808.37,4.26688,-7.45167,0.661541
110,B6,1975.53,1,1985.09,1.67003,0.405856,0.892006
110,B6,1975.53,2,4022.67,4.11369,-0.897391,0.937411
110,B6,1975.53,3,6166.57,12.8557,-1.46139,0.944604
110,F1,43.6535,1,43.0664,0.330027,0.333902,0.988131
110,F1,43.6535,2,87.4786,0.224197,3.78853,0.935575
110,F1,43.6535,3,130.545,0.228421,4.999,0.956719
110,F1,43.6535,4,173.611,0.232825,4.15764,0.954665
110,F1,43.6535,5,218.024,0.249306,3.83545,0.977218
110,F1,43.6535,6,261.09,0.244366,4.05917,0.944009
110,F1,43.6535,7,305.502,0.242829,3.45628,0.958679
110,F1,43.6535,8,348.569,0.238045,1.35768,0.978726
110,F1,43.6535,9,392.981,0.246952,3.5804,0.949849
110,F1,43.6535,10,436.047,0.224785,2.6464,0.88015
110,F1,43.6535,11,480.46,0.25049,2.47127,0.94102
110,F1,43.6535,12,523.526,0.248675,2.52008,0.898648
110,F1,43.6535,13,567.938,0.400288,3.08579,0.945738
110,F1,43.6535,14,612.35,0.245875,0.892577,0.722778
110,F1,43.6535,15,656.763,0.217346,1.97499,0.833903
110,F1,43.6535,16,701.175,0.131207,-0.938054,0.613338
110,F1,43.6535,17,745.587,0.263119,1.85309,0.933259
110,F1,43.6535,18,791.345,0.202387,1.85361,0.818735
110,F1,43.6535,19,835.757,0.158607,2.3407,0.765419
110,F1,43.6535,20,881.516,0.179006,1.22096,0.760961
110,F1,43.6535,21,925.928,0.17435,1.87367,0.790028
110,F1,43.6535,22,971.686,0.18553,1.34522,0.852963
110,F1,43.6535,23,1018.79,0.240911,0.99729,0.86446
110,F1,43.6535,24,1065.89,0.274955,0.587731,0.766707
110,F1,43.6535,25,1135.88,2.4693,1.49715,0.998118
110,F1,43.6535,26,1180.29,2.51156,0.916725,0.99272
110,F1,43.6535,27,1224.7,2.39899,0.625953,0.974508
110,F1,43.6535,28,1269.11,2.65018,1.03005,0.998012
110,F1,43.6535,29,1313.53,2.5524,0.92992,0.997123
110,F1,43.6535,34,1580,0.430234,1.84084,0.920635
110,F1,43.6535,35,1629.79,0.456629,2.14428,0.962066
110,F1,43.6535,36,1678.24,0.460931,1.78984,0.938943
110,F1,43.6535,37,1726.69,0.596075,2.13857,0.939311
110,F1,43.6535,38,1776.49,0.522621,1.76622,0.906785
110,F1,43.6535,39,1826.28,0.530071,0.890313,0.925486
110,F1,43.6535,40,1877.43,0.551163,0.159617,0.932623
110,F1,43.6535,41,1927.22,0.617919,2.43108,0.964731
110,F1,43.6535,42,1977.02,0.554657,2.19145,0.904912
110,F1,43.6535,43,2030.85,0.605804,1.68855,0.909099
110,F1,43.6535,49,2395.57,0.821445,1.60197,0.946991
110,F1,43.6535,50,2449.4,0.854307,1.30777,0.944921
110,F1,43.6535,51,2503.23,0.955181,0.144535,0.957482
110,F1,43.6535,52,2557.07,1.05421,1.55415,0.9314
110,F1,43.6535,53,2613.59,1.04903,1.87114,0.988781
110,F1,43.6535,54,2667.43,1.02124,1.45393,0.924255
110,F1,43.6535,55,2730.68,0.872296,-1.64312,0.885735
110,F1,43.6535,60,3135.77,1.45824,2.49493,0.995149
110,F1,43.6535,70,3612.19,1.44601,1.64208,0.981748
110,F1,43.6535,72,4388.74,2.18152,1.66899,0.991969
110,F1,43.6535,89,4966.09,3.47399,0.857679,0.969165
110,Ds2,77.7817,1,78.0579,0.355995,2.94912,0.947242
110,Ds2,77.7817,2,154.77,0.753638,4.41996,0.99206
110,Ds2,77.7817,3,232.828,0.287645,0.925556,0.94886
110,Ds2,77.7817,4,310.886,0.448322,3.57801,0.990243
110,Ds2,77.7817,5,388.943,0.305227,3.57589,0.944077
110,Ds2,77.7817,6,467.001,0.472841,2.9418,0.951979
110,Ds2,77.7817,7,545.059,0.357866,2.33486,0.926667
110,Ds2,77.7817,8,621.771,0.311716,0.82406,0.906789
110,Ds2,77.7817,9,701.175,0.204322,0.376754,0.754512
110,Ds2,77.7817,10,779.233,0.459287,3.60752,0.919741
110,Ds2,77.7817,11,857.291,0.755497,3.96658,0.989082
110,Ds2,77.7817,12,935.349,0.714207,2.98778,0.952919
110,Ds2,77.7817,13,1014.75,0.354179,2.46695,0.829023
110,Ds2,77.7817,14,1094.16,0.213149,1.38276,0.673611
110,Ds2,77.7817,15,1172.21,0.27594,1.18893,0.650191
110,Ds2,77.7817,16,1251.62,0.277283,0.104252,0.842914
110,Ds2,77.7817,17,1331.02,1.1571,0.83032,0.774933
110,Ds2,77.7817,18,1411.77,0.22077,1.73581,0.79831
110,Ds2,77.7817,19,1492.52,0.189829,0.930439,0.741136
110,Ds2,77.7817,20,1574.62,0.266913,1.85352,0.836042
110,Ds2,77.7817,21,1656.71,0.51783,0.435021,0.824109
110,Ds2,77.7817,27,2186.97,2.47997,0.586201,0.999823
110,Ds2,77.7817,28,2266.37,2.9223,0.743242,0.999169
110,Ds2,77.7817,29,2345.77,3.51183,0.851314,0.998211
110,Ds2,77.7817,30,2423.83,3.31686,-0.985821,0.997171
110,Ds2,77.7817,36,2989.08,0.62372,1.09354,0.90356
110,Ds2,77.7817,37,3075.21,0.54693,1.6246,0.958565
110,Ds2,77.7817,43,3239.4,0.650382,0.941666,0.95812
110,Ds2,77.7817,45,3882.71,0.97795,0.136051,0.967433
110,Ds2,77.7817,53,4321.44,2.03949,0.643169,0.955978
110,Ds2,77.7817,54,5399.45,1.63996,1.3341,0.977492
110,Ds2,77.7817,68,5539.42,2.03266,0.0784655,0.960598
110,Ds2,77.7817,70,6482.84,4.63317,0.423716,0.944355
110,Ds2,77.7817,78,7177.29,3.12529,-3.42682,0.857507
110,Ds2,77.7817,84,8644.24,3.33146,-3.24033,0.819341
110,A4,440,1,440.085,0.540543,2.68206,0.806746
110,A4,440,2,881.516,0.531993,2.27092,0.696409
110,A4,440,3,1324.29,0.469434,0.622224,0.692517
110,A4,440,4,1771.11,0.523685,0.714766,0.870762
110,A4,440,5,2220.61,0.541805,0.537535,0.797688
110,A4,440,6,2676.85,0.621969,0.307218,0.925845
110,A4,440,8,3139.81,0.898357,0.823781,0.961273
110,A4,440,9,3609.5,1.11437,-0.0723527,0.916926
110,A4,440,10,4574.46,2.11365,0.322613,0.949715
110,A4,440,12,5071.07,3.13295,0.641595,0.951167
110,A4,440,13,5579.79,3.57909,0.0135985,0.934866
110,A4,440,14,6104.66,4.27876,-0.180065,0.917899
110,A4,440,15,7185.36,7.26369,-0.653575,0.917923
110,A4,440,18,8914.75,13.0432,-1.51044,0.941767
110,A4,440,21,9523.06,11.1656,-3.6046,0.891203
110,A4,440,22,10148.9,11.5331,-3.65752,0.914654
110,A4,440,23,10790.8,10.3891,-5.09043,0.835182
110,E3,164.814,1,164.191,0.428565,3.56103,0.940448
110,E3,164.814,2,329.727,0.675746,4.9374,0.992187
110,E3,164.814,3,493.918,0.719633,3.83677,0.984276
110,E3,164.814,4,659.454,0.562608,3.18846,0.937365
110,E3,164.814,5,824.991,0.362019,2.71608,0.871716
110,E3,164.814,6,990.527,0.96544,0.626085,0.794019
110,E3,164.814,7,1157.41,0.394673,2.15638,0.642589
110,E3,164.814,8,1324.29,0.478914,-1.29428,0.613328
110,E3,164.814,9,1491.17,0.416532,1.64616,0.865941
110,E3,164.814,10,1659.4,0.563793,1.53931,0.685491
110,E3,164.814,11,1828.98,0.459051,-1.24931,0.645145
110,E3,164.814,12,2001.24,0.448924,0.225258,0.824166
110,E3,164.814,18,3219.21,0.430229,-0.622702,0.851453
110,E3,164.814,22,3945.96,0.467917,0.079653,0.940132
110,E3,164.814,27,4131.68,0.473247,-1.07396,0.90797
110,E3,164.814,28,5486.93,1.0188,-0.549551,0.899145
110,E3,164.814,35,5688.8,1.23041,-1.46306,0.840467
110,E3,164.814,36,6099.28,1.47454,-1.43609,0.889997
110,E3,164.814,38,7389.93,2.56159,-1.24191,0.850263
110,E3,164.814,44,9017.03,6.37948,-1.08326,0.883986
110,E3,164.814,51,10008.9,7.97114,-1.31623,0.891631
110,E3,164.814,55,10267.3,3.43498,-5.85275,0.72233
110,E3,164.814,56,10527,3.30672,-6.54842,0.682731
110,Gs3,207.652,1,207.257,0.304139,2.97239,0.751121
110,Gs3,207.652,2,414.514,0.477249,3.82351,0.922213
110,Gs3,207.652,3,623.117,0.577201,3.30965,0.91354
110,Gs3,207.652,4,831.72,0.933703,3.28876,0.979572
110,Gs3,207.652,5,1040.32,0.960623,3.09249,0.913166
110,Gs3,207.652,6,1250.27,0.615464,2.49374,0.822338
110,Gs3,207.652,7,1461.57,0.536965,2.02756,0.703674
110,Gs3,207.652,8,1672.86,0.470695,0.478228,0.737109
110,Gs3,207.652,9,1886.85,0.366806,0.101464,0.66297
110,Gs3,207.652,11,2317.51,0.425877,-0.953863,0.794196
110,Gs3,207.652,12,2535.53,0.588832,-0.904785,0.904961
110,Gs3,207.652,13,2756.25,0.513024,0.134996,0.823544
110,Gs3,207.652,14,2976.97,0.482394,-0.54377,0.739821
110,Gs3,207.652,15,3201.72,0.492736,0.550635,0.901608
110,Gs3,207.652,18,3889.43,0.716943,0.364552,0.942715
110,Gs3,207.652,21,4123.61,0.670783,-0.413517,0.941309
110,Gs3,207.652,23,5338.89,1.22787,0.441727,0.91748
110,Gs3,207.652,28,7190.74,2.83255,-0.584693,0.913821
110,Gs3,207.652,36,7473.37,4.37754,-0.489732,0.869559
110,Gs3,207.652,37,9249.86,7.84349,-1.02369,0.868076
110,G7,3135.96,1,3153.27,8.90358,-5.17621,0.734152
110,G7,3135.96,2,6441.12,22.2283,-3.2482,0.946576
110,G7,3135.96,3,9921.42,3.91686,-11.2308,0.504946
110,Cs4,277.183,1,277.24,1.00735,4.99524,0.992497
110,Cs4,277.183,2,554.48,0.672474,3.8692,0.962159
110,Cs4,277.183,3,831.72,0.571464,1.92404,0.85801
110,Cs4,277.183,4,1111.65,0.788418,2.59732,0.847522
110,Cs4,277.183,5,1391.58,0.522324,1.28075,0.794878
110,Cs4,277.183,6,1672.86,0.529833,0.653093,0.774426
110,Cs4,277.183,7,1956.83,0.804634,0.79285,0.801038
110,Cs4,277.183,8,2243.49,0.776187,0.423575,0.885376
110,Cs4,277.183,11,3116.93,0.627291,0.375395,0.909409
110,Cs4,277.183,13,3415.7,0.708935,0.788071,0.875643
110,Cs4,277.183,14,4332.21,1.01926,0.368672,0.970189
110,Cs4,277.183,18,5289.09,1.90143,0.624587,0.972046
110,Cs4,277.183,21,5953.93,2.58338,-0.102358,0.948648
110,Cs4,277.183,23,6297.12,2.95076,-0.591359,0.932564
110,Cs4,277.183,24,7352.24,4.96032,-0.726157,0.899616
110,Cs4,277.183,27,8860.91,10.0778,-0.99407,0.949534
110,Cs4,277.183,31,10068.1,7.92119,-3.89096,0.848157
110,Cs4,277.183,34,10485.3,5.66288,-5.83901,0.727664
110,As3,233.082,1,232.828,0.63588,1.76856,0.981013
110,As3,233.082,2,465.656,0.774559,4.34744,0.975205
110,As3,233.082,3,699.829,0.233764,0.513712,0.698086
110,As3,233.082,4,934.003,0.522034,1.56539,0.794683
110,As3,233.082,5,1168.18,0.354928,1.39088,0.697662
110,As3,233.082,6,1405.04,0.564605,1.12527,0.682816
110,As3,233.082,8,1885.5,0.470409,-1.78704,0.775332
110,As3,233.082,13,3102.13,0.517852,0.135345,0.909904
110,As3,233.082,15,3606.81,0.667955,0.385638,0.93163
110,As3,233.082,17,3863.86,0.784269,-0.702721,0.888525
110,As3,233.082,18,4923.03,1.23715,-0.114918,0.927015
110,As3,233.082,23,5197.58,1.4763,-0.258395,0.928197
110,As3,233.082,24,5474.82,1.71559,-0.717418,0.910678
110,As3,233.082,25,6042.75,2.05162,-0.507407,0.921588
110,As3,233.082,27,7231.12,3.36479,-0.777701,0.916502
110,As3,233.082,30,7854.24,4.62016,-1.04766,0.888273
110,As3,233.082,32,8177.23,4.99868,-1.23416,0.885146
110,As3,233.082,33,8829.96,7.98887,-0.961973,0.941925
110,As3,233.082,35,10204,5.75843,-4.41945,0.795371
110,As3,233.082,39,10563.4,4.74215,-6.33745,0.710378
110,As3,233.082,40,11298.2,3.76711,-7.63154,0.653289
110,D4,293.665,1,293.39,0.599487,3.55377,0.816499
110,D4,293.665,2,586.78,0.634529,2.78245,0.935128
110,D4,293.665,3,881.516,0.716944,2.73158,0.806563
110,D4,293.665,4,1177.6,1.31377,3.86858,0.968133
110,D4,293.665,5,1475.02,0.455392,0.724913,0.754454
110,D4,293.665,6,1773.8,0.496391,0.630255,0.732611
110,D4,293.665,7,2075.26,0.501947,-0.129157,0.823782
110,D4,293.665,8,2379.42,0.49965,0.251137,0.62498
110,D4,293.665,9,2687.61,0.488196,-1.88712,0.85742
110,D4,293.665,10,3310.73,0.708664,0.445825,0.930219
110,D4,293.665,13,3628.34,0.729458,-0.447633,0.910823
110,D4,293.665,14,3950,1.0719,0.44189,0.969359
110,D4,293.665,15,4278.38,1.10556,-0.0157915,0.945395
110,D4,293.665,17,5988.92,2.56753,-0.0456654,0.960234
110,D4,293.665,22,6719.71,3.78678,-0.556026,0.930358
110,D4,293.665,24,7474.71,5.57341,-0.733422,0.908498
110,D4,293.665,26,7863.66,6.63348,-1.07393,0.879563
110,D4,293.665,27,9496.14,11.0945,-1.53236,0.946867
110,Fs5,739.989,1,740.204,1.00375,3.51362,0.895673
110,Fs5,739.989,2,1484.45,0.7308,0.906393,0.829885
110,Fs5,739.989,3,2238.11,0.687924,0.911088,0.787223
110,Fs5,739.989,4,2998.5,1.1995,0.782691,0.925508
110,Fs5,739.989,5,3718.52,2.16342,-5.95435,0.801753
110,Fs5,739.989,6,4585.23,3.44725,0.367304,0.960607
110,Fs5,739.989,8,5411.56,4.96708,0.380879,0.950654
110,Fs5,739.989,9,6263.47,7.27633,-0.88097,0.927521
110,Fs5,739.989,10,7146.33,12.9258,-0.847417,0.947307
110,Fs5,739.989,11,8060.15,12.6801,-3.41013,0.911519
110,B7,3951.07,2,8181.27,33.3633,-4.22113,0.983588
110,E2,82.4069,1,82.0953,0.32499,3.41479,0.895649
110,E2,82.4069,2,164.191,0.990641,4.36593,0.994556
110,E2,82.4069,3,246.286,0.579102,4.56341,0.9879
110,E2,82.4069,4,329.727,0.38126,3.6999,0.945069
110,E2,82.4069,5,411.823,0.301215,2.70349,0.78875
110,E2,82.4069,6,493.918,0.772276,3.49248,0.993017
110,E2,82.4069,7,577.359,0.333343,2.26076,0.963908
110,E2,82.4069,8,659.454,0.357393,1.17719,0.942076
110,E2,82.4069,9,742.896,0.541309,3.18662,0.941486
110,E2,82.4069,10,824.991,0.233229,1.31496,0.724855
110,E2,82.4069,11,908.432,0.417226,2.35318,0.717828
110,E2,82.4069,12,991.873,0.446513,1.36671,0.912072
110,E2,82.4069,13,1075.31,0.216724,0.675815,0.619414
110,E2,82.4069,14,1158.76,0.442341,1.47733,0.647672
110,E2,82.4069,15,1243.54,0.193972,0.487932,0.72877
110,E2,82.4069,17,1411.77,0.173622,0.148359,0.681363
110,E2,82.4069,18,1496.56,0.199444,1.1303,0.765104
110,E2,82.4069,19,1581.34,0.200922,1.02997,0.731527
110,E2,82.4069,20,1668.82,0.720467,0.161891,0.900967
110,E2,82.4069,21,1756.3,0.556316,-0.62343,0.793058
110,E2,82.4069,27,2317.51,4.78283,0.764204,0.999857
110,E2,82.4069,28,2402.3,3.76811,-0.594429,0.993324
110,E2,82.4069,35,2627.05,0.464878,1.32145,0.919746
110,E2,82.4069,36,2717.22,0.500751,1.06914,0.977654
110,E2,82.4069,37,3419.74,1.64662,1.77786,0.977096
110,E2,82.4069,45,3929.81,1.03489,0.413186,0.964584
110,E2,82.4069,51,4126.3,1.1293,-0.112482,0.959945
110,E2,82.4069,53,4562.35,2.05385,0.614706,0.961933
110,E2,82.4069,57,5699.57,1.69804,-0.0920925,0.934014
110,E2,82.4069,68,5900.1,2.53534,-0.444589,0.928876
110,E2,82.4069,70,6839.48,5.12526,-0.426704,0.922919
110,E2,82.4069,78,9119.31,3.94344,-1.37854,0.884466
110,E2,82.4069,95,9245.82,1.1328,-8.72166,0.530171
110,E2,82.4069,96,10084.3,2.43757,-7.25515,0.640078
110,Gs2,103.826,1,103.629,0.247774,2.94212,0.784433
110,Gs2,103.826,2,207.257,0.537216,2.96781,0.845829
110,Gs2,103.826,3,310.886,0.392477,3.43558,0.923237
110,Gs2,103.826,4,414.514,0.492352,3.03244,0.86749
110,Gs2,103.826,5,519.489,0.404113,3.04316,0.949202
110,Gs2,103.826,6,623.117,0.394885,3.07707,0.917407
110,Gs2,103.826,7,728.091,0.320962,3.00466,0.942372
110,Gs2,103.826,8,831.72,0.257288,0.488949,0.80238
110,Gs2,103.826,9,936.694,0.287858,2.9928,0.915473
110,Gs2,103.826,10,1041.67,0.752546,4.05521,0.986659
110,Gs2,103.826,11,1146.64,0.738322,3.16047,0.951456
110,Gs2,103.826,12,1251.62,0.807775,3.21139,0.891644
110,Gs2,103.826,13,1357.94,0.688743,1.21107,0.873841
110,Gs2,103.826,15,1570.58,0.422895,0.149943,0.65079
110,Gs2,103.826,16,1676.9,0.430634,-0.530063,0.766876
110,Gs2,103.826,17,1784.56,2.08094,3.38913,0.978797
110,Gs2,103.826,18,1892.23,0.369979,0.82333,0.673181
110,Gs2,103.826,19,2001.24,0.33178,-0.558598,0.822524
110,Gs2,103.826,20,2110.25,0.655333,-1.1207,0.877325
110,Gs2,103.826,21,2217.92,0.578115,0.916952,0.825403
110,Gs2,103.826,22,2328.28,0.854912,1.02341,0.728673
110,Gs2,103.826,23,2438.64,0.234117,-1.12104,0.602045
110,Gs2,103.826,24,2550.34,0.375199,-0.925408,0.689052
110,Gs2,103.826,25,2662.04,0.48608,-0.609216,0.895294
110,Gs2,103.826,26,2776.44,0.658321,0.357544,0.75683
110,Gs2,103.826,28,3229.98,0.386815,0.362927,0.892992
110,Gs2,103.826,35,3345.72,0.419351,0.184554,0.94931
110,Gs2,103.826,36,4057.66,0.657311,0.0578698,0.882894
110,Gs2,103.826,43,4178.79,0.670831,-0.0609472,0.936839
110,Gs2,103.826,44,4931.1,0.982218,0.160103,0.949158
110,Gs2,103.826,50,5189.5,1.03722,-0.157703,0.933342
110,Gs2,103.826,53,5320.05,1.20052,-0.0240887,0.943271
110,Gs2,103.826,54,6266.16,1.54496,-0.397995,0.953926
110,Gs2,103.826,61,6459.96,5.17031,-2.5217,0.901395
110,Gs2,103.826,63,6575.7,3.5023,-2.88527,0.900728
110,Gs2,103.826,64,7127.49,2.69105,-1.36312,0.870983
110,Gs2,103.826,68,7272.84,3.87194,-1.06253,0.907401
110,Gs2,103.826,69,7420.88,4.48469,-1.68733,0.938109
110,Gs2,103.826,70,8358.92,4.81731,-3.15857,0.905032
110,Ds3,155.563,1,154.77,0.328565,3.30658,0.682241
110,Ds3,155.563,2,310.886,0.561729,4.9696,0.988649
110,Ds3,155.563,3,467.001,0.440229,3.22844,0.886167
110,Ds3,155.563,4,621.771,0.376304,2.1063,0.85181
110,Ds3,155.563,5,777.887,0.431512,3.26585,0.928899
110,Ds3,155.563,6,935.349,0.272837,0.12244,0.601838
110,Ds3,155.563,8,1248.93,0.399321,0.165888,0.797533
110,Ds3,155.563,9,1406.39,0.546906,1.04939,0.627285
110,Ds3,155.563,10,1565.19,0.493158,2.93198,0.718487
110,Ds3,155.563,19,3196.33,0.353505,-0.385222,0.790622
110,Ds3,155.563,23,3365.91,0.564484,-1.1298,0.698643
110,Ds3,155.563,24,3535.48,0.56897,-0.601623,0.880102
110,Ds3,155.563,25,3881.36,0.371226,-1.17711,0.804997
110,Ds3,155.563,28,4955.33,0.738867,-0.125106,0.874876
110,Ds3,155.563,34,5139.71,0.890366,-0.284292,0.860075
110,Ds3,155.563,35,5326.78,0.907661,-0.350091,0.886461
110,Ds3,155.563,36,6489.57,1.38137,-0.351939,0.910803
110,Ds3,155.563,42,6922.92,1.81658,-1.68542,0.918583
110,Ds3,155.563,44,7947.1,2.47495,-1.52129,0.819951
110,Ds3,155.563,48,9288.89,4.23155,-1.25575,0.853947
110,Ds3,155.563,54,10236.3,5.19436,-3.14243,0.856238
110,Ds3,155.563,58,11488,4.80191,-4.83404,0.782115
110,A5,880,1,880.17,0.729372,1.65398,0.779104
110,A5,880,2,1767.07,0.62021,-0.479056,0.692564
110,A5,880,3,2667.43,1.30669,-0.132101,0.934916
110,A5,880,4,3585.28,2.21988,0.599152,0.948343
110,A5,880,5,4531.39,3.59464,0.287949,0.950787
110,A5,880,6,5505.77,5.6054,0.101849,0.949424
110,A5,880,8,6517.83,7.47706,-0.67495,0.933394
110,A5,880,9,7551.43,12.4874,-1.41618,0.936129
110,A5,880,10,8667.11,9.93984,-3.9908,0.869786
110,A5,880,11,9812.41,5.66137,-8.26108,0.674113
110,C1,32.7032,1,32.2998,0.217501,1.94402,0.98446
110,C1,32.7032,2,64.5996,0.188949,4.49764,0.970129
110,C1,32.7032,3,96.8994,0.132453,4.33092,0.841029
110,C1,32.7032,4,130.545,0.147455,4.97386,0.921678
110,C1,32.7032,5,162.845,0.149658,3.43103,0.919715
110,C1,32.7032,6,195.145,0.114595,4.46798,0.753002
110,C1,32.7032,7,227.444,0.106679,2.49657,0.778791
110,C1,32.7032,8,261.09,0.0961804,1.05416,0.609934
110,C1,32.7032,9,293.39,0.137285,4.08915,0.886919
110,C1,32.7032,10,327.036,0.144435,4.81656,0.921621
110,C1,32.7032,11,359.335,0.102993,2.91424,0.701981
110,C1,32.7032,12,392.981,0.105334,3.89867,0.717635
110,C1,32.7032,13,425.281,0.129296,3.83546,0.815045
110,C1,32.7032,14,458.926,0.154302,3.72567,0.865001
110,C1,32.7032,15,492.572,0.1688,2.07278,0.91721
110,C1,32.7032,16,526.218,0.160839,1.59267,0.885044
110,C1,32.7032,17,559.863,0.163567,2.06611,0.904714
110,C1,32.7032,18,593.509,0.187925,2.74301,0.955227
110,C1,32.7032,19,627.155,0.180826,2.73704,0.901647
110,C1,32.7032,20,660.8,0.188624,2.55309,0.907985
110,C1,32.7032,21,695.792,0.204383,2.38099,0.949963
110,C1,32.7032,22,730.783,0.200887,4.08115,0.959185
110,C1,32.7032,23,764.429,0.211005,3.51287,0.961934
110,C1,32.7032,24,818.262,0.617987,1.49979,0.99847
110,C1,32.7032,25,850.562,0.660401,1.6738,0.996781
110,C1,32.7032,27,905.74,0.264656,3.45015,0.985282
110,C1,32.7032,28,940.732,0.291574,3.86767,0.990549
110,C1,32.7032,29,977.069,0.298595,3.61366,0.989332
110,C1,32.7032,30,1013.41,0.316213,2.95982,0.986388
110,C1,32.7032,31,1049.74,0.348826,2.73579,0.989949
110,C1,32.7032,32,1086.08,0.37471,2.1159,0.996328
110,C1,32.7032,33,1123.76,0.426802,-0.26161,0.985532
110,C1,32.7032,34,1162.79,0.423173,2.4884,0.977795
110,C1,32.7032,35,1200.48,0.437894,3.141,0.972982
110,C1,32.7032,36,1254.31,0.635526,-0.636619,0.932196
110,C1,32.7032,37,1287.95,0.638299,-0.856895,0.940731
110,C1,32.7032,38,1322.95,0.682606,-1.46285,0.950836
110,C1,32.7032,39,1356.59,0.801808,-1.10549,0.969343
110,C1,32.7032,41,1460.22,0.976999,1.9129,0.999511
110,C1,32.7032,42,1495.21,0.989469,0.998146,0.996882
110,C1,32.7032,43,1528.86,1.02116,0.374073,0.998037
110,C1,32.7032,44,1584.04,0.631659,2.05702,0.992451
110,C1,32.7032,45,1625.76,0.723167,2.70004,0.982116
110,C1,32.7032,46,1667.48,0.696134,2.03205,0.991604
110,C1,32.7032,47,1710.54,0.751067,2.1869,0.983771
110,C1,32.7032,48,1753.61,0.780255,0.610396,0.953321
110,C1,32.7032,49,1795.33,0.949688,1.79067,0.999598
110,C1,32.7032,50,1838.4,0.998544,1.62066,0.995634
110,C1,32.7032,51,1881.46,0.916573,2.06815,0.990863
110,C1,32.7032,52,1925.88,0.946155,3.62717,0.990707
110,C1,32.7032,53,1967.6,0.977112,1.98391,0.987365
110,C1,32.7032,54,2012.01,1.0422,1.91671,0.99215
110,C1,32.7032,55,2056.42,1.04048,2.17289,0.980469
110,C1,32.7032,56,2102.18,1.03598,0.47432,0.986664
110,C1,32.7032,57,2147.94,1.08864,1.62823,0.984799
110,C1,32.7032,58,2193.7,1.15173,2.68166,0.999902
110,C1,32.7032,59,2239.45,1.10656,1.76419,0.963801
110,C1,32.7032,60,2286.56,1.07566,1.24803,0.971685
110,C1,32.7032,61,2333.66,1.19432,1.44655,0.983005
110,C1,32.7032,62,2379.42,1.25197,1.83369,0.998404
110,C1,32.7032,63,2427.87,1.15548,1.04818,0.992124
110,C1,32.7032,64,2477.66,1.13416,1.7376,0.993151
110,C1,32.7032,65,2546.3,1.19982,0.347269,0.999537
110,C1,32.7032,66,2573.22,1.24369,-0.151002,0.964238
110,C1,32.7032,67,2624.36,1.28703,0.488358,0.978695
110,C1,32.7032,68,2675.5,1.38339,1.27048,0.991081
110,C1,32.7032,71,2855.84,1.8447,2.87124,0.997537
110,C1,32.7032,81,2931.21,1.76699,1.00072,0.987292
110,C1,32.7032,82,3145.19,1.41854,-0.317917,0.894446
110,C1,32.7032,86,3309.38,0.978439,-2.75487,0.849621
110,C1,32.7032,87,4282.42,3.79239,1.37181,0.991271
110,G6,1567.98,1,1573.27,1.10369,1.2713,0.749477
110,G6,1567.98,2,3173.46,2.39426,1.04248,0.977086
110,G6,1567.98,3,4826.13,4.67037,-0.324113,0.934736
110,G6,1567.98,4,6562.24,13.1157,-0.789444,0.928497
110,G6,1567.98,5,8399.29,4.43553,-8.99813,0.51262
110,Cs5,554.365,1,554.48,0.895445,3.65165,0.879409
110,Cs5,554.365,2,1110.31,0.911784,2.58302,0.832228
110,Cs5,554.365,3,1671.51,0.648832,0.947785,0.689287
110,Cs5,554.365,4,2236.76,0.951679,1.64145,0.909618
110,Cs5,554.365,5,2811.43,0.93185,0.824875,0.921541
110,Cs5,554.365,6,3395.52,1.27494,0.736746,0.949437
110,Cs5,554.365,8,3990.37,2.00338,0.931941,0.977265
110,Cs5,554.365,9,5223.15,3.60794,0.464202,0.96543
110,Cs5,554.365,11,5865.11,5.5036,-0.124429,0.939627
110,Cs5,554.365,12,6524.56,6.92933,-0.552452,0.9336
110,Cs5,554.365,13,7905.38,9.82715,-1.07452,0.947408
110,Cs5,554.365,16,8628.08,14.8075,-1.24775,0.946107
110,Cs5,554.365,17,9373.67,7.7929,-5.57474,0.77756
110,Cs2,69.2957,1,68.6371,0.358291,2.44266,0.832364
110,Cs2,69.2957,2,138.62,0.426716,4.45973,0.980055
110,Cs2,69.2957,3,207.257,0.312903,3.77869,0.918265
110,Cs2,69.2957,4,277.24,0.453869,4.24768,0.989959
110,Cs2,69.2957,5,345.877,0.29111,3.35007,0.951524
110,Cs2,69.2957,6,415.86,0.316118,3.84612,0.972692
110,Cs2,69.2957,7,484.497,0.54929,2.94054,0.959102
110,Cs2,69.2957,8,554.48,0.448437,1.29387,0.959514
110,Cs2,69.2957,9,624.463,0.271942,1.14625,0.896486
110,Cs2,69.2957,10,693.1,0.200788,1.18142,0.792411
110,Cs2,69.2957,11,763.083,0.247415,2.6098,0.857934
110,Cs2,69.2957,12,833.066,0.232144,1.49571,0.809818
110,Cs2,69.2957,13,903.049,0.558897,3.1488,0.961858
110,Cs2,69.2957,14,973.032,0.234859,2.45158,0.781667
110,Cs2,69.2957,15,1044.36,0.241899,0.961988,0.748807
110,Cs2,69.2957,16,1114.34,0.208894,0.0535379,0.7233
110,Cs2,69.2957,17,1185.67,0.209393,1.17805,0.819888
110,Cs2,69.2957,18,1255.65,2.12031,3.7591,0.996107
110,Cs2,69.2957,19,1328.33,0.390796,0.539943,0.664404
110,Cs2,69.2957,20,1401,0.215175,0.0477729,0.739495
110,Cs2,69.2957,26,1873.39,2.25602,0.737805,0.999785
110,Cs2,69.2957,27,1947.41,2.01354,1.22839,0.999949
110,Cs2,69.2957,28,2017.39,2.36225,0.274199,0.99987
110,Cs2,69.2957,29,2087.38,2.75965,0.104632,0.998607
110,Cs2,69.2957,34,2499.2,0.550127,-0.378557,0.93994
110,Cs2,69.2957,35,2575.91,0.640738,0.855219,0.901028
110,Cs2,69.2957,36,2652.62,0.48696,0.634215,0.8753
110,Cs2,69.2957,37,2727.99,0.553263,1.51919,0.911317
110,Cs2,69.2957,38,2806.05,0.583965,1.03684,0.955065
110,Cs2,69.2957,43,3199.03,0.638967,1.01859,0.946484
110,Cs2,69.2957,49,3277.08,0.786364,0.901704,0.954611
110,Cs2,69.2957,50,3933.85,0.876868,0.766609,0.973918
110,Cs2,69.2957,58,4017.29,1.03219,0.208476,0.941623
110,Cs2,69.2957,59,4797.87,1.56538,-0.359331,0.948417
110,Cs2,69.2957,61,5628.24,2.23644,0.507592,0.948615
110,Cs2,69.2957,77,7500.28,2.77422,-0.652085,0.917584
110,Cs2,69.2957,94,7784.25,2.14049,-5.85677,0.73524
110,G1,48.9994,1,48.4497,0.24482,1.8474,0.954185
110,G1,48.9994,2,98.2452,0.23746,4.22981,0.972013
110,G1,48.9994,3,146.695,0.228899,5.05308,0.972105
110,G1,48.9994,4,195.145,0.24226,4.12994,0.972465
110,G1,48.9994,5,244.94,0.266179,4.14313,0.983442
110,G1,48.9994,6,293.39,0.228261,3.87763,0.950706
110,G1,48.9994,7,341.84,0.223096,4.03936,0.935964
110,G1,48.9994,8,391.635,0.263868,1.90259,0.981163
110,G1,48.9994,9,440.085,0.29398,3.90627,0.986214
110,G1,48.9994,10,489.88,0.236847,3.07755,0.947908
110,G1,48.9994,11,539.676,0.256585,2.81057,0.907499
110,G1,48.9994,12,588.126,0.291289,2.0806,0.948257
110,G1,48.9994,13,637.921,0.263472,3.22849,0.872448
110,G1,48.9994,14,687.717,0.202162,2.36563,0.789869
110,G1,48.9994,15,737.512,0.225342,2.47727,0.816656
110,G1,48.9994,16,787.308,0.201982,1.55721,0.838395
110,G1,48.9994,17,837.103,0.162811,0.914747,0.735173
110,G1,48.9994,18,886.899,0.244967,2.78519,0.846786
110,G1,48.9994,19,938.04,0.203015,2.27063,0.817586
110,G1,48.9994,20,987.836,0.169948,0.0271027,0.641166
110,G1,48.9994,21,1038.98,0.272508,2.37566,0.896037
110,G1,48.9994,22,1091.46,0.200206,2.30678,0.790763
110,G1,48.9994,23,1143.95,0.186062,1.21874,0.814565
110,G1,48.9994,25,1274.5,1.95922,1.47707,0.99922
110,G1,48.9994,26,1325.64,1.88994,0.912098,0.989555
110,G1,48.9994,27,1375.43,1.81419,0.350407,0.977922
110,G1,48.9994,28,1425.23,1.92657,1.27384,0.998758
110,G1,48.9994,29,1475.02,1.86879,0.657934,0.991278
110,G1,48.9994,30,1524.82,1.31007,-1.14793,0.949576
110,G1,48.9994,32,1658.06,0.503631,-0.110334,0.946726
110,G1,48.9994,33,1713.24,0.439683,0.64389,0.919239
110,G1,48.9994,34,1767.07,0.439018,1.27955,0.922529
110,G1,48.9994,35,1820.9,0.482887,2.68933,0.932441
110,G1,48.9994,36,1874.73,0.70766,3.06675,0.972092
110,G1,48.9994,37,1928.57,0.542397,2.30175,0.824476
110,G1,48.9994,38,1983.75,0.464233,1.02857,0.933205
110,G1,48.9994,39,2038.93,0.546519,0.916628,0.912872
110,G1,48.9994,41,2177.55,1.39664,0.0807773,0.931851
110,G1,48.9994,42,2228.69,1.91701,0.508679,0.988259
110,G1,48.9994,43,2279.83,1.94539,0.339074,0.996125
110,G1,48.9994,45,2431.91,0.719257,1.06766,0.944571
110,G1,48.9994,46,2489.78,0.725656,0.77334,0.973327
110,G1,48.9994,48,2605.52,0.846945,0.383836,0.968883
110,G1,48.9994,49,2663.39,0.863256,0.683268,0.867158
110,G1,48.9994,50,2725.3,0.954563,0.836915,0.890537
110,G1,48.9994,51,2793.93,0.623603,-1.88219,0.864392
110,G1,48.9994,53,2950.05,0.911022,-1.3591,0.880144
110,G1,48.9994,54,3361.87,1.31228,2.01415,0.962928
110,G1,48.9994,68,4034.78,2.01828,1.70663,0.973615
110,G1,48.9994,78,5285.06,3.35848,0.738381,0.945253
110,G1,48.9994,94,6049.48,3.28909,0.00714286,0.947052
110,C6,1046.5,1,1047.05,1.39541,1.66004,0.898132
110,C6,1046.5,2,2106.22,1.43418,0.766395,0.967322
110,C6,1046.5,3,3182.88,1.70959,0.345164,0.921702
110,C6,1046.5,4,4289.15,3.35256,-0.512913,0.940278
110,C6,1046.5,5,5435.79,6.14861,-0.19515,0.942384
110,C6,1046.5,6,6628.19,9.34904,-0.852477,0.9389
110,C6,1046.5,8,7874.42,15.2481,-1.33696,0.925148
110,C6,1046.5,9,9183.91,16.9919,-2.31474,0.951157
110,A2,110,1,110.358,0.468813,3.51969,0.859189
110,A2,110,2,219.37,0.61329,2.24845,0.893805
110,A2,110,3,329.727,0.439991,4.39031,0.986455
110,A2,110,4,440.085,0.321759,2.20958,0.804275
110,A2,110,5,550.443,0.465362,3.76326,0.985593
110,A2,110,6,660.8,0.357336,3.16279,0.896014
110,A2,110,7,771.158,0.442519,3.57787,0.946401
110,A2,110,8,881.516,0.549088,2.71733,0.95685
110,A2,110,9,991.873,0.783265,3.38691,0.936868
110,A2,110,10,1103.58,0.43297,3.32394,0.881955
110,A2,110,11,1216.63,0.66483,2.19105,0.897403
110,A2,110,12,1331.02,0.527896,0.631509,0.819148
110,A2,110,15,1691.7,4.54145,-3.03997,0.981667
110,A2,110,20,2318.86,2.63882,-0.0480259,0.995109
110,A2,110,21,2429.21,3.12568,-1.0721,0.985844
110,A2,110,23,2702.42,0.36423,-1.50235,0.640332
110,A2,110,24,2819.5,0.59552,-1.4412,0.892795
110,A2,110,25,2943.32,0.526058,-0.774263,0.834906
110,A2,110,29,3422.43,0.395285,-0.245242,0.859631
110,A2,110,33,3544.9,0.505095,0.134956,0.896748
110,A2,110,34,3668.72,0.568349,-1.12302,0.854088
110,A2,110,35,4299.91,0.606383,-0.71848,0.88942
110,A2,110,36,5224.49,1.00916,0.582077,0.936946
110,A2,110,46,5497.7,1.0471,-0.101378,0.921
110,A2,110,48,5636.32,1.27856,-0.486103,0.921144
110,A2,110,49,6638.96,1.79861,-0.665263,0.927709
110,A2,110,55,7393.96,3.73672,-1.02279,0.899381
110,A2,110,59,8512.34,4.27759,-0.798237,0.827234
110,A2,110,64,8840.73,4.56114,-2.30875,0.923397
110,A2,110,66,10410,5.03113,-3.65694,0.840938
110,A2,110,73,10957.7,2.80561,-6.69613,0.673318
110,A2,110,76,11147.5,2.52766,-7.40307,0.654367
110,Ds4,311.127,1,310.886,0.594732,3.8968,0.851637
110,Ds4,311.127,2,621.771,1.19799,4.02375,0.989238
110,Ds4,311.127,3,934.003,1.29605,3.68146,0.965167
110,Ds4,311.127,4,1247.58,0.411218,1.1145,0.815711
110,Ds4,311.127,5,1563.85,0.775446,2.02688,0.794478
110,Ds4,311.127,6,1881.46,0.645331,1.39931,0.80022
110,Ds4,311.127,7,2200.42,0.567416,0.843831,0.802308
110,Ds4,311.127,8,2524.77,0.497994,-1.98382,0.606832
110,Ds4,311.127,9,2850.46,0.505165,-0.239183,0.776226
110,Ds4,311.127,11,3181.53,0.784764,0.655623,0.969401
110,Ds4,311.127,12,3515.3,0.814627,-0.299331,0.860293
110,Ds4,311.127,13,3854.44,0.962846,-0.438767,0.914704
110,Ds4,311.127,14,4902.84,1.72954,0.176918,0.961021
110,Ds4,311.127,18,6385.94,3.57582,-0.777896,0.924658
110,Ds4,311.127,22,6777.58,5.55388,-0.404476,0.872007
110,Ds4,311.127,23,7174.59,6.84333,-0.76579,0.932516
110,Ds4,311.127,24,7991.51,6.42643,-3.0449,0.879665
110,Ds4,311.127,26,8408.72,5.95284,-4.23986,0.843374
110,Gs5,830.609,1,831.72,0.741277,2.03695,0.766135
110,Gs5,830.609,2,1668.82,0.958648,0.517717,0.872324
110,Gs5,830.609,3,2515.35,1.01845,-1.05118,0.945327
110,Gs5,830.609,4,3379.37,1.74318,-0.0139392,0.929392
110,Gs5,830.609,5,4264.92,2.71991,0.28605,0.952636
110,Gs5,830.609,6,5178.74,4.58285,-0.0556041,0.944793
110,Gs5,830.609,8,6123.5,6.77991,-0.685346,0.930959
110,Gs5,830.609,9,7103.27,9.19531,-0.82378,0.932734
110,Gs5,830.609,10,8122.06,15.4374,-1.93684,0.94808
110,Gs5,830.609,11,9185.26,13.4818,-3.47716,0.909805
110,Gs5,830.609,13,10295.6,4.48339,-9.02593,0.597028
110,E5,659.255,1,659.454,0.84323,3.34436,0.787676
110,E5,659.255,2,1321.6,0.770826,1.29827,0.731831
110,E5,659.255,3,1990.48,0.685809,0.982643,0.78035
110,E5,659.255,4,2667.43,0.739251,0.601253,0.822118
110,E5,659.255,5,3357.83,1.54573,0.451636,0.951715
110,E5,659.255,6,4063.05,2.14447,0.302717,0.959849
110,E5,659.255,8,4784.41,3.73462,-0.120144,0.951699
110,E5,659.255,9,5530,5.09804,0.24433,0.946647
110,E5,659.255,10,6297.12,8.11113,-1.07523,0.917627
110,E5,659.255,11,7088.46,13.0441,-1.28266,0.962788
110,E5,659.255,12,8757.28,14.2132,-2.061,0.928317
110,B0,30.8677,1,30.954,0.220689,1.92882,0.98349
110,B0,30.8677,2,61.908,0.21074,3.94294,0.978528
110,B0,30.8677,3,91.5161,0.157333,4.66361,0.940036
110,B0,30.8677,4,122.47,0.116414,4.24775,0.78063
110,B0,30.8677,5,153.424,0.15044,4.20848,0.918521
110,B0,30.8677,6,184.378,0.110917,3.92626,0.726641
110,B0,30.8677,7,215.332,0.0916168,3.52005,0.629638
110,B0,30.8677,8,246.286,0.107678,1.46706,0.680511
110,B0,30.8677,9,277.24,0.125355,3.97361,0.822568
110,B0,30.8677,10,308.194,0.111889,3.36299,0.720719
110,B0,30.8677,11,339.148,0.103993,3.88196,0.695427
110,B0,30.8677,12,371.448,0.109868,3.9294,0.70226
110,B0,30.8677,13,402.402,0.138721,4.14905,0.82213
110,B0,30.8677,14,433.356,0.138288,2.95051,0.839289
110,B0,30.8677,15,465.656,0.159422,2.25915,0.841514
110,B0,30.8677,16,497.955,0.171761,1.28316,0.942713
110,B0,30.8677,17,528.909,0.186964,2.21831,0.942139
110,B0,30.8677,18,562.555,0.178252,2.36558,0.938048
110,B0,30.8677,19,594.855,0.20272,3.15342,0.968758
110,B0,30.8677,20,627.155,0.198044,2.29101,0.950901
110,B0,30.8677,21,659.454,0.201615,3.57439,0.941916
110,B0,30.8677,22,693.1,0.21428,2.88783,0.94768
110,B0,30.8677,23,725.4,0.206193,3.27457,0.954449
110,B0,30.8677,24,772.504,0.618516,2.02873,0.999498
110,B0,30.8677,25,804.803,0.668699,1.91957,0.999858
110,B0,30.8677,27,861.328,0.27074,3.22341,0.982411
110,B0,30.8677,28,896.32,0.279666,3.93506,0.988653
110,B0,30.8677,29,929.965,0.325794,3.74665,0.99317
110,B0,30.8677,30,964.957,0.345578,3.50469,0.997913
110,B0,30.8677,31,999.948,0.361929,2.34906,0.990333
110,B0,30.8677,32,1036.29,0.362527,1.33834,0.987478
110,B0,30.8677,33,1071.28,0.440877,0.0926503,0.994892
110,B0,30.8677,34,1108.96,0.455007,1.92823,0.995488
110,B0,30.8677,35,1143.95,0.513969,3.77409,0.99558
110,B0,30.8677,36,1181.63,0.480029,3.83742,0.988682
110,B0,30.8677,37,1217.97,0.532399,3.6135,0.990016
110,B0,30.8677,38,1255.65,0.594669,2.63047,0.989964
110,B0,30.8677,39,1294.68,0.651468,3.75046,0.99949
110,B0,30.8677,41,1371.4,0.836995,2.02997,0.951707
110,B0,30.8677,42,1410.42,0.677281,2.50506,0.97835
110,B0,30.8677,43,1449.45,0.710746,3.14008,0.992021
110,B0,30.8677,44,1489.83,0.704782,2.38366,0.99232
110,B0,30.8677,45,1528.86,0.757235,2.74674,0.981964
110,B0,30.8677,46,1569.23,0.846483,2.86019,0.978229
110,B0,30.8677,47,1609.61,0.880299,2.80961,0.996353
110,B0,30.8677,48,1651.33,0.889832,2.5873,0.980007
110,B0,30.8677,49,1694.39,0.901001,0.853376,0.987348
110,B0,30.8677,50,1734.77,0.885642,0.999419,0.935202
110,B0,30.8677,51,1777.84,1.0924,1.71096,0.978541
110,B0,30.8677,52,1820.9,1.33244,2.63343,0.999656
110,B0,30.8677,53,1863.97,1.11523,3.331,0.98282
110,B0,30.8677,54,1907.03,1.27427,3.77312,0.989513
110,B0,30.8677,55,1950.1,1.35901,2.4872,0.993501
110,B0,30.8677,57,2036.23,0.943468,-2.19385,0.969963
110,B0,30.8677,62,2252.91,1.05291,-2.0192,0.913442
110,B0,30.8677,63,2289.25,1.45269,0.0436157,0.998831
110,B0,30.8677,64,2349.81,4.03387,1.72379,0.996351
110,B0,30.8677,65,2399.61,1.40904,0.76135,0.999912
110,B0,30.8677,66,2437.29,1.43553,0.0342656,0.998778
110,B0,30.8677,67,2476.32,1.51814,-0.683638,0.995294
110,B0,30.8677,68,2550.34,1.56494,-0.715971,0.994815
110,B0,30.8677,69,2588.02,1.51259,0.580954,0.999737
110,B0,30.8677,70,2624.36,2.16738,1.62534,0.93683
110,B0,30.8677,71,2674.15,2.05646,1.77609,0.99599
110,B0,30.8677,72,2726.64,1.95092,2.23156,0.99523
110,B0,30.8677,73,2777.78,2.01911,0.883502,0.973444
110,B0,30.8677,74,2832.96,2.18045,0.128844,0.998399
110,B0,30.8677,75,2885.45,2.65804,0.744463,0.988777
110,B0,30.8677,76,2939.28,1.75517,-0.998375,0.919307
110,B0,30.8677,77,2994.46,2.65898,0.25308,0.987071
110,B0,30.8677,78,3289.2,2.8892,2.49547,0.994947
110,B0,30.8677,93,3509.91,1.40673,-2.55741,0.822294
110,Fs2,92.4986,1,92.8619,0.275836,2.69278,0.890393
110,Fs2,92.4986,2,184.378,0.429537,2.12621,0.820086
110,Fs2,92.4986,3,277.24,0.36231,3.25727,0.911349
110,Fs2,92.4986,4,370.102,0.441173,2.89358,0.881388
110,Fs2,92.4986,5,461.618,0.547004,3.10715,0.933728
110,Fs2,92.4986,6,554.48,0.566408,3.49464,0.993182
110,Fs2,92.4986,7,647.342,0.335595,3.05121,0.864132
110,Fs2,92.4986,8,740.204,0.372167,2.3183,0.955694
110,Fs2,92.4986,9,834.412,0.430892,1.68739,0.880114
110,Fs2,92.4986,10,927.274,0.469236,3.44126,0.92577
110,Fs2,92.4986,11,1020.14,0.892877,3.03998,0.985677
110,Fs2,92.4986,12,1114.34,0.378603,1.93762,0.816531
110,Fs2,92.4986,13,1208.55,0.543411,2.86833,0.824203
110,Fs2,92.4986,14,1302.76,1.17666,4.30485,0.978738
110,Fs2,92.4986,15,1396.97,0.46189,0.575156,0.668677
110,Fs2,92.4986,16,1492.52,0.21787,-0.360805,0.745568
110,Fs2,92.4986,17,1586.73,0.40415,0.48664,0.807567
110,Fs2,92.4986,18,1682.28,0.921004,2.38975,0.787644
110,Fs2,92.4986,19,1777.84,1.24159,2.11482,0.879179
110,Fs2,92.4986,21,1972.98,0.477665,0.221617,0.888959
110,Fs2,92.4986,22,2071.23,0.254638,0.27899,0.67137
110,Fs2,92.4986,23,2170.82,0.987007,-0.608248,0.869139
110,Fs2,92.4986,28,2699.73,3.22452,0.603795,0.999957
110,Fs2,92.4986,29,2793.93,4.08473,-0.155131,0.99938
110,Fs2,92.4986,30,2888.14,3.43581,-1.0662,0.991664
110,Fs2,92.4986,31,2861.22,0.398621,0.124811,0.918554
110,Fs2,92.4986,35,3065.79,0.385592,0.241152,0.912678
110,Fs2,92.4986,37,3906.93,0.676309,0.489067,0.955166
110,Fs2,92.4986,46,4345.67,0.8299,0.238919,0.965278
110,Fs2,92.4986,50,4569.08,0.871658,-0.11493,0.928197
110,Fs2,92.4986,52,5260.83,1.14022,0.00740665,0.963892
110,Fs2,92.4986,58,5377.92,1.28176,-0.000754717,0.959199
110,Fs2,92.4986,59,6108.7,1.68719,-0.528362,0.941122
110,Fs2,92.4986,66,6233.86,1.78912,-0.641995,0.93713
110,Fs2,92.4986,67,6616.08,2.20349,-1.17158,0.911475
110,Fs2,92.4986,70,6745.28,3.19039,-1.04435,0.858915
110,Fs2,92.4986,71,7271.49,3.63482,-0.741151,0.844382
110,Fs2,92.4986,75,7813.86,3.62647,-4.88346,0.874903
110,Fs2,92.4986,79,8817.85,3.92014,-3.32532,0.842996
110,Fs2,92.4986,86,8961.85,2.45858,-5.89962,0.721529
110,Fs2,92.4986,87,9112.58,2.19764,-6.65324,0.6789
110,Fs2,92.4986,88,10191.9,1.70274,-8.05307,0.592742
110,F7,2793.83,1,2811.43,4.94386,-2.43732,0.828153
110,F7,2793.83,2,5725.14,15.7564,-2.09478,0.953097
110,F7,2793.83,3,8811.12,29.8817,-2.88513,0.97537
110,D3,146.832,1,146.695,0.354371,3.61274,0.78283
110,D3,146.832,2,293.39,0.382578,3.53776,0.925392
110,D3,146.832,3,440.085,0.576228,3.54336,0.971474
110,D3,146.832,4,586.78,0.555096,3.23236,0.957063
110,D3,146.832,5,734.821,0.382031,3.65254,0.919867
110,D3,146.832,6,882.861,0.399781,2.40307,0.817738
110,D3,146.832,7,1030.9,0.754958,1.48983,0.923903
110,D3,146.832,8,1178.94,0.460943,0.674263,0.80665
110,D3,146.832,9,1326.98,1.0716,1.56193,0.845775
110,D3,146.832,10,1477.72,0.397998,1.58218,0.640387
110,D3,146.832,11,1627.1,0.30988,0.359944,0.813177
110,D3,146.832,12,1781.87,0.455701,0.78658,0.766891
110,D3,146.832,20,3017.34,0.352986,-0.0841757,0.744833
110,D3,146.832,23,3176.15,0.400082,-0.556843,0.827272
110,D3,146.832,24,3499.15,0.531663,-0.139729,0.911486
110,D3,146.832,26,3663.34,0.456724,-0.554381,0.853158
110,D3,146.832,27,3994.41,0.533779,-0.055424,0.927068
110,D3,146.832,30,4851.7,0.829864,-0.574769,0.891668
110,D3,146.832,35,5937.78,1.25948,-0.217248,0.924062
110,D3,146.832,41,6124.85,1.38018,-0.380071,0.927444
110,D3,146.832,42,7297.06,2.08306,-1.30822,0.881261
110,D3,146.832,47,7500.28,2.40126,-1.24795,0.859502
110,D3,146.832,48,8768.05,3.71682,-1.62438,0.874021
110,D3,146.832,54,9210.83,5.22349,-1.36205,0.829471
110,D3,146.832,56,9434.23,3.8207,-4.70252,0.844494
110,As4,466.164,1,465.656,0.762076,3.15012,0.863372
110,As4,466.164,2,934.003,0.542128,2.35033,0.718006
110,As4,466.164,3,1403.7,0.403351,0.353814,0.583994
110,As4,466.164,4,1877.43,0.54317,1.45599,0.909888
110,As4,466.164,5,2356.54,0.537996,0.757561,0.895116
110,As4,466.164,6,2841.04,0.633619,0.386149,0.866838
110,As4,466.164,8,3332.26,1.05577,0.805448,0.960635
110,As4,466.164,9,4342.98,1.99449,0.0598724,0.947933
110,As4,466.164,10,5396.76,3.52639,0.670754,0.964203
110,As4,466.164,13,5944.51,4.60616,-0.196324,0.91802
110,As4,466.164,14,6507.06,5.99509,-0.718512,0.911655
110,As4,466.164,15,7081.73,9.47166,-0.855,0.919585
110,As4,466.164,17,8278.17,12.1538,-1.28525,0.909283
110,As4,466.164,19,8901.29,10.779,-2.87966,0.919045
110,As4,466.164,20,9544.59,14.6522,-2.28851,0.956292
110,As4,466.164,21,10204,9.93236,-4.54346,0.830492
110,As4,466.164,22,11583.5,8.76185,-5.87536,0.769788
110,F2,87.3071,1,87.4786,0.263742,2.48574,0.722467
110,F2,87.3071,2,174.957,1.01402,4.38526,0.972908
110,F2,87.3071,3,261.09,0.357652,4.1802,0.958792
110,F2,87.3071,4,348.569,0.324448,2.73974,0.85896
110,F2,87.3071,5,436.047,0.629886,2.37158,0.952847
110,F2,87.3071,6,523.526,0.453527,3.45262,0.961038
110,F2,87.3071,7,611.005,0.325356,2.157,0.959208
110,F2,87.3071,8,698.483,0.188124,-0.737723,0.676998
110,F2,87.3071,9,787.308,0.282462,2.39709,0.902822
110,F2,87.3071,10,874.786,0.552315,3.19789,0.919347
110,F2,87.3071,11,963.611,0.255161,0.0516036,0.710598
110,F2,87.3071,12,1051.09,1.21144,2.50351,0.993125
110,F2,87.3071,13,1139.91,0.305068,3.12059,0.79257
110,F2,87.3071,14,1228.74,0.822819,4.11862,0.956351
110,F2,87.3071,15,1317.56,0.335215,1.51646,0.726207
110,F2,87.3071,17,1496.56,0.264781,0.513722,0.76103
110,F2,87.3071,18,1586.73,0.256679,1.16655,0.619189
110,F2,87.3071,19,1676.9,0.393707,0.581856,0.607389
110,F2,87.3071,20,1768.41,0.445115,-1.77118,0.634475
110,F2,87.3071,21,1861.28,0.31965,1.83735,0.895468
110,F2,87.3071,22,1954.14,0.547199,-0.717987,0.705533
110,F2,87.3071,28,2546.3,2.07486,-0.0540906,0.999648
110,F2,87.3071,29,2635.13,2.13483,0.330526,0.999254
110,F2,87.3071,33,2694.34,0.408561,0.960946,0.887656
110,F2,87.3071,35,2789.9,0.33471,-0.284846,0.833454
110,F2,87.3071,36,3176.15,0.466676,-0.0591113,0.904267
110,F2,87.3071,40,3472.23,0.505231,-0.032676,0.919784
110,F2,87.3071,43,3571.82,0.488308,-0.377345,0.775439
110,F2,87.3071,45,4219.16,2.62117,-0.0424983,0.909196
110,F2,87.3071,51,4290.49,0.920418,0.175752,0.94669
110,F2,87.3071,52,4823.44,1.15446,-0.35983,0.952135
110,F2,87.3071,57,5042.81,1.34388,-0.329879,0.944018
110,F2,87.3071,59,5952.58,1.77046,-0.519374,0.934538
110,F2,87.3071,67,6189.45,1.99247,-1.06277,0.914382
110,F2,87.3071,69,6309.23,2.99084,-1.00928,0.867307
110,F2,87.3071,70,6799.11,3.1734,-0.878814,0.826739
110,F2,87.3071,74,7174.59,4.47848,-0.53059,0.90807
110,F2,87.3071,77,9194.68,6.47727,-0.962374,0.926552
110,F2,87.3071,92,10222.9,3.5615,-4.86708,0.774407
110,B5,987.767,1,987.836,0.995319,1.81941,0.871257
110,B5,987.767,2,1986.44,0.949672,0.567796,0.889677
110,B5,987.767,3,2999.84,1.50712,-0.0093429,0.923744
110,B5,987.767,4,4040.17,2.76749,0.288049,0.937628
110,B5,987.767,5,5114.14,5.22085,0.16785,0.927984
110,B5,987.767,6,6228.48,8.31986,-0.627187,0.918982
110,B5,987.767,8,7389.93,11.0104,-0.766428,0.932128
110,B5,987.767,9,8606.55,6.28491,-6.45741,0.726555
110,B5,987.767,10,9881.05,3.28483,-9.85106,0.563508
110,Fs7,2959.96,2,6072.36,19.0454,-2.81567,0.947919
110,Fs7,2959.96,3,9349.45,37.9072,-3.16151,0.984734
110,As1,58.2705,1,57.8705,0.391258,2.22513,0.959485
110,As1,58.2705,2,117.087,0.347329,3.54549,0.967489
110,As1,58.2705,3,174.957,0.304928,2.69202,0.872688
110,As1,58.2705,4,232.828,0.261445,0.556973,0.9746
110,As1,58.2705,5,290.698,0.291317,3.51013,0.945293
110,As1,58.2705,6,348.569,0.31622,3.32462,0.944852
110,As1,58.2705,7,407.785,0.301481,3.09885,0.9585
110,As1,58.2705,8,465.656,0.423299,1.68131,0.940895
110,As1,58.2705,9,523.526,0.252009,2.64254,0.899529
110,As1,58.2705,10,582.742,0.301538,3.38281,0.958427
110,As1,58.2705,11,640.613,0.253015,3.0154,0.855056
110,As1,58.2705,12,699.829,0.142693,0.101695,0.754411
110,As1,58.2705,13,759.045,0.261011,3.20405,0.88263
110,As1,58.2705,14,816.916,0.176184,2.04823,0.741496
110,As1,58.2705,15,876.132,0.186116,2.67594,0.726929
110,As1,58.2705,16,935.349,0.167554,0.616318,0.655678
110,As1,58.2705,17,994.565,0.184833,0.984269,0.742078
110,As1,58.2705,18,1053.78,0.182588,0.776099,0.752308
110,As1,58.2705,19,1114.34,0.185235,0.857637,0.697972
110,As1,58.2705,20,1176.25,0.179003,0.969618,0.751782
110,As1,58.2705,21,1238.16,0.147488,-2.35926,0.618136
110,As1,58.2705,22,1301.41,0.606276,-3.45334,0.885846
110,As1,58.2705,25,1514.05,2.06572,1.61638,0.99954
110,As1,58.2705,26,1575.96,1.85006,1.34833,0.999767
110,As1,58.2705,27,1633.83,1.6257,1.00859,0.999646
110,As1,58.2705,28,1693.05,1.63309,0.930247,0.999875
110,As1,58.2705,29,1752.26,1.64283,0.875028,0.999801
110,As1,58.2705,30,1837.05,0.400409,2.27508,0.828925
110,As1,58.2705,31,1898.96,0.362722,0.886479,0.928691
110,As1,58.2705,32,1960.87,0.378397,0.107979,0.913494
110,As1,58.2705,33,2022.78,0.368684,0.528989,0.909981
110,As1,58.2705,34,2084.68,0.443468,0.0430222,0.920995
110,As1,58.2705,35,2149.28,0.486548,1.73711,0.93023
110,As1,58.2705,36,2225.99,1.51079,-2.06207,0.942323
110,As1,58.2705,37,2301.36,4.62518,-0.191966,0.942421
110,As1,58.2705,40,2523.42,0.599319,-1.06014,0.936957
110,As1,58.2705,41,2582.64,5.40857,1.38695,0.982988
110,As1,58.2705,42,2656.66,0.526024,1.2174,0.911754
110,As1,58.2705,43,2722.6,0.62306,1.91839,0.955252
110,As1,58.2705,44,2787.2,0.599229,1.67834,0.95376
110,As1,58.2705,51,3184.22,0.739613,0.96914,0.980936
110,As1,58.2705,57,3836.95,1.32063,1.21395,0.977778
110,As1,58.2705,65,4600.03,1.88909,0.624172,0.974111
110,As1,58.2705,75,4979.55,1.73497,0.550592,0.972537
110,As1,58.2705,80,6139.65,2.34603,0.515008,0.969898
110,As1,58.2705,92,6900.05,4.09371,0.120636,0.930492
110,D6,1174.66,1,1176.25,1.0282,1.02188,0.686123
110,D6,1174.66,2,2367.31,1.34011,0.350186,0.938793
110,D6,1174.66,3,3581.24,2.1563,-0.61816,0.913938
110,D6,1174.66,4,4835.55,4.19146,-1.39494,0.867866
110,D6,1174.66,5,6145.04,8.39481,-0.814387,0.938902
110,D6,1174.66,6,7513.74,15.8878,-2.1081,0.955153
110,D6,1174.66,8,8953.78,11.1764,-5.68568,0.785128
110,C3,130.813,1,130.545,0.376935,3.15357,0.767048
110,C3,130.813,2,261.09,0.60717,4.5537,0.991855
110,C3,130.813,3,391.635,0.813571,4.55747,0.993122
110,C3,130.813,4,523.526,0.423969,2.82514,0.916816
110,C3,130.813,5,654.071,0.424354,3.46294,0.947353
110,C3,130.813,6,785.962,0.34378,2.46493,0.86883
110,C3,130.813,7,917.853,0.337375,2.6827,0.755471
110,C3,130.813,8,1049.74,0.432654,-0.2764,0.759504
110,C3,130.813,9,1181.63,0.455302,1.82424,0.650594
110,C3,130.813,10,1314.87,0.274092,1.4517,0.619968
110,C3,130.813,11,1448.11,1.01251,2.29949,0.85149
110,C3,130.813,12,1585.38,0.291759,1.40795,0.626242
110,C3,130.813,21,2894.87,3.41282,-0.993292,0.991378
110,C3,130.813,22,3098.09,0.400102,0.741795,0.904438
110,C3,130.813,26,3240.75,0.372357,-0.465381,0.867227
110,C3,130.813,27,4273,0.614976,0.284292,0.913591
110,C3,130.813,34,5369.84,1.09557,0.77102,0.956662
110,C3,130.813,41,5532.69,1.2057,0.0721827,0.940458
110,C3,130.813,42,6029.3,1.48636,-0.963257,0.905204
110,C3,130.813,45,6194.83,1.65299,-0.721382,0.907737
110,C3,130.813,46,6369.79,1.64337,-1.46381,0.889422
110,C3,130.813,47,7986.13,2.832,-1.34351,0.903233
110,C3,130.813,55,8174.54,3.24615,-1.19437,0.8752
110,C3,130.813,56,8547.34,5.23618,-1.47525,0.929923
110,C3,130.813,58,9151.61,6.33626,-0.746363,0.843749
110,C3,130.813,60,9552.67,5.61897,-2.34656,0.905204
110,C3,130.813,62,10175.8,4.3728,-4.55974,0.795682
110,C3,130.813,65,10820.4,3.18881,-6.69933,0.713039
110,C3,130.813,67,11708.7,1.85625,-8.65454,0.618746
110,C3,130.813,71,11936.1,1.18192,-9.9306,0.541656
110,G4,391.995,1,391.635,1.07137,4.7632,0.980437
110,G4,391.995,2,784.616,0.787151,3.46068,0.794829
110,G4,391.995,3,1178.94,1.88274,3.64095,0.918912
110,G4,391.995,4,1575.96,0.538399,1.71668,0.874398
110,G4,391.995,6,2379.42,0.47028,1.01055,0.722505
110,G4,391.995,7,2787.2,0.615203,-0.0902119,0.800232
110,G4,391.995,8,3201.72,0.751855,0.770258,0.948163
110,G4,391.995,10,3621.62,1.09965,0.861921,0.969185
110,G4,391.995,11,4925.72,2.01518,0.61086,0.954671
110,G4,391.995,15,5377.92,2.736,0.198624,0.948896
110,G4,391.995,16,6313.27,4.05697,-0.514931,0.920742
110,G4,391.995,18,6795.07,5.13274,-0.462821,0.921576
110,G4,391.995,19,7796.37,7.54804,-1.09202,0.922186
110,G4,391.995,21,8844.76,11.6517,-1.28258,0.952778
110,G4,391.995,24,9388.48,6.48048,-4.92201,0.821441
110,G4,391.995,25,9946.99,6.57689,-5.48868,0.765637
110,G4,391.995,26,10519,5.80555,-6.35095,0.723676
110,Cs7,2217.46,1,2232.72,2.29791,0.204879,0.882476
110,Cs7,2217.46,2,4528.7,5.12112,-1.23307,0.932527
110,Cs7,2217.46,3,6948.5,18.5987,-2.70044,0.971953
110,Cs7,2217.46,4,9572.85,30.0156,-4.17451,0.956601
110,A7,3520,2,7251.31,28.8926,-3.6934,0.959662
110,Ds1,38.8909,1,39.0289,0.161838,1.89055,0.93077
110,Ds1,38.8909,2,78.0579,0.144717,4.30691,0.890313
110,Ds1,38.8909,3,115.741,0.141094,5.4389,0.914803
110,Ds1,38.8909,4,154.77,0.111447,4.3746,0.75868
110,Ds1,38.8909,5,193.799,0.133158,4.66864,0.88223
110,Ds1,38.8909,6,232.828,0.111846,2.59006,0.829635
110,Ds1,38.8909,7,271.857,0.138016,3.97196,0.904121
110,Ds1,38.8909,8,310.886,0.100848,2.2566,0.660594
110,Ds1,38.8909,9,349.915,0.118713,3.82584,0.794478
110,Ds1,38.8909,10,388.943,0.14533,4.85585,0.919038
110,Ds1,38.8909,11,427.972,0.172979,4.49613,0.948715
110,Ds1,38.8909,12,467.001,0.196255,3.71587,0.958587
110,Ds1,38.8909,13,506.03,0.190735,4.09681,0.958598
110,Ds1,38.8909,14,545.059,0.207552,3.77281,0.972867
110,Ds1,38.8909,15,585.434,0.214575,3.16384,0.977389
110,Ds1,38.8909,16,624.463,0.188129,1.41896,0.913581
110,Ds1,38.8909,17,664.838,0.187558,1.79893,0.896098
110,Ds1,38.8909,18,705.212,0.196875,1.87606,0.951141
110,Ds1,38.8909,19,745.587,0.207874,3.27282,0.963038
110,Ds1,38.8909,20,784.616,0.221153,2.98976,0.974356
110,Ds1,38.8909,21,824.991,0.22195,2.93847,0.968881
110,Ds1,38.8909,22,866.711,0.269952,3.79221,0.983726
110,Ds1,38.8909,23,907.086,0.294612,4.57456,0.994235
110,Ds1,38.8909,24,947.461,0.292832,1.98291,0.992983
110,Ds1,38.8909,25,990.527,0.322099,1.71368,0.990335
110,Ds1,38.8909,26,1032.25,0.362926,2.09787,0.98758
110,Ds1,38.8909,27,1099.54,2.65409,3.96237,0.973671
110,Ds1,38.8909,29,1170.87,0.548414,-1.84979,0.930958
110,Ds1,38.8909,34,1409.08,0.525112,2.19964,0.97472
110,Ds1,38.8909,35,1454.84,0.561278,2.98677,0.98902
110,Ds1,38.8909,36,1500.6,0.566223,3.65909,0.992519
110,Ds1,38.8909,37,1545.01,0.624704,3.41256,0.986076
110,Ds1,38.8909,38,1589.42,0.602547,3.59199,0.991431
110,Ds1,38.8909,39,1633.83,0.739905,2.51428,0.999933
110,Ds1,38.8909,40,1679.59,0.676646,2.35619,0.984633
110,Ds1,38.8909,41,1724,0.745871,2.4938,0.981064
110,Ds1,38.8909,42,1771.11,0.662194,1.15935,0.949973
110,Ds1,38.8909,43,1816.86,0.866302,2.4827,0.9719
110,Ds1,38.8909,44,1862.62,0.879714,3.33158,0.984902
110,Ds1,38.8909,45,1909.73,0.802143,2.65841,0.980425
110,Ds1,38.8909,46,1958.18,0.956198,1.66605,0.991357
110,Ds1,38.8909,50,2185.62,1.2807,-0.293441,0.996667
110,Ds1,38.8909,51,2227.34,1.28728,0.389561,0.995799
110,Ds1,38.8909,52,2269.06,1.23435,0.768995,0.999885
110,Ds1,38.8909,53,2345.77,1.28455,2.81242,0.999892
110,Ds1,38.8909,54,2396.91,1.28703,2.11296,0.998524
110,Ds1,38.8909,55,2438.64,1.18963,0.503324,0.999105
110,Ds1,38.8909,56,2500.54,1.28808,0.357193,0.996516
110,Ds1,38.8909,57,2550.34,1.25478,0.024693,0.989685
110,Ds1,38.8909,58,2602.83,1.32105,0.506584,0.970652
110,Ds1,38.8909,59,2655.31,1.43738,1.94857,0.987586
110,Ds1,38.8909,60,2707.8,1.32151,0.22314,0.972203
110,Ds1,38.8909,64,2956.78,1.25535,-0.700093,0.995322
110,Ds1,38.8909,65,3306.69,1.99963,2.87231,0.998653
110,Ds1,38.8909,79,3376.68,1.93393,1.62999,0.985401
110,Ds1,38.8909,80,3493.76,1.74765,0.0454059,0.957491
110,Ds1,38.8909,82,3853.1,1.60456,-1.68043,0.863987
110,Ds1,38.8909,85,4953.98,2.63241,-0.936802,0.884042
110,Ds6,1244.51,1,1246.23,1.24283,1.88571,0.870924
110,Ds6,1244.51,2,2508.62,1.17416,-1.90701,0.820428
110,Ds6,1244.51,3,3800.61,2.49552,-1.85341,0.899146
110,Ds6,1244.51,4,5137.01,5.96901,-0.283388,0.926227
110,Ds6,1244.51,5,6536.67,9.71722,-0.509514,0.939881
110,Ds6,1244.51,7,8003.62,18.572,-1.88641,0.963675
110,A0,27.5,1,26.9165,0.227357,0.790681,0.970779
110,A0,27.5,2,55.1788,0.243412,3.30038,0.982463
110,A0,27.5,3,82.0953,0.200026,4.91456,0.964083
110,A0,27.5,4,109.012,0.141253,4.67328,0.869192
110,A0,27.5,5,135.928,0.152156,4.23904,0.917886
110,A0,27.5,6,164.191,0.140763,3.52767,0.854238
110,A0,27.5,7,191.107,0.104124,3.44532,0.667287
110,A0,27.5,8,219.37,0.119146,1.16714,0.804577
110,A0,27.5,9,246.286,0.114587,2.85409,0.685511
110,A0,27.5,10,274.548,0.126162,2.80504,0.774429
110,A0,27.5,11,302.811,0.129436,3.35414,0.807485
110,A0,27.5,12,331.073,0.131143,4.51522,0.824998
110,A0,27.5,13,357.99,0.171343,3.91597,0.952012
110,A0,27.5,14,386.252,0.182576,4.22533,0.953816
110,A0,27.5,15,415.86,0.159901,3.73009,0.917981
110,A0,27.5,16,444.122,0.181484,2.07899,0.950254
110,A0,27.5,17,472.385,0.180812,1.21565,0.898601
110,A0,27.5,18,501.993,0.186907,3.02939,0.946592
110,A0,27.5,19,531.601,0.190985,3.10472,0.940499
110,A0,27.5,20,559.863,0.211618,2.64296,0.95626
110,A0,27.5,21,589.471,0.209488,2.29887,0.963714
110,A0,27.5,22,619.08,0.235583,3.1726,0.969364
110,A0,27.5,23,650.034,0.231399,2.7624,0.964788
110,A0,27.5,24,679.642,0.277264,0.568348,0.985567
110,A0,27.5,25,710.596,0.262987,1.01656,0.983347
110,A0,27.5,26,741.55,0.254551,3.06873,0.983319
110,A0,27.5,27,772.504,0.292684,3.52514,0.992264
110,A0,27.5,28,803.458,0.292833,3.54202,0.990076
110,A0,27.5,29,835.757,0.362928,3.38729,0.995979
110,A0,27.5,30,866.711,0.375028,3.75101,0.989244
110,A0,27.5,31,899.011,0.386843,2.88968,0.989333
110,A0,27.5,32,932.657,0.428921,2.39453,0.993734
110,A0,27.5,33,964.957,0.4624,0.353377,0.99652
110,A0,27.5,34,998.602,0.481263,1.87984,0.992602
110,A0,27.5,35,1030.9,0.474983,2.98266,0.983643
110,A0,27.5,36,1064.55,0.509314,3.09454,0.993535
110,A0,27.5,37,1096.85,0.542011,3.24787,0.996084
110,A0,27.5,39,1149.33,1.14177,-0.301496,0.990604
110,A0,27.5,41,1205.86,0.666016,1.74596,0.981715
110,A0,27.5,42,1240.85,0.772128,2.06743,0.98693
110,A0,27.5,43,1275.84,0.840884,3.33063,0.992861
110,A0,27.5,44,1313.53,0.849051,3.23892,0.981876
110,A0,27.5,45,1349.86,1.14999,3.28287,0.969767
110,A0,27.5,46,1387.55,1.06644,2.34111,0.964209
110,A0,27.5,47,1425.23,1.1025,3.17378,0.999006
110,A0,27.5,48,1462.91,1.235,3.13019,0.994518
110,A0,27.5,49,1500.6,1.30575,2.66479,0.99286
110,A0,27.5,50,1540.97,1.28141,0.999751,0.98384
110,A0,27.5,51,1580,1.31838,1.87525,0.991552
110,A0,27.5,52,1620.37,1.36631,2.19989,0.983624
110,A0,27.5,53,1659.4,1.50727,2.77072,0.986857
110,A0,27.5,54,1699.78,1.46,3.00637,0.985198
110,A0,27.5,55,1734.77,1.56696,1.24004,0.99911
110,A0,27.5,56,1775.14,1.80239,3.02563,0.999659
110,A0,27.5,58,1831.67,1.45989,-1.04548,0.959324
110,A0,27.5,60,1912.42,2.16161,1.29273,0.994172
110,A0,27.5,61,1956.83,2.24043,1.63152,0.997463
110,A0,27.5,62,1999.9,2.46595,1.82726,0.999681
110,A0,27.5,63,2044.31,2.13398,0.245304,0.97808
110,A0,27.5,64,2088.72,2.72663,1.97272,0.999756
110,A0,27.5,65,2135.82,2.69163,2.81752,0.994111
110,A0,27.5,66,2178.89,2.52752,2.71135,0.998145
110,A0,27.5,67,2227.34,2.52235,1.79121,0.971791
110,A0,27.5,68,2274.44,3.11599,0.678502,0.99874
110,A0,27.5,69,2304.05,1.92346,-0.666093,0.993103
110,A0,27.5,70,2339.04,1.85273,-0.347881,0.997994
110,A0,27.5,74,2519.38,3.26057,0.308855,0.995342
110,A0,27.5,75,2567.83,3.64869,1.16954,0.974053
110,A0,27.5,76,2618.98,3.23828,1.14858,0.966674
110,A0,27.5,77,2662.04,2.1538,1.49976,0.999904
110,A0,27.5,78,2723.95,4.14895,0.58227,0.997911
110,A0,27.5,79,2772.4,2.36289,-0.150795,0.99277
110,A0,27.5,80,2827.58,4.347,1.35576,0.999391
110,A0,27.5,81,2880.07,3.93888,-0.289701,0.975361
110,A0,27.5,82,2925.82,2.25955,-1.54605,0.965021
110,A0,27.5,83,2964.85,2.67281,-1.12801,0.991308
110,A0,27.5,94,3155.96,2.11861,-1.63796,0.771405
110,Gs7,3322.44,1,3341.68,15.9577,-5.50619,0.888307
110,Gs7,3322.44,2,6834.1,23.9931,-3.09236,0.976191
110,Gs7,3322.44,3,10490.7,37.5141,-6.41817,0.928679
110,E7,2637.02,1,2652.62,3.17145,-0.510523,0.952067
110,E7,2637.02,2,5398.1,14.4056,-1.70416,0.947381
110,E7,2637.02,3,8305.09,28.296,-2.90731,0.966291
110,G3,195.998,1,196.49,0.429726,3.9946,0.93491
110,G3,195.998,2,391.635,0.727817,4.77033,0.991496
110,G3,195.998,3,588.126,0.476001,2.87879,0.94651
110,G3,195.998,4,784.616,0.720555,3.00124,0.936848
110,G3,195.998,5,982.452,0.448444,1.36832,0.790648
110,G3,195.998,6,1180.29,0.414955,2.03254,0.79502
110,G3,195.998,7,1378.12,0.448491,0.928873,0.658043
110,G3,195.998,8,1577.31,0.423632,0.769558,0.708311
110,G3,195.998,9,1777.84,0.505905,0.639583,0.803214
110,G3,195.998,10,1981.05,0.425999,0.0114511,0.722131
110,G3,195.998,11,2184.27,0.335978,0.16604,0.884305
110,G3,195.998,12,2388.84,0.632506,0.196295,0.873242
110,G3,195.998,13,2594.75,0.601212,-0.781514,0.650048
110,G3,195.998,14,2803.35,0.48911,-1.98788,0.760163
110,G3,195.998,15,3011.96,0.406921,-0.254977,0.902542
110,G3,195.998,18,3224.6,0.432683,-0.503146,0.85924
110,G3,195.998,19,3873.28,0.623528,-0.831942,0.887155
110,G3,195.998,22,4094,0.631853,-0.818775,0.895365
110,G3,195.998,24,4316.06,0.852018,-0.658164,0.926682
110,G3,195.998,25,5003.78,1.1752,0.754933,0.952033
110,G3,195.998,28,5473.47,1.34666,-0.387388,0.938651
110,G3,195.998,30,6711.63,2.26309,-0.69042,0.923169
110,G3,195.998,36,9166.42,5.83757,-1.40623,0.879175
110,G3,195.998,45,10364.2,5.48581,-4.38404,0.793817
110,G3,195.998,50,10677.8,4.70282,-5.61356,0.757663
110,C4,261.626,1,261.09,0.971519,5.22054,0.995656
110,C4,261.626,2,523.526,0.88163,4.3617,0.990804
110,C4,261.626,3,785.962,0.547785,2.82262,0.842144
110,C4,261.626,4,1048.4,1.07533,3.55169,0.970199
110,C4,261.626,5,1312.18,1.1892,2.77896,0.88214
110,C4,261.626,6,1578.65,0.740229,1.8373,0.86468
110,C4,261.626,7,1845.13,0.44893,-0.0449204,0.708482
110,C4,261.626,8,2116.98,0.723283,-0.422331,0.892766
110,C4,261.626,12,3215.18,0.693372,0.610611,0.906934
110,C4,261.626,14,3499.15,0.705795,0.835427,0.958744
110,C4,261.626,15,4073.81,0.879999,-0.220875,0.934367
110,C4,261.626,16,4967.44,1.4738,0.409591,0.9654
110,C4,261.626,21,5274.29,1.69874,0.50704,0.957649
110,C4,261.626,22,5585.17,2.49102,-0.0148556,0.952422
110,C4,261.626,23,5901.44,2.65506,-0.275784,0.939598
110,C4,261.626,24,6885.24,3.72759,-0.590377,0.92888
110,C4,261.626,27,7918.84,6.73665,-0.940601,0.877858
110,C4,261.626,30,8275.48,8.59979,-0.814134,0.91043
110,C4,261.626,31,9008.95,6.30183,-3.81107,0.830463
110,C4,261.626,33,9385.79,7.75582,-3.05408,0.877286
110,C4,261.626,34,9769.34,10.1966,-2.52723,0.929209
110,C4,261.626,35,10556.7,5.15917,-6.29494,0.694669
110,D1,36.7081,1,36.3373,0.167282,1.82026,0.952509
110,D1,36.7081,2,72.6746,0.16488,4.6126,0.937795
110,D1,36.7081,3,109.012,0.126792,5.34004,0.832383
110,D1,36.7081,4,146.695,0.140768,5.48618,0.91434
110,D1,36.7081,5,183.032,0.127678,4.39736,0.832407
110,D1,36.7081,6,219.37,0.109436,3.69478,0.742999
110,D1,36.7081,7,255.707,0.130308,4.59204,0.884911
110,D1,36.7081,8,292.044,0.137901,1.85602,0.927496
110,D1,36.7081,9,329.727,0.100197,4.05972,0.656174
110,D1,36.7081,10,366.064,0.105631,3.06894,0.675857
110,D1,36.7081,11,403.748,0.112187,3.80905,0.763737
110,D1,36.7081,12,440.085,0.134425,3.6486,0.802466
110,D1,36.7081,13,477.768,0.190963,2.93024,0.948551
110,D1,36.7081,14,515.451,0.172441,2.75634,0.936743
110,D1,36.7081,15,551.788,0.172514,2.35705,0.923791
110,D1,36.7081,16,589.471,0.175392,1.81252,0.933394
110,D1,36.7081,17,627.155,0.198682,1.62528,0.945849
110,D1,36.7081,18,664.838,0.205212,2.71935,0.948743
110,D1,36.7081,19,702.521,0.210993,1.57846,0.947418
110,D1,36.7081,20,740.204,0.192916,3.19882,0.93631
110,D1,36.7081,21,777.887,0.223773,3.92337,0.978587
110,D1,36.7081,22,816.916,0.224417,3.51631,0.977512
110,D1,36.7081,23,854.599,0.229185,3.72652,0.951687
110,D1,36.7081,24,893.628,0.27885,1.91352,0.989173
110,D1,36.7081,25,934.003,0.297479,2.09098,0.992626
110,D1,36.7081,26,974.377,0.323518,2.18117,0.995525
110,D1,36.7081,27,1028.21,1.21715,0.291238,0.914925
110,D1,36.7081,28,1073.97,0.398044,-1.72335,0.956932
110,D1,36.7081,29,1110.31,0.367174,-1.99213,0.961288
110,D1,36.7081,30,1157.41,0.560298,-2.17948,0.96895
110,D1,36.7081,31,1193.75,0.669493,-2.20226,0.935434
110,D1,36.7081,33,1287.95,0.50102,1.75322,0.990895
110,D1,36.7081,34,1331.02,0.493371,1.78746,0.971641
110,D1,36.7081,35,1371.4,0.628975,2.48241,0.948148
110,D1,36.7081,36,1413.12,0.546031,3.4275,0.977792
110,D1,36.7081,37,1454.84,0.579281,2.48143,0.987925
110,D1,36.7081,38,1496.56,0.564345,2.65123,0.991362
110,D1,36.7081,39,1543.66,3.30338,3.26034,0.962772
110,D1,36.7081,40,1581.34,0.648946,2.64758,0.985036
110,D1,36.7081,41,1624.41,0.664784,2.52997,0.984508
110,D1,36.7081,42,1667.48,0.676455,2.29144,0.987774
110,D1,36.7081,43,1710.54,0.717403,2.26496,0.975914
110,D1,36.7081,44,1753.61,0.782072,2.55868,0.964568
110,D1,36.7081,45,1799.37,0.790185,2.12868,0.970353
110,D1,36.7081,50,2057.77,2.6692,2.85006,0.974769
110,D1,36.7081,51,2112.95,1.01278,2.72215,0.990425
110,D1,36.7081,52,2161.4,1.13585,2.97099,0.986484
110,D1,36.7081,53,2207.15,1.03255,2.52081,0.99271
110,D1,36.7081,54,2254.26,1.18089,2.20579,0.959322
110,D1,36.7081,55,2301.36,1.15202,0.591404,0.97354
110,D1,36.7081,56,2349.81,1.10091,0.790167,0.993076
110,D1,36.7081,57,2398.26,1.19511,1.2333,0.981434
110,D1,36.7081,58,2448.06,1.20852,0.609565,0.987963
110,D1,36.7081,60,2570.53,1.43629,2.79487,0.99018
110,D1,36.7081,63,2746.83,1.34219,-0.628568,0.992302
110,D1,36.7081,64,2785.86,1.19938,-0.235053,0.999403
110,D1,36.7081,65,2850.46,1.50576,0.93696,0.990882
110,D1,36.7081,66,2902.94,1.42802,0.107581,0.973221
110,D1,36.7081,67,2955.43,1.89657,0.966339,0.997084
110,D1,36.7081,69,3084.63,1.94198,2.81365,0.996826
110,D1,36.7081,79,3170.76,2.02673,1.87931,0.982625
110,D1,36.7081,80,3505.87,1.75097,-0.629463,0.919366
110,D1,36.7081,86,4625.6,2.48176,1.03577,0.985949
110,As6,1864.66,1,1872.04,1.64169,1.43333,0.905686
110,As6,1864.66,2,3793.88,3.19474,-2.20101,0.915396
110,As6,1864.66,3,5793.78,10.6748,-1.15856,0.937398
110,As6,1864.66,4,7930.95,19.7529,-3.41976,0.935727
110,As6,1864.66,5,10228.3,11.1397,-8.09046,0.697217
110,B2,123.471,1,123.816,0.682052,4.4244,0.98952
110,B2,123.471,2,246.286,0.320286,3.34197,0.851888
110,B2,123.471,3,370.102,0.553108,3.52539,0.954141
110,B2,123.471,4,493.918,0.406886,3.1253,0.942915
110,B2,123.471,5,617.734,0.259602,1.26543,0.767641
110,B2,123.471,6,741.55,0.421052,3.51923,0.947075
110,B2,123.471,7,865.366,0.295619,1.95388,0.735811
110,B2,123.471,8,990.527,0.297282,-0.171641,0.72437
110,B2,123.471,9,1114.34,0.358828,1.5583,0.751487
110,B2,123.471,10,1239.51,1.32166,4.1898,0.978023
110,B2,123.471,11,1366.01,0.386453,0.617132,0.663481
110,B2,123.471,12,1496.56,0.93387,-0.470297,0.914609
110,B2,123.471,20,2602.83,3.57574,0.795741,0.999718
110,B2,123.471,21,2730.68,3.59978,0.208244,0.999407
110,B2,123.471,23,2915.06,0.385603,0.206002,0.791063
110,B2,123.471,26,3184.22,0.361717,-0.161004,0.923683
110,B2,123.471,28,3320.15,0.375845,-0.160138,0.880844
110,B2,123.471,29,4013.25,0.586895,0.512253,0.947083
110,B2,123.471,34,5033.39,0.992563,0.337446,0.949904
110,B2,123.471,41,5184.12,1.01154,-0.423397,0.918236
110,B2,123.471,42,5957.97,1.38168,-0.223439,0.913817
110,B2,123.471,46,6118.12,1.3406,-0.763317,0.894616
110,B2,123.471,47,7274.19,2.20427,-0.725268,0.91788
110,B2,123.471,54,7886.54,4.97141,-4.15954,0.820595
110,B2,123.471,57,8332,4.80216,-1.59469,0.828135
110,B2,123.471,59,8700.76,5.3274,-1.82731,0.915196
110,B2,123.471,61,9259.28,6.56932,-0.889476,0.906921
110,B2,123.471,63,9451.73,4.70337,-3.5622,0.875986
110,B2,123.471,64,10041.2,2.94932,-6.43083,0.711912
110,F5,698.456,1,698.483,0.453855,1.12049,0.507019
110,F5,698.456,2,1401,0.74947,0.479945,0.710968
110,F5,698.456,3,2110.25,0.67895,1.24467,0.840809
110,F5,698.456,4,2830.27,1.01426,0.434129,0.951001
110,F5,698.456,5,3563.75,1.7712,0.521109,0.947091
110,F5,698.456,6,4313.37,2.60472,0.387768,0.948476
110,F5,698.456,8,5085.87,4.24536,0.363218,0.942319
110,F5,698.456,9,5883.95,6.5078,0.161274,0.945415
110,F5,698.456,10,6706.25,9.35328,-0.825459,0.925641
110,F5,698.456,11,7556.81,12.9692,-1.51818,0.940454
110,Gs6,1661.22,1,1667.48,1.27188,0.532876,0.804098
110,Gs6,1661.22,2,3367.25,2.38817,-0.182795,0.952461
110,Gs6,1661.22,3,5127.59,7.32727,0.0788498,0.95908
110,Gs6,1661.22,4,6986.18,15.6911,-2.63455,0.964264
110,E6,1318.51,1,1321.6,1.22191,1.39491,0.831251
110,E6,1318.51,2,2662.04,1.26955,-0.589746,0.904588
110,E6,1318.51,3,4033.44,2.95892,0.33226,0.938384
110,E6,1318.51,4,5461.36,6.89085,-0.00695874,0.927875
110,E6,1318.51,5,6955.22,13.6891,-1.57214,0.936158
110,E6,1318.51,7,8529.84,4.28369,-8.24038,0.504986
110,Ds7,2489.02,1,2504.58,2.6405,-1.78977,0.903716
110,Ds7,2489.02,2,5091.26,11.7187,-1.54401,0.939215
110,Ds7,2489.02,3,7828.67,21.604,-4.35473,0.921824
110,A1,55,1,55.1788,0.258334,3.15732,0.964784
110,A1,55,2,110.358,0.228599,4.63751,0.961863
110,A1,55,3,164.191,0.255393,4.48035,0.978916
110,A1,55,4,219.37,0.29187,3.63834,0.980034
110,A1,55,5,274.548,0.277625,4.85761,0.994851
110,A1,55,6,329.727,0.189925,4.17424,0.881174
110,A1,55,7,384.906,0.225693,3.70667,0.895516
110,A1,55,8,440.085,0.221526,0.524918,0.868849
110,A1,55,9,495.264,0.206805,2.46551,0.772069
110,A1,55,10,550.443,0.153728,2.76736,0.702783
110,A1,55,12,660.8,0.195042,1.38476,0.778032
110,A1,55,13,715.979,0.225771,3.12331,0.843213
110,A1,55,14,771.158,0.206772,3.66102,0.823103
110,A1,55,15,827.682,0.199662,3.13959,0.903456
110,A1,55,16,882.861,0.213244,1.18291,0.920727
110,A1,55,17,939.386,0.208153,2.51566,0.855768
110,A1,55,18,994.565,0.263018,1.36145,0.921436
110,A1,55,19,1051.09,0.224892,2.23738,0.855207
110,A1,55,20,1110.31,0.29297,1.27391,0.94253
110,A1,55,21,1168.18,0.254937,2.71154,0.913377
110,A1,55,22,1227.39,0.235113,-0.794324,0.850463
110,A1,55,25,1429.27,1.33405,0.716993,0.895501
110,A1,55,26,1487.14,0.880653,0.15433,0.86732
110,A1,55,27,1543.66,0.607635,-0.362322,0.852514
110,A1,55,28,1598.84,0.641444,-0.302618,0.932386
110,A1,55,29,1655.36,0.672951,-1.10204,0.922564
110,A1,55,30,1734.77,0.500658,2.01328,0.951206
110,A1,55,31,1796.68,0.496195,1.1479,0.976317
110,A1,55,32,1858.58,0.525086,0.763456,0.975718
110,A1,55,33,1917.8,0.516641,1.56234,0.971097
110,A1,55,34,1977.02,0.506862,0.392292,0.972177
110,A1,55,35,2036.23,0.563178,2.14364,0.973132
110,A1,55,36,2096.8,0.548333,1.66671,0.983986
110,A1,55,37,2157.36,0.536158,2.4878,0.977002
110,A1,55,40,2383.46,0.654657,-0.0478525,0.991303
110,A1,55,41,2441.33,0.612421,-0.31194,0.995152
110,A1,55,42,2519.38,0.73107,0.344994,0.949945
110,A1,55,43,2588.02,0.745037,1.79993,0.971232
110,A1,55,44,2644.55,0.860667,1.88186,0.991062
110,A1,55,45,2714.53,0.784584,1.52925,0.996825
110,A1,55,46,2771.05,0.993843,1.22689,0.991117
110,A1,55,47,2842.38,0.979542,-1.74239,0.920417
110,A1,55,52,3593.35,1.29964,1.56883,0.990567
110,A1,55,65,4312.02,2.51219,1.31839,0.990334
110,A1,55,75,4469.49,2.07123,0.504543,0.962592
110,A1,55,77,4875.92,2.41421,0.658306,0.968869
110,A1,55,80,6468.04,3.75797,0.616428,0.96482
110,C5,523.251,1,523.526,1.02953,4.07058,0.904629
110,C5,523.251,2,1048.4,0.805634,2.31423,0.727402
110,C5,523.251,3,1577.31,0.588586,1.26519,0.527502
110,C5,523.251,4,2110.25,0.669402,1.29066,0.863029
110,C5,523.251,5,2649.93,0.744314,0.296418,0.888592
110,C5,523.251,6,3199.03,0.975746,1.07329,0.900216
110,C5,523.251,8,4910.92,2.7437,0.386135,0.962542
110,C5,523.251,11,5507.12,4.59438,-0.0516652,0.948255
110,C5,523.251,12,6122.16,5.73558,-0.740945,0.91549
110,C5,523.251,13,7403.38,9.23659,-0.838201,0.923863
110,C5,523.251,16,8761.32,15.4285,-1.83813,0.965622
110,C5,523.251,18,10205.4,6.11838,-6.97148,0.680778
110,Cs1,34.6478,1,34.9915,0.20058,2.14477,0.974686
110,Cs1,34.6478,2,68.6371,0.169184,4.74908,0.95246
110,Cs1,34.6478,3,103.629,0.13788,5.49612,0.905501
110,Cs1,34.6478,4,137.274,0.134452,4.87594,0.8707
110,Cs1,34.6478,5,172.266,0.127739,4.17709,0.877827
110,Cs1,34.6478,6,207.257,0.0968127,5.01058,0.660904
110,Cs1,34.6478,7,242.249,0.1246,3.64828,0.810612
110,Cs1,34.6478,8,275.894,0.134616,2.28334,0.897108
110,Cs1,34.6478,9,310.886,0.130003,3.66631,0.881554
110,Cs1,34.6478,10,345.877,0.128596,4.5489,0.838404
110,Cs1,34.6478,11,380.869,0.142328,4.84325,0.875914
110,Cs1,34.6478,12,415.86,0.131336,4.42235,0.835255
110,Cs1,34.6478,13,450.851,0.161434,4.27582,0.902275
110,Cs1,34.6478,14,485.843,0.188264,3.7232,0.965835
110,Cs1,34.6478,15,520.834,0.185098,2.51555,0.950802
110,Cs1,34.6478,16,557.172,0.168788,1.41743,0.927914
110,Cs1,34.6478,17,592.163,0.199317,2.67592,0.960761
110,Cs1,34.6478,18,628.5,0.213403,3.00675,0.976579
110,Cs1,34.6478,19,663.492,0.224004,3.45075,0.975055
110,Cs1,34.6478,20,699.829,0.198542,1.5354,0.930678
110,Cs1,34.6478,21,736.166,0.207523,3.93667,0.964023
110,Cs1,34.6478,22,772.504,0.209353,3.83757,0.962232
110,Cs1,34.6478,23,808.841,0.231142,3.09931,0.981524
110,Cs1,34.6478,24,866.711,0.682292,1.94849,0.995467
110,Cs1,34.6478,26,919.199,0.278525,2.78381,0.988142
110,Cs1,34.6478,27,956.882,0.305869,2.75676,0.994574
110,Cs1,34.6478,28,998.602,0.413403,0.144866,0.841924
110,Cs1,34.6478,29,1033.59,0.331376,3.27916,0.981333
110,Cs1,34.6478,30,1072.62,0.351353,3.14916,0.994808
110,Cs1,34.6478,34,1255.65,0.461817,-1.44217,0.966769
110,Cs1,34.6478,35,1291.99,0.566675,-1.03474,0.94845
110,Cs1,34.6478,36,1337.75,0.575018,2.97108,0.943949
110,Cs1,34.6478,37,1379.47,0.604303,2.68202,0.95575
110,Cs1,34.6478,38,1421.19,0.537857,2.80542,0.981078
110,Cs1,34.6478,39,1461.57,0.536467,1.10047,0.989652
110,Cs1,34.6478,40,1499.25,0.561017,2.49557,0.975065
110,Cs1,34.6478,41,1543.66,0.611965,2.80018,0.977717
110,Cs1,34.6478,42,1585.38,0.655269,3.63457,0.982704
110,Cs1,34.6478,43,1625.76,0.663026,2.10455,0.984478
110,Cs1,34.6478,44,1668.82,0.668879,2.46863,0.991008
110,Cs1,34.6478,45,1710.54,0.73459,2.6514,0.976876
110,Cs1,34.6478,46,1753.61,0.735108,1.77529,0.96181
110,Cs1,34.6478,47,1796.68,0.785533,1.55584,0.972413
110,Cs1,34.6478,48,1838.4,0.884273,0.955924,0.986033
110,Cs1,34.6478,49,1882.81,0.875789,1.89394,0.967288
110,Cs1,34.6478,50,1927.22,1.04987,3.03265,0.99922
110,Cs1,34.6478,51,1971.63,1.02712,1.70791,0.995552
110,Cs1,34.6478,52,2025.47,1.13486,0.297397,0.998635
110,Cs1,34.6478,54,2138.52,1.14526,-0.243411,0.993062
110,Cs1,34.6478,55,2176.2,1.23751,-0.362986,0.994643
110,Cs1,34.6478,56,2213.88,1.33648,-0.455421,0.991473
110,Cs1,34.6478,58,2336.35,1.09104,2.00941,0.988716
110,Cs1,34.6478,59,2387.49,1.12314,2.08923,0.984905
110,Cs1,34.6478,60,2434.6,1.09135,0.822938,0.975183
110,Cs1,34.6478,61,2484.39,1.21406,1.65243,0.990736
110,Cs1,34.6478,62,2532.84,1.22687,-0.0936531,0.970598
110,Cs1,34.6478,63,2582.64,1.46481,1.02061,0.999568
110,Cs1,34.6478,64,2641.85,1.22283,1.15905,0.999923
110,Cs1,34.6478,65,2682.23,1.24825,1.29149,0.98933
110,Cs1,34.6478,66,2732.03,1.40373,1.07389,0.972628
110,Cs1,34.6478,67,2784.51,1.5467,0.591746,0.994007
110,Cs1,34.6478,68,2835.65,1.63907,0.887424,0.992653
110,Cs1,34.6478,71,2997.15,1.65676,2.23918,0.874967
110,Cs1,34.6478,80,3045.6,2.1256,2.60619,0.997313
110,Cs1,34.6478,81,3497.8,1.72399,-1.65815,0.863747
110,Cs1,34.6478,86,4496.4,2.88373,1.33628,0.948641
110,G2,97.9989,1,98.2452,0.350772,3.16082,0.839728
110,G2,97.9989,2,195.145,0.565728,3.42592,0.958226
110,G2,97.9989,3,293.39,0.498012,3.80261,0.982035
110,G2,97.9989,4,391.635,0.503224,4.37262,0.984561
110,G2,97.9989,5,489.88,0.307407,2.27929,0.849226
110,G2,97.9989,6,588.126,0.350952,3.33307,0.942603
110,G2,97.9989,7,686.371,0.291228,2.44225,0.908172
110,G2,97.9989,8,784.616,0.279237,1.04349,0.93633
110,G2,97.9989,9,884.207,0.388769,2.98228,0.879391
110,G2,97.9989,10,982.452,0.370939,2.81611,0.92957
110,G2,97.9989,11,1082.04,0.401278,0.978882,0.835632
110,G2,97.9989,12,1181.63,0.527185,2.65198,0.819955
110,G2,97.9989,13,1281.23,0.220724,1.18217,0.703522
110,G2,97.9989,14,1380.82,2.54831,4.68023,0.979177
110,G2,97.9989,15,1481.75,0.993621,2.37479,0.951373
110,G2,97.9989,16,1581.34,0.328077,-0.25953,0.71738
110,G2,97.9989,17,1682.28,0.423621,0.501827,0.821828
110,G2,97.9989,18,1784.56,0.340271,0.851414,0.711512
110,G2,97.9989,19,1886.85,0.372518,-0.59932,0.631033
110,G2,97.9989,20,1989.13,0.195497,-2.31594,0.700496
110,G2,97.9989,21,2091.41,0.295985,0.16351,0.818332
110,G2,97.9989,22,2195.04,0.739442,0.745651,0.83388
110,G2,97.9989,23,2300.02,0.38482,-0.752902,0.762803
110,G2,97.9989,24,2404.99,2.30662,1.21103,0.77978
110,G2,97.9989,28,2862.57,3.53014,-0.155595,0.997986
110,G2,97.9989,29,2962.16,3.63733,-0.571658,0.992949
110,G2,97.9989,30,2612.25,0.353401,0.432863,0.765069
110,G2,97.9989,31,3040.22,0.347145,0.0244393,0.876375
110,G2,97.9989,35,3149.23,0.439242,0.507423,0.905319
110,G2,97.9989,36,3928.46,0.634669,0.988047,0.93689
110,G2,97.9989,44,4042.86,0.597028,-0.394144,0.901289
110,G2,97.9989,45,4628.29,1.01635,0.0375341,0.970759
110,G2,97.9989,50,4990.32,1.03246,0.473269,0.952423
110,G2,97.9989,53,5612.09,1.41768,-0.477282,0.941177
110,G2,97.9989,59,5867.8,1.57258,-0.762468,0.928263
110,G2,97.9989,61,6663.18,2.12761,-1.0167,0.910504
110,G2,97.9989,67,6799.11,2.32344,-0.886844,0.893642
110,G2,97.9989,68,7214.97,3.74251,-0.555236,0.890352
110,G2,97.9989,71,7500.28,3.27811,-1.08811,0.890915
110,G2,97.9989,73,8232.41,5.16477,-0.63722,0.905425
110,G2,97.9989,78,9306.38,6.16052,-1.23427,0.928116
110,G2,97.9989,86,10619.9,4.43559,-4.3575,0.791939
110,G2,97.9989,94,10961.7,4.58022,-4.44308,0.809267
110,As7,3729.31,2,7696.77,3.74671,-9.11305,0.761362
110,F4,349.228,1,348.569,0.99106,4.75628,0.984083
110,F4,349.228,2,698.483,0.59642,1.60384,0.934701
110,F4,349.228,3,1049.74,0.419781,0.732553,0.628508
110,F4,349.228,4,1402.35,0.825542,0.996819,0.742341
110,F4,349.228,5,1757.65,0.970582,1.77632,0.887955
110,F4,349.228,7,2476.32,0.624545,0.176815,0.882478
110,F4,349.228,8,2842.38,0.539194,-0.161031,0.808078
110,F4,349.228,10,3211.14,0.641071,0.65423,0.919212
110,F4,349.228,11,3967.49,1.09676,0.926112,0.97091
110,F4,349.228,13,4355.09,1.31643,0.354616,0.93524
110,F4,349.228,14,5558.26,2.73295,0.118275,0.938263
110,F4,349.228,18,5974.12,3.0777,0.0188373,0.933858
110,F4,349.228,19,6831.41,4.49584,-0.485729,0.908129
110,F4,349.228,21,7279.57,5.30693,-0.744276,0.886434
110,F4,349.228,22,8668.46,6.19453,-4.30732,0.807276
110,F4,349.228,26,9154.3,6.34709,-4.37863,0.813496
110,Fs1,46.2493,1,45.7581,0.320268,1.46858,0.982473
110,Fs1,46.2493,2,92.8619,0.243017,3.92132,0.973624
110,Fs1,46.2493,3,138.62,0.213224,4.8716,0.942626
110,Fs1,46.2493,4,184.378,0.255559,3.99617,0.983902
110,Fs1,46.2493,5,230.136,0.252193,1.82006,0.985014
110,Fs1,46.2493,6,277.24,0.22606,3.97253,0.926864
110,Fs1,46.2493,7,322.998,0.241779,4.22328,0.952111
110,Fs1,46.2493,8,368.756,0.251644,1.02977,0.959198
110,Fs1,46.2493,9,415.86,0.237852,3.57626,0.941432
110,Fs1,46.2493,10,461.618,0.285089,3.60589,0.962689
110,Fs1,46.2493,11,508.722,0.249776,3.42856,0.9522
110,Fs1,46.2493,12,555.826,0.255744,1.40762,0.867902
110,Fs1,46.2493,13,601.584,0.276794,1.6669,0.847626
110,Fs1,46.2493,14,648.688,0.230809,2.74496,0.822363
110,Fs1,46.2493,15,695.792,0.149795,1.25687,0.626926
110,Fs1,46.2493,16,742.896,0.226584,1.67987,0.866708
110,Fs1,46.2493,17,789.999,0.196716,1.3881,0.798922
110,Fs1,46.2493,19,885.553,0.200217,2.60236,0.843509
110,Fs1,46.2493,20,932.657,0.210142,1.18582,0.810102
110,Fs1,46.2493,21,981.107,0.173404,1.66843,0.761594
110,Fs1,46.2493,22,1029.56,0.229554,2.11032,0.696468
110,Fs1,46.2493,23,1079.35,0.20731,0.783534,0.798707
110,Fs1,46.2493,25,1203.17,1.91792,0.224564,0.947049
110,Fs1,46.2493,26,1250.27,2.37228,1.40798,0.996571
110,Fs1,46.2493,27,1297.38,2.20263,1.74499,0.998905
110,Fs1,46.2493,28,1344.48,1.94281,-0.134194,0.981344
110,Fs1,46.2493,29,1391.58,2.13118,0.881511,0.99858
110,Fs1,46.2493,30,1438.69,2.01,0.508684,0.990067
110,Fs1,46.2493,33,1619.03,0.428678,0.214026,0.941393
110,Fs1,46.2493,34,1670.17,0.509547,1.57288,0.915472
110,Fs1,46.2493,35,1722.66,0.521372,2.75135,0.916971
110,Fs1,46.2493,36,1773.8,0.523641,2.36516,0.916689
110,Fs1,46.2493,37,1824.94,0.519194,0.863165,0.951133
110,Fs1,46.2493,38,1877.43,0.532374,2.54546,0.875446
110,Fs1,46.2493,39,1929.91,0.622859,2.34335,0.948977
110,Fs1,46.2493,40,1982.4,0.518564,-0.985693,0.954262
110,Fs1,46.2493,41,2056.42,1.98689,1.92525,0.998042
110,Fs1,46.2493,42,2104.87,2.0546,0.40637,0.99844
110,Fs1,46.2493,48,2470.94,0.751553,-0.44357,0.933554
110,Fs1,46.2493,49,2524.77,0.895939,-0.18182,0.974986
110,Fs1,46.2493,50,2592.06,0.717428,-0.243353,0.838368
110,Fs1,46.2493,51,2639.16,0.889534,1.55637,0.954182
110,Fs1,46.2493,52,2697.03,0.988558,1.1276,0.977795
110,Fs1,46.2493,53,2787.2,0.737426,-1.50202,0.907177
110,Fs1,46.2493,54,2838.35,0.744393,-1.42074,0.893818
110,Fs1,46.2493,59,3166.73,1.28183,1.14515,0.965009
110,Fs1,46.2493,63,3943.27,2.02305,1.8274,0.989272
110,Fs1,46.2493,79,4604.07,3.52112,0.739252,0.964126
110,Fs1,46.2493,88,5920.29,2.69931,0.263979,0.956028
110,B3,246.942,1,246.286,0.437169,3.59968,0.765481
110,B3,246.942,2,493.918,0.872545,4.5521,0.993593
110,B3,246.942,3,741.55,0.33149,2.43007,0.733428
110,B3,246.942,4,989.182,0.60033,2.57236,0.874546
110,B3,246.942,6,1488.48,0.422427,0.826804,0.742938
110,B3,246.942,7,1740.15,0.601306,0.816558,0.698674
110,B3,246.942,12,3029.45,0.643588,0.857862,0.960892
110,B3,246.942,14,3294.58,0.604876,0.502631,0.946982
110,B3,246.942,15,3562.4,0.663516,0.672758,0.938872
110,B3,246.942,16,3832.91,0.832146,0.0776229,0.934586
110,B3,246.942,17,4952.64,1.34824,0.454638,0.95695
110,B3,246.942,18,5243.33,1.58664,0.448832,0.963863
110,B3,246.942,23,5538.07,2.07856,-0.171189,0.925675
110,B3,246.942,24,6447.85,2.82984,-0.4881,0.934718
110,B3,246.942,27,7080.39,4.39992,-1.2866,0.893172
110,B3,246.942,29,8757.28,9.25128,-0.68694,0.925009
110,B3,246.942,33,9109.89,6.861,-3.12979,0.876522
110,B3,246.942,34,9466.53,4.19161,-5.86992,0.734797
110,B3,246.942,35,11356.1,3.32251,-7.62734,0.619486
110,B4,493.883,1,493.918,0.5952,3.14873,0.86279
110,B4,493.883,2,989.182,0.586317,1.85314,0.793446
110,B4,493.883,3,1487.14,0.409176,0.854355,0.71196
110,B4,493.883,4,1990.48,0.603733,1.31552,0.855299
110,B4,493.883,5,2499.2,0.628248,0.892206,0.889766
110,B4,493.883,6,3014.65,0.918767,0.823716,0.931161
110,B4,493.883,8,3538.17,1.22605,1.11427,0.962581
110,B4,493.883,9,4073.81,1.69314,0.754219,0.96297
110,B4,493.883,10,5176.04,3.6665,0.526058,0.959656
110,B4,493.883,12,6333.45,6.05133,-0.904515,0.91701
110,B4,493.883,14,8196.08,10.5101,-0.923343,0.94524
110,B4,493.883,18,8851.49,7.63175,-4.62877,0.814985
110,B4,493.883,19,9528.44,6.22901,-6.48389,0.734381
110,B4,493.883,20,10225.6,3.08005,-8.97333,0.564007
110,Fs6,1479.98,1,1483.1,1.37406,2.20368,0.892058
110,Fs6,1479.98,2,2986.39,1.60627,-0.158214,0.882532
110,Fs6,1479.98,3,4544.85,3.75119,0.135589,0.94916
110,Fs6,1479.98,4,6170.61,9.84459,-0.640683,0.931844
110,Fs6,1479.98,5,7883.84,15.5313,-3.01285,0.896005
110,F3,174.614,1,174.957,0.339923,2.87695,0.773046
110,F3,174.614,2,348.569,0.69878,4.78608,0.990382
110,F3,174.614,3,523.526,0.427466,2.47921,0.839177
110,F3,174.614,4,698.483,0.239374,0.959551,0.604376
110,F3,174.614,5,874.786,0.464955,1.89811,0.696124
110,F3,174.614,7,1226.05,0.439543,1.60135,0.654199
110,F3,174.614,9,1581.34,0.615945,1.97515,0.844688
110,F3,174.614,10,1760.34,0.428569,1.20489,0.740347
110,F3,174.614,11,1939.33,0.718006,-0.123569,0.702968
110,F3,174.614,12,2121.02,0.528938,1.08491,0.867179
110,F3,174.614,14,2489.78,0.358139,-1.06511,0.757374
110,F3,174.614,17,2670.12,0.454847,0.0297363,0.735387
110,F3,174.614,18,2855.84,0.578385,0.0827144,0.82025
110,F3,174.614,19,3231.33,0.447183,-0.976126,0.828192
110,F3,174.614,21,3422.43,0.729844,-0.829921,0.832855
110,F3,174.614,22,3613.54,0.492232,-0.87575,0.850683
110,F3,174.614,23,4201.67,0.651177,-0.0311468,0.954234
110,F3,174.614,27,5013.2,0.975292,-0.466078,0.886108
110,F3,174.614,31,5862.41,1.3504,-0.223819,0.919748
110,F3,174.614,35,6080.44,1.54899,-0.77049,0.898084
110,F3,174.614,36,7930.95,2.94554,-1.02734,0.913114
110,F3,174.614,44,9185.26,4.81457,-1.22889,0.872117
110,F3,174.614,49,9446.35,6.84736,-1.16403,0.87203
110,F3,174.614,50,9711.47,7.73124,-1.69742,0.910103
110,F3,174.614,51,10248.5,3.17871,-6.5208,0.670266
110,F3,174.614,53,10798.9,4.18207,-5.58811,0.721978
110,F3,174.614,55,11370.9,2.95269,-7.31909,0.638321
110,As0,29.1352,1,28.2623,0.215628,1.26435,0.978448
110,As0,29.1352,2,57.8705,0.220261,3.71789,0.976171
110,As0,29.1352,3,86.1328,0.177212,4.72806,0.961046
110,As0,29.1352,4,115.741,0.15785,4.82359,0.937185
110,As0,29.1352,5,145.349,0.163475,4.17518,0.946637
110,As0,29.1352,6,173.611,0.123112,4.02863,0.77706
110,As0,29.1352,7,203.22,0.103034,5.14713,0.667243
110,As0,29.1352,8,232.828,0.108068,0.16551,0.866285
110,As0,29.1352,9,261.09,0.110213,3.29355,0.723449
110,As0,29.1352,10,290.698,0.155886,3.69155,0.930058
110,As0,29.1352,11,320.306,0.110802,4.20921,0.702486
110,As0,29.1352,12,349.915,0.129028,4.1927,0.831468
110,As0,29.1352,13,380.869,0.166476,4.5405,0.950442
110,As0,29.1352,14,410.477,0.130121,3.97493,0.790189
110,As0,29.1352,15,440.085,0.180802,3.52577,0.950998
110,As0,29.1352,16,471.039,0.170276,1.48185,0.900641
110,As0,29.1352,17,501.993,0.167558,2.04847,0.92386
110,As0,29.1352,18,532.947,0.209762,3.16463,0.975158
110,As0,29.1352,19,563.901,0.184817,2.83777,0.940422
110,As0,29.1352,20,594.855,0.226254,3.35659,0.981525
110,As0,29.1352,21,625.809,0.203041,2.95236,0.891573
110,As0,29.1352,22,658.109,0.236518,4.10958,0.973635
110,As0,29.1352,23,690.408,0.227856,2.34257,0.963444
110,As0,29.1352,24,721.362,0.233871,1.2131,0.974455
110,As0,29.1352,25,753.662,0.251805,1.6204,0.981495
110,As0,29.1352,26,787.308,0.266329,3.38385,0.989403
110,As0,29.1352,27,820.953,0.285412,3.12345,0.989766
110,As0,29.1352,28,854.599,0.301885,3.83272,0.986464
110,As0,29.1352,29,888.245,0.348841,3.75345,0.993062
110,As0,29.1352,30,921.89,0.338133,4.26388,0.993171
110,As0,29.1352,31,956.882,0.360543,2.92298,0.997974
110,As0,29.1352,32,990.527,0.423409,1.64953,0.990532
110,As0,29.1352,36,1126.46,0.671274,-0.502249,0.971568
110,As0,29.1352,38,1172.21,0.557224,3.70761,0.985613
110,As0,29.1352,39,1207.21,0.578425,2.76627,0.984621
110,As0,29.1352,40,1244.89,0.637959,2.69196,0.985856
110,As0,29.1352,41,1282.57,0.684643,1.9267,0.986049
110,As0,29.1352,42,1321.6,0.749908,1.46057,0.969599
110,As0,29.1352,43,1359.28,1.00043,2.87552,0.947589
110,As0,29.1352,44,1398.31,0.853808,3.23852,0.946603
110,As0,29.1352,45,1437.34,0.887023,3.35516,0.990114
110,As0,29.1352,46,1477.72,0.941996,2.78827,0.999854
110,As0,29.1352,47,1518.09,0.974939,3.19532,0.981309
110,As0,29.1352,48,1559.81,0.963166,3.12623,0.979973
110,As0,29.1352,49,1601.53,1.23143,3.12137,0.998332
110,As0,29.1352,50,1640.56,1.23096,1.08289,0.992783
110,As0,29.1352,51,1674.21,1.32376,0.861157,0.998903
110,As0,29.1352,52,1707.85,1.27186,1.33545,0.998677
110,As0,29.1352,53,1741.5,1.36648,1.0233,0.997873
110,As0,29.1352,54,1776.49,1.40054,0.490659,0.989833
110,As0,29.1352,55,1816.86,1.43786,2.78659,0.969224
110,As0,29.1352,56,1859.93,1.39034,3.20442,0.984622
110,As0,29.1352,57,1904.34,1.54813,3.34009,0.973719
110,As0,29.1352,58,1950.1,1.55504,2.26459,0.986445
110,As0,29.1352,59,1995.86,1.67684,0.880715,0.955338
110,As0,29.1352,60,2042.96,1.7347,0.372895,0.981424
110,As0,29.1352,61,2088.72,1.8052,1.36625,0.982995
110,As0,29.1352,62,2135.82,1.94272,2.4551,0.987381
110,As0,29.1352,65,2266.37,1.72141,0.229301,0.99706
110,As0,29.1352,66,2304.05,1.69452,0.26637,0.998721
110,As0,29.1352,67,2340.39,1.67283,0.700252,0.998249
110,As0,29.1352,68,2382.11,2.28293,2.28892,0.987706
110,As0,29.1352,69,2434.6,2.05088,0.0337427,0.990303
110,As0,29.1352,70,2485.74,2.43007,0.424409,0.993629
110,As0,29.1352,71,2535.53,2.32036,-0.322434,0.974957
110,As0,29.1352,72,2588.02,2.57722,2.28362,0.999902
110,As0,29.1352,73,2643.2,2.78653,1.71254,0.995387
110,As0,29.1352,74,2694.34,2.66444,1.71862,0.997638
110,As0,29.1352,76,2793.93,2.04169,0.813698,0.981394
110,As0,29.1352,77,2837,1.83279,-0.242315,0.997377
110,As0,29.1352,78,2876.03,1.86227,-0.510345,0.997484
110,As0,29.1352,80,2971.58,3.25393,0.533504,0.982093
110,As0,29.1352,86,3030.8,1.30572,-1.26894,0.832447
110,As0,29.1352,91,3084.63,1.17543,-1.75961,0.822457
110,As0,29.1352,92,3263.63,1.03742,-3.11662,0.752039
110,As0,29.1352,96,3508.57,0.873321,-4.1548,0.732899
110,D7,2349.32,1,2365.96,2.54769,0.519357,0.918116
110,D7,2349.32,2,4803.25,6.27747,-1.26775,0.955588
110,D7,2349.32,3,7380.51,23.4153,-2.58725,0.96465
110,D7,2349.32,4,10156.9,8.57694,-9.2293,0.550121
110,G5,783.991,1,784.616,0.849919,2.81055,0.83391
110,G5,783.991,2,1573.27,0.730446,0.550569,0.780027
110,G5,783.991,3,2372.69,0.775273,1.21899,0.837972
110,G5,783.991,4,3184.22,1.32846,1.04931,0.962214
110,G5,783.991,5,4018.63,2.46413,0.288948,0.955504
110,G5,783.991,6,4870.54,3.72255,-0.0220389,0.957597
110,G5,783.991,8,5754.75,5.44263,-0.853799,0.933631
110,G5,783.991,9,6668.56,8.20386,-1.17261,0.918537
110,G5,783.991,10,8601.17,10.3651,-4.96756,0.846537
110,Cs6,1108.73,1,1110.31,1.05716,1.59541,0.723098
110,Cs6,1108.73,2,2231.38,1.11108,0.252896,0.761696
110,Cs6,1108.73,3,3376.68,2.36403,0.173131,0.93598
110,Cs6,1108.73,4,4554.27,4.11497,-0.655078,0.930562
110,Cs6,1108.73,5,5778.97,6.38342,-0.362755,0.935974
110,Cs6,1108.73,6,7056.16,12.2296,-1.57739,0.932683
110,Cs6,1108.73,8,8395.26,11.0982,-4.45696,0.829316
110,Cs6,1108.73,9,9804.34,3.93803,-9.57455,0.517567
110,C2,65.4064,1,65.9454,0.422834,1.99551,0.902548
110,C2,65.4064,2,130.545,0.470745,4.67211,0.992336
110,C2,65.4064,3,196.49,0.272916,3.33938,0.938862
110,C2,65.4064,4,261.09,0.328226,3.91924,0.955582
110,C2,65.4064,5,327.036,0.330631,3.79343,0.964076
110,C2,65.4064,6,391.635,0.281351,3.54405,0.954627
110,C2,65.4064,7,457.581,0.39839,3.04313,0.952177
110,C2,65.4064,8,523.526,0.334981,0.510239,0.928362
110,C2,65.4064,9,588.126,0.294378,2.36095,0.901561
110,C2,65.4064,10,654.071,0.282863,2.3209,0.917482
110,C2,65.4064,11,720.016,0.31201,2.91572,0.897295
110,C2,65.4064,12,785.962,0.400253,3.41949,0.972164
110,C2,65.4064,13,851.907,0.230355,0.952866,0.687631
110,C2,65.4064,14,917.853,0.368083,2.53962,0.927266
110,C2,65.4064,15,985.144,0.324882,1.61138,0.821936
110,C2,65.4064,16,1051.09,0.304902,-0.475271,0.756001
110,C2,65.4064,17,1118.38,0.232857,1.35449,0.800546
110,C2,65.4064,18,1184.33,0.224526,1.06372,0.623237
110,C2,65.4064,20,1321.6,0.490815,0.272073,0.664116
110,C2,65.4064,21,1391.58,0.286586,-1.96388,0.750202
110,C2,65.4064,27,1837.05,2.15556,0.33392,0.999844
110,C2,65.4064,28,1903,2.00224,0.292022,0.999465
110,C2,65.4064,29,1970.29,1.81297,-0.312239,0.998839
110,C2,65.4064,30,2036.23,2.11868,-2.06374,0.965243
110,C2,65.4064,33,2283.87,0.369994,0.139345,0.877905
110,C2,65.4064,34,2355.19,0.533382,0.523886,0.904855
110,C2,65.4064,35,2426.52,0.3599,0.447905,0.909321
110,C2,65.4064,36,2497.85,0.470932,1.11357,0.90096
110,C2,65.4064,37,2570.53,0.505605,1.52401,0.92753
110,C2,65.4064,38,2645.89,0.530725,1.5445,0.761324
110,C2,65.4064,41,2908.33,2.71663,0.594217,0.999972
110,C2,65.4064,42,2975.62,2.27358,0.648674,0.999965
110,C2,65.4064,44,3010.61,0.539176,1.27805,0.92661
110,C2,65.4064,49,3085.98,0.7462,2.09235,0.956376
110,C2,65.4064,50,3161.34,0.596868,0.939647,0.972415
110,C2,65.4064,51,3620.27,0.788185,0.109164,0.942416
110,C2,65.4064,57,3936.54,1.22711,-0.441264,0.925989
110,C2,65.4064,61,5270.25,1.60591,1.81821,0.963674
110,C2,65.4064,76,5372.53,1.96298,-0.0611643,0.936837
110,C2,65.4064,77,5917.59,2.86391,-0.315193,0.90027
110,C2,65.4064,83,6013.15,2.30619,-0.709932,0.918896
110,C2,65.4064,84,6149.08,3.22969,-0.0176295,0.877428
110,C2,65.4064,85,7027.9,2.23585,-1.15981,0.918167
110,C2,65.4064,93,7282.26,4.07551,-1.90593,0.896385
110,C2,65.4064,96,7906.72,4.06955,-0.959256,0.843859
110,A6,1760,1,1767.07,1.3109,0.507882,0.882718
110,A6,1760,2,3571.82,2.60195,-0.0158863,0.965004
110,A6,1760,3,5449.25,8.83871,-0.558747,0.960151
110,A6,1760,4,7441.07,19.2751,-1.99226,0.962023
110,A6,1760,5,9570.16,10.0188,-8.30217,0.656219
110,E1,41.2034,1,40.3748,0.177427,3.00339,0.958738
110,E1,41.2034,2,82.0953,0.150622,5.73529,0.929809
110,E1,41.2034,3,122.47,0.120866,4.94594,0.809586
110,E1,41.2034,4,164.191,0.129437,3.6636,0.878509
110,E1,41.2034,5,205.911,0.105234,5.07517,0.710101
110,E1,41.2034,6,246.286,0.10668,4.43577,0.728067
110,E1,41.2034,8,328.381,0.0971958,2.206,0.702506
110,E1,41.2034,9,370.102,0.151748,4.03269,0.92415
110,E1,41.2034,10,411.823,0.135582,3.93852,0.839414
110,E1,41.2034,11,453.543,0.160712,4.0792,0.900846
110,E1,41.2034,12,495.264,0.162265,2.96398,0.913367
110,E1,41.2034,13,536.984,0.187604,3.20284,0.942942
110,E1,41.2034,14,578.705,0.18685,3.36406,0.95426
110,E1,41.2034,15,620.425,0.190106,2.21429,0.916789
110,E1,41.2034,16,662.146,0.180076,1.77538,0.86919
110,E1,41.2034,17,705.212,0.22507,1.31883,0.970584
110,E1,41.2034,18,746.933,0.193745,3.34553,0.939996
110,E1,41.2034,19,789.999,0.237156,2.69938,0.981428
110,E1,41.2034,20,833.066,0.271082,1.6876,0.995333
110,E1,41.2034,21,876.132,0.273092,2.95519,0.983422
110,E1,41.2034,22,919.199,0.30505,3.96717,0.995123
110,E1,41.2034,23,962.265,0.307369,3.40282,0.993976
110,E1,41.2034,24,1005.33,0.336726,1.31158,0.983049
110,E1,41.2034,25,1049.74,0.349436,2.21936,0.98508
110,E1,41.2034,26,1094.16,0.366618,1.68134,0.99376
110,E1,41.2034,27,1156.06,1.76986,5.72979,0.991353
110,E1,41.2034,28,1196.44,0.747987,-0.900994,0.908186
110,E1,41.2034,30,1278.53,0.581567,-1.48659,0.889779
110,E1,41.2034,33,1442.72,1.17631,-0.574161,0.9613
110,E1,41.2034,34,1484.45,1.35346,-0.597476,0.925349
110,E1,41.2034,35,1524.82,0.873668,-1.51184,0.923934
110,E1,41.2034,36,1588.07,0.605802,3.75918,0.995455
110,E1,41.2034,37,1637.87,0.660638,3.61529,0.987916
110,E1,41.2034,38,1687.66,0.651994,2.44888,0.9816
110,E1,41.2034,39,1733.42,0.751119,1.25438,0.936396
110,E1,41.2034,40,1783.22,0.815615,1.67518,0.939092
110,E1,41.2034,41,1831.67,0.75459,2.81404,0.975982
110,E1,41.2034,42,1880.12,0.85685,2.75834,0.996563
110,E1,41.2034,43,1929.91,0.818531,3.33331,0.983903
110,E1,41.2034,44,1979.71,0.895819,2.84043,0.990784
110,E1,41.2034,45,2028.16,0.892982,2.09094,0.966368
110,E1,41.2034,46,2079.3,0.946442,0.632155,0.982959
110,E1,41.2034,47,2130.44,1.0194,1.30512,0.992846
110,E1,41.2034,48,2181.58,1.05304,1.79805,0.996315
110,E1,41.2034,50,2310.78,2.76938,4.2805,0.990381
110,E1,41.2034,51,2363.27,1.33773,0.349001,0.9997
110,E1,41.2034,52,2407.68,1.31389,-0.318914,0.999022
110,E1,41.2034,54,2542.26,1.18888,-0.183574,0.999506
110,E1,41.2034,55,2586.68,1.20601,0.793774,0.999808
110,E1,41.2034,56,2632.43,1.18977,1.05095,0.999869
110,E1,41.2034,57,2713.18,1.34395,0.599555,0.98407
110,E1,41.2034,58,2768.36,1.449,0.999194,0.979159
110,E1,41.2034,59,2826.23,1.46716,1.19293,0.984611
110,E1,41.2034,60,2889.49,2.53199,3.03401,0.971642
110,E1,41.2034,61,2937.94,1.38981,1.24327,0.971174
110,E1,41.2034,63,3466.85,1.91337,1.75006,0.917814
110,E1,41.2034,79,4044.2,2.18923,1.61308,0.928798
110,E1,41.2034,88,4955.33,4.12329,0.820869,0.976542
110,Gs1,51.9131,1,52.4872,0.244674,2.34866,0.942187
110,Gs1,51.9131,2,103.629,0.230658,4.54355,0.955704
110,Gs1,51.9131,3,154.77,0.243322,4.63961,0.968429
110,Gs1,51.9131,4,207.257,0.271332,4.91032,0.976814
110,Gs1,51.9131,5,259.744,0.280089,4.21431,0.978498
110,Gs1,51.9131,6,310.886,0.240828,4.32802,0.973822
110,Gs1,51.9131,7,363.373,0.228249,2.91789,0.949505
110,Gs1,51.9131,8,414.514,0.181429,0.926005,0.839911
110,Gs1,51.9131,9,467.001,0.240003,2.70953,0.808737
110,Gs1,51.9131,10,519.489,0.178831,2.59876,0.699412
110,Gs1,51.9131,11,570.63,0.196872,3.27789,0.91239
110,Gs1,51.9131,12,623.117,0.173108,1.44656,0.824457
110,Gs1,51.9131,13,675.604,0.167708,2.50268,0.770514
110,Gs1,51.9131,14,728.091,0.196956,3.32409,0.807311
110,Gs1,51.9131,15,780.579,0.178076,2.52281,0.769412
110,Gs1,51.9131,16,834.412,0.152766,0.397171,0.609073
110,Gs1,51.9131,17,886.899,0.202321,1.67877,0.804569
110,Gs1,51.9131,18,939.386,0.164143,1.68201,0.668106
110,Gs1,51.9131,19,993.219,0.258893,1.91062,0.892994
110,Gs1,51.9131,20,1047.05,0.331486,1.7354,0.89697
110,Gs1,51.9131,21,1102.23,0.287732,3.57224,0.952985
110,Gs1,51.9131,22,1157.41,0.302891,2.83357,0.974215
110,Gs1,51.9131,25,1349.86,0.999939,-1.25186,0.858276
110,Gs1,51.9131,26,1403.7,1.87206,1.25801,0.993115
110,Gs1,51.9131,27,1456.18,2.1218,2.30721,0.993227
110,Gs1,51.9131,28,1510.02,1.26566,0.224699,0.902831
110,Gs1,51.9131,29,1562.5,1.23555,-0.353636,0.919049
110,Gs1,51.9131,30,1621.72,0.656387,-2.84113,0.820379
110,Gs1,51.9131,31,1697.09,0.49504,1.02233,0.95291
110,Gs1,51.9131,32,1754.96,0.547445,0.609672,0.85877
110,Gs1,51.9131,33,1811.48,0.475934,0.834735,0.950787
110,Gs1,51.9131,34,1868.01,0.520287,1.80487,0.934858
110,Gs1,51.9131,35,1925.88,0.642144,2.73915,0.940934
110,Gs1,51.9131,36,1981.05,0.533187,1.92998,0.96629
110,Gs1,51.9131,37,2040.27,0.555553,2.13866,0.972923
110,Gs1,51.9131,38,2098.14,0.6007,2.05478,0.976206
110,Gs1,51.9131,41,2305.4,0.759808,0.232294,0.973029
110,Gs1,51.9131,42,2359.23,0.696492,-0.0793545,0.971885
110,Gs1,51.9131,43,2444.02,0.745284,1.83189,0.931349
110,Gs1,51.9131,44,2505.93,0.784941,0.609561,0.9828
110,Gs1,51.9131,45,2569.18,0.817203,1.48314,0.978886
110,Gs1,51.9131,46,2625.71,0.830948,0.823191,0.935082
110,Gs1,51.9131,47,2686.27,0.934393,-0.673411,0.97925
110,Gs1,51.9131,48,2752.21,0.849743,0.53027,0.995183
110,Gs1,51.9131,53,2994.46,1.08119,0.68729,0.987474
110,Gs1,51.9131,59,3602.77,1.27188,0.975136,0.983368
110,Gs1,51.9131,68,4322.79,2.50198,0.762591,0.974116
110,Gs1,51.9131,78,5369.84,2.94421,0.908898,0.976085
110,Gs1,51.9131,91,6482.84,4.29421,0.306718,0.963779
