epsilon,error,force_curve_gate_pass,hardness,index,label,linear_density_kg_m,max_energy_ratio,median_abs_shape_error_db,midi80_Fmax_N,midi80_contact_duration_ms,midi80_contact_span_ms,midi80_impulse_Ns,midi80_peak_position,midi80_rebound_velocity_m_s,midi80_rise_fall_ratio,midi80_velocity_m_s,p,p90_abs_shape_error_db,paired_shape_rmse_db,stage,status,tau0_s,tension_N,velocity_scale
0.51,,False,400.0,0,current_baseline,0.007,1.0,0.8776677188447131,10.7929995098202,5.374149659863947,5.532879818594109,0.029351191910685394,0.3975409836065566,-0.904702334226,0.6598639455782292,1.052136525303366,2.4,5.069195665395369,3.408233103355109,anchor,PASS,0.0004,809.7417786530798,1.0
0.992,"delay: 84.2806, f0: 261.626, z: 2.3808
status=FAIL
velocity_m_s=3.43926970858
hardness_N_per_mm_p=8800
p=3.95
epsilon=0.992
tau0_s=2e-06
linear_density_kg_m=0.00623958204318
tension_N=721.778608814
force_log=""/var/folders/zh/nj8dx9w152qdp4y5nkg5xm540000gn/T/bbpiano-hammer-search-_atd0sjz/force_110.txt""
positive_force_samples=19
contact_span_s=0.000408163265306
maximum_force_N=41.2559083608
force_impulse_Ns=0.00444082272898
initial_hammer_energy_J=0.0887143209626
maximum_mechanical_energy_J=0.0896356873351
maximum_mechanical_energy_ratio=1.01038576819
string_energy_at_release_J=0.0155342479662
string_energy_at_release_ratio=0.175104174812
final_hammer_energy_J=0.07409849742
final_string_energy_J=0.0142976662272
rebound_velocity_m_s=3.14321485998
physical_f0_hz=261.626
configured_f0_hz=261.626
f0_relative_error=0
integer_spatial_port_pass=1
strike_reset_position_error_m=0",,8800.0,1,stulov_published_anchor,0.00623958204318,,,,,,,,,,1.052136525303366,3.95,,,anchor,FAIL,2e-06,721.7786088137701,1.0
0.51,,False,400.0,2,axis_hardness_400,0.007,1.0,0.8776677188447131,10.7929995098202,5.374149659863947,5.532879818594109,0.029351191910685394,0.3975409836065566,-0.904702334226,0.6598639455782292,1.052136525303366,2.4,5.069195665395369,3.408233103355109,one_factor,PASS,0.0004,809.7417786530798,1.0
0.51,,False,800.0,3,axis_hardness_800,0.007,1.0,1.1856120334948823,11.2374548413525,5.260770975056687,5.442176870748299,0.029307846315364178,0.38750000000000057,-0.901815833472,0.6326530612244914,1.052136525303366,2.4,5.253623752558776,3.600651770971826,one_factor,PASS,0.0004,809.7417786530798,1.0
0.51,,False,1600.0,4,axis_hardness_1600,0.007,1.0,1.4801364020390837,12.1491510428854,5.215419501133787,5.351473922902499,0.029270625044139444,0.73728813559322,-0.899462048425,2.8064516129032215,1.052136525303366,2.4,5.6043212911648626,3.6945270980570224,one_factor,PASS,0.0004,809.7417786530798,1.0
0.51,"delay: 84.2806, f0: 261.626, z: 2.3808
status=FAIL
velocity_m_s=3.43926970858
hardness_N_per_mm_p=3200
p=2.4
epsilon=0.51
tau0_s=0.0004
linear_density_kg_m=0.007
tension_N=809.741778653
force_log=""/var/folders/zh/nj8dx9w152qdp4y5nkg5xm540000gn/T/bbpiano-hammer-search-507_b7ka/force_110.txt""
positive_force_samples=90
contact_span_s=0.00201814058957
maximum_force_N=91.4885966607
force_impulse_Ns=0.0291891315369
initial_hammer_energy_J=0.0887143209626
maximum_mechanical_energy_J=0.105915264452
maximum_mechanical_energy_ratio=1.19389139546
string_energy_at_release_J=0.0891846413301
string_energy_at_release_ratio=1.00530151572
final_hammer_energy_J=0.016725205044
final_string_energy_J=0.0826680674539
rebound_velocity_m_s=1.49332760612
physical_f0_hz=261.626
configured_f0_hz=261.626
f0_relative_error=0
integer_spatial_port_pass=1
strike_reset_position_error_m=0",,3200.0,5,axis_hardness_3200,0.007,,,,,,,,,,1.052136525303366,2.4,,,one_factor,FAIL,0.0004,809.7417786530798,1.0
0.51,"delay: 84.2806, f0: 261.626, z: 2.3808
status=FAIL
velocity_m_s=1.72448373458
hardness_N_per_mm_p=8000
p=2.4
epsilon=0.51
tau0_s=0.0004
linear_density_kg_m=0.007
tension_N=809.741778653
force_log=""/var/folders/zh/nj8dx9w152qdp4y5nkg5xm540000gn/T/bbpiano-hammer-search-8tyt3vn2/force_95.txt""
positive_force_samples=90
contact_span_s=0.00201814058957
maximum_force_N=42.0443681145
force_impulse_Ns=0.0145567584938
initial_hammer_energy_J=0.0223038311313
maximum_mechanical_energy_J=0.025431677161
maximum_mechanical_energy_ratio=1.14023806096
string_energy_at_release_J=0.0211660690982
string_energy_at_release_ratio=0.948988044859
final_hammer_energy_J=0.00426424514207
final_string_energy_J=0.019619817154
rebound_velocity_m_s=0.75403316833
physical_f0_hz=261.626
configured_f0_hz=261.626
f0_relative_error=0
integer_spatial_port_pass=1
strike_reset_position_error_m=0",,8000.0,6,axis_hardness_8000,0.007,,,,,,,,,,1.052136525303366,2.4,,,one_factor,FAIL,0.0004,809.7417786530798,1.0
0.51,"delay: 84.2806, f0: 261.626, z: 2.3808
status=FAIL
velocity_m_s=1.0521365253
hardness_N_per_mm_p=16000
p=2.4
epsilon=0.51
tau0_s=0.0004
linear_density_kg_m=0.007
tension_N=809.741778653
force_log=""/var/folders/zh/nj8dx9w152qdp4y5nkg5xm540000gn/T/bbpiano-hammer-search-qdn_4y66/force_80.txt""
positive_force_samples=90
contact_span_s=0.00201814058957
maximum_force_N=25.7275604671
force_impulse_Ns=0.00888283731865
initial_hammer_energy_J=0.00830243450908
maximum_mechanical_energy_J=0.0094795051905
maximum_mechanical_energy_ratio=1.14177416035
string_energy_at_release_J=0.00789236098613
string_energy_at_release_ratio=0.950608038822
final_hammer_energy_J=0.00158663687879
final_string_energy_J=0.00731579400825
rebound_velocity_m_s=0.459947370727
physical_f0_hz=261.626
configured_f0_hz=261.626
f0_relative_error=0
integer_spatial_port_pass=1
strike_reset_position_error_m=0",,16000.0,7,axis_hardness_16000,0.007,,,,,,,,,,1.052136525303366,2.4,,,one_factor,FAIL,0.0004,809.7417786530798,1.0
0.51,,False,400.0,8,axis_exponent_1.5,0.007,1.0,1.6143164987274294,12.1924253925202,5.2154195011337885,5.328798185941039,0.029270806851898507,0.7361702127659585,-0.900385606318,2.790322580645177,1.052136525303366,1.5,5.215082563536883,3.649901648606322,one_factor,PASS,0.0004,809.7417786530798,1.0
0.51,,False,400.0,9,axis_exponent_2,0.007,1.0,0.9397176176423647,11.0642807590621,5.306122448979588,5.442176870748299,0.02932896962505501,0.391666666666667,-0.903374202828,0.6438356164383571,1.052136525303366,2.0,5.338452055122653,3.5653562610027825,one_factor,PASS,0.0004,809.7417786530798,1.0
0.51,,False,400.0,10,axis_exponent_2.4,0.007,1.0,0.8776677188447131,10.7929995098202,5.374149659863947,5.532879818594109,0.029351191910685394,0.3975409836065566,-0.904702334226,0.6598639455782292,1.052136525303366,2.4,5.069195665395369,3.408233103355109,one_factor,PASS,0.0004,809.7417786530798,1.0
0.51,,False,400.0,11,axis_exponent_2.8,0.007,1.0,0.638586394280906,10.6230261248695,5.396825396825394,5.600907029478459,0.029361919104370537,0.4048582995951423,-0.905394423856,0.6802721088435393,1.052136525303366,2.8,5.069664001851992,3.29561787145548,one_factor,PASS,0.0004,809.7417786530798,1.0
0.51,,False,400.0,12,axis_exponent_3.2,0.007,1.0,1.0153784207662224,10.5158622424081,5.419501133786853,5.668934240362809,0.029367310639906438,0.4080000000000004,-0.905716809856,0.6891891891891906,1.052136525303366,3.2,5.44989145170405,3.134813976529881,one_factor,PASS,0.0004,809.7417786530798,1.0
0.51,,False,400.0,13,axis_exponent_3.5,0.007,1.0,1.2029870120530106,10.4735635440326,5.442176870748301,5.71428571428572,0.029368627298281814,0.4126984126984121,-0.905778651181,0.7027027027027012,1.052136525303366,3.5,5.595283178482089,3.0458633735099454,one_factor,PASS,0.0004,809.7417786530798,1.0
0.1,,False,400.0,14,axis_epsilon_0.1,0.007,1.0,0.9812528853565681,11.3801371633769,5.351473922902496,5.555555555555559,0.029767887703381173,0.39591836734693814,-0.93247018379,0.6554054054054037,1.052136525303366,2.4,5.343740202028527,3.6150777067405375,one_factor,PASS,0.0004,809.7417786530798,1.0
0.3,,False,400.0,15,axis_epsilon_0.3,0.007,1.0,0.8653848655958025,11.0910266636713,5.374149659863947,5.532879818594109,0.029605078532469645,0.3975409836065566,-0.921631894702,0.6598639455782292,1.052136525303366,2.4,5.007599931043709,3.486423817796013,one_factor,PASS,0.0004,809.7417786530798,1.0
0.51,,False,400.0,16,axis_epsilon_0.51,0.007,1.0,0.8776677188447131,10.7929995098202,5.374149659863947,5.532879818594109,0.029351191910685394,0.3975409836065566,-0.904702334226,0.6598639455782292,1.052136525303366,2.4,5.069195665395369,3.408233103355109,one_factor,PASS,0.0004,809.7417786530798,1.0
0.65,,False,400.0,17,axis_epsilon_0.65,0.007,1.0,0.8742461018890193,10.595995908459,5.374149659863947,5.532879818594109,0.029091524032680803,0.3975409836065566,-0.887388161573,0.6598639455782292,1.052136525303366,2.4,5.061201579409186,3.323077251934807,one_factor,PASS,0.0004,809.7417786530798,1.0
0.75,,False,400.0,18,axis_epsilon_0.75,0.007,1.0,0.8444984539495242,10.4532909867883,5.374149659863947,5.532879818594109,0.02882823672583293,0.3975409836065566,-0.869821738241,0.6598639455782292,1.052136525303366,2.4,4.787102932518228,3.2933025786238366,one_factor,PASS,0.0004,809.7417786530798,1.0
0.85,,False,400.0,19,axis_epsilon_0.85,0.007,1.0,0.8288478009729738,10.3053467561951,5.351473922902496,5.532879818594109,0.028459897494107846,0.39344262295081917,-0.845228568422,0.6486486486486474,1.052136525303366,2.4,4.876497856741069,3.1151910113723247,one_factor,PASS,0.0004,809.7417786530798,1.0
0.51,,False,400.0,20,axis_tau0_s_5e-05,0.007,1.0,1.294943742059016,10.3565857179676,5.487528344671206,5.71428571428572,0.02991234977053222,0.4126984126984121,-0.942070885763,0.7027027027027012,1.052136525303366,2.4,7.933089071888049,4.12895828057226,one_factor,PASS,5e-05,809.7417786530798,1.0
0.51,,False,400.0,21,axis_tau0_s_0.0001,0.007,1.0,0.7284610564009948,10.1488772009939,5.487528344671206,5.668934240362809,0.029778846610939866,0.4080000000000004,-0.933189164892,0.6891891891891906,1.052136525303366,2.4,5.941305869895859,3.9037759373889456,one_factor,PASS,0.0001,809.7417786530798,1.0
0.51,,False,400.0,22,axis_tau0_s_0.0002,0.007,1.0,0.9824758829371227,10.3673018465436,5.4421768707482965,5.623582766439909,0.029567062710261112,0.39516129032258,-0.919047328172,0.6533333333333318,1.052136525303366,2.4,4.949012548073456,3.4614355086822917,one_factor,PASS,0.0002,809.7417786530798,1.0
0.51,,False,400.0,23,axis_tau0_s_0.0004,0.007,1.0,0.8776677188447131,10.7929995098202,5.374149659863947,5.532879818594109,0.029351191910685394,0.3975409836065566,-0.904702334226,0.6598639455782292,1.052136525303366,2.4,5.069195665395369,3.408233103355109,one_factor,PASS,0.0004,809.7417786530798,1.0
0.51,,False,400.0,24,axis_tau0_s_0.0008,0.007,1.0,0.8181148091835535,11.1083748690899,5.306122448979597,5.464852607709749,0.029244379678018732,0.40248962655601633,-0.897585800894,0.6736111111111104,1.052136525303366,2.4,4.770152426200076,3.257564613674423,one_factor,PASS,0.0008,809.7417786530798,1.0
0.51,,False,400.0,25,axis_tau0_s_0.0015,0.007,1.0,0.7669082413640775,11.2866653239945,5.2834467120181365,5.442176870748299,0.029270953812100445,0.4041666666666663,-0.899316418353,0.6783216783216773,1.052136525303366,2.4,4.64431672673758,3.2391088483608557,one_factor,PASS,0.0015,809.7417786530798,1.0
0.51,,False,400.0,26,axis_linear_density_0.0059,0.0059,1.0,0.5268375219218875,9.93518063722926,6.4852607709750565,6.598639455782309,0.030553328035673823,0.6185567010309289,-0.984827361132,1.6216216216216288,1.052136525303366,2.4,7.939784667933446,4.982625812762235,one_factor,PASS,0.0004,682.4966420075958,1.0
0.51,,False,400.0,27,axis_linear_density_0.00623958,0.00623958,1.0,1.038933770632795,10.0682558684942,5.600907029478456,5.78231292517007,0.028987663022540494,0.7098039215686279,-0.880434771427,2.445945945945951,1.052136525303366,2.4,4.446785919373641,3.0953164846445667,one_factor,PASS,0.0004,721.7783724640262,1.0
0.51,,False,400.0,28,axis_linear_density_0.0065,0.0065,1.0,0.945590676276769,10.226248012522,5.510204081632657,5.691609977324259,0.029121381454512978,0.38645418326693215,-0.889354536859,0.6298701298701296,1.052136525303366,2.4,4.4236774535423455,3.156843234369209,one_factor,PASS,0.0004,751.9030801778598,1.0
0.51,,False,400.0,29,axis_linear_density_0.0068,0.0068,1.0,0.9557472030188461,10.5699080437473,5.419501133786846,5.600907029478459,0.02926378268589696,0.392712550607287,-0.898840513039,0.6466666666666655,1.052136525303366,2.4,4.864571499199288,3.3580394957149284,one_factor,PASS,0.0004,786.6062992629918,1.0
0.51,,False,400.0,30,axis_linear_density_0.007,0.007,1.0,0.8776677188447131,10.7929995098202,5.374149659863947,5.532879818594109,0.029351191910685394,0.3975409836065566,-0.904702334226,0.6598639455782292,1.052136525303366,2.4,5.069195665395369,3.408233103355109,one_factor,PASS,0.0004,809.7417786530798,1.0
0.51,,False,400.0,31,axis_velocity_scale_0.7,0.007,1.0,0.8797630560262117,7.31243239543323,5.442176870748295,5.623582766439909,0.02057135778227297,0.4032258064516136,-0.634987927888,0.6756756756756778,0.7364955677123562,2.4,6.424330485220027,3.397890443995316,one_factor,PASS,0.0004,809.7417786530798,0.7
0.51,,False,400.0,32,axis_velocity_scale_0.85,0.007,1.0,0.6529042088008628,9.03911521254985,5.419501133786846,5.578231292517009,0.02496253779584451,0.40243902439024287,-0.769911222988,0.6734693877550992,0.8943160465078611,2.4,5.137238197698446,3.3750308980243586,one_factor,PASS,0.0004,809.7417786530798,0.85
0.51,,False,400.0,33,axis_velocity_scale_1,0.007,1.0,0.8776677188447131,10.7929995098202,5.374149659863947,5.532879818594109,0.029351191910685394,0.3975409836065566,-0.904702334226,0.6598639455782292,1.052136525303366,2.4,5.069195665395369,3.408233103355109,one_factor,PASS,0.0004,809.7417786530798,1.0
0.51,,False,400.0,34,axis_velocity_scale_1.15,0.007,1.0,0.934959535070679,12.5588148402769,5.351473922902496,5.510204081632649,0.0337392369315693,0.3950617283950619,-1.03940843665,0.6530612244897963,1.209957004098871,2.4,5.273541508733664,3.5195400009680453,one_factor,PASS,0.0004,809.7417786530798,1.15
0.51,,False,400.0,35,axis_velocity_scale_1.3,0.007,1.0,0.932499762970991,14.3404410095905,5.306122448979597,5.487528344671199,0.03812575486157994,0.3925619834710746,-1.17403150607,0.6462585034013614,1.367777482894376,2.4,5.304867166910176,3.5758786825555653,one_factor,PASS,0.0004,809.7417786530798,1.3
0.51,,False,400.0,36,axis_velocity_scale_1.5,0.007,1.0,0.9737908441448795,16.7338073800693,5.2834467120181365,5.442176870748299,0.0439712754508408,0.391666666666667,-1.35342605157,0.6438356164383571,1.5782047879550491,2.4,5.191882553513291,3.5958729255921873,one_factor,PASS,0.0004,809.7417786530798,1.5
0.32290680702175406,,False,429.8866980229407,37,lhs_0000,0.006001661690277065,1.0,1.398786637037617,14.7325070237248,6.507936507936505,6.689342403628118,0.0460615374178744,0.6135593220338987,-1.49308342567,1.587719298245617,1.5777295388012234,2.8271238728558923,5.648412213745471,4.374862089046347,space_filling,PASS,8.580780822636607e-05,694.2566017084285,1.49954830086933
0.828144812377138,"delay: 84.2806, f0: 261.626, z: 2.3808
status=FAIL
velocity_m_s=2.95772227736
hardness_N_per_mm_p=1201.23949223
p=2.74672178495
epsilon=0.828144812377
tau0_s=0.0010804438126
linear_density_kg_m=0.00590294042953
tension_N=682.836783241
force_log=""/var/folders/zh/nj8dx9w152qdp4y5nkg5xm540000gn/T/bbpiano-hammer-search-dcguv7ab/force_110.txt""
positive_force_samples=249
contact_span_s=0.00562358276644
maximum_force_N=36.5373899832
force_impulse_Ns=0.0798955891257
initial_hammer_energy_J=0.0656109080251
maximum_mechanical_energy_J=0.0663711871974
maximum_mechanical_energy_ratio=1.01158769472
string_energy_at_release_J=0.0242354785103
string_energy_at_release_ratio=0.369381848838
final_hammer_energy_J=0.0420787829297
final_string_energy_J=0.0227782902431
rebound_velocity_m_s=-2.36865033102
physical_f0_hz=261.626
configured_f0_hz=261.626
f0_relative_error=2.17269762412e-16
integer_spatial_port_pass=1
strike_reset_position_error_m=0",,1201.2394922267097,38,lhs_0001,0.0059029404295275565,,,,,,,,,,0.9048222161684953,2.7467217849548806,,,space_filling,FAIL,0.0010804438126048818,682.8367832412598,0.8599855573948494
0.23103754796006054,"delay: 84.2806, f0: 261.626, z: 2.3808
status=FAIL
velocity_m_s=2.56658017205
hardness_N_per_mm_p=12657.7190451
p=3.18384647698
epsilon=0.23103754796
tau0_s=0.000330662859574
linear_density_kg_m=0.00661306038849
tension_N=764.981611617
force_log=""/var/folders/zh/nj8dx9w152qdp4y5nkg5xm540000gn/T/bbpiano-hammer-search-8ikg1x_p/force_95.txt""
positive_force_samples=175
contact_span_s=0.00394557823129
maximum_force_N=97.092272516
force_impulse_Ns=0.0563841249494
initial_hammer_energy_J=0.0494050033468
maximum_mechanical_energy_J=0.0855526597834
maximum_mechanical_energy_ratio=1.73165983175
string_energy_at_release_J=0.0748894820851
string_energy_at_release_ratio=1.51582789215
final_hammer_energy_J=0.0106629444435
final_string_energy_J=0.0699078423939
rebound_velocity_m_s=-1.19236149124
physical_f0_hz=261.626
configured_f0_hz=261.626
f0_relative_error=0
integer_spatial_port_pass=1
strike_reset_position_error_m=0",,12657.719045134503,39,lhs_0002,0.006613060388492735,,,,,,,,,,1.5659137224573845,3.183846476978787,,,space_filling,FAIL,0.0003306628595742177,764.9816116169048,1.4883179937184285
0.1146550531861591,"delay: 84.2806, f0: 261.626, z: 2.3808
status=FAIL
velocity_m_s=0.77195005263
hardness_N_per_mm_p=9242.45678886
p=2.08818778441
epsilon=0.114655053186
tau0_s=0.000976578488573
linear_density_kg_m=0.00624943651441
tension_N=722.918548394
force_log=""/var/folders/zh/nj8dx9w152qdp4y5nkg5xm540000gn/T/bbpiano-hammer-search-gk_5tqcv/force_50.txt""
positive_force_samples=242
contact_span_s=0.00546485260771
maximum_force_N=16.3079592828
force_impulse_Ns=0.0211920517248
initial_hammer_energy_J=0.00446930162817
maximum_mechanical_energy_J=0.00455529443803
maximum_mechanical_energy_ratio=1.01924077116
string_energy_at_release_J=0.00143202257609
string_energy_at_release_ratio=0.320413052245
final_hammer_energy_J=0.00308019806073
final_string_energy_J=0.00134528047677
rebound_velocity_m_s=-0.640853395688
physical_f0_hz=261.626
configured_f0_hz=261.626
f0_relative_error=0
integer_spatial_port_pass=1
strike_reset_position_error_m=0",,9242.456788863596,40,lhs_0003,0.006249436514412478,,,,,,,,,,1.5555697419996914,2.0881877844104073,,,space_filling,FAIL,0.0009765784885727151,722.9185483942662,1.4784865885643204
0.6155823710175726,,False,126.93175645648677,41,lhs_0004,0.006337154467814488,1.0,1.492200541167223,12.8447296680752,6.530612244897957,6.666666666666669,0.04344855736681426,0.35034013605442166,-1.38535758801,0.539267015706806,1.5113353308653286,2.0947960737439724,6.122029127488064,4.290021046455285,space_filling,PASS,0.00015420579269562987,733.0655329096306,1.4364441253758016
0.46406911064736933,,False,127.50243874684598,42,lhs_0005,0.006427911173419024,1.0,2.299817637270866,13.4757550447448,5.714285714285715,5.873015873015869,0.0418538888987226,0.39768339768339794,-1.29549738775,0.6602564102564111,1.4948904524542426,2.4443537120284735,8.780812399236895,4.908031278112259,space_filling,PASS,0.00020065696711377693,743.5640323697608,1.420814140088156
0.7439343972511551,,False,389.7046822131598,43,lhs_0006,0.006376821278509199,1.0,1.0114385535313308,8.40851578202929,5.419501133786847,5.578231292517009,0.022506324004521905,0.7276422764227631,-0.67417608665,2.671641791044761,0.8263748629744229,2.0052521595609534,4.916928938273923,3.3676130444835572,space_filling,PASS,0.0013777303816291555,737.6540863161207,0.78542550619669
0.5177961138178718,"delay: 84.2806, f0: 261.626, z: 2.3808
status=FAIL
velocity_m_s=2.93551260237
hardness_N_per_mm_p=6036.99749654
p=3.27354980771
epsilon=0.517796113818
tau0_s=0.000240400389235
linear_density_kg_m=0.00640076788506
tension_N=740.424167428
force_log=""/var/folders/zh/nj8dx9w152qdp4y5nkg5xm540000gn/T/bbpiano-hammer-search-m_qakftp/force_110.txt""
positive_force_samples=91
contact_span_s=0.00204081632653
maximum_force_N=65.8061164529
force_impulse_Ns=0.0232160054027
initial_hammer_energy_J=0.0646292567898
maximum_mechanical_energy_J=0.0719303801632
maximum_mechanical_energy_ratio=1.11296932281
string_energy_at_release_J=0.0574820669498
string_energy_at_release_ratio=0.889412470527
final_hammer_energy_J=0.014444477249
final_string_energy_J=0.0532890104686
rebound_velocity_m_s=1.38777890885
physical_f0_hz=261.626
configured_f0_hz=261.626
f0_relative_error=0
integer_spatial_port_pass=1
strike_reset_position_error_m=0",,6036.997496542704,44,lhs_0007,0.006400767885059508,,,,,,,,,,0.8980278638028745,3.273549807711047,,,space_filling,FAIL,0.00024040038923472186,740.4241674276568,0.8535278855982527
0.5399162562131146,"delay: 84.2806, f0: 261.626, z: 2.3808
status=FAIL
velocity_m_s=1.38003168184
hardness_N_per_mm_p=11232.6879249
p=2.85284912649
epsilon=0.539916256213
tau0_s=9.89937233561e-05
linear_density_kg_m=0.00613186114147
tension_N=709.317735307
force_log=""/var/folders/zh/nj8dx9w152qdp4y5nkg5xm540000gn/T/bbpiano-hammer-search-ahabxbes/force_80.txt""
positive_force_samples=97
contact_span_s=0.0021768707483
maximum_force_N=30.8266699049
force_impulse_Ns=0.01228284614
initial_hammer_energy_J=0.0142836558215
maximum_mechanical_energy_J=0.0162122330482
maximum_mechanical_energy_ratio=1.13501986122
string_energy_at_release_J=0.0138488422525
string_energy_at_release_ratio=0.969558663804
final_hammer_energy_J=0.00236188264851
final_string_energy_J=0.012848167141
rebound_velocity_m_s=0.561175272502
physical_f0_hz=261.626
configured_f0_hz=261.626
f0_relative_error=0
integer_spatial_port_pass=1
strike_reset_position_error_m=0",,11232.687924897788,45,lhs_0008,0.006131861141472274,,,,,,,,,,1.380031681835337,2.8528491264917935,,,space_filling,FAIL,9.899372335614035e-05,709.3177353070662,1.3116469665734947
0.33139373333467076,"delay: 84.2806, f0: 261.626, z: 2.3808
status=FAIL
velocity_m_s=4.59218683682
hardness_N_per_mm_p=1739.30488029
p=2.97362270688
epsilon=0.331393733335
tau0_s=0.000150841847676
linear_density_kg_m=0.00636716803733
tension_N=736.537424504
force_log=""/var/folders/zh/nj8dx9w152qdp4y5nkg5xm540000gn/T/bbpiano-hammer-search-rc1g2z6k/force_110.txt""
positive_force_samples=243
contact_span_s=0.00548752834467
maximum_force_N=93.9603228655
force_impulse_Ns=0.126586867945
initial_hammer_energy_J=0.158161349582
maximum_mechanical_energy_J=0.205860418615
maximum_mechanical_energy_ratio=1.30158486355
string_energy_at_release_J=0.0769334223499
string_energy_at_release_ratio=0.486423658834
final_hammer_energy_J=0.110991972096
final_string_energy_J=0.072229129852
rebound_velocity_m_s=-3.84693769287
physical_f0_hz=261.626
configured_f0_hz=261.626
f0_relative_error=0
integer_spatial_port_pass=1
strike_reset_position_error_m=0",,1739.3048802862156,46,lhs_0009,0.006367168037330259,,,,,,,,,,1.404835302677422,2.973622706881776,,,space_filling,FAIL,0.00015084184767621137,736.5374245044062,1.3352214934961613
0.2095714079258923,"delay: 84.2806, f0: 261.626, z: 2.3808
status=FAIL
velocity_m_s=4.49183625985
hardness_N_per_mm_p=2374.51370009
p=2.25719571954
epsilon=0.209571407926
tau0_s=0.000264422308153
linear_density_kg_m=0.00577938076513
tension_N=668.543722896
force_log=""/var/folders/zh/nj8dx9w152qdp4y5nkg5xm540000gn/T/bbpiano-hammer-search-7s2lit2z/force_110.txt""
positive_force_samples=88
contact_span_s=0.00197278911565
maximum_force_N=90.6291570835
force_impulse_Ns=0.0311754912754
initial_hammer_energy_J=0.15132444739
maximum_mechanical_energy_J=0.165656760206
maximum_mechanical_energy_ratio=1.09471247418
string_energy_at_release_J=0.121961837461
string_energy_at_release_ratio=0.80596254977
final_hammer_energy_J=0.0436862871358
final_string_energy_J=0.113046408376
rebound_velocity_m_s=2.41347017483
physical_f0_hz=261.626
configured_f0_hz=261.626
f0_relative_error=0
integer_spatial_port_pass=1
strike_reset_position_error_m=0",,2374.5137000878503,47,lhs_0010,0.005779380765128807,,,,,,,,,,1.3741361960899359,2.257195719544945,,,space_filling,FAIL,0.000264422308152708,668.5437228955425,1.306043619856013
0.21342037559539156,,False,233.98270027471727,48,lhs_0011,0.006060304511320118,1.0,1.0921065307113516,12.9550852118988,5.600907029478457,5.78231292517007,0.03574706018973153,0.7058823529411771,-1.09128311898,2.4000000000000075,1.2920564979704943,2.0129326451343794,4.661347518111329,3.29746446920654,space_filling,PASS,0.0005184520410524458,701.0402505965194,1.228031217334605
0.6742339556608634,"delay: 84.2806, f0: 261.626, z: 2.3808
status=FAIL
velocity_m_s=0.609019005259
hardness_N_per_mm_p=17161.2056196
p=2.02622286666
epsilon=0.674233955661
tau0_s=0.000732988429792
linear_density_kg_m=0.0065532437869
tension_N=758.06218285
force_log=""/var/folders/zh/nj8dx9w152qdp4y5nkg5xm540000gn/T/bbpiano-hammer-search-ukbdv6en/force_50.txt""
positive_force_samples=87
contact_span_s=0.00195011337868
maximum_force_N=12.1365569603
force_impulse_Ns=0.00451054900757
initial_hammer_energy_J=0.00278178111575
maximum_mechanical_energy_J=0.00299464133375
maximum_mechanical_energy_ratio=1.0765193986
string_energy_at_release_J=0.00228153138528
string_energy_at_release_ratio=0.820169269381
final_hammer_energy_J=0.000712939457642
final_string_energy_J=0.00211451401859
rebound_velocity_m_s=0.308315738087
physical_f0_hz=261.626
configured_f0_hz=261.626
f0_relative_error=0
integer_spatial_port_pass=1
strike_reset_position_error_m=0",,17161.205619639488,49,lhs_0012,0.006553243786895634,,,,,,,,,,1.2272446043041194,2.0262228666642943,,,space_filling,FAIL,0.0007329884297915945,758.0621828497307,1.1664309476854857
0.7789382423596074,"delay: 84.2806, f0: 261.626, z: 2.3808
status=FAIL
velocity_m_s=0.618045443768
hardness_N_per_mm_p=22432.5259467
p=1.77238946413
epsilon=0.77893824236
tau0_s=9.80041159271e-05
linear_density_kg_m=0.00578383179293
tension_N=669.058606206
force_log=""/var/folders/zh/nj8dx9w152qdp4y5nkg5xm540000gn/T/bbpiano-hammer-search-t_aguvvi/force_50.txt""
positive_force_samples=1
contact_span_s=0
maximum_force_N=10.6661875404
force_impulse_Ns=0.000241863663047
initial_hammer_energy_J=0.00286485127922
maximum_mechanical_energy_J=0.00318780101736
maximum_mechanical_energy_ratio=1.11272827336
string_energy_at_release_J=0.000470482538718
string_energy_at_release_ratio=0.164225815884
final_hammer_energy_J=0.00271731847865
final_string_energy_J=0.000432506963681
rebound_velocity_m_s=0.601921199565
physical_f0_hz=261.626
configured_f0_hz=261.626
f0_relative_error=0
integer_spatial_port_pass=1
strike_reset_position_error_m=0",,22432.525946694248,50,lhs_0013,0.0057838317929335085,,,,,,,,,,1.2454339347874923,1.772389464126821,,,space_filling,FAIL,9.800411592714762e-05,669.0586062057444,1.1837189422051402
0.426102889081541,,False,785.0813947884087,51,lhs_0014,0.006152504458624801,1.0,1.5243665414934178,11.218770232503,6.485260770975055,6.643990929705219,0.0354423856423947,0.3378839590443677,-1.14358336793,0.5103092783505135,1.2193246930607622,2.9468119804811,6.606162628074087,4.47439388916414,space_filling,PASS,8.943820510681934e-05,711.7057004996929,1.1589034918345698
0.7465752254625879,"delay: 84.2806, f0: 261.626, z: 2.3808
status=FAIL
velocity_m_s=2.25682053681
hardness_N_per_mm_p=6527.69591577
p=3.45618432624
epsilon=0.746575225463
tau0_s=0.0011630775923
linear_density_kg_m=0.0067161834406
tension_N=776.91061785
force_log=""/var/folders/zh/nj8dx9w152qdp4y5nkg5xm540000gn/T/bbpiano-hammer-search-_y0sxlai/force_95.txt""
positive_force_samples=176
contact_span_s=0.00396825396825
maximum_force_N=54.2011697388
force_impulse_Ns=0.0488753357264
initial_hammer_energy_J=0.0381992920152
maximum_mechanical_energy_J=0.0415422425982
maximum_mechanical_energy_ratio=1.08751341731
string_energy_at_release_J=0.0340163509159
string_energy_at_release_ratio=0.890496894611
final_hammer_energy_J=0.00752304535009
final_string_energy_J=0.0317683355222
rebound_velocity_m_s=-1.00153517829
physical_f0_hz=261.626
configured_f0_hz=261.626
f0_relative_error=0
integer_spatial_port_pass=1
strike_reset_position_error_m=0",,6527.695915769099,52,lhs_0015,0.0067161834405984385,,,,,,,,,,1.3769241600915083,3.456184326242119,,,space_filling,FAIL,0.0011630775923026162,776.9106178500773,1.308693431866644
0.6456477801062817,,False,587.7134282601932,53,lhs_0016,0.006379125242450977,1.0,0.9478952230236775,9.77853273818406,5.532879818594107,5.71428571428572,0.027941641472068495,0.7103174603174589,-0.843873386585,2.452054794520531,1.0189727727669053,2.5657979956400814,4.246563738710557,2.9827854772265607,space_filling,PASS,0.00036904692354444615,737.9206028675733,0.9684796110211091
0.5000303851019936,"delay: 84.2806, f0: 261.626, z: 2.3808
status=FAIL
velocity_m_s=4.60791297339
hardness_N_per_mm_p=1924.65410694
p=3.40939810893
epsilon=0.500030385102
tau0_s=7.91736788399e-05
linear_density_kg_m=0.00679738335701
tension_N=786.303612813
force_log=""/var/folders/zh/nj8dx9w152qdp4y5nkg5xm540000gn/T/bbpiano-hammer-search-rvjoefoi/force_110.txt""
positive_force_samples=95
contact_span_s=0.00213151927438
maximum_force_N=119.412890143
force_impulse_Ns=0.0421888434994
initial_hammer_energy_J=0.159246464777
maximum_mechanical_energy_J=0.18315935114
maximum_mechanical_energy_ratio=1.15016274551
string_energy_at_release_J=0.158964648129
string_energy_at_release_ratio=0.998230311431
final_hammer_energy_J=0.0241738960115
final_string_energy_J=0.147431250663
rebound_velocity_m_s=1.79532340676
physical_f0_hz=261.626
configured_f0_hz=261.626
f0_relative_error=0
integer_spatial_port_pass=1
strike_reset_position_error_m=0",,1924.6541069360144,54,lhs_0017,0.006797383357008987,,,,,,,,,,1.409646220133977,3.409398108933189,,,space_filling,FAIL,7.917367883993433e-05,786.3036128130428,1.339794015541404
0.6250355747007743,"delay: 84.2806, f0: 261.626, z: 2.3808
status=FAIL
velocity_m_s=4.52772214093
hardness_N_per_mm_p=2313.63080256
p=3.40662311492
epsilon=0.625035574701
tau0_s=0.000105560276105
linear_density_kg_m=0.00649399706747
tension_N=751.208676569
force_log=""/var/folders/zh/nj8dx9w152qdp4y5nkg5xm540000gn/T/bbpiano-hammer-search-omj_e3h5/force_110.txt""
positive_force_samples=89
contact_span_s=0.00199546485261
maximum_force_N=74.6596328171
force_impulse_Ns=0.0333384547134
initial_hammer_energy_J=0.153752008391
maximum_mechanical_energy_J=0.156921888955
maximum_mechanical_energy_ratio=1.02061684005
string_energy_at_release_J=0.117059409362
string_energy_at_release_ratio=0.761352066791
final_hammer_energy_J=0.0398531675966
final_string_energy_J=0.108510967093
rebound_velocity_m_s=2.30515849337
physical_f0_hz=261.626
configured_f0_hz=261.626
f0_relative_error=0
integer_spatial_port_pass=1
strike_reset_position_error_m=0",,2313.6308025626363,55,lhs_0018,0.006493997067474305,,,,,,,,,,1.3851143540783601,3.4066231149199675,,,space_filling,FAIL,0.00010556027610548484,751.2086765692184,1.316477777139222
0.10201312745257343,"delay: 84.2806, f0: 261.626, z: 2.3808
status=FAIL
velocity_m_s=0.852808460098
hardness_N_per_mm_p=16499.4847002
p=2.27028239078
epsilon=0.102013127453
tau0_s=0.000381718995396
linear_density_kg_m=0.00584118426741
tension_N=675.692991162
force_log=""/var/folders/zh/nj8dx9w152qdp4y5nkg5xm540000gn/T/bbpiano-hammer-search-8bcjk106/force_65.txt""
positive_force_samples=170
contact_span_s=0.00383219954649
maximum_force_N=22.360935114
force_impulse_Ns=0.0165540931951
initial_hammer_energy_J=0.00545461702211
maximum_mechanical_energy_J=0.00791299957472
maximum_mechanical_energy_ratio=1.4506975545
string_energy_at_release_J=0.00744119689964
string_energy_at_release_ratio=1.36420153229
final_hammer_energy_J=0.000471746346469
final_string_energy_J=0.00694527617328
rebound_velocity_m_s=-0.250797752906
physical_f0_hz=261.626
configured_f0_hz=261.626
f0_relative_error=0
integer_spatial_port_pass=1
strike_reset_position_error_m=0",,16499.484700201207,56,lhs_0019,0.005841184267412848,,,,,,,,,,1.2534107012820157,2.270282390783838,,,space_filling,FAIL,0.00038171899539622787,675.692991162181,1.1913004359587418
0.8767334949894939,"delay: 84.2806, f0: 261.626, z: 2.3808
status=FAIL
velocity_m_s=4.83944786975
hardness_N_per_mm_p=660.829176605
p=2.04322797199
epsilon=0.876733494989
tau0_s=0.000775458744738
linear_density_kg_m=0.00653063117868
tension_N=755.446415193
force_log=""/var/folders/zh/nj8dx9w152qdp4y5nkg5xm540000gn/T/bbpiano-hammer-search-9xm_3myo/force_110.txt""
positive_force_samples=184
contact_span_s=0.00414965986395
maximum_force_N=93.4782833954
force_impulse_Ns=0.112143396351
initial_hammer_energy_J=0.17565191763
maximum_mechanical_energy_J=0.186125127412
maximum_mechanical_energy_ratio=1.05962479615
string_energy_at_release_J=0.133967269084
string_energy_at_release_ratio=0.762686060543
final_hammer_energy_J=0.0521445085573
final_string_energy_J=0.125271725056
rebound_velocity_m_s=-2.63677855365
physical_f0_hz=261.626
configured_f0_hz=261.626
f0_relative_error=0
integer_spatial_port_pass=1
strike_reset_position_error_m=0",,660.829176604931,57,lhs_0020,0.006530631178680837,,,,,,,,,,1.4804770481835183,2.0432279719937148,,,space_filling,FAIL,0.000775458744737984,755.4464151931828,1.4071149632949462
0.12843067522443463,"delay: 84.2806, f0: 261.626, z: 2.3808
status=FAIL
velocity_m_s=1.32663076226
hardness_N_per_mm_p=32116.749829
p=3.23064841904
epsilon=0.128430675224
tau0_s=0.00145540164912
linear_density_kg_m=0.00601436775761
tension_N=695.726406503
force_log=""/var/folders/zh/nj8dx9w152qdp4y5nkg5xm540000gn/T/bbpiano-hammer-search-bal9_5yi/force_95.txt""
positive_force_samples=247
contact_span_s=0.00557823129252
maximum_force_N=27.3276230908
force_impulse_Ns=0.0362639411969
initial_hammer_energy_J=0.0131996188453
maximum_mechanical_energy_J=0.013589939211
maximum_mechanical_energy_ratio=1.02957057853
string_energy_at_release_J=0.00452354789946
string_energy_at_release_ratio=0.342702918354
final_hammer_energy_J=0.00892653993043
final_string_energy_J=0.00425271093279
rebound_velocity_m_s=-1.09096531753
physical_f0_hz=261.626
configured_f0_hz=261.626
f0_relative_error=0
integer_spatial_port_pass=1
strike_reset_position_error_m=0",,32116.749829006185,58,lhs_0021,0.006014367757607259,,,,,,,,,,0.8093997366141482,3.230648419037448,,,space_filling,FAIL,0.0014554016491213197,695.7264065026624,0.7692915483385308
0.22261654232824923,,False,1148.4419952000255,59,lhs_0022,0.0061220798778139395,1.0,1.2140797175715314,11.2724816193787,5.532879818594107,5.804988662131519,0.031108814641302253,0.6914062499999997,-0.951490945601,2.2405063291139204,1.122498021284826,2.600107688419006,6.398699138692825,4.223922194162184,space_filling,PASS,5.6389459699755365e-05,708.1862641881842,1.0668748724992436
0.37405194556098775,"delay: 84.2806, f0: 261.626, z: 2.3808
status=FAIL
velocity_m_s=1.05249548634
hardness_N_per_mm_p=2937.53483664
p=1.70098727855
epsilon=0.374051945561
tau0_s=5.78134358462e-05
linear_density_kg_m=0.00609196795633
tension_N=704.702995493
force_log=""/var/folders/zh/nj8dx9w152qdp4y5nkg5xm540000gn/T/bbpiano-hammer-search-d1tiezq4/force_65.txt""
positive_force_samples=92
contact_span_s=0.00206349206349
maximum_force_N=18.8048256995
force_impulse_Ns=0.00848484017037
initial_hammer_energy_J=0.00830810061576
maximum_mechanical_energy_J=0.00878408760746
maximum_mechanical_energy_ratio=1.05729191469
string_energy_at_release_J=0.007005157298
string_energy_at_release_ratio=0.843171938086
final_hammer_energy_J=0.00177759505801
final_string_energy_J=0.0064956582064
rebound_velocity_m_s=0.486839474983
physical_f0_hz=261.626
configured_f0_hz=261.626
f0_relative_error=0
integer_spatial_port_pass=1
strike_reset_position_error_m=0",,2937.534836635768,60,lhs_0023,0.006091967956326841,,,,,,,,,,1.5468996467031557,1.7009872785499978,,,space_filling,FAIL,5.781343584615269e-05,704.7029954933805,1.4702461225335115
0.1514181327623998,"delay: 84.2806, f0: 261.626, z: 2.3808
status=FAIL
velocity_m_s=4.13427747725
hardness_N_per_mm_p=3777.05162583
p=2.86124147961
epsilon=0.151418132762
tau0_s=0.000962764758818
linear_density_kg_m=0.00599516694609
tension_N=693.505306607
force_log=""/var/folders/zh/nj8dx9w152qdp4y5nkg5xm540000gn/T/bbpiano-hammer-search-1io45121/force_110.txt""
positive_force_samples=170
contact_span_s=0.00383219954649
maximum_force_N=104.432557485
force_impulse_Ns=0.0807814928437
initial_hammer_energy_J=0.128191876942
maximum_mechanical_energy_J=0.192996130275
maximum_mechanical_energy_ratio=1.50552542704
string_energy_at_release_J=0.181254449468
string_energy_at_release_ratio=1.41393084954
final_hammer_energy_J=0.0117404233679
final_string_energy_J=0.169158196764
rebound_velocity_m_s=-1.251155379
physical_f0_hz=261.626
configured_f0_hz=261.626
f0_relative_error=0
integer_spatial_port_pass=1
strike_reset_position_error_m=0",,3777.0516258301286,61,lhs_0024,0.005995166946089798,,,,,,,,,,1.2647523189894085,2.8612414796086085,,,space_filling,FAIL,0.0009627647588182326,693.5053066069866,1.2020800424400608
0.3097949941169507,,False,1405.9333102724943,62,lhs_0025,0.0064250127238963915,1.0,1.285110653013518,10.2897556234738,5.396825396825397,5.555555555555559,0.025733121199590203,0.7183673469387749,-0.785844827121,2.550724637681152,0.9298203087706678,2.479102962646828,5.392336228891285,3.74071050695624,space_filling,PASS,0.0005897317479201045,743.2287472737904,0.8837449194177244
0.29137906737567437,"delay: 84.2806, f0: 261.626, z: 2.3808
status=FAIL
velocity_m_s=0.500741792806
hardness_N_per_mm_p=26356.2912225
p=1.67385946886
epsilon=0.291379067376
tau0_s=0.00147652053298
linear_density_kg_m=0.00664759778581
tension_N=768.976807836
force_log=""/var/folders/zh/nj8dx9w152qdp4y5nkg5xm540000gn/T/bbpiano-hammer-search-sd6aiqpm/force_50.txt""
positive_force_samples=1
contact_span_s=0
maximum_force_N=14.6067349135
force_impulse_Ns=0.000331218478764
initial_hammer_energy_J=0.00188056757297
maximum_mechanical_energy_J=0.00248605308511
maximum_mechanical_energy_ratio=1.321969559
string_energy_at_release_J=0.000767683590989
string_energy_at_release_ratio=0.408219094077
final_hammer_energy_J=0.00171836949412
final_string_energy_J=0.00070571905366
rebound_velocity_m_s=0.478660560888
physical_f0_hz=261.626
configured_f0_hz=261.626
f0_relative_error=0
integer_spatial_port_pass=1
strike_reset_position_error_m=0",,26356.291222478492,63,lhs_0026,0.006647597785810193,,,,,,,,,,1.0090533432694284,1.6738594688586226,,,space_filling,FAIL,0.00147652053297931,768.9768078360315,0.959051719051845
0.07756007299406203,,False,171.56149436303315,64,lhs_0027,0.006739113794265369,1.0,1.6353051580138602,10.7575869473648,5.464852607709746,5.736961451247169,0.029802280057965258,0.39525691699604787,-0.935621699428,0.6535947712418313,1.0512751660658337,1.9870063906025581,6.4218681063795255,3.37752436591355,space_filling,PASS,7.872513785609246e-05,779.5631414734207,0.999181323700093
0.5705636759987596,"delay: 84.2806, f0: 261.626, z: 2.3808
status=FAIL
velocity_m_s=1.00334202641
hardness_N_per_mm_p=10562.8650209
p=2.3275008613
epsilon=0.570563675999
tau0_s=0.000553798024357
linear_density_kg_m=0.00659203763011
tension_N=762.549753651
force_log=""/var/folders/zh/nj8dx9w152qdp4y5nkg5xm540000gn/T/bbpiano-hammer-search-j7ppm_kc/force_65.txt""
positive_force_samples=102
contact_span_s=0.00229024943311
maximum_force_N=18.5958049724
force_impulse_Ns=0.0106765290096
initial_hammer_energy_J=0.00755021416466
maximum_mechanical_energy_J=0.00873908886736
maximum_mechanical_energy_ratio=1.15746238143
string_energy_at_release_J=0.00810104493535
string_energy_at_release_ratio=1.0729556485
final_hammer_energy_J=0.000637612969591
final_string_energy_J=0.00752099536453
rebound_velocity_m_s=0.291573425765
physical_f0_hz=261.626
configured_f0_hz=261.626
f0_relative_error=2.17269762412e-16
integer_spatial_port_pass=1
strike_reset_position_error_m=0",,10562.865020927762,65,lhs_0028,0.006592037630113714,,,,,,,,,,1.4746566102312295,2.3275008613002823,,,space_filling,FAIL,0.0005537980243571708,762.5497536509017,1.401582945526995
0.2671807999488368,,False,689.7057308957452,66,lhs_0029,0.005812218356116023,1.0,1.8644755643084145,7.31604733657723,6.621315192743763,6.825396825396829,0.023292178137526307,0.6179401993355474,-0.756598276366,1.617391304347821,0.7962288860857796,3.034402383906164,6.828846185796781,4.336897328770063,space_filling,PASS,0.00024309144713296867,672.3422899430668,0.7567733530172809
0.8510275968968141,"delay: 84.2806, f0: 261.626, z: 2.3808
status=FAIL
velocity_m_s=4.01360582741
hardness_N_per_mm_p=721.554921042
p=2.34666305137
epsilon=0.851027596897
tau0_s=0.000104100846992
linear_density_kg_m=0.00637211256611
tension_N=737.109394723
force_log=""/var/folders/zh/nj8dx9w152qdp4y5nkg5xm540000gn/T/bbpiano-hammer-search-xjnpn0cl/force_110.txt""
positive_force_samples=97
contact_span_s=0.0021768707483
maximum_force_N=72.5439748135
force_impulse_Ns=0.0355781253735
initial_hammer_energy_J=0.120817738033
maximum_mechanical_energy_J=0.122222055903
maximum_mechanical_energy_ratio=1.01162344116
string_energy_at_release_J=0.101993168644
string_energy_at_release_ratio=0.844190350723
final_hammer_energy_J=0.0202146002092
final_string_energy_J=0.0946380374718
rebound_velocity_m_s=1.64173080251
physical_f0_hz=261.626
configured_f0_hz=261.626
f0_relative_error=0
integer_spatial_port_pass=1
strike_reset_position_error_m=0",,721.5549210419658,67,lhs_0030,0.00637211256611115,,,,,,,,,,1.227836618526974,2.3466630513746822,,,space_filling,FAIL,0.00010410084699246725,737.1093947229261,1.166993625825268
0.48472052094939105,,False,214.33162598742072,68,lhs_0031,0.005804304542804488,1.0,1.3388843787731322,11.1689121493223,6.643990929705216,6.78004535147392,0.038648588027536415,0.3377926421404688,-1.24995056329,0.5101010101010115,1.3267041298751314,2.3520096219283353,5.95196891861945,4.378551595809365,space_filling,PASS,0.0001347766457344453,671.4268406192367,1.260961955001608
0.4766432256311747,,False,146.1434712162744,69,lhs_0032,0.00619171119990487,1.0,0.8198628559822638,11.8954719930111,5.555555555555557,5.71428571428572,0.03351637071801965,0.7261904761904757,-1.016025735,2.6521739130434714,1.2185360138582901,1.8707472267491831,4.800586922380827,3.102819994770727,space_filling,PASS,0.001929717423986142,716.2410342738807,1.158153894055665
0.5631188436054028,"delay: 84.2806, f0: 261.626, z: 2.3808
status=FAIL
velocity_m_s=3.65068588849
hardness_N_per_mm_p=1659.20741284
p=1.87774362436
epsilon=0.563118843605
tau0_s=0.000187263904754
linear_density_kg_m=0.00587693576106
tension_N=679.828630884
force_log=""/var/folders/zh/nj8dx9w152qdp4y5nkg5xm540000gn/T/bbpiano-hammer-search-l7b4c9we/force_110.txt""
positive_force_samples=91
contact_span_s=0.00204081632653
maximum_force_N=63.0383712685
force_impulse_Ns=0.0278725807003
initial_hammer_energy_J=0.0999563059229
maximum_mechanical_energy_J=0.104381331106
maximum_mechanical_energy_ratio=1.04426959502
string_energy_at_release_J=0.0802744978187
string_energy_at_release_ratio=0.803095883521
final_hammer_energy_J=0.0240982940478
final_string_energy_J=0.0744251361771
rebound_velocity_m_s=1.7925138418
physical_f0_hz=261.626
configured_f0_hz=261.626
f0_relative_error=0
integer_spatial_port_pass=1
strike_reset_position_error_m=0",,1659.2074128407894,70,lhs_0033,0.005876935761059198,,,,,,,,,,1.1168126640679117,1.8777436243628145,,,space_filling,FAIL,0.00018726390475353044,679.8286308842809,1.061471241810465
0.7829865068809957,"delay: 84.2806, f0: 261.626, z: 2.3808
status=FAIL
velocity_m_s=2.44784974166
hardness_N_per_mm_p=1799.10848665
p=3.04682598381
epsilon=0.782986506881
tau0_s=0.000764348583163
linear_density_kg_m=0.0061116671563
tension_N=706.981747668
force_log=""/var/folders/zh/nj8dx9w152qdp4y5nkg5xm540000gn/T/bbpiano-hammer-search-k7ucsfjj/force_95.txt""
positive_force_samples=192
contact_span_s=0.00433106575964
maximum_force_N=35.2397099225
force_impulse_Ns=0.0575100428773
initial_hammer_energy_J=0.0449397626832
maximum_mechanical_energy_J=0.0480735850106
maximum_mechanical_energy_ratio=1.06973384238
string_energy_at_release_J=0.0336609740445
string_energy_at_release_ratio=0.749024294629
final_hammer_energy_J=0.0144106534747
final_string_energy_J=0.0315106895605
rebound_velocity_m_s=-1.38615311683
physical_f0_hz=261.626
configured_f0_hz=261.626
f0_relative_error=0
integer_spatial_port_pass=1
strike_reset_position_error_m=0",,1799.1084866494905,71,lhs_0034,0.006111667156295705,,,,,,,,,,1.4934742903101608,3.046825983809995,,,space_filling,FAIL,0.0007643485831627391,706.9817476677849,1.4194681530322715
0.18313244302615866,,False,895.0702580807703,72,lhs_0035,0.006235564787392644,1.0,1.1932138845526585,13.0034077041418,5.487528344671205,5.759637188208619,0.03416097110548655,0.7007874015748022,-1.0461423438,2.342105263157885,1.2312802012561965,2.898320360657791,5.215022234143464,3.59731584871196,space_filling,PASS,0.00037185474570897685,721.3139031214047,1.1702665686862048
0.5829817542378435,,False,133.0272041246438,73,lhs_0036,0.006714612555822288,1.0,3.2322545099557907,8.80533217832479,6.530612244897963,6.825396825396829,0.02936585563289434,0.37541528239202604,-0.931900819889,0.6010638297872327,1.0258459152096508,2.7305692902123377,10.658514605551272,6.010549048897132,space_filling,PASS,0.00013090019545780452,776.7289019882631,0.9750121686098344
0.7588097404658829,"delay: 84.2806, f0: 261.626, z: 2.3808
status=FAIL
velocity_m_s=4.55763168661
hardness_N_per_mm_p=1002.74752829
p=2.83831634275
epsilon=0.758809740466
tau0_s=0.000458018143365
linear_density_kg_m=0.00591849360347
tension_N=684.635933917
force_log=""/var/folders/zh/nj8dx9w152qdp4y5nkg5xm540000gn/T/bbpiano-hammer-search-c1vfb8ua/force_110.txt""
positive_force_samples=97
contact_span_s=0.0021768707483
maximum_force_N=92.7771511076
force_impulse_Ns=0.0393740211466
initial_hammer_energy_J=0.155790049431
maximum_mechanical_energy_J=0.173789368318
maximum_mechanical_energy_ratio=1.11553574155
string_energy_at_release_J=0.145758280181
string_energy_at_release_ratio=0.935607124548
final_hammer_energy_J=0.0280148810659
final_string_energy_J=0.135235306029
rebound_velocity_m_s=1.93269694351
physical_f0_hz=261.626
configured_f0_hz=261.626
f0_relative_error=0
integer_spatial_port_pass=1
strike_reset_position_error_m=0",,1002.7475282918258,74,lhs_0037,0.005918493603467709,,,,,,,,,,1.3942642399944585,2.8383163427521447,,,space_filling,FAIL,0.000458018143364719,684.6359339169741,1.3251742587231685
0.7690066675368921,,False,114.34509284103517,75,lhs_0038,0.006007970236111475,1.0,0.9959480914468228,9.02666723148787,5.623582766439908,5.78231292517007,0.02628402630564626,0.7137254901960787,-0.774736214339,2.4931506849315093,0.9778205608246765,1.5201092274744656,5.249471968836927,3.05676008775515,space_filling,PASS,0.0011719139168820726,694.9863578690956,0.9293666147962482
0.8333792061857213,"delay: 84.2806, f0: 261.626, z: 2.3808
status=FAIL
velocity_m_s=1.76916961157
hardness_N_per_mm_p=5930.21914328
p=2.6523071329
epsilon=0.833379206186
tau0_s=0.000361895054324
linear_density_kg_m=0.00654413513589
tension_N=757.008517812
force_log=""/var/folders/zh/nj8dx9w152qdp4y5nkg5xm540000gn/T/bbpiano-hammer-search-ojfjr81g/force_95.txt""
positive_force_samples=95
contact_span_s=0.00213151927438
maximum_force_N=28.8609973541
force_impulse_Ns=0.0156762950513
initial_hammer_energy_J=0.0234747083587
maximum_mechanical_energy_J=0.0237290258385
maximum_mechanical_energy_ratio=1.01083368006
string_energy_at_release_J=0.0197934567407
string_energy_at_release_ratio=0.843182221403
final_hammer_energy_J=0.00393222441648
final_string_energy_J=0.0183621896529
rebound_velocity_m_s=0.724083274813
physical_f0_hz=261.626
configured_f0_hz=261.626
f0_relative_error=0
integer_spatial_port_pass=1
strike_reset_position_error_m=0",,5930.219143280979,76,lhs_0039,0.006544135135894145,,,,,,,,,,1.0794001302865535,2.652307132897823,,,space_filling,FAIL,0.0003618950543238517,757.0085178121485,1.0259126114601205
0.8206347597333913,,False,341.339276982321,77,lhs_0040,0.00603376794859094,1.0,2.0267240469365806,6.44356002580556,6.50793650793651,6.734693877551019,0.02161127562594818,0.6397306397306403,-0.672758608614,1.7757009345794432,0.768021159838682,3.313625038879107,8.279443468223546,4.4726331172260245,space_filling,PASS,0.0005109317581723769,697.9705700959961,0.7299634043378884
0.2883713836597936,"delay: 84.2806, f0: 261.626, z: 2.3808
status=FAIL
velocity_m_s=2.41483561749
hardness_N_per_mm_p=9430.35979684
p=2.7826788952
epsilon=0.28837138366
tau0_s=0.000792627256148
linear_density_kg_m=0.00627477074725
tension_N=725.849146503
force_log=""/var/folders/zh/nj8dx9w152qdp4y5nkg5xm540000gn/T/bbpiano-hammer-search-qe8q8bc8/force_110.txt""
positive_force_samples=90
contact_span_s=0.00201814058957
maximum_force_N=52.0835789661
force_impulse_Ns=0.0187255025092
initial_hammer_energy_J=0.0437357329464
maximum_mechanical_energy_J=0.0502340778716
maximum_mechanical_energy_ratio=1.1485820515
string_energy_at_release_J=0.0400266581427
string_energy_at_release_ratio=0.915193491596
final_hammer_energy_J=0.0102048706725
final_string_energy_J=0.0371037302843
rebound_velocity_m_s=1.16646878355
physical_f0_hz=261.626
configured_f0_hz=261.626
f0_relative_error=0
integer_spatial_port_pass=1
strike_reset_position_error_m=0",,9430.359796839617,78,lhs_0041,0.00627477074725408,,,,,,,,,,0.7387430969522635,2.7826788952003865,,,space_filling,FAIL,0.0007926272561477903,725.849146503119,0.7021361574147986
0.17708275838311638,"delay: 84.2806, f0: 261.626, z: 2.3808
status=FAIL
velocity_m_s=2.65479715615
hardness_N_per_mm_p=1847.99706083
p=1.8504322755
epsilon=0.177082758383
tau0_s=0.000430859509214
linear_density_kg_m=0.0057291291936
tension_N=662.730751909
force_log=""/var/folders/zh/nj8dx9w152qdp4y5nkg5xm540000gn/T/bbpiano-hammer-search-1kgixcsc/force_110.txt""
positive_force_samples=250
contact_span_s=0.0056462585034
maximum_force_N=53.4792102469
force_impulse_Ns=0.0720412365356
initial_hammer_energy_J=0.0528596095524
maximum_mechanical_energy_J=0.06120005353
maximum_mechanical_energy_ratio=1.15778481998
string_energy_at_release_J=0.0229320666128
string_energy_at_release_ratio=0.433829663272
final_hammer_energy_J=0.0346027317246
final_string_energy_J=0.0215669429941
rebound_velocity_m_s=-2.14795194622
physical_f0_hz=261.626
configured_f0_hz=261.626
f0_relative_error=0
integer_spatial_port_pass=1
strike_reset_position_error_m=0",,1847.9970608290357,79,lhs_0042,0.005729129193604758,,,,,,,,,,0.8121517914965012,1.8504322754984062,,,space_filling,FAIL,0.0004308595092137697,662.7307519089717,0.7719072306346657
0.23382407227291113,"delay: 84.2806, f0: 261.626, z: 2.3808
status=FAIL
velocity_m_s=0.586258509371
hardness_N_per_mm_p=18689.2131648
p=2.18805603773
epsilon=0.233824072273
tau0_s=0.00154588435087
linear_density_kg_m=0.0060435874756
tension_N=699.10646742
force_log=""/var/folders/zh/nj8dx9w152qdp4y5nkg5xm540000gn/T/bbpiano-hammer-search-e8qajp_t/force_50.txt""
positive_force_samples=170
contact_span_s=0.00383219954649
maximum_force_N=13.9786939994
force_impulse_Ns=0.011530041957
initial_hammer_energy_J=0.00257774279857
maximum_mechanical_energy_J=0.00309098545559
maximum_mechanical_energy_ratio=1.19910545664
string_energy_at_release_J=0.00284137175366
string_energy_at_release_ratio=1.10227124104
final_hammer_energy_J=0.000249553172213
final_string_energy_J=0.00265238198309
rebound_velocity_m_s=-0.182410954427
physical_f0_hz=261.626
configured_f0_hz=261.626
f0_relative_error=0
integer_spatial_port_pass=1
strike_reset_position_error_m=0",,18689.213164793207,80,lhs_0043,0.006043587475602529,,,,,,,,,,1.1813795401131766,2.1880560377314,,,space_filling,FAIL,0.001545884350865204,699.1064674199812,1.1228386351975999
0.07969562320836666,,False,352.01854945521296,81,lhs_0044,0.006349608364825036,1.0,1.1550518686765605,10.2245075749568,5.4875283446711975,5.668934240362809,0.02726422754429901,0.7200000000000012,-0.840111385827,2.5714285714285863,0.9776544620734456,2.0322082370413552,4.660450063185337,3.319034626398205,space_filling,PASS,0.0006011224354801828,734.5061672976998,0.9292087467370789
0.667114471800892,"delay: 84.2806, f0: 261.626, z: 2.3808
status=FAIL
velocity_m_s=0.755783087535
hardness_N_per_mm_p=13472.854601
p=1.9325987657
epsilon=0.667114471801
tau0_s=0.000149245669936
linear_density_kg_m=0.00595021620042
tension_N=688.305521356
force_log=""/var/folders/zh/nj8dx9w152qdp4y5nkg5xm540000gn/T/bbpiano-hammer-search-_z7_3y35/force_50.txt""
positive_force_samples=9
contact_span_s=0.000181405895692
maximum_force_N=5.56437450508
force_impulse_Ns=0.000652577486193
initial_hammer_energy_J=0.00428406056553
maximum_mechanical_energy_J=0.00435330110168
maximum_mechanical_energy_ratio=1.01616236164
string_energy_at_release_J=0.000548175858621
string_energy_at_release_ratio=0.127957074891
final_hammer_energy_J=0.00380504878401
final_string_energy_J=0.000504402627453
rebound_velocity_m_s=0.712277921789
physical_f0_hz=261.626
configured_f0_hz=261.626
f0_relative_error=0
integer_spatial_port_pass=1
strike_reset_position_error_m=0",,13472.854601023133,82,lhs_0045,0.005950216200415757,,,,,,,,,,1.5229914143785146,1.9325987657047254,,,space_filling,FAIL,0.000149245669935803,688.3055213564322,1.4475226149376246
0.22610983658409217,"delay: 84.2806, f0: 261.626, z: 2.3808
status=FAIL
velocity_m_s=0.626716041305
hardness_N_per_mm_p=9955.35712617
p=1.86641197913
epsilon=0.226109836584
tau0_s=6.69225830048e-05
linear_density_kg_m=0.00621153368956
tension_N=718.534048278
force_log=""/var/folders/zh/nj8dx9w152qdp4y5nkg5xm540000gn/T/bbpiano-hammer-search-mz8x9hsf/force_50.txt""
positive_force_samples=89
contact_span_s=0.00199546485261
maximum_force_N=16.0450209494
force_impulse_Ns=0.00482446134925
initial_hammer_energy_J=0.00294579747322
maximum_mechanical_energy_J=0.0034930189121
maximum_mechanical_energy_ratio=1.1857634287
string_energy_at_release_J=0.00279476962691
string_energy_at_release_ratio=0.948731082949
final_hammer_energy_J=0.000698077731998
final_string_energy_J=0.00259048923111
rebound_velocity_m_s=0.305085284688
physical_f0_hz=261.626
configured_f0_hz=261.626
f0_relative_error=0
integer_spatial_port_pass=1
strike_reset_position_error_m=0",,9955.357126169578,83,lhs_0046,0.006211533689557675,,,,,,,,,,1.2629062040447598,1.8664119791348956,,,space_filling,FAIL,6.692258300479668e-05,718.5340482779941,1.200325408036397
0.5331844137406467,"delay: 84.2806, f0: 261.626, z: 2.3808
status=FAIL
velocity_m_s=0.533149936638
hardness_N_per_mm_p=7143.41432922
p=1.81462130682
epsilon=0.533184413741
tau0_s=7.50731055601e-05
linear_density_kg_m=0.00632704025883
tension_N=731.895547542
force_log=""/var/folders/zh/nj8dx9w152qdp4y5nkg5xm540000gn/T/bbpiano-hammer-search-h_oc8k_i/force_50.txt""
positive_force_samples=90
contact_span_s=0.00201814058957
maximum_force_N=9.75882877683
force_impulse_Ns=0.00416305242095
initial_hammer_energy_J=0.00213186641203
maximum_mechanical_energy_J=0.00222536274108
maximum_mechanical_energy_ratio=1.04385656086
string_energy_at_release_J=0.00173520213255
string_energy_at_release_ratio=0.813935677563
final_hammer_energy_J=0.000490035459566
final_string_energy_J=0.0016085524406
rebound_velocity_m_s=0.255613108575
physical_f0_hz=261.626
configured_f0_hz=261.626
f0_relative_error=0
integer_spatial_port_pass=1
strike_reset_position_error_m=0",,7143.4143292178915,84,lhs_0047,0.006327040258825238,,,,,,,,,,1.0743595476904813,1.814621306819225,,,space_filling,FAIL,7.507310556005487e-05,731.8955475415415,1.021121804872906
0.25898596795491463,,False,203.76065716743972,85,lhs_0048,0.0060476421167531495,1.0,2.701312193937694,7.94091189973922,5.782312925170073,5.986394557823129,0.024363789761744768,0.40151515151515094,-0.747965189037,0.6708860759493656,0.8763019747073315,2.7061304036869576,6.974468071456706,5.706995526980559,space_filling,PASS,0.0005791789003129172,699.5754977538531,0.8328785795690007
0.8887265177516592,"delay: 84.2806, f0: 261.626, z: 2.3808
status=FAIL
velocity_m_s=0.476735968769
hardness_N_per_mm_p=22220.6408774
p=3.37143688436
epsilon=0.888726517752
tau0_s=5.04187489917e-05
linear_density_kg_m=0.00643576313938
tension_N=744.472327353
force_log=""/var/folders/zh/nj8dx9w152qdp4y5nkg5xm540000gn/T/bbpiano-hammer-search-80roq2x6/force_50.txt""
positive_force_samples=125
contact_span_s=0.00281179138322
maximum_force_N=10.0189386959
force_impulse_Ns=0.00620345555485
initial_hammer_energy_J=0.00170457887939
maximum_mechanical_energy_J=0.00171668734706
maximum_mechanical_energy_ratio=1.00710349507
string_energy_at_release_J=0.00168662077949
string_energy_at_release_ratio=0.989464787979
final_hammer_energy_J=2.99305130959e-05
final_string_energy_J=0.00156969141211
rebound_velocity_m_s=0.0631722651126
physical_f0_hz=261.626
configured_f0_hz=261.626
f0_relative_error=0
integer_spatial_port_pass=1
strike_reset_position_error_m=0",,22220.640877398808,86,lhs_0049,0.0064357631393810386,,,,,,,,,,0.9606787970462707,3.371436884358354,,,space_filling,FAIL,5.0418748991685314e-05,744.4723273531902,0.9130742769045822
0.11133603069371183,"delay: 84.2806, f0: 261.626, z: 2.3808
status=FAIL
velocity_m_s=4.97449093961
hardness_N_per_mm_p=2470.59328074
p=3.1775912549
epsilon=0.111336030694
tau0_s=0.00171167122264
linear_density_kg_m=0.0061770919142
tension_N=714.549913358
force_log=""/var/folders/zh/nj8dx9w152qdp4y5nkg5xm540000gn/T/bbpiano-hammer-search-ghz8jyr0/force_110.txt""
positive_force_samples=244
contact_span_s=0.00551020408163
maximum_force_N=107.70123018
force_impulse_Ns=0.136384935078
initial_hammer_energy_J=0.185591700812
maximum_mechanical_energy_J=0.21718305451
maximum_mechanical_energy_ratio=1.17021964646
string_energy_at_release_J=0.0745093034044
string_energy_at_release_ratio=0.401468940036
final_hammer_energy_J=0.127174427508
final_string_energy_J=0.0699998551912
rebound_velocity_m_s=-4.11783806559
physical_f0_hz=261.626
configured_f0_hz=261.626
f0_relative_error=0
integer_spatial_port_pass=1
strike_reset_position_error_m=0",,2470.593280735576,87,lhs_0050,0.006177091914195905,,,,,,,,,,1.5217892331312983,3.17759125490275,,,space_filling,FAIL,0.0017116712226397364,714.5499133577928,1.4463800053823963
0.7068292470361041,"delay: 84.2806, f0: 261.626, z: 2.3808
status=FAIL
velocity_m_s=1.29686849425
hardness_N_per_mm_p=12173.7323159
p=3.12462197298
epsilon=0.706829247036
tau0_s=0.000230963470632
linear_density_kg_m=0.00676386456754
tension_N=782.426246499
force_log=""/var/folders/zh/nj8dx9w152qdp4y5nkg5xm540000gn/T/bbpiano-hammer-search-qn4isbov/force_80.txt""
positive_force_samples=106
contact_span_s=0.00238095238095
maximum_force_N=27.262837292
force_impulse_Ns=0.0146313124246
initial_hammer_energy_J=0.0126140091852
maximum_mechanical_energy_J=0.0137639869655
maximum_mechanical_energy_ratio=1.09116671499
string_energy_at_release_J=0.012987892619
string_energy_at_release_ratio=1.02964033308
final_hammer_energy_J=0.000774964514527
final_string_energy_J=0.0120621184203
rebound_velocity_m_s=0.321447665938
physical_f0_hz=261.626
configured_f0_hz=261.626
f0_relative_error=2.17269762412e-16
integer_spatial_port_pass=1
strike_reset_position_error_m=0",,12173.732315858948,88,lhs_0051,0.006763864567541657,,,,,,,,,,1.2968684942452484,3.12462197297698,,,space_filling,FAIL,0.00023096347063204312,782.4262464985324,1.232604764739365
0.7006155827496344,"delay: 84.2806, f0: 261.626, z: 2.3808
status=FAIL
velocity_m_s=4.8499584214
hardness_N_per_mm_p=745.437249964
p=3.17281633799
epsilon=0.70061558275
tau0_s=8.11547928717e-05
linear_density_kg_m=0.00584379756237
tension_N=675.99529032
force_log=""/var/folders/zh/nj8dx9w152qdp4y5nkg5xm540000gn/T/bbpiano-hammer-search-nv601d65/force_110.txt""
positive_force_samples=96
contact_span_s=0.00215419501134
maximum_force_N=77.8805183976
force_impulse_Ns=0.0391275870093
initial_hammer_energy_J=0.17641572517
maximum_mechanical_energy_J=0.178625630386
maximum_mechanical_energy_ratio=1.01252669066
string_energy_at_release_J=0.140923756563
string_energy_at_release_ratio=0.79881629842
final_hammer_energy_J=0.0376808238841
final_string_energy_J=0.130738953437
rebound_velocity_m_s=2.24145262078
physical_f0_hz=261.626
configured_f0_hz=261.626
f0_relative_error=0
integer_spatial_port_pass=1
strike_reset_position_error_m=0",,745.4372499635218,89,lhs_0052,0.005843797562368771,,,,,,,,,,1.4836924212801552,3.1728163379918923,,,space_filling,FAIL,8.11547928716678e-05,675.9952903201458,1.4101710049961027
0.7547873251207345,"delay: 84.2806, f0: 261.626, z: 2.3808
status=FAIL
velocity_m_s=5.04281999809
hardness_N_per_mm_p=1240.72711324
p=2.33888318602
epsilon=0.754787325121
tau0_s=0.000814157381252
linear_density_kg_m=0.00588998581283
tension_N=681.338226904
force_log=""/var/folders/zh/nj8dx9w152qdp4y5nkg5xm540000gn/T/bbpiano-hammer-search-az7gft5y/force_110.txt""
positive_force_samples=90
contact_span_s=0.00201814058957
maximum_force_N=100.730352141
force_impulse_Ns=0.037102655497
initial_hammer_energy_J=0.190725251499
maximum_mechanical_energy_J=0.208140457234
maximum_mechanical_energy_ratio=1.09131043529
string_energy_at_release_J=0.158619695286
string_energy_at_release_ratio=0.831665938513
final_hammer_energy_J=0.0495101398737
final_string_energy_J=0.147043059762
rebound_velocity_m_s=2.56930963163
physical_f0_hz=261.626
configured_f0_hz=261.626
f0_relative_error=0
integer_spatial_port_pass=1
strike_reset_position_error_m=0",,1240.7271132434396,90,lhs_0053,0.005889985812834866,,,,,,,,,,1.5426923620708235,2.3388831860162127,,,space_filling,FAIL,0.0008141573812519196,681.3382269037586,1.4662473214928202
0.506913296850561,"delay: 84.2806, f0: 261.626, z: 2.3808
status=FAIL
velocity_m_s=0.869034130348
hardness_N_per_mm_p=23769.2934065
p=2.85415157401
epsilon=0.506913296851
tau0_s=0.000508976358044
linear_density_kg_m=0.00570136104493
tension_N=659.518604753
force_log=""/var/folders/zh/nj8dx9w152qdp4y5nkg5xm540000gn/T/bbpiano-hammer-search-63_e9h1u/force_80.txt""
positive_force_samples=175
contact_span_s=0.00394557823129
maximum_force_N=18.6017608713
force_impulse_Ns=0.0172708099637
initial_hammer_energy_J=0.00566415239782
maximum_mechanical_energy_J=0.00618707703639
maximum_mechanical_energy_ratio=1.09232178124
string_energy_at_release_J=0.00558873903097
string_energy_at_release_ratio=0.986685851377
final_hammer_energy_J=0.000597924974033
final_string_energy_J=0.00521998753891
rebound_velocity_m_s=-0.282353200568
physical_f0_hz=261.626
configured_f0_hz=261.626
f0_relative_error=0
integer_spatial_port_pass=1
strike_reset_position_error_m=0",,23769.293406460278,91,lhs_0054,0.005701361044933999,,,,,,,,,,0.869034130347929,2.854151574009553,,,space_filling,FAIL,0.0005089763580443465,659.5186047526054,0.8259708787292195
0.09101458841814779,,False,1581.6775094856243,92,lhs_0055,0.006407415622226053,1.0,1.7054227445387196,10.8738106196112,5.30612244897959,5.510204081632649,0.023229577190805435,0.7078189300411535,-0.710171780509,2.422535211267621,0.8389851160168978,1.9608965927961317,5.551131810831659,3.8370652919729555,space_filling,PASS,0.00018918262946480583,741.1931603586935,0.7974108833214306
0.20167873593282143,"delay: 84.2806, f0: 261.626, z: 2.3808
status=FAIL
velocity_m_s=1.79108123642
hardness_N_per_mm_p=7987.11299799
p=2.6384506738
epsilon=0.201678735933
tau0_s=0.000929282279284
linear_density_kg_m=0.00612606659023
tension_N=708.647436703
force_log=""/var/folders/zh/nj8dx9w152qdp4y5nkg5xm540000gn/T/bbpiano-hammer-search-w8sc79j5/force_95.txt""
positive_force_samples=244
contact_span_s=0.00551020408163
maximum_force_N=27.6036361191
force_impulse_Ns=0.0490329135663
initial_hammer_energy_J=0.024059789966
maximum_mechanical_energy_J=0.0242808550281
maximum_mechanical_energy_ratio=1.00918815428
string_energy_at_release_J=0.00789388941301
string_energy_at_release_ratio=0.328094693435
final_hammer_energy_J=0.0163787456037
final_string_energy_J=0.00741693378481
rebound_velocity_m_s=-1.477779668
physical_f0_hz=261.626
configured_f0_hz=261.626
f0_relative_error=0
integer_spatial_port_pass=1
strike_reset_position_error_m=0",,7987.112997989114,93,lhs_0056,0.006126066590226913,,,,,,,,,,1.0927687810762299,2.6384506737956976,,,space_filling,FAIL,0.0009292822792836149,708.6474367025069,1.0386188054455654
0.19472527751120944,"delay: 84.2806, f0: 261.626, z: 2.3808
status=FAIL
velocity_m_s=1.23332550944
hardness_N_per_mm_p=1695.29690167
p=1.55568614717
epsilon=0.194725277511
tau0_s=0.000626024231508
linear_density_kg_m=0.00607744387771
tension_N=703.022887886
force_log=""/var/folders/zh/nj8dx9w152qdp4y5nkg5xm540000gn/T/bbpiano-hammer-search-3r_gd73l/force_95.txt""
positive_force_samples=244
contact_span_s=0.00551020408163
maximum_force_N=18.457185267
force_impulse_Ns=0.0337133702958
initial_hammer_energy_J=0.0114081885917
maximum_mechanical_energy_J=0.0114141049604
maximum_mechanical_energy_ratio=1.0005186072
string_energy_at_release_J=0.00353525088761
string_energy_at_release_ratio=0.309887135824
final_hammer_energy_J=0.00771500688684
final_string_energy_J=0.00332229918685
rebound_velocity_m_s=-1.01423251028
physical_f0_hz=261.626
configured_f0_hz=261.626
f0_relative_error=0
integer_spatial_port_pass=1
strike_reset_position_error_m=0",,1695.296901674904,94,lhs_0057,0.006077443877712226,,,,,,,,,,0.7524726328485727,1.5556861471730519,,,space_filling,FAIL,0.0006260242315076258,703.0228878861383,0.7151853535657929
0.8660132843870304,,False,537.7892704636705,95,lhs_0058,0.005916166352977458,1.0,1.1828048403932518,6.71576464431617,6.462585034013605,6.598639455782309,0.02273011453383072,0.6219931271477672,-0.711662023923,1.6454545454545515,0.8037623034658813,2.568698116759805,7.10055514171257,3.68170128635649,space_filling,PASS,0.00022574476336333936,684.3667236382101,0.7639334669368405
0.33029283422449107,,False,178.25857020800157,96,lhs_0059,0.006736995529118661,1.0,0.9893733727243825,13.8149823958553,5.351473922902497,5.487528344671199,0.03666315961613888,0.3925619834710746,-1.12960629677,0.6462585034013614,1.314949854325078,1.7384578789926328,4.6225664462403975,3.214250129147177,space_filling,PASS,0.001217412084047644,779.3181060751988,1.2497901391133
0.2632941019510295,,False,554.4678287665828,97,lhs_0060,0.00588620209012589,1.0,1.3039321604825687,15.3899808578736,6.485260770975055,6.666666666666669,0.04560066515370864,0.6122448979591841,-1.48082553956,1.578947368421056,1.559252084975365,3.209579610191274,6.408812171238299,4.442541560385511,space_filling,PASS,0.00021189609880401347,680.900535710002,1.4819864603842934
0.7337240596965557,"delay: 84.2806, f0: 261.626, z: 2.3808
status=FAIL
velocity_m_s=4.7892677196
hardness_N_per_mm_p=1454.37263137
p=2.80963038258
epsilon=0.733724059697
tau0_s=0.00161792334492
linear_density_kg_m=0.0062659317838
tension_N=724.826678219
force_log=""/var/folders/zh/nj8dx9w152qdp4y5nkg5xm540000gn/T/bbpiano-hammer-search-gmkv615k/force_110.txt""
positive_force_samples=173
contact_span_s=0.00390022675737
maximum_force_N=108.019547233
force_impulse_Ns=0.0981833052619
initial_hammer_energy_J=0.172028139675
maximum_mechanical_energy_J=0.208426815116
maximum_mechanical_energy_ratio=1.21158559007
string_energy_at_release_J=0.185289717241
string_energy_at_release_ratio=1.07708958309
final_hammer_energy_J=0.023134052919
final_string_energy_J=0.172964944473
rebound_velocity_m_s=-1.75628596453
physical_f0_hz=261.626
configured_f0_hz=261.626
f0_relative_error=0
integer_spatial_port_pass=1
strike_reset_position_error_m=0",,1454.3726313714608,98,lhs_0061,0.006265931783797491,,,,,,,,,,1.4651260076161086,2.8096303825753814,,,space_filling,FAIL,0.001617923344923072,724.8266782187208,1.3925246129000832
0.5247514174985055,,False,448.9215397432023,99,lhs_0062,0.006324662110335277,1.0,1.2903534228207465,9.48745248546782,5.487528344671199,5.623582766439909,0.025710672274138605,0.7056451612903227,-0.782541941565,2.3972602739726043,0.9319097529449599,1.7586800822498307,5.1243197668145095,3.6763873946797974,space_filling,PASS,0.0002950625894886764,731.6204495146612,0.885730825356775
0.42298671199040005,,False,1174.1766865598324,100,lhs_0063,0.005956383694277151,1.0,1.4197612984204415,11.1100019416559,6.371882086167798,6.485260770975059,0.031152567833683656,0.6048951048951051,-1.00854379889,1.5309734513274351,1.0685765083209429,2.163672570135878,6.38622647899552,3.811822080408991,space_filling,PASS,0.00013964447737897133,689.0189609920261,1.0156253324755897
0.27627931127119737,"delay: 84.2806, f0: 261.626, z: 2.3808
status=FAIL
velocity_m_s=3.58890177822
hardness_N_per_mm_p=5384.46444058
p=2.94504959885
epsilon=0.276279311271
tau0_s=0.000889584692574
linear_density_kg_m=0.00619077760888
tension_N=716.133038895
force_log=""/var/folders/zh/nj8dx9w152qdp4y5nkg5xm540000gn/T/bbpiano-hammer-search-0gp283z4/force_110.txt""
positive_force_samples=90
contact_span_s=0.00201814058957
maximum_force_N=80.3496493896
force_impulse_Ns=0.0275513736334
initial_hammer_energy_J=0.0966016198028
maximum_mechanical_energy_J=0.110403428929
maximum_mechanical_energy_ratio=1.14287347514
string_energy_at_release_J=0.0873727771569
string_energy_at_release_ratio=0.904464928593
final_hammer_energy_J=0.0230250522805
final_string_energy_J=0.0809929459707
rebound_velocity_m_s=1.752143536
physical_f0_hz=261.626
configured_f0_hz=261.626
f0_relative_error=0
integer_spatial_port_pass=1
strike_reset_position_error_m=0",,5384.464440577032,101,lhs_0064,0.0061907776088843845,,,,,,,,,,1.0979117564326721,2.9450495988536787,,,space_filling,FAIL,0.000889584692573628,716.1330388948146,1.0435069309242995
0.7997999752585094,"delay: 84.2806, f0: 261.626, z: 2.3808
status=FAIL
velocity_m_s=2.19448986073
hardness_N_per_mm_p=3596.84889732
p=2.21147179369
epsilon=0.799799975259
tau0_s=0.00142769139975
linear_density_kg_m=0.00665086324218
tension_N=769.354547329
force_log=""/var/folders/zh/nj8dx9w152qdp4y5nkg5xm540000gn/T/bbpiano-hammer-search-20ze_2bu/force_95.txt""
positive_force_samples=100
contact_span_s=0.00224489795918
maximum_force_N=43.3196824727
force_impulse_Ns=0.0227046745974
initial_hammer_energy_J=0.0361183931164
maximum_mechanical_energy_J=0.0463613901032
maximum_mechanical_energy_ratio=1.28359503574
string_energy_at_release_J=0.0428834178091
string_energy_at_release_ratio=1.18730137498
final_hammer_energy_J=0.00347662320699
final_string_energy_J=0.0398045552251
rebound_velocity_m_s=0.680844887571
physical_f0_hz=261.626
configured_f0_hz=261.626
f0_relative_error=0
integer_spatial_port_pass=1
strike_reset_position_error_m=0",,3596.848897321923,102,lhs_0065,0.006650863242178724,,,,,,,,,,1.3388951664664146,2.211471793688723,,,space_filling,FAIL,0.0014276913997492509,769.3545473285984,1.2725488891095824
0.48694937675175476,,False,567.1750523786569,103,lhs_0066,0.0065091990307807514,1.0,0.9035660899958244,9.5520003228602,5.487528344671206,5.691609977324259,0.027788809194208505,0.37848605577689276,-0.855489782491,0.6089743589743599,0.9971764877743202,2.282273744141662,4.809826828964352,3.506580334844477,space_filling,PASS,0.00018619824009363402,752.9672001130441,0.9477633974229731
0.1610652227352285,,False,456.8495269052757,104,lhs_0067,0.006361007884381419,1.0,0.9856546715270849,14.0949657801236,5.464852607709755,5.691609977324259,0.03733836206643211,0.7211155378486067,-1.1468446868,2.5857142857143,1.3424336721304004,2.9104530124414687,4.993114599253394,3.4088386541727864,space_filling,PASS,0.0017782074464742987,735.8248340464678,1.2759120511887294
0.32141008189544806,"delay: 84.2806, f0: 261.626, z: 2.3808
status=FAIL
velocity_m_s=0.386730667651
hardness_N_per_mm_p=7363.69422027
p=1.66949646543
epsilon=0.321410081895
tau0_s=0.000210168683509
linear_density_kg_m=0.0067250101314
tension_N=777.931666466
force_log=""/var/folders/zh/nj8dx9w152qdp4y5nkg5xm540000gn/T/bbpiano-hammer-search-730a_5to/force_50.txt""
positive_force_samples=89
contact_span_s=0.00199546485261
maximum_force_N=9.14970427694
force_impulse_Ns=0.00314397279127
initial_hammer_energy_J=0.00112170456977
maximum_mechanical_energy_J=0.00127960071347
maximum_mechanical_energy_ratio=1.14076446505
string_energy_at_release_J=0.00104421382881
string_energy_at_release_ratio=0.930916978456
final_hammer_energy_J=0.000235319370194
final_string_energy_J=0.000967876367175
rebound_velocity_m_s=0.177132481567
physical_f0_hz=261.626
configured_f0_hz=261.626
f0_relative_error=0
integer_spatial_port_pass=1
strike_reset_position_error_m=0",,7363.694220270184,105,lhs_0068,0.006725010131398694,,,,,,,,,,0.779307576768488,1.6694964654251003,,,space_filling,FAIL,0.00021016868350883986,777.9316664655372,0.7406905454059659
0.8702055166119009,"delay: 84.2806, f0: 261.626, z: 2.3808
status=FAIL
velocity_m_s=4.53964501554
hardness_N_per_mm_p=987.601832072
p=3.4152521629
epsilon=0.870205516612
tau0_s=0.000867242947784
linear_density_kg_m=0.00630202990485
tension_N=729.002414897
force_log=""/var/folders/zh/nj8dx9w152qdp4y5nkg5xm540000gn/T/bbpiano-hammer-search-69a0y6t7/force_110.txt""
positive_force_samples=104
contact_span_s=0.00233560090703
maximum_force_N=77.533142123
force_impulse_Ns=0.04689437251
initial_hammer_energy_J=0.154562826503
maximum_mechanical_energy_J=0.164446570314
maximum_mechanical_energy_ratio=1.06394644841
string_energy_at_release_J=0.149451986109
string_energy_at_release_ratio=0.966933573162
final_hammer_energy_J=0.014981761185
final_string_energy_J=0.138785991411
rebound_velocity_m_s=1.41335351487
physical_f0_hz=261.626
configured_f0_hz=261.626
f0_relative_error=0
integer_spatial_port_pass=1
strike_reset_position_error_m=0",,987.6018320715434,106,lhs_0069,0.00630202990484844,,,,,,,,,,1.3887617830158978,3.415252162901175,,,space_filling,FAIL,0.0008672429477837264,729.0024148966965,1.3199444650165257
0.40665334891725663,"delay: 84.2806, f0: 261.626, z: 2.3808
status=FAIL
velocity_m_s=1.28386347452
hardness_N_per_mm_p=31974.5202996
p=3.09201266256
epsilon=0.406653348917
tau0_s=0.000173079560109
linear_density_kg_m=0.00627989716691
tension_N=726.442157385
force_log=""/var/folders/zh/nj8dx9w152qdp4y5nkg5xm540000gn/T/bbpiano-hammer-search-nsq0y1te/force_95.txt""
positive_force_samples=91
contact_span_s=0.00204081632653
maximum_force_N=25.5464476547
force_impulse_Ns=0.0100274247174
initial_hammer_energy_J=0.0123622906591
maximum_mechanical_energy_J=0.0133571762438
maximum_mechanical_energy_ratio=1.08047744646
string_energy_at_release_J=0.0105163541699
string_energy_at_release_ratio=0.85068006083
final_hammer_energy_J=0.00284008786964
final_string_energy_J=0.00974940159656
rebound_velocity_m_s=0.615368493359
physical_f0_hz=261.626
configured_f0_hz=261.626
f0_relative_error=0
integer_spatial_port_pass=1
strike_reset_position_error_m=0",,31974.5202995804,107,lhs_0070,0.006279897166913452,,,,,,,,,,0.7833066951914908,3.0920126625618014,,,space_filling,FAIL,0.00017307956010907278,726.4421573849908,0.7444914954983026
0.7391947913740016,,False,187.68291571294995,108,lhs_0071,0.005906880781223651,1.0,0.8518822507249373,11.558702084256,6.43990929705216,6.50793650793651,0.03555250506628142,0.6132404181184666,-1.13007071555,1.585585585585584,1.2406348339688393,1.5809672995063786,4.593706495946749,4.028868730815673,space_filling,PASS,0.0003888782982477078,683.2925928685332,1.1791576512478956
0.5012404385023137,,False,766.3936681976861,109,lhs_0072,0.006312623456608873,1.0,1.0771184014659352,8.22757321566048,5.510204081632657,5.691609977324259,0.022764512684419997,0.7091633466135457,-0.692454839677,2.4383561643835607,0.8252577491458409,2.2878014088314718,4.737358882739566,3.4279614404484993,space_filling,PASS,0.0003649567582172818,730.2278493888031,0.7843637487139719
0.8215101107989344,"delay: 84.2806, f0: 261.626, z: 2.3808
status=FAIL
velocity_m_s=1.07240043849
hardness_N_per_mm_p=13934.2850458
p=3.01048996722
epsilon=0.821510110799
tau0_s=7.70625476539e-05
linear_density_kg_m=0.00635317916661
tension_N=734.919228353
force_log=""/var/folders/zh/nj8dx9w152qdp4y5nkg5xm540000gn/T/bbpiano-hammer-search-rjlocy0c/force_80.txt""
positive_force_samples=95
contact_span_s=0.00213151927438
maximum_force_N=18.7425857786
force_impulse_Ns=0.00891239060245
initial_hammer_energy_J=0.00862532025348
maximum_mechanical_energy_J=0.00870389194739
maximum_mechanical_energy_ratio=1.00910942337
string_energy_at_release_J=0.00698743725508
string_energy_at_release_ratio=0.810107572789
final_hammer_energy_J=0.00171535887181
final_string_energy_J=0.00648150330354
rebound_velocity_m_s=0.478241064988
physical_f0_hz=261.626
configured_f0_hz=261.626
f0_relative_error=0
integer_spatial_port_pass=1
strike_reset_position_error_m=0",,13934.285045816236,110,lhs_0073,0.00635317916660681,,,,,,,,,,1.0724004384854418,3.010489967215107,,,space_filling,FAIL,7.706254765387517e-05,734.9192283528414,1.019259775413873
0.4382685948250885,,False,257.2144686907525,111,lhs_0074,0.006017193567625056,1.0,1.3505979637122378,13.6967559922776,5.6462585034013655,5.82766439909297,0.03913491186184377,0.7081712062256814,-1.18438000099,2.4266666666666725,1.424731268556754,2.576626549830127,6.307498284613524,4.130966089700916,space_filling,PASS,0.0005001379675349542,696.0532888497977,1.354131554501405
0.5891946027985867,"delay: 84.2806, f0: 261.626, z: 2.3808
status=FAIL
velocity_m_s=0.519795286343
hardness_N_per_mm_p=4472.97340614
p=1.74949464865
epsilon=0.589194602799
tau0_s=0.00104431317695
linear_density_kg_m=0.00619651987027
tension_N=716.797288744
force_log=""/var/folders/zh/nj8dx9w152qdp4y5nkg5xm540000gn/T/bbpiano-hammer-search-jt2chuu4/force_65.txt""
positive_force_samples=242
contact_span_s=0.00546485260771
maximum_force_N=8.931319738
force_impulse_Ns=0.014195914495
initial_hammer_energy_J=0.00202640354778
maximum_mechanical_energy_J=0.0024293254094
maximum_mechanical_energy_ratio=1.19883594364
string_energy_at_release_J=0.0010639000239
string_energy_at_release_ratio=0.525018832041
final_hammer_energy_J=0.00136490038626
final_string_energy_J=0.000998713700452
rebound_velocity_m_s=-0.426599013323
physical_f0_hz=261.626
configured_f0_hz=261.626
f0_relative_error=0
integer_spatial_port_pass=1
strike_reset_position_error_m=0",,4472.973406135919,112,lhs_0075,0.0061965198702687106,,,,,,,,,,0.7639663592258649,1.7494946486533538,,,space_filling,FAIL,0.001044313176945889,716.7972887443624,0.7261095312755043
0.19355984824076455,,False,3469.131796840096,113,lhs_0076,0.0067603074104343715,1.0,1.1327618651575877,10.0219615940545,5.306122448979595,5.510204081632649,0.024734842547740013,0.7325102880658436,-0.76295664261,2.738461538461538,0.8860587118495376,3.3360989955634555,5.3858286020216655,3.791238680882369,space_filling,PASS,0.0013338309167270162,782.0147638238177,0.8421518410779031
0.44729565538403254,"delay: 84.2806, f0: 261.626, z: 2.3808
status=FAIL
velocity_m_s=1.49912219254
hardness_N_per_mm_p=26967.9479732
p=3.47705107068
epsilon=0.447295655384
tau0_s=0.000119812153081
linear_density_kg_m=0.00611828160124
tension_N=707.746889441
force_log=""/var/folders/zh/nj8dx9w152qdp4y5nkg5xm540000gn/T/bbpiano-hammer-search-8lqgdq1j/force_80.txt""
positive_force_samples=106
contact_span_s=0.00238095238095
maximum_force_N=31.7801769739
force_impulse_Ns=0.0159884046979
initial_hammer_energy_J=0.0168552551113
maximum_mechanical_energy_J=0.0188692345938
maximum_mechanical_energy_ratio=1.11948673984
string_energy_at_release_J=0.0174598069823
string_energy_at_release_ratio=1.03586726317
final_hammer_energy_J=0.00140765229812
final_string_energy_J=0.0162148928906
rebound_velocity_m_s=0.433228546015
physical_f0_hz=261.626
configured_f0_hz=261.626
f0_relative_error=0
integer_spatial_port_pass=1
strike_reset_position_error_m=0",,26967.947973230603,114,lhs_0077,0.00611828160123655,,,,,,,,,,1.4991221925443983,3.4770510706778888,,,space_filling,FAIL,0.00011981215308102534,707.7468894408139,1.4248361847452746
0.717483929360435,"delay: 84.2806, f0: 261.626, z: 2.3808
status=FAIL
velocity_m_s=1.41190791199
hardness_N_per_mm_p=20238.257076
p=3.06651152743
epsilon=0.71748392936
tau0_s=0.000108186868541
linear_density_kg_m=0.0059927387187
tension_N=693.224415584
force_log=""/var/folders/zh/nj8dx9w152qdp4y5nkg5xm540000gn/T/bbpiano-hammer-search-9ksxl9w8/force_80.txt""
positive_force_samples=91
contact_span_s=0.00204081632653
maximum_force_N=36.8459184162
force_impulse_Ns=0.0106930978881
initial_hammer_energy_J=0.0149511296396
maximum_mechanical_energy_J=0.0176397691125
maximum_mechanical_energy_ratio=1.17982851715
string_energy_at_release_J=0.0139740337535
string_energy_at_release_ratio=0.934647353765
final_hammer_energy_J=0.00366487154251
final_string_energy_J=0.0129546829794
rebound_velocity_m_s=0.699034719454
physical_f0_hz=261.626
configured_f0_hz=261.626
f0_relative_error=2.17269762412e-16
integer_spatial_port_pass=1
strike_reset_position_error_m=0",,20238.25707602367,115,lhs_0078,0.005992738718702747,,,,,,,,,,1.411907911994628,3.0665115274300705,,,space_filling,FAIL,0.00010818686854050835,693.2244155836487,1.341943633776546
0.08687212842932579,,False,198.2604546855827,116,lhs_0079,0.005705463570040861,1.0,1.843084281805878,10.0259667864869,6.75736961451247,7.052154195011339,0.03214276787245887,0.6173633440514468,-1.04949896901,1.6134453781512597,1.0933820175523632,3.4664701288857875,7.234913688422934,3.975297530306944,space_filling,PASS,0.0003521643354239071,659.9931741778911,1.0392016542122275
0.48083257830064674,"delay: 84.2806, f0: 261.626, z: 2.3808
status=FAIL
velocity_m_s=0.745447144783
hardness_N_per_mm_p=12452.3072548
p=1.74506396469
epsilon=0.480832578301
tau0_s=0.000865262887227
linear_density_kg_m=0.00654220029992
tension_N=756.784701023
force_log=""/var/folders/zh/nj8dx9w152qdp4y5nkg5xm540000gn/T/bbpiano-hammer-search-i5qtyqht/force_50.txt""
positive_force_samples=1
contact_span_s=0
maximum_force_N=10.0054703726
force_impulse_Ns=0.000226881414345
initial_hammer_energy_J=0.00416768584249
maximum_mechanical_energy_J=0.00436628262461
maximum_mechanical_energy_ratio=1.04765157203
string_energy_at_release_J=0.000366009045444
string_energy_at_release_ratio=0.0878206897728
final_hammer_energy_J=0.00400027357917
final_string_energy_J=0.000336466172758
rebound_velocity_m_s=0.73032171716
physical_f0_hz=261.626
configured_f0_hz=261.626
f0_relative_error=0
integer_spatial_port_pass=1
strike_reset_position_error_m=0",,12452.3072548378,117,lhs_0080,0.00654220029991569,,,,,,,,,,1.5021632795197843,1.745063964687383,,,space_filling,FAIL,0.0008652628872269616,756.7847010226347,1.4277265767260199
0.13157827630918026,,False,1107.3910341227743,118,lhs_0081,0.00662203739406849,1.0,1.1138126136289161,15.9387268946659,5.3968253968253945,5.759637188208619,0.04168436660057536,0.7047244094488178,-1.29188114595,2.3866666666666543,1.487086662795188,3.4230822873343327,5.371898457139371,3.7941550427487387,space_filling,PASS,6.332075069229977e-05,766.0200482543179,1.413397051648227
0.6387943600260256,"delay: 84.2806, f0: 261.626, z: 2.3808
status=FAIL
velocity_m_s=0.635380936044
hardness_N_per_mm_p=19686.6202329
p=2.581850247
epsilon=0.638794360026
tau0_s=0.000261971243335
linear_density_kg_m=0.00588148875354
tension_N=680.355309203
force_log=""/var/folders/zh/nj8dx9w152qdp4y5nkg5xm540000gn/T/bbpiano-hammer-search-9_xgqxw0/force_50.txt""
positive_force_samples=107
contact_span_s=0.00240362811791
maximum_force_N=9.63230670151
force_impulse_Ns=0.00665778647064
initial_hammer_energy_J=0.00302781700416
maximum_mechanical_energy_J=0.00314812824891
maximum_mechanical_energy_ratio=1.03973530916
string_energy_at_release_J=0.00287277133152
string_energy_at_release_ratio=0.948792918321
final_hammer_energy_J=0.000275123760754
final_string_energy_J=0.00266876180236
rebound_velocity_m_s=0.191528504668
physical_f0_hz=261.626
configured_f0_hz=261.626
f0_relative_error=2.17269762412e-16
integer_spatial_port_pass=1
strike_reset_position_error_m=0",,19686.620232851412,119,lhs_0082,0.0058814887535439415,,,,,,,,,,1.2803669814983072,2.581850246995426,,,space_filling,FAIL,0.00026197124333456545,680.355309203251,1.2169209515173276
0.31317530475799255,,False,474.56046697562573,120,lhs_0083,0.006367819522891423,1.0,1.0611752897413949,7.86252786460222,5.532879818594105,5.736961451247169,0.022155129807303692,0.731225296442687,-0.67867370465,2.7205882352941066,0.798379995853804,2.6329300652051337,4.832544971419849,3.13886875765101,space_filling,PASS,0.0010964311250774156,736.6127866582724,0.7588178688346595
0.8132827456230864,"delay: 84.2806, f0: 261.626, z: 2.3808
status=FAIL
velocity_m_s=0.495349383651
hardness_N_per_mm_p=18753.7785188
p=1.561230496
epsilon=0.813282745623
tau0_s=0.000346862687717
linear_density_kg_m=0.00655902611107
tension_N=758.731067058
force_log=""/var/folders/zh/nj8dx9w152qdp4y5nkg5xm540000gn/T/bbpiano-hammer-search-7wguqw9g/force_50.txt""
positive_force_samples=1
contact_span_s=0
maximum_force_N=16.5188824162
force_impulse_Ns=0.000374577832567
initial_hammer_energy_J=0.00184028258913
maximum_mechanical_energy_J=0.00265450338892
maximum_mechanical_energy_ratio=1.44244335332
string_energy_at_release_J=0.000995090746526
string_energy_at_release_ratio=0.540727142888
final_hammer_energy_J=0.00165941264239
final_string_energy_J=0.000914770661332
rebound_velocity_m_s=0.470377528147
physical_f0_hz=261.626
configured_f0_hz=261.626
f0_relative_error=0
integer_spatial_port_pass=1
strike_reset_position_error_m=0",,18753.778518754087,121,lhs_0084,0.00655902611106926,,,,,,,,,,0.9981870074368318,1.5612304960013492,,,space_filling,FAIL,0.00034686268771733775,758.7310670584593,0.9487238428007441
0.4037243771012555,,False,102.81419041244956,122,lhs_0085,0.00578542067805295,1.0,1.5459373316651135,11.1866797594385,6.6893424036281175,6.802721088435379,0.03870455913822147,0.33999999999999997,-1.25181105916,0.515151515151515,1.3288229335287316,1.5748323530197226,6.032728991572577,3.8853551211220596,space_filling,PASS,0.00011157429648589784,669.2424043004147,1.2629757655695752
0.16914776504759094,"delay: 84.2806, f0: 261.626, z: 2.3808
status=FAIL
velocity_m_s=4.20813267155
hardness_N_per_mm_p=2296.78657128
p=2.87417868342
epsilon=0.169147765048
tau0_s=0.000999245151693
linear_density_kg_m=0.00672709503815
tension_N=778.172843051
force_log=""/var/folders/zh/nj8dx9w152qdp4y5nkg5xm540000gn/T/bbpiano-hammer-search-ot8b6v95/force_110.txt""
positive_force_samples=236
contact_span_s=0.00532879818594
maximum_force_N=94.220243138
force_impulse_Ns=0.116594927021
initial_hammer_energy_J=0.13281285436
maximum_mechanical_energy_J=0.136688021185
maximum_mechanical_energy_ratio=1.02917764883
string_energy_at_release_J=0.0403860028563
string_energy_at_release_ratio=0.304082033707
final_hammer_energy_J=0.0953118328624
final_string_energy_J=0.0379069238998
rebound_velocity_m_s=-3.56486246322
physical_f0_hz=261.626
configured_f0_hz=261.626
f0_relative_error=0
integer_spatial_port_pass=1
strike_reset_position_error_m=0",,2296.7865712780786,123,lhs_0086,0.006727095038149254,,,,,,,,,,1.2873459955805202,2.8741786834194496,,,space_filling,FAIL,0.0009992451516933304,778.1728430513264,1.223554134487761
0.09333159918769798,,False,275.56226677542173,124,lhs_0087,0.006486727086896952,1.0,0.8125362976043309,14.6600026262239,5.487528344671206,5.71428571428572,0.039639209348359655,0.722222222222222,-1.22733591131,2.5999999999999965,1.4153293010949295,2.481259628580224,4.7981712597609585,3.3895599423567617,space_filling,PASS,0.0005946310454714758,750.3677041401498,1.3451954827695416
0.05078489786245452,"delay: 84.2806, f0: 261.626, z: 2.3808
status=FAIL
velocity_m_s=2.51798368728
hardness_N_per_mm_p=4886.63804672
p=2.18090463285
epsilon=0.0507848978625
tau0_s=0.00061830166801
linear_density_kg_m=0.00642199490848
tension_N=742.879654242
force_log=""/var/folders/zh/nj8dx9w152qdp4y5nkg5xm540000gn/T/bbpiano-hammer-search-zch1fv_p/force_95.txt""
positive_force_samples=172
contact_span_s=0.00387755102041
maximum_force_N=78.0643152272
force_impulse_Ns=0.0529124850176
initial_hammer_energy_J=0.0475518138707
maximum_mechanical_energy_J=0.074203186151
maximum_mechanical_energy_ratio=1.56047015058
string_energy_at_release_J=0.0665595297242
string_energy_at_release_ratio=1.39972641012
final_hammer_energy_J=0.00764340876732
final_string_energy_J=0.0621258019508
rebound_velocity_m_s=-1.00951531389
physical_f0_hz=261.626
configured_f0_hz=261.626
f0_relative_error=0
integer_spatial_port_pass=1
strike_reset_position_error_m=0",,4886.638046718164,125,lhs_0088,0.006421994908480722,,,,,,,,,,1.5362641899038896,2.180904632852328,,,space_filling,FAIL,0.0006183016680102163,742.8796542420289,1.4601376845661103
0.7876525401360095,"delay: 84.2806, f0: 261.626, z: 2.3808
status=FAIL
velocity_m_s=0.663136355606
hardness_N_per_mm_p=5457.58057881
p=1.84069006832
epsilon=0.787652540136
tau0_s=0.00101505524031
linear_density_kg_m=0.00651958499745
tension_N=754.168621702
force_log=""/var/folders/zh/nj8dx9w152qdp4y5nkg5xm540000gn/T/bbpiano-hammer-search-puulims7/force_50.txt""
positive_force_samples=98
contact_span_s=0.00219954648526
maximum_force_N=12.4480246118
force_impulse_Ns=0.00650532743089
initial_hammer_energy_J=0.00329812369595
maximum_mechanical_energy_J=0.00375440489564
maximum_mechanical_energy_ratio=1.13834569038
string_energy_at_release_J=0.00335933228006
string_energy_at_release_ratio=1.01855860779
final_hammer_energy_J=0.000394847404173
final_string_energy_J=0.00311754225136
rebound_velocity_m_s=0.229447860213
physical_f0_hz=261.626
configured_f0_hz=261.626
f0_relative_error=0
integer_spatial_port_pass=1
strike_reset_position_error_m=0",,5457.580578808192,126,lhs_0089,0.006519584997450395,,,,,,,,,,1.3362974017371039,1.8406900683163767,,,space_filling,FAIL,0.001015055240305469,754.1686217022025,1.27007985142594
0.6421938970359378,,False,415.47058429748677,127,lhs_0090,0.005849560303030634,1.0,1.0778343329838025,14.260693432313,6.394557823129247,6.485260770975059,0.042132657366589533,0.6083916083916084,-1.35599611903,1.5535714285714288,1.4532111425998226,2.033400101672652,3.9588802817367075,2.9340894982946346,space_filling,PASS,0.0003150050881317455,676.6619091592105,1.3812001652359833
0.3563818390485835,"delay: 84.2806, f0: 261.626, z: 2.3808
status=FAIL
velocity_m_s=0.768063533871
hardness_N_per_mm_p=11822.6452756
p=2.23702702429
epsilon=0.356381839049
tau0_s=7.03067585942e-05
linear_density_kg_m=0.00585276480135
tension_N=677.032597183
force_log=""/var/folders/zh/nj8dx9w152qdp4y5nkg5xm540000gn/T/bbpiano-hammer-search-olh0zege/force_50.txt""
positive_force_samples=96
contact_span_s=0.00215419501134
maximum_force_N=14.8574730402
force_impulse_Ns=0.00658299710852
initial_hammer_energy_J=0.00442441194047
maximum_mechanical_energy_J=0.00493923369023
maximum_mechanical_energy_ratio=1.11635936181
string_energy_at_release_J=0.00412601114826
string_energy_at_release_ratio=0.93255582974
final_hammer_energy_J=0.000812780282196
final_string_energy_J=0.00382780410779
rebound_velocity_m_s=0.32919705997
physical_f0_hz=261.626
configured_f0_hz=261.626
f0_relative_error=0
integer_spatial_port_pass=1
strike_reset_position_error_m=0",,11822.64527564012,128,lhs_0091,0.005852764801350202,,,,,,,,,,1.5477379516358076,2.2370270242884054,,,space_filling,FAIL,7.030675859418119e-05,677.0325971833503,1.4710428869385967
0.2714880557615189,,False,150.07935646948815,129,lhs_0092,0.006475023388634255,1.0,1.6667561322190716,12.7674388934199,5.6462585034013655,5.895691609977328,0.038043541878923254,0.3999999999999995,-1.19014554152,0.6666666666666654,1.346141229757477,2.4054324360772488,7.529573970345335,3.997437632638156,space_filling,PASS,8.374228167751184e-05,749.0138507904277,1.2794358881983872
0.1344340948265073,"delay: 84.2806, f0: 261.626, z: 2.3808
status=FAIL
velocity_m_s=4.91334315916
hardness_N_per_mm_p=2910.1000826
p=2.39130718305
epsilon=0.134434094827
tau0_s=0.000438832420982
linear_density_kg_m=0.00646041556204
tension_N=747.324055435
force_log=""/var/folders/zh/nj8dx9w152qdp4y5nkg5xm540000gn/T/bbpiano-hammer-search-j07gx086/force_110.txt""
positive_force_samples=90
contact_span_s=0.00201814058957
maximum_force_N=113.896054401
force_impulse_Ns=0.0396244966806
initial_hammer_energy_J=0.181057057498
maximum_mechanical_energy_J=0.216707185251
maximum_mechanical_energy_ratio=1.19689996207
string_energy_at_release_J=0.17799149324
string_energy_at_release_ratio=0.983068518286
final_hammer_energy_J=0.0387049990365
final_string_energy_J=0.164988829055
rebound_velocity_m_s=2.27171004712
physical_f0_hz=261.626
configured_f0_hz=261.626
f0_relative_error=0
integer_spatial_port_pass=1
strike_reset_position_error_m=0",,2910.100082601188,130,lhs_0093,0.006460415562043074,,,,,,,,,,1.5030829906158225,2.39130718305218,,,space_filling,FAIL,0.0004388324209817361,747.3240554352565,1.4286007133745628
0.6223197450593193,"delay: 84.2806, f0: 261.626, z: 2.3808
status=FAIL
velocity_m_s=0.695329131982
hardness_N_per_mm_p=5051.36550713
p=1.68824157004
epsilon=0.622319745059
tau0_s=0.000138105805311
linear_density_kg_m=0.0062932321084
tension_N=727.984708705
force_log=""/var/folders/zh/nj8dx9w152qdp4y5nkg5xm540000gn/T/bbpiano-hammer-search-x1pq2221/force_50.txt""
positive_force_samples=87
contact_span_s=0.00195011337868
maximum_force_N=17.1500898426
force_impulse_Ns=0.00505748732081
initial_hammer_energy_J=0.00362611951337
maximum_mechanical_energy_J=0.00431533756587
maximum_mechanical_energy_ratio=1.19007041824
string_energy_at_release_J=0.00335296648317
string_energy_at_release_ratio=0.924670703988
final_hammer_energy_J=0.00096210717792
final_string_energy_J=0.00310811619351
rebound_velocity_m_s=0.358163310595
physical_f0_hz=261.626
configured_f0_hz=261.626
f0_relative_error=0
integer_spatial_port_pass=1
strike_reset_position_error_m=0",,5051.3655071288995,131,lhs_0094,0.006293232108401185,,,,,,,,,,1.401169615515715,1.6882415700444444,,,space_filling,FAIL,0.00013810580531091276,727.9847087047781,1.3317374521445409
0.11552967542838512,"delay: 84.2806, f0: 261.626, z: 2.3808
status=FAIL
velocity_m_s=2.39354563561
hardness_N_per_mm_p=10468.4899117
p=2.80256206302
epsilon=0.115529675428
tau0_s=0.00166259927274
linear_density_kg_m=0.0062964994604
tension_N=728.362667479
force_log=""/var/folders/zh/nj8dx9w152qdp4y5nkg5xm540000gn/T/bbpiano-hammer-search-sc0s4otd/force_95.txt""
positive_force_samples=170
contact_span_s=0.00383219954649
maximum_force_N=68.6616235115
force_impulse_Ns=0.0481434465202
initial_hammer_energy_J=0.0429679553232
maximum_mechanical_energy_J=0.0628935433997
maximum_mechanical_energy_ratio=1.46373135344
string_energy_at_release_J=0.0578990014954
string_energy_at_release_ratio=1.34749259209
final_hammer_energy_J=0.00499413378291
final_string_energy_J=0.0540403432514
rebound_velocity_m_s=-0.816017465737
physical_f0_hz=261.626
configured_f0_hz=261.626
f0_relative_error=0
integer_spatial_port_pass=1
strike_reset_position_error_m=0",,10468.489911721912,132,lhs_0095,0.006296499460398201,,,,,,,,,,1.4603424420342073,2.8025620630214556,,,space_filling,FAIL,0.00166259927273597,728.3626674787138,1.3879780873619436
0.38222192969374963,,False,532.6360383437823,133,lhs_0096,0.005734373440699223,1.0,1.9046513524862958,13.2693258668741,6.349206349206349,6.4172335600907,0.033022653353702816,0.607773851590107,-1.07187586756,1.5495495495495561,1.1308592225274627,1.5931259279451437,3.9316130139540126,2.8815786531127996,space_filling,PASS,0.0007198517213786451,663.3373927618243,1.0748217511044
0.503551447095787,,False,671.3847121340157,134,lhs_0097,0.0067034882682597075,1.0,1.7881569731533822,17.5134273578499,5.192743764172339,5.351473922902499,0.03549883170622989,0.7245762711864392,-1.08280618735,2.6307692307692117,1.285739478535941,1.57073954350216,5.7191291932076,3.6559931624087527,space_filling,PASS,0.0006505363147857232,775.4420733600956,1.2220272251884987
0.7231213912120845,"delay: 84.2806, f0: 261.626, z: 2.3808
status=FAIL
velocity_m_s=3.0198489744
hardness_N_per_mm_p=6175.01721234
p=3.35877085413
epsilon=0.723121391212
tau0_s=0.00152664788177
linear_density_kg_m=0.00660884385116
tension_N=764.493853554
force_log=""/var/folders/zh/nj8dx9w152qdp4y5nkg5xm540000gn/T/bbpiano-hammer-search-ywdb8ai0/force_110.txt""
positive_force_samples=171
contact_span_s=0.00385487528345
maximum_force_N=62.1522447539
force_impulse_Ns=0.0616475933581
initial_hammer_energy_J=0.0683961587116
maximum_mechanical_energy_J=0.130525059128
maximum_mechanical_energy_ratio=1.90836827077
string_energy_at_release_J=0.121614270853
string_energy_at_release_ratio=1.77808627186
final_hammer_energy_J=0.00891059602947
final_string_energy_J=0.113479165764
rebound_velocity_m_s=-1.0899905828
physical_f0_hz=261.626
configured_f0_hz=261.626
f0_relative_error=0
integer_spatial_port_pass=1
strike_reset_position_error_m=0",,6175.0172123396205,135,lhs_0098,0.006608843851155951,,,,,,,,,,0.9238279274655942,3.358770854131885,,,space_filling,FAIL,0.0015266478817709155,764.4938535536413,0.8780494786066131
0.28633989048945796,,False,923.9789338805955,136,lhs_0099,0.006161224149165697,1.0,1.7759390758243003,11.4547980117042,5.374149659863949,5.532879818594109,0.025400651609584393,0.7049180327868854,-0.768368733135,2.3888888888888906,0.92592777733832,1.726280425460505,5.453189049131193,3.7388304215122106,space_filling,PASS,0.0007831111291816981,712.7143716036771,0.8800452746104828
0.8782665862359555,"delay: 84.2806, f0: 261.626, z: 2.3808
status=FAIL
velocity_m_s=1.20700292018
hardness_N_per_mm_p=3103.66919
p=1.66138928713
epsilon=0.878266586236
tau0_s=0.000111123323044
linear_density_kg_m=0.00617077110439
tension_N=713.818738533
force_log=""/var/folders/zh/nj8dx9w152qdp4y5nkg5xm540000gn/T/bbpiano-hammer-search-gb9i4lb5/force_80.txt""
positive_force_samples=18
contact_span_s=0.000385487528345
maximum_force_N=7.21992604683
force_impulse_Ns=0.00193868236626
initial_hammer_energy_J=0.01092642037
maximum_mechanical_energy_J=0.0109312937155
maximum_mechanical_energy_ratio=1.00044601483
string_energy_at_release_J=0.00218098281601
string_energy_at_release_ratio=0.199606343355
final_hammer_energy_J=0.00871170806984
final_string_energy_J=0.00200993332748
rebound_velocity_m_s=1.0777574291
physical_f0_hz=261.626
configured_f0_hz=261.626
f0_relative_error=0
integer_spatial_port_pass=1
strike_reset_position_error_m=0",,3103.669189997207,137,lhs_0100,0.0061707711043890974,,,,,,,,,,1.2070029201828283,1.661389287126445,,,space_filling,FAIL,0.00011112332304398506,713.8187385327225,1.1471922998156623
0.47353107974615505,,False,249.5895511636692,138,lhs_0101,0.00573177972212125,1.0,1.186110989038054,7.81860538546056,6.621315192743763,6.802721088435379,0.024974032236065948,0.6300000000000001,-0.8029118587,1.7027027027027033,0.8620375691691908,2.7993876481513196,9.403270553698993,4.767759706111493,space_filling,PASS,0.0012827402296218002,663.0373581483024,0.8193210181736031
0.6828406458578283,"delay: 84.2806, f0: 261.626, z: 2.3808
status=FAIL
velocity_m_s=0.475476050812
hardness_N_per_mm_p=28055.3329221
p=2.50339092481
epsilon=0.682840645858
tau0_s=0.00174351459159
linear_density_kg_m=0.00593671342017
tension_N=686.743554886
force_log=""/var/folders/zh/nj8dx9w152qdp4y5nkg5xm540000gn/T/bbpiano-hammer-search-i_rpec17/force_50.txt""
positive_force_samples=247
contact_span_s=0.00557823129252
maximum_force_N=7.48267889731
force_impulse_Ns=0.0129070421107
initial_hammer_energy_J=0.00169558106172
maximum_mechanical_energy_J=0.00175199824737
maximum_mechanical_energy_ratio=1.033273069
string_energy_at_release_J=0.00063710036114
string_energy_at_release_ratio=0.375741611843
final_hammer_energy_J=0.00111164951952
final_string_energy_J=0.000598736821396
rebound_velocity_m_s=-0.384993423237
physical_f0_hz=261.626
configured_f0_hz=261.626
f0_relative_error=0
integer_spatial_port_pass=1
strike_reset_position_error_m=0",,28055.332922132187,139,lhs_0102,0.005936713420166478,,,,,,,,,,0.9581399148410343,2.5033909248101045,,,space_filling,FAIL,0.0017435145915857644,686.7435548856017,0.9106612039390711
0.23868147301132564,,False,154.34933196264996,140,lhs_0103,0.006484374961255561,1.0,1.884419343417672,10.8758378091302,5.7142857142857135,6.0544217687074795,0.03246262276078825,0.40823970037453255,-1.02080772708,0.6898734177215211,1.1433754254757367,2.8683849969274737,7.460284021435186,4.038013063144554,space_filling,PASS,5.2980194102415826e-05,750.0956163686533,1.0867177385996207
0.40967754152097663,"delay: 84.2806, f0: 261.626, z: 2.3808
status=FAIL
velocity_m_s=0.587282814183
hardness_N_per_mm_p=29217.8797882
p=1.95801279605
epsilon=0.409677541521
tau0_s=6.25664420554e-05
linear_density_kg_m=0.00579662140444
tension_N=670.538075173
force_log=""/var/folders/zh/nj8dx9w152qdp4y5nkg5xm540000gn/T/bbpiano-hammer-search-x1xp2gnl/force_50.txt""
positive_force_samples=1
contact_span_s=0
maximum_force_N=5.80164410075
force_impulse_Ns=0.000131556555573
initial_hammer_energy_J=0.00258675827876
maximum_mechanical_energy_J=0.00264896330267
maximum_mechanical_energy_ratio=1.0240474823
string_energy_at_release_J=0.000138889023849
string_energy_at_release_ratio=0.0536923086277
final_hammer_energy_J=0.00251007427883
final_string_energy_J=0.000127678443133
rebound_velocity_m_s=0.578512377145
physical_f0_hz=261.626
configured_f0_hz=261.626
f0_relative_error=0
integer_spatial_port_pass=1
strike_reset_position_error_m=0",,29217.879788249036,141,lhs_0104,0.005796621404437605,,,,,,,,,,1.1834436342442687,1.9580127960458564,,,space_filling,FAIL,6.256644205538264e-05,670.5380751725456,1.1248004472642392
0.7493673314815021,,False,330.37698703433045,142,lhs_0105,0.006398896904036643,1.0,1.470571701270611,9.57159447353799,6.394557823129247,6.50793650793651,0.03226022674953165,0.34843205574912944,-1.02626434963,0.5347593582887714,1.1248015219473486,1.793117039963846,7.005262646142649,4.209783585021423,space_filling,PASS,8.434049527524263e-05,740.2077372131881,1.0690642277845366
0.25477840723766093,"delay: 84.2806, f0: 261.626, z: 2.3808
status=FAIL
velocity_m_s=1.58898154634
hardness_N_per_mm_p=11003.6671184
p=2.4204510648
epsilon=0.254778407238
tau0_s=0.00176203746361
linear_density_kg_m=0.00665849330984
tension_N=770.237173694
force_log=""/var/folders/zh/nj8dx9w152qdp4y5nkg5xm540000gn/T/bbpiano-hammer-search-vezyumbh/force_95.txt""
positive_force_samples=170
contact_span_s=0.00383219954649
maximum_force_N=49.0312845317
force_impulse_Ns=0.0329887550192
initial_hammer_energy_J=0.0189364676596
maximum_mechanical_energy_J=0.0279392066825
maximum_mechanical_energy_ratio=1.47541807611
string_energy_at_release_J=0.0251458593202
string_energy_at_release_ratio=1.32790654373
final_hammer_energy_J=0.00279320995455
final_string_energy_J=0.0234690908823
rebound_velocity_m_s=-0.610268788273
physical_f0_hz=261.626
configured_f0_hz=261.626
f0_relative_error=0
integer_spatial_port_pass=1
strike_reset_position_error_m=0",,11003.667118410738,143,lhs_0106,0.00665849330983752,,,,,,,,,,0.9694643616583749,2.420451064798089,,,space_filling,FAIL,0.0017620374636061612,770.2371736939236,0.9214244903995191
0.3489973305606759,"delay: 84.2806, f0: 261.626, z: 2.3808
status=FAIL
velocity_m_s=3.37525251558
hardness_N_per_mm_p=4635.37472851
p=2.74431027628
epsilon=0.348997330561
tau0_s=6.172253052e-05
linear_density_kg_m=0.00647885045164
tension_N=749.456555476
force_log=""/var/folders/zh/nj8dx9w152qdp4y5nkg5xm540000gn/T/bbpiano-hammer-search-ms3_wogt/force_110.txt""
positive_force_samples=90
contact_span_s=0.00201814058957
maximum_force_N=87.9585114345
force_impulse_Ns=0.026898165425
initial_hammer_energy_J=0.0854424715796
maximum_mechanical_energy_J=0.100235745338
maximum_mechanical_energy_ratio=1.17313724058
string_energy_at_release_J=0.0814592235964
string_energy_at_release_ratio=0.953380936793
final_hammer_energy_J=0.0187714145054
final_string_energy_J=0.0755092716422
rebound_velocity_m_s=1.58204148725
physical_f0_hz=261.626
configured_f0_hz=261.626
f0_relative_error=0
integer_spatial_port_pass=1
strike_reset_position_error_m=0",,4635.374728512015,144,lhs_0107,0.006478850451635038,,,,,,,,,,1.0325524761573774,2.744310276279328,,,space_filling,FAIL,6.172253052002541e-05,749.4565554763236,0.9813863993170069
0.2686100489706223,,False,371.93088311451396,145,lhs_0108,0.005806999128208084,1.0,0.9906408230854049,9.88048784974097,5.646258503401357,5.804988662131519,0.027012751327938248,0.7070312500000006,-0.81519450097,2.41333333333334,0.9858142808074655,2.2471805128509375,4.733528531606499,3.304396593768711,space_filling,PASS,0.0018051332940999198,671.7385432445855,0.9369642219418457
0.08147917409751987,"delay: 84.2806, f0: 261.626, z: 2.3808
status=FAIL
velocity_m_s=1.68553743238
hardness_N_per_mm_p=11372.8485044
p=2.55069592602
epsilon=0.0814791740975
tau0_s=0.000207957245927
linear_density_kg_m=0.00678136365764
tension_N=784.45049569
force_log=""/var/folders/zh/nj8dx9w152qdp4y5nkg5xm540000gn/T/bbpiano-hammer-search-x04z1uy4/force_95.txt""
positive_force_samples=236
contact_span_s=0.00532879818594
maximum_force_N=39.1055504446
force_impulse_Ns=0.0467840866818
initial_hammer_energy_J=0.0213077732697
maximum_mechanical_energy_J=0.0246099806548
maximum_mechanical_energy_ratio=1.15497665304
string_energy_at_release_J=0.00773639079079
string_energy_at_release_ratio=0.363078332629
final_hammer_energy_J=0.015409802816
final_string_energy_J=0.00726066781931
rebound_velocity_m_s=-1.43340167974
physical_f0_hz=261.626
configured_f0_hz=261.626
f0_relative_error=0
integer_spatial_port_pass=1
strike_reset_position_error_m=0",,11372.848504444384,146,lhs_0109,0.006781363657635582,,,,,,,,,,1.0283747314111735,2.5506959260197615,,,space_filling,FAIL,0.00020795724592655385,784.4504956895987,0.9774156743723528
0.5746918204146882,,False,486.6099937554652,147,lhs_0110,0.006082501220520306,1.0,1.569389647986211,12.4085676470896,5.510204081632649,5.668934240362809,0.031081850430162473,0.688000000000001,-0.938886162731,2.2051282051282164,1.1342361190630066,1.6075080916109437,5.383676382633107,3.658489497278459,space_filling,PASS,0.0002544253745369734,703.607908137663,1.078031312272871
0.837267970255659,,False,4207.298793528859,148,lhs_0111,0.00586811485510484,1.0,3.0692419257232064,19.2321862736052,2.267573696145126,2.3129251700680284,0.012550542500197147,1.0,0.570396187543,inf,1.4216819689701046,3.2065908006822355,14.206290431033578,8.988936617453673,space_filling,PASS,7.174984821588764e-05,678.8082514447361,1.351233356868954
0.06531754281677335,"delay: 84.2806, f0: 261.626, z: 2.3808
status=FAIL
velocity_m_s=2.80002800155
hardness_N_per_mm_p=8254.03536296
p=2.47324326374
epsilon=0.0653175428168
tau0_s=0.000235454820764
linear_density_kg_m=0.00645347014231
tension_N=746.52062736
force_log=""/var/folders/zh/nj8dx9w152qdp4y5nkg5xm540000gn/T/bbpiano-hammer-search-j14pt8cm/force_110.txt""
positive_force_samples=90
contact_span_s=0.00201814058957
maximum_force_N=70.6989309426
force_impulse_Ns=0.0227166669606
initial_hammer_energy_J=0.0588011760711
maximum_mechanical_energy_J=0.0719122255033
maximum_mechanical_energy_ratio=1.22297257144
string_energy_at_release_J=0.0595133146938
string_energy_at_release_ratio=1.01211095883
final_hammer_energy_J=0.0123954377395
final_string_energy_J=0.0551652538523
rebound_velocity_m_s=1.28558353752
physical_f0_hz=261.626
configured_f0_hz=261.626
f0_relative_error=0
integer_spatial_port_pass=1
strike_reset_position_error_m=0",,8254.035362963548,149,lhs_0112,0.006453470142314164,,,,,,,,,,0.856580606329949,2.473243263740641,,,space_filling,FAIL,0.00023545482076391076,746.5206273602879,0.8141344642350177
0.7663203770173922,"delay: 84.2806, f0: 261.626, z: 2.3808
status=FAIL
velocity_m_s=1.16326915139
hardness_N_per_mm_p=3289.59657562
p=2.19553952108
epsilon=0.766320377017
tau0_s=0.000274852772852
linear_density_kg_m=0.00672269575026
tension_N=777.663944879
force_log=""/var/folders/zh/nj8dx9w152qdp4y5nkg5xm540000gn/T/bbpiano-hammer-search-9qad3x41/force_80.txt""
positive_force_samples=183
contact_span_s=0.00412698412698
maximum_force_N=18.7706037148
force_impulse_Ns=0.0268576912276
initial_hammer_energy_J=0.0101489633893
maximum_mechanical_energy_J=0.0101709869198
maximum_mechanical_energy_ratio=1.00217002758
string_energy_at_release_J=0.00721947668676
string_energy_at_release_ratio=0.711351140979
final_hammer_energy_J=0.00295075897594
final_string_energy_J=0.00674985974736
rebound_velocity_m_s=-0.627243597118
physical_f0_hz=261.626
configured_f0_hz=261.626
f0_relative_error=0
integer_spatial_port_pass=1
strike_reset_position_error_m=0",,3289.596575622009,150,lhs_0113,0.006722695750256239,,,,,,,,,,1.1632691513916034,2.1955395210763893,,,space_filling,FAIL,0.0002748527728519592,777.6639448794268,1.1056256706383176
0.108175590986584,"delay: 84.2806, f0: 261.626, z: 2.3808
status=FAIL
velocity_m_s=5.0132004217
hardness_N_per_mm_p=869.014678247
p=1.60371300751
epsilon=0.108175590987
tau0_s=0.000669634941475
linear_density_kg_m=0.00677323261491
tension_N=783.509917833
force_log=""/var/folders/zh/nj8dx9w152qdp4y5nkg5xm540000gn/T/bbpiano-hammer-search-4e4nmxjt/force_110.txt""
positive_force_samples=233
contact_span_s=0.00526077097506
maximum_force_N=94.9668882942
force_impulse_Ns=0.138949861469
initial_hammer_energy_J=0.188491338511
maximum_mechanical_energy_J=0.188566956749
maximum_mechanical_energy_ratio=1.0004011762
string_energy_at_release_J=0.0520665296018
string_energy_at_release_ratio=0.276227703687
final_hammer_energy_J=0.135476634474
final_string_energy_J=0.0488723881028
rebound_velocity_m_s=-4.25012367622
physical_f0_hz=261.626
configured_f0_hz=261.626
f0_relative_error=0
integer_spatial_port_pass=1
strike_reset_position_error_m=0",,869.014678246967,151,lhs_0114,0.006773232614914866,,,,,,,,,,1.533631183149476,1.6037130075067707,,,space_filling,FAIL,0.000669634941474677,783.5099178331735,1.457635151205571
0.7375416768792769,"delay: 84.2806, f0: 261.626, z: 2.3808
status=FAIL
velocity_m_s=4.94977294649
hardness_N_per_mm_p=949.395465738
p=1.6355472141
epsilon=0.737541676879
tau0_s=0.00191428192685
linear_density_kg_m=0.00653615851738
tension_N=756.085803346
force_log=""/var/folders/zh/nj8dx9w152qdp4y5nkg5xm540000gn/T/bbpiano-hammer-search-xfz4cm0e/force_110.txt""
positive_force_samples=178
contact_span_s=0.00401360544218
maximum_force_N=98.7342869721
force_impulse_Ns=0.110607272653
initial_hammer_energy_J=0.183751891664
maximum_mechanical_energy_J=0.195033928584
maximum_mechanical_energy_ratio=1.06139820831
string_energy_at_release_J=0.150941981544
string_energy_at_release_ratio=0.821444504202
final_hammer_energy_J=0.044069964593
final_string_energy_J=0.141034386774
rebound_velocity_m_s=-2.42404523041
physical_f0_hz=261.626
configured_f0_hz=261.626
f0_relative_error=2.17269762412e-16
integer_spatial_port_pass=1
strike_reset_position_error_m=0",,949.3954657381881,152,lhs_0115,0.006536158517377729,,,,,,,,,,1.514227539634888,1.6355472140997036,,,space_filling,FAIL,0.0019142819268547018,756.0858033457027,1.4391930165130289
0.20712835879022695,,False,910.8702716300969,153,lhs_0116,0.006467861685605285,1.0,1.2959924547123256,16.4870296214254,5.419501133786846,5.71428571428572,0.04392970638993174,0.7023809523809514,-1.35442842537,2.359999999999989,1.5742614493897928,2.927198094869406,5.295505056532882,3.818156499026685,space_filling,PASS,8.018284241501058e-05,748.1854036263044,1.4962520657059033
0.4798897606259592,,False,337.50936227519594,154,lhs_0117,0.0059773205256553625,1.0,3.3699533212673045,6.53618602186216,6.825396825396829,7.1655328798186,0.022616148076366104,0.367088607594937,-0.73053581193,0.5800000000000007,0.7772274980485954,3.4987710329473365,7.705514017913614,4.804948485235193,space_filling,PASS,7.348243450346172e-05,691.4408791462479,0.7387135408349166
0.4503567572815639,,False,292.1865833784101,155,lhs_0118,0.00658774546457413,1.0,0.9887971505158581,13.8729590967977,5.510204081632657,5.691609977324259,0.04053730807210906,0.38645418326693215,-1.25429236663,0.6298701298701296,1.4483249448020945,2.275943697974078,4.8603868028503605,3.412811268253491,space_filling,PASS,0.0001641817900935971,762.0532471140023,1.3765560932166043
0.8882225368391565,"delay: 84.2806, f0: 261.626, z: 2.3808
status=FAIL
velocity_m_s=1.47138077837
hardness_N_per_mm_p=4752.59792219
p=3.07029678836
epsilon=0.888222536839
tau0_s=0.000318483779885
linear_density_kg_m=0.00611579434456
tension_N=707.459170062
force_log=""/var/folders/zh/nj8dx9w152qdp4y5nkg5xm540000gn/T/bbpiano-hammer-search-rcys41wh/force_80.txt""
positive_force_samples=106
contact_span_s=0.00238095238095
maximum_force_N=28.3523506599
force_impulse_Ns=0.0151198726186
initial_hammer_energy_J=0.0162372104622
maximum_mechanical_energy_J=0.0170907528665
maximum_mechanical_energy_ratio=1.05256705924
string_energy_at_release_J=0.015478679044
string_energy_at_release_ratio=0.953284376037
final_hammer_energy_J=0.00161047211984
final_string_energy_J=0.0143759904043
rebound_velocity_m_s=0.463389270462
physical_f0_hz=261.626
configured_f0_hz=261.626
f0_relative_error=0
integer_spatial_port_pass=1
strike_reset_position_error_m=0",,4752.597922194703,156,lhs_0119,0.006115794344555551,,,,,,,,,,1.4713807783711963,3.070296788364232,,,space_filling,FAIL,0.00031848377988548816,707.4591700624082,1.3984694409757783
0.21537620947162,"delay: 84.2806, f0: 261.626, z: 2.3808
status=FAIL
velocity_m_s=3.52283124888
hardness_N_per_mm_p=5823.40215636
p=2.67884020477
epsilon=0.215376209472
tau0_s=0.000911646971215
linear_density_kg_m=0.00605874609158
tension_N=700.859976657
force_log=""/var/folders/zh/nj8dx9w152qdp4y5nkg5xm540000gn/T/bbpiano-hammer-search-d6ktxp2w/force_110.txt""
positive_force_samples=86
contact_span_s=0.00192743764172
maximum_force_N=76.0176097021
force_impulse_Ns=0.0236557328106
initial_hammer_energy_J=0.0930775500607
maximum_mechanical_energy_J=0.0991412286035
maximum_mechanical_energy_ratio=1.06514652071
string_energy_at_release_J=0.0707401052518
string_energy_at_release_ratio=0.760012540141
final_hammer_energy_J=0.0283955184605
final_string_energy_J=0.0655588157643
rebound_velocity_m_s=1.94578239484
physical_f0_hz=261.626
configured_f0_hz=261.626
f0_relative_error=0
integer_spatial_port_pass=1
strike_reset_position_error_m=0",,5823.402156357639,157,lhs_0120,0.006058746091578448,,,,,,,,,,1.0776995535368463,2.6788402047658977,,,space_filling,FAIL,0.0009116469712152131,700.8599766574469,1.024296303396662
0.3967911721731763,"delay: 84.2806, f0: 261.626, z: 2.3808
status=FAIL
velocity_m_s=4.10605606054
hardness_N_per_mm_p=8951.39471396
p=3.42765568043
epsilon=0.396791172173
tau0_s=0.000129032923543
linear_density_kg_m=0.00678947697164
tension_N=785.389022734
force_log=""/var/folders/zh/nj8dx9w152qdp4y5nkg5xm540000gn/T/bbpiano-hammer-search-7t8vv87m/force_110.txt""
positive_force_samples=88
contact_span_s=0.00197278911565
maximum_force_N=132.411074573
force_impulse_Ns=0.0323099723553
initial_hammer_energy_J=0.126447722792
maximum_mechanical_energy_J=0.163120118238
maximum_mechanical_energy_ratio=1.29002021259
string_energy_at_release_J=0.13453320677
string_energy_at_release_ratio=1.0639432945
final_hammer_energy_J=0.0285789754403
final_string_energy_J=0.124687542614
rebound_velocity_m_s=1.95205790352
physical_f0_hz=261.626
configured_f0_hz=261.626
f0_relative_error=0
integer_spatial_port_pass=1
strike_reset_position_error_m=0",,8951.394713962645,158,lhs_0121,0.006789476971641929,,,,,,,,,,1.25611886310125,3.427655680433839,,,space_filling,FAIL,0.00012903292354332364,785.3890227344946,1.1938744002248844
0.5549655138118698,,False,104.19887610096228,159,lhs_0122,0.00614447754023512,1.0,1.8368178528620032,12.4313524769985,6.575963718820865,6.712018140589569,0.0413746109382582,0.347972972972973,-1.32261529634,0.5336787564766841,1.435833114007824,2.4108294527742316,9.16493155467512,4.942412056079019,space_filling,PASS,0.00033233505980783816,710.777167474841,1.3646832701619453
0.0976966919506718,,False,124.40970940925452,160,lhs_0123,0.006240834039609084,1.0,1.6009011536205657,15.2960267008509,5.623582766439914,5.873015873015869,0.04398907373342244,0.7220077220077218,-1.36025658918,2.5972222222222188,1.5724612972408094,2.7083349912807306,4.689904633168366,3.00503005761069,space_filling,PASS,0.0011452905327151498,721.9234365016779,1.4945411165033133
0.5923412500818698,,False,1506.6555916346376,161,lhs_0124,0.005909916585196993,1.0,1.0110826399167703,9.56678270949963,5.578231292517005,5.78231292517007,0.02545677460763257,0.7058823529411771,-0.759981721941,2.4000000000000075,0.9371791677634099,3.238122651209724,4.55244864639712,3.344411005941361,space_filling,PASS,0.0016344724549656599,683.6437667698212,0.8907391248423676
0.1909855963316981,,False,218.13305062621004,162,lhs_0125,0.005766767069285716,1.0,2.273005350937643,13.7649523385809,6.621315192743766,6.802721088435379,0.043228397112225606,0.6133333333333328,-1.40909883086,1.5862068965517209,1.472854948984857,2.3949694513887323,5.967303641764385,4.280560607981582,space_filling,PASS,6.491220818181358e-05,667.0846033944891,1.3998705620073248
0.625787318896826,,False,575.6038577857904,163,lhs_0126,0.006770089595299844,1.0,1.1809800999684001,10.2963671054522,5.510204081632654,5.71428571428572,0.03023890236286177,0.39682539682539714,-0.928283986226,0.6578947368421063,1.087707975163555,3.0778601749287873,5.234117065021165,3.2962954466768073,space_filling,PASS,0.00021848845795790052,783.1463415055435,1.033808777667834
0.6492733100549513,"delay: 84.2806, f0: 261.626, z: 2.3808
status=FAIL
velocity_m_s=1.78128567074
hardness_N_per_mm_p=6332.24674373
p=3.05647228167
epsilon=0.649273310055
tau0_s=9.6397158949e-05
linear_density_kg_m=0.00587351975035
tension_N=679.433475658
force_log=""/var/folders/zh/nj8dx9w152qdp4y5nkg5xm540000gn/T/bbpiano-hammer-search-gkl98046/force_95.txt""
positive_force_samples=100
contact_span_s=0.00224489795918
maximum_force_N=32.93812561
force_impulse_Ns=0.0160645514569
initial_hammer_energy_J=0.0237973398058
maximum_mechanical_energy_J=0.0249300571982
maximum_mechanical_energy_ratio=1.04759848797
string_energy_at_release_J=0.0211431217029
string_energy_at_release_ratio=0.888465764469
final_hammer_energy_J=0.00378411160587
final_string_energy_J=0.0196246126624
rebound_velocity_m_s=0.710315573612
physical_f0_hz=261.626
configured_f0_hz=261.626
f0_relative_error=0
integer_spatial_port_pass=1
strike_reset_position_error_m=0",,6332.246743729426,164,lhs_0127,0.005873519750351172,,,,,,,,,,1.0867923417294947,3.0564722816695973,,,space_filling,FAIL,9.639715894903336e-05,679.4334756576216,1.0329385166208693
0.30783097279392424,,False,605.0719448154058,165,lhs_0128,0.00644836388577015,1.0,1.2326881318833929,11.8301863719894,5.396825396825397,5.600907029478459,0.033049593972438604,0.3765182186234822,-1.01734480238,0.603896103896105,1.1863211915556249,1.970709376627635,5.322789598434202,3.794003258978968,space_filling,PASS,6.871598559532455e-05,745.9299488951152,1.127535412967028
0.1878542618775037,,False,345.0928014948267,166,lhs_0129,0.006201775294466828,1.0,2.3694799566680746,7.46953911214166,6.643990929705214,6.870748299319729,0.023090797521051653,0.343234323432343,-0.745098528032,0.5226130653266327,0.7943111971484513,2.5541872891169115,6.865892521577506,4.090608862226784,space_filling,PASS,5.96151502567374e-05,717.405222535471,0.7549506913272732
0.7513530116539395,"delay: 84.2806, f0: 261.626, z: 2.3808
status=FAIL
velocity_m_s=0.778305311375
hardness_N_per_mm_p=16942.5140313
p=1.5275390372
epsilon=0.751353011654
tau0_s=0.000278647920685
linear_density_kg_m=0.00661907957198
tension_N=765.677895095
force_log=""/var/folders/zh/nj8dx9w152qdp4y5nkg5xm540000gn/T/bbpiano-hammer-search-y7fd8vdl/force_50.txt""
positive_force_samples=1
contact_span_s=0
maximum_force_N=34.4858310168
force_impulse_Ns=0.000781991633033
initial_hammer_energy_J=0.00454319368286
maximum_mechanical_energy_J=0.00825253459763
maximum_mechanical_energy_ratio=1.81646110065
string_energy_at_release_J=0.00429758545907
string_energy_at_release_ratio=0.945939301528
final_hammer_energy_J=0.00395494913856
final_string_energy_J=0.00395069995638
rebound_velocity_m_s=0.72617253584
physical_f0_hz=261.626
configured_f0_hz=261.626
f0_relative_error=2.17269762412e-16
integer_spatial_port_pass=1
strike_reset_position_error_m=0",,16942.514031327206,167,lhs_0130,0.0066190795719804785,,,,,,,,,,1.5683763324936686,1.5275390371995148,,,space_filling,FAIL,0.00027864792068456453,765.6778950945342,1.4906585740300702
0.5458153286436314,"delay: 84.2806, f0: 261.626, z: 2.3808
status=FAIL
velocity_m_s=0.407927011991
hardness_N_per_mm_p=14226.441128
p=1.59507080998
epsilon=0.545815328644
tau0_s=0.000803920476558
linear_density_kg_m=0.00599708154602
tension_N=693.726782543
force_log=""/var/folders/zh/nj8dx9w152qdp4y5nkg5xm540000gn/T/bbpiano-hammer-search-j7i_682s/force_50.txt""
positive_force_samples=1
contact_span_s=0
maximum_force_N=8.0468732568
force_impulse_Ns=0.000182468781333
initial_hammer_energy_J=0.00124803335334
maximum_mechanical_energy_J=0.00143296801068
maximum_mechanical_energy_ratio=1.14818086139
string_energy_at_release_J=0.000258258773548
string_energy_at_release_ratio=0.206932589467
final_hammer_energy_J=0.00117470923713
final_string_energy_J=0.000237413114175
rebound_velocity_m_s=0.395762426569
physical_f0_hz=261.626
configured_f0_hz=261.626
f0_relative_error=0
integer_spatial_port_pass=1
strike_reset_position_error_m=0",,14226.44112801626,168,lhs_0131,0.005997081546019735,,,,,,,,,,0.822020692447352,1.5950708099765016,,,space_filling,FAIL,0.0008039204765577513,693.7267825430831,0.7812870978985698
0.5120882316021962,"delay: 84.2806, f0: 261.626, z: 2.3808
status=FAIL
velocity_m_s=5.10933074731
hardness_N_per_mm_p=1140.65809877
p=1.61692037803
epsilon=0.512088231602
tau0_s=0.00123713628514
linear_density_kg_m=0.00620380179092
tension_N=717.63964237
force_log=""/var/folders/zh/nj8dx9w152qdp4y5nkg5xm540000gn/T/bbpiano-hammer-search-t12xje8_/force_110.txt""
positive_force_samples=89
contact_span_s=0.00199546485261
maximum_force_N=122.707304102
force_impulse_Ns=0.039267125365
initial_hammer_energy_J=0.195789455141
maximum_mechanical_energy_J=0.233482960161
maximum_mechanical_energy_ratio=1.19252060839
string_energy_at_release_J=0.186914068746
string_energy_at_release_ratio=0.954668721113
final_hammer_energy_J=0.0465576286357
final_string_energy_J=0.173251591741
rebound_velocity_m_s=2.49152238964
physical_f0_hz=261.626
configured_f0_hz=261.626
f0_relative_error=0
integer_spatial_port_pass=1
strike_reset_position_error_m=0",,1140.6580987696898,169,lhs_0132,0.006203801790918732,,,,,,,,,,1.5630392364086232,1.61692037803144,,,space_filling,FAIL,0.0012371362851379315,717.6396423699565,1.4855859470879473
0.31611165375959,,False,359.27160630331997,170,lhs_0133,0.006087275791305049,1.0,1.781203590184247,10.7117839728021,5.668934240362817,5.850340136054419,0.032074390608032424,0.705426356589148,-0.984563398276,2.394736842105271,1.153804189941829,2.4281656693728877,6.884593437338609,4.208258576790639,space_filling,PASS,0.00016574268964970982,704.1602180575977,1.0966297264598326
0.7019337671376806,"delay: 84.2806, f0: 261.626, z: 2.3808
status=FAIL
velocity_m_s=3.91765499524
hardness_N_per_mm_p=1093.03180073
p=1.73302692664
epsilon=0.701933767138
tau0_s=0.000283001242235
linear_density_kg_m=0.0065740912779
tension_N=760.473766342
force_log=""/var/folders/zh/nj8dx9w152qdp4y5nkg5xm540000gn/T/bbpiano-hammer-search-5mybx78_/force_110.txt""
positive_force_samples=94
contact_span_s=0.00210884353741
maximum_force_N=79.3256813293
force_impulse_Ns=0.0351520368828
initial_hammer_energy_J=0.115110154963
maximum_mechanical_energy_J=0.124461793596
maximum_mechanical_energy_ratio=1.08124077876
string_energy_at_release_J=0.105863714165
string_energy_at_release_ratio=0.919673109632
final_hammer_energy_J=0.0185854586431
final_string_energy_J=0.0981922398122
rebound_velocity_m_s=1.57418586972
physical_f0_hz=261.626
configured_f0_hz=261.626
f0_relative_error=0
integer_spatial_port_pass=1
strike_reset_position_error_m=0",,1093.031800729307,171,lhs_0134,0.006574091277901187,,,,,,,,,,1.198483475647879,1.7330269266434137,,,space_filling,FAIL,0.0002830012422349352,760.4737663422007,1.1390950193486689
0.4130031982465632,,False,2669.2031147750613,172,lhs_0135,0.006463633651140776,1.0,0.9567765081334325,8.46706053270468,5.487528344671205,5.691609977324259,0.02319247985287756,0.717131474103587,-0.710733688723,2.5352112676056504,0.8354677618602491,3.3285583533658354,4.855475121569266,3.411983747923391,space_filling,PASS,0.00030881247433373765,747.6963156052332,0.7940678246288958
0.3612140459300039,"delay: 84.2806, f0: 261.626, z: 2.3808
status=FAIL
velocity_m_s=0.428789490483
hardness_N_per_mm_p=19338.7936821
p=1.93816849969
epsilon=0.36121404593
tau0_s=0.00105687647226
linear_density_kg_m=0.00574536583219
tension_N=664.608963996
force_log=""/var/folders/zh/nj8dx9w152qdp4y5nkg5xm540000gn/T/bbpiano-hammer-search-2vbgdakz/force_50.txt""
positive_force_samples=87
contact_span_s=0.00195011337868
maximum_force_N=11.6714308781
force_impulse_Ns=0.00295526502453
initial_hammer_energy_J=0.00137895320361
maximum_mechanical_energy_J=0.00170922409617
maximum_mechanical_energy_ratio=1.23950841239
string_energy_at_release_J=0.00130625881783
string_energy_at_release_ratio=0.947282920412
final_hammer_energy_J=0.000402886331676
final_string_energy_J=0.00121065528141
rebound_velocity_m_s=0.23177182218
physical_f0_hz=261.626
configured_f0_hz=261.626
f0_relative_error=0
integer_spatial_port_pass=1
strike_reset_position_error_m=0",,19338.79368214478,173,lhs_0136,0.005745365832190543,,,,,,,,,,0.864061029349615,1.9381684996870148,,,space_filling,FAIL,0.0010568764722567459,664.6089639958003,0.8212442098238889
0.444351620303468,"delay: 84.2806, f0: 261.626, z: 2.3808
status=FAIL
velocity_m_s=0.405882672945
hardness_N_per_mm_p=35209.0012867
p=2.10024045672
epsilon=0.444351620303
tau0_s=0.000247769450963
linear_density_kg_m=0.00587096614619
tension_N=679.138081376
force_log=""/var/folders/zh/nj8dx9w152qdp4y5nkg5xm540000gn/T/bbpiano-hammer-search-m15f9nre/force_50.txt""
positive_force_samples=87
contact_span_s=0.00195011337868
maximum_force_N=9.58164431551
force_impulse_Ns=0.0028066983053
initial_hammer_energy_J=0.00123555558148
maximum_mechanical_energy_J=0.0014353624771
maximum_mechanical_energy_ratio=1.16171421069
string_energy_at_release_J=0.00107634048024
string_energy_at_release_ratio=0.871138859611
final_hammer_energy_J=0.000358950550404
final_string_energy_J=0.000997576553663
rebound_velocity_m_s=0.218769452592
physical_f0_hz=261.626
configured_f0_hz=261.626
f0_relative_error=0
integer_spatial_port_pass=1
strike_reset_position_error_m=0",,35209.00128666061,174,lhs_0137,0.005870966146192755,,,,,,,,,,0.8179011099023781,2.1002404567212145,,,space_filling,FAIL,0.00024776945096326435,679.1380813757341,0.7773716530433632
0.43210584055078466,,False,1227.6749579643879,175,lhs_0138,0.006635100470114914,1.0,1.7071919046302342,10.8836998408797,5.238095238095239,5.396825396825399,0.023406270977913354,0.7184873949579821,-0.715199795028,2.5522388059701355,0.8460620356722851,1.7746938106978576,5.6194914943006,3.7430119294972357,space_filling,PASS,0.0003900865896089218,767.5311508875337,0.8041371203497922
0.7975516467823858,"delay: 84.2806, f0: 261.626, z: 2.3808
status=FAIL
velocity_m_s=1.91816929171
hardness_N_per_mm_p=1548.52944637
p=1.79731250258
epsilon=0.797551646782
tau0_s=9.46280258209e-05
linear_density_kg_m=0.00667863656857
tension_N=772.56729343
force_log=""/var/folders/zh/nj8dx9w152qdp4y5nkg5xm540000gn/T/bbpiano-hammer-search-vif77xcz/force_95.txt""
positive_force_samples=96
contact_span_s=0.00215419501134
maximum_force_N=46.0780734273
force_impulse_Ns=0.0179198292466
initial_hammer_energy_J=0.0275953007375
maximum_mechanical_energy_J=0.0308424206384
maximum_mechanical_energy_ratio=1.11766930651
string_energy_at_release_J=0.0269134095896
string_energy_at_release_ratio=0.975289591717
final_hammer_energy_J=0.00392604390488
final_string_energy_J=0.024967028875
rebound_velocity_m_s=0.723514008607
physical_f0_hz=261.626
configured_f0_hz=261.626
f0_relative_error=0
integer_spatial_port_pass=1
strike_reset_position_error_m=0",,1548.5294463695939,176,lhs_0139,0.006678636568571598,,,,,,,,,,1.1703073407154332,1.7973125025772037,,,space_filling,FAIL,9.462802582090726e-05,772.567293430381,1.112315096539391
0.634367371243394,"delay: 84.2806, f0: 261.626, z: 2.3808
status=FAIL
velocity_m_s=0.470748009499
hardness_N_per_mm_p=22940.5064249
p=2.45373297711
epsilon=0.634367371243
tau0_s=0.00016193241837
linear_density_kg_m=0.0064729982927
tension_N=748.779592964
force_log=""/var/folders/zh/nj8dx9w152qdp4y5nkg5xm540000gn/T/bbpiano-hammer-search-56hu8pyv/force_50.txt""
positive_force_samples=119
contact_span_s=0.00267573696145
maximum_force_N=6.88472582675
force_impulse_Ns=0.00631036923416
initial_hammer_energy_J=0.00166202766335
maximum_mechanical_energy_J=0.00172444587602
maximum_mechanical_energy_ratio=1.03755545954
string_energy_at_release_J=0.00170557001403
string_energy_at_release_ratio=1.02619833089
final_hammer_energy_J=1.87925695506e-05
final_string_energy_J=0.00158609729296
rebound_velocity_m_s=0.050056727221
physical_f0_hz=261.626
configured_f0_hz=261.626
f0_relative_error=0
integer_spatial_port_pass=1
strike_reset_position_error_m=0",,22940.506424920022,177,lhs_0140,0.006472998292696979,,,,,,,,,,0.9486123579981357,2.453732977113989,,,space_filling,FAIL,0.00016193241836982535,748.7795929638287,0.9016057661572191
0.5104354448364001,"delay: 84.2806, f0: 261.626, z: 2.3808
status=FAIL
velocity_m_s=2.14215776281
hardness_N_per_mm_p=6826.62941872
p=2.90434609026
epsilon=0.510435444836
tau0_s=0.000305363100786
linear_density_kg_m=0.00668229414031
tension_N=772.990391809
force_log=""/var/folders/zh/nj8dx9w152qdp4y5nkg5xm540000gn/T/bbpiano-hammer-search-sk7vg50p/force_95.txt""
positive_force_samples=99
contact_span_s=0.00222222222222
maximum_force_N=42.2500434932
force_impulse_Ns=0.0213617612618
initial_hammer_energy_J=0.0344162991057
maximum_mechanical_energy_J=0.0396768060763
maximum_mechanical_energy_ratio=1.15284929255
string_energy_at_release_J=0.0358075246433
string_energy_at_release_ratio=1.04042344975
final_hammer_energy_J=0.00386686453167
final_string_energy_J=0.0332303615503
rebound_velocity_m_s=0.718040345354
physical_f0_hz=261.626
configured_f0_hz=261.626
f0_relative_error=0
integer_spatial_port_pass=1
strike_reset_position_error_m=0",,6826.62941871976,178,lhs_0141,0.006682294140312281,,,,,,,,,,1.3069664735101787,2.904346090259155,,,space_filling,FAIL,0.0003053631007861707,772.9903918085027,1.2422023587987658
0.7574911745351737,,False,409.74472670380254,179,lhs_0142,0.0058139453390341975,1.0,1.2493978431097221,9.76655079408587,5.578231292517008,5.759637188208619,0.025937038702649004,0.6968503937007867,-0.766836039807,2.2987012987012916,0.9624826313315524,1.977120452041362,4.894692006075687,3.4572468557343563,space_filling,PASS,0.0014979518792945699,672.5420628316192,0.9147887257825562
0.4437861375592751,"delay: 84.2806, f0: 261.626, z: 2.3808
status=FAIL
velocity_m_s=2.66097635696
hardness_N_per_mm_p=4100.44003732
p=3.19076635888
epsilon=0.443786137559
tau0_s=0.000143250982859
linear_density_kg_m=0.00583729647521
tension_N=675.24326148
force_log=""/var/folders/zh/nj8dx9w152qdp4y5nkg5xm540000gn/T/bbpiano-hammer-search-wzpvl0m7/force_110.txt""
positive_force_samples=179
contact_span_s=0.00403628117914
maximum_force_N=47.3327817226
force_impulse_Ns=0.0555345925184
initial_hammer_energy_J=0.0531059637921
maximum_mechanical_energy_J=0.0672497166433
maximum_mechanical_energy_ratio=1.26633078173
string_energy_at_release_J=0.0591072665978
string_energy_at_release_ratio=1.11300619322
final_hammer_energy_J=0.00813275831354
final_string_energy_J=0.0552074164527
rebound_velocity_m_s=-1.04132981093
physical_f0_hz=261.626
configured_f0_hz=261.626
f0_relative_error=0
integer_spatial_port_pass=1
strike_reset_position_error_m=0",,4100.440037320259,180,lhs_0143,0.005837296475208779,,,,,,,,,,0.8140421238672232,3.1907663588791504,,,space_filling,FAIL,0.00014325098285871852,675.2432614801301,0.7737038913581179
0.33783617280853984,"delay: 84.2806, f0: 261.626, z: 2.3808
status=FAIL
velocity_m_s=2.91405745815
hardness_N_per_mm_p=3096.94913232
p=1.91959742961
epsilon=0.337836172809
tau0_s=0.00030391784554
linear_density_kg_m=0.00656857258245
tension_N=759.835378018
force_log=""/var/folders/zh/nj8dx9w152qdp4y5nkg5xm540000gn/T/bbpiano-hammer-search-j7wf4171/force_110.txt""
positive_force_samples=87
contact_span_s=0.00195011337868
maximum_force_N=58.1965330473
force_impulse_Ns=0.0216827345015
initial_hammer_energy_J=0.0636879815204
maximum_mechanical_energy_J=0.0682754220102
maximum_mechanical_energy_ratio=1.07202992433
string_energy_at_release_J=0.0520968835987
string_energy_at_release_ratio=0.818001801203
final_hammer_energy_J=0.0161746131821
final_string_energy_J=0.0482831542536
rebound_velocity_m_s=1.46854182472
physical_f0_hz=261.626
configured_f0_hz=261.626
f0_relative_error=0
integer_spatial_port_pass=1
strike_reset_position_error_m=0",,3096.9491323176976,181,lhs_0144,0.006568572582449031,,,,,,,,,,0.8914643364268039,1.9195974296140978,,,space_filling,FAIL,0.00030391784553979726,759.8353780177331,0.8472896007196071
0.8458784376777696,"delay: 84.2806, f0: 261.626, z: 2.3808
status=FAIL
velocity_m_s=1.92379721207
hardness_N_per_mm_p=4429.28721175
p=3.39619281469
epsilon=0.845878437678
tau0_s=7.27228844477e-05
linear_density_kg_m=0.00641307505751
tension_N=741.8478291
force_log=""/var/folders/zh/nj8dx9w152qdp4y5nkg5xm540000gn/T/bbpiano-hammer-search-l_t2ayw2/force_95.txt""
positive_force_samples=96
contact_span_s=0.00215419501134
maximum_force_N=40.0138868233
force_impulse_Ns=0.016208316707
initial_hammer_energy_J=0.0277574678488
maximum_mechanical_energy_J=0.0290333755362
maximum_mechanical_energy_ratio=1.04596628534
string_energy_at_release_J=0.0236970318775
string_energy_at_release_ratio=0.853717349383
final_hammer_energy_J=0.00533293770467
final_string_energy_J=0.0219820387357
rebound_velocity_m_s=0.84324276494
physical_f0_hz=261.626
configured_f0_hz=261.626
f0_relative_error=0
integer_spatial_port_pass=1
strike_reset_position_error_m=0",,4429.287211750384,182,lhs_0145,0.0064130750575062045,,,,,,,,,,1.1737410295648814,3.3961928146877716,,,space_filling,FAIL,7.272288444773417e-05,741.8478291001109,1.1155786357920163
0.22537131736425742,,False,136.3202528536352,183,lhs_0146,0.006390648995610159,1.0,2.2681244316136144,13.7149027122901,5.668934240362814,5.963718820861679,0.040641948765046135,0.39923954372623527,-1.27036893364,0.6645569620253153,1.439115964929337,2.641973714381611,6.784842429730037,3.7802210986851366,space_filling,PASS,6.088444755337413e-05,739.2536406361269,1.3678034459590611
0.354429368496491,"delay: 84.2806, f0: 261.626, z: 2.3808
status=FAIL
velocity_m_s=3.96283443374
hardness_N_per_mm_p=1059.00580817
p=1.68625830764
epsilon=0.354429368496
tau0_s=0.000850721786036
linear_density_kg_m=0.0061760520237
tension_N=714.429621533
force_log=""/var/folders/zh/nj8dx9w152qdp4y5nkg5xm540000gn/T/bbpiano-hammer-search-j5n6veiz/force_110.txt""
positive_force_samples=242
contact_span_s=0.00546485260771
maximum_force_N=66.2649770827
force_impulse_Ns=0.10842142423
initial_hammer_energy_J=0.117780425619
maximum_mechanical_energy_J=0.121204795612
maximum_mechanical_energy_ratio=1.02907418592
string_energy_at_release_J=0.0412103570541
string_energy_at_release_ratio=0.349891391863
final_hammer_energy_J=0.0799644467276
final_string_energy_J=0.0387026980535
rebound_velocity_m_s=-3.26526051493
physical_f0_hz=261.626
configured_f0_hz=261.626
f0_relative_error=0
integer_spatial_port_pass=1
strike_reset_position_error_m=0",,1059.0058081689722,184,lhs_0147,0.006176052023704558,,,,,,,,,,1.2123047055788132,1.6862583076416002,,,space_filling,FAIL,0.0008507217860362483,714.4296215326402,1.152231365819436
0.8052323949186541,,False,197.05264641281033,185,lhs_0148,0.005899584203836229,1.0,1.311721655984173,8.39022826252708,6.666666666666666,6.802721088435379,0.032121615591945485,0.3600000000000004,-1.02341932595,0.5625000000000009,1.118148473286569,2.046782967357001,7.383518809268851,5.090109302957751,space_filling,PASS,9.083984099020761e-05,682.4485437897089,1.062740857669749
0.05856123081734481,,False,2787.1406732325045,186,lhs_0149,0.0060992898344165705,1.0,1.8388645389241671,7.78256536372063,6.485260770975055,6.689342403628118,0.021785149765511547,0.6101694915254243,-0.70718986694,1.565217391304352,0.7451715267060036,3.2195905639809475,7.764761337287871,4.952565283057752,space_filling,PASS,0.0001161308394268256,705.5499712915889,0.7082460391641149
0.3787368838133013,"delay: 84.2806, f0: 261.626, z: 2.3808
status=FAIL
velocity_m_s=0.75769798233
hardness_N_per_mm_p=13613.1521188
p=2.2312727593
epsilon=0.378736883813
tau0_s=0.000145004588269
linear_density_kg_m=0.00596749384927
tension_N=690.304154802
force_log=""/var/folders/zh/nj8dx9w152qdp4y5nkg5xm540000gn/T/bbpiano-hammer-search-wh7irl_a/force_65.txt""
positive_force_samples=92
contact_span_s=0.00206349206349
maximum_force_N=15.4007559864
force_impulse_Ns=0.00598401747994
initial_hammer_energy_J=0.0043057967432
maximum_mechanical_energy_J=0.00485679941589
maximum_mechanical_energy_ratio=1.12796764584
string_energy_at_release_J=0.00389095881024
string_energy_at_release_ratio=0.903655941583
final_hammer_energy_J=0.000965334279098
final_string_energy_J=0.00360760612252
rebound_velocity_m_s=0.358763483667
physical_f0_hz=261.626
configured_f0_hz=261.626
f0_relative_error=2.17269762412e-16
integer_spatial_port_pass=1
strike_reset_position_error_m=0",,13613.152118751164,187,lhs_0150,0.005967493849273324,,,,,,,,,,1.1136225821245063,2.2312727593048916,,,space_filling,FAIL,0.00014500458826934058,690.3041548016994,1.0584392380099261
0.7205314841426407,"delay: 84.2806, f0: 261.626, z: 2.3808
status=FAIL
velocity_m_s=4.35951969105
hardness_N_per_mm_p=736.715568733
p=2.29525774168
epsilon=0.720531484143
tau0_s=0.00024565573683
linear_density_kg_m=0.00669866699241
tension_N=774.884360719
force_log=""/var/folders/zh/nj8dx9w152qdp4y5nkg5xm540000gn/T/bbpiano-hammer-search-modj5ihe/force_110.txt""
positive_force_samples=187
contact_span_s=0.00421768707483
maximum_force_N=69.8307923204
force_impulse_Ns=0.10379185244
initial_hammer_energy_J=0.142540589525
maximum_mechanical_energy_J=0.149163666689
maximum_mechanical_energy_ratio=1.04646449959
string_energy_at_release_J=0.100006774267
string_energy_at_release_ratio=0.70160208121
final_hammer_energy_J=0.0491495861389
final_string_energy_J=0.0935508458559
rebound_velocity_m_s=-2.55993713826
physical_f0_hz=261.626
configured_f0_hz=261.626
f0_relative_error=0
integer_spatial_port_pass=1
strike_reset_position_error_m=0",,736.715568733429,188,lhs_0151,0.006698666992405657,,,,,,,,,,1.3336580984879,2.2952577416830326,,,space_filling,FAIL,0.00024565573683035184,774.884360719319,1.267571333580841
0.05288788054328569,,False,2209.711935572576,189,lhs_0152,0.006754793575115329,1.0,1.4633710107735185,11.2251299846476,5.306122448979597,5.555555555555559,0.02708972378447412,0.7183673469387749,-0.838926169785,2.550724637681152,0.967092368851187,2.814989760348287,5.272620458713794,3.891103856946929,space_filling,PASS,0.00041996178684767024,781.3769377068975,0.9191700369610702
0.4174295869551792,,False,385.19979572180324,190,lhs_0153,0.005930018707421027,1.0,1.0738060571903403,13.7080331737259,6.507936507936505,6.666666666666669,0.043438454911800026,0.6156462585034017,-1.40556302682,1.6017699115044268,1.4904393430581757,2.916501835376887,6.599490788849258,4.298530520315035,space_filling,PASS,0.0001758035567599429,685.9691279418771,1.4165835965331897
0.811771366344723,"delay: 84.2806, f0: 261.626, z: 2.3808
status=FAIL
velocity_m_s=0.670020727191
hardness_N_per_mm_p=37873.7043464
p=3.43986212479
epsilon=0.811771366345
tau0_s=6.77920845782e-05
linear_density_kg_m=0.00651236644576
tension_N=753.333598433
force_log=""/var/folders/zh/nj8dx9w152qdp4y5nkg5xm540000gn/T/bbpiano-hammer-search-ntmxtmv_/force_50.txt""
positive_force_samples=105
contact_span_s=0.00235827664399
maximum_force_N=15.6871562699
force_impulse_Ns=0.00687412239219
initial_hammer_energy_J=0.00336695831149
maximum_mechanical_energy_J=0.00362390726492
maximum_mechanical_energy_ratio=1.07631486038
string_energy_at_release_J=0.00328725628734
string_energy_at_release_ratio=0.976328182062
final_hammer_energy_J=0.00033627244957
final_string_energy_J=0.00305213886436
rebound_velocity_m_s=0.211745901045
physical_f0_hz=261.626
configured_f0_hz=261.626
f0_relative_error=2.17269762412e-16
integer_spatial_port_pass=1
strike_reset_position_error_m=0",,37873.70434644837,191,lhs_0154,0.006512366445759718,,,,,,,,,,1.3501702165564327,3.4398621247902703,,,space_filling,FAIL,6.779208457817041e-05,753.3335984328728,1.2832652265989277
0.1592004985418375,"delay: 84.2806, f0: 261.626, z: 2.3808
status=FAIL
velocity_m_s=3.92769395982
hardness_N_per_mm_p=1812.02609709
p=1.82893288588
epsilon=0.159200498542
tau0_s=9.34665674911e-05
linear_density_kg_m=0.00631231859853
tension_N=730.1925842
force_log=""/var/folders/zh/nj8dx9w152qdp4y5nkg5xm540000gn/T/bbpiano-hammer-search-bpe4gx73/force_110.txt""
positive_force_samples=93
contact_span_s=0.00208616780045
maximum_force_N=88.4062660974
force_impulse_Ns=0.033973498934
initial_hammer_energy_J=0.115700848815
maximum_mechanical_energy_J=0.132322509877
maximum_mechanical_energy_ratio=1.14366066656
string_energy_at_release_J=0.111572037144
string_energy_at_release_ratio=0.964314767671
final_hammer_energy_J=0.0207366299187
final_string_energy_J=0.103468640115
rebound_velocity_m_s=1.66279403089
physical_f0_hz=261.626
configured_f0_hz=261.626
f0_relative_error=0
integer_spatial_port_pass=1
strike_reset_position_error_m=0",,1812.026097094126,192,lhs_0155,0.006312318598531493,,,,,,,,,,1.201554581495062,1.8289328858807956,,,space_filling,FAIL,9.346656749111893e-05,730.1925841999725,1.1420139426759408
0.7709971787469023,"delay: 84.2806, f0: 261.626, z: 2.3808
status=FAIL
velocity_m_s=4.73897971406
hardness_N_per_mm_p=601.127205516
p=2.05730127779
epsilon=0.770997178747
tau0_s=8.80373662362e-05
linear_density_kg_m=0.00677726753794
tension_N=783.976667225
force_log=""/var/folders/zh/nj8dx9w152qdp4y5nkg5xm540000gn/T/bbpiano-hammer-search-nwxi6rwg/force_110.txt""
positive_force_samples=113
contact_span_s=0.00253968253968
maximum_force_N=88.2496083257
force_impulse_Ns=0.0600028370596
initial_hammer_energy_J=0.168434465477
maximum_mechanical_energy_J=0.173811656832
maximum_mechanical_energy_ratio=1.03192453124
string_energy_at_release_J=0.16970537969
string_energy_at_release_ratio=1.00754545223
final_hammer_energy_J=0.00409358637219
final_string_energy_J=0.157717701347
rebound_velocity_m_s=0.738790576748
physical_f0_hz=261.626
configured_f0_hz=261.626
f0_relative_error=0
integer_spatial_port_pass=1
strike_reset_position_error_m=0",,601.1272055157892,193,lhs_0156,0.0067772675379378245,,,,,,,,,,1.4497419720808382,2.057301277793988,,,space_filling,FAIL,8.803736623618733e-05,783.9766672253647,1.3779029025371297
0.6187267885464527,,False,169.691180365647,194,lhs_0157,0.006283546345961846,1.0,1.130007903529552,10.5737343739904,5.6009070294784635,5.850340136054419,0.031067833683328605,0.4069767441860463,-0.932278005446,0.686274509803921,1.138920275160533,2.9838505153447805,3.5745010154767987,2.447157080660191,space_filling,PASS,0.0011347687718042162,726.8642849183151,1.082483354365199
0.815873877235079,,False,236.72598198743353,195,lhs_0158,0.0060548414253024105,1.0,0.5925400873549502,10.2514510468893,6.417233560090705,6.553287981859409,0.03247283531953374,0.6297577854671285,-1.01801253287,1.7009345794392554,1.1469165846714877,2.381250714120461,5.4608671736113195,3.267776385132366,space_filling,PASS,0.0004640008561499098,700.4082950266746,1.0900834227200633
0.6135697590976675,,False,278.22565194563157,196,lhs_0159,0.006793189198021983,1.0,2.5351834738513355,7.63132007167179,6.485260770975059,6.757369614512469,0.024784634088100423,0.3724832214765103,-0.784237228025,0.5935828877005354,0.868119254596208,3.3864054021778562,10.098816600224751,5.898385588137667,space_filling,PASS,0.00018368623623134196,785.8184434190299,0.8251013378191582
0.46053821343935114,,False,265.3225477370239,197,lhs_0160,0.006688057194472294,1.0,1.5616675102829847,10.7081794392238,5.600907029478455,5.850340136054419,0.03230852981605743,0.4069767441860463,-1.01278520702,0.686274509803921,1.1411687479402421,2.5466133705095824,7.820832210897925,4.898991898264465,space_filling,PASS,7.664902419062761e-05,773.6570469122174,1.0846204085645683
0.17363189149819352,"delay: 84.2806, f0: 261.626, z: 2.3808
status=FAIL
velocity_m_s=0.676402211247
hardness_N_per_mm_p=34481.2782248
p=1.98184629644
epsilon=0.173631891498
tau0_s=0.000298106007941
linear_density_kg_m=0.00670623137892
tension_N=775.759389261
force_log=""/var/folders/zh/nj8dx9w152qdp4y5nkg5xm540000gn/T/bbpiano-hammer-search-l_dybgzb/force_50.txt""
positive_force_samples=1
contact_span_s=0
maximum_force_N=8.69452013389
force_impulse_Ns=0.000197154651562
initial_hammer_energy_J=0.00343139963534
maximum_mechanical_energy_J=0.00356896023655
maximum_mechanical_energy_ratio=1.04008877305
string_energy_at_release_J=0.000269620778263
string_energy_at_release_ratio=0.0785745779903
final_hammer_energy_J=0.00329933945829
final_string_energy_J=0.000247857993863
rebound_velocity_m_s=0.663258567809
physical_f0_hz=261.626
configured_f0_hz=261.626
f0_relative_error=0
integer_spatial_port_pass=1
strike_reset_position_error_m=0",,34481.278224769056,198,lhs_0161,0.006706231378918319,,,,,,,,,,1.3630296541227898,1.9818462964410637,,,space_filling,FAIL,0.00029810600794120837,775.7593892606308,1.2954874404058758
0.41201769509575686,"delay: 84.2806, f0: 261.626, z: 2.3808
status=FAIL
velocity_m_s=2.76499451993
hardness_N_per_mm_p=6691.47118479
p=3.45298657569
epsilon=0.412017695096
tau0_s=0.000123115644998
linear_density_kg_m=0.00664127559239
tension_N=768.245472958
force_log=""/var/folders/zh/nj8dx9w152qdp4y5nkg5xm540000gn/T/bbpiano-hammer-search-fr2_94fq/force_110.txt""
positive_force_samples=101
contact_span_s=0.00226757369615
maximum_force_N=59.4924270539
force_impulse_Ns=0.0284692104633
initial_hammer_energy_J=0.0573389602145
maximum_mechanical_energy_J=0.0639805606615
maximum_mechanical_energy_ratio=1.11583050028
string_energy_at_release_J=0.0583358532204
string_energy_at_release_ratio=1.01738596239
final_hammer_energy_J=0.00563828077673
final_string_energy_J=0.0541485044032
rebound_velocity_m_s=0.867047155713
physical_f0_hz=261.626
configured_f0_hz=261.626
f0_relative_error=2.17269762412e-16
integer_spatial_port_pass=1
strike_reset_position_error_m=0",,6691.471184785547,199,lhs_0162,0.006641275592387112,,,,,,,,,,0.8458632131786123,3.4529865756895237,,,space_filling,FAIL,0.00012311564499818095,768.2454729578324,0.8039481501079165
0.6646204291765296,,False,830.7409776265299,200,lhs_0163,0.006443889375270448,1.0,1.1735233083420034,12.5623153159536,5.374149659863947,5.555555555555559,0.03257546897868377,0.722448979591836,-0.98053923652,2.6029411764705777,1.1912403494912267,2.7209656594069886,5.160585973607345,3.4464804484437694,space_filling,PASS,0.0009447519422920803,745.4123491678822,1.1322108118504415
0.3912194572159813,,False,109.76448589236432,201,lhs_0164,0.00640994347105275,1.0,4.5644666000783705,8.59093025935912,6.734693877551018,7.23356009070295,0.027895372762641552,0.3730407523510971,-0.893541403491,0.5949999999999999,0.9661529182965058,3.2466719666955006,13.658480067151704,7.556383890051875,space_filling,PASS,5.583186541524138e-05,741.48557533085,0.9182771390033548
0.6535802352454817,,False,158.03796225582482,202,lhs_0165,0.006785763757296279,1.0,0.7513638065449835,12.4536966510822,5.578231292517007,5.736961451247169,0.03720292790168621,0.39130434782608586,-1.13610839871,0.64285714285714,1.344200256535042,2.1459233579559287,4.758781202637733,2.932285791321395,space_filling,PASS,0.00028572114681173905,784.9594877646706,1.2775910960295425
0.4633322879860496,,False,163.16190011813845,203,lhs_0166,0.006633036749863892,1.0,1.5555339163995638,13.139266633452,5.442176870748295,5.646258503401359,0.036343264177913316,0.40963855421686785,-1.11359612752,0.6938775510204093,1.3093157835310631,2.519215267444495,4.860789643861691,3.217683572705102,space_filling,PASS,0.001898138917170312,767.2924251008616,1.2444352534511087
0.05676765713895191,"delay: 84.2806, f0: 261.626, z: 2.3808
status=FAIL
velocity_m_s=3.84546806217
hardness_N_per_mm_p=3684.23581567
p=3.15951815727
epsilon=0.056767657139
tau0_s=0.000745744786937
linear_density_kg_m=0.00593328766555
tension_N=686.34727251
force_log=""/var/folders/zh/nj8dx9w152qdp4y5nkg5xm540000gn/T/bbpiano-hammer-search-9kyf0t1n/force_110.txt""
positive_force_samples=250
contact_span_s=0.0056462585034
maximum_force_N=90.9329869272
force_impulse_Ns=0.104994389553
initial_hammer_energy_J=0.110907184629
maximum_mechanical_energy_J=0.154429736596
maximum_mechanical_energy_ratio=1.39242319704
string_energy_at_release_J=0.0796494142117
string_energy_at_release_ratio=0.718162799626
final_hammer_energy_J=0.0746153408152
final_string_energy_J=0.074906026769
rebound_velocity_m_s=-3.15415790801
physical_f0_hz=261.626
configured_f0_hz=261.626
f0_relative_error=0
integer_spatial_port_pass=1
strike_reset_position_error_m=0",,3684.235815665427,204,lhs_0167,0.005933287665554725,,,,,,,,,,1.176400151173461,3.1595181572687103,,,space_filling,FAIL,0.0007457447869370249,686.3472725095232,1.1181059899372523
0.8718148437394609,"delay: 84.2806, f0: 261.626, z: 2.3808
status=FAIL
velocity_m_s=1.55795066682
hardness_N_per_mm_p=5693.76862497
p=3.28587501816
epsilon=0.871814843739
tau0_s=5.07502726936e-05
linear_density_kg_m=0.0060946338119
tension_N=705.011374727
force_log=""/var/folders/zh/nj8dx9w152qdp4y5nkg5xm540000gn/T/bbpiano-hammer-search-skusq7wa/force_80.txt""
positive_force_samples=96
contact_span_s=0.00215419501134
maximum_force_N=38.5807964334
force_impulse_Ns=0.0126128049073
initial_hammer_energy_J=0.0182040771018
maximum_mechanical_energy_J=0.0204232326085
maximum_mechanical_energy_ratio=1.12190431266
string_energy_at_release_J=0.0165645110793
string_energy_at_release_ratio=0.909934131057
final_hammer_energy_J=0.00385671087366
final_string_energy_J=0.0153643515694
rebound_velocity_m_s=0.71709700633
physical_f0_hz=261.626
configured_f0_hz=261.626
f0_relative_error=0
integer_spatial_port_pass=1
strike_reset_position_error_m=0",,5693.768624969837,205,lhs_0168,0.0060946338119033305,,,,,,,,,,1.55795066681771,3.2858750181634475,,,space_filling,FAIL,5.075027269359445e-05,705.0113747271147,1.480749531405633
0.7146640281116979,"delay: 84.2806, f0: 261.626, z: 2.3808
status=FAIL
velocity_m_s=0.758416518757
hardness_N_per_mm_p=25828.8062612
p=3.44014202659
epsilon=0.714664028112
tau0_s=0.000178892122748
linear_density_kg_m=0.00601022559356
tension_N=695.247251748
force_log=""/var/folders/zh/nj8dx9w152qdp4y5nkg5xm540000gn/T/bbpiano-hammer-search-xdouwpp_/force_50.txt""
positive_force_samples=199
contact_span_s=0.00448979591837
maximum_force_N=9.68260605708
force_impulse_Ns=0.01824379836
initial_hammer_energy_J=0.00431396711943
maximum_mechanical_energy_J=0.00439323030037
maximum_mechanical_energy_ratio=1.01837361731
string_energy_at_release_J=0.00282095617821
string_energy_at_release_ratio=0.653912303946
final_hammer_energy_J=0.00157210836502
final_string_energy_J=0.00264305121145
rebound_velocity_m_s=-0.457836705244
physical_f0_hz=261.626
configured_f0_hz=261.626
f0_relative_error=0
integer_spatial_port_pass=1
strike_reset_position_error_m=0",,25828.806261190526,206,lhs_0169,0.006010225593564874,,,,,,,,,,1.5282980866327132,3.4401420265907263,,,space_filling,FAIL,0.00017889212274754574,695.2472517484975,1.452566325641108
0.657399007186541,,False,475.86895935643656,207,lhs_0170,0.006183156162509008,1.0,0.777589470082938,8.06163179113093,5.578231292517003,5.804988662131519,0.02311368880909727,0.7265624999999994,-0.690665188326,2.6571428571428504,0.8502916708990205,3.0187655755976848,4.079696438776824,2.646956373082539,space_filling,PASS,0.0011796961018253349,715.2514098171137,0.8081571644457957
0.547555455756687,"delay: 84.2806, f0: 261.626, z: 2.3808
status=FAIL
velocity_m_s=0.696340580233
hardness_N_per_mm_p=2493.84013843
p=1.53450819906
epsilon=0.547555455757
tau0_s=0.00199709912177
linear_density_kg_m=0.00585423414935
tension_N=677.202567535
force_log=""/var/folders/zh/nj8dx9w152qdp4y5nkg5xm540000gn/T/bbpiano-hammer-search-2tt96rrf/force_50.txt""
positive_force_samples=171
contact_span_s=0.00385487528345
maximum_force_N=15.0152233901
force_impulse_Ns=0.013673089699
initial_hammer_energy_J=0.0036366765276
maximum_mechanical_energy_J=0.00495303562046
maximum_mechanical_energy_ratio=1.361967605
string_energy_at_release_J=0.00460566017108
string_energy_at_release_ratio=1.26644757545
final_hammer_energy_J=0.000347328710249
final_string_energy_J=0.00429780695743
rebound_velocity_m_s=-0.215198733035
physical_f0_hz=261.626
configured_f0_hz=261.626
f0_relative_error=0
integer_spatial_port_pass=1
strike_reset_position_error_m=0",,2493.840138434319,208,lhs_0171,0.005854234149348748,,,,,,,,,,1.403207802171058,1.534508199063091,,,space_filling,FAIL,0.001997099121770228,677.2025675350363,1.3336746405286768
0.7267838321142636,"delay: 84.2806, f0: 261.626, z: 2.3808
status=FAIL
velocity_m_s=0.550660602233
hardness_N_per_mm_p=15409.1410299
p=1.85429343844
epsilon=0.726783832114
tau0_s=0.000453866964422
linear_density_kg_m=0.00610968730734
tension_N=706.752723894
force_log=""/var/folders/zh/nj8dx9w152qdp4y5nkg5xm540000gn/T/bbpiano-hammer-search-ia1l699u/force_50.txt""
positive_force_samples=13
contact_span_s=0.000272108843537
maximum_force_N=4.46893908403
force_impulse_Ns=0.000686735666187
initial_hammer_energy_J=0.00227420324139
maximum_mechanical_energy_J=0.00233938586045
maximum_mechanical_energy_ratio=1.0286617387
string_energy_at_release_J=0.000427562712181
string_energy_at_release_ratio=0.188005497662
final_hammer_energy_J=0.00191176516171
final_string_energy_J=0.000393801764158
rebound_velocity_m_s=0.504878224487
physical_f0_hz=261.626
configured_f0_hz=261.626
f0_relative_error=0
integer_spatial_port_pass=1
strike_reset_position_error_m=0",,15409.141029939346,209,lhs_0172,0.006109687307340049,,,,,,,,,,1.1096455891500054,1.8542934384412346,,,space_filling,FAIL,0.00045386696442229683,706.7527238942396,1.0546593169836562
0.3433277916469381,,False,231.33202734800344,210,lhs_0173,0.00614340354723302,1.0,2.7801625853353977,9.31974524503424,6.5986394557823145,6.78004535147392,0.03010532682895093,0.3411371237458198,-0.969582320637,0.5177664974619299,1.037469256122131,2.4350784423458784,7.877468234716696,4.723741180209836,space_filling,PASS,0.00016996954371130315,710.652930760015,0.9860595380651708
0.3896559582946268,"delay: 84.2806, f0: 261.626, z: 2.3808
status=FAIL
velocity_m_s=2.7121685214
hardness_N_per_mm_p=12840.2969083
p=3.29285812218
epsilon=0.389655958295
tau0_s=0.00023328377376
linear_density_kg_m=0.00621722101405
tension_N=719.19194317
force_log=""/var/folders/zh/nj8dx9w152qdp4y5nkg5xm540000gn/T/bbpiano-hammer-search-wudk3upc/force_110.txt""
positive_force_samples=93
contact_span_s=0.00208616780045
maximum_force_N=57.8421277672
force_impulse_Ns=0.0225130017141
initial_hammer_energy_J=0.0551689356637
maximum_mechanical_energy_J=0.0603946092957
maximum_mechanical_energy_ratio=1.09472130591
string_energy_at_release_J=0.0493792147245
string_energy_at_release_ratio=0.89505469211
final_hammer_energy_J=0.0110043892984
final_string_energy_J=0.0457916345217
rebound_velocity_m_s=1.21130174047
physical_f0_hz=261.626
configured_f0_hz=261.626
f0_relative_error=0
integer_spatial_port_pass=1
strike_reset_position_error_m=0",,12840.296908325938,211,lhs_0174,0.006217221014046204,,,,,,,,,,0.8297027584168254,3.292858122178205,,,space_filling,FAIL,0.00023328377375974961,719.1919431704396,0.7885884944233776
0.6607587595157148,"delay: 84.2806, f0: 261.626, z: 2.3808
status=FAIL
velocity_m_s=1.00359471228
hardness_N_per_mm_p=3509.06675279
p=2.0647065545
epsilon=0.660758759516
tau0_s=0.000193258906054
linear_density_kg_m=0.00576584064211
tension_N=666.97743671
force_log=""/var/folders/zh/nj8dx9w152qdp4y5nkg5xm540000gn/T/bbpiano-hammer-search-v4dvc9sg/force_80.txt""
positive_force_samples=127
contact_span_s=0.00285714285714
maximum_force_N=12.6230931836
force_impulse_Ns=0.0136680460725
initial_hammer_energy_J=0.00755401759886
maximum_mechanical_energy_J=0.00780786853848
maximum_mechanical_energy_ratio=1.03360475883
string_energy_at_release_J=0.00774356038884
string_energy_at_release_ratio=1.02509165322
final_hammer_energy_J=6.40216146433e-05
final_string_energy_J=0.00720720152344
rebound_velocity_m_s=0.0923916407787
physical_f0_hz=261.626
configured_f0_hz=261.626
f0_relative_error=0
integer_spatial_port_pass=1
strike_reset_position_error_m=0",,3509.066752791572,212,lhs_0175,0.005765840642110048,,,,,,,,,,1.003594712278909,2.0647065545049594,,,space_filling,FAIL,0.00019325890605362286,666.9774367103437,0.9538635796238888
0.5156971225672224,"delay: 84.2806, f0: 261.626, z: 2.3808
status=FAIL
velocity_m_s=0.519175073201
hardness_N_per_mm_p=36862.9780533
p=1.90571666413
epsilon=0.515697122567
tau0_s=0.000702757035608
linear_density_kg_m=0.00660278658466
tension_N=763.793164733
force_log=""/var/folders/zh/nj8dx9w152qdp4y5nkg5xm540000gn/T/bbpiano-hammer-search-1sdtmswg/force_50.txt""
positive_force_samples=1
contact_span_s=0
maximum_force_N=7.70257028761
force_impulse_Ns=0.000174661457769
initial_hammer_energy_J=0.00202157067475
maximum_mechanical_energy_J=0.00214683165341
maximum_mechanical_energy_ratio=1.06196220603
string_energy_at_release_J=0.00021492396629
string_energy_at_release_ratio=0.106315336374
final_hammer_energy_J=0.00193190768712
final_string_energy_J=0.000197576089739
rebound_velocity_m_s=0.507530976017
physical_f0_hz=261.626
configured_f0_hz=261.626
f0_relative_error=0
integer_spatial_port_pass=1
strike_reset_position_error_m=0",,36862.97805331668,213,lhs_0176,0.006602786584661653,,,,,,,,,,1.046198561578356,1.9057166641325392,,,space_filling,FAIL,0.0007027570356082036,763.7931647329458,0.994356280214397
0.45247288323218715,"delay: 84.2806, f0: 261.626, z: 2.3808
status=FAIL
velocity_m_s=0.607455375631
hardness_N_per_mm_p=38850.2826776
p=2.48742536808
epsilon=0.452472883232
tau0_s=7.1248625519e-05
linear_density_kg_m=0.00614813174086
tension_N=711.199875892
force_log=""/var/folders/zh/nj8dx9w152qdp4y5nkg5xm540000gn/T/bbpiano-hammer-search-4eht8xay/force_50.txt""
positive_force_samples=90
contact_span_s=0.00201814058957
maximum_force_N=14.7697824676
force_impulse_Ns=0.00464260457732
initial_hammer_energy_J=0.00276751525037
maximum_mechanical_energy_J=0.0031969709135
maximum_mechanical_energy_ratio=1.15517734295
string_energy_at_release_J=0.00253101088556
string_energy_at_release_ratio=0.914542705853
final_hammer_energy_J=0.000665799384996
final_string_energy_J=0.00234619895636
rebound_velocity_m_s=0.29794840381
physical_f0_hz=261.626
configured_f0_hz=261.626
f0_relative_error=0
integer_spatial_port_pass=1
strike_reset_position_error_m=0",,38850.28267758917,214,lhs_0177,0.0061481317408645635,,,,,,,,,,1.2240937075226244,2.4874253680779015,,,space_filling,FAIL,7.1248625518968e-05,711.1998758915896,1.163436187304378
0.3000930822335501,"delay: 84.2806, f0: 261.626, z: 2.3808
status=FAIL
velocity_m_s=3.69004048374
hardness_N_per_mm_p=5539.1350194
p=2.68330291938
epsilon=0.300093082234
tau0_s=0.000203643379914
linear_density_kg_m=0.0066311942291
tension_N=767.079287095
force_log=""/var/folders/zh/nj8dx9w152qdp4y5nkg5xm540000gn/T/bbpiano-hammer-search-wi9trfxo/force_110.txt""
positive_force_samples=86
contact_span_s=0.00192743764172
maximum_force_N=81.0327814071
force_impulse_Ns=0.0263807236368
initial_hammer_energy_J=0.102122990787
maximum_mechanical_energy_J=0.107615872597
maximum_mechanical_energy_ratio=1.0537869266
string_energy_at_release_J=0.0796342724518
string_energy_at_release_ratio=0.779787899257
final_hammer_energy_J=0.0279751385638
final_string_energy_J=0.0737989574481
rebound_velocity_m_s=1.93132557462
physical_f0_hz=261.626
configured_f0_hz=261.626
f0_relative_error=0
integer_spatial_port_pass=1
strike_reset_position_error_m=0",,5539.135019396093,215,lhs_0178,0.006631194229096252,,,,,,,,,,1.1288519661911354,2.6833029193844222,,,space_filling,FAIL,0.00020364337991397613,767.079287094634,1.0729139603490618
0.3945544477066646,"delay: 84.2806, f0: 261.626, z: 2.3808
status=FAIL
velocity_m_s=1.54114413089
hardness_N_per_mm_p=20443.6295728
p=2.99583144707
epsilon=0.394554447707
tau0_s=9.58791317739e-05
linear_density_kg_m=0.006643794477
tension_N=768.536850973
force_log=""/var/folders/zh/nj8dx9w152qdp4y5nkg5xm540000gn/T/bbpiano-hammer-search-ywtqkmuj/force_80.txt""
positive_force_samples=91
contact_span_s=0.00204081632653
maximum_force_N=32.6928970105
force_impulse_Ns=0.0125850849361
initial_hammer_energy_J=0.0178134392414
maximum_mechanical_energy_J=0.0193179921181
maximum_mechanical_energy_ratio=1.0844616728
string_energy_at_release_J=0.0156194066277
string_energy_at_release_ratio=0.876832733756
final_hammer_energy_J=0.00369748821697
final_string_energy_J=0.0144799064568
rebound_velocity_m_s=0.702138468487
physical_f0_hz=261.626
configured_f0_hz=261.626
f0_relative_error=0
integer_spatial_port_pass=1
strike_reset_position_error_m=0",,20443.629572832277,216,lhs_0179,0.006643794476998268,,,,,,,,,,1.5411441308947134,2.9958314470737077,,,space_filling,FAIL,9.587913177389634e-05,768.5368509728694,1.4647758098221617
0.5401920690028835,,False,500.43365635414324,217,lhs_0180,0.0060651539225586625,1.0,1.0046437393368377,12.7107869909396,5.532879818594107,5.736961451247169,0.03412044859274196,0.7075098814229236,-1.02421599207,2.418918918918904,1.2505430217331042,2.590963952403947,4.546579987149076,3.340068531207686,space_filling,PASS,0.0009053450982875032,701.6012178653365,1.1885748585455969
0.7908093350256422,"delay: 84.2806, f0: 261.626, z: 2.3808
status=FAIL
velocity_m_s=3.07827049632
hardness_N_per_mm_p=1295.86303732
p=2.11336627309
epsilon=0.790809335026
tau0_s=8.62249972827e-05
linear_density_kg_m=0.00595967965319
tension_N=689.400228939
force_log=""/var/folders/zh/nj8dx9w152qdp4y5nkg5xm540000gn/T/bbpiano-hammer-search-yd1xpv9p/force_110.txt""
positive_force_samples=92
contact_span_s=0.00206349206349
maximum_force_N=51.2169424
force_impulse_Ns=0.0234432623833
initial_hammer_energy_J=0.0710681193638
maximum_mechanical_energy_J=0.0723588785936
maximum_mechanical_energy_ratio=1.01816228207
string_energy_at_release_J=0.0551288330141
string_energy_at_release_ratio=0.775718191329
final_hammer_energy_J=0.0172229681376
final_string_energy_J=0.0511190450957
rebound_velocity_m_s=1.51538633743
physical_f0_hz=261.626
configured_f0_hz=261.626
f0_relative_error=0
integer_spatial_port_pass=1
strike_reset_position_error_m=0",,1295.8630373169376,218,lhs_0181,0.0059596796531895,,,,,,,,,,0.9417001568279021,2.113366273088406,,,space_filling,FAIL,8.622499728267842e-05,689.4002289394622,0.8950360853182798
0.11984295186212685,,False,146.92120228952604,219,lhs_0182,0.00626988150251789,1.0,1.177644822701893,11.8866581839032,5.510204081632649,5.668934240362809,0.03312854758072028,0.7200000000000012,-1.02032423314,2.5714285714285863,1.188726723344588,1.515631413851253,4.550443770501303,3.225909591870605,space_filling,PASS,0.0002718652280030159,725.283571398983,1.1298217434299587
0.340878175045511,,False,180.8759739533381,220,lhs_0183,0.0060190683452275556,1.0,0.8242856107569092,8.43749741189476,5.714285714285718,5.82766439909297,0.026298840845172648,0.3852140077821004,-0.808652339676,0.6265822784810108,0.9448050315023543,1.714066757140878,7.735154876365445,3.6405615229453487,space_filling,PASS,0.00012202033776762149,696.2701582427158,0.897987104125993
0.15531310994348685,"delay: 84.2806, f0: 261.626, z: 2.3808
status=FAIL
velocity_m_s=2.96848159924
hardness_N_per_mm_p=4976.39037278
p=2.35878882348
epsilon=0.155313109943
tau0_s=0.000417772396496
linear_density_kg_m=0.00632243460191
tension_N=731.362777138
force_log=""/var/folders/zh/nj8dx9w152qdp4y5nkg5xm540000gn/T/bbpiano-hammer-search-ie3kx16i/force_110.txt""
positive_force_samples=90
contact_span_s=0.00201814058957
maximum_force_N=66.1845848919
force_impulse_Ns=0.0234866062833
initial_hammer_energy_J=0.0660891225379
maximum_mechanical_energy_J=0.0781195926676
maximum_mechanical_energy_ratio=1.18203404233
string_energy_at_release_J=0.0633588113168
string_energy_at_release_ratio=0.958687434237
final_hammer_energy_J=0.0147569197808
final_string_energy_J=0.0587310308419
rebound_velocity_m_s=1.40270784702
physical_f0_hz=261.626
configured_f0_hz=261.626
f0_relative_error=0
integer_spatial_port_pass=1
strike_reset_position_error_m=0",,4976.390372784227,221,lhs_0184,0.006322434601907084,,,,,,,,,,0.9081136927021205,2.3587888234769743,,,space_filling,FAIL,0.00041777239649579346,731.3627771380027,0.863113931379087
0.5348692189213866,"delay: 84.2806, f0: 261.626, z: 2.3808
status=FAIL
velocity_m_s=4.28915541535
hardness_N_per_mm_p=1382.57340216
p=2.12357947106
epsilon=0.534869218921
tau0_s=0.000943865171361
linear_density_kg_m=0.00577349340579
tension_N=667.862688493
force_log=""/var/folders/zh/nj8dx9w152qdp4y5nkg5xm540000gn/T/bbpiano-hammer-search-8ej4zks9/force_110.txt""
positive_force_samples=170
contact_span_s=0.00383219954649
maximum_force_N=80.1427970356
force_impulse_Ns=0.0817887587445
initial_hammer_energy_J=0.137976406327
maximum_mechanical_energy_J=0.245223925128
maximum_mechanical_energy_ratio=1.77728882536
string_energy_at_release_J=0.235071132627
string_energy_at_release_ratio=1.70370528472
final_hammer_energy_J=0.0101517440763
final_string_energy_J=0.21935142337
rebound_velocity_m_s=-1.16342850096
physical_f0_hz=261.626
configured_f0_hz=261.626
f0_relative_error=0
integer_spatial_port_pass=1
strike_reset_position_error_m=0",,1382.5734021585656,222,lhs_0185,0.005773493405792288,,,,,,,,,,1.3121323587774625,2.1235794710641587,,,space_filling,FAIL,0.0009438651713611073,667.8626884925822,1.2471122589334411
0.8032213011769196,"delay: 84.2806, f0: 261.626, z: 2.3808
status=FAIL
velocity_m_s=0.64490493322
hardness_N_per_mm_p=21641.3955776
p=2.36948648584
epsilon=0.803221301177
tau0_s=0.000102617133256
linear_density_kg_m=0.00577016974483
tension_N=667.478216044
force_log=""/var/folders/zh/nj8dx9w152qdp4y5nkg5xm540000gn/T/bbpiano-hammer-search-hqofrcun/force_50.txt""
positive_force_samples=42
contact_span_s=0.00092970521542
maximum_force_N=4.79298974125
force_impulse_Ns=0.00209859157287
initial_hammer_energy_J=0.00311926779668
maximum_mechanical_energy_J=0.0031243155502
maximum_mechanical_energy_ratio=1.00161824949
string_energy_at_release_J=0.00121154846814
string_energy_at_release_ratio=0.388407968506
final_hammer_energy_J=0.00191267862485
final_string_energy_J=0.00111866287021
rebound_velocity_m_s=0.504998828362
physical_f0_hz=261.626
configured_f0_hz=261.626
f0_relative_error=0
integer_spatial_port_pass=1
strike_reset_position_error_m=0",,21641.395577607378,223,lhs_0186,0.005770169744831713,,,,,,,,,,1.2995589509511234,2.3694864858377738,,,space_filling,FAIL,0.00010261713325640503,667.478216044317,1.235161901233699
0.7761067650698629,"delay: 84.2806, f0: 261.626, z: 2.3808
status=FAIL
velocity_m_s=0.528199246933
hardness_N_per_mm_p=17507.3348081
p=1.82175411289
epsilon=0.77610676507
tau0_s=0.000756552630631
linear_density_kg_m=0.00649063552055
tension_N=750.819821571
force_log=""/var/folders/zh/nj8dx9w152qdp4y5nkg5xm540000gn/T/bbpiano-hammer-search-9zwq6kwj/force_50.txt""
positive_force_samples=1
contact_span_s=0
maximum_force_N=5.46302032002
force_impulse_Ns=0.000123878011792
initial_hammer_energy_J=0.00209245833346
maximum_mechanical_energy_J=0.0021375189551
maximum_mechanical_energy_ratio=1.02153477607
string_energy_at_release_J=0.000109981368793
string_energy_at_release_ratio=0.052560840536
final_hammer_energy_J=0.00202753758631
final_string_energy_J=0.000101104107692
rebound_velocity_m_s=0.519940712814
physical_f0_hz=261.626
configured_f0_hz=261.626
f0_relative_error=0
integer_spatial_port_pass=1
strike_reset_position_error_m=0",,17507.334808050062,224,lhs_0187,0.0064906355205454295,,,,,,,,,,1.064383328269474,1.8217541128900794,,,space_filling,FAIL,0.0007565526306311005,750.8198215707592,1.0116399370914118
0.281870177889113,,False,158.3849104452996,225,lhs_0188,0.005753092237834646,1.0,1.3625776927997482,7.76026338822738,5.782312925170067,5.873015873015869,0.02308962425948515,0.7181467181467182,-0.698796941498,2.5479452054794516,0.8406424668782767,1.9519442981931752,5.690196566528676,3.2191813104716553,space_filling,PASS,0.0010340386445942564,665.5027344884933,0.7989861074691722
0.18337469814336899,"delay: 84.2806, f0: 261.626, z: 2.3808
status=FAIL
velocity_m_s=0.678317130336
hardness_N_per_mm_p=18238.4119389
p=2.2260751924
epsilon=0.183374698143
tau0_s=0.0015924856599
linear_density_kg_m=0.00574103668408
tension_N=664.108179412
force_log=""/var/folders/zh/nj8dx9w152qdp4y5nkg5xm540000gn/T/bbpiano-hammer-search-nev9ueio/force_50.txt""
positive_force_samples=170
contact_span_s=0.00383219954649
maximum_force_N=16.4668005843
force_impulse_Ns=0.0130146084038
initial_hammer_energy_J=0.00345085596981
maximum_mechanical_energy_J=0.00464499218543
maximum_mechanical_energy_ratio=1.34604058415
string_energy_at_release_J=0.00437611861581
string_energy_at_release_ratio=1.26812554743
final_hammer_energy_J=0.000268825208358
final_string_energy_J=0.00408480351626
rebound_velocity_m_s=-0.189323429914
physical_f0_hz=261.626
configured_f0_hz=261.626
f0_relative_error=0
integer_spatial_port_pass=1
strike_reset_position_error_m=0",,18238.411938939687,226,lhs_0189,0.005741036684084027,,,,,,,,,,1.3668884403026624,2.226075192402829,,,space_filling,FAIL,0.0015924856599008022,664.1081794118256,1.2991550121392685
0.4571264654257851,"delay: 84.2806, f0: 261.626, z: 2.3808
status=FAIL
velocity_m_s=0.412868521479
hardness_N_per_mm_p=31376.7370551
p=1.62736021415
epsilon=0.457126465426
tau0_s=0.000199260624086
linear_density_kg_m=0.00596371064413
tension_N=689.866523479
force_log=""/var/folders/zh/nj8dx9w152qdp4y5nkg5xm540000gn/T/bbpiano-hammer-search-2jjfoygh/force_50.txt""
positive_force_samples=1
contact_span_s=0
maximum_force_N=15.2856193299
force_impulse_Ns=0.000346612683217
initial_hammer_energy_J=0.00127845312021
maximum_mechanical_energy_J=0.00207646162289
maximum_mechanical_energy_ratio=1.62419848649
string_energy_at_release_J=0.00093710929032
string_energy_at_release_ratio=0.733002466422
final_hammer_energy_J=0.00113935233257
final_string_energy_J=0.00086146947008
rebound_velocity_m_s=0.389761009265
physical_f0_hz=261.626
configured_f0_hz=261.626
f0_relative_error=0
integer_spatial_port_pass=1
strike_reset_position_error_m=0",,31376.737055089026,227,lhs_0190,0.005963710644130076,,,,,,,,,,0.83197841265573,1.6273602141478272,,,space_filling,FAIL,0.00019926062408639372,689.8665234785989,0.7907513831589896
0.6684300778813036,,False,313.5256444977915,228,lhs_0191,0.006331032684545749,1.0,2.2001413303181234,9.81062947400991,6.507936507936513,6.734693877551019,0.03325452008118687,0.36026936026935963,-1.0618020661,0.5631578947368405,1.1551687585775152,3.258075706132298,8.491173820622786,4.556374007556685,space_filling,PASS,0.00013645878284572499,732.3573809564083,1.0979266766206424
0.5738809389143471,"delay: 84.2806, f0: 261.626, z: 2.3808
status=FAIL
velocity_m_s=0.759655246703
hardness_N_per_mm_p=3390.78563015
p=1.62235018118
epsilon=0.573880938914
tau0_s=0.000542079967466
linear_density_kg_m=0.00613476210431
tension_N=709.653311137
force_log=""/var/folders/zh/nj8dx9w152qdp4y5nkg5xm540000gn/T/bbpiano-hammer-search-j6o4uikg/force_50.txt""
positive_force_samples=89
contact_span_s=0.00199546485261
maximum_force_N=16.6353422459
force_impulse_Ns=0.00574655479834
initial_hammer_energy_J=0.00432807070383
maximum_mechanical_energy_J=0.00487579986702
maximum_mechanical_energy_ratio=1.12655273
string_energy_at_release_J=0.003812119726
string_energy_at_release_ratio=0.880789614327
final_hammer_energy_J=0.00106343326915
final_string_energy_J=0.00353356925717
rebound_velocity_m_s=0.376551593481
physical_f0_hz=261.626
configured_f0_hz=261.626
f0_relative_error=0
integer_spatial_port_pass=1
strike_reset_position_error_m=0",,3390.7856301451584,229,lhs_0192,0.006134762104308131,,,,,,,,,,1.5307942684846059,1.6223501811755423,,,space_filling,FAIL,0.0005420799674661255,709.653311136568,1.4549388141840498
0.17758972391857475,"delay: 84.2806, f0: 261.626, z: 2.3808
status=FAIL
velocity_m_s=0.917205963571
hardness_N_per_mm_p=24975.0624823
p=2.49933105771
epsilon=0.177589723919
tau0_s=0.000325379829162
linear_density_kg_m=0.00597375724124
tension_N=691.028687681
force_log=""/var/folders/zh/nj8dx9w152qdp4y5nkg5xm540000gn/T/bbpiano-hammer-search-7ni_cz_n/force_80.txt""
positive_force_samples=170
contact_span_s=0.00383219954649
maximum_force_N=24.1507947033
force_impulse_Ns=0.0179539419262
initial_hammer_energy_J=0.00630950084708
maximum_mechanical_energy_J=0.00996653311407
maximum_mechanical_energy_ratio=1.5796072234
string_energy_at_release_J=0.00937964398942
string_energy_at_release_ratio=1.48659049531
final_hammer_energy_J=0.000586839265743
final_string_energy_J=0.00875322731323
rebound_velocity_m_s=-0.279723498177
physical_f0_hz=261.626
configured_f0_hz=261.626
f0_relative_error=2.17269762412e-16
integer_spatial_port_pass=1
strike_reset_position_error_m=0",,24975.062482284764,230,lhs_0193,0.005973757241240611,,,,,,,,,,0.9172059635709727,2.49933105770501,,,space_filling,FAIL,0.00032537982916201427,691.0286876805554,0.8717556529144462
0.6917125578612858,"delay: 84.2806, f0: 261.626, z: 2.3808
status=FAIL
velocity_m_s=3.31715485701
hardness_N_per_mm_p=2827.18565926
p=3.48792556045
epsilon=0.691712557861
tau0_s=0.00029058922989
linear_density_kg_m=0.0064566767642
tension_N=746.891561034
force_log=""/var/folders/zh/nj8dx9w152qdp4y5nkg5xm540000gn/T/bbpiano-hammer-search-jsams58y/force_110.txt""
positive_force_samples=98
contact_span_s=0.00219954648526
maximum_force_N=85.4888628511
force_impulse_Ns=0.0311853849364
initial_hammer_energy_J=0.0825263725903
maximum_mechanical_energy_J=0.09682571425
maximum_mechanical_energy_ratio=1.17326996463
string_energy_at_release_J=0.0853178901654
string_energy_at_release_ratio=1.03382576366
final_hammer_energy_J=0.0114972292685
final_string_energy_J=0.0791587479501
rebound_velocity_m_s=1.23812919458
physical_f0_hz=261.626
configured_f0_hz=261.626
f0_relative_error=0
integer_spatial_port_pass=1
strike_reset_position_error_m=0",,2827.1856592561508,231,lhs_0194,0.0064566767642041095,,,,,,,,,,1.0147793226104336,3.4879255604457016,,,space_filling,FAIL,0.0002905892298901376,746.891561033521,0.9644939589164426
0.8250310873844816,"delay: 84.2806, f0: 261.626, z: 2.3808
status=FAIL
velocity_m_s=2.15917974106
hardness_N_per_mm_p=8675.19294136
p=3.4710277157
epsilon=0.825031087384
tau0_s=0.000525668070439
linear_density_kg_m=0.00583099327606
tension_N=674.51412381
force_log=""/var/folders/zh/nj8dx9w152qdp4y5nkg5xm540000gn/T/bbpiano-hammer-search-b9ctx0ix/force_95.txt""
positive_force_samples=93
contact_span_s=0.00208616780045
maximum_force_N=59.9826361401
force_impulse_Ns=0.0168000790501
initial_hammer_energy_J=0.0349654286564
maximum_mechanical_energy_J=0.0434692390813
maximum_mechanical_energy_ratio=1.24320623975
string_energy_at_release_J=0.035366659893
string_energy_at_release_ratio=1.01147508416
final_hammer_energy_J=0.00809912685965
final_string_energy_J=0.0327907038481
rebound_velocity_m_s=1.03917447105
physical_f0_hz=261.626
configured_f0_hz=261.626
f0_relative_error=0
integer_spatial_port_pass=1
strike_reset_position_error_m=0",,8675.192941363059,232,lhs_0195,0.005830993276061352,,,,,,,,,,1.3173518686799761,3.4710277156987743,,,space_filling,FAIL,0.0005256680704387682,674.5141238102955,1.2520731264415894
0.5954206123378024,"delay: 84.2806, f0: 261.626, z: 2.3808
status=FAIL
velocity_m_s=1.61081077811
hardness_N_per_mm_p=3857.93333824
p=2.30975277014
epsilon=0.595420612338
tau0_s=0.000726129604076
linear_density_kg_m=0.00603774807609
tension_N=698.430980885
force_log=""/var/folders/zh/nj8dx9w152qdp4y5nkg5xm540000gn/T/bbpiano-hammer-search-78970vwm/force_95.txt""
positive_force_samples=246
contact_span_s=0.00555555555556
maximum_force_N=20.7131522349
force_impulse_Ns=0.043846271865
initial_hammer_energy_J=0.0194603352215
maximum_mechanical_energy_J=0.0202228647566
maximum_mechanical_energy_ratio=1.03918378211
string_energy_at_release_J=0.00729929334095
string_energy_at_release_ratio=0.375085693945
final_hammer_energy_J=0.0129154731369
final_string_energy_J=0.00685802245917
rebound_velocity_m_s=-1.31227401289
physical_f0_hz=261.626
configured_f0_hz=261.626
f0_relative_error=0
integer_spatial_port_pass=1
strike_reset_position_error_m=0",,3857.933338243809,233,lhs_0196,0.006037748076091871,,,,,,,,,,0.9827827430385196,2.3097527701400984,,,space_filling,FAIL,0.000726129604075969,698.4309808848346,0.934082905975677
0.6107093902057015,,False,800.3748786479651,234,lhs_0197,0.006710065462907849,1.0,1.0924041625402712,9.62460746788149,5.487528344671205,5.691609977324259,0.028475256725280118,0.39043824701195184,-0.877386187646,0.6405228758169926,1.0210170834604222,2.779692279231586,4.835318596474536,3.593147657900358,space_filling,PASS,0.00015997008422212906,776.202906116229,0.9704226199789319
0.16882453922401547,"delay: 84.2806, f0: 261.626, z: 2.3808
status=FAIL
velocity_m_s=0.550679306441
hardness_N_per_mm_p=29843.9725498
p=1.90896141772
epsilon=0.168824539224
tau0_s=0.000119332425566
linear_density_kg_m=0.00674518755154
tension_N=780.265737904
force_log=""/var/folders/zh/nj8dx9w152qdp4y5nkg5xm540000gn/T/bbpiano-hammer-search-k_go8_u6/force_50.txt""
positive_force_samples=1
contact_span_s=0
maximum_force_N=6.83089506422
force_impulse_Ns=0.000154895579688
initial_hammer_energy_J=0.00227435773907
maximum_mechanical_energy_J=0.0023553231029
maximum_mechanical_energy_ratio=1.03559922102
string_energy_at_release_J=0.000165463399531
string_energy_at_release_ratio=0.072751703344
final_hammer_energy_J=0.00218985970337
final_string_energy_J=0.000152107841817
rebound_velocity_m_s=0.540352934462
physical_f0_hz=261.626
configured_f0_hz=261.626
f0_relative_error=0
integer_spatial_port_pass=1
strike_reset_position_error_m=0",,29843.972549796967,235,lhs_0198,0.00674518755153569,,,,,,,,,,1.1096832803195886,1.908961417720631,,,space_filling,FAIL,0.00011933242556633815,780.2657379041603,1.0546951404425675
0.4970149462587886,"delay: 84.2806, f0: 261.626, z: 2.3808
status=FAIL
velocity_m_s=1.98253476922
hardness_N_per_mm_p=7592.00829911
p=3.11265347867
epsilon=0.497014946259
tau0_s=6.94869209246e-05
linear_density_kg_m=0.00659775211848
tension_N=763.21079079
force_log=""/var/folders/zh/nj8dx9w152qdp4y5nkg5xm540000gn/T/bbpiano-hammer-search-3qf6b03x/force_95.txt""
positive_force_samples=102
contact_span_s=0.00229024943311
maximum_force_N=42.4963363273
force_impulse_Ns=0.0206275188369
initial_hammer_energy_J=0.0294783308338
maximum_mechanical_energy_J=0.0324337824419
maximum_mechanical_energy_ratio=1.10025844492
string_energy_at_release_J=0.0296638319355
string_energy_at_release_ratio=1.0062927953
final_hammer_energy_J=0.00276670864909
final_string_energy_J=0.0275371307709
rebound_velocity_m_s=0.607366846761
physical_f0_hz=261.626
configured_f0_hz=261.626
f0_relative_error=0
integer_spatial_port_pass=1
strike_reset_position_error_m=0",,7592.008299109236,236,lhs_0199,0.00659775211848318,,,,,,,,,,1.209577800910888,3.112653478666201,,,space_filling,FAIL,6.948692092463324e-05,763.2107907903851,1.1496395874690561
0.6726848927255892,"delay: 84.2806, f0: 261.626, z: 2.3808
status=FAIL
velocity_m_s=0.678985157137
hardness_N_per_mm_p=4614.27056135
p=1.88410183498
epsilon=0.672684892726
tau0_s=0.000480778779234
linear_density_kg_m=0.00655441004183
tension_N=758.197092185
force_log=""/var/folders/zh/nj8dx9w152qdp4y5nkg5xm540000gn/T/bbpiano-hammer-search-5npdzw7g/force_50.txt""
positive_force_samples=176
contact_span_s=0.00396825396825
maximum_force_N=13.1158041464
force_impulse_Ns=0.0147402715964
initial_hammer_energy_J=0.0034576563271
maximum_mechanical_energy_J=0.00364052165262
maximum_mechanical_energy_ratio=1.05288707385
string_energy_at_release_J=0.00294829977562
string_energy_at_release_ratio=0.852687339837
final_hammer_energy_J=0.000691750925477
final_string_energy_J=0.00275378837747
rebound_velocity_m_s=-0.303699615953
physical_f0_hz=261.626
configured_f0_hz=261.626
f0_relative_error=0
integer_spatial_port_pass=1
strike_reset_position_error_m=0",,4614.270561349221,237,lhs_0200,0.0065544100418294966,,,,,,,,,,1.3682345925240902,1.8841018349790757,,,space_filling,FAIL,0.0004807787792335011,758.1970921846605,1.300434458474467
0.7737182531230566,"delay: 84.2806, f0: 261.626, z: 2.3808
status=FAIL
velocity_m_s=2.3671190374
hardness_N_per_mm_p=2708.83273547
p=2.76902435491
epsilon=0.773718253123
tau0_s=0.000694145903534
linear_density_kg_m=0.00586367964419
tension_N=678.295197791
force_log=""/var/folders/zh/nj8dx9w152qdp4y5nkg5xm540000gn/T/bbpiano-hammer-search-datlxqbi/force_95.txt""
positive_force_samples=127
contact_span_s=0.00285714285714
maximum_force_N=29.9494125088
force_impulse_Ns=0.0324507760242
initial_hammer_energy_J=0.042024394029
maximum_mechanical_energy_J=0.0435001849365
maximum_mechanical_energy_ratio=1.03511748216
string_energy_at_release_J=0.0431872196567
string_energy_at_release_ratio=1.0276702533
final_hammer_energy_J=0.000311306476291
final_string_energy_J=0.0401957692518
rebound_velocity_m_s=0.203733969117
physical_f0_hz=261.626
configured_f0_hz=261.626
f0_relative_error=0
integer_spatial_port_pass=1
strike_reset_position_error_m=0",,2708.8327354721323,238,lhs_0201,0.0058636796441899905,,,,,,,,,,1.4442191300741245,2.769024354910602,,,space_filling,FAIL,0.0006941459035343391,678.2951977911802,1.3726537339417124
0.3997541534505143,,False,816.3172306698068,239,lhs_0202,0.006244690416996401,1.0,0.9765466495319182,8.60469806860977,5.5328798185941075,5.759637188208619,0.025087054329219906,0.381889763779527,-0.771017756609,0.6178343949044572,0.9015794318532596,2.1672634328023026,5.354974112320516,3.66098512515055,space_filling,PASS,5.130846514734492e-05,722.3695321995011,0.8569034627833153
0.1546833410281992,"delay: 84.2806, f0: 261.626, z: 2.3808
status=FAIL
velocity_m_s=4.67832441078
hardness_N_per_mm_p=1623.80653533
p=2.9704582453
epsilon=0.154683341028
tau0_s=0.00120632559777
linear_density_kg_m=0.00602812161665
tension_N=697.317417115
force_log=""/var/folders/zh/nj8dx9w152qdp4y5nkg5xm540000gn/T/bbpiano-hammer-search-4k5fvyk5/force_110.txt""
positive_force_samples=247
contact_span_s=0.00557823129252
maximum_force_N=94.91263341
force_impulse_Ns=0.127896507188
initial_hammer_energy_J=0.164150394693
maximum_mechanical_energy_J=0.167202275773
maximum_mechanical_energy_ratio=1.01859198137
string_energy_at_release_J=0.0545748526282
string_energy_at_release_ratio=0.332468604356
final_hammer_energy_J=0.111059594761
final_string_energy_J=0.0513086094844
rebound_velocity_m_s=-3.84810940178
physical_f0_hz=261.626
configured_f0_hz=261.626
f0_relative_error=0
integer_spatial_port_pass=1
strike_reset_position_error_m=0",,1623.8065353312525,240,lhs_0203,0.006028121616649177,,,,,,,,,,1.4311863874817656,2.970458245297772,,,space_filling,FAIL,0.0012063255977655752,697.3174171146547,1.3602668028933858
0.12382532999834212,,False,399.94212927911286,241,lhs_0204,0.005895607996921996,1.0,1.7036730940155964,13.8710986604044,5.487528344671199,5.668934240362809,0.032942551176583054,0.6920000000000008,-0.994293520677,2.246753246753256,1.2030364519374852,1.5514393970159537,5.2029256086616265,3.7105944572502687,space_filling,PASS,0.0004453729381194556,681.988586524134,1.1434223819866054
0.0688160729706127,,False,283.8413668501315,242,lhs_0205,0.006261500292756535,1.0,1.4742137851428891,9.47934214575431,5.646258503401365,5.918367346938779,0.027336052376217376,0.39080459770114945,-0.847827713285,0.6415094339622643,0.9745873601729035,2.691725764253231,4.830313164219544,3.1184092979350613,space_filling,PASS,0.0005713646691255129,724.3140548704938,0.9262936289488642
0.09875802076406966,,False,165.75866424453187,243,lhs_0206,0.0062321030813652,1.0,1.9184817853350289,11.1909385648663,5.7369614512471605,6.03174603174603,0.03310892273022809,0.4022556390977437,-1.02880431174,0.6729559748427655,1.1784598592064675,3.2213645696131232,6.589176567118321,3.3335180373710096,space_filling,PASS,0.000469437302684267,720.9134619791424,1.1200636332501412
0.07232648102486354,,False,117.86403301444551,244,lhs_0207,0.006157399875635639,1.0,0.9618548083478755,9.9145486238803,5.555555555555557,5.759637188208619,0.028058650020409037,0.7204724409448817,-0.863577182162,2.5774647887323923,1.0072996744209313,1.5084363581057707,6.720104115570335,3.381292777944775,space_filling,PASS,0.0011214856778876368,712.2719895964935,0.957384949762573
0.8390773663590638,"delay: 84.2806, f0: 261.626, z: 2.3808
status=FAIL
velocity_m_s=1.35307070314
hardness_N_per_mm_p=4336.65503279
p=3.34302864569
epsilon=0.839077366359
tau0_s=5.50417341148e-05
linear_density_kg_m=0.00579280646016
tension_N=670.096772349
force_log=""/var/folders/zh/nj8dx9w152qdp4y5nkg5xm540000gn/T/bbpiano-hammer-search-4pu1udnp/force_80.txt""
positive_force_samples=107
contact_span_s=0.00240362811791
maximum_force_N=30.525669007
force_impulse_Ns=0.0130268806508
initial_hammer_energy_J=0.0137310024577
maximum_mechanical_energy_J=0.0148794417788
maximum_mechanical_energy_ratio=1.08363841785
string_energy_at_release_J=0.0131166301176
string_energy_at_release_ratio=0.955256555955
final_hammer_energy_J=0.00176136587883
final_string_energy_J=0.0121801723968
rebound_velocity_m_s=0.484611993088
physical_f0_hz=261.626
configured_f0_hz=261.626
f0_relative_error=0
integer_spatial_port_pass=1
strike_reset_position_error_m=0",,4336.655032787875,245,lhs_0208,0.0057928064601616,,,,,,,,,,1.353070703139783,3.3430286456939244,,,space_filling,FAIL,5.504173411482293e-05,670.0967723491864,1.2860219853594073
0.0637907765341683,,False,131.71090231205253,246,lhs_0209,0.005714124583296479,1.0,2.5712601617845534,12.0574502189349,6.666666666666664,6.848072562358279,0.03749936864334638,0.6158940397350987,-1.22312434189,1.6034482758620645,1.2768863818000145,2.2443934798834615,7.570579401833925,4.54585914700208,space_filling,PASS,0.0012439700618207556,660.9950576462542,1.213612825989332
0.2192626032338899,,False,1366.4567702156419,247,lhs_0210,0.006222512097958181,1.0,1.0672309277038659,10.5553025136334,5.532879818594107,5.78231292517007,0.02845845444704522,0.6980392156862738,-0.872750543229,2.311688311688304,1.02452256829181,2.889548360615774,5.317955700950274,3.682195715701116,space_filling,PASS,0.00018011403290764844,719.8040019844235,0.973754397506926
0.27935156279220047,,False,633.8741895844433,248,lhs_0211,0.0065989259728523614,1.0,1.821558795474683,14.3950563488677,5.2154195011337885,5.374149659863949,0.029358794488086426,0.7215189873417708,-0.897964448946,2.5909090909090744,1.0610831333836745,1.503058699508488,5.616857002996717,3.673842198454771,space_filling,PASS,0.0004758620707768362,763.3465792082109,1.008503276775539
0.12335272742048285,,False,184.24498454469094,249,lhs_0212,0.00616541720331678,1.0,2.841135524412808,9.71688180086247,6.712018140589571,6.9841269841269895,0.03050784450313273,0.350649350649351,-0.985468009529,0.5400000000000008,1.0484186673064935,3.1636942675379736,6.286137480862043,4.0811695276557085,space_filling,PASS,0.00019712963078227498,713.1994131931467,0.9964663730348107
0.24678993085653228,,False,858.8759747358757,250,lhs_0213,0.006185383788088333,1.0,2.870985790194382,7.03330577770424,6.575963718820863,6.802721088435379,0.02195387353476677,0.3433333333333331,-0.708539530911,0.5228426395939081,0.7550800720563287,3.140556520179146,6.623557162275735,4.319357875261416,space_filling,PASS,0.00014188585590158869,715.5090957455102,0.7176635863284129
0.10635209840563897,,False,428.8143191714858,251,lhs_0214,0.006383435128097847,1.0,1.6597748183725929,7.27678683600445,5.600907029478455,5.850340136054419,0.020769059775214246,0.3914728682170549,-0.645219201126,0.6433121019108298,0.7394274614251412,2.528791538150338,4.726228316914834,3.16132665818289,space_filling,PASS,0.0004137065538066047,738.4191592203573,0.7027866095723077
0.47128267651729255,"delay: 84.2806, f0: 261.626, z: 2.3808
status=FAIL
velocity_m_s=3.24776521153
hardness_N_per_mm_p=2549.68897989
p=2.78672317957
epsilon=0.471282676517
tau0_s=5.67429447055e-05
linear_density_kg_m=0.00602351641715
tension_N=696.784699624
force_log=""/var/folders/zh/nj8dx9w152qdp4y5nkg5xm540000gn/T/bbpiano-hammer-search-gwptvt_b/force_110.txt""
positive_force_samples=93
contact_span_s=0.00208616780045
maximum_force_N=59.7783236548
force_impulse_Ns=0.0257254547111
initial_hammer_energy_J=0.079109841519
maximum_mechanical_energy_J=0.0835412574114
maximum_mechanical_energy_ratio=1.05601598748
string_energy_at_release_J=0.0659124672845
string_energy_at_release_ratio=0.833176581053
final_hammer_energy_J=0.017619571994
final_string_energy_J=0.0611199047906
rebound_velocity_m_s=1.53273489745
physical_f0_hz=261.626
configured_f0_hz=261.626
f0_relative_error=0
integer_spatial_port_pass=1
strike_reset_position_error_m=0",,2549.6889798854872,252,lhs_0215,0.006023516417147951,,,,,,,,,,0.9935517403978774,2.7867231795670846,,,space_filling,FAIL,5.6742944705528405e-05,696.7846996239156,0.9443182671672797
0.43355119884762827,"delay: 84.2806, f0: 261.626, z: 2.3808
status=FAIL
velocity_m_s=0.525574582994
hardness_N_per_mm_p=9792.17282613
p=1.71311210669
epsilon=0.433551198848
tau0_s=0.000109093696067
linear_density_kg_m=0.00594539124875
tension_N=687.747383508
force_log=""/var/folders/zh/nj8dx9w152qdp4y5nkg5xm540000gn/T/bbpiano-hammer-search-hnd7mena/force_50.txt""
positive_force_samples=1
contact_span_s=0
maximum_force_N=4.74799879293
force_impulse_Ns=0.000107664371722
initial_hammer_energy_J=0.00207171481717
maximum_mechanical_energy_J=0.00210621015473
maximum_mechanical_energy_ratio=1.01665062067
string_energy_at_release_J=9.0694607605e-05
string_energy_at_release_ratio=0.0437775541563
final_hammer_energy_J=0.00201551554713
final_string_energy_J=8.33740888739e-05
rebound_velocity_m_s=0.518396958212
physical_f0_hz=261.626
configured_f0_hz=261.626
f0_relative_error=0
integer_spatial_port_pass=1
strike_reset_position_error_m=0",,9792.172826125461,253,lhs_0216,0.005945391248754207,,,,,,,,,,1.059094323115099,1.7131121066917392,,,space_filling,FAIL,0.0001090936960669277,687.7473835078124,1.0066130180298862
0.6776527162666004,"delay: 84.2806, f0: 261.626, z: 2.3808
status=FAIL
velocity_m_s=4.4343638952
hardness_N_per_mm_p=956.661200103
p=1.76318626776
epsilon=0.677652716267
tau0_s=0.000566139227855
linear_density_kg_m=0.00675104650546
tension_N=780.943486443
force_log=""/var/folders/zh/nj8dx9w152qdp4y5nkg5xm540000gn/T/bbpiano-hammer-search-whns9zrt/force_110.txt""
positive_force_samples=174
contact_span_s=0.00392290249433
maximum_force_N=102.255839339
force_impulse_Ns=0.096110363466
initial_hammer_energy_J=0.147476873663
maximum_mechanical_energy_J=0.166770468269
maximum_mechanical_energy_ratio=1.13082454304
string_energy_at_release_J=0.137567972211
string_energy_at_release_ratio=0.932810472546
final_hammer_energy_J=0.0291952801401
final_string_energy_J=0.128454560158
rebound_velocity_m_s=-1.97299366919
physical_f0_hz=261.626
configured_f0_hz=261.626
f0_relative_error=0
integer_spatial_port_pass=1
strike_reset_position_error_m=0",,956.6612001029249,254,lhs_0217,0.006751046505458891,,,,,,,,,,1.3565543315761002,1.7631862677559191,,,space_filling,FAIL,0.0005661392278546009,780.9434864428488,1.2893329895423602
0.4369330609784348,"delay: 84.2806, f0: 261.626, z: 2.3808
status=FAIL
velocity_m_s=0.380679797749
hardness_N_per_mm_p=13214.5148694
p=1.78425506961
epsilon=0.436933060978
tau0_s=0.00126045706845
linear_density_kg_m=0.00674495516428
tension_N=780.238855951
force_log=""/var/folders/zh/nj8dx9w152qdp4y5nkg5xm540000gn/T/bbpiano-hammer-search-imr5oey9/force_50.txt""
positive_force_samples=87
contact_span_s=0.00195011337868
maximum_force_N=10.2883639983
force_impulse_Ns=0.00293871484682
initial_hammer_energy_J=0.00108687831311
maximum_mechanical_energy_J=0.00128126860804
maximum_mechanical_energy_ratio=1.17885194009
string_energy_at_release_J=0.00102516363879
string_energy_at_release_ratio=0.943218414089
final_hammer_energy_J=0.000256037104607
final_string_energy_J=0.000950089884707
rebound_velocity_m_s=0.184765474627
physical_f0_hz=261.626
configured_f0_hz=261.626
f0_relative_error=0
integer_spatial_port_pass=1
strike_reset_position_error_m=0",,13214.514869376097,255,lhs_0218,0.006744955164278877,,,,,,,,,,0.7671143654318386,1.784255069613093,,,space_filling,FAIL,0.0012604570684458115,780.2388559512077,0.7291015443177908
0.6057809570025183,,False,701.5920189834405,256,lhs_0219,0.006105594991115768,1.0,0.9554085298130053,11.6828459980223,6.417233560090704,6.598639455782309,0.036698918755184634,0.6219931271477672,-1.17926961437,1.6454545454545515,1.2673283068253591,3.376809148510225,5.889996616881609,3.320408027291819,space_filling,PASS,0.00022934482670358802,706.2793354059168,1.2045283823408242
0.326961781839502,"delay: 84.2806, f0: 261.626, z: 2.3808
status=FAIL
velocity_m_s=0.570569680725
hardness_N_per_mm_p=7675.03914765
p=1.65715937389
epsilon=0.32696178184
tau0_s=0.000269202416909
linear_density_kg_m=0.00666343829105
tension_N=770.809196248
force_log=""/var/folders/zh/nj8dx9w152qdp4y5nkg5xm540000gn/T/bbpiano-hammer-search-6dveccnx/force_50.txt""
positive_force_samples=85
contact_span_s=0.00190476190476
maximum_force_N=17.6860928055
force_impulse_Ns=0.00416736830371
initial_hammer_energy_J=0.00244162320422
maximum_mechanical_energy_J=0.00289371075622
maximum_mechanical_energy_ratio=1.18515860728
string_energy_at_release_J=0.00225082608928
string_energy_at_release_ratio=0.921856445906
final_hammer_energy_J=0.000642747820999
final_string_energy_J=0.00208561835619
rebound_velocity_m_s=0.292745127144
physical_f0_hz=261.626
configured_f0_hz=261.626
f0_relative_error=0
integer_spatial_port_pass=1
strike_reset_position_error_m=0",,7675.0391476548,257,lhs_0220,0.0066634382910474,,,,,,,,,,1.1497647134208746,1.6571593738860717,,,space_filling,FAIL,0.000269202416908552,770.8091962482515,1.0927904181345278
0.4924440845734474,,False,140.80826181471426,258,lhs_0221,0.005947804122250062,1.0,1.4955507641685306,14.3806457294651,5.736961451247167,5.850340136054419,0.04242812190780087,0.7093023255813958,-1.27844952293,2.4400000000000053,1.550208549148072,2.2149206832155297,8.267751907904547,5.13486704004928,space_filling,PASS,0.0005475827811055206,688.0264984329835,1.4733910589227905
0.6028222101895574,"delay: 84.2806, f0: 261.626, z: 2.3808
status=FAIL
velocity_m_s=4.33077739065
hardness_N_per_mm_p=2084.40737172
p=2.01773831738
epsilon=0.60282221019
tau0_s=0.00131922025761
linear_density_kg_m=0.00651474757661
tension_N=753.609041451
force_log=""/var/folders/zh/nj8dx9w152qdp4y5nkg5xm540000gn/T/bbpiano-hammer-search-lp205q1w/force_110.txt""
positive_force_samples=94
contact_span_s=0.00210884353741
maximum_force_N=92.8374365239
force_impulse_Ns=0.0391839121237
initial_hammer_energy_J=0.140667246055
maximum_mechanical_energy_J=0.154128906788
maximum_mechanical_energy_ratio=1.09569861578
string_energy_at_release_J=0.131958450275
string_energy_at_release_ratio=0.938089384527
final_hammer_energy_J=0.0221497443299
final_string_energy_J=0.122399021228
rebound_velocity_m_s=1.7185165824
physical_f0_hz=261.626
configured_f0_hz=261.626
f0_relative_error=0
integer_spatial_port_pass=1
strike_reset_position_error_m=0",,2084.4073717220717,259,lhs_0222,0.006514747576606289,,,,,,,,,,1.3248652945977861,2.017738317384657,,,space_filling,FAIL,0.0013192202576062196,753.6090414510026,1.2592142395358656
0.8983107400186754,,False,320.33604392604593,260,lhs_0223,0.006757273914055826,1.0,2.0672697244932468,10.6011765389221,6.371882086167797,6.50793650793651,0.03734575576345377,0.3728222996515671,-1.16864056384,0.5944444444444424,1.3212031647295355,2.4654499243746955,8.1016983576945,5.950761188621093,space_filling,PASS,6.446730123622031e-05,781.663856859089,1.2557335792031252
0.5302051603949307,"delay: 84.2806, f0: 261.626, z: 2.3808
status=FAIL
velocity_m_s=0.989811796703
hardness_N_per_mm_p=16138.0896844
p=2.75558981496
epsilon=0.530205160395
tau0_s=0.000827800858782
linear_density_kg_m=0.00592282431408
tension_N=685.136899247
force_log=""/var/folders/zh/nj8dx9w152qdp4y5nkg5xm540000gn/T/bbpiano-hammer-search-rku6z_1j/force_65.txt""
positive_force_samples=177
contact_span_s=0.00399092970522
maximum_force_N=19.5388901133
force_impulse_Ns=0.0205158965296
initial_hammer_energy_J=0.0073479554467
maximum_mechanical_energy_J=0.00816153244821
maximum_mechanical_energy_ratio=1.11072154798
string_energy_at_release_J=0.00708932719062
string_energy_at_release_ratio=0.964802691313
final_hammer_energy_J=0.00107114605552
final_string_energy_J=0.00662286851175
rebound_velocity_m_s=-0.377914638601
physical_f0_hz=261.626
configured_f0_hz=261.626
f0_relative_error=0
integer_spatial_port_pass=1
strike_reset_position_error_m=0",,16138.089684419963,261,lhs_0224,0.005922824314077382,,,,,,,,,,1.45477062704154,2.7555898149555675,,,space_filling,FAIL,0.000827800858782334,685.1368992472467,1.382682372539135
0.28494115712760143,"delay: 84.2806, f0: 261.626, z: 2.3808
status=FAIL
velocity_m_s=4.03752685427
hardness_N_per_mm_p=4009.23700876
p=3.09396256894
epsilon=0.284941157128
tau0_s=0.000100744117469
linear_density_kg_m=0.00593836003992
tension_N=686.934031572
force_log=""/var/folders/zh/nj8dx9w152qdp4y5nkg5xm540000gn/T/bbpiano-hammer-search-60gzxt6f/force_110.txt""
positive_force_samples=93
contact_span_s=0.00208616780045
maximum_force_N=81.4363444537
force_impulse_Ns=0.0323395145862
initial_hammer_energy_J=0.122262173242
maximum_mechanical_energy_J=0.132878525248
maximum_mechanical_energy_ratio=1.08683267869
string_energy_at_release_J=0.106303706839
string_energy_at_release_ratio=0.869473394914
final_hammer_energy_J=0.0265519881021
final_string_energy_J=0.0985809325226
rebound_velocity_m_s=1.88155921519
physical_f0_hz=261.626
configured_f0_hz=261.626
f0_relative_error=2.17269762412e-16
integer_spatial_port_pass=1
strike_reset_position_error_m=0",,4009.2370087615914,262,lhs_0225,0.00593836003991616,,,,,,,,,,1.2351545052366728,3.0939625689398973,,,space_filling,FAIL,0.00010074411746929624,686.9340315720121,1.173948889266568
0.14181801784283282,,False,1427.8556455192809,263,lhs_0226,0.006626976067531167,1.0,1.1971672487279923,14.0125594817662,5.374149659863945,5.668934240362809,0.03611167094140698,0.7119999999999997,-1.11777746373,2.4722222222222197,1.289699523644314,3.13617576895554,5.382269681914628,3.858409460969619,space_filling,PASS,0.00011772747731017745,766.5913411448685,1.2257910381663164
0.2518809977793147,,False,2066.9867150973105,264,lhs_0227,0.00598088940012462,1.0,1.1663199710290006,9.12797508145647,5.578231292517005,5.804988662131519,0.02395431946587268,0.6992187499999992,-0.725393252823,2.324675324675316,0.8715828499367991,3.152189159674265,5.034707259512058,3.5570436783816772,space_filling,PASS,0.000844814045186979,691.8537172548945,0.8283933016064552
0.14650231444015988,"delay: 84.2806, f0: 261.626, z: 2.3808
status=FAIL
velocity_m_s=1.44331637612
hardness_N_per_mm_p=10191.3557341
p=2.3660173186
epsilon=0.14650231444
tau0_s=0.00066850435316
linear_density_kg_m=0.00673064372658
tension_N=778.583346091
force_log=""/var/folders/zh/nj8dx9w152qdp4y5nkg5xm540000gn/T/bbpiano-hammer-search-t29ww38y/force_80.txt""
positive_force_samples=170
contact_span_s=0.00383219954649
maximum_force_N=38.4136520003
force_impulse_Ns=0.0299399841736
initial_hammer_energy_J=0.0156237162119
maximum_mechanical_energy_J=0.0189208295236
maximum_mechanical_energy_ratio=1.2110325909
string_energy_at_release_J=0.0166295512725
string_energy_at_release_ratio=1.06437873339
final_hammer_energy_J=0.00229093516375
final_string_energy_J=0.01552224095
rebound_velocity_m_s=-0.55268256878
physical_f0_hz=261.626
configured_f0_hz=261.626
f0_relative_error=0
integer_spatial_port_pass=1
strike_reset_position_error_m=0",,10191.355734122248,265,lhs_0228,0.006730643726579013,,,,,,,,,,1.4433163761249124,2.3660173185953366,,,space_filling,FAIL,0.0006685043531603524,778.583346091469,1.3717957141624335
0.37278488390478537,,False,244.47055170998627,266,lhs_0229,0.006166007837824542,1.0,0.8652508394916865,15.4351601834034,5.532879818594105,5.736961451247169,0.04203644188370119,0.7193675889328062,-1.27624460219,2.563380281690139,1.5262489022302987,2.7138307314656576,4.644691223268822,3.1861506022051054,space_filling,PASS,0.0018340068369817018,713.2677362555536,1.4506186844813036
0.5814249876252408,"delay: 84.2806, f0: 261.626, z: 2.3808
status=FAIL
velocity_m_s=4.95730119195
hardness_N_per_mm_p=1324.00148981
p=2.52192767114
epsilon=0.581424987625
tau0_s=0.000395908492443
linear_density_kg_m=0.00622803767428
tension_N=720.44318627
force_log=""/var/folders/zh/nj8dx9w152qdp4y5nkg5xm540000gn/T/bbpiano-hammer-search-inyyt7tc/force_110.txt""
positive_force_samples=96
contact_span_s=0.00215419501134
maximum_force_N=102.627185455
force_impulse_Ns=0.0443830771058
initial_hammer_energy_J=0.184311263308
maximum_mechanical_energy_J=0.204518414255
maximum_mechanical_energy_ratio=1.10963600696
string_energy_at_release_J=0.174543307235
string_energy_at_release_ratio=0.947002934611
final_hammer_energy_J=0.0299529000483
final_string_energy_J=0.161930344298
rebound_velocity_m_s=1.9984293849
physical_f0_hz=261.626
configured_f0_hz=261.626
f0_relative_error=0
integer_spatial_port_pass=1
strike_reset_position_error_m=0",,1324.0014898109507,267,lhs_0230,0.006228037674279017,,,,,,,,,,1.516530569840407,2.521927671142293,,,space_filling,FAIL,0.0003959084924427473,720.4431862698688,1.4413819246538757
0.8520739208015704,"delay: 84.2806, f0: 261.626, z: 2.3808
status=FAIL
velocity_m_s=4.68324359907
hardness_N_per_mm_p=379.112482541
p=2.76362480646
epsilon=0.852073920802
tau0_s=0.000660682744901
linear_density_kg_m=0.00603093363306
tension_N=697.642703853
force_log=""/var/folders/zh/nj8dx9w152qdp4y5nkg5xm540000gn/T/bbpiano-hammer-search-23k4s8x6/force_110.txt""
positive_force_samples=192
contact_span_s=0.00433106575964
maximum_force_N=66.591851709
force_impulse_Ns=0.108937326169
initial_hammer_energy_J=0.164495779562
maximum_mechanical_energy_J=0.166380164821
maximum_mechanical_energy_ratio=1.01145552344
string_energy_at_release_J=0.116478157756
string_energy_at_release_ratio=0.708092074254
final_hammer_energy_J=0.049893778509
final_string_energy_J=0.109045504545
rebound_velocity_m_s=-2.57924481219
physical_f0_hz=261.626
configured_f0_hz=261.626
f0_relative_error=0
integer_spatial_port_pass=1
strike_reset_position_error_m=0",,379.11248254080374,268,lhs_0231,0.0060309336330570205,,,,,,,,,,1.4326912586076983,2.7636248064598288,,,space_filling,FAIL,0.0006606827449007841,697.642703852896,1.3616971031346008
0.3662758867735787,"delay: 84.2806, f0: 261.626, z: 2.3808
status=FAIL
velocity_m_s=4.155125707
hardness_N_per_mm_p=2611.48752391
p=2.12697617098
epsilon=0.366275886774
tau0_s=0.000173611637124
linear_density_kg_m=0.00641590207377
tension_N=742.174850983
force_log=""/var/folders/zh/nj8dx9w152qdp4y5nkg5xm540000gn/T/bbpiano-hammer-search-h1pwg2pd/force_110.txt""
positive_force_samples=90
contact_span_s=0.00201814058957
maximum_force_N=114.122523369
force_impulse_Ns=0.033710276129
initial_hammer_energy_J=0.129488022307
maximum_mechanical_energy_J=0.155932024999
maximum_mechanical_energy_ratio=1.20421968164
string_energy_at_release_J=0.128627404801
string_energy_at_release_ratio=0.993353690246
final_hammer_energy_J=0.0272970112633
final_string_energy_J=0.119230971456
rebound_velocity_m_s=1.90777396506
physical_f0_hz=261.626
configured_f0_hz=261.626
f0_relative_error=0
integer_spatial_port_pass=1
strike_reset_position_error_m=0",,2611.487523912317,269,lhs_0232,0.006415902073771895,,,,,,,,,,1.271130179949015,2.126976170976276,,,space_filling,FAIL,0.0001736116371241578,742.1748509828625,1.2081418612308945
0.2495154086841722,,False,508.3201042595471,270,lhs_0233,0.00634167691496922,1.0,1.5184492872500561,10.4976781274098,5.3741496598639475,5.555555555555559,0.026281523327150294,0.7183673469387749,-0.801683397709,2.550724637681152,0.9506933731016416,1.8944824075073636,4.808477011637342,3.555794708190872,space_filling,PASS,0.0012877486801433197,733.5886778243361,0.9035836607112607
0.6522272328782721,"delay: 84.2806, f0: 261.626, z: 2.3808
status=FAIL
velocity_m_s=4.48428862335
hardness_N_per_mm_p=1023.08832941
p=2.73734044857
epsilon=0.652227232878
tau0_s=0.000642048282425
linear_density_kg_m=0.00658224592648
tension_N=761.417074863
force_log=""/var/folders/zh/nj8dx9w152qdp4y5nkg5xm540000gn/T/bbpiano-hammer-search-uve8l8rw/force_110.txt""
positive_force_samples=177
contact_span_s=0.00399092970522
maximum_force_N=90.6549448089
force_impulse_Ns=0.097609236908
initial_hammer_energy_J=0.150816333431
maximum_mechanical_energy_J=0.160836435317
maximum_mechanical_energy_ratio=1.06643910284
string_energy_at_release_J=0.130124042951
string_energy_at_release_ratio=0.862798080226
final_hammer_energy_J=0.0306937804897
final_string_energy_J=0.121546060186
rebound_velocity_m_s=-2.02299383718
physical_f0_hz=261.626
configured_f0_hz=261.626
f0_relative_error=0
integer_spatial_port_pass=1
strike_reset_position_error_m=0",,1023.0883294102979,271,lhs_0234,0.006582245926480484,,,,,,,,,,1.371827233804914,2.7373404485650523,,,space_filling,FAIL,0.0006420482824252464,761.4170748628994,1.3038490735880217
0.8836444407374464,,False,119.99773419487823,272,lhs_0235,0.006695281714277607,1.0,2.070955827443115,6.75714165974733,5.578231292517009,5.873015873015869,0.020065519184956478,0.4440154440154435,-0.595119473467,0.7986111111111095,0.7425947106927882,2.9534460425064832,11.140261255686074,6.356603324779323,space_filling,PASS,0.0019738496327437348,774.492760557513,0.705796912124758
0.3697828121163956,"delay: 84.2806, f0: 261.626, z: 2.3808
status=FAIL
velocity_m_s=3.3102300987
hardness_N_per_mm_p=4155.96425823
p=2.37662881432
epsilon=0.369782812116
tau0_s=0.00136407829604
linear_density_kg_m=0.00586090273358
tension_N=677.973972
force_log=""/var/folders/zh/nj8dx9w152qdp4y5nkg5xm540000gn/T/bbpiano-hammer-search-anbrv1vv/force_110.txt""
positive_force_samples=88
contact_span_s=0.00197278911565
maximum_force_N=70.4865415618
force_impulse_Ns=0.023234160924
initial_hammer_energy_J=0.0821821747974
maximum_mechanical_energy_J=0.0919408342967
maximum_mechanical_energy_ratio=1.11874423527
string_energy_at_release_J=0.068670145499
string_energy_at_release_ratio=0.835584427746
final_hammer_energy_J=0.0232659637835
final_string_energy_J=0.0636495000268
rebound_velocity_m_s=1.7612860371
physical_f0_hz=261.626
configured_f0_hz=261.626
f0_relative_error=0
integer_spatial_port_pass=1
strike_reset_position_error_m=0",,4155.964258226166,273,lhs_0236,0.005860902733580951,,,,,,,,,,1.0126609103413315,2.3766288143238503,,,space_filling,FAIL,0.0013640782960444573,677.9739720003623,0.9624805203386961
0.8412032582401325,,False,295.66980733486025,274,lhs_0237,0.0063195653055606186,1.0,1.0376692190808263,8.10251886756476,5.578231292517003,5.804988662131519,0.02391336783244985,0.40234375,-0.70043167777,0.6732026143790851,0.8938279140574059,2.8850717011400193,3.6891498011844357,2.4509165552159327,space_filling,PASS,0.0008151065630815554,731.0308644055641,0.849536055978748
0.16598123586453012,"delay: 84.2806, f0: 261.626, z: 2.3808
status=FAIL
velocity_m_s=0.691186140584
hardness_N_per_mm_p=15932.8177784
p=2.07840803168
epsilon=0.165981235865
tau0_s=8.79746915385e-05
linear_density_kg_m=0.00661283569944
tension_N=764.955620172
force_log=""/var/folders/zh/nj8dx9w152qdp4y5nkg5xm540000gn/T/bbpiano-hammer-search-_lhbci_f/force_50.txt""
positive_force_samples=90
contact_span_s=0.00201814058957
maximum_force_N=16.2325992837
force_impulse_Ns=0.00567255433463
initial_hammer_energy_J=0.00358303710701
maximum_mechanical_energy_J=0.00415076327439
maximum_mechanical_energy_ratio=1.15844830807
string_energy_at_release_J=0.00341570629884
string_energy_at_release_ratio=0.953299169622
final_hammer_energy_J=0.000734841925187
final_string_energy_J=0.0031661900542
rebound_velocity_m_s=0.313015851609
physical_f0_hz=261.626
configured_f0_hz=261.626
f0_relative_error=0
integer_spatial_port_pass=1
strike_reset_position_error_m=0",,15932.817778420436,275,lhs_0238,0.00661283569943709,,,,,,,,,,1.3928210027552872,2.0784080316771796,,,space_filling,FAIL,8.79746915385223e-05,764.9556201718246,1.323802538224486
0.8802639825907397,"delay: 84.2806, f0: 261.626, z: 2.3808
status=FAIL
velocity_m_s=0.733382459195
hardness_N_per_mm_p=28605.8555475
p=2.45111449853
epsilon=0.880263982591
tau0_s=0.000531039441854
linear_density_kg_m=0.00622680146203
tension_N=720.300184455
force_log=""/var/folders/zh/nj8dx9w152qdp4y5nkg5xm540000gn/T/bbpiano-hammer-search-mwhbly6r/force_50.txt""
positive_force_samples=88
contact_span_s=0.00197278911565
maximum_force_N=20.1797833833
force_impulse_Ns=0.00539224984652
initial_hammer_energy_J=0.00403387373591
maximum_mechanical_energy_J=0.00485651530808
maximum_mechanical_energy_ratio=1.20393339654
string_energy_at_release_J=0.00380777481755
string_energy_at_release_ratio=0.943949926755
final_hammer_energy_J=0.00104850422979
final_string_energy_J=0.00352926222504
rebound_velocity_m_s=0.373899136093
physical_f0_hz=261.626
configured_f0_hz=261.626
f0_relative_error=2.17269762412e-16
integer_spatial_port_pass=1
strike_reset_position_error_m=0",,28605.85554753111,276,lhs_0239,0.006226801462030579,,,,,,,,,,1.4778515254319617,2.4511144985312807,,,space_filling,FAIL,0.0005310394418544839,720.3001844548913,1.4046195430824415
0.5513232960315755,"delay: 84.2806, f0: 261.626, z: 2.3808
status=FAIL
velocity_m_s=0.790710098445
hardness_N_per_mm_p=8869.69361018
p=2.20071797348
epsilon=0.551323296032
tau0_s=0.000106863354177
linear_density_kg_m=0.0063953055232
tension_N=739.792295626
force_log=""/var/folders/zh/nj8dx9w152qdp4y5nkg5xm540000gn/T/bbpiano-hammer-search-bqc97b7y/force_65.txt""
positive_force_samples=107
contact_span_s=0.00240362811791
maximum_force_N=14.1858841444
force_impulse_Ns=0.00894965444292
initial_hammer_energy_J=0.00468916844837
maximum_mechanical_energy_J=0.00494700315342
maximum_mechanical_energy_ratio=1.0549851659
string_energy_at_release_J=0.0046641034567
string_energy_at_release_ratio=0.994654704358
final_hammer_energy_J=0.000282463457684
final_string_energy_J=0.00433266655919
rebound_velocity_m_s=0.194066468917
physical_f0_hz=261.626
configured_f0_hz=261.626
f0_relative_error=0
integer_spatial_port_pass=1
strike_reset_position_error_m=0",,8869.69361018418,277,lhs_0240,0.00639530552319611,,,,,,,,,,1.162141964314894,2.2007179734755686,,,space_filling,FAIL,0.00010686335417699993,739.7922956260976,1.1045543390671755
0.2951712529374759,"delay: 84.2806, f0: 261.626, z: 2.3808
status=FAIL
velocity_m_s=0.884345725169
hardness_N_per_mm_p=6397.25747784
p=1.99904352794
epsilon=0.295171252937
tau0_s=0.000488554467446
linear_density_kg_m=0.00667044951512
tension_N=771.620236398
force_log=""/var/folders/zh/nj8dx9w152qdp4y5nkg5xm540000gn/T/bbpiano-hammer-search-gcl8udis/force_80.txt""
positive_force_samples=235
contact_span_s=0.00530612244898
maximum_force_N=18.1116714386
force_impulse_Ns=0.0244548321064
initial_hammer_energy_J=0.00586550521219
maximum_mechanical_energy_J=0.00589684972523
maximum_mechanical_energy_ratio=1.00534387268
string_energy_at_release_J=0.00170486662546
string_energy_at_release_ratio=0.290659809136
final_hammer_energy_J=0.00417360609094
final_string_energy_J=0.00160022142721
rebound_velocity_m_s=-0.745976415261
physical_f0_hz=261.626
configured_f0_hz=261.626
f0_relative_error=0
integer_spatial_port_pass=1
strike_reset_position_error_m=0",,6397.257477839506,278,lhs_0241,0.00667044951511807,,,,,,,,,,0.8843457251690342,1.999043527941275,,,space_filling,FAIL,0.0004885544674458178,771.6202363981828,0.840523738032997
0.2983407199143737,,False,223.04489575175646,279,lhs_0242,0.006254600345500585,1.0,2.227339066661049,9.51725673998826,6.68934240362812,7.006802721088439,0.03020822615555892,0.3559870550161813,-0.97197092726,0.5527638190954774,1.0419185490079115,3.1981515077876663,7.258701228389649,4.287546308929854,space_filling,PASS,7.485883819560339e-05,723.5158869328301,0.9902883551233919
0.31738186891740944,,False,210.45394196656244,280,lhs_0243,0.005708323360891805,1.0,1.7733303650021988,8.51226496763852,6.621315192743766,6.757369614512469,0.027902608864003836,0.6174496644295304,-0.905639746553,1.6140350877192997,0.9546630042584047,2.068211776060542,5.648633730511489,4.242294273242929,space_filling,PASS,0.00025137125956665275,660.3239873393509,0.9073565847199758
0.8564649418735589,"delay: 84.2806, f0: 261.626, z: 2.3808
status=FAIL
velocity_m_s=0.631644513354
hardness_N_per_mm_p=21393.1567647
p=1.64973746434
epsilon=0.856464941874
tau0_s=0.00040890344813
linear_density_kg_m=0.00634612955717
tension_N=734.103747884
force_log=""/var/folders/zh/nj8dx9w152qdp4y5nkg5xm540000gn/T/bbpiano-hammer-search-dp_3syf1/force_50.txt""
positive_force_samples=1
contact_span_s=0
maximum_force_N=18.9657478745
force_impulse_Ns=0.00043006231008
initial_hammer_energy_J=0.00299231093437
maximum_mechanical_energy_J=0.00408255494272
maximum_mechanical_energy_ratio=1.36434850263
string_energy_at_release_J=0.00135572538723
string_energy_at_release_ratio=0.453069689935
final_hammer_energy_J=0.0027268295555
final_string_energy_J=0.00124629630249
rebound_velocity_m_s=0.602973692682
physical_f0_hz=261.626
configured_f0_hz=261.626
f0_relative_error=0
integer_spatial_port_pass=1
strike_reset_position_error_m=0",,21393.15676472991,281,lhs_0244,0.006346129557171508,,,,,,,,,,1.2728376522874991,1.6497374643363132,,,space_filling,FAIL,0.0004089034481299437,734.1037478838484,1.209764723185993
0.597794941918423,"delay: 84.2806, f0: 261.626, z: 2.3808
status=FAIL
velocity_m_s=2.13220756038
hardness_N_per_mm_p=8320.13991574
p=3.11763198307
epsilon=0.597794941918
tau0_s=0.000222860383441
linear_density_kg_m=0.00635720234065
tension_N=735.384618653
force_log=""/var/folders/zh/nj8dx9w152qdp4y5nkg5xm540000gn/T/bbpiano-hammer-search-r903238u/force_95.txt""
positive_force_samples=93
contact_span_s=0.00208616780045
maximum_force_N=52.6711192196
force_impulse_Ns=0.0177530818722
initial_hammer_energy_J=0.0340973181039
maximum_mechanical_energy_J=0.0399002330969
maximum_mechanical_energy_ratio=1.17018684506
string_energy_at_release_J=0.0331461604738
string_energy_at_release_ratio=0.972104620451
final_hammer_energy_J=0.00674979324805
final_string_energy_J=0.0307335670192
rebound_velocity_m_s=0.948668768893
physical_f0_hz=261.626
configured_f0_hz=261.626
f0_relative_error=0
integer_spatial_port_pass=1
strike_reset_position_error_m=0",,8320.139915741343,282,lhs_0245,0.006357202340646343,,,,,,,,,,1.3008956876842697,3.117631983066507,,,space_filling,FAIL,0.00022286038344149144,735.3846186532131,1.236432398646343
0.6943416203275715,"delay: 84.2806, f0: 261.626, z: 2.3808
status=FAIL
velocity_m_s=0.51744606585
hardness_N_per_mm_p=14859.325225
p=1.80579151979
epsilon=0.694341620328
tau0_s=0.00169838741758
linear_density_kg_m=0.00596945216346
tension_N=690.530687489
force_log=""/var/folders/zh/nj8dx9w152qdp4y5nkg5xm540000gn/T/bbpiano-hammer-search-7wgg26yr/force_50.txt""
positive_force_samples=1
contact_span_s=0
maximum_force_N=4.82810921055
force_impulse_Ns=0.00010948093448
initial_hammer_energy_J=0.00200812823298
maximum_mechanical_energy_J=0.00204528019089
maximum_mechanical_energy_ratio=1.01850078959
string_energy_at_release_J=9.34029009082e-05
string_energy_at_release_ratio=0.0465124185669
final_hammer_energy_J=0.00195187728998
final_string_energy_J=8.58637896442e-05
rebound_velocity_m_s=0.510147336884
physical_f0_hz=261.626
configured_f0_hz=261.626
f0_relative_error=0
integer_spatial_port_pass=1
strike_reset_position_error_m=0",,14859.325225011311,283,lhs_0246,0.0059694521634568645,,,,,,,,,,1.0427144093195435,1.8057915197899441,,,space_filling,FAIL,0.0016983874175757001,690.5306874888624,0.9910447781659268
0.3763674194141542,"delay: 84.2806, f0: 261.626, z: 2.3808
status=FAIL
velocity_m_s=1.19419362718
hardness_N_per_mm_p=8532.0512672
p=2.30486151757
epsilon=0.376367419414
tau0_s=0.00033802953876
linear_density_kg_m=0.00607995717436
tension_N=703.3136195
force_log=""/var/folders/zh/nj8dx9w152qdp4y5nkg5xm540000gn/T/bbpiano-hammer-search-p8cx2aei/force_80.txt""
positive_force_samples=172
contact_span_s=0.00387755102041
maximum_force_N=27.9881393418
force_impulse_Ns=0.0240234597807
initial_hammer_energy_J=0.0106957381439
maximum_mechanical_energy_J=0.0165301638751
maximum_mechanical_energy_ratio=1.54549070412
string_energy_at_release_J=0.0152854640338
string_energy_at_release_ratio=1.4291172641
final_hammer_energy_J=0.00124462956555
final_string_energy_J=0.0142644411789
rebound_velocity_m_s=-0.4073703582
physical_f0_hz=261.626
configured_f0_hz=261.626
f0_relative_error=0
integer_spatial_port_pass=1
strike_reset_position_error_m=0",,8532.051267196719,284,lhs_0247,0.006079957174355734,,,,,,,,,,1.194193627177964,2.304861517569693,,,space_filling,FAIL,0.0003380295387601022,703.3136194996237,1.1350177457565578
0.14047842612136768,"delay: 84.2806, f0: 261.626, z: 2.3808
status=FAIL
velocity_m_s=1.54151802498
hardness_N_per_mm_p=7184.80429933
p=2.15523779651
epsilon=0.140478426121
tau0_s=0.000493868220149
linear_density_kg_m=0.00576011962149
tension_N=666.315643937
force_log=""/var/folders/zh/nj8dx9w152qdp4y5nkg5xm540000gn/T/bbpiano-hammer-search-md3rn_b3/force_95.txt""
positive_force_samples=90
contact_span_s=0.00201814058957
maximum_force_N=31.0601127266
force_impulse_Ns=0.0113660465693
initial_hammer_energy_J=0.01782208366
maximum_mechanical_energy_J=0.0203246075722
maximum_mechanical_energy_ratio=1.14041702194
string_energy_at_release_J=0.0157162634493
string_energy_at_release_ratio=0.881842086995
final_hammer_energy_J=0.00460735182117
final_string_energy_J=0.0145689460369
rebound_velocity_m_s=0.783781587023
physical_f0_hz=261.626
configured_f0_hz=261.626
f0_relative_error=0
integer_spatial_port_pass=1
strike_reset_position_error_m=0",,7184.804299327962,285,lhs_0248,0.005760119621492703,,,,,,,,,,0.9405060691310742,2.155237796514125,,,space_filling,FAIL,0.0004938682201489051,666.3156439374294,0.8939011682537062
0.7311316891588938,,False,442.3507982134812,286,lhs_0249,0.006674193659850853,1.0,1.5435510759764075,12.9443140935555,5.510204081632658,5.668934240362809,0.039989758267165165,0.4000000000000009,-1.23838905326,0.6666666666666692,1.4279788858283677,1.9455578863227236,5.950142474895895,4.2535613099931355,space_filling,PASS,6.0501220856897836e-05,772.0533493146769,1.3572182425818111
0.07484499985446474,"delay: 84.2806, f0: 261.626, z: 2.3808
status=FAIL
velocity_m_s=2.51812854666
hardness_N_per_mm_p=9533.1757903
p=3.08468379007
epsilon=0.0748449998545
tau0_s=0.000343506329615
linear_density_kg_m=0.00625956618153
tension_N=724.090321918
force_log=""/var/folders/zh/nj8dx9w152qdp4y5nkg5xm540000gn/T/bbpiano-hammer-search-mw4ssmci/force_110.txt""
positive_force_samples=244
contact_span_s=0.00551020408163
maximum_force_N=52.9879988447
force_impulse_Ns=0.0692347811473
initial_hammer_energy_J=0.0475572853313
maximum_mechanical_energy_J=0.0540926204396
maximum_mechanical_energy_ratio=1.13742027247
string_energy_at_release_J=0.0173391105466
string_energy_at_release_ratio=0.364594203092
final_hammer_energy_J=0.0329970371863
final_string_energy_J=0.0162921310768
rebound_velocity_m_s=-2.09752352983
physical_f0_hz=261.626
configured_f0_hz=261.626
f0_relative_error=0
integer_spatial_port_pass=1
strike_reset_position_error_m=0",,9533.175790303816,287,lhs_0250,0.0062595661815285095,,,,,,,,,,0.770342323762226,3.0846837900690645,,,space_filling,FAIL,0.0003435063296151762,724.0903219182231,0.7321695476165611
0.8951319080675106,"delay: 84.2806, f0: 261.626, z: 2.3808
status=FAIL
velocity_m_s=2.98428192705
hardness_N_per_mm_p=2028.33051083
p=3.24362800689
epsilon=0.895131908068
tau0_s=0.00061412403031
linear_density_kg_m=0.00579071459037
tension_N=669.854790298
force_log=""/var/folders/zh/nj8dx9w152qdp4y5nkg5xm540000gn/T/bbpiano-hammer-search-gc010p9e/force_110.txt""
positive_force_samples=100
contact_span_s=0.00224489795918
maximum_force_N=52.3987539698
force_impulse_Ns=0.0265833402308
initial_hammer_energy_J=0.066794539651
maximum_mechanical_energy_J=0.0702091721106
maximum_mechanical_energy_ratio=1.05112143114
string_energy_at_release_J=0.0591834517568
string_energy_at_release_ratio=0.886052244181
final_hammer_energy_J=0.0110181571004
final_string_energy_J=0.0549351432666
rebound_velocity_m_s=1.212059245
physical_f0_hz=261.626
configured_f0_hz=261.626
f0_relative_error=0
integer_spatial_port_pass=1
strike_reset_position_error_m=0",,2028.3305108294912,288,lhs_0251,0.005790714590374936,,,,,,,,,,0.9129473066398405,3.2436280068903987,,,space_filling,FAIL,0.0006141240303097695,669.8547902975059,0.867708025226676
0.4183662491139956,,False,253.01079227700924,289,lhs_0252,0.006666707731950585,1.0,0.8583515445724261,12.7161936735026,5.487528344671206,5.668934240362809,0.0357717412766687,0.39199999999999957,-1.10261007641,0.644736842105262,1.2822280534162251,2.3195337865562875,4.548430629240595,3.218786458948723,space_filling,PASS,0.00037825140172812426,771.1873966614152,1.2186898017313066
0.4290947672880189,"delay: 84.2806, f0: 261.626, z: 2.3808
status=FAIL
velocity_m_s=1.33826793276
hardness_N_per_mm_p=33168.0345818
p=3.13208373144
epsilon=0.429094767288
tau0_s=0.000151376448525
linear_density_kg_m=0.00643222300357
tension_N=744.062813658
force_log=""/var/folders/zh/nj8dx9w152qdp4y5nkg5xm540000gn/T/bbpiano-hammer-search-d4vlmpqt/force_95.txt""
positive_force_samples=91
contact_span_s=0.00204081632653
maximum_force_N=30.1248706675
force_impulse_Ns=0.0106882601032
initial_hammer_energy_J=0.0134322079489
maximum_mechanical_energy_J=0.0150045571674
maximum_mechanical_energy_ratio=1.11705813553
string_energy_at_release_J=0.0120673340287
string_energy_at_release_ratio=0.89838796977
final_hammer_energy_J=0.00293641566357
final_string_energy_J=0.0111869751317
rebound_velocity_m_s=0.625717259212
physical_f0_hz=261.626
configured_f0_hz=261.626
f0_relative_error=0
integer_spatial_port_pass=1
strike_reset_position_error_m=0",,33168.03458183288,290,lhs_0253,0.006432223003571453,,,,,,,,,,0.8164997700255399,3.1320837314409324,,,space_filling,FAIL,0.00015137644852506076,744.0628136578862,0.7760397537668562
0.48993310831019465,"delay: 84.2806, f0: 261.626, z: 2.3808
status=FAIL
velocity_m_s=1.38402976539
hardness_N_per_mm_p=6950.25357865
p=2.1787822088
epsilon=0.48993310831
tau0_s=0.00166994436195
linear_density_kg_m=0.00649983723592
tension_N=751.884252052
force_log=""/var/folders/zh/nj8dx9w152qdp4y5nkg5xm540000gn/T/bbpiano-hammer-search-cp89wmrp/force_80.txt""
positive_force_samples=170
contact_span_s=0.00383219954649
maximum_force_N=32.1770322733
force_impulse_Ns=0.0281930933615
initial_hammer_energy_J=0.0143665379362
maximum_mechanical_energy_J=0.0199577341831
maximum_mechanical_energy_ratio=1.38918188026
string_energy_at_release_J=0.0181161520275
string_energy_at_release_ratio=1.2609963589
final_hammer_energy_J=0.00184147465505
final_string_energy_J=0.0169060819042
rebound_velocity_m_s=-0.495509792039
physical_f0_hz=261.626
configured_f0_hz=261.626
f0_relative_error=0
integer_spatial_port_pass=1
strike_reset_position_error_m=0",,6950.253578652624,291,lhs_0254,0.006499837235917143,,,,,,,,,,1.3840297653918876,2.1787822088049467,,,space_filling,FAIL,0.0016699443619501667,751.8842520524379,1.3154469330801206
0.6802784225039745,"delay: 84.2806, f0: 261.626, z: 2.3808
status=FAIL
velocity_m_s=2.02878450275
hardness_N_per_mm_p=3942.00695004
p=3.02222012462
epsilon=0.680278422504
tau0_s=0.000259015859663
linear_density_kg_m=0.00625063912037
tension_N=723.057662721
force_log=""/var/folders/zh/nj8dx9w152qdp4y5nkg5xm540000gn/T/bbpiano-hammer-search-wl3egoz8/force_95.txt""
positive_force_samples=114
contact_span_s=0.00256235827664
maximum_force_N=33.524872216
force_impulse_Ns=0.0245684988337
initial_hammer_energy_J=0.0308697491896
maximum_mechanical_energy_J=0.032361397805
maximum_mechanical_energy_ratio=1.04832072351
string_energy_at_release_J=0.0312133703695
string_energy_at_release_ratio=1.011131324
final_hammer_energy_J=0.00114593066458
final_string_energy_J=0.0290115673965
rebound_velocity_m_s=0.390884580506
physical_f0_hz=261.626
configured_f0_hz=261.626
f0_relative_error=0
integer_spatial_port_pass=1
strike_reset_position_error_m=0",,3942.0069500383115,292,lhs_0255,0.006250639120369401,,,,,,,,,,1.2377955410714245,3.0222201246209703,,,space_filling,FAIL,0.00025901585966281866,723.0576627209201,1.1764590538423962
0.2448046060651139,,False,207.88489784786194,293,lhs_0256,0.005738619158455458,1.0,1.669409529421183,13.9063871049752,6.643990929705213,6.870748299319729,0.044224394510978746,0.6138613861386133,-1.43923131539,1.5897435897435863,1.509089246269017,3.388801253838902,6.8917169541519545,4.397829531480208,space_filling,PASS,0.00021554892561526524,663.8285263400518,1.4343093410181689
0.08590868658992334,,False,5126.671226005574,294,lhs_0257,0.006569015122120988,1.0,1.3225026743835766,10.0167804801427,5.351473922902494,5.71428571428572,0.024845859307542715,0.7023809523809514,-0.767198464629,2.359999999999989,0.8892052221820641,3.27074685688819,5.491880388987351,3.882242662960119,space_filling,PASS,5.3479131776841826e-05,759.8865698550325,0.8451424323717652
0.6888442031269897,"delay: 84.2806, f0: 261.626, z: 2.3808
status=FAIL
velocity_m_s=2.52966790016
hardness_N_per_mm_p=5283.37117449
p=3.26053673199
epsilon=0.688844203127
tau0_s=0.000168056591825
linear_density_kg_m=0.0057579105237
tension_N=666.060101255
force_log=""/var/folders/zh/nj8dx9w152qdp4y5nkg5xm540000gn/T/bbpiano-hammer-search-uci4e7k8/force_110.txt""
positive_force_samples=91
contact_span_s=0.00204081632653
maximum_force_N=46.0979719256
force_impulse_Ns=0.0180860471632
initial_hammer_energy_J=0.0479941476381
maximum_mechanical_energy_J=0.0505469870891
maximum_mechanical_energy_ratio=1.05319064046
string_energy_at_release_J=0.0373983567206
string_energy_at_release_ratio=0.779227438366
final_hammer_energy_J=0.0131459580883
final_string_energy_J=0.0346732272029
rebound_velocity_m_s=1.32393142261
physical_f0_hz=261.626
configured_f0_hz=261.626
f0_relative_error=0
integer_spatial_port_pass=1
strike_reset_position_error_m=0",,5283.371174487332,295,lhs_0258,0.005757910523700178,,,,,,,,,,0.7738724264637784,3.260536731988518,,,space_filling,FAIL,0.00016805659182513946,666.0601012551812,0.7355247231253046
0.8091133746921004,"delay: 84.2806, f0: 261.626, z: 2.3808
status=FAIL
velocity_m_s=0.449687994865
hardness_N_per_mm_p=20950.806333
p=1.92608622857
epsilon=0.809113374692
tau0_s=0.00186752712634
linear_density_kg_m=0.00582831583254
tension_N=674.204404113
force_log=""/var/folders/zh/nj8dx9w152qdp4y5nkg5xm540000gn/T/bbpiano-hammer-search-mdpztlq6/force_50.txt""
positive_force_samples=85
contact_span_s=0.00190476190476
maximum_force_N=10.3683348743
force_impulse_Ns=0.00290975925686
initial_hammer_energy_J=0.00151664469544
maximum_mechanical_energy_J=0.00166640645002
maximum_mechanical_energy_ratio=1.09874544448
string_energy_at_release_J=0.00117593304496
string_energy_at_release_ratio=0.775351701352
final_hammer_energy_J=0.000490384187447
final_string_energy_J=0.00108973293282
rebound_velocity_m_s=0.255704044407
physical_f0_hz=261.626
configured_f0_hz=261.626
f0_relative_error=0
integer_spatial_port_pass=1
strike_reset_position_error_m=0",,20950.806333018667,296,lhs_0259,0.005828315832537389,,,,,,,,,,0.9061739626404982,1.926086228565901,,,space_filling,FAIL,0.0018675271263374467,674.2044041129616,0.8612703207687025
0.5796097163069116,"delay: 84.2806, f0: 261.626, z: 2.3808
status=FAIL
velocity_m_s=0.513797842036
hardness_N_per_mm_p=27420.1513185
p=1.64171943837
epsilon=0.579609716307
tau0_s=0.000400371039177
linear_density_kg_m=0.00610086057274
tension_N=705.731670212
force_log=""/var/folders/zh/nj8dx9w152qdp4y5nkg5xm540000gn/T/bbpiano-hammer-search-3ym0_ij_/force_50.txt""
positive_force_samples=1
contact_span_s=0
maximum_force_N=18.0514668272
force_impulse_Ns=0.000409330313543
initial_hammer_energy_J=0.0019799116686
maximum_mechanical_energy_J=0.00305272381764
maximum_mechanical_energy_ratio=1.54184849054
string_energy_at_release_J=0.0012775401373
string_energy_at_release_ratio=0.645251077388
final_hammer_energy_J=0.00177518368034
final_string_energy_J=0.00117442172702
rebound_velocity_m_s=0.486509154466
physical_f0_hz=261.626
configured_f0_hz=261.626
f0_relative_error=0
integer_spatial_port_pass=1
strike_reset_position_error_m=0",,27420.15131851384,297,lhs_0260,0.006100860572739232,,,,,,,,,,1.035362811171371,1.6417194383678195,,,space_filling,FAIL,0.00040037103917737625,705.7316702120447,0.9840574737891943
0.5582143604295452,,False,776.8360557020166,298,lhs_0261,0.00658726764101424,1.0,0.9500199484665506,7.6170976402653,5.419501133786844,5.646258503401359,0.020931559067439594,0.40562248995983996,-0.635920406499,0.6824324324324341,0.7595217577159856,2.98675051379215,4.705041951782366,3.2124363110236978,space_filling,PASS,0.0014139121721619065,761.9979737283926,0.7218851731214161
0.6853329408587767,"delay: 84.2806, f0: 261.626, z: 2.3808
status=FAIL
velocity_m_s=0.574556053395
hardness_N_per_mm_p=12034.8754257
p=1.69766355916
epsilon=0.685332940859
tau0_s=0.000115185631002
linear_density_kg_m=0.00629878422568
tension_N=728.626963179
force_log=""/var/folders/zh/nj8dx9w152qdp4y5nkg5xm540000gn/T/bbpiano-hammer-search-4au6bg1c/force_50.txt""
positive_force_samples=1
contact_span_s=0
maximum_force_N=7.10875190461
force_impulse_Ns=0.000161196188313
initial_hammer_energy_J=0.0024758599387
maximum_mechanical_energy_J=0.00257600792229
maximum_mechanical_energy_ratio=1.04044977748
string_energy_at_release_J=0.000191898088998
string_energy_at_release_ratio=0.0775076513815
final_hammer_energy_J=0.00238410983329
final_string_energy_J=0.000176408776414
rebound_velocity_m_s=0.563809640841
physical_f0_hz=261.626
configured_f0_hz=261.626
f0_relative_error=0
integer_spatial_port_pass=1
strike_reset_position_error_m=0",,12034.875425719814,299,lhs_0262,0.006298784225675343,,,,,,,,,,1.1577977211072192,1.6976635591626263,,,space_filling,FAIL,0.00011518563100211001,728.6269631786163,1.1004253661599548
0.7116827894929247,"delay: 84.2806, f0: 261.626, z: 2.3808
status=FAIL
velocity_m_s=2.0464376408
hardness_N_per_mm_p=1895.75315963
p=2.10809227901
epsilon=0.711682789493
tau0_s=0.000425409664075
linear_density_kg_m=0.00644591604384
tension_N=745.646788913
force_log=""/var/folders/zh/nj8dx9w152qdp4y5nkg5xm540000gn/T/bbpiano-hammer-search-h7x5ajm2/force_95.txt""
positive_force_samples=186
contact_span_s=0.00419501133787
maximum_force_N=29.7635810487
force_impulse_Ns=0.0478246170288
initial_hammer_energy_J=0.0314093026325
maximum_mechanical_energy_J=0.031595479462
maximum_mechanical_energy_ratio=1.00592744232
string_energy_at_release_J=0.0218143437521
string_energy_at_release_ratio=0.69451856373
final_hammer_energy_J=0.00977900598646
final_string_energy_J=0.0204062907138
rebound_velocity_m_s=-1.14187016112
physical_f0_hz=261.626
configured_f0_hz=261.626
f0_relative_error=0
integer_spatial_port_pass=1
strike_reset_position_error_m=0",,1895.753159625234,300,lhs_0263,0.006445916043840888,,,,,,,,,,1.2485660174452025,2.10809227900757,,,space_filling,FAIL,0.00042540966407450537,745.646788912592,1.1866958207588119
0.5671522500021491,,False,618.7665560801498,301,lhs_0264,0.006069769292307249,1.0,1.6232066111467738,7.2983550074416,6.5532879818594125,6.757369614512469,0.024668693378132534,0.348993288590604,-0.792805885071,0.5360824742268041,0.8518305629561262,3.3054131668856073,5.98143008908344,4.468422449732397,space_filling,PASS,0.00019546747382420915,702.1351118238167,0.80961979977885
0.5623656489609725,,False,107.9267354169861,302,lhs_0265,0.006527784229636072,1.0,2.7262923249377735,9.2826443600451,5.827664399092967,6.848072562358279,0.03055764429922518,0.37417218543046316,-0.969969875439,0.5978835978835968,1.0672809184710201,1.888739734917413,5.905566565290906,3.700746390838904,space_filling,PASS,5.8729562519030264e-05,755.1170875384339,1.0143939429945057
0.8938292767492394,"delay: 84.2806, f0: 261.626, z: 2.3808
status=FAIL
velocity_m_s=0.856798958491
hardness_N_per_mm_p=15100.9723892
p=3.31097858222
epsilon=0.893829276749
tau0_s=0.000287052906488
linear_density_kg_m=0.00572335946533
tension_N=662.063324761
force_log=""/var/folders/zh/nj8dx9w152qdp4y5nkg5xm540000gn/T/bbpiano-hammer-search-_5mdskmo/force_65.txt""
positive_force_samples=109
contact_span_s=0.00244897959184
maximum_force_N=14.8409872068
force_impulse_Ns=0.00868201728594
initial_hammer_energy_J=0.00550578341454
maximum_mechanical_energy_J=0.00564706120229
maximum_mechanical_energy_ratio=1.02565988836
string_energy_at_release_J=0.00506691017058
string_energy_at_release_ratio=0.92028868357
final_hammer_energy_J=0.000579620851452
final_string_energy_J=0.00470743598169
rebound_velocity_m_s=0.277997806095
physical_f0_hz=261.626
configured_f0_hz=261.626
f0_relative_error=0
integer_spatial_port_pass=1
strike_reset_position_error_m=0",,15100.972389158238,303,lhs_0266,0.005723359465330925,,,,,,,,,,1.259275715084683,3.310978582222188,,,space_filling,FAIL,0.00028705290648826833,662.0633247611432,1.1968748207097855
0.5282774251256275,"delay: 84.2806, f0: 261.626, z: 2.3808
status=FAIL
velocity_m_s=0.549138140877
hardness_N_per_mm_p=24716.1420892
p=2.13953736287
epsilon=0.528277425126
tau0_s=0.000128644231557
linear_density_kg_m=0.00620862071973
tension_N=718.197083511
force_log=""/var/folders/zh/nj8dx9w152qdp4y5nkg5xm540000gn/T/bbpiano-hammer-search-3f0qf8y2/force_50.txt""
positive_force_samples=90
contact_span_s=0.00201814058957
maximum_force_N=14.4844392098
force_impulse_Ns=0.0043266133609
initial_hammer_energy_J=0.00226164523324
maximum_mechanical_energy_J=0.00267231302607
maximum_mechanical_energy_ratio=1.18157922683
string_energy_at_release_J=0.00216245965712
string_energy_at_release_ratio=0.95614450283
final_hammer_energy_J=0.00050972292177
final_string_energy_J=0.0020045304212
rebound_velocity_m_s=0.26069725015
physical_f0_hz=261.626
configured_f0_hz=261.626
f0_relative_error=0
integer_spatial_port_pass=1
strike_reset_position_error_m=0",,24716.142089171288,304,lhs_0267,0.00620862071973127,,,,,,,,,,1.1065776512556396,2.1395373628657635,,,space_filling,FAIL,0.0001286442315569225,718.1970835110805,1.051743404627623
0.7950789000507975,,False,521.2745418833422,305,lhs_0268,0.005799277416293553,1.0,0.987506096592293,10.0210397778513,6.439909297052157,6.553287981859409,0.03164022297443256,0.6193771626297572,-1.00553006004,1.6272727272727232,1.1039563775682062,2.619036416424831,6.131060668633042,3.52261509055875,space_filling,PASS,0.000322622255692251,670.8453157103112,1.0492520229253506
0.14613764142536462,,False,138.76803254070856,306,lhs_0269,0.006577612931844371,1.0,2.0660357303878927,9.62226571796038,5.62358276643991,5.941043083900229,0.02795925702832265,0.41984732824427495,-0.874978980507,0.7236842105263163,0.9890156786015971,3.045712661481244,6.76505864221633,3.691840645390173,space_filling,PASS,0.0018496284385154363,760.8811421033085,0.9400069808587159
0.34519499669646614,"delay: 84.2806, f0: 261.626, z: 2.3808
status=FAIL
velocity_m_s=3.97113587416
hardness_N_per_mm_p=1736.03264278
p=3.32208728322
epsilon=0.345194996696
tau0_s=0.000146821456678
linear_density_kg_m=0.00571931055847
tension_N=661.594957755
force_log=""/var/folders/zh/nj8dx9w152qdp4y5nkg5xm540000gn/T/bbpiano-hammer-search-trcvy_85/force_110.txt""
positive_force_samples=285
contact_span_s=0.00643990929705
maximum_force_N=62.1610672323
force_impulse_Ns=0.116282217022
initial_hammer_energy_J=0.118274400983
maximum_mechanical_energy_J=0.128919937903
maximum_mechanical_energy_ratio=1.09000710916
string_energy_at_release_J=0.0207958501793
string_energy_at_release_ratio=0.17582714439
final_hammer_energy_J=0.107220383957
final_string_energy_J=0.019656631587
rebound_velocity_m_s=-3.78101192729
physical_f0_hz=261.626
configured_f0_hz=261.626
f0_relative_error=0
integer_spatial_port_pass=1
strike_reset_position_error_m=0",,1736.0326427792766,307,lhs_0270,0.005719310558470625,,,,,,,,,,1.2148442704934121,3.3220872832177957,,,space_filling,FAIL,0.0001468214566782873,661.594957755049,1.1546450876640102
0.19734003429272873,,False,3004.267716940579,308,lhs_0271,0.00678276154842791,1.0,1.4472724625180344,9.42434881212771,5.238095238095237,5.419501133786849,0.022080069468545196,0.7322175732217573,-0.679984941999,2.734375,0.7920995338934492,2.656642485299185,5.6701584264496,3.847163742018197,space_filling,PASS,0.0014464843791573074,784.6122000576762,0.7528486226300911
0.7278878089622697,,False,112.06337776752403,309,lhs_0272,0.0062140665648491526,1.0,2.799189217708986,6.35571364845785,5.759637188208618,6.03174603174603,0.020118394508488166,0.43233082706766857,-0.591632090282,0.7615894039735082,0.7496398514676866,2.9352579689175293,8.49683013878391,6.326099836962685,space_filling,PASS,0.001081991570596991,718.8270446985124,0.7124929450116185
0.5542575852631273,"delay: 84.2806, f0: 261.626, z: 2.3808
status=FAIL
velocity_m_s=1.00059894394
hardness_N_per_mm_p=37354.3852087
p=3.4846899769
epsilon=0.554257585263
tau0_s=0.000680247833335
linear_density_kg_m=0.00589237496223
tension_N=681.614597487
force_log=""/var/folders/zh/nj8dx9w152qdp4y5nkg5xm540000gn/T/bbpiano-hammer-search-mp_pnbc4/force_80.txt""
positive_force_samples=250
contact_span_s=0.0056462585034
maximum_force_N=18.3313817275
force_impulse_Ns=0.0271713906006
initial_hammer_energy_J=0.00750898684962
maximum_mechanical_energy_J=0.00956727427743
maximum_mechanical_energy_ratio=1.27410987248
string_energy_at_release_J=0.00463127238052
string_energy_at_release_ratio=0.616763948755
final_hammer_energy_J=0.00493080434824
final_string_energy_J=0.00435095817913
rebound_velocity_m_s=-0.810827096097
physical_f0_hz=261.626
configured_f0_hz=261.626
f0_relative_error=0
integer_spatial_port_pass=1
strike_reset_position_error_m=0",,37354.38520869191,310,lhs_0273,0.005892374962228731,,,,,,,,,,1.000598943940801,3.4846899769045496,,,space_filling,FAIL,0.0006802478333350066,681.6145974865667,0.9510162606058135
0.20406834023981857,,False,646.2484691128094,311,lhs_0274,0.006497571409408697,1.0,1.5512628259575942,16.3880786473141,5.328798185941039,5.487528344671199,0.03877701004993372,0.7148760330578522,-1.18951973368,2.5072463768116062,1.3965082328877931,1.833995379312436,5.36627351291215,3.820780291020278,space_filling,PASS,0.00015813901863861023,751.6221471399996,1.32730705502799
0.6974205779732522,"delay: 84.2806, f0: 261.626, z: 2.3808
status=FAIL
velocity_m_s=0.399841899163
hardness_N_per_mm_p=33510.8412109
p=2.32642552101
epsilon=0.697420577973
tau0_s=9.2368210446e-05
linear_density_kg_m=0.00613840710987
tension_N=710.074955892
force_log=""/var/folders/zh/nj8dx9w152qdp4y5nkg5xm540000gn/T/bbpiano-hammer-search-fhxpotvs/force_50.txt""
positive_force_samples=90
contact_span_s=0.00201814058957
maximum_force_N=8.38068058936
force_impulse_Ns=0.00300385713893
initial_hammer_energy_J=0.00119905158245
maximum_mechanical_energy_J=0.00129750316113
maximum_mechanical_energy_ratio=1.08210787603
string_energy_at_release_J=0.000998679067081
string_energy_at_release_ratio=0.83289082947
final_hammer_energy_J=0.000298755562907
final_string_energy_J=0.000925801764831
rebound_velocity_m_s=0.199584756568
physical_f0_hz=261.626
configured_f0_hz=261.626
f0_relative_error=0
integer_spatial_port_pass=1
strike_reset_position_error_m=0",,33510.84121086645,312,lhs_0275,0.006138407109872577,,,,,,,,,,0.8057282434299364,2.3264255210126583,,,space_filling,FAIL,9.236821044602147e-05,710.0749558921332,0.7658019886702613
0.33448359004949135,,False,306.08056558191885,313,lhs_0276,0.005923980110666256,1.0,1.5331161783927985,7.73404229846861,6.598639455782314,6.78004535147392,0.02500410133461418,0.6254180602006686,-0.80881371992,1.669642857142855,0.8581727332237513,2.5937737789033903,8.937531766980412,4.948426246976242,space_filling,PASS,0.0003573105368416236,685.2705987880519,0.8156476964587001
0.7635139104894267,"delay: 84.2806, f0: 261.626, z: 2.3808
status=FAIL
velocity_m_s=0.963572367516
hardness_N_per_mm_p=10863.1501373
p=3.36255731197
epsilon=0.763513910489
tau0_s=5.85344736833e-05
linear_density_kg_m=0.00628941598089
tension_N=727.543269008
force_log=""/var/folders/zh/nj8dx9w152qdp4y5nkg5xm540000gn/T/bbpiano-hammer-search-w3y6e67v/force_65.txt""
positive_force_samples=120
contact_span_s=0.00269841269841
maximum_force_N=16.9186222373
force_impulse_Ns=0.012225773983
initial_hammer_energy_J=0.0069635378058
maximum_mechanical_energy_J=0.00706101369618
maximum_mechanical_energy_ratio=1.01399804138
string_energy_at_release_J=0.00689502443119
string_energy_at_release_ratio=0.990161125492
final_hammer_energy_J=0.000165438140395
final_string_energy_J=0.00641400303233
rebound_velocity_m_s=0.148520768646
physical_f0_hz=261.626
configured_f0_hz=261.626
f0_relative_error=0
integer_spatial_port_pass=1
strike_reset_position_error_m=0",,10863.150137324852,314,lhs_0277,0.006289415980887525,,,,,,,,,,1.4162053654639786,3.362557311974175,,,space_filling,FAIL,5.853447368334e-05,727.543269007567,1.3460281355175263
0.8649485681690877,,False,304.89369205541885,315,lhs_0278,0.006277236155821927,1.0,0.8943848893188444,13.5563040000948,5.442176870748295,5.646258503401359,0.03675072020980706,0.7269076305220892,-1.09123779356,2.6617647058823635,1.3588736899624123,2.620493812884707,4.435346547921751,3.0833134374304647,space_filling,PASS,0.0015207417264948865,726.1343385486668,1.2915374167535945
0.26217601622088405,"delay: 84.2806, f0: 261.626, z: 2.3808
status=FAIL
velocity_m_s=0.617475345397
hardness_N_per_mm_p=3321.06225699
p=1.54071851332
epsilon=0.262176016221
tau0_s=0.00156618776155
linear_density_kg_m=0.00650333618474
tension_N=752.289001344
force_log=""/var/folders/zh/nj8dx9w152qdp4y5nkg5xm540000gn/T/bbpiano-hammer-search-hlaay2h0/force_50.txt""
positive_force_samples=169
contact_span_s=0.00380952380952
maximum_force_N=13.8377498764
force_impulse_Ns=0.0125102230176
initial_hammer_energy_J=0.0028595685163
maximum_mechanical_energy_J=0.0043507102023
maximum_mechanical_energy_ratio=1.52145688327
string_energy_at_release_J=0.00399902498164
string_energy_at_release_ratio=1.39847146828
final_hammer_energy_J=0.00035167023584
final_string_energy_J=0.0037309105974
rebound_velocity_m_s=-0.21653952244
physical_f0_hz=261.626
configured_f0_hz=261.626
f0_relative_error=0
integer_spatial_port_pass=1
strike_reset_position_error_m=0",,3321.062256991569,316,lhs_0279,0.006503336184737547,,,,,,,,,,1.2442851198186207,1.5407185133171912,,,space_filling,FAIL,0.001566187761553202,752.289001344045,1.1826270544688597
0.6328053977511182,,False,1267.7679938648707,317,lhs_0280,0.006654466508043801,1.0,1.2365372320706745,9.54641316162505,5.306122448979597,5.464852607709749,0.02424473296081145,0.7344398340248961,-0.735129392555,2.7656249999999982,0.8812646647088784,2.612001865349634,4.835563488284446,3.4724722409321096,space_filling,PASS,0.0013157040346996624,769.7713637443909,0.8375953533737273
0.8575348052173691,,False,1513.5896879934512,318,lhs_0281,0.005823790694460313,1.0,3.0816474169144206,11.6306138226565,6.417233560090707,6.50793650793651,0.03757042251106448,0.6097560975609756,-1.20126271812,1.5624999999999998,1.3036317221754363,2.9644340988415063,11.565697514026036,7.372515393329575,space_filling,PASS,0.0001268811997758202,673.680947919364,1.239032854409798
0.5222059328922445,"delay: 84.2806, f0: 261.626, z: 2.3808
status=FAIL
velocity_m_s=0.456965257429
hardness_N_per_mm_p=35578.7248381
p=2.4142000611
epsilon=0.522205932892
tau0_s=0.000113265903139
linear_density_kg_m=0.00605032546728
tension_N=699.885900758
force_log=""/var/folders/zh/nj8dx9w152qdp4y5nkg5xm540000gn/T/bbpiano-hammer-search-60bg6mi3/force_50.txt""
positive_force_samples=96
contact_span_s=0.00215419501134
maximum_force_N=10.8098613849
force_impulse_Ns=0.00401545599341
initial_hammer_energy_J=0.00156612934873
maximum_mechanical_energy_J=0.00181152476605
maximum_mechanical_energy_ratio=1.15668911225
string_energy_at_release_J=0.00154266720709
string_energy_at_release_ratio=0.985019026903
final_hammer_energy_J=0.000268668361505
final_string_energy_J=0.00143107299598
rebound_velocity_m_s=0.189268191201
physical_f0_hz=261.626
configured_f0_hz=261.626
f0_relative_error=2.17269762412e-16
integer_spatial_port_pass=1
strike_reset_position_error_m=0",,35578.72483805696,319,lhs_0282,0.0060503254672823565,,,,,,,,,,0.9208384987855818,2.4142000610950447,,,space_filling,FAIL,0.00011326590313894703,699.8859007581774,0.8752081850975312
0.8462821139786278,,False,189.94219861385233,320,lhs_0283,0.005717656192692778,1.0,2.1465388163620154,7.78618320350913,6.870748299319724,7.074829931972789,0.03124530762851321,0.3750000000000004,-0.999221564062,0.6000000000000011,1.0838285436892678,2.264684179410125,7.023778528214408,4.725380533252452,space_filling,PASS,5.213275754292277e-05,661.4035850282638,1.0301215836763806
0.13772842276433173,"delay: 84.2806, f0: 261.626, z: 2.3808
status=FAIL
velocity_m_s=4.92808496068
hardness_N_per_mm_p=2218.43105382
p=2.14933633978
epsilon=0.137728422764
tau0_s=0.000101804941187
linear_density_kg_m=0.00633869740304
tension_N=733.24401564
force_log=""/var/folders/zh/nj8dx9w152qdp4y5nkg5xm540000gn/T/bbpiano-hammer-search-vfzy7z64/force_110.txt""
positive_force_samples=88
contact_span_s=0.00197278911565
maximum_force_N=97.5383156769
force_impulse_Ns=0.0366940497752
initial_hammer_energy_J=0.182145160348
maximum_mechanical_energy_J=0.193596935109
maximum_mechanical_energy_ratio=1.06287169387
string_energy_at_release_J=0.147390441519
string_energy_at_release_ratio=0.809192191754
final_hammer_energy_J=0.0461955418008
final_string_energy_J=0.136612202901
rebound_velocity_m_s=2.48181497567
physical_f0_hz=261.626
configured_f0_hz=261.626
f0_relative_error=0
integer_spatial_port_pass=1
strike_reset_position_error_m=0",,2218.431053823836,321,lhs_0284,0.006338697403042165,,,,,,,,,,1.5075927816874783,2.149336339775767,,,space_filling,FAIL,0.00010180494118674417,733.2440156404315,1.432887030751821
0.4665223544412124,,False,2146.90323025498,322,lhs_0285,0.0057507804475850815,1.0,0.9388612449546576,8.9742183506936,6.417233560090707,6.530612244897959,0.025597362012257232,0.6111111111111109,-0.829078734936,1.5714285714285707,0.8774901034952733,2.822724694087676,3.4065909483986543,2.8591866036555516,space_filling,PASS,0.0004468325793992358,665.2353126101283,0.8340078330065233
0.23425230634463978,,False,1044.5540897086062,323,lhs_0286,0.005820061417278053,1.0,1.4278353138502378,14.8839238587925,5.555555555555556,5.78231292517007,0.03719591046973145,0.6862745098039215,-1.11897427026,2.1874999999999996,1.3608455327776698,2.693824755508542,5.590197558802881,3.778728775197023,space_filling,PASS,0.0009895964342703195,673.2495548424135,1.293411548834209
0.7845976897078871,,False,1978.2017103660032,324,lhs_0287,0.00653466526831077,1.0,3.5209823175963906,11.045759317441,5.419501133786849,5.532879818594109,0.03141905952952162,0.6967213114754086,-0.958845547715,2.2972972972972845,1.13646888628514,2.0851491913788953,12.319395156950847,7.473485321576221,space_filling,PASS,8.199122729800039e-05,755.9130681806382,1.0801534391722196
0.6290116391688674,,False,100.3209267434974,325,lhs_0288,0.006523078753005127,1.0,2.106983336630884,9.12519211234661,6.530612244897957,6.689342403628118,0.031459505995896316,0.3627118644067789,-0.996713772163,0.5691489361702108,1.1007191730817376,1.8086775467677463,7.588381609173222,4.557035932876331,space_filling,PASS,0.00015627084357704656,754.572770250355,1.0461752316453072
0.35238949277123677,"delay: 84.2806, f0: 261.626, z: 2.3808
status=FAIL
velocity_m_s=4.78029043689
hardness_N_per_mm_p=3217.77594887
p=3.03030807902
epsilon=0.352389492771
tau0_s=0.000219374820806
linear_density_kg_m=0.00643762979106
tension_N=744.68825676
force_log=""/var/folders/zh/nj8dx9w152qdp4y5nkg5xm540000gn/T/bbpiano-hammer-search-oia1ojj_/force_110.txt""
positive_force_samples=90
contact_span_s=0.00201814058957
maximum_force_N=123.010362754
force_impulse_Ns=0.0379031625153
initial_hammer_energy_J=0.171383824958
maximum_mechanical_energy_J=0.200398171163
maximum_mechanical_energy_ratio=1.16929454231
string_energy_at_release_J=0.162304010079
string_energy_at_release_ratio=0.947020584462
final_hammer_energy_J=0.0380840239466
final_string_energy_J=0.150450123749
rebound_velocity_m_s=2.25341293587
physical_f0_hz=261.626
configured_f0_hz=261.626
f0_relative_error=0
integer_spatial_port_pass=1
strike_reset_position_error_m=0",,3217.7759488659417,326,lhs_0289,0.006437629791059156,,,,,,,,,,1.4623796899858628,3.030308079016268,,,space_filling,FAIL,0.00021937482080621465,744.6882567603279,1.3899143835579797
0.6409263316535818,"delay: 84.2806, f0: 261.626, z: 2.3808
status=FAIL
velocity_m_s=1.5306526402
hardness_N_per_mm_p=7816.86251117
p=2.84148478985
epsilon=0.640926331654
tau0_s=5.41337695769e-05
linear_density_kg_m=0.00656484953208
tension_N=759.404705242
force_log=""/var/folders/zh/nj8dx9w152qdp4y5nkg5xm540000gn/T/bbpiano-hammer-search-bp1owvh6/force_95.txt""
positive_force_samples=99
contact_span_s=0.00222222222222
maximum_force_N=39.8714589397
force_impulse_Ns=0.0148902190383
initial_hammer_energy_J=0.0175717312872
maximum_mechanical_energy_J=0.0202385718573
maximum_mechanical_energy_ratio=1.15176879993
string_energy_at_release_J=0.0180658102052
string_energy_at_release_ratio=1.028117828
final_hammer_energy_J=0.00217059896995
final_string_energy_J=0.0167628103023
rebound_velocity_m_s=0.537971370979
physical_f0_hz=261.626
configured_f0_hz=261.626
f0_relative_error=0
integer_spatial_port_pass=1
strike_reset_position_error_m=0",,7816.862511174678,327,lhs_0290,0.006564849532079738,,,,,,,,,,0.9338769151673408,2.8414847898461852,,,space_filling,FAIL,5.413376957685182e-05,759.404705242298,0.8876005087819501
0.24220603075710512,,False,117.09104343417535,328,lhs_0291,0.0060735120125490144,1.0,3.2448387630171864,8.61701961480633,6.825396825396829,7.18820861678005,0.02872032358826159,0.3627760252365922,-0.927500973677,0.5693069306930671,0.9871993457409799,3.2977480440282108,7.7038297177567925,4.948238692936209,space_filling,PASS,0.00013219107796996605,702.568059958898,0.9382806527473584
0.6016387352529317,"delay: 84.2806, f0: 261.626, z: 2.3808
status=FAIL
velocity_m_s=0.78422888056
hardness_N_per_mm_p=30268.0521595
p=2.92098036561
epsilon=0.601638735253
tau0_s=0.000705853139682
linear_density_kg_m=0.00583234004832
tension_N=674.66991492
force_log=""/var/folders/zh/nj8dx9w152qdp4y5nkg5xm540000gn/T/bbpiano-hammer-search-yf5w90hz/force_80.txt""
positive_force_samples=175
contact_span_s=0.00394557823129
maximum_force_N=17.1518684816
force_impulse_Ns=0.0157416752252
initial_hammer_energy_J=0.00461261202829
maximum_mechanical_energy_J=0.00503170908496
maximum_mechanical_energy_ratio=1.09085894372
string_energy_at_release_J=0.00450380020056
string_energy_at_release_ratio=0.976409932798
final_hammer_energy_J=0.000527546984815
final_string_energy_J=0.00420654429212
rebound_velocity_m_s=-0.265216134455
physical_f0_hz=261.626
configured_f0_hz=261.626
f0_relative_error=0
integer_spatial_port_pass=1
strike_reset_position_error_m=0",,30268.05215953242,329,lhs_0292,0.005832340048323443,,,,,,,,,,0.7842288805603945,2.920980365607457,,,space_filling,FAIL,0.0007058531396823981,674.6699149198593,0.7453679838120582
0.5862000861754272,"delay: 84.2806, f0: 261.626, z: 2.3808
status=FAIL
velocity_m_s=4.79487176992
hardness_N_per_mm_p=2436.66440172
p=2.67184075647
epsilon=0.586200086175
tau0_s=0.0008806315112
linear_density_kg_m=0.0066843742091
tension_N=773.231008752
force_log=""/var/folders/zh/nj8dx9w152qdp4y5nkg5xm540000gn/T/bbpiano-hammer-search-6cfkeexr/force_110.txt""
positive_force_samples=88
contact_span_s=0.00197278911565
maximum_force_N=101.461073325
force_impulse_Ns=0.0365042710262
initial_hammer_energy_J=0.172430964675
maximum_mechanical_energy_J=0.18657823636
maximum_mechanical_energy_ratio=1.08204600439
string_energy_at_release_J=0.144751197162
string_energy_at_release_ratio=0.839473336099
final_hammer_energy_J=0.0418163928217
final_string_energy_J=0.134163384627
rebound_velocity_m_s=2.36125370151
physical_f0_hz=261.626
configured_f0_hz=261.626
f0_relative_error=0
integer_spatial_port_pass=1
strike_reset_position_error_m=0",,2436.6644017237354,330,lhs_0293,0.0066843742091042295,,,,,,,,,,1.466840390765679,2.6718407564680313,,,space_filling,FAIL,0.0008806315112000131,773.2310087518332,1.3941540432148194
0.3868902623302985,"delay: 84.2806, f0: 261.626, z: 2.3808
status=FAIL
velocity_m_s=1.1675921528
hardness_N_per_mm_p=39922.2929122
p=3.35312749678
epsilon=0.38689026233
tau0_s=6.57627046247e-05
linear_density_kg_m=0.0065494859496
tension_N=757.627486013
force_log=""/var/folders/zh/nj8dx9w152qdp4y5nkg5xm540000gn/T/bbpiano-hammer-search-vpi6pft3/force_80.txt""
positive_force_samples=100
contact_span_s=0.00224489795918
maximum_force_N=22.4596062302
force_impulse_Ns=0.0115780189656
initial_hammer_energy_J=0.0102245357645
maximum_mechanical_energy_J=0.0110615231191
maximum_mechanical_energy_ratio=1.08186067063
string_energy_at_release_J=0.00988595067975
string_energy_at_release_ratio=0.966885040789
final_hammer_energy_J=0.00117448244764
final_string_energy_J=0.00917549717662
rebound_velocity_m_s=0.395724221757
physical_f0_hz=261.626
configured_f0_hz=261.626
f0_relative_error=0
integer_spatial_port_pass=1
strike_reset_position_error_m=0",,39922.29291221185,331,lhs_0294,0.006549485949596198,,,,,,,,,,1.1675921527967643,3.353127496775221,,,space_filling,FAIL,6.576270462468347e-05,757.6274860127687,1.1097344543381464
0.36207783278801436,"delay: 84.2806, f0: 261.626, z: 2.3808
status=FAIL
velocity_m_s=0.91519951124
hardness_N_per_mm_p=25342.5584445
p=2.53772585881
epsilon=0.362077832788
tau0_s=0.000636839149252
linear_density_kg_m=0.00638876906531
tension_N=739.036175192
force_log=""/var/folders/zh/nj8dx9w152qdp4y5nkg5xm540000gn/T/bbpiano-hammer-search-etzmlx0s/force_80.txt""
positive_force_samples=170
contact_span_s=0.00383219954649
maximum_force_N=20.7774476622
force_impulse_Ns=0.0184078495363
initial_hammer_energy_J=0.00628192609031
maximum_mechanical_energy_J=0.0105519346307
maximum_mechanical_energy_ratio=1.67972919118
string_energy_at_release_J=0.00982186191044
string_energy_at_release_ratio=1.56351121762
final_hammer_energy_J=0.00073003534339
final_string_energy_J=0.00916393318773
rebound_velocity_m_s=-0.311990457843
physical_f0_hz=261.626
configured_f0_hz=261.626
f0_relative_error=0
integer_spatial_port_pass=1
strike_reset_position_error_m=0",,25342.55844449958,332,lhs_0295,0.006388769065307394,,,,,,,,,,0.9151995112400452,2.537725858812132,,,space_filling,FAIL,0.0006368391492524616,739.0361751922547,0.8698486263236253
0.8310654473072534,"delay: 84.2806, f0: 261.626, z: 2.3808
status=FAIL
velocity_m_s=1.42105050948
hardness_N_per_mm_p=14647.5191666
p=3.10313024085
epsilon=0.831065447307
tau0_s=0.00139654984944
linear_density_kg_m=0.00630555977401
tension_N=729.410740973
force_log=""/var/folders/zh/nj8dx9w152qdp4y5nkg5xm540000gn/T/bbpiano-hammer-search-1jv4f3qy/force_80.txt""
positive_force_samples=173
contact_span_s=0.00390022675737
maximum_force_N=31.1682823829
force_impulse_Ns=0.0289650197902
initial_hammer_energy_J=0.0151453841288
maximum_mechanical_energy_J=0.0160627127888
maximum_mechanical_energy_ratio=1.06056820033
string_energy_at_release_J=0.0141112471136
string_energy_at_release_ratio=0.931719327395
final_hammer_energy_J=0.00195037371361
final_string_energy_J=0.0131761268224
rebound_velocity_m_s=-0.509950809864
physical_f0_hz=261.626
configured_f0_hz=261.626
f0_relative_error=0
integer_spatial_port_pass=1
strike_reset_position_error_m=0",,14647.519166611626,333,lhs_0296,0.0063055597740124284,,,,,,,,,,1.4210505094832244,3.1031302408480164,,,space_filling,FAIL,0.001396549849438537,729.4107409731622,1.350633188096467
0.8619435391161198,,False,270.4596370164469,334,lhs_0297,0.005989591800796755,1.0,3.12294265936775,5.4447995803591,6.712018140589571,6.938775510204079,0.02138672852712812,0.3758169934640518,-0.668439467119,0.602094240837695,0.7573474227629168,3.0051997851779135,12.701987687423552,6.687765301720828,space_filling,PASS,0.00012468656078789452,692.8603883118668,0.7198185829966773
0.7098410309781708,"delay: 84.2806, f0: 261.626, z: 2.3808
status=FAIL
velocity_m_s=0.535559061872
hardness_N_per_mm_p=23995.333829
p=2.51223999004
epsilon=0.709841030978
tau0_s=0.00101727385045
linear_density_kg_m=0.00598340703922
tension_N=692.144951191
force_log=""/var/folders/zh/nj8dx9w152qdp4y5nkg5xm540000gn/T/bbpiano-hammer-search-gvkgjgzn/force_65.txt""
positive_force_samples=175
contact_span_s=0.00394557823129
maximum_force_N=10.4494170858
force_impulse_Ns=0.0109167755763
initial_hammer_energy_J=0.00215117631565
maximum_mechanical_energy_J=0.00224312933598
maximum_mechanical_energy_ratio=1.04274545962
string_energy_at_release_J=0.00196582780927
string_energy_at_release_ratio=0.91383853335
final_hammer_energy_J=0.000277131195447
final_string_energy_J=0.00183600531763
rebound_velocity_m_s=-0.192225976547
physical_f0_hz=261.626
configured_f0_hz=261.626
f0_relative_error=0
integer_spatial_port_pass=1
strike_reset_position_error_m=0",,23995.33382898293,335,lhs_0298,0.00598340703921597,,,,,,,,,,0.7871350845201336,2.5122399900448205,,,space_filling,FAIL,0.0010172738504547435,692.1449511914426,0.748130176635752
0.30398079356171515,"delay: 84.2806, f0: 261.626, z: 2.3808
status=FAIL
velocity_m_s=1.73040814603
hardness_N_per_mm_p=17691.7891456
p=2.66522749094
epsilon=0.303980793562
tau0_s=0.000562815819132
linear_density_kg_m=0.00669143200694
tension_N=774.047436434
force_log=""/var/folders/zh/nj8dx9w152qdp4y5nkg5xm540000gn/T/bbpiano-hammer-search-qk_b_av9/force_95.txt""
positive_force_samples=88
contact_span_s=0.00197278911565
maximum_force_N=38.8590575371
force_impulse_Ns=0.013296527663
initial_hammer_energy_J=0.022457342639
maximum_mechanical_energy_J=0.0252715835148
maximum_mechanical_energy_ratio=1.12531495471
string_energy_at_release_J=0.019928015412
string_energy_at_release_ratio=0.887371926961
final_hammer_energy_J=0.0053421777867
final_string_energy_J=0.0184701798174
rebound_velocity_m_s=0.843972968501
physical_f0_hz=261.626
configured_f0_hz=261.626
f0_relative_error=2.17269762412e-16
integer_spatial_port_pass=1
strike_reset_position_error_m=0",,17691.78914560948,336,lhs_0299,0.006691432006939687,,,,,,,,,,1.055751108355008,2.6652274909391,,,space_filling,FAIL,0.0005628158191315839,774.0474364336415,1.0034354696037187
