velocity,pitch,f0,partial,partialFreq,sigma,intercept,r2
50,C8,4186.01,1,4200.32,3.22555,-5.37805,0.999385
50,C8,4186.01,2,8746.52,33.691,-6.7709,0.99892
50,E4,329.628,1,329.727,0.508273,4.39739,0.963151
50,E4,329.628,2,659.454,0.400009,2.4866,0.728562
50,E4,329.628,4,1322.95,0.324406,0.394768,0.659068
50,E4,329.628,5,1658.06,0.435174,0.885633,0.866567
50,E4,329.628,6,1994.51,0.5127,0.0724465,0.827822
50,E4,329.628,7,2335.01,0.627756,-1.21027,0.955291
50,E4,329.628,8,2678.19,0.803036,-1.59679,0.966823
50,E4,329.628,10,3026.76,1.58312,-3.36267,0.807923
50,D1,36.7081,1,36.3373,0.167689,1.09065,0.80862
50,D1,36.7081,2,72.6746,0.171335,4.54505,0.84856
50,D1,36.7081,3,109.012,0.133727,4.30222,0.611427
50,D1,36.7081,4,146.695,0.142966,4.45767,0.758983
50,D1,36.7081,6,219.37,0.144418,2.56441,0.623898
50,D1,36.7081,7,255.707,0.152487,4.30973,0.801521
50,D1,36.7081,8,293.39,0.182726,0.960847,0.928405
50,D1,36.7081,10,366.064,0.154643,3.2012,0.76722
50,D1,36.7081,11,403.748,0.152773,3.05296,0.617098
50,D1,36.7081,12,440.085,0.174828,2.24184,0.66324
50,D1,36.7081,13,477.768,0.220776,3.04049,0.936252
50,D1,36.7081,14,514.105,0.165544,1.78054,0.842927
50,D1,36.7081,15,551.788,0.149263,1.02446,0.666858
50,D1,36.7081,16,589.471,0.163877,0.62557,0.757906
50,D1,36.7081,17,627.155,0.224339,1.22114,0.92812
50,D1,36.7081,18,664.838,0.21245,1.47026,0.863645
50,D1,36.7081,19,702.521,0.194488,0.467014,0.807989
50,D1,36.7081,20,740.204,0.181677,1.6947,0.849786
50,D1,36.7081,21,777.887,0.192347,2.18515,0.836683
50,D1,36.7081,22,815.57,0.207179,2.21063,0.898215
50,D1,36.7081,23,854.599,0.2258,1.04707,0.923877
50,D1,36.7081,24,893.628,0.242918,-1.1774,0.895799
50,D1,36.7081,25,934.003,0.272781,-1.00885,0.895553
50,D1,36.7081,27,1028.21,3.46343,0.668854,0.89732
50,D1,36.7081,34,1329.68,0.383464,-1.3483,0.875661
50,D1,36.7081,35,1371.4,0.453645,-0.110139,0.984602
50,D1,36.7081,36,1413.12,0.502951,-0.43774,0.983641
50,D1,36.7081,37,1454.84,0.52498,-1.25463,0.963663
50,D1,36.7081,38,1496.56,0.500426,-0.519848,0.995774
50,D1,36.7081,39,1540.97,0.486235,-1.87644,0.826638
50,D1,36.7081,40,1581.34,0.70245,-2.27753,0.954806
50,D1,36.7081,41,1624.41,0.623248,-1.82769,0.963191
50,D1,36.7081,42,1667.48,0.60651,-2.06044,0.975294
50,D1,36.7081,43,1710.54,0.663598,-1.75088,0.992537
50,D1,36.7081,44,1753.61,0.772658,-2.00059,0.939711
50,D1,36.7081,52,2160.05,0.977222,-2.59608,0.922062
50,D1,36.7081,68,2570.53,1.29584,-2.60478,0.981246
50,D1,36.7081,69,3083.29,3.30441,-2.66098,0.882173
50,As4,466.164,1,465.656,0.323971,3.17316,0.699645
50,As4,466.164,2,934.003,0.370387,2.04396,0.58883
50,As4,466.164,3,1403.7,0.386258,1.2982,0.623179
50,As4,466.164,4,1877.43,0.517831,-0.931925,0.791692
50,As4,466.164,5,2355.19,0.734678,-1.36814,0.966138
50,As4,466.164,6,2842.38,1.21383,-1.87003,0.960011
50,As4,466.164,7,3332.26,1.02425,-3.52493,0.711227
50,B5,987.767,1,989.182,0.76601,1.67207,0.858105
50,B5,987.767,2,1986.44,1.20175,-0.110681,0.967877
50,B5,987.767,3,3002.54,2.50433,-0.803401,0.91028
50,B5,987.767,4,4041.51,4.33407,-2.21918,0.972376
50,B5,987.767,5,5119.52,7.45371,-3.35811,0.941794
50,B5,987.767,6,6233.86,3.08808,-8.43173,0.682692
50,Ds6,1244.51,1,1247.58,1.1523,2.42083,0.855872
50,Ds6,1244.51,2,2512.66,2.07603,-0.976298,0.946674
50,Ds6,1244.51,3,3808.69,4.97464,-1.5206,0.977714
50,Ds6,1244.51,4,5147.78,7.55126,-4.11198,0.980908
50,D6,1174.66,1,1176.25,1.37303,3.37433,0.930744
50,D6,1174.66,2,2367.31,2.58483,0.108382,0.999139
50,D6,1174.66,3,3581.24,3.53158,-2.15688,0.943391
50,D6,1174.66,4,4151.87,11.3797,-2.04722,0.949218
50,E3,164.814,4,659.454,0.29305,2.10811,0.705372
50,E3,164.814,5,824.991,0.229692,1.26025,0.738363
50,E3,164.814,6,990.527,0.296123,1.26343,0.924578
50,E3,164.814,8,1324.29,0.397042,-0.717614,0.877562
50,E3,164.814,9,1491.17,0.416196,1.0019,0.887309
50,E3,164.814,10,1659.4,0.377388,0.480247,0.835718
50,E3,164.814,11,1828.98,0.403242,-2.29402,0.947721
50,E3,164.814,12,2001.24,0.370834,-0.816026,0.927437
50,E3,164.814,18,2688.96,0.670723,-1.81249,0.892414
50,E3,164.814,19,3217.87,1.44596,-3.35608,0.828383
50,E3,164.814,22,3945.96,2.34219,-3.03249,0.85594
50,E3,164.814,27,4133.03,2.70035,-2.73908,0.923908
50,Ds1,38.8909,1,39.0289,0.183286,1.50751,0.850118
50,Ds1,38.8909,2,78.0579,0.178022,4.57172,0.881677
50,Ds1,38.8909,3,115.741,0.146319,4.70152,0.780895
50,Ds1,38.8909,4,154.77,0.110537,2.69766,0.621211
50,Ds1,38.8909,5,193.799,0.165497,3.57185,0.842276
50,Ds1,38.8909,6,232.828,0.148944,3.4323,0.747548
50,Ds1,38.8909,7,271.857,0.170142,2.95867,0.849199
50,Ds1,38.8909,9,349.915,0.137417,2.88031,0.66079
50,Ds1,38.8909,10,388.943,0.176257,3.87354,0.819056
50,Ds1,38.8909,11,427.972,0.147019,1.77715,0.714682
50,Ds1,38.8909,12,467.001,0.215853,2.70417,0.900491
50,Ds1,38.8909,13,506.03,0.170373,2.24514,0.829537
50,Ds1,38.8909,14,550.443,0.17594,-1.22858,0.810381
50,Ds1,38.8909,15,585.434,0.230276,1.37927,0.941039
50,Ds1,38.8909,16,624.463,0.175528,-0.0623814,0.771579
50,Ds1,38.8909,17,664.838,0.186546,0.0644981,0.77053
50,Ds1,38.8909,18,703.867,0.190792,-0.168804,0.887058
50,Ds1,38.8909,19,744.241,0.198739,1.0652,0.910832
50,Ds1,38.8909,20,784.616,0.234695,0.0440432,0.900586
50,Ds1,38.8909,21,824.991,0.214097,1.76876,0.815736
50,Ds1,38.8909,22,865.366,0.229033,2.05865,0.883491
50,Ds1,38.8909,23,907.086,0.300935,0.961366,0.981627
50,Ds1,38.8909,24,947.461,0.257658,-1.08888,0.895597
50,Ds1,38.8909,25,990.527,0.307489,0.0986974,0.950631
50,Ds1,38.8909,26,1032.25,0.338589,-0.503239,0.956886
50,Ds1,38.8909,27,1099.54,2.58307,2.04168,0.970912
50,Ds1,38.8909,36,1499.25,0.505563,-0.825831,0.965096
50,Ds1,38.8909,37,1545.01,0.564439,-0.285399,0.973491
50,Ds1,38.8909,38,1588.07,0.539937,-1.91479,0.983136
50,Ds1,38.8909,42,1769.76,0.728163,-1.86176,0.987879
50,Ds1,38.8909,43,1816.86,0.769768,-1.01526,0.994615
50,Ds1,38.8909,44,1862.62,0.791588,-1.40424,0.983087
50,Ds1,38.8909,45,1909.73,0.838591,-2.32157,0.956434
50,Ds1,38.8909,65,2653.97,1.18246,-3.91878,0.886056
50,Ds1,38.8909,67,3033.49,3.21329,-2.51462,0.893991
50,B2,123.471,1,123.816,0.188358,3.94181,0.882896
50,B2,123.471,6,741.55,0.241968,1.70333,0.718993
50,B2,123.471,7,865.366,0.246806,2.55272,0.805667
50,B2,123.471,8,990.527,0.242088,0.0153638,0.73451
50,B2,123.471,9,1114.34,0.215408,1.37728,0.768957
50,B2,123.471,10,1239.51,0.288098,0.662784,0.909416
50,B2,123.471,11,1366.01,0.345554,1.0677,0.963232
50,B2,123.471,23,2781.82,0.740728,-2.10706,0.966927
50,B2,123.471,25,2915.06,0.849964,-3.37086,0.948581
50,B2,123.471,26,3049.64,1.30378,-3.22478,0.822146
50,B2,123.471,27,3731.97,1.95498,-3.23545,0.76897
50,B2,123.471,32,5032.04,2.8176,-4.47751,0.8893
50,C7,2093,1,2106.22,2.32223,2.01205,0.975348
50,C7,2093,2,4274.34,3.76759,-2.89708,0.998025
50,C7,2093,3,5429.06,16.0886,-2.4603,0.965184
50,As3,233.082,1,232.828,0.300001,3.60513,0.769469
50,As3,233.082,2,465.656,0.234812,2.46863,0.664529
50,As3,233.082,3,699.829,0.333765,2.65233,0.946011
50,As3,233.082,4,934.003,0.32682,1.64226,0.807427
50,As3,233.082,5,1169.52,0.34392,1.21988,0.783283
50,As3,233.082,6,1405.04,0.380154,1.11337,0.879238
50,As3,233.082,7,1641.91,0.438771,1.08848,0.943186
50,As3,233.082,13,2853.15,1.09132,-3.12422,0.940885
50,E2,82.4069,1,82.0953,0.247629,4.17429,0.943914
50,E2,82.4069,2,165.536,0.193188,1.77652,0.83862
50,E2,82.4069,3,247.632,0.284118,2.49336,0.960635
50,E2,82.4069,5,411.823,0.163297,2.85142,0.818176
50,E2,82.4069,6,493.918,0.246965,2.2754,0.693439
50,E2,82.4069,7,577.359,0.207534,2.00504,0.845747
50,E2,82.4069,8,659.454,0.22491,-0.175163,0.778477
50,E2,82.4069,9,742.896,0.30647,1.96424,0.840381
50,E2,82.4069,10,824.991,0.207452,1.62398,0.71723
50,E2,82.4069,11,908.432,0.252608,1.68813,0.841724
50,E2,82.4069,12,991.873,0.261344,0.769079,0.868449
50,E2,82.4069,13,1075.31,0.240093,1.63778,0.822842
50,E2,82.4069,14,1158.76,0.362267,-0.320261,0.884703
50,E2,82.4069,15,1243.54,0.26793,0.178205,0.818654
50,E2,82.4069,16,1326.98,0.56733,-1.20644,0.908833
50,E2,82.4069,17,1411.77,0.263613,-1.41913,0.779707
50,E2,82.4069,18,1496.56,0.290278,0.400165,0.859931
50,E2,82.4069,19,1581.34,0.325263,-0.502356,0.810011
50,E2,82.4069,35,2625.71,0.531941,-2.57861,0.917608
50,E2,82.4069,36,2715.88,0.593995,-3.37964,0.850328
50,E2,82.4069,37,2897.56,0.816691,-4.6007,0.77213
50,D7,2349.32,1,2365.96,3.04874,1.1208,0.990418
50,D7,2349.32,2,4811.33,5.65784,-3.985,0.99404
50,As2,116.541,1,117.087,0.297067,3.72164,0.923222
50,As2,116.541,4,465.656,0.198719,2.24319,0.681085
50,As2,116.541,5,582.742,0.207001,1.48103,0.745342
50,As2,116.541,6,699.829,0.164414,0.936262,0.62908
50,As2,116.541,7,816.916,0.208814,1.71392,0.759641
50,As2,116.541,8,934.003,0.212041,0.588279,0.765153
50,As2,116.541,9,1052.44,0.269414,0.658419,0.883009
50,As2,116.541,10,1169.52,0.318421,1.05088,0.884208
50,As2,116.541,11,1289.3,0.322791,0.360904,0.851652
50,As2,116.541,25,2744.14,0.82902,-2.56943,0.941981
50,As2,116.541,26,2995.81,0.80753,-3.81069,0.907428
50,As2,116.541,28,3123.66,1.05869,-3.64117,0.860615
50,As2,116.541,29,3508.57,2.79152,-2.17449,0.883188
50,As2,116.541,32,3771,2.37013,-2.96686,0.884933
50,C6,1046.5,1,1048.4,1.03862,3.34104,0.833817
50,C6,1046.5,2,2106.22,1.72409,1.03783,0.989845
50,C6,1046.5,3,3188.26,3.36602,-1.23858,0.936039
50,C6,1046.5,4,4289.15,5.59939,-2.493,0.972377
50,C6,1046.5,5,5441.17,8.16621,-5.39112,0.909158
50,B3,246.942,1,246.286,0.306015,4.24786,0.838083
50,B3,246.942,2,493.918,0.266025,2.63797,0.671188
50,B3,246.942,3,741.55,0.230272,1.93387,0.629673
50,B3,246.942,4,989.182,0.331643,1.78844,0.820187
50,B3,246.942,5,1238.16,0.337694,1.85692,0.820215
50,B3,246.942,6,1489.83,0.387732,1.16111,0.932722
50,B3,246.942,7,1740.15,0.545735,1.0178,0.965712
50,B3,246.942,12,3029.45,1.36354,-1.57869,0.931167
50,B3,246.942,14,3293.23,0.54835,-5.80655,0.528022
50,B3,246.942,16,4667.32,3.89095,-3.11494,0.913281
50,E5,659.255,2,1322.95,0.630813,2.07197,0.73297
50,E5,659.255,3,1991.82,0.762592,0.62304,0.804175
50,E5,659.255,4,2668.77,1.218,-0.50147,0.966797
50,E5,659.255,5,3357.83,3.45527,-2.01757,0.850548
50,E5,659.255,6,4065.74,4.51838,-1.9409,0.910153
50,Ds7,2489.02,1,2504.58,4.06336,1.41203,0.999217
50,Ds7,2489.02,2,5106.06,13.3332,-2.60501,0.986445
50,Ds7,2489.02,3,7843.47,19.733,-8.20712,0.984406
50,B4,493.883,1,493.918,0.302536,2.65356,0.602844
50,B4,493.883,2,989.182,0.399473,1.72228,0.736302
50,B4,493.883,3,1487.14,0.462233,0.456389,0.810849
50,B4,493.883,4,1990.48,0.588449,0.799821,0.925787
50,B4,493.883,5,2499.2,0.878821,-0.342844,0.933615
50,B4,493.883,6,3014.65,1.5846,-1.05551,0.94471
50,B4,493.883,8,3538.17,1.39113,-3.85314,0.802286
50,B4,493.883,9,4075.16,2.34157,-5.5467,0.771936
50,C1,32.7032,1,32.2998,0.214986,1.07688,0.927608
50,C1,32.7032,2,64.5996,0.209211,2.13901,0.886184
50,C1,32.7032,3,96.8994,0.134962,3.95401,0.649278
50,C1,32.7032,4,130.545,0.178093,4.12921,0.864859
50,C1,32.7032,5,162.845,0.156657,1.71149,0.806429
50,C1,32.7032,6,195.145,0.149176,4.03106,0.704223
50,C1,32.7032,7,227.444,0.173061,3.03148,0.855068
50,C1,32.7032,9,293.39,0.147452,2.77916,0.747547
50,C1,32.7032,10,325.69,0.151766,2.93132,0.803363
50,C1,32.7032,11,359.335,0.138192,2.75856,0.632765
50,C1,32.7032,15,492.572,0.16644,-0.418233,0.725985
50,C1,32.7032,16,526.218,0.159893,0.537153,0.767187
50,C1,32.7032,17,559.863,0.17347,0.660742,0.724322
50,C1,32.7032,18,593.509,0.185656,1.17647,0.802665
50,C1,32.7032,19,627.155,0.158945,0.897518,0.690434
50,C1,32.7032,20,660.8,0.181172,0.895267,0.732494
50,C1,32.7032,21,695.792,0.190689,1.83021,0.831942
50,C1,32.7032,22,729.437,0.197887,1.64786,0.837512
50,C1,32.7032,23,764.429,0.202761,0.866422,0.821416
50,C1,32.7032,24,799.42,0.205873,-1.5573,0.877802
50,C1,32.7032,25,834.412,0.225888,0.0437159,0.802052
50,C1,32.7032,26,869.403,0.249916,-0.199439,0.92774
50,C1,32.7032,27,904.395,0.247218,-0.525458,0.952968
50,C1,32.7032,28,940.732,0.279137,0.683925,0.94035
50,C1,32.7032,29,977.069,0.283892,0.514041,0.95694
50,C1,32.7032,30,1013.41,0.297218,0.489379,0.943394
50,C1,32.7032,31,1049.74,0.33737,-0.155505,0.993638
50,C1,32.7032,32,1086.08,0.337849,-0.80955,0.989906
50,C1,32.7032,52,1924.53,0.84007,-0.961747,0.99636
50,C1,32.7032,53,1967.6,0.887923,-1.63399,0.983858
50,C1,32.7032,74,2773.75,1.58166,-3.37567,0.929969
50,C1,32.7032,79,2855.84,1.70174,-3.67293,0.983381
50,C1,32.7032,81,3143.85,0.607057,-9.7354,0.527347
50,As5,932.328,1,934.003,0.793641,3.23662,0.872613
50,As5,932.328,2,1874.73,1.36934,0.710581,0.989318
50,As5,932.328,3,2830.27,2.82901,-1.05059,0.947606
50,As5,932.328,4,3811.38,4.57275,-2.66693,0.93015
50,As5,932.328,5,4808.63,6.82921,-4.16052,0.966033
50,As5,932.328,6,4928.41,7.05345,-5.81609,0.928518
50,As7,3729.31,1,3721.21,3.55404,-3.56009,0.995957
50,B6,1975.53,1,1986.44,2.17334,2.59389,0.990141
50,B6,1975.53,2,4032.09,4.42417,-2.74213,0.994705
50,B6,1975.53,3,5097.99,9.85814,-4.45193,0.8694
50,C3,130.813,1,130.545,0.248024,3.87143,0.880055
50,C3,130.813,3,392.981,0.201046,1.66607,0.64867
50,C3,130.813,4,523.526,0.344842,2.79056,0.873315
50,C3,130.813,5,654.071,0.286537,2.22383,0.808512
50,C3,130.813,7,917.853,0.241269,0.984114,0.659217
50,C3,130.813,8,1049.74,0.336886,-1.00148,0.911141
50,C3,130.813,9,1181.63,0.472318,0.988894,0.877415
50,C3,130.813,10,1314.87,0.331788,0.133699,0.788982
50,C3,130.813,11,1448.11,0.42623,0.0243203,0.865636
50,C3,130.813,22,2674.15,0.643983,-2.49295,0.844358
50,C3,130.813,23,3096.74,0.906587,-2.89482,0.841053
50,C3,130.813,26,3675.45,2.68955,-2.47641,0.854373
50,C3,130.813,30,3971.53,2.42046,-3.15379,0.815943
50,Ds5,622.254,2,1247.58,0.63816,1.35002,0.659084
50,Ds5,622.254,3,1877.43,0.946963,0.209769,0.917577
50,Ds5,622.254,4,2516.69,1.08859,-2.37078,0.846071
50,Ds5,622.254,5,3165.38,1.29738,-3.86158,0.604802
50,Ds5,622.254,8,4507.17,5.61258,-2.7111,0.842746
50,D2,73.4162,1,72.6746,0.22574,3.55288,0.922454
50,D2,73.4162,2,146.695,0.162153,3.31695,0.633491
50,D2,73.4162,3,219.37,0.211062,1.60442,0.75035
50,D2,73.4162,7,514.105,0.182103,1.9571,0.73989
50,D2,73.4162,8,588.126,0.208223,-0.156282,0.782998
50,D2,73.4162,9,660.8,0.208216,2.41686,0.682717
50,D2,73.4162,10,734.821,0.222107,2.24551,0.789197
50,D2,73.4162,11,808.841,0.173203,0.464942,0.605483
50,D2,73.4162,12,882.861,0.219972,0.144734,0.736941
50,D2,73.4162,13,956.882,0.246687,1.1631,0.802573
50,D2,73.4162,14,1032.25,0.218714,0.783821,0.760705
50,D2,73.4162,15,1106.27,0.237597,-0.01196,0.733776
50,D2,73.4162,16,1181.63,0.385363,0.0599609,0.894893
50,D2,73.4162,17,1257,0.301415,0.275404,0.815219
50,D2,73.4162,18,1331.02,0.426714,0.118696,0.930926
50,D2,73.4162,19,1407.73,0.363461,-0.226429,0.973754
50,D2,73.4162,39,2733.37,0.589797,-3.28629,0.912811
50,D2,73.4162,41,2897.56,0.554918,-3.45897,0.899804
50,D2,73.4162,43,3001.19,1.21663,-2.56136,0.880705
50,E7,2637.02,1,2652.62,3.5737,-0.144054,0.983711
50,E7,2637.02,2,5587.87,15.3594,-4.7027,0.984628
50,Ds2,77.7817,1,78.0579,0.262403,4.04428,0.958645
50,Ds2,77.7817,2,154.77,0.236477,3.166,0.952133
50,Ds2,77.7817,3,232.828,0.139892,1.65757,0.626566
50,Ds2,77.7817,4,310.886,0.171908,3.21499,0.724238
50,Ds2,77.7817,6,467.001,0.214471,1.73923,0.729385
50,Ds2,77.7817,7,545.059,0.230098,1.84285,0.868336
50,Ds2,77.7817,8,623.117,0.232785,0.133588,0.76942
50,Ds2,77.7817,10,779.233,0.217963,1.30214,0.75237
50,Ds2,77.7817,11,857.291,0.228995,1.52693,0.753351
50,Ds2,77.7817,12,935.349,0.23761,0.492395,0.796242
50,Ds2,77.7817,13,1014.75,0.236909,0.847406,0.784275
50,Ds2,77.7817,14,1094.16,0.205748,0.441491,0.661334
50,Ds2,77.7817,15,1172.21,0.351445,0.733188,0.917846
50,Ds2,77.7817,16,1251.62,0.294947,-1.3795,0.721344
50,Ds2,77.7817,17,1332.37,0.50091,-0.2023,0.969345
50,Ds2,77.7817,18,1411.77,0.28974,-0.101057,0.874652
50,Ds2,77.7817,19,1492.52,0.310478,-1.03207,0.906791
50,Ds2,77.7817,37,3076.56,0.670965,-2.93163,0.838784
50,Ds2,77.7817,43,3165.38,1.0842,-3.22776,0.881631
50,Ds2,77.7817,44,3239.4,0.838317,-6.64296,0.795007
50,C4,261.626,4,1048.4,0.357001,2.07328,0.828754
50,C4,261.626,5,1313.53,0.424499,1.4271,0.766277
50,C4,261.626,6,1578.65,0.453874,1.29256,0.922833
50,C4,261.626,7,1846.47,0.539348,0.271832,0.901259
50,C4,261.626,12,2936.59,1.16643,-3.72859,0.917863
50,B1,61.7354,1,61.908,0.219005,0.803529,0.866854
50,B1,61.7354,2,123.816,0.314044,4.62297,0.960521
50,B1,61.7354,3,184.378,0.221168,3.41457,0.68182
50,B1,61.7354,4,246.286,0.213391,1.3431,0.61075
50,B1,61.7354,5,308.194,0.221066,3.47466,0.800375
50,B1,61.7354,6,370.102,0.177165,3.12692,0.790424
50,B1,61.7354,9,555.826,0.197783,1.99074,0.780104
50,B1,61.7354,10,617.734,0.243287,1.76223,0.876977
50,B1,61.7354,12,742.896,0.197586,1.09303,0.685359
50,B1,61.7354,13,804.803,0.24312,1.42355,0.679109
50,B1,61.7354,14,866.711,0.17387,1.5287,0.731245
50,B1,61.7354,15,929.965,0.184988,1.2139,0.63206
50,B1,61.7354,16,993.219,0.231393,-0.348003,0.763853
50,B1,61.7354,17,1056.47,0.27139,0.0745512,0.855104
50,B1,61.7354,18,1118.38,0.258614,-0.0196504,0.802711
50,B1,61.7354,19,1182.98,0.25744,-0.227189,0.766859
50,B1,61.7354,20,1247.58,0.273722,-0.153431,0.75214
50,B1,61.7354,21,1312.18,0.351093,0.276953,0.960284
50,B1,61.7354,35,2295.98,0.437633,-1.95952,0.973277
50,B1,61.7354,45,2854.5,0.659556,-3.04663,0.954326
50,B1,61.7354,49,2924.48,0.804076,-3.62456,0.935199
50,B1,61.7354,50,2998.5,0.72238,-3.84946,0.893617
50,As0,29.1352,1,28.2623,0.187247,0.346431,0.861832
50,As0,29.1352,2,57.8705,0.231817,2.96616,0.940508
50,As0,29.1352,3,86.1328,0.190391,4.75469,0.892193
50,As0,29.1352,4,115.741,0.179865,4.66903,0.874769
50,As0,29.1352,5,145.349,0.16514,4.14119,0.834477
50,As0,29.1352,8,232.828,0.151224,0.858093,0.864603
50,As0,29.1352,9,261.09,0.134276,2.8942,0.664217
50,As0,29.1352,11,320.306,0.117056,3.18333,0.620234
50,As0,29.1352,13,380.869,0.170727,3.36671,0.850579
50,As0,29.1352,14,410.477,0.150568,2.10504,0.636275
50,As0,29.1352,15,440.085,0.181694,2.25859,0.87544
50,As0,29.1352,16,465.656,0.139057,-2.61901,0.70748
50,As0,29.1352,17,501.993,0.153934,1.18889,0.734228
50,As0,29.1352,18,532.947,0.210132,2.35572,0.925879
50,As0,29.1352,19,563.901,0.180098,0.556999,0.835176
50,As0,29.1352,20,594.855,0.26919,1.60048,0.896005
50,As0,29.1352,21,625.809,0.222109,2.33838,0.913933
50,As0,29.1352,22,658.109,0.227111,2.81977,0.933176
50,As0,29.1352,23,689.062,0.226821,-0.16869,0.911602
50,As0,29.1352,24,721.362,0.203702,-1.92541,0.858457
50,As0,29.1352,25,753.662,0.226255,-0.463961,0.925834
50,As0,29.1352,26,787.308,0.241387,0.313604,0.917328
50,As0,29.1352,27,820.953,0.272998,1.19881,0.949645
50,As0,29.1352,28,853.253,0.279082,1.72601,0.953638
50,As0,29.1352,29,886.899,0.33728,1.42678,0.991211
50,As0,29.1352,30,921.89,0.305187,1.23117,0.965271
50,As0,29.1352,31,955.536,0.329255,0.458804,0.969752
50,As0,29.1352,32,990.527,0.381691,-1.29276,0.879951
50,As0,29.1352,38,1172.21,0.505833,0.21396,0.970322
50,As0,29.1352,39,1207.21,0.523996,-0.447981,0.978302
50,As0,29.1352,40,1244.89,0.6557,-0.803659,0.960779
50,As0,29.1352,41,1282.57,0.615505,-1.50755,0.98729
50,As0,29.1352,42,1320.25,0.660708,-0.993545,0.957218
50,As0,29.1352,43,1359.28,0.748037,-0.564147,0.959217
50,As0,29.1352,44,1398.31,0.73815,-0.300789,0.998755
50,As0,29.1352,45,1437.34,0.793006,-0.634327,0.989499
50,As0,29.1352,46,1477.72,0.969057,-1.61405,0.961544
50,As0,29.1352,47,1518.09,0.883607,-1.10099,0.967925
50,As0,29.1352,48,1559.81,0.887768,-1.00891,0.98254
50,As0,29.1352,49,1600.19,1.61436,-1.06971,0.99183
50,As0,29.1352,55,1816.86,1.32233,-0.950426,0.995858
50,As0,29.1352,56,1858.58,1.42819,-1.8119,0.962223
50,As0,29.1352,57,1904.34,1.71949,-1.58566,0.978553
50,As0,29.1352,58,1950.1,1.53874,-2.06174,0.935229
50,As0,29.1352,81,2588.02,2.88066,-2.72491,0.979542
50,As0,29.1352,82,2793.93,4.70721,-3.11608,0.969374
50,D5,587.33,1,586.78,0.47723,3.30377,0.552842
50,D5,587.33,2,1177.6,0.618271,1.47392,0.712203
50,D5,587.33,3,1771.11,0.915669,0.563257,0.895333
50,D5,587.33,4,2372.69,1.15575,-0.955981,0.958833
50,D5,587.33,5,2983.69,1.79342,-1.18764,0.958461
50,D5,587.33,6,3604.12,1.07548,-5.35443,0.555862
50,D5,587.33,8,4239.35,4.49082,-3.06445,0.880341
50,D5,587.33,9,4892.07,2.06773,-8.58792,0.627509
50,As1,58.2705,1,57.8705,0.210763,1.55295,0.882527
50,As1,58.2705,2,115.741,0.211838,3.62399,0.620095
50,As1,58.2705,3,174.957,0.257984,2.88401,0.77224
50,As1,58.2705,4,232.828,0.233829,2.84908,0.934145
50,As1,58.2705,7,407.785,0.19551,2.86974,0.861487
50,As1,58.2705,9,523.526,0.290605,2.77611,0.78872
50,As1,58.2705,10,582.742,0.142955,0.997963,0.615304
50,As1,58.2705,11,640.613,0.142743,1.54437,0.603825
50,As1,58.2705,12,699.829,0.199353,1.98488,0.612251
50,As1,58.2705,13,757.7,0.200487,1.44864,0.671685
50,As1,58.2705,14,816.916,0.186545,1.15761,0.609388
50,As1,58.2705,15,876.132,0.18037,1.78501,0.676919
50,As1,58.2705,16,935.349,0.260634,0.148769,0.715928
50,As1,58.2705,17,994.565,0.167177,0.406813,0.656574
50,As1,58.2705,18,1053.78,0.217376,0.67248,0.751426
50,As1,58.2705,19,1114.34,0.255047,1.44104,0.874387
50,As1,58.2705,30,1837.05,0.334087,-1.02393,0.838674
50,As1,58.2705,31,1898.96,0.370379,-2.17965,0.927497
50,As1,58.2705,34,2084.68,0.436375,-2.32483,0.951204
50,As1,58.2705,35,2149.28,0.392027,-1.90811,0.932994
50,As1,58.2705,47,2658,0.558748,-2.81219,0.926108
50,As1,58.2705,49,2719.91,0.549682,-2.8664,0.915606
50,As1,58.2705,50,3116.93,1.28746,-3.07685,0.879417
50,B0,30.8677,1,30.954,0.203086,0.61739,0.925064
50,B0,30.8677,2,61.908,0.222168,2.55426,0.934392
50,B0,30.8677,3,91.5161,0.184397,4.35945,0.878634
50,B0,30.8677,4,122.47,0.149732,4.23004,0.697035
50,B0,30.8677,5,153.424,0.143382,3.14567,0.766237
50,B0,30.8677,11,339.148,0.115125,2.65527,0.636163
50,B0,30.8677,13,402.402,0.135701,2.64123,0.600983
50,B0,30.8677,14,433.356,0.134858,2.06219,0.661304
50,B0,30.8677,15,469.693,0.17838,-0.504878,0.785453
50,B0,30.8677,16,497.955,0.149283,0.194241,0.777854
50,B0,30.8677,17,528.909,0.185486,1.78936,0.847188
50,B0,30.8677,18,561.209,0.166209,0.933481,0.793598
50,B0,30.8677,19,593.509,0.198317,2.04991,0.844371
50,B0,30.8677,20,625.809,0.185519,1.63716,0.851546
50,B0,30.8677,21,659.454,0.190237,2.7417,0.83421
50,B0,30.8677,22,693.1,0.203087,1.65263,0.81976
50,B0,30.8677,23,725.4,0.212118,0.804537,0.854076
50,B0,30.8677,24,759.045,0.20374,-0.768145,0.912693
50,B0,30.8677,25,792.691,0.223868,-0.620398,0.934944
50,B0,30.8677,26,826.337,0.238168,1.57533,0.938979
50,B0,30.8677,27,861.328,0.250025,1.9986,0.89787
50,B0,30.8677,28,894.974,0.257544,0.844108,0.928854
50,B0,30.8677,29,929.965,0.299426,0.94262,0.941486
50,B0,30.8677,30,964.957,0.368564,1.90459,0.994495
50,B0,30.8677,31,999.948,0.391707,0.506449,0.94001
50,B0,30.8677,32,1034.94,0.329886,0.142374,0.988826
50,B0,30.8677,33,1071.28,0.355601,-1.86619,0.902905
50,B0,30.8677,34,1108.96,0.393525,0.340003,0.983244
50,B0,30.8677,35,1143.95,0.42936,0.740585,0.980125
50,B0,30.8677,36,1181.63,0.511996,-0.00280287,0.966038
50,B0,30.8677,37,1217.97,0.481002,0.471003,0.977598
50,B0,30.8677,38,1255.65,0.568983,0.2872,0.987121
50,B0,30.8677,39,1293.34,0.52429,0.274327,0.973609
50,B0,30.8677,40,1331.02,0.579131,-1.99608,0.979141
50,B0,30.8677,41,1370.05,0.615325,-1.4005,0.988423
50,B0,30.8677,42,1410.42,0.601346,-1.06819,0.987945
50,B0,30.8677,43,1449.45,0.635304,-0.408468,0.987016
50,B0,30.8677,44,1488.48,0.636836,-2.17156,0.973154
50,B0,30.8677,45,1528.86,0.73103,-1.6248,0.940221
50,B0,30.8677,46,1569.23,0.769957,-0.502851,0.983862
50,B0,30.8677,47,1608.26,0.789208,-0.632084,0.998588
50,B0,30.8677,48,1651.33,0.765843,-1.6013,0.986448
50,B0,30.8677,50,1734.77,0.902613,-2.23404,0.982597
50,B0,30.8677,51,1776.49,0.969047,-2.04884,0.968523
50,B0,30.8677,52,1820.9,1.12252,-2.5069,0.965072
50,B0,30.8677,53,1863.97,1.06949,-1.88851,0.925545
50,B0,30.8677,54,1907.03,1.1669,-1.2726,0.977651
50,B0,30.8677,78,2814.12,2.08248,-2.9646,0.980652
50,B0,30.8677,83,3283.81,1.39522,-7.28457,0.760796
50,C5,523.251,1,523.526,0.673774,3.88773,0.821067
50,C5,523.251,3,1577.31,0.545339,0.987162,0.647361
50,C5,523.251,4,2110.25,0.763659,0.323093,0.775032
50,C5,523.251,5,2649.93,0.952053,-2.24936,0.92676
50,C5,523.251,6,3199.03,1.56165,-2.01426,0.897241
50,C5,523.251,8,3757.54,1.36491,-4.96191,0.66855
50,Ds3,155.563,1,156.116,0.301149,3.49678,0.860784
50,Ds3,155.563,2,310.886,0.234818,3.69652,0.648307
50,Ds3,155.563,3,467.001,0.206828,2.29708,0.719771
50,Ds3,155.563,4,621.771,0.196176,2.64044,0.740477
50,Ds3,155.563,5,777.887,0.225018,1.96311,0.728474
50,Ds3,155.563,6,935.349,0.300373,1.15109,0.716823
50,Ds3,155.563,7,1091.46,0.332821,1.91866,0.876642
50,Ds3,155.563,8,1248.93,0.25169,-1.68373,0.636641
50,Ds3,155.563,9,1406.39,0.336978,0.500047,0.914624
50,Ds3,155.563,10,1565.19,0.338403,0.405988,0.85777
50,Ds3,155.563,11,1725.35,0.49217,0.0170712,0.99595
50,Ds3,155.563,19,2861.22,0.840317,-2.57992,0.873294
50,Ds3,155.563,21,3028.11,0.966968,-3.45056,0.812356
50,Ds3,155.563,22,3196.33,1.26381,-2.90169,0.799476
50,Ds3,155.563,23,3365.91,1.97105,-2.80325,0.798941
50,Ds3,155.563,24,3707.75,2.42492,-2.57432,0.771307
50,Ds3,155.563,26,3881.36,1.50398,-5.45581,0.772904
50,Ds3,155.563,28,4233.97,3.14348,-2.46649,0.862025
50,D4,293.665,1,293.39,0.357883,4.24654,0.901328
50,D4,293.665,4,1177.6,0.493426,1.2871,0.862136
50,D4,293.665,5,1475.02,0.511173,1.12435,0.928501
50,D4,293.665,6,1773.8,0.515789,0.251544,0.848175
50,D4,293.665,7,2075.26,0.556058,-0.399085,0.937656
50,D4,293.665,8,2379.42,0.618922,-2.01366,0.939625
50,D4,293.665,10,2686.27,0.893861,-2.83145,0.913619
50,E1,41.2034,1,40.3748,0.190734,2.2287,0.917956
50,E1,41.2034,2,82.0953,0.155276,5.3292,0.801732
50,E1,41.2034,3,122.47,0.174381,4.69544,0.857641
50,E1,41.2034,4,164.191,0.183033,2.41899,0.863385
50,E1,41.2034,6,246.286,0.135923,2.84942,0.711191
50,E1,41.2034,7,288.007,0.142486,3.10882,0.652999
50,E1,41.2034,8,328.381,0.153862,1.75209,0.801459
50,E1,41.2034,9,370.102,0.165093,3.40497,0.838675
50,E1,41.2034,12,495.264,0.15865,3.2808,0.779036
50,E1,41.2034,13,536.984,0.192591,2.0932,0.852918
50,E1,41.2034,14,578.705,0.188712,1.15577,0.80565
50,E1,41.2034,15,620.425,0.201254,1.60465,0.846433
50,E1,41.2034,16,662.146,0.173816,0.782165,0.69372
50,E1,41.2034,17,705.212,0.181231,-0.112575,0.870999
50,E1,41.2034,18,746.933,0.183536,0.883529,0.848579
50,E1,41.2034,19,789.999,0.249618,-0.100968,0.952536
50,E1,41.2034,20,831.72,0.231899,0.513453,0.882908
50,E1,41.2034,21,874.786,0.245818,1.29274,0.912528
50,E1,41.2034,22,917.853,0.280121,1.96133,0.956387
50,E1,41.2034,23,960.919,0.285016,0.60091,0.933159
50,E1,41.2034,24,1005.33,0.302588,-0.748508,0.916295
50,E1,41.2034,25,1049.74,0.312151,-0.0705491,0.979212
50,E1,41.2034,26,1094.16,0.308977,-0.932808,0.944827
50,E1,41.2034,27,1154.72,1.53414,3.07087,0.992683
50,E1,41.2034,37,1637.87,0.653336,-0.480229,0.938769
50,E1,41.2034,38,1687.66,0.758534,-0.883343,0.986734
50,E1,41.2034,39,1732.08,0.683073,-2.79786,0.870967
50,E1,41.2034,40,1783.22,0.683607,-2.00648,0.96823
50,E1,41.2034,41,1831.67,0.699217,-1.53957,0.95292
50,E1,41.2034,43,1928.57,0.754938,-1.69038,0.966682
50,E1,41.2034,62,2888.14,2.48526,-1.60782,0.965512
50,E1,41.2034,69,2937.94,1.47739,-4.26254,0.850691
50,E1,41.2034,70,3465.5,3.79343,-2.5325,0.92762
50,Ds4,311.127,1,310.886,0.408492,4.29471,0.893848
50,Ds4,311.127,5,1563.85,0.388377,0.839714,0.846619
50,Ds4,311.127,6,1881.46,0.489473,0.748677,0.910861
50,Ds4,311.127,7,2201.77,0.449236,-2.15362,0.889741
50,Ds4,311.127,8,2524.77,0.730082,-2.438,0.928751
50,Ds4,311.127,9,2850.46,0.901342,-2.42014,0.943674
50,Ds4,311.127,11,3180.19,1.67312,-3.14343,0.887129
50,C2,65.4064,1,65.9454,0.209295,0.662016,0.87657
50,C2,65.4064,2,130.545,0.35955,4.67779,0.900658
50,C2,65.4064,3,196.49,0.241955,3.63704,0.922271
50,C2,65.4064,5,327.036,0.167867,3.14675,0.692235
50,C2,65.4064,6,391.635,0.187096,2.67618,0.775879
50,C2,65.4064,7,457.581,0.196319,1.57089,0.772723
50,C2,65.4064,9,588.126,0.238077,0.528007,0.854744
50,C2,65.4064,11,720.016,0.241763,2.90489,0.918344
50,C2,65.4064,12,785.962,0.19242,1.74096,0.737971
50,C2,65.4064,14,919.199,0.153096,1.09446,0.651203
50,C2,65.4064,16,1051.09,0.292161,-0.0781648,0.896419
50,C2,65.4064,17,1118.38,0.249586,0.746431,0.814792
50,C2,65.4064,18,1184.33,0.224651,-0.57761,0.784723
50,C2,65.4064,19,1252.96,0.318501,-0.230039,0.873855
50,C2,65.4064,43,2643.2,0.609739,-2.57324,0.938036
50,C2,65.4064,44,2715.88,0.639945,-3.04895,0.934374
50,C2,65.4064,45,3085.98,1.26702,-2.84718,0.840451
50,B7,3951.07,1,3960.76,3.96311,-3.42982,0.990548
50,B7,3951.07,2,8214.92,28.7692,-7.09196,0.993896
50,As6,1864.66,1,1874.73,1.59743,2.07133,0.97733
50,As6,1864.66,2,3791.19,4.14747,-2.4241,0.997508
50,As6,1864.66,3,4889.38,12.957,-2.82826,0.977761
50,E6,1318.51,1,1321.6,1.39981,3.49876,0.923625
50,E6,1318.51,2,2662.04,2.31753,-0.213645,0.985078
50,E6,1318.51,3,4036.13,3.94531,-2.209,0.986836
50,E6,1318.51,4,4626.95,6.44812,-5.38369,0.819663
50,D3,146.832,1,146.695,0.312054,4.09232,0.937663
50,D3,146.832,4,586.78,0.220095,2.27615,0.617892
50,D3,146.832,6,882.861,0.359097,2.85729,0.888483
50,D3,146.832,7,1030.9,0.332796,2.02272,0.761425
50,D3,146.832,8,1178.94,0.318342,-0.505885,0.704984
50,D3,146.832,9,1328.33,0.35188,1.68986,0.916794
50,D3,146.832,10,1477.72,0.370109,0.821485,0.873115
50,D3,146.832,11,1627.1,0.34914,-0.374016,0.855014
50,D3,146.832,20,2701.07,0.802599,-1.54661,0.935387
50,D3,146.832,21,2858.53,0.790765,-2.79796,0.932849
50,D3,146.832,22,3015.99,0.932427,-3.46106,0.803731
50,D3,146.832,23,3499.15,2.02316,-2.24861,0.800774
50,D3,146.832,26,4162.64,1.43647,-6.11389,0.769421
50,D3,146.832,31,4676.74,1.20498,-7.64287,0.649168
50,Fs1,46.2493,1,45.7581,0.23285,1.6952,0.889984
50,Fs1,46.2493,2,91.5161,0.208421,3.6014,0.905025
50,Fs1,46.2493,3,138.62,0.282012,4.99654,0.967718
50,Fs1,46.2493,4,184.378,0.231529,4.11329,0.892114
50,Fs1,46.2493,5,230.136,0.222723,3.20827,0.803437
50,Fs1,46.2493,6,277.24,0.270093,3.27397,0.952724
50,Fs1,46.2493,9,415.86,0.21562,2.70145,0.858991
50,Fs1,46.2493,10,461.618,0.209176,2.28198,0.740264
50,Fs1,46.2493,11,508.722,0.15893,2.67858,0.695559
50,Fs1,46.2493,12,555.826,0.277477,1.77784,0.825006
50,Fs1,46.2493,13,601.584,0.216462,0.513578,0.79808
50,Fs1,46.2493,14,648.688,0.236644,2.23421,0.698681
50,Fs1,46.2493,16,742.896,0.189145,0.0972629,0.678071
50,Fs1,46.2493,18,837.103,0.264385,1.48778,0.812257
50,Fs1,46.2493,19,885.553,0.245441,1.20773,0.779735
50,Fs1,46.2493,21,981.107,0.37664,1.42857,0.892638
50,Fs1,46.2493,22,1029.56,0.191175,0.857289,0.751023
50,Fs1,46.2493,23,1079.35,0.292869,-0.603578,0.847329
50,Fs1,46.2493,33,1619.03,0.557177,-1.98589,0.934114
50,Fs1,46.2493,34,1670.17,0.513911,-1.61008,0.920816
50,Fs1,46.2493,35,1721.31,0.511372,-0.627405,0.965089
50,Fs1,46.2493,36,1773.8,0.52197,-0.77176,0.872477
50,Fs1,46.2493,37,1824.94,0.476609,-2.6813,0.984604
50,Fs1,46.2493,38,1877.43,0.550961,-2.57102,0.97342
50,Fs1,46.2493,57,2639.16,1.05684,-3.11385,0.956316
50,Fs1,46.2493,59,2695.69,1.09539,-3.4463,0.887137
50,Fs1,46.2493,60,2753.56,1.23376,-4.06221,0.901736
50,Fs1,46.2493,71,4602.72,1.28865,-8.25488,0.614426
50,Gs2,103.826,1,103.629,0.287397,3.76303,0.943765
50,Gs2,103.826,4,414.514,0.16307,2.14459,0.674046
50,Gs2,103.826,6,623.117,0.268953,2.61877,0.925204
50,Gs2,103.826,7,728.091,0.225637,1.3595,0.795613
50,Gs2,103.826,8,831.72,0.230578,1.23922,0.867108
50,Gs2,103.826,9,936.694,0.351466,2.45142,0.883344
50,Gs2,103.826,10,1041.67,0.22587,1.68397,0.758255
50,Gs2,103.826,11,1146.64,0.206447,-0.0802497,0.845536
50,Gs2,103.826,12,1251.62,0.248882,0.525782,0.81648
50,Gs2,103.826,13,1357.94,0.293298,0.421739,0.946304
50,Gs2,103.826,14,1464.26,0.433285,0.465639,0.955721
50,Gs2,103.826,15,1570.58,0.36331,-0.232754,0.91972
50,Gs2,103.826,16,1676.9,0.351582,-2.48257,0.842589
50,Gs2,103.826,17,1784.56,0.342403,-0.857973,0.864776
50,Gs2,103.826,18,1892.23,0.380945,-1.60696,0.922329
50,Gs2,103.826,19,2001.24,0.398636,-2.14561,0.92581
50,Gs2,103.826,21,2217.92,0.521154,-2.41683,0.879787
50,Gs2,103.826,23,2438.64,0.484671,-2.17315,0.967222
50,Gs2,103.826,28,2773.75,0.797256,-3.40618,0.92422
50,Gs2,103.826,31,3114.24,0.821628,-3.48729,0.800607
50,Gs2,103.826,34,3228.63,1.15778,-3.39016,0.764578
50,Gs2,103.826,35,3345.72,1.70538,-3.02051,0.864483
50,Gs2,103.826,36,3461.46,1.64434,-4.67868,0.852236
50,Cs3,138.591,2,277.24,0.21394,3.51675,0.71732
50,Cs3,138.591,3,415.86,0.239123,2.93643,0.783184
50,Cs3,138.591,4,554.48,0.264546,2.51121,0.658409
50,Cs3,138.591,5,693.1,0.230054,2.33732,0.723101
50,Cs3,138.591,6,833.066,0.263987,1.96111,0.691035
50,Cs3,138.591,7,971.686,0.414075,2.20512,0.915098
50,Cs3,138.591,8,1111.65,0.240798,-0.244638,0.791691
50,Cs3,138.591,9,1252.96,0.276459,0.931401,0.684792
50,Cs3,138.591,10,1392.93,0.300833,-0.271188,0.88766
50,Cs3,138.591,11,1535.59,0.345986,-0.194939,0.890399
50,Cs3,138.591,21,2691.65,0.736705,-1.76698,0.950859
50,Cs3,138.591,22,2839.69,0.818861,-3.05642,0.931051
50,Cs3,138.591,23,2989.08,0.830326,-2.90818,0.918056
50,Cs3,138.591,24,3139.81,0.972202,-3.67678,0.910121
50,Cs3,138.591,25,3598.74,2.69212,-3.247,0.922979
50,Cs3,138.591,28,4228.58,2.93975,-2.78327,0.821466
50,Cs3,138.591,33,4554.27,2.91505,-3.86878,0.938911
50,A3,220,2,440.085,0.209689,3.26874,0.706428
50,A3,220,3,660.8,0.325465,1.71193,0.870654
50,A3,220,4,881.516,0.31315,0.365201,0.924636
50,A3,220,5,1103.58,0.288471,1.84968,0.811537
50,A3,220,6,1325.64,0.293479,0.375826,0.696508
50,A3,220,7,1550.39,0.42969,0.675645,0.958401
50,A3,220,14,2927.17,1.06533,-3.65415,0.968808
50,F2,87.3071,1,87.4786,0.166092,3.90635,0.832414
50,F2,87.3071,2,174.957,0.294789,2.88802,0.981833
50,F2,87.3071,3,261.09,0.152105,1.80651,0.800565
50,F2,87.3071,5,436.047,0.232922,2.16378,0.615118
50,F2,87.3071,6,523.526,0.18704,1.30948,0.761504
50,F2,87.3071,9,787.308,0.158274,1.19738,0.60015
50,F2,87.3071,10,874.786,0.172448,1.31937,0.662061
50,F2,87.3071,11,963.611,0.220644,0.219013,0.756602
50,F2,87.3071,12,1051.09,0.290741,0.92395,0.828308
50,F2,87.3071,13,1139.91,0.306909,2.02179,0.874446
50,F2,87.3071,14,1228.74,0.228389,1.04307,0.762342
50,F2,87.3071,15,1317.56,0.286571,0.611154,0.829284
50,F2,87.3071,16,1407.73,0.361429,-1.15754,0.909037
50,F2,87.3071,17,1496.56,0.316739,-1.27672,0.870046
50,F2,87.3071,18,1586.73,0.33164,-0.065011,0.87131
50,F2,87.3071,19,1676.9,0.363174,0.221038,0.90622
50,F2,87.3071,20,1768.41,0.491656,-2.69478,0.926546
50,F2,87.3071,33,2600.13,0.667266,-1.77995,0.932832
50,F2,87.3071,34,2812.77,0.665734,-2.90817,0.960485
50,F2,87.3071,36,3472.23,2.04872,-2.01627,0.785925
50,F2,87.3071,44,3571.82,2.16711,-3.56405,0.93861
50,G7,3135.96,1,3153.27,3.87554,-0.978804,0.99999
50,G7,3135.96,2,6754.7,19.567,-5.23152,0.984825
50,Cs4,277.183,1,277.24,0.372561,4.13289,0.883693
50,Cs4,277.183,4,1111.65,0.357349,1.12913,0.803511
50,Cs4,277.183,5,1391.58,0.327582,1.53312,0.762496
50,Cs4,277.183,6,1674.21,0.446065,1.52165,0.862114
50,Cs4,277.183,7,1956.83,0.494215,0.661623,0.917284
50,Cs4,277.183,8,2243.49,0.514947,-2.07284,0.819575
50,Cs4,277.183,11,3415.7,1.81858,-2.55868,0.740028
50,Gs5,830.609,1,831.72,0.560224,3.61437,0.708356
50,Gs5,830.609,2,1668.82,0.985333,0.744507,0.90925
50,Gs5,830.609,3,2516.69,1.76067,-0.416373,0.963076
50,Gs5,830.609,4,3379.37,3.57682,-1.48135,0.959127
50,Gs5,830.609,5,4597.34,5.37135,-5.09604,0.872478
50,Gs5,830.609,7,5182.77,6.05777,-3.9325,0.917278
50,Fs6,1479.98,1,1484.45,1.6004,3.16266,0.969576
50,Fs6,1479.98,2,2986.39,2.27681,-1.00797,0.982476
50,Fs6,1479.98,3,4544.85,4.00089,-1.85825,0.962637
50,Fs6,1479.98,4,5262.18,4.30514,-8.0507,0.643664
50,A4,440,1,440.085,0.379987,2.67186,0.716968
50,A4,440,2,881.516,0.455261,2.79752,0.788783
50,A4,440,3,1324.29,0.481463,1.50405,0.750213
50,A4,440,4,1771.11,0.525098,0.845513,0.869159
50,A4,440,5,2220.61,0.659261,-0.512601,0.939388
50,A4,440,6,2676.85,0.859064,-0.770472,0.949178
50,A4,440,8,3139.81,0.876798,-4.11653,0.764098
50,F5,698.456,2,1402.35,0.675749,0.845237,0.742438
50,F5,698.456,3,2111.6,1.02906,0.202851,0.880701
50,F5,698.456,4,2830.27,1.83634,-1.73833,0.97934
50,A5,880,1,881.516,0.704517,3.45655,0.84127
50,A5,880,2,1768.41,1.00517,-0.173119,0.944732
50,A5,880,3,2670.12,1.91873,-1.37334,0.957815
50,A5,880,4,3590.66,4.29623,-1.36784,0.963885
50,A5,880,5,4781.72,4.86529,-5.76794,0.931416
50,F4,349.228,1,348.569,0.380288,4.04896,0.917454
50,F4,349.228,3,1049.74,0.243397,1.49763,0.600131
50,F4,349.228,4,1402.35,0.570316,0.997138,0.841425
50,F4,349.228,5,1757.65,0.466348,-0.221637,0.816007
50,F4,349.228,6,2115.64,0.546896,-0.615233,0.893118
50,F4,349.228,7,2476.32,0.651409,-1.40558,0.934627
50,F4,349.228,9,2842.38,0.909164,-3.06109,0.859994
50,G1,48.9994,1,48.4497,0.299317,2.36422,0.920578
50,G1,48.9994,2,98.2452,0.18833,3.58962,0.618059
50,G1,48.9994,3,146.695,0.270953,4.84346,0.933541
50,G1,48.9994,4,195.145,0.188116,3.39213,0.844281
50,G1,48.9994,5,244.94,0.182134,2.8213,0.813779
50,G1,48.9994,7,341.84,0.168944,2.32171,0.631731
50,G1,48.9994,8,391.635,0.230078,1.32349,0.947286
50,G1,48.9994,10,489.88,0.25714,2.70012,0.794776
50,G1,48.9994,11,539.676,0.165916,0.617359,0.745367
50,G1,48.9994,12,588.126,0.23238,1.27401,0.718617
50,G1,48.9994,13,637.921,0.227225,2.07027,0.786978
50,G1,48.9994,14,687.717,0.17705,1.57633,0.808928
50,G1,48.9994,15,737.512,0.220657,1.08253,0.799332
50,G1,48.9994,16,787.308,0.186263,0.247752,0.621561
50,G1,48.9994,17,837.103,0.227763,1.38944,0.725072
50,G1,48.9994,18,886.899,0.238738,1.27752,0.830805
50,G1,48.9994,19,936.694,0.335486,2.03445,0.904604
50,G1,48.9994,20,987.836,0.255267,-0.260639,0.823574
50,G1,48.9994,21,1038.98,0.296131,1.83304,0.855743
50,G1,48.9994,22,1091.46,0.281427,1.38779,0.852873
50,G1,48.9994,23,1143.95,0.271781,-0.0478492,0.831367
50,G1,48.9994,33,1713.24,0.376274,-2.10888,0.856106
50,G1,48.9994,34,1765.72,0.518167,-1.26234,0.914165
50,G1,48.9994,35,1819.56,0.439211,-0.948513,0.957663
50,G1,48.9994,36,1873.39,0.470251,-1.56705,0.953225
50,G1,48.9994,37,1928.57,0.508603,-0.844798,0.926131
50,G1,48.9994,38,1983.75,0.464537,-1.73561,0.976173
50,G1,48.9994,54,2842.38,1.15233,-4.10559,0.923579
50,Fs7,2959.96,1,2960.82,4.91962,-7.99705,0.846253
50,Fs7,2959.96,2,6285,10.0025,-5.55964,0.996931
50,Gs4,415.305,1,415.86,0.334594,3.63826,0.880542
50,Gs4,415.305,2,831.72,0.340166,1.08463,0.739719
50,Gs4,415.305,4,1670.17,0.512401,0.703054,0.875014
50,Gs4,415.305,5,2095.45,0.601868,-1.01395,0.918199
50,Gs4,415.305,6,2523.42,0.810685,-1.4807,0.956888
50,Gs4,415.305,7,2958.12,1.01057,-1.98694,0.954709
50,Gs4,415.305,9,3399.55,2.04911,-3.61963,0.80057
50,Cs5,554.365,2,1110.31,0.49072,2.19585,0.596177
50,Cs5,554.365,3,1671.51,0.804106,0.944083,0.812585
50,Cs5,554.365,4,2238.11,0.956631,0.395231,0.903609
50,Cs5,554.365,5,2811.43,1.53114,-1.56233,0.931136
50,Cs5,554.365,6,3395.52,1.60125,-3.00353,0.691982
50,Cs5,554.365,8,3994.41,3.6013,-2.71523,0.870295
50,A2,110,1,110.358,0.272022,3.61629,0.951654
50,A2,110,5,550.443,0.225497,1.52215,0.782569
50,A2,110,7,771.158,0.202397,-0.108841,0.644161
50,A2,110,8,881.516,0.22886,0.259348,0.636483
50,A2,110,9,991.873,0.286532,1.10349,0.862212
50,A2,110,10,1103.58,0.254881,1.5073,0.797766
50,A2,110,11,1216.63,0.27433,0.0305631,0.800116
50,A2,110,26,2939.28,0.759208,-2.90008,0.873783
50,A2,110,29,3059.06,1.21266,-3.08243,0.781779
50,A2,110,30,3383.4,0.823349,-8.95933,0.628217
50,G6,1567.98,1,1574.62,1.76895,2.82797,0.98385
50,G6,1567.98,2,3172.11,2.72204,-0.99683,0.962744
50,G6,1567.98,3,4831.51,4.35951,-4.62904,0.995286
50,G6,1567.98,4,5508.46,9.86988,-4.56623,0.967835
50,F3,174.614,1,174.957,0.232597,3.2179,0.843062
50,F3,174.614,3,523.526,0.223805,3.28934,0.723474
50,F3,174.614,4,698.483,0.255541,2.95574,0.819627
50,F3,174.614,5,874.786,0.226819,1.39849,0.69274
50,F3,174.614,6,1049.74,0.361198,1.05742,0.945404
50,F3,174.614,7,1226.05,0.273734,1.08314,0.759689
50,F3,174.614,8,1403.7,0.320006,-0.693069,0.80782
50,F3,174.614,9,1581.34,0.353954,0.405855,0.892549
50,F3,174.614,10,1760.34,0.369028,0.232655,0.898935
50,F3,174.614,11,1939.33,0.553511,-1.69993,0.881243
50,F3,174.614,12,2121.02,0.500177,-1.27176,0.925064
50,F3,174.614,13,2304.05,0.530441,-1.90938,0.940858
50,F3,174.614,17,2670.12,0.577236,-2.43144,0.913957
50,F3,174.614,18,2855.84,0.756752,-3.04511,0.913155
50,F3,174.614,19,3231.33,1.00107,-3.26487,0.775208
50,F3,174.614,22,3613.54,1.67894,-4.75446,0.865989
50,Cs2,69.2957,1,68.6371,0.188045,3.06207,0.801692
50,Cs2,69.2957,4,277.24,0.269089,1.61907,0.790822
50,Cs2,69.2957,5,345.877,0.19891,3.0665,0.840585
50,Cs2,69.2957,7,484.497,0.209419,2.51451,0.870531
50,Cs2,69.2957,8,554.48,0.211524,0.77193,0.788836
50,Cs2,69.2957,10,693.1,0.222415,2.22982,0.855429
50,Cs2,69.2957,11,763.083,0.188365,1.37444,0.798071
50,Cs2,69.2957,12,833.066,0.201721,1.8769,0.731044
50,Cs2,69.2957,13,903.049,0.191019,-0.862135,0.768459
50,Cs2,69.2957,14,974.377,0.198686,0.288798,0.637169
50,Cs2,69.2957,15,1044.36,0.276975,-0.00678709,0.870105
50,Cs2,69.2957,16,1114.34,0.258205,-0.817275,0.828154
50,Cs2,69.2957,17,1185.67,0.241876,0.467637,0.790795
50,Cs2,69.2957,18,1255.65,0.28684,-0.0112886,0.890463
50,Cs2,69.2957,19,1328.33,0.355314,0.686459,0.907749
50,Cs2,69.2957,41,2727.99,0.634296,-2.37561,0.974152
50,Cs2,69.2957,43,2804.7,0.582273,-3.16575,0.946534
50,Cs2,69.2957,44,3199.03,1.17757,-4.54686,0.900133
50,Gs3,207.652,2,415.86,0.197587,2.89753,0.643157
50,Gs3,207.652,3,623.117,0.287021,3.04911,0.781578
50,Gs3,207.652,4,831.72,0.338609,1.99348,0.778713
50,Gs3,207.652,5,1040.32,0.342139,2.07356,0.902446
50,Gs3,207.652,6,1250.27,0.34391,1.41303,0.803578
50,Gs3,207.652,7,1461.57,0.477949,1.20462,0.886608
50,Gs3,207.652,8,1674.21,0.449615,-1.75177,0.944841
50,Gs3,207.652,9,1886.85,0.473072,-0.369302,0.953053
50,Gs3,207.652,10,2100.83,0.549718,-1.09503,0.94321
50,Gs3,207.652,12,2535.53,0.853455,-1.66977,0.993259
50,Gs3,207.652,13,2756.25,0.858603,-1.73781,0.965855
50,Gs3,207.652,16,2976.97,0.900994,-3.22263,0.873019
50,Gs3,207.652,17,3201.72,1.2031,-3.27856,0.790831
50,G4,391.995,1,391.635,0.496977,3.36985,0.764433
50,G4,391.995,2,784.616,0.282338,0.795066,0.658086
50,G4,391.995,3,1178.94,0.402025,-0.115075,0.778926
50,G4,391.995,4,1575.96,0.407755,0.707721,0.845416
50,G4,391.995,5,1975.67,0.479287,-0.226279,0.858543
50,G4,391.995,6,2380.76,0.601265,-1.11117,0.944572
50,G4,391.995,7,2787.2,0.772098,-2.9421,0.92506
50,G4,391.995,9,3201.72,2.32519,-2.09601,0.831923
50,F1,43.6535,1,43.0664,0.277296,1.2565,0.912014
50,F1,43.6535,2,87.4786,0.33508,4.7633,0.969078
50,F1,43.6535,3,130.545,0.305953,4.46898,0.980678
50,F1,43.6535,4,173.611,0.267063,3.14394,0.906575
50,F1,43.6535,5,218.024,0.209852,3.59461,0.702744
50,F1,43.6535,6,261.09,0.250201,3.36955,0.945266
50,F1,43.6535,7,305.502,0.206674,2.27332,0.711019
50,F1,43.6535,9,392.981,0.148251,2.55722,0.611884
50,F1,43.6535,11,480.46,0.245803,0.91968,0.836109
50,F1,43.6535,13,567.938,0.242276,1.30584,0.765606
50,F1,43.6535,15,656.763,0.321422,2.03376,0.844809
50,F1,43.6535,16,701.175,0.24704,-0.465729,0.752423
50,F1,43.6535,17,745.587,0.263214,0.826704,0.785585
50,F1,43.6535,18,791.345,0.166561,1.21278,0.767084
50,F1,43.6535,19,835.757,0.179267,1.27319,0.652119
50,F1,43.6535,20,880.17,0.208709,0.00300744,0.71124
50,F1,43.6535,21,925.928,0.272382,0.37733,0.865039
50,F1,43.6535,22,971.686,0.35481,1.1529,0.884639
50,F1,43.6535,23,1018.79,0.344987,0.619608,0.945036
50,F1,43.6535,28,1257,0.712336,-4.80353,0.739659
50,F1,43.6535,34,1580,0.559347,-1.30977,0.921086
50,F1,43.6535,35,1628.45,0.670382,-0.11701,0.914614
50,F1,43.6535,36,1678.24,0.539721,-0.845306,0.919622
50,F1,43.6535,37,1726.69,0.576843,-2.08616,0.952981
50,F1,43.6535,38,1776.49,0.520341,-2.47123,0.969271
50,F1,43.6535,39,1826.28,0.597143,-2.64413,0.907742
50,F1,43.6535,41,1927.22,0.59303,-2.0641,0.969224
50,F1,43.6535,42,1977.02,0.620213,-1.48112,0.967405
50,F1,43.6535,49,2395.57,0.816048,-2.63414,0.922295
50,F1,43.6535,60,2613.59,1.5844,-2.91428,0.970866
50,F1,43.6535,61,3135.77,2.32238,-2.42587,0.845599
50,A0,27.5,1,26.9165,0.210059,0.337787,0.901565
50,A0,27.5,2,55.1788,0.247832,2.30102,0.950366
50,A0,27.5,3,82.0953,0.217993,4.9367,0.925498
50,A0,27.5,4,109.012,0.135036,3.62135,0.619121
50,A0,27.5,5,135.928,0.157295,3.31715,0.763335
50,A0,27.5,6,164.191,0.195159,2.64565,0.869744
50,A0,27.5,13,357.99,0.176078,3.45491,0.864889
50,A0,27.5,14,386.252,0.207556,3.16131,0.904037
50,A0,27.5,15,415.86,0.300965,1.89591,0.731941
50,A0,27.5,16,442.776,0.191901,-0.21722,0.78386
50,A0,27.5,17,472.385,0.173097,0.939315,0.747497
50,A0,27.5,18,501.993,0.186732,1.76415,0.755384
50,A0,27.5,19,530.255,0.173895,2.43742,0.797018
50,A0,27.5,20,559.863,0.197628,1.45898,0.792758
50,A0,27.5,21,589.471,0.130421,2.2649,0.635265
50,A0,27.5,22,619.08,0.211278,1.69795,0.923765
50,A0,27.5,23,648.688,0.225853,1.56627,0.944216
50,A0,27.5,24,679.642,0.264044,-0.431658,0.967582
50,A0,27.5,25,710.596,0.248947,-0.0954984,0.934817
50,A0,27.5,26,741.55,0.242749,1.19461,0.943178
50,A0,27.5,27,771.158,0.27263,0.918713,0.971466
50,A0,27.5,28,803.458,0.275676,1.84164,0.948374
50,A0,27.5,29,834.412,0.355608,2.06156,0.988635
50,A0,27.5,30,866.711,0.335731,1.86454,0.987146
50,A0,27.5,31,899.011,0.332632,-0.649572,0.954018
50,A0,27.5,32,931.311,0.358994,-1.23523,0.905028
50,A0,27.5,34,997.256,0.501385,-0.911907,0.99481
50,A0,27.5,35,1030.9,0.432827,1.22663,0.993726
50,A0,27.5,36,1064.55,0.452755,1.49219,0.993077
50,A0,27.5,37,1096.85,0.486923,0.831683,0.998592
50,A0,27.5,42,1240.85,0.660877,-0.859983,0.985987
50,A0,27.5,43,1275.84,0.750681,0.577962,0.989791
50,A0,27.5,44,1312.18,0.75241,0.349945,0.986965
50,A0,27.5,45,1349.86,0.898036,0.601024,0.990981
50,A0,27.5,46,1386.2,0.907207,-0.872242,0.994817
50,A0,27.5,47,1423.88,0.99915,-0.204897,0.999386
50,A0,27.5,48,1462.91,1.02209,-0.576725,0.98625
50,A0,27.5,49,1500.6,1.18353,-0.790287,0.990661
50,A0,27.5,52,1620.37,1.20029,-1.08786,0.966898
50,A0,27.5,54,1699.78,1.32656,-0.272608,0.992775
50,A0,27.5,56,1776.49,1.60995,-0.842476,0.999872
50,A0,27.5,94,3102.13,2.05223,-7.349,0.714537
50,Fs2,92.4986,1,92.8619,0.374448,4.19065,0.976224
50,Fs2,92.4986,2,184.378,0.195075,2.60961,0.73166
50,Fs2,92.4986,5,461.618,0.212744,1.8,0.706795
50,Fs2,92.4986,6,554.48,0.182972,2.42747,0.641842
50,Fs2,92.4986,7,647.342,0.197276,2.30942,0.728701
50,Fs2,92.4986,9,834.412,0.273805,2.01158,0.893577
50,Fs2,92.4986,10,927.274,0.205693,0.490115,0.712268
50,Fs2,92.4986,11,1021.48,0.343104,0.467228,0.886003
50,Fs2,92.4986,12,1114.34,0.270207,0.138127,0.740536
50,Fs2,92.4986,13,1208.55,0.204369,-0.174801,0.69976
50,Fs2,92.4986,14,1302.76,0.274878,0.85082,0.801072
50,Fs2,92.4986,15,1396.97,0.369522,0.574895,0.813193
50,Fs2,92.4986,16,1492.52,0.327234,-1.19936,0.889102
50,Fs2,92.4986,17,1586.73,0.484073,-0.747385,0.979916
50,Fs2,92.4986,18,1682.28,0.439933,0.0117112,0.943537
50,Fs2,92.4986,19,1777.84,0.382929,-1.39486,0.896187
50,Fs2,92.4986,20,1874.73,0.394789,-1.60947,0.896386
50,Fs2,92.4986,21,1972.98,0.466519,-1.53412,0.922992
50,Fs2,92.4986,31,2760.29,0.678853,-2.47055,0.913797
50,Fs2,92.4986,34,2946.01,0.845045,-3.61114,0.859444
50,Fs2,92.4986,36,3065.79,1.23918,-4.34279,0.894925
50,Fs2,92.4986,37,3271.7,0.885266,-6.99926,0.703323
50,Gs1,51.9131,1,52.4872,0.198202,0.780215,0.777556
50,Gs1,51.9131,2,103.629,0.27891,4.18727,0.931839
50,Gs1,51.9131,3,154.77,0.178195,3.14621,0.798163
50,Gs1,51.9131,4,207.257,0.204142,3.77888,0.786463
50,Gs1,51.9131,8,414.514,0.120102,0.273032,0.617947
50,Gs1,51.9131,10,519.489,0.176288,2.56421,0.703998
50,Gs1,51.9131,11,570.63,0.161367,1.521,0.701047
50,Gs1,51.9131,12,623.117,0.224805,0.118763,0.857472
50,Gs1,51.9131,13,675.604,0.276283,1.67504,0.793216
50,Gs1,51.9131,14,728.091,0.221868,0.655345,0.676644
50,Gs1,51.9131,15,780.579,0.225474,0.797601,0.759739
50,Gs1,51.9131,16,833.066,0.239772,-0.374509,0.777898
50,Gs1,51.9131,17,886.899,0.213603,0.206224,0.731695
50,Gs1,51.9131,18,939.386,0.262186,0.488844,0.918863
50,Gs1,51.9131,19,991.873,0.316204,1.06967,0.865253
50,Gs1,51.9131,20,1047.05,0.217371,-0.84362,0.794371
50,Gs1,51.9131,34,1868.01,0.482759,-1.86295,0.980974
50,Gs1,51.9131,35,1924.53,0.492039,-1.00777,0.993076
50,Gs1,51.9131,36,1981.05,0.479225,-2.21271,0.954723
50,Gs1,51.9131,37,2037.58,0.478293,-2.0139,0.988369
50,Gs1,51.9131,44,2505.93,0.757244,-2.5757,0.95984
50,Gs1,51.9131,52,2625.71,0.86573,-3.60355,0.887886
50,Gs1,51.9131,53,2932.55,1.49744,-3.83036,0.935105
50,F6,1396.91,1,1401,1.54449,2.218,0.944368
50,F6,1396.91,2,2819.5,2.52878,-1.16046,0.985889
50,F6,1396.91,3,4289.15,4.36564,-2.4682,0.964803
50,F6,1396.91,4,5053.57,5.04254,-4.30272,0.995752
50,G3,195.998,1,196.49,0.292318,3.99366,0.938352
50,G3,195.998,2,391.635,0.21154,2.74836,0.75785
50,G3,195.998,4,784.616,0.270028,1.97542,0.715943
50,G3,195.998,5,982.452,0.368008,1.02933,0.909289
50,G3,195.998,6,1180.29,0.359797,1.85814,0.85424
50,G3,195.998,7,1378.12,0.297115,0.820682,0.790598
50,G3,195.998,8,1577.31,0.369313,-1.04501,0.897519
50,G3,195.998,9,1779.18,0.410634,0.166817,0.931641
50,G3,195.998,10,1981.05,0.491573,0.190782,0.97198
50,G3,195.998,11,2184.27,0.540489,-2.28328,0.92447
50,G3,195.998,12,2388.84,0.60079,-2.31628,0.959696
50,G3,195.998,13,2594.75,0.87905,-2.65841,0.940611
50,G3,195.998,15,3011.96,1.09114,-2.20167,0.900694
50,G3,195.998,18,3225.94,0.812618,-5.66329,0.563421
50,G3,195.998,22,5002.43,3.51845,-2.92911,0.75874
50,A7,3520,1,3500.49,4.46914,-3.65851,0.999813
50,A7,3520,2,7256.69,7.25739,-9.53199,0.729094
50,Gs6,1661.22,1,1670.17,1.74117,2.93713,0.957802
50,Gs6,1661.22,2,3368.6,4.34078,-0.928468,0.962686
50,Gs6,1661.22,3,5138.36,7.42942,-4.57172,0.982298
50,Cs7,2217.46,1,2234.07,2.37968,1.83802,0.99632
50,Cs7,2217.46,2,4539.47,4.54101,-3.15887,0.992767
50,Cs7,2217.46,3,5925.67,17.0444,-3.29226,0.950343
50,Fs5,739.989,1,740.204,0.517826,3.14152,0.525594
50,Fs5,739.989,2,1484.45,0.664401,0.48922,0.758176
50,Fs5,739.989,3,2238.11,0.980167,-0.688482,0.892897
50,Fs5,739.989,4,2998.5,1.72696,-2.44422,0.933259
50,Fs5,739.989,5,3783.11,2.98916,-3.428,0.979493
50,Fs5,739.989,6,4587.92,5.58467,-3.12151,0.964923
50,Fs5,739.989,8,5412.91,8.75374,-3.10645,0.932
50,Fs4,369.994,1,370.102,0.47892,3.9534,0.821152
50,Fs4,369.994,2,740.204,0.287948,1.60511,0.673583
50,Fs4,369.994,4,1485.79,0.371914,0.431478,0.844915
50,Fs4,369.994,5,1862.62,0.452443,-1.23322,0.914183
50,Fs4,369.994,6,2243.49,0.491544,-1.14623,0.941779
50,Fs4,369.994,7,2627.05,0.656183,-2.07401,0.963941
50,Fs4,369.994,9,3015.99,1.2354,-3.367,0.882952
50,Cs6,1108.73,1,1110.31,1.25936,3.29705,0.881349
50,Cs6,1108.73,2,2232.72,1.59002,-0.452779,0.94847
50,Cs6,1108.73,3,3376.68,3.98845,-2.36112,0.972317
50,Cs6,1108.73,4,4561,5.62512,-3.06253,0.982678
50,Cs6,1108.73,5,5785.7,6.38479,-5.87903,0.831759
50,Gs7,3322.44,2,6856.98,25.1786,-5.12988,0.984374
50,G2,97.9989,1,98.2452,0.240683,4.06679,0.940149
50,G2,97.9989,4,391.635,0.244774,3.09816,0.727712
50,G2,97.9989,5,489.88,0.229874,1.85112,0.885112
50,G2,97.9989,6,588.126,0.240963,1.1734,0.792018
50,G2,97.9989,7,686.371,0.217162,2.97074,0.855066
50,G2,97.9989,8,784.616,0.133359,0.174376,0.621363
50,G2,97.9989,9,884.207,0.185623,0.883258,0.646146
50,G2,97.9989,10,982.452,0.253685,0.488207,0.693169
50,G2,97.9989,11,1082.04,0.221037,-0.091711,0.725807
50,G2,97.9989,12,1181.63,0.275555,0.761279,0.811617
50,G2,97.9989,13,1281.23,0.27758,0.714182,0.770725
50,G2,97.9989,14,1380.82,0.286687,-0.769204,0.861953
50,G2,97.9989,15,1481.75,0.347135,-0.981477,0.902207
50,G2,97.9989,16,1582.69,0.36608,-1.7429,0.935091
50,G2,97.9989,17,1683.63,0.370342,0.0384094,0.957564
50,G2,97.9989,18,1784.56,0.427208,-0.0721528,0.923495
50,G2,97.9989,19,1886.85,0.440177,-1.17558,0.939811
50,G2,97.9989,21,2091.41,0.480344,-0.89014,0.967285
50,G2,97.9989,22,2195.04,0.597594,-1.79756,0.883082
50,G2,97.9989,30,2612.25,0.624473,-2.59914,0.942486
50,G2,97.9989,31,2932.55,0.778626,-2.75466,0.945719
50,G2,97.9989,34,3040.22,1.19597,-2.3854,0.802397
50,G2,97.9989,35,3147.89,1.68488,-2.30722,0.874484
50,F7,2793.83,1,2806.05,3.3844,-2.73243,0.989831
50,F7,2793.83,2,5739.94,6.35597,-4.09334,0.998471
50,F7,2793.83,3,8825.92,32.3609,-6.50239,0.981583
50,A6,1760,1,1769.76,1.65058,2.57774,0.97141
50,A6,1760,2,3574.51,4.68109,-1.16185,0.958475
50,A6,1760,3,4582.53,10.1686,-2.95817,0.981824
50,Cs1,34.6478,1,34.9915,0.155666,0.584502,0.750632
50,Cs1,34.6478,2,68.6371,0.182656,4.15357,0.873916
50,Cs1,34.6478,3,103.629,0.15064,5.24283,0.801226
50,Cs1,34.6478,4,137.274,0.167218,4.28481,0.849403
50,Cs1,34.6478,5,172.266,0.158729,3.269,0.819688
50,Cs1,34.6478,7,240.903,0.179821,2.62627,0.845431
50,Cs1,34.6478,8,275.894,0.152732,-1.49769,0.769232
50,Cs1,34.6478,9,310.886,0.125568,2.57674,0.679787
50,Cs1,34.6478,11,380.869,0.149892,3.57527,0.678518
50,Cs1,34.6478,13,450.851,0.177882,2.61751,0.849257
50,Cs1,34.6478,15,520.834,0.209613,2.16254,0.91158
50,Cs1,34.6478,16,557.172,0.125704,0.169966,0.607683
50,Cs1,34.6478,17,592.163,0.180762,1.34302,0.835535
50,Cs1,34.6478,18,627.155,0.227012,-0.0867957,0.859313
50,Cs1,34.6478,19,663.492,0.210085,1.91957,0.851881
50,Cs1,34.6478,20,699.829,0.216972,0.566225,0.770664
50,Cs1,34.6478,21,734.821,0.161553,0.845407,0.801851
50,Cs1,34.6478,22,772.504,0.198147,2.23359,0.873397
50,Cs1,34.6478,23,808.841,0.212373,1.18654,0.918402
50,Cs1,34.6478,24,845.178,0.241078,-0.356654,0.91195
50,Cs1,34.6478,25,881.516,0.23102,-0.132927,0.90413
50,Cs1,34.6478,26,919.199,0.304264,0.112397,0.974897
50,Cs1,34.6478,27,956.882,0.307496,0.194598,0.953831
50,Cs1,34.6478,28,998.602,0.445091,-2.06826,0.943482
50,Cs1,34.6478,37,1379.47,0.43852,-0.594704,0.969134
50,Cs1,34.6478,38,1421.19,0.48345,-0.834608,0.991609
50,Cs1,34.6478,39,1460.22,0.5,-1.85753,0.990335
50,Cs1,34.6478,40,1497.9,0.680176,-1.68671,0.768648
50,Cs1,34.6478,41,1543.66,0.547573,-1.70481,0.977816
50,Cs1,34.6478,42,1584.04,0.654381,-1.86037,0.936934
50,Cs1,34.6478,43,1625.76,0.594295,-1.84632,0.979084
50,Cs1,34.6478,45,1710.54,0.663987,-1.45793,0.976667
50,Fs3,184.997,1,184.378,0.336628,3.65592,0.931926
50,Fs3,184.997,3,554.48,0.189025,1.9299,0.605177
50,Fs3,184.997,4,740.204,0.311021,2.34978,0.632525
50,Fs3,184.997,5,925.928,0.292032,1.37365,0.891285
50,Fs3,184.997,6,1113,0.293967,0.793549,0.758958
50,Fs3,184.997,7,1300.07,0.371625,1.05407,0.963285
50,Fs3,184.997,8,1488.48,0.416302,-0.58915,0.871085
50,Fs3,184.997,9,1676.9,0.444058,0.062181,0.962993
50,Fs3,184.997,10,1866.66,0.524701,-0.822121,0.97586
50,Fs3,184.997,11,2057.77,0.609071,-1.72502,0.927618
50,Fs3,184.997,12,2250.22,0.617085,-1.81525,0.964083
50,Fs3,184.997,13,2444.02,0.673412,-1.48704,0.935058
50,Fs3,184.997,16,2639.16,0.69509,-3.22435,0.935751
50,Fs3,184.997,17,3033.49,1.23293,-2.57931,0.782989
50,Fs3,184.997,19,3845.02,2.28686,-3.35045,0.755824
50,G5,783.991,2,1573.27,0.879846,-0.489289,0.926569
50,G5,783.991,3,2372.69,1.38436,-0.117218,0.965804
50,G5,783.991,4,3184.22,2.48407,-2.43681,0.963688
50,G5,783.991,5,4019.98,4.13331,-2.02536,0.971211
50,G5,783.991,6,4875.92,6.35628,-3.47923,0.92748
50,G5,783.991,8,5758.79,7.0809,-4.90091,0.894414
50,A1,55,1,55.1788,0.281531,3.09916,0.78115
50,A1,55,2,110.358,0.314673,4.14821,0.949538
50,A1,55,3,164.191,0.239054,2.65288,0.829757
50,A1,55,4,219.37,0.286001,3.99839,0.932333
50,A1,55,5,274.548,0.218028,3.33337,0.822805
50,A1,55,6,329.727,0.19815,2.94895,0.713581
50,A1,55,7,384.906,0.314441,3.3079,0.828052
50,A1,55,10,550.443,0.197096,2.386,0.738082
50,A1,55,11,605.621,0.168324,2.50401,0.630953
50,A1,55,12,660.8,0.227771,0.818439,0.79712
50,A1,55,13,715.979,0.286895,1.85777,0.799053
50,A1,55,14,771.158,0.200995,0.545193,0.725892
50,A1,55,15,827.682,0.216471,1.90799,0.76485
50,A1,55,16,882.861,0.203279,-1.34732,0.820334
50,A1,55,17,938.04,0.230552,0.43263,0.7339
50,A1,55,18,994.565,0.298885,0.300804,0.899674
50,A1,55,19,1051.09,0.214765,1.05142,0.804372
50,A1,55,31,1796.68,0.487856,-1.32567,0.99836
50,A1,55,32,1857.24,0.48023,-2.75319,0.961008
50,A1,55,35,2036.23,0.460952,-1.75549,0.971945
50,A1,55,36,2096.8,0.523408,-2.15274,0.975971
50,A1,55,37,2157.36,0.472732,-2.04973,0.937529
50,A1,55,49,2588.02,0.746511,-2.78951,0.992281
50,A1,55,50,2649.93,0.754431,-3.38291,0.936254
50,A1,55,51,2874.68,1.21782,-4.20539,0.958915
65,Fs6,1479.98,1,1484.45,1.59046,3.50858,0.967422
65,Fs6,1479.98,2,2986.39,2.25709,-0.0695114,0.986537
65,Fs6,1479.98,3,4544.85,3.51639,-0.567214,0.948822
65,Fs6,1479.98,4,5262.18,8.20949,-4.71375,0.851874
65,Fs6,1479.98,5,7865,6.96966,-7.17565,0.831614
65,Cs4,277.183,1,277.24,0.357488,4.582,0.879334
65,Cs4,277.183,3,833.066,0.247495,1.67345,0.605623
65,Cs4,277.183,4,1111.65,0.428938,2.00435,0.876979
65,Cs4,277.183,5,1391.58,0.308132,2.09687,0.724327
65,Cs4,277.183,6,1674.21,0.463445,2.39742,0.871959
65,Cs4,277.183,7,1956.83,0.504103,1.65121,0.916707
65,Cs4,277.183,8,2243.49,0.520293,-0.793347,0.815514
65,Cs4,277.183,11,3415.7,1.26796,-1.28805,0.895365
65,Cs4,277.183,14,3718.52,0.98446,-3.58362,0.671439
65,Cs4,277.183,15,4024.02,2.74188,-1.79774,0.90113
65,Cs4,277.183,17,5618.82,5.13444,-3.05535,0.920994
65,Cs4,277.183,22,5953.93,1.58043,-8.09409,0.609551
65,Gs5,830.609,1,831.72,0.572798,3.9564,0.715279
65,Gs5,830.609,2,1668.82,0.971418,1.65195,0.922159
65,Gs5,830.609,3,2516.69,1.75457,0.80739,0.974316
65,Gs5,830.609,4,3379.37,3.23613,-0.244316,0.933244
65,Gs5,830.609,5,4598.68,6.65328,-2.25189,0.92357
65,Gs5,830.609,7,5177.39,6.55632,-1.43466,0.915078
65,Gs5,830.609,8,6127.54,5.3174,-5.13357,0.85654
65,F5,698.456,2,1402.35,0.699998,1.68844,0.755408
65,F5,698.456,3,2111.6,1.02306,1.17425,0.872438
65,F5,698.456,4,2830.27,1.76071,-0.510406,0.978677
65,F5,698.456,5,3566.44,3.11919,-1.45952,0.933515
65,A4,440,1,440.085,0.421593,3.07308,0.737023
65,A4,440,2,881.516,0.471451,3.38811,0.808092
65,A4,440,3,1324.29,0.477672,2.26728,0.75293
65,A4,440,4,1771.11,0.532181,1.61989,0.886472
65,A4,440,5,2220.61,0.681359,0.657562,0.945208
65,A4,440,6,2676.85,0.855931,0.48797,0.966324
65,A4,440,8,3139.81,1.15239,-1.92409,0.888112
65,A4,440,9,3609.5,2.08268,-1.70807,0.827945
65,A4,440,13,5585.17,1.55391,-9.22627,0.56094
65,Gs2,103.826,1,103.629,0.32311,3.96969,0.834718
65,Gs2,103.826,4,414.514,0.171683,2.60382,0.635853
65,Gs2,103.826,6,623.117,0.260527,3.04066,0.889882
65,Gs2,103.826,7,728.091,0.245546,1.98956,0.800733
65,Gs2,103.826,8,831.72,0.229173,1.82484,0.841682
65,Gs2,103.826,9,936.694,0.343578,2.94669,0.841212
65,Gs2,103.826,10,1041.67,0.226656,2.41062,0.773829
65,Gs2,103.826,11,1146.64,0.205255,0.702047,0.834694
65,Gs2,103.826,12,1251.62,0.272195,1.46971,0.816654
65,Gs2,103.826,13,1357.94,0.300921,1.3534,0.94099
65,Gs2,103.826,14,1464.26,0.415014,1.37616,0.9469
65,Gs2,103.826,15,1570.58,0.333355,0.399567,0.817386
65,Gs2,103.826,16,1676.9,0.361405,-1.38968,0.857939
65,Gs2,103.826,17,1784.56,0.342994,0.330041,0.886939
65,Gs2,103.826,18,1892.23,0.407392,-0.28949,0.933102
65,Gs2,103.826,19,2001.24,0.410051,-0.860702,0.912598
65,Gs2,103.826,20,2110.25,0.475581,-3.12318,0.888747
65,Gs2,103.826,21,2217.92,0.522287,-1.02926,0.904781
65,Gs2,103.826,22,2328.28,0.51297,-1.8177,0.964977
65,Gs2,103.826,23,2438.64,0.470848,-0.660827,0.977092
65,Gs2,103.826,24,2550.34,0.622612,-1.74479,0.932237
65,Gs2,103.826,28,3114.24,0.769726,-1.67294,0.890508
65,Gs2,103.826,34,3228.63,0.85252,-1.92044,0.928014
65,Gs2,103.826,35,3345.72,0.917555,-1.95582,0.874337
65,Gs2,103.826,36,3461.46,1.43238,-1.88698,0.79835
65,Gs2,103.826,37,3816.76,2.10514,-2.53525,0.868239
65,Gs2,103.826,41,4550.23,2.59047,-3.41428,0.930947
65,Gs2,103.826,47,4801.9,2.74154,-2.99912,0.881611
65,Gs2,103.826,49,4846.32,1.91503,-6.76938,0.813057
65,Cs3,138.591,2,277.24,0.288062,4.12862,0.869291
65,Cs3,138.591,3,415.86,0.204952,3.16269,0.686268
65,Cs3,138.591,4,554.48,0.258821,2.99274,0.676133
65,Cs3,138.591,5,693.1,0.227185,2.93646,0.742273
65,Cs3,138.591,6,833.066,0.273435,2.63328,0.727713
65,Cs3,138.591,7,971.686,0.414463,2.80708,0.911253
65,Cs3,138.591,8,1111.65,0.256208,0.531652,0.80992
65,Cs3,138.591,9,1252.96,0.295183,1.92361,0.741788
65,Cs3,138.591,10,1392.93,0.306522,0.612537,0.863193
65,Cs3,138.591,11,1535.59,0.35991,0.909021,0.881138
65,Cs3,138.591,21,2691.65,0.767417,-0.0056364,0.942975
65,Cs3,138.591,22,2839.69,0.78675,-1.42593,0.935115
65,Cs3,138.591,23,2989.08,0.781796,-1.24221,0.956166
65,Cs3,138.591,24,3139.81,0.869054,-1.94347,0.961648
65,Cs3,138.591,25,3598.74,1.73666,-1.73099,0.81436
65,Cs3,138.591,28,4228.58,1.68556,-1.99242,0.743245
65,Cs3,138.591,33,4554.27,2.52271,-1.98487,0.910586
65,Cs3,138.591,35,5048.19,2.18192,-5.00496,0.85313
65,Fs1,46.2493,1,45.7581,0.252655,2.06261,0.905702
65,Fs1,46.2493,2,91.5161,0.265894,4.14032,0.950654
65,Fs1,46.2493,3,138.62,0.233386,5.18053,0.936166
65,Fs1,46.2493,4,184.378,0.227978,4.40552,0.803965
65,Fs1,46.2493,5,230.136,0.258508,3.72818,0.854907
65,Fs1,46.2493,6,277.24,0.269292,3.51274,0.889384
65,Fs1,46.2493,9,415.86,0.21112,3.23627,0.862434
65,Fs1,46.2493,10,461.618,0.209515,2.83437,0.742473
65,Fs1,46.2493,11,508.722,0.165877,3.28478,0.752586
65,Fs1,46.2493,12,555.826,0.277551,2.38423,0.831956
65,Fs1,46.2493,13,601.584,0.2532,1.27244,0.840683
65,Fs1,46.2493,14,648.688,0.232155,2.9304,0.719297
65,Fs1,46.2493,16,742.896,0.186936,0.769993,0.663042
65,Fs1,46.2493,18,837.103,0.261371,2.2177,0.811728
65,Fs1,46.2493,19,885.553,0.252612,1.99613,0.77986
65,Fs1,46.2493,21,981.107,0.379939,2.24477,0.864749
65,Fs1,46.2493,22,1029.56,0.194046,1.69511,0.737424
65,Fs1,46.2493,23,1079.35,0.302512,0.328812,0.863011
65,Fs1,46.2493,26,1250.27,0.63285,-3.06342,0.858743
65,Fs1,46.2493,27,1297.38,0.657402,-2.88458,0.837481
65,Fs1,46.2493,33,1619.03,0.552416,-0.707924,0.940069
65,Fs1,46.2493,34,1670.17,0.526322,-0.242486,0.906822
65,Fs1,46.2493,35,1721.31,0.492567,0.6205,0.968954
65,Fs1,46.2493,36,1773.8,0.526238,0.648146,0.908635
65,Fs1,46.2493,37,1824.94,0.474859,-1.25928,0.980424
65,Fs1,46.2493,38,1877.43,0.547575,-1.17918,0.956712
65,Fs1,46.2493,39,1929.91,0.50114,-1.63385,0.900178
65,Fs1,46.2493,50,2581.29,0.926062,-1.79844,0.962468
65,Fs1,46.2493,51,2639.16,0.905728,-1.32046,0.987305
65,Fs1,46.2493,59,2695.69,0.972091,-1.6384,0.951762
65,Fs1,46.2493,60,2753.56,1.02158,-2.32402,0.916061
65,Fs1,46.2493,61,3165.38,1.98955,-1.50044,0.926075
65,Fs1,46.2493,67,3228.63,1.76631,-1.70684,0.853411
65,Fs1,46.2493,68,3287.85,1.56768,-2.21233,0.891678
65,Fs1,46.2493,69,3859.83,1.18713,-6.7624,0.752202
65,Fs1,46.2493,71,4602.72,2.10476,-4.96313,0.743362
65,F2,87.3071,1,87.4786,0.193206,4.43919,0.889139
65,F2,87.3071,2,174.957,0.289014,2.85514,0.736295
65,F2,87.3071,3,261.09,0.161731,2.20191,0.812325
65,F2,87.3071,4,348.569,0.770322,5.09775,0.954194
65,F2,87.3071,5,436.047,0.21761,2.54241,0.635019
65,F2,87.3071,6,523.526,0.209276,1.7994,0.760726
65,F2,87.3071,7,611.005,0.216046,2.80581,0.644168
65,F2,87.3071,9,787.308,0.178765,1.89573,0.698869
65,F2,87.3071,11,963.611,0.24416,1.08473,0.811285
65,F2,87.3071,12,1051.09,0.282996,1.5329,0.790776
65,F2,87.3071,13,1139.91,0.287627,2.77495,0.849365
65,F2,87.3071,14,1228.74,0.254664,2.04905,0.795471
65,F2,87.3071,15,1317.56,0.320162,1.7375,0.819143
65,F2,87.3071,16,1407.73,0.373189,-0.152184,0.918021
65,F2,87.3071,17,1496.56,0.314926,-0.227996,0.867669
65,F2,87.3071,18,1586.73,0.335531,1.05599,0.873524
65,F2,87.3071,19,1676.9,0.371926,1.38356,0.902366
65,F2,87.3071,20,1768.41,0.502621,-1.51377,0.928544
65,F2,87.3071,33,2600.13,0.644858,-0.306064,0.918232
65,F2,87.3071,34,2812.77,0.62307,-1.25241,0.974099
65,F2,87.3071,36,3472.23,0.939331,-1.64052,0.844729
65,F2,87.3071,44,3571.82,1.50765,-1.81256,0.820504
65,F2,87.3071,45,4219.16,2.58976,-3.27221,0.918123
65,F2,87.3071,51,4289.15,2.51852,-1.1344,0.866449
65,F2,87.3071,52,4394.12,1.84556,-3.90774,0.873614
65,G7,3135.96,1,3153.27,3.8795,-0.443732,0.999992
65,G7,3135.96,2,6754.7,19.6046,-4.23075,0.98226
65,A3,220,2,440.085,0.231184,3.77103,0.753657
65,A3,220,3,660.8,0.319712,2.20552,0.860483
65,A3,220,4,881.516,0.313491,0.871189,0.914482
65,A3,220,5,1103.58,0.285448,2.47021,0.795573
65,A3,220,6,1325.64,0.303205,1.16323,0.740905
65,A3,220,7,1550.39,0.442948,1.57594,0.958559
65,A3,220,14,2927.17,1.05516,-1.93849,0.972213
65,A3,220,15,3645.84,1.47308,-2.01336,0.747791
65,A3,220,18,4139.76,1.70186,-2.87915,0.902327
65,A3,220,21,4908.22,3.18497,-2.9098,0.879924
65,G6,1567.98,1,1574.62,1.79635,3.30124,0.985201
65,G6,1567.98,2,3172.11,2.68948,-0.101784,0.974925
65,G6,1567.98,3,4831.51,4.2366,-3.12204,0.996655
65,G6,1567.98,4,5507.12,8.52116,-3.60238,0.95589
65,F3,174.614,1,174.957,0.196858,3.54874,0.768396
65,F3,174.614,2,348.569,0.232035,4.2283,0.643037
65,F3,174.614,3,523.526,0.217337,3.62838,0.661438
65,F3,174.614,4,698.483,0.28228,3.63968,0.864009
65,F3,174.614,5,874.786,0.217313,1.86357,0.625052
65,F3,174.614,6,1049.74,0.372018,1.67931,0.940784
65,F3,174.614,7,1226.05,0.293973,1.8779,0.792847
65,F3,174.614,8,1403.7,0.323848,0.198138,0.813939
65,F3,174.614,9,1581.34,0.342075,1.27455,0.83363
65,F3,174.614,10,1760.34,0.379028,1.32748,0.912182
65,F3,174.614,11,1939.33,0.564753,-0.451115,0.892031
65,F3,174.614,12,2121.02,0.519358,0.129336,0.923209
65,F3,174.614,13,2304.05,0.553609,-0.454254,0.953394
65,F3,174.614,17,2670.12,0.548058,-0.941685,0.893403
65,F3,174.614,18,2855.84,0.716399,-1.28673,0.92016
65,F3,174.614,19,3231.33,0.89232,-1.52316,0.905328
65,F3,174.614,21,3421.09,1.32703,-1.93169,0.886905
65,F3,174.614,22,3613.54,0.960092,-3.05577,0.818798
65,F3,174.614,23,4201.67,2.18066,-1.78355,0.833649
65,F3,174.614,27,4807.29,3.27669,-1.96301,0.779511
65,F3,174.614,30,5013.2,4.0272,-2.1494,0.892252
65,A2,110,1,110.358,0.254307,3.79204,0.921273
65,A2,110,4,440.085,0.185023,2.75224,0.627362
65,A2,110,5,550.443,0.227915,2.16252,0.79864
65,A2,110,6,660.8,0.1464,1.03834,0.624299
65,A2,110,7,771.158,0.195615,0.430707,0.654618
65,A2,110,9,991.873,0.291369,1.87769,0.867858
65,A2,110,10,1103.58,0.238441,2.22841,0.759366
65,A2,110,11,1216.63,0.27977,0.936806,0.82828
65,A2,110,12,1331.02,0.340713,1.04593,0.894254
65,A2,110,26,2939.28,0.693803,-1.17066,0.894928
65,A2,110,29,3059.06,0.720912,-2.05785,0.901392
65,A2,110,30,3383.4,5.67347,-1.9717,0.965045
65,A2,110,33,3546.25,1.12332,-2.96187,0.830174
65,A2,110,34,4299.91,2.20532,-2.08055,0.79205
65,A2,110,40,4429.11,1.86181,-3.55917,0.814241
65,A2,110,41,4820.75,1.74806,-5.84852,0.79162
65,Cs2,69.2957,1,68.6371,0.196565,3.11002,0.723929
65,Cs2,69.2957,4,277.24,0.277741,2.08872,0.812347
65,Cs2,69.2957,5,345.877,0.196223,3.47653,0.809374
65,Cs2,69.2957,7,484.497,0.226724,3.04206,0.900987
65,Cs2,69.2957,8,554.48,0.205346,1.24233,0.74303
65,Cs2,69.2957,10,693.1,0.223018,2.87077,0.883209
65,Cs2,69.2957,11,763.083,0.177757,1.8636,0.760788
65,Cs2,69.2957,12,833.066,0.200836,2.56607,0.726275
65,Cs2,69.2957,13,903.049,0.194021,-0.100639,0.814603
65,Cs2,69.2957,14,974.377,0.193705,1.02847,0.600992
65,Cs2,69.2957,15,1044.36,0.269606,0.713602,0.815494
65,Cs2,69.2957,16,1114.34,0.267523,0.0874473,0.842726
65,Cs2,69.2957,17,1185.67,0.248957,1.5046,0.813203
65,Cs2,69.2957,18,1255.65,0.29109,0.987996,0.893561
65,Cs2,69.2957,19,1328.33,0.350289,1.64121,0.930509
65,Cs2,69.2957,35,2574.56,0.568956,-1.07794,0.957079
65,Cs2,69.2957,36,2651.28,0.567869,-1.05374,0.895646
65,Cs2,69.2957,37,2727.99,0.600151,-0.671563,0.972843
65,Cs2,69.2957,38,2806.05,0.561395,-1.15199,0.966403
65,Cs2,69.2957,44,3199.03,0.845365,-2.12305,0.843063
65,Cs2,69.2957,49,3935.19,1.751,-2.1607,0.875084
65,Cs2,69.2957,58,4017.29,1.00614,-5.62583,0.772296
65,Gs3,207.652,1,207.257,0.313489,4.21873,0.677129
65,Gs3,207.652,2,415.86,0.222967,3.43975,0.750773
65,Gs3,207.652,3,623.117,0.285053,3.50767,0.777336
65,Gs3,207.652,4,831.72,0.356957,2.58921,0.800841
65,Gs3,207.652,5,1040.32,0.354532,2.69811,0.877415
65,Gs3,207.652,6,1250.27,0.349484,2.11462,0.788368
65,Gs3,207.652,7,1461.57,0.474011,1.9525,0.886585
65,Gs3,207.652,8,1674.21,0.477068,-0.642913,0.964738
65,Gs3,207.652,9,1886.85,0.483305,0.77752,0.948469
65,Gs3,207.652,10,2100.83,0.543479,0.0846437,0.929013
65,Gs3,207.652,11,2317.51,0.609681,-1.72331,0.948938
65,Gs3,207.652,12,2535.53,0.857901,-0.182095,0.989698
65,Gs3,207.652,13,2756.25,0.833026,-0.181236,0.961926
65,Gs3,207.652,14,2976.97,0.860433,-1.51264,0.927827
65,Gs3,207.652,17,3201.72,1.04038,-1.57284,0.947528
65,Gs3,207.652,18,3427.82,1.51798,-2.53842,0.911343
65,Gs3,207.652,19,4360.47,2.85093,-1.6331,0.876861
65,Gs3,207.652,24,5091.26,3.40291,-1.91973,0.897187
65,F4,349.228,1,348.569,0.343442,4.46838,0.894367
65,F4,349.228,3,1049.74,0.260447,2.27789,0.653163
65,F4,349.228,4,1402.35,0.588625,1.95506,0.916444
65,F4,349.228,5,1757.65,0.486508,0.838119,0.830636
65,F4,349.228,6,2115.64,0.552418,0.505969,0.882535
65,F4,349.228,7,2476.32,0.642568,-0.183343,0.926559
65,F4,349.228,8,2842.38,0.874509,-1.25353,0.89829
65,F4,349.228,10,3212.48,1.05773,-2.75055,0.881244
65,F4,349.228,11,3967.49,0.88404,-4.87845,0.574432
65,G1,48.9994,1,48.4497,0.237896,2.55895,0.817798
65,G1,48.9994,2,98.2452,0.271806,4.37144,0.776413
65,G1,48.9994,3,146.695,0.300713,5.40798,0.939873
65,G1,48.9994,4,195.145,0.163632,3.66768,0.764491
65,G1,48.9994,5,244.94,0.187269,3.18876,0.808319
65,G1,48.9994,8,391.635,0.232464,1.79056,0.945462
65,G1,48.9994,10,489.88,0.283985,3.42774,0.813856
65,G1,48.9994,11,539.676,0.156907,1.14674,0.718098
65,G1,48.9994,12,588.126,0.219001,1.82854,0.686424
65,G1,48.9994,13,637.921,0.234685,2.72975,0.770971
65,G1,48.9994,14,687.717,0.187496,2.36133,0.853898
65,G1,48.9994,15,737.512,0.224072,1.76005,0.811404
65,G1,48.9994,17,837.103,0.224271,2.11911,0.765937
65,G1,48.9994,18,886.899,0.234624,1.99476,0.814017
65,G1,48.9994,19,936.694,0.367118,2.90852,0.892969
65,G1,48.9994,20,987.836,0.264848,0.64053,0.851042
65,G1,48.9994,21,1038.98,0.278767,2.56429,0.817142
65,G1,48.9994,22,1091.46,0.278154,2.29277,0.876473
65,G1,48.9994,23,1143.95,0.257772,0.752573,0.785125
65,G1,48.9994,26,1325.64,0.688703,-2.6616,0.920848
65,G1,48.9994,27,1375.43,0.568528,-2.96539,0.919802
65,G1,48.9994,28,1425.23,0.609719,-3.05054,0.810469
65,G1,48.9994,33,1713.24,0.411468,-0.548658,0.918859
65,G1,48.9994,34,1765.72,0.503635,0.0446337,0.939682
65,G1,48.9994,35,1819.56,0.451478,0.383427,0.89555
65,G1,48.9994,36,1873.39,0.460047,-0.190687,0.936962
65,G1,48.9994,37,1928.57,0.5097,0.638928,0.912568
65,G1,48.9994,38,1983.75,0.472174,-0.160647,0.977154
65,G1,48.9994,39,2038.93,0.490303,-1.59242,0.920663
65,G1,48.9994,46,2488.43,0.733497,-1.37808,0.953542
65,G1,48.9994,54,2842.38,0.942783,-2.30175,0.941706
65,G1,48.9994,59,3208.45,1.62618,-2.3834,0.818031
65,G1,48.9994,65,3461.46,2.00961,-2.51341,0.926788
65,G1,48.9994,69,4033.44,2.91729,-2.45757,0.914431
65,A5,880,1,881.516,0.714356,3.80064,0.839955
65,A5,880,2,1768.41,1.00545,0.857991,0.949951
65,A5,880,3,2670.12,1.79042,-0.264589,0.972771
65,A5,880,4,3590.66,3.66057,-0.227413,0.984944
65,A5,880,5,4713.08,6.932,-2.96784,0.922003
65,A5,880,7,5504.42,6.02657,-4.29289,0.928593
65,Gs4,415.305,1,415.86,0.34084,3.99586,0.879523
65,Gs4,415.305,2,831.72,0.339213,1.65659,0.712631
65,Gs4,415.305,4,1670.17,0.523874,1.5704,0.882065
65,Gs4,415.305,5,2095.45,0.607098,0.0394923,0.91235
65,Gs4,415.305,6,2523.42,0.803686,-0.272709,0.948883
65,Gs4,415.305,7,2958.12,0.98556,-0.530706,0.961349
65,Gs4,415.305,9,3399.55,1.60421,-1.94095,0.860976
65,Gs4,415.305,10,3847.71,2.64841,-3.05398,0.882152
65,Cs5,554.365,2,1110.31,0.509631,2.8967,0.620741
65,Cs5,554.365,3,1671.51,0.838377,1.86485,0.835299
65,Cs5,554.365,4,2238.11,0.941837,1.40732,0.907862
65,Cs5,554.365,5,2811.43,1.47218,-0.37027,0.952858
65,Cs5,554.365,6,3395.52,2.21932,-0.140859,0.959208
65,Cs5,554.365,8,3994.41,2.83958,-1.59159,0.942986
65,Cs5,554.365,9,4602.72,5.0498,-2.34476,0.912425
65,Cs5,554.365,11,5869.14,1.69265,-9.62747,0.54378
65,Fs7,2959.96,1,2960.82,4.99164,-7.47384,0.865515
65,Fs7,2959.96,2,6283.66,10.0057,-4.56068,0.997162
65,A7,3520,1,3500.49,4.4694,-3.13685,0.999811
65,A7,3520,2,7256.69,6.59016,-8.97124,0.741734
65,F6,1396.91,1,1401,1.55782,2.5935,0.942135
65,F6,1396.91,2,2819.5,2.55169,-0.227952,0.990361
65,F6,1396.91,3,4289.15,4.10643,-1.10181,0.957956
65,F6,1396.91,4,5053.57,4.86704,-3.42347,0.993609
65,G3,195.998,1,196.49,0.306173,4.37257,0.943904
65,G3,195.998,2,391.635,0.212428,3.17119,0.774923
65,G3,195.998,4,784.616,0.27621,2.53917,0.713192
65,G3,195.998,5,982.452,0.360827,1.63183,0.912707
65,G3,195.998,6,1180.29,0.365214,2.56975,0.860048
65,G3,195.998,7,1378.12,0.310194,1.58412,0.813272
65,G3,195.998,8,1577.31,0.369239,-0.0906435,0.884115
65,G3,195.998,9,1779.18,0.419248,1.23657,0.937893
65,G3,195.998,10,1981.05,0.497021,1.39671,0.97154
65,G3,195.998,11,2184.27,0.572979,-0.84318,0.886391
65,G3,195.998,12,2388.84,0.614503,-0.925978,0.958571
65,G3,195.998,13,2594.75,0.841427,-1.19005,0.948646
65,G3,195.998,14,2803.35,0.918706,-1.2016,0.963681
65,G3,195.998,15,3011.96,1.00538,-0.409758,0.941037
65,G3,195.998,18,3225.94,1.02042,-1.84826,0.911929
65,G3,195.998,19,3873.28,2.03133,-1.91308,0.834565
65,G3,195.998,22,5002.43,3.41795,-1.36172,0.877424
65,Fs5,739.989,1,740.204,0.528327,3.53175,0.533416
65,Fs5,739.989,2,1484.45,0.685098,1.3644,0.756949
65,Fs5,739.989,3,2238.11,0.974877,0.40559,0.885984
65,Fs5,739.989,4,2998.5,1.64362,-1.177,0.961245
65,Fs5,739.989,5,3787.15,2.86103,-1.72537,0.970438
65,Fs5,739.989,6,4587.92,4.79746,-1.48722,0.933587
65,Fs5,739.989,8,5412.91,7.45712,-1.91668,0.911088
65,Gs6,1661.22,1,1670.17,1.7334,3.29301,0.952186
65,Gs6,1661.22,2,3368.6,4.19017,-0.0491295,0.968491
65,Gs6,1661.22,3,5138.36,7.33473,-2.8454,0.993219
65,Cs7,2217.46,1,2234.07,2.41035,2.29217,0.997003
65,Cs7,2217.46,2,4539.47,4.48515,-2.14742,0.991842
65,Cs7,2217.46,3,5927.01,16.0232,-2.56584,0.962685
65,A0,27.5,1,26.9165,0.209513,0.748886,0.923293
65,A0,27.5,2,55.1788,0.244205,2.66798,0.954436
65,A0,27.5,3,82.0953,0.211084,5.18862,0.901182
65,A0,27.5,4,109.012,0.138329,4.02407,0.651808
65,A0,27.5,5,135.928,0.182306,3.95486,0.873279
65,A0,27.5,6,164.191,0.216971,2.97201,0.857491
65,A0,27.5,13,357.99,0.179896,4.01814,0.864296
65,A0,27.5,14,386.252,0.212206,3.81046,0.918594
65,A0,27.5,15,415.86,0.322882,2.62693,0.866068
65,A0,27.5,16,442.776,0.194126,0.343544,0.784693
65,A0,27.5,17,472.385,0.174664,1.5116,0.750839
65,A0,27.5,18,501.993,0.18617,2.35641,0.757618
65,A0,27.5,19,530.255,0.177475,3.05322,0.809747
65,A0,27.5,20,559.863,0.198474,2.0906,0.794877
65,A0,27.5,21,589.471,0.12978,2.91877,0.636476
65,A0,27.5,22,619.08,0.215702,2.37557,0.924182
65,A0,27.5,23,648.688,0.22744,2.26141,0.943844
65,A0,27.5,24,679.642,0.273961,0.315443,0.970452
65,A0,27.5,25,710.596,0.25175,0.647695,0.928928
65,A0,27.5,26,741.55,0.244527,1.95446,0.94383
65,A0,27.5,27,771.158,0.278226,1.696,0.971234
65,A0,27.5,28,803.458,0.280051,2.63423,0.952305
65,A0,27.5,29,834.412,0.361516,2.88344,0.989246
65,A0,27.5,30,866.711,0.33801,2.70874,0.987212
65,A0,27.5,31,899.011,0.3486,0.262749,0.971758
65,A0,27.5,32,931.311,0.378943,-0.285072,0.944065
65,A0,27.5,34,997.256,0.507438,0.00372781,0.994746
65,A0,27.5,35,1030.9,0.446705,2.22946,0.99741
65,A0,27.5,36,1064.55,0.464092,2.51046,0.995347
65,A0,27.5,37,1096.85,0.49593,1.85095,0.998559
65,A0,27.5,40,1178.94,1.02751,-0.998928,0.998338
65,A0,27.5,41,1205.86,0.606385,-0.243348,0.980228
65,A0,27.5,42,1240.85,0.67452,0.29098,0.986315
65,A0,27.5,43,1275.84,0.75934,1.75948,0.989785
65,A0,27.5,44,1312.18,0.761236,1.55824,0.986825
65,A0,27.5,45,1349.86,0.916143,1.85352,0.990887
65,A0,27.5,46,1386.2,0.9172,0.399659,0.994773
65,A0,27.5,47,1423.88,1.01245,1.10582,0.999414
65,A0,27.5,48,1462.91,1.02697,0.750909,0.985875
65,A0,27.5,49,1500.6,1.18773,0.549142,0.993607
65,A0,27.5,50,1539.62,1.20804,-1.032,0.975575
65,A0,27.5,51,1580,1.2656,-0.837825,0.963682
65,A0,27.5,52,1620.37,1.23031,0.377688,0.966621
65,A0,27.5,53,1659.4,1.40224,-1.0268,0.993141
65,A0,27.5,54,1699.78,1.34393,1.22614,0.992636
65,A0,27.5,56,1776.49,1.6289,0.698983,0.999876
65,A0,27.5,61,1955.48,2.47525,-1.17434,0.989513
65,A0,27.5,62,1998.55,2.39943,-0.913073,0.999909
65,A0,27.5,64,2088.72,2.50407,-0.737336,0.999806
65,A0,27.5,74,2519.38,3.30901,-1.12285,0.991766
65,A0,27.5,84,2987.73,5.25701,-1.45692,0.990991
65,A0,27.5,94,3102.13,5.08886,-1.46864,0.990131
65,A0,27.5,96,3155.96,4.40653,-2.34968,0.996421
65,G4,391.995,1,391.635,0.484773,3.73193,0.784725
65,G4,391.995,2,784.616,0.300116,1.41429,0.689824
65,G4,391.995,3,1178.94,0.397412,0.534692,0.781643
65,G4,391.995,4,1575.96,0.418605,1.54454,0.862641
65,G4,391.995,5,1975.67,0.496568,0.84612,0.85942
65,G4,391.995,6,2380.76,0.619251,0.136843,0.945602
65,G4,391.995,7,2787.2,0.759807,-1.52228,0.940418
65,G4,391.995,9,3201.72,1.23404,-1.48851,0.87461
65,G4,391.995,10,3621.62,2.21033,-2.36276,0.785866
65,F1,43.6535,1,43.0664,0.284103,1.63014,0.902543
65,F1,43.6535,2,87.4786,0.227575,4.71963,0.929723
65,F1,43.6535,3,130.545,0.235729,4.52907,0.922155
65,F1,43.6535,4,173.611,0.25723,3.47221,0.881314
65,F1,43.6535,5,218.024,0.193976,3.94601,0.647902
65,F1,43.6535,6,261.09,0.210286,3.64933,0.920034
65,F1,43.6535,7,305.502,0.230624,2.84659,0.79769
65,F1,43.6535,9,392.981,0.141199,3.02455,0.619853
65,F1,43.6535,11,480.46,0.249209,1.49825,0.837067
65,F1,43.6535,13,567.938,0.247465,1.94615,0.809426
65,F1,43.6535,14,612.35,0.308983,1.72218,0.84609
65,F1,43.6535,15,656.763,0.317641,2.60456,0.82999
65,F1,43.6535,16,701.175,0.249532,0.243095,0.786414
65,F1,43.6535,17,745.587,0.264236,1.45394,0.850409
65,F1,43.6535,18,791.345,0.173223,1.95559,0.770615
65,F1,43.6535,19,835.757,0.193803,2.12099,0.725665
65,F1,43.6535,20,880.17,0.211471,0.796374,0.740795
65,F1,43.6535,21,925.928,0.291239,1.0803,0.814267
65,F1,43.6535,22,971.686,0.384293,2.02895,0.84158
65,F1,43.6535,23,1018.79,0.323315,1.39255,0.940354
65,F1,43.6535,24,1065.89,0.320539,0.944211,0.911731
65,F1,43.6535,25,1135.88,0.853384,-3.06143,0.886509
65,F1,43.6535,27,1224.7,0.824919,-3.18493,0.838656
65,F1,43.6535,28,1257,0.611848,-3.8738,0.795977
65,F1,43.6535,34,1580,0.611366,0.0993094,0.896216
65,F1,43.6535,35,1628.45,0.56663,0.669312,0.912407
65,F1,43.6535,36,1678.24,0.54542,0.503381,0.906731
65,F1,43.6535,37,1726.69,0.587714,-0.700522,0.956316
65,F1,43.6535,38,1776.49,0.513714,-1.14045,0.972732
65,F1,43.6535,39,1826.28,0.590335,-1.25105,0.943819
65,F1,43.6535,40,1881.46,0.611175,-2.76167,0.920021
65,F1,43.6535,41,1927.22,0.617048,-0.518601,0.947595
65,F1,43.6535,42,1977.02,0.639246,0.08449,0.967241
65,F1,43.6535,49,2395.57,0.763311,-1.06125,0.933891
65,F1,43.6535,50,2449.4,0.790992,-0.835185,0.91872
65,F1,43.6535,51,2503.23,0.889254,-2.02785,0.978667
65,F1,43.6535,52,2558.41,0.933845,-1.81074,0.926591
65,F1,43.6535,53,2613.59,0.958466,-2.17445,0.826642
65,F1,43.6535,54,2667.43,1.02282,-2.19499,0.958274
65,F1,43.6535,61,3135.77,1.49813,-1.44427,0.93015
65,F1,43.6535,70,3491.07,2.32136,-1.68337,0.911994
65,F1,43.6535,76,3614.89,1.85574,-2.89247,0.845924
65,F1,43.6535,78,3675.45,1.90302,-3.65243,0.913527
65,F1,43.6535,79,4388.74,3.03564,-2.65939,0.933255
65,Gs1,51.9131,1,52.4872,0.18853,1.14657,0.629896
65,Gs1,51.9131,2,103.629,0.212028,4.52378,0.91784
65,Gs1,51.9131,3,154.77,0.16052,3.42309,0.666957
65,Gs1,51.9131,4,207.257,0.173095,4.11521,0.753067
65,Gs1,51.9131,8,414.514,0.129749,0.864133,0.679754
65,Gs1,51.9131,10,519.489,0.18379,3.23614,0.711044
65,Gs1,51.9131,11,570.63,0.161066,2.17722,0.70871
65,Gs1,51.9131,12,623.117,0.192996,0.521568,0.804669
65,Gs1,51.9131,13,675.604,0.284499,2.3617,0.78594
65,Gs1,51.9131,14,728.091,0.215066,1.34095,0.66238
65,Gs1,51.9131,15,780.579,0.230042,1.51345,0.797497
65,Gs1,51.9131,16,833.066,0.233115,0.353262,0.79639
65,Gs1,51.9131,17,886.899,0.202232,0.893541,0.650105
65,Gs1,51.9131,18,939.386,0.236721,1.18362,0.878754
65,Gs1,51.9131,19,991.873,0.315402,1.86147,0.85979
65,Gs1,51.9131,20,1047.05,0.224223,0.0814813,0.802287
65,Gs1,51.9131,21,1102.23,0.266278,1.09429,0.839593
65,Gs1,51.9131,32,1754.96,0.46903,-1.75036,0.963808
65,Gs1,51.9131,33,1811.48,0.408187,-1.64672,0.91971
65,Gs1,51.9131,34,1868.01,0.452945,-0.677813,0.957504
65,Gs1,51.9131,35,1925.88,0.477801,0.0492954,0.959672
65,Gs1,51.9131,36,1981.05,0.498179,-0.479586,0.979918
65,Gs1,51.9131,37,2037.58,0.477968,-0.444094,0.990929
65,Gs1,51.9131,38,2098.14,0.539776,-1.82538,0.962445
65,Gs1,51.9131,43,2444.02,0.640409,-1.69838,0.965556
65,Gs1,51.9131,44,2505.93,0.707254,-0.819324,0.978064
65,Gs1,51.9131,45,2565.14,0.740504,-1.95144,0.964852
65,Gs1,51.9131,46,2629.74,0.767178,-1.95189,0.923191
65,Gs1,51.9131,53,2932.55,0.988138,-2.51504,0.929548
65,Gs1,51.9131,58,2999.84,1.08957,-2.50442,0.96967
65,Gs1,51.9131,59,3601.43,2.00394,-1.99436,0.819524
65,Gs1,51.9131,68,3715.82,2.31588,-3.09309,0.938189
65,Gs1,51.9131,70,3773.69,1.83552,-4.43027,0.904859
65,Gs1,51.9131,71,4186.86,1.62191,-6.13031,0.77048
65,Fs2,92.4986,1,92.8619,0.341636,4.55268,0.960186
65,Fs2,92.4986,2,184.378,0.191633,3.0215,0.763802
65,Fs2,92.4986,3,277.24,0.211356,3.70394,0.610917
65,Fs2,92.4986,5,461.618,0.201511,2.2606,0.693137
65,Fs2,92.4986,6,554.48,0.201667,3.07187,0.684827
65,Fs2,92.4986,7,647.342,0.194939,2.8295,0.701557
65,Fs2,92.4986,9,834.412,0.277115,2.57042,0.872414
65,Fs2,92.4986,10,927.274,0.216471,1.22888,0.730233
65,Fs2,92.4986,11,1021.48,0.349834,1.22606,0.903268
65,Fs2,92.4986,12,1114.34,0.266793,1.00009,0.789893
65,Fs2,92.4986,13,1208.55,0.209964,0.750432,0.710788
65,Fs2,92.4986,14,1302.76,0.271763,1.75454,0.771991
65,Fs2,92.4986,15,1396.97,0.372601,1.54237,0.865856
65,Fs2,92.4986,16,1492.52,0.33612,-0.0877643,0.868417
65,Fs2,92.4986,17,1586.73,0.483817,0.304621,0.965178
65,Fs2,92.4986,18,1682.28,0.475798,1.30383,0.916025
65,Fs2,92.4986,19,1777.84,0.391323,-0.129764,0.921609
65,Fs2,92.4986,20,1874.73,0.414171,-0.254726,0.926743
65,Fs2,92.4986,21,1972.98,0.474646,-0.205683,0.905265
65,Fs2,92.4986,31,2760.29,0.665937,-0.800652,0.920472
65,Fs2,92.4986,34,2946.01,0.710013,-1.89923,0.93331
65,Fs2,92.4986,36,3065.79,0.765165,-3.0743,0.84156
65,Fs2,92.4986,37,3271.7,1.0601,-2.55417,0.856154
65,Fs2,92.4986,39,3375.33,1.57067,-2.43098,0.819717
65,Fs2,92.4986,40,3799.26,1.78852,-2.31899,0.872462
65,Fs2,92.4986,45,3906.93,2.16051,-2.01328,0.912892
65,Fs2,92.4986,46,4457.37,2.42867,-2.21033,0.882729
65,Fs2,92.4986,51,4569.08,2.45992,-2.27533,0.891763
65,Fs2,92.4986,52,4680.78,2.22878,-3.99645,0.885137
65,Fs3,184.997,1,184.378,0.303585,4.12628,0.948607
65,Fs3,184.997,3,554.48,0.202687,2.4024,0.688095
65,Fs3,184.997,4,740.204,0.29521,3.04001,0.668687
65,Fs3,184.997,5,925.928,0.299089,2.01817,0.904647
65,Fs3,184.997,6,1113,0.279466,1.42139,0.759591
65,Fs3,184.997,7,1300.07,0.375648,1.72002,0.955023
65,Fs3,184.997,8,1488.48,0.422466,0.398356,0.87852
65,Fs3,184.997,9,1678.24,0.450896,1.11797,0.963383
65,Fs3,184.997,10,1866.66,0.527485,0.299678,0.971892
65,Fs3,184.997,11,2057.77,0.62283,-0.368135,0.909395
65,Fs3,184.997,12,2250.22,0.622342,-0.362143,0.961033
65,Fs3,184.997,13,2444.02,0.690775,0.0781121,0.918982
65,Fs3,184.997,14,2639.16,0.739019,-1.44681,0.928762
65,Fs3,184.997,17,3033.49,1.00798,-1.02625,0.94398
65,Fs3,184.997,19,3845.02,1.52157,-2.05832,0.824873
65,Fs3,184.997,24,4263.57,2.49118,-2.44103,0.888666
65,Cs1,34.6478,1,34.9915,0.189322,1.28509,0.900913
65,Cs1,34.6478,2,68.6371,0.182844,4.53639,0.876357
65,Cs1,34.6478,3,103.629,0.155049,5.62597,0.799836
65,Cs1,34.6478,4,137.274,0.150468,4.76123,0.789192
65,Cs1,34.6478,5,172.266,0.1729,3.64671,0.865854
65,Cs1,34.6478,7,240.903,0.149416,2.74822,0.666743
65,Cs1,34.6478,8,275.894,0.146353,-1.06482,0.8836
65,Cs1,34.6478,9,310.886,0.130972,3.06309,0.705556
65,Cs1,34.6478,11,380.869,0.151898,4.08932,0.690062
65,Cs1,34.6478,13,450.851,0.177228,3.2317,0.850269
65,Cs1,34.6478,15,520.834,0.211895,2.75805,0.921501
65,Cs1,34.6478,16,557.172,0.125058,0.801327,0.621565
65,Cs1,34.6478,17,592.163,0.184034,1.99473,0.850242
65,Cs1,34.6478,18,627.155,0.22841,0.585183,0.87442
65,Cs1,34.6478,19,663.492,0.214415,2.6234,0.857511
65,Cs1,34.6478,20,699.829,0.223036,1.30066,0.780175
65,Cs1,34.6478,21,734.821,0.167151,1.60752,0.808104
65,Cs1,34.6478,22,772.504,0.199734,3.00505,0.878368
65,Cs1,34.6478,23,808.841,0.212852,1.97289,0.924675
65,Cs1,34.6478,24,845.178,0.246958,0.463214,0.914516
65,Cs1,34.6478,25,881.516,0.235128,0.706376,0.906404
65,Cs1,34.6478,26,919.199,0.304902,0.9465,0.974166
65,Cs1,34.6478,27,956.882,0.310933,1.08232,0.954249
65,Cs1,34.6478,28,998.602,0.45136,-1.16323,0.945248
65,Cs1,34.6478,29,1033.59,0.31274,1.73378,0.964868
65,Cs1,34.6478,37,1379.47,0.473994,0.800883,0.999138
65,Cs1,34.6478,38,1421.19,0.488721,0.465696,0.991754
65,Cs1,34.6478,39,1460.22,0.501763,-0.532201,0.992281
65,Cs1,34.6478,40,1497.9,0.680356,-0.345391,0.772823
65,Cs1,34.6478,41,1543.66,0.551223,-0.320182,0.980358
65,Cs1,34.6478,42,1584.04,0.663575,-0.439082,0.925915
65,Cs1,34.6478,43,1625.76,0.598669,-0.397837,0.978588
65,Cs1,34.6478,44,1668.82,0.607018,-1.22824,0.998646
65,Cs1,34.6478,45,1710.54,0.673224,0.0606307,0.976248
65,Cs1,34.6478,48,1838.4,0.810802,-0.67473,0.989408
65,Cs1,34.6478,49,1882.81,0.790188,-1.04882,0.994608
65,Cs1,34.6478,50,1925.88,0.85665,-0.621546,0.999681
65,Cs1,34.6478,71,3044.26,2.0682,-1.99456,0.915659
65,Cs1,34.6478,81,3262.28,3.15483,-2.76938,0.920456
65,A1,55,1,55.1788,0.236982,3.19586,0.813425
65,A1,55,2,110.358,0.229904,4.10229,0.774829
65,A1,55,3,164.191,0.232352,3.13573,0.862672
65,A1,55,4,219.37,0.253623,4.2809,0.917453
65,A1,55,5,274.548,0.226297,3.7323,0.788133
65,A1,55,6,329.727,0.21529,3.49464,0.711345
65,A1,55,7,384.906,0.299795,3.81301,0.867915
65,A1,55,8,440.085,0.151877,0.890718,0.618251
65,A1,55,10,550.443,0.201937,3.03771,0.727916
65,A1,55,11,605.621,0.200346,3.20814,0.67257
65,A1,55,12,660.8,0.243313,1.54879,0.799638
65,A1,55,13,715.979,0.289388,2.55861,0.811415
65,A1,55,14,771.158,0.209203,1.33272,0.744385
65,A1,55,15,827.682,0.189974,2.42905,0.700025
65,A1,55,16,882.861,0.202121,-0.584763,0.78735
65,A1,55,17,938.04,0.224993,1.18013,0.714915
65,A1,55,18,994.565,0.298567,1.12296,0.902003
65,A1,55,19,1051.09,0.197211,1.75833,0.726839
65,A1,55,20,1110.31,0.30278,0.0906114,0.915503
65,A1,55,31,1796.68,0.467476,-0.340931,0.967642
65,A1,55,32,1857.24,0.461392,-1.40659,0.962655
65,A1,55,33,1915.11,0.488905,-1.90738,0.972196
65,A1,55,34,1975.67,0.436121,-1.47628,0.994046
65,A1,55,35,2036.23,0.456779,-0.365536,0.974615
65,A1,55,36,2096.8,0.488327,-0.729198,0.981497
65,A1,55,37,2157.36,0.471382,-0.423097,0.966093
65,A1,55,42,2519.38,0.659583,-1.68451,0.931163
65,A1,55,43,2588.02,0.617826,-1.87166,0.881201
65,A1,55,44,2649.93,0.822343,-1.19133,0.995665
65,A1,55,51,2874.68,1.05913,-2.76953,0.895465
65,A1,55,55,3593.35,2.02617,-1.75543,0.831239
65,A1,55,65,3986.33,2.35453,-3.1096,0.933771
65,A1,55,70,4312.02,2.38948,-4.34891,0.861038
65,A1,55,75,4473.52,0.979384,-7.4812,0.638876
65,A1,55,77,4871.89,1.6992,-6.5531,0.75449
65,G5,783.991,2,1573.27,0.931396,0.53141,0.916567
65,G5,783.991,3,2372.69,1.31428,0.938098,0.97802
65,G5,783.991,4,3184.22,2.26164,-1.26901,0.977709
65,G5,783.991,5,4019.98,3.62722,-0.461008,0.943343
65,G5,783.991,6,4875.92,4.89604,-2.24688,0.898478
65,G5,783.991,8,5758.79,8.05301,-2.4767,0.938049
65,G5,783.991,9,6672.6,2.24261,-9.15792,0.582334
65,Cs6,1108.73,1,1110.31,1.25486,3.62,0.888365
65,Cs6,1108.73,2,2232.72,1.60153,0.405872,0.942696
65,Cs6,1108.73,3,3376.68,3.90717,-1.11505,0.954942
65,Cs6,1108.73,4,4556.96,5.02264,-1.50724,0.985693
65,Cs6,1108.73,5,5785.7,8.93881,-2.35817,0.900915
65,Cs6,1108.73,6,7062.89,4.68965,-7.62885,0.719853
65,Gs7,3322.44,2,6856.98,24.6551,-3.99582,0.987006
65,Fs4,369.994,1,370.102,0.489391,4.46727,0.865678
65,Fs4,369.994,2,740.204,0.296071,2.19527,0.690563
65,Fs4,369.994,4,1485.79,0.382955,1.27099,0.837735
65,Fs4,369.994,5,1862.62,0.463825,-0.23689,0.915006
65,Fs4,369.994,6,2242.14,0.504046,0.0563287,0.945415
65,Fs4,369.994,7,2627.05,0.68207,-0.672954,0.96803
65,Fs4,369.994,9,3015.99,1.12296,-1.56248,0.948246
65,Fs4,369.994,10,3812.72,3.27193,-1.1928,0.903734
65,A6,1760,1,1769.76,1.67771,3.01402,0.974327
65,A6,1760,2,3574.51,4.40732,-0.293133,0.969919
65,A6,1760,3,4582.53,10.7942,-1.85631,0.981852
65,G2,97.9989,1,98.2452,0.33712,4.50599,0.850255
65,G2,97.9989,4,391.635,0.237803,3.52845,0.731863
65,G2,97.9989,5,489.88,0.339287,2.63192,0.916064
65,G2,97.9989,6,588.126,0.196602,1.41395,0.687395
65,G2,97.9989,7,686.371,0.230443,3.52808,0.855414
65,G2,97.9989,8,784.616,0.131336,0.740667,0.605378
65,G2,97.9989,9,884.207,0.201614,1.70718,0.699067
65,G2,97.9989,10,982.452,0.247204,1.14861,0.654679
65,G2,97.9989,11,1082.04,0.233781,0.721845,0.71959
65,G2,97.9989,12,1181.63,0.282134,1.65666,0.810911
65,G2,97.9989,13,1281.23,0.290688,1.73093,0.810762
65,G2,97.9989,14,1380.82,0.305148,0.250899,0.877535
65,G2,97.9989,15,1481.75,0.362764,0.114619,0.908241
65,G2,97.9989,16,1582.69,0.375089,-0.635715,0.935213
65,G2,97.9989,17,1683.63,0.380677,1.1564,0.955906
65,G2,97.9989,18,1784.56,0.446835,1.19541,0.906502
65,G2,97.9989,19,1886.85,0.433259,0.0431238,0.929435
65,G2,97.9989,20,1989.13,0.390738,-1.24617,0.898704
65,G2,97.9989,21,2091.41,0.489536,0.445257,0.973419
65,G2,97.9989,22,2195.04,0.524179,-0.636974,0.909836
65,G2,97.9989,30,2612.25,0.566752,-1.0036,0.949515
65,G2,97.9989,31,2932.55,0.752373,-1.10389,0.933696
65,G2,97.9989,34,3040.22,0.784673,-1.28199,0.945797
65,G2,97.9989,35,3147.89,0.970693,-1.45239,0.929544
65,G2,97.9989,36,3814.07,2.04508,-1.6776,0.83752
65,G2,97.9989,43,4626.95,2.94771,-2.44524,0.921862
65,G2,97.9989,50,4867.85,2.77939,-3.2926,0.894505
65,F7,2793.83,1,2806.05,3.36318,-2.22722,0.990326
65,F7,2793.83,2,5739.94,6.31548,-2.90429,0.998927
65,F7,2793.83,3,8827.27,25.2982,-6.84326,0.93304
65,As3,233.082,2,465.656,0.271417,3.16488,0.759571
65,As3,233.082,3,699.829,0.352292,3.00988,0.922071
65,As3,233.082,4,934.003,0.340365,2.29057,0.820798
65,As3,233.082,5,1169.52,0.348276,1.93238,0.780499
65,As3,233.082,6,1405.04,0.38599,1.86843,0.873832
65,As3,233.082,7,1641.91,0.448673,2.03824,0.93978
65,As3,233.082,13,2853.15,0.966779,-1.62492,0.942227
65,As3,233.082,14,3862.52,2.78555,-1.91942,0.8741
65,As3,233.082,17,4652.52,3.36079,-1.94475,0.842729
65,As3,233.082,22,4921.68,3.06097,-3.81696,0.896369
65,B2,123.471,1,123.816,0.303161,4.55252,0.979682
65,B2,123.471,6,741.55,0.202151,2.0499,0.70277
65,B2,123.471,7,865.366,0.259207,3.1258,0.803431
65,B2,123.471,8,990.527,0.239106,0.72925,0.704835
65,B2,123.471,9,1114.34,0.205795,2.0187,0.734767
65,B2,123.471,10,1239.51,0.272455,1.51256,0.904322
65,B2,123.471,11,1366.01,0.354928,2.02405,0.958103
65,B2,123.471,23,2781.82,0.764339,-0.305117,0.968365
65,B2,123.471,25,2915.06,0.781311,-1.64353,0.967653
65,B2,123.471,26,3049.64,0.743607,-2.44573,0.914079
65,B2,123.471,27,3731.97,1.12298,-2.49653,0.922745
65,B2,123.471,32,3871.94,1.31575,-2.41507,0.824122
65,B2,123.471,33,4013.25,1.49727,-2.95277,0.839219
65,B2,123.471,34,5032.04,2.08371,-4.32707,0.83454
65,C7,2093,1,2106.22,2.34373,2.4381,0.978707
65,C7,2093,2,4274.34,3.73105,-1.84694,0.997808
65,C7,2093,3,5429.06,15.0121,-1.83212,0.957108
65,Ds1,38.8909,1,39.0289,0.185587,1.92931,0.847447
65,Ds1,38.8909,2,78.0579,0.17034,4.77003,0.831721
65,Ds1,38.8909,3,115.741,0.158926,5.1462,0.807989
65,Ds1,38.8909,4,154.77,0.121551,3.06913,0.679571
65,Ds1,38.8909,5,193.799,0.159963,4.03784,0.821527
65,Ds1,38.8909,6,232.828,0.177548,3.90252,0.837392
65,Ds1,38.8909,7,271.857,0.165984,3.25224,0.817993
65,Ds1,38.8909,9,349.915,0.141699,3.4075,0.692618
65,Ds1,38.8909,10,388.943,0.180603,4.43716,0.84178
65,Ds1,38.8909,11,427.972,0.142183,2.25518,0.737856
65,Ds1,38.8909,12,467.001,0.221109,3.31299,0.910638
65,Ds1,38.8909,13,506.03,0.176006,2.92426,0.841753
65,Ds1,38.8909,14,550.443,0.179037,-0.474487,0.838839
65,Ds1,38.8909,15,585.434,0.229679,2.03535,0.941754
65,Ds1,38.8909,16,624.463,0.176894,0.624682,0.777517
65,Ds1,38.8909,17,664.838,0.186515,0.778573,0.777576
65,Ds1,38.8909,18,703.867,0.193563,0.572847,0.87545
65,Ds1,38.8909,19,744.241,0.202202,1.82305,0.918337
65,Ds1,38.8909,20,784.616,0.233531,0.815062,0.909415
65,Ds1,38.8909,21,824.991,0.215033,2.57478,0.826413
65,Ds1,38.8909,22,865.366,0.229981,2.8887,0.888274
65,Ds1,38.8909,23,907.086,0.301572,1.81774,0.981439
65,Ds1,38.8909,24,947.461,0.262019,-0.190577,0.906061
65,Ds1,38.8909,25,990.527,0.308911,1.00167,0.950535
65,Ds1,38.8909,26,1032.25,0.343089,0.45363,0.960626
65,Ds1,38.8909,27,1099.54,2.63261,3.06414,0.970384
65,Ds1,38.8909,35,1454.84,0.519448,-1.14711,0.97529
65,Ds1,38.8909,36,1499.25,0.511847,0.543735,0.96491
65,Ds1,38.8909,37,1545.01,0.572182,1.10565,0.974272
65,Ds1,38.8909,38,1588.07,0.551127,-0.478224,0.983275
65,Ds1,38.8909,39,1633.83,0.668726,-1.47609,0.977677
65,Ds1,38.8909,40,1678.24,0.628804,-2.06003,0.989199
65,Ds1,38.8909,41,1724,0.669165,-0.844372,0.999482
65,Ds1,38.8909,42,1769.76,0.732129,-0.319926,0.987035
65,Ds1,38.8909,43,1816.86,0.779102,0.56906,0.99452
65,Ds1,38.8909,44,1862.62,0.802881,0.21531,0.982936
65,Ds1,38.8909,45,1909.73,0.828723,-0.725469,0.952256
65,Ds1,38.8909,46,1956.83,0.863606,-2.03106,0.972571
65,Ds1,38.8909,53,2345.77,1.01099,-1.12394,0.984535
65,Ds1,38.8909,54,2396.91,1.20839,-0.839785,0.998489
65,Ds1,38.8909,59,2653.97,1.12852,-1.81379,0.963223
65,Ds1,38.8909,67,3033.49,1.87623,-1.39869,0.957527
65,Ds1,38.8909,74,3302.66,2.26599,-1.82578,0.906739
65,Ds1,38.8909,79,3613.54,2.77146,-3.44864,0.886218
65,Ds1,38.8909,84,3672.76,1.67375,-6.39023,0.760869
65,D6,1174.66,1,1176.25,1.37253,3.7367,0.935729
65,D6,1174.66,2,2367.31,2.54189,0.987268,0.998999
65,D6,1174.66,3,3581.24,3.29702,-0.974127,0.968787
65,D6,1174.66,4,4151.87,10.6885,-1.13075,0.962489
65,E3,164.814,1,164.191,0.392651,4.0098,0.811598
65,E3,164.814,2,329.727,0.21006,3.6957,0.63697
65,E3,164.814,3,493.918,0.181475,1.32996,0.644425
65,E3,164.814,4,659.454,0.333231,2.9057,0.789615
65,E3,164.814,5,824.991,0.242137,1.98895,0.756232
65,E3,164.814,6,990.527,0.30224,1.85503,0.919699
65,E3,164.814,8,1324.29,0.40586,0.118245,0.884716
65,E3,164.814,9,1491.17,0.398235,1.90504,0.905629
65,E3,164.814,10,1659.4,0.381383,1.59613,0.853688
65,E3,164.814,11,1828.98,0.412507,-1.16876,0.938837
65,E3,164.814,12,2001.24,0.375454,0.378691,0.919393
65,E3,164.814,18,2688.96,0.60166,-0.34701,0.926509
65,E3,164.814,19,3217.87,0.829369,-2.54866,0.909242
65,E3,164.814,22,3945.96,1.60903,-1.72154,0.777287
65,E3,164.814,27,4133.03,2.39462,-0.640431,0.886453
65,E3,164.814,28,4511.21,2.48433,-3.33862,0.864471
65,E3,164.814,30,4700.97,1.93324,-5.51306,0.775099
65,E3,164.814,31,5489.62,2.67655,-3.86312,0.849132
65,C8,4186.01,1,4200.32,3.22568,-4.82366,0.999385
65,C8,4186.01,2,8746.52,34.8453,-5.32252,0.997704
65,Ds6,1244.51,1,1247.58,1.16612,2.80135,0.855545
65,Ds6,1244.51,2,2508.62,2.0861,-0.0599041,0.962709
65,Ds6,1244.51,3,3808.69,4.59405,-0.278949,0.972247
65,Ds6,1244.51,4,5147.78,8.11255,-1.99309,0.98716
65,Ds6,1244.51,5,6544.75,2.39117,-9.66423,0.533396
65,B5,987.767,1,989.182,0.780818,2.06161,0.86721
65,B5,987.767,2,1986.44,1.19893,0.862566,0.967922
65,B5,987.767,3,3002.54,2.19178,0.255043,0.93162
65,B5,987.767,4,4041.51,3.8921,-0.556358,0.968
65,B5,987.767,5,5119.52,7.4322,-1.06366,0.941269
65,B5,987.767,6,6233.86,5.85157,-4.78784,0.846615
65,B5,987.767,8,7395.31,3.68341,-8.47441,0.608015
65,As4,466.164,1,465.656,0.328347,3.55972,0.707918
65,As4,466.164,2,934.003,0.369881,2.5986,0.58927
65,As4,466.164,3,1403.7,0.402559,2.22183,0.663436
65,As4,466.164,4,1877.43,0.508298,-0.109285,0.784959
65,As4,466.164,5,2355.19,0.753583,-0.144052,0.96654
65,As4,466.164,6,2842.38,1.1441,-0.633914,0.972537
65,As4,466.164,7,3333.61,1.66046,0.0325247,0.945878
65,As4,466.164,9,3834.26,2.32772,-1.95362,0.903654
65,As4,466.164,10,4344.32,4.58825,-1.42613,0.884716
65,As4,466.164,11,4866.5,4.31018,-2.96189,0.898337
65,As4,466.164,12,5400.8,2.67528,-6.43505,0.708066
65,E4,329.628,1,329.727,0.424755,4.58014,0.897187
65,E4,329.628,2,659.454,0.383245,2.93866,0.711091
65,E4,329.628,4,1322.95,0.340075,1.15599,0.672306
65,E4,329.628,5,1658.06,0.431307,1.66818,0.853919
65,E4,329.628,6,1994.51,0.541192,1.16166,0.854198
65,E4,329.628,7,2335.01,0.629102,-0.0603361,0.953918
65,E4,329.628,8,2678.19,0.858798,0.0932949,0.964501
65,E4,329.628,10,3026.76,1.1895,-2.19056,0.92339
65,E4,329.628,11,4096.69,2.42403,-1.92961,0.836341
65,D1,36.7081,1,36.3373,0.155795,1.30947,0.725686
65,D1,36.7081,2,72.6746,0.187494,4.98879,0.874583
65,D1,36.7081,3,109.012,0.136594,4.7148,0.634782
65,D1,36.7081,4,146.695,0.129544,4.753,0.664209
65,D1,36.7081,6,219.37,0.147155,2.98546,0.639602
65,D1,36.7081,7,255.707,0.145091,4.69515,0.784795
65,D1,36.7081,8,293.39,0.172117,1.35696,0.886242
65,D1,36.7081,10,366.064,0.144637,3.61943,0.718523
65,D1,36.7081,11,403.748,0.151584,3.57112,0.620974
65,D1,36.7081,12,440.085,0.174858,2.80318,0.671488
65,D1,36.7081,13,477.768,0.220441,3.67337,0.930284
65,D1,36.7081,14,514.105,0.168269,2.51705,0.847588
65,D1,36.7081,15,551.788,0.150784,1.67713,0.677015
65,D1,36.7081,16,589.471,0.166783,1.29737,0.760444
65,D1,36.7081,17,627.155,0.226268,1.91801,0.921232
65,D1,36.7081,18,664.838,0.212431,2.16124,0.861029
65,D1,36.7081,19,702.521,0.195751,1.18936,0.798798
65,D1,36.7081,20,740.204,0.185455,2.45104,0.856519
65,D1,36.7081,21,777.887,0.195253,2.96144,0.851063
65,D1,36.7081,22,815.57,0.211656,3.01933,0.898199
65,D1,36.7081,23,854.599,0.229072,1.88369,0.922404
65,D1,36.7081,24,893.628,0.255139,-0.284823,0.92868
65,D1,36.7081,25,934.003,0.285186,-0.0971186,0.927965
65,D1,36.7081,27,1028.21,3.51508,1.58127,0.943518
65,D1,36.7081,34,1329.68,0.404716,-0.0585841,0.935569
65,D1,36.7081,35,1371.4,0.459823,1.13966,0.984878
65,D1,36.7081,36,1413.12,0.510724,0.873078,0.984417
65,D1,36.7081,37,1454.84,0.532209,0.0729771,0.963213
65,D1,36.7081,38,1496.56,0.504595,0.848093,0.995874
65,D1,36.7081,39,1540.97,0.486667,-0.485852,0.812572
65,D1,36.7081,40,1581.34,0.701257,-0.897104,0.948927
65,D1,36.7081,41,1624.41,0.633734,-0.361029,0.961327
65,D1,36.7081,42,1667.48,0.617307,-0.556685,0.975991
65,D1,36.7081,43,1710.54,0.675848,-0.214269,0.992872
65,D1,36.7081,44,1753.61,0.781937,-0.455828,0.926832
65,D1,36.7081,45,1799.37,0.807344,-0.812495,0.937968
65,D1,36.7081,50,2055.08,2.75129,-0.359855,0.978795
65,D1,36.7081,51,2112.95,0.936074,-0.265593,0.981979
65,D1,36.7081,52,2160.05,1.00777,-0.739365,0.953966
65,D1,36.7081,53,2207.15,0.945301,-1.17672,0.972221
65,D1,36.7081,54,2254.26,1.06065,-1.37273,0.94194
65,D1,36.7081,55,2301.36,1.12214,-2.10286,0.947783
65,D1,36.7081,57,2396.91,1.13733,-1.83866,0.96881
65,D1,36.7081,60,2570.53,1.30245,-0.535266,0.987874
65,D1,36.7081,69,3084.63,1.92118,-1.49797,0.945872
65,D1,36.7081,79,3170.76,2.48787,-2.18421,0.893006
65,D1,36.7081,80,3597.39,2.5579,-6.03453,0.797413
65,D1,36.7081,88,4624.26,3.3959,-3.16961,0.893089
65,As5,932.328,1,934.003,0.813547,3.64917,0.883812
65,As5,932.328,2,1874.73,1.37841,1.69014,0.987761
65,As5,932.328,3,2830.27,2.67561,0.109472,0.978223
65,As5,932.328,4,3811.38,3.80368,-1.38259,0.893847
65,As5,932.328,5,4808.63,6.11846,-1.89508,0.977786
65,As5,932.328,6,4928.41,7.73138,-3.4484,0.945588
65,As5,932.328,7,5861.07,8.01647,-3.2455,0.972484
65,B4,493.883,1,493.918,0.317876,3.05565,0.602591
65,B4,493.883,2,989.182,0.390892,2.29279,0.742781
65,B4,493.883,3,1487.14,0.432432,1.13111,0.732335
65,B4,493.883,4,1990.48,0.584326,1.71065,0.92752
65,B4,493.883,5,2499.2,0.868567,0.814148,0.942738
65,B4,493.883,6,3014.65,1.51018,0.334528,0.964447
65,B4,493.883,8,3538.17,2.5638,0.0561263,0.927959
65,B4,493.883,9,4075.16,2.83222,-1.7215,0.87175
65,B4,493.883,10,4617.53,2.80157,-6.51963,0.771152
65,B4,493.883,11,5178.74,3.22424,-6.33438,0.781254
65,C1,32.7032,1,32.2998,0.223594,1.66538,0.961712
65,C1,32.7032,2,64.5996,0.202187,2.48465,0.903546
65,C1,32.7032,4,130.545,0.164906,4.37411,0.802929
65,C1,32.7032,5,162.845,0.153791,2.27172,0.798778
65,C1,32.7032,6,195.145,0.132616,4.30194,0.608014
65,C1,32.7032,7,227.444,0.163486,3.40049,0.834
65,C1,32.7032,9,293.39,0.159223,3.25899,0.779893
65,C1,32.7032,10,325.69,0.15162,3.39693,0.810122
65,C1,32.7032,11,359.335,0.141428,3.26624,0.653001
65,C1,32.7032,13,425.281,0.138285,2.27058,0.611864
65,C1,32.7032,15,492.572,0.16848,0.171492,0.727996
65,C1,32.7032,16,526.218,0.15899,1.14396,0.772922
65,C1,32.7032,17,559.863,0.173643,1.27907,0.711503
65,C1,32.7032,18,593.509,0.188896,1.8196,0.811596
65,C1,32.7032,19,627.155,0.162623,1.56902,0.70344
65,C1,32.7032,20,660.8,0.180085,1.58329,0.738085
65,C1,32.7032,21,695.792,0.189967,2.54143,0.837664
65,C1,32.7032,22,729.437,0.201683,2.3865,0.847992
65,C1,32.7032,23,764.429,0.204694,1.61467,0.836049
65,C1,32.7032,24,799.42,0.215353,-0.738903,0.866502
65,C1,32.7032,25,834.412,0.226459,0.844592,0.807415
65,C1,32.7032,26,869.403,0.252555,0.630152,0.924025
65,C1,32.7032,27,904.395,0.247141,0.31304,0.951719
65,C1,32.7032,28,940.732,0.282261,1.54787,0.941376
65,C1,32.7032,29,977.069,0.287206,1.39158,0.962165
65,C1,32.7032,30,1013.41,0.302476,1.40148,0.94458
65,C1,32.7032,31,1049.74,0.346049,0.817616,0.991861
65,C1,32.7032,32,1086.08,0.350947,0.216086,0.990964
65,C1,32.7032,41,1460.22,0.893915,-1.43221,0.998102
65,C1,32.7032,46,1667.48,0.633772,-1.1371,0.971977
65,C1,32.7032,47,1710.54,0.761304,-1.38449,0.952594
65,C1,32.7032,48,1753.61,0.736727,-1.90324,0.957954
65,C1,32.7032,49,1795.33,0.888852,-0.968645,0.999427
65,C1,32.7032,50,1838.4,0.835652,-1.49859,0.949187
65,C1,32.7032,51,1880.12,0.838609,-0.610609,0.992367
65,C1,32.7032,52,1924.53,0.850506,0.669517,0.996292
65,C1,32.7032,53,1967.6,0.889965,0.00333967,0.988778
65,C1,32.7032,54,2012.01,0.94915,-1.21483,0.990127
65,C1,32.7032,55,2056.42,0.956021,-1.7702,0.998887
65,C1,32.7032,59,2238.11,1.00598,-2.27813,0.943885
65,C1,32.7032,60,2285.21,0.942557,-1.7254,0.958092
65,C1,32.7032,61,2332.31,1.16099,-2.35359,0.956022
65,C1,32.7032,71,2855.84,1.66726,-1.53393,0.996969
65,C1,32.7032,74,2773.75,1.48208,-1.32347,0.966608
65,C1,32.7032,81,3143.85,3.36484,-1.27709,0.891977
65,C1,32.7032,86,3197.68,1.28885,-6.79817,0.762515
65,C1,32.7032,87,4285.11,5.89117,-2.29794,0.93633
65,Ds7,2489.02,1,2504.58,4.10831,1.9108,0.999199
65,Ds7,2489.02,2,5106.06,13.0438,-1.57897,0.988497
65,Ds7,2489.02,3,7843.47,18.3208,-7.73546,0.971766
65,E5,659.255,2,1322.95,0.635798,2.74747,0.757607
65,E5,659.255,3,1991.82,0.777004,1.63972,0.815157
65,E5,659.255,4,2668.77,1.18998,0.738164,0.967298
65,E5,659.255,5,3357.83,2.76544,-0.846907,0.879766
65,E5,659.255,6,4064.39,3.5011,-0.560513,0.902833
65,E5,659.255,8,4783.06,4.12695,-4.92694,0.917731
65,E5,659.255,9,5534.03,3.50823,-6.74083,0.777102
65,E5,659.255,10,6299.81,2.00832,-9.40751,0.598732
65,C6,1046.5,1,1048.4,1.02596,3.63882,0.85475
65,C6,1046.5,2,2106.22,1.76466,1.96217,0.990574
65,C6,1046.5,3,3188.26,3.05926,-0.173863,0.955287
65,C6,1046.5,4,4289.15,5.38098,-0.651874,0.960778
65,C6,1046.5,5,5441.17,8.61189,-3.12353,0.920992
65,C6,1046.5,6,6634.92,7.56747,-5.39896,0.867806
65,B3,246.942,1,246.286,0.318186,4.50815,0.750457
65,B3,246.942,3,741.55,0.234466,2.42483,0.627235
65,B3,246.942,4,989.182,0.330152,2.28865,0.79926
65,B3,246.942,5,1238.16,0.345098,2.51146,0.817427
65,B3,246.942,6,1489.83,0.396041,1.90539,0.931057
65,B3,246.942,7,1740.15,0.551323,1.90044,0.963639
65,B3,246.942,12,3029.45,1.21846,-0.143448,0.93411
65,B3,246.942,14,3293.23,0.711959,-3.45434,0.638765
65,B3,246.942,15,3563.75,1.80169,-1.4721,0.852008
65,B3,246.942,16,4667.32,2.98422,-1.43271,0.848706
65,As2,116.541,1,117.087,0.200701,3.62859,0.89113
65,As2,116.541,4,465.656,0.226278,2.83693,0.725109
65,As2,116.541,5,582.742,0.19512,1.96525,0.694527
65,As2,116.541,6,699.829,0.172876,1.66421,0.691272
65,As2,116.541,7,816.916,0.211302,2.33979,0.772614
65,As2,116.541,8,934.003,0.209602,1.29002,0.773385
65,As2,116.541,9,1052.44,0.268385,1.38859,0.850886
65,As2,116.541,10,1169.52,0.340076,1.98349,0.892687
65,As2,116.541,11,1289.3,0.33144,1.34338,0.846743
65,As2,116.541,24,2995.81,0.713662,-1.97235,0.943011
65,As2,116.541,25,2744.14,0.760735,-1.00495,0.932315
65,As2,116.541,28,3508.57,1.7274,-1.06028,0.868826
65,As2,116.541,32,3771,1.13274,-2.33573,0.85111
65,As2,116.541,34,4719.81,2.69776,-2.82652,0.897464
65,As2,116.541,41,5001.09,1.38587,-6.67019,0.7223
65,E2,82.4069,1,82.0953,0.209534,4.6056,0.921801
65,E2,82.4069,2,165.536,0.2099,2.0921,0.778138
65,E2,82.4069,3,247.632,0.327199,2.8433,0.940306
65,E2,82.4069,4,329.727,0.19196,3.72803,0.64252
65,E2,82.4069,5,411.823,0.157732,3.32751,0.777423
65,E2,82.4069,6,493.918,0.249843,2.80834,0.709907
65,E2,82.4069,7,577.359,0.204636,2.53995,0.832142
65,E2,82.4069,8,659.454,0.227116,0.478406,0.794363
65,E2,82.4069,9,742.896,0.291696,2.64567,0.846748
65,E2,82.4069,10,824.991,0.195513,2.28485,0.697539
65,E2,82.4069,11,908.432,0.249121,2.36647,0.827429
65,E2,82.4069,12,991.873,0.271619,1.65705,0.897225
65,E2,82.4069,13,1075.31,0.255243,2.57756,0.811684
65,E2,82.4069,14,1158.76,0.369289,0.546439,0.851469
65,E2,82.4069,15,1243.54,0.261404,1.07698,0.792977
65,E2,82.4069,16,1326.98,0.575593,-0.214047,0.918166
65,E2,82.4069,17,1411.77,0.257021,-0.330592,0.734782
65,E2,82.4069,18,1496.56,0.303057,1.61351,0.846728
65,E2,82.4069,19,1581.34,0.302678,0.694196,0.846237
65,E2,82.4069,35,2625.71,0.508457,-0.740905,0.955016
65,E2,82.4069,36,2715.88,0.518912,-1.62694,0.931303
65,E2,82.4069,37,2897.56,0.580179,-2.83865,0.899281
65,E2,82.4069,39,3264.97,1.04401,-1.57638,0.827725
65,E2,82.4069,43,3929.81,1.87822,-2.14787,0.747753
65,E2,82.4069,51,4128.99,0.964035,-6.33614,0.698081
65,D7,2349.32,1,2365.96,3.05301,1.51066,0.990058
65,D7,2349.32,2,4811.33,5.57542,-2.94673,0.994701
65,D5,587.33,1,586.78,0.490836,3.65169,0.555392
65,D5,587.33,2,1177.6,0.643088,2.20263,0.730572
65,D5,587.33,3,1771.11,0.909563,1.41898,0.90494
65,D5,587.33,4,2372.69,1.18395,0.269291,0.964549
65,D5,587.33,5,2983.69,1.67279,0.0591814,0.987103
65,D5,587.33,6,3604.12,2.34218,-1.57812,0.982492
65,D5,587.33,8,4239.35,3.50073,-1.52493,0.92614
65,D5,587.33,9,4892.07,6.4696,-1.97282,0.945846
65,D5,587.33,10,5560.95,2.73257,-7.86315,0.648788
65,As0,29.1352,1,28.2623,0.206488,0.882673,0.899032
65,As0,29.1352,2,57.8705,0.218335,3.20322,0.908608
65,As0,29.1352,3,86.1328,0.187067,5.1123,0.892183
65,As0,29.1352,4,115.741,0.170346,5.03357,0.853293
65,As0,29.1352,5,145.349,0.167952,4.51466,0.853284
65,As0,29.1352,8,232.828,0.14575,1.28852,0.849814
65,As0,29.1352,9,261.09,0.141224,3.33918,0.704068
65,As0,29.1352,10,290.698,0.14545,1.85143,0.604219
65,As0,29.1352,11,320.306,0.117911,3.62484,0.630471
65,As0,29.1352,13,380.869,0.178571,3.90143,0.868887
65,As0,29.1352,14,410.477,0.150181,2.7518,0.628845
65,As0,29.1352,15,440.085,0.182633,2.82263,0.873938
65,As0,29.1352,16,465.656,0.14259,-2.03066,0.72132
65,As0,29.1352,17,501.993,0.157245,1.79152,0.751825
65,As0,29.1352,18,532.947,0.208773,2.96452,0.923763
65,As0,29.1352,19,563.901,0.183923,1.20379,0.841091
65,As0,29.1352,20,594.855,0.272371,2.28933,0.905781
65,As0,29.1352,21,625.809,0.224829,3.02235,0.922453
65,As0,29.1352,22,658.109,0.231435,3.53724,0.936309
65,As0,29.1352,23,689.062,0.23049,0.561857,0.920219
65,As0,29.1352,24,721.362,0.20764,-1.17006,0.875827
65,As0,29.1352,25,753.662,0.231194,0.317197,0.927848
65,As0,29.1352,26,787.308,0.245966,1.11633,0.921083
65,As0,29.1352,27,820.953,0.274502,2.01956,0.950269
65,As0,29.1352,28,853.253,0.282786,2.56661,0.954482
65,As0,29.1352,29,886.899,0.340168,2.30209,0.992516
65,As0,29.1352,30,921.89,0.305922,2.1166,0.966523
65,As0,29.1352,31,955.536,0.337014,1.38045,0.972276
65,As0,29.1352,32,990.527,0.385867,-0.353222,0.894537
65,As0,29.1352,37,1157.41,0.951745,-1.44813,0.996016
65,As0,29.1352,39,1207.21,0.530674,0.686572,0.977997
65,As0,29.1352,40,1244.89,0.661404,0.361186,0.960429
65,As0,29.1352,41,1282.57,0.619158,-0.320184,0.988654
65,As0,29.1352,42,1320.25,0.672275,0.242201,0.956219
65,As0,29.1352,43,1359.28,0.756311,0.705793,0.958797
65,As0,29.1352,44,1398.31,0.748185,1.00409,0.998801
65,As0,29.1352,45,1437.34,0.802049,0.699378,0.989456
65,As0,29.1352,46,1477.72,0.974119,-0.263555,0.961715
65,As0,29.1352,47,1518.09,0.885643,0.277178,0.967613
65,As0,29.1352,48,1559.81,0.893113,0.408327,0.982142
65,As0,29.1352,49,1600.19,1.63606,0.39016,0.991678
65,As0,29.1352,55,1816.86,1.33697,0.640726,0.995907
65,As0,29.1352,56,1858.58,1.41034,-0.23631,0.961417
65,As0,29.1352,57,1904.34,1.73824,0.0585206,0.978355
65,As0,29.1352,58,1950.1,1.53412,-0.415215,0.928122
65,As0,29.1352,59,1994.51,1.54613,-1.34819,0.961923
65,As0,29.1352,62,2135.82,1.78588,-1.27054,0.97839
65,As0,29.1352,68,2382.11,2.08777,-1.27856,0.965899
65,As0,29.1352,72,2588.02,2.56753,-0.932488,0.993853
65,As0,29.1352,74,2693,2.58714,-1.18857,0.986565
65,As0,29.1352,76,2793.93,4.08348,-1.2266,0.994058
65,As0,29.1352,86,3030.8,5.17891,-1.04694,0.947645
65,As0,29.1352,91,3084.63,4.8017,-1.3335,0.931062
65,As0,29.1352,92,3262.28,3.93241,-4.25171,0.892253
65,As0,29.1352,96,3324.19,1.07894,-8.79952,0.569904
65,C4,261.626,4,1048.4,0.35206,2.57699,0.787519
65,C4,261.626,5,1313.53,0.436141,2.18138,0.779807
65,C4,261.626,6,1578.65,0.453829,2.01222,0.918612
65,C4,261.626,7,1846.47,0.546522,1.28065,0.894364
65,C4,261.626,8,2116.98,0.602689,-0.880459,0.955602
65,C4,261.626,12,2936.59,1.03902,-2.20448,0.944714
65,C4,261.626,13,3215.18,1.22867,-2.59357,0.94455
65,C4,261.626,14,3499.15,0.911288,-4.47613,0.634042
65,C4,261.626,15,4073.81,2.01138,-2.57469,0.77342
65,C4,261.626,18,4967.44,4.16978,-2.01475,0.904461
65,B1,61.7354,2,123.816,0.266419,4.85839,0.973237
65,B1,61.7354,3,184.378,0.273659,4.04009,0.758347
65,B1,61.7354,4,246.286,0.232502,1.92234,0.713544
65,B1,61.7354,5,308.194,0.219225,3.85328,0.806072
65,B1,61.7354,6,370.102,0.167252,3.50272,0.737879
65,B1,61.7354,9,555.826,0.212817,2.5232,0.773283
65,B1,61.7354,10,617.734,0.248096,2.36642,0.868894
65,B1,61.7354,12,742.896,0.182667,1.71634,0.672784
65,B1,61.7354,13,804.803,0.252204,2.16333,0.693906
65,B1,61.7354,14,866.711,0.173372,2.24012,0.687808
65,B1,61.7354,15,929.965,0.176515,1.94279,0.658867
65,B1,61.7354,16,993.219,0.234267,0.479169,0.777057
65,B1,61.7354,17,1056.47,0.283439,1.00943,0.87398
65,B1,61.7354,18,1118.38,0.268478,0.963795,0.860089
65,B1,61.7354,19,1182.98,0.27366,0.824105,0.812986
65,B1,61.7354,20,1247.58,0.272,0.815603,0.759192
65,B1,61.7354,21,1312.18,0.351307,1.29494,0.951988
65,B1,61.7354,34,2227.34,0.376285,-1.16872,0.932935
65,B1,61.7354,35,2295.98,0.428399,-0.489099,0.960312
65,B1,61.7354,37,2433.25,0.520356,-0.697776,0.950604
65,B1,61.7354,38,2501.89,0.536222,-0.703866,0.983921
65,B1,61.7354,45,2854.5,0.619184,-1.36727,0.956908
65,B1,61.7354,49,2924.48,0.684984,-1.75407,0.980238
65,B1,61.7354,50,2998.5,0.620248,-1.92534,0.952361
65,B1,61.7354,51,3067.14,1.0644,-1.56261,0.870063
65,B1,61.7354,52,3364.56,1.32423,-2.25313,0.908658
65,B1,61.7354,53,4225.89,1.29876,-2.43687,0.876654
65,B1,61.7354,67,5071.07,1.90003,-4.00429,0.823321
65,Ds2,77.7817,1,78.0579,0.241568,4.3327,0.931094
65,Ds2,77.7817,2,154.77,0.264626,3.42915,0.951276
65,Ds2,77.7817,3,232.828,0.172768,2.14894,0.72745
65,Ds2,77.7817,4,310.886,0.165764,3.61192,0.712511
65,Ds2,77.7817,5,388.943,0.229221,3.4634,0.698101
65,Ds2,77.7817,6,467.001,0.224279,2.19861,0.694654
65,Ds2,77.7817,7,545.059,0.217477,2.35001,0.844424
65,Ds2,77.7817,8,623.117,0.242256,0.824931,0.764688
65,Ds2,77.7817,10,779.233,0.221037,1.98965,0.771059
65,Ds2,77.7817,11,857.291,0.221503,2.2018,0.750852
65,Ds2,77.7817,12,936.694,0.236283,1.23188,0.78371
65,Ds2,77.7817,13,1014.75,0.246596,1.71329,0.802413
65,Ds2,77.7817,14,1094.16,0.198986,1.29402,0.704258
65,Ds2,77.7817,15,1172.21,0.361418,1.67908,0.928889
65,Ds2,77.7817,16,1251.62,0.297853,-0.362482,0.670913
65,Ds2,77.7817,17,1332.37,0.503648,0.743865,0.964258
65,Ds2,77.7817,18,1411.77,0.310661,1.14792,0.881786
65,Ds2,77.7817,19,1492.52,0.296714,0.108762,0.897157
65,Ds2,77.7817,37,3076.56,0.609067,-0.929476,0.96774
65,Ds2,77.7817,43,3161.34,0.716259,-1.50848,0.8405
65,Ds2,77.7817,44,3239.4,0.870928,-2.87893,0.818863
65,Ds2,77.7817,45,3517.99,1.65456,-2.23222,0.725692
65,Ds2,77.7817,49,3699.67,1.42348,-2.73646,0.733855
65,Ds2,77.7817,51,3884.05,2.08021,-2.45985,0.867138
65,D2,73.4162,2,146.695,0.220673,3.96287,0.71416
65,D2,73.4162,3,219.37,0.17559,1.90134,0.680314
65,D2,73.4162,7,514.105,0.184013,2.42229,0.711385
65,D2,73.4162,8,588.126,0.20576,0.368053,0.744139
65,D2,73.4162,9,660.8,0.211758,3.15724,0.676267
65,D2,73.4162,10,734.821,0.226445,2.89443,0.786747
65,D2,73.4162,11,808.841,0.197265,1.24207,0.639232
65,D2,73.4162,12,882.861,0.232611,1.00313,0.758486
65,D2,73.4162,13,956.882,0.249482,2.00477,0.809675
65,D2,73.4162,14,1032.25,0.227935,1.61215,0.739577
65,D2,73.4162,15,1106.27,0.231217,0.82315,0.715759
65,D2,73.4162,16,1181.63,0.375804,0.978626,0.892132
65,D2,73.4162,17,1257,0.300037,1.24989,0.826931
65,D2,73.4162,18,1331.02,0.434053,1.07269,0.916338
65,D2,73.4162,19,1407.73,0.355752,0.822583,0.969768
65,D2,73.4162,35,2733.37,0.539139,-1.49426,0.956353
65,D2,73.4162,37,2897.56,0.539015,-1.39492,0.956521
65,D2,73.4162,43,3001.19,0.636744,-1.79238,0.915313
65,D2,73.4162,45,3481.65,1.39129,-1.45481,0.795002
65,D2,73.4162,50,4002.48,2.0929,-1.92967,0.911643
65,D2,73.4162,56,4181.48,2.10921,-1.58458,0.857057
65,D2,73.4162,59,4274.34,2.14886,-1.95499,0.909592
65,E7,2637.02,1,2652.62,3.5823,0.141323,0.979829
65,E7,2637.02,2,5381.96,5.18095,-3.55585,0.999373
65,E7,2637.02,3,8321.24,2.14966,-10.8419,0.591806
65,Ds5,622.254,2,1247.58,0.658669,2.07337,0.711487
65,Ds5,622.254,3,1877.43,0.994989,1.24714,0.907876
65,Ds5,622.254,4,2516.69,1.17628,-0.939052,0.954279
65,Ds5,622.254,5,3165.38,1.65778,-1.61443,0.797516
65,Ds5,622.254,6,3827.53,2.91967,-1.20164,0.875086
65,Ds5,622.254,8,4507.17,4.10548,-1.6556,0.94195
65,Ds5,622.254,9,5202.96,6.09812,-3.25389,0.936843
65,B6,1975.53,1,1985.09,2.19736,3.04987,0.99061
65,B6,1975.53,2,4032.09,4.39206,-1.7548,0.994417
65,B6,1975.53,3,5097.99,11.4487,-3.00964,0.90402
65,C3,130.813,1,130.545,0.235073,4.2034,0.856516
65,C3,130.813,2,261.09,0.192002,2.48881,0.61543
65,C3,130.813,4,523.526,0.396656,3.49993,0.881399
65,C3,130.813,5,654.071,0.279634,2.85591,0.825291
65,C3,130.813,8,1049.74,0.35732,-0.199346,0.907772
65,C3,130.813,9,1181.63,0.548661,2.13417,0.891085
65,C3,130.813,10,1314.87,0.339446,1.09889,0.788573
65,C3,130.813,11,1448.11,0.435643,1.09452,0.882808
65,C3,130.813,22,2674.15,0.639103,-0.82398,0.852048
65,C3,130.813,23,3096.74,0.754505,-1.25464,0.949264
65,C3,130.813,26,3675.45,1.48291,-1.57407,0.840034
65,C3,130.813,30,3971.53,1.10432,-2.73499,0.824236
65,C3,130.813,32,4120.92,1.16046,-2.99602,0.779297
65,C3,130.813,33,4275.69,1.82962,-2.49468,0.921128
65,C3,130.813,34,4890.73,2.20416,-4.64971,0.823119
65,C3,130.813,38,5211.04,2.29841,-4.38765,0.821146
65,As7,3729.31,1,3718.52,3.5544,-2.98512,0.995887
65,As7,3729.31,2,7727.73,28.9969,-3.87329,0.988586
65,E6,1318.51,1,1321.6,1.40391,3.84357,0.927748
65,E6,1318.51,2,2662.04,2.30111,0.647559,0.988333
65,E6,1318.51,3,4036.13,4.15686,-0.671286,0.971103
65,E6,1318.51,4,4626.95,6.09706,-4.46245,0.800453
65,D3,146.832,1,146.695,0.407277,4.61017,0.963016
65,D3,146.832,6,882.861,0.362489,3.50502,0.895899
65,D3,146.832,7,1030.9,0.341241,2.66487,0.768511
65,D3,146.832,8,1178.94,0.332485,0.340394,0.685067
65,D3,146.832,9,1328.33,0.35715,2.54049,0.903113
65,D3,146.832,10,1477.72,0.378605,1.81809,0.857422
65,D3,146.832,11,1627.1,0.354231,0.758413,0.850862
65,D3,146.832,20,2701.07,0.721518,-0.0839172,0.930931
65,D3,146.832,21,2858.53,0.803257,-0.941313,0.966441
65,D3,146.832,22,3015.99,0.77719,-1.80565,0.885526
65,D3,146.832,23,3499.15,1.38472,-0.811555,0.820846
65,D3,146.832,26,3663.34,1.19211,-1.73672,0.877435
65,D3,146.832,28,4162.64,2.50227,-1.10992,0.863578
65,D3,146.832,31,4676.74,2.25453,-3.44955,0.830719
65,D3,146.832,34,4850.35,1.66103,-6.25139,0.784634
65,As6,1864.66,1,1873.39,1.62394,2.53783,0.98043
65,As6,1864.66,2,3792.54,4.0461,-1.47644,0.998601
65,As6,1864.66,3,4889.38,12.7636,-2.05118,0.96927
65,C2,65.4064,1,65.9454,0.20257,0.940786,0.864489
65,C2,65.4064,2,130.545,0.236167,4.4464,0.809395
65,C2,65.4064,3,196.49,0.190787,3.87265,0.859098
65,C2,65.4064,5,327.036,0.17268,3.62378,0.707985
65,C2,65.4064,6,391.635,0.210938,3.29749,0.837219
65,C2,65.4064,7,457.581,0.21717,2.10639,0.756528
65,C2,65.4064,9,588.126,0.190561,0.83406,0.74933
65,C2,65.4064,11,720.016,0.253174,3.56386,0.924511
65,C2,65.4064,12,785.962,0.196953,2.42919,0.743496
65,C2,65.4064,14,919.199,0.166259,1.87617,0.66657
65,C2,65.4064,16,1051.09,0.296268,0.724912,0.888443
65,C2,65.4064,17,1118.38,0.235087,1.52732,0.821707
65,C2,65.4064,18,1184.33,0.235282,0.355991,0.785379
65,C2,65.4064,19,1252.96,0.325466,0.719267,0.867148
65,C2,65.4064,33,2283.87,0.427172,-2.24302,0.90471
65,C2,65.4064,34,2356.54,0.502167,-1.25182,0.94582
65,C2,65.4064,35,2426.52,0.585469,-0.531869,0.954157
65,C2,65.4064,36,2499.2,0.562801,-0.870715,0.953466
65,C2,65.4064,37,2570.53,0.536129,-1.45489,0.934762
65,C2,65.4064,43,2643.2,0.558383,-0.867088,0.944544
65,C2,65.4064,44,2715.88,0.574632,-1.28651,0.936131
65,C2,65.4064,45,3085.98,0.66216,-2.18352,0.907307
65,C2,65.4064,50,3620.27,1.51652,-2.30401,0.841153
65,C2,65.4064,57,3701.02,0.984449,-2.81379,0.806885
65,C2,65.4064,58,4390.08,2.48936,-1.88842,0.797801
65,B7,3951.07,1,3960.76,3.96279,-2.89393,0.990539
65,B7,3951.07,2,8214.92,9.59939,-9.31232,0.714921
65,Ds4,311.127,1,310.886,0.41091,4.66308,0.883868
65,Ds4,311.127,3,934.003,0.305941,1.95204,0.621317
65,Ds4,311.127,5,1563.85,0.372736,1.48754,0.822753
65,Ds4,311.127,6,1881.46,0.50235,1.65927,0.900509
65,Ds4,311.127,7,2201.77,0.470681,-1.02791,0.902999
65,Ds4,311.127,8,2524.77,0.730778,-0.9994,0.950726
65,Ds4,311.127,9,2850.46,0.890145,-0.699822,0.963996
65,Ds4,311.127,11,3180.19,1.28802,-1.37714,0.898529
65,Ds4,311.127,12,3854.44,2.20384,-1.88494,0.838055
65,Ds4,311.127,14,4905.53,4.12659,-2.16391,0.924317
65,D4,293.665,1,293.39,0.330904,4.59117,0.864443
65,D4,293.665,4,1177.6,0.500376,1.98613,0.821902
65,D4,293.665,5,1475.02,0.497812,1.80278,0.913048
65,D4,293.665,6,1773.8,0.525276,1.18805,0.866216
65,D4,293.665,7,2075.26,0.551189,0.594737,0.927213
65,D4,293.665,8,2379.42,0.641284,-0.587773,0.950304
65,D4,293.665,9,2687.61,0.822526,-1.36713,0.91273
65,D4,293.665,11,3628.34,1.50766,-1.83758,0.900498
65,D4,293.665,14,4278.38,2.77189,-2.20843,0.906228
65,D4,293.665,17,4608.11,3.92452,-3.08132,0.924437
65,E1,41.2034,1,40.3748,0.194775,2.66817,0.904946
65,E1,41.2034,2,82.0953,0.165764,5.77619,0.824192
65,E1,41.2034,3,122.47,0.17017,4.99999,0.825796
65,E1,41.2034,4,164.191,0.203103,2.82866,0.939019
65,E1,41.2034,6,246.286,0.144444,3.34143,0.76534
65,E1,41.2034,8,328.381,0.150186,2.20113,0.758439
65,E1,41.2034,9,370.102,0.164504,3.91192,0.846279
65,E1,41.2034,12,495.264,0.158761,3.89697,0.785468
65,E1,41.2034,13,536.984,0.196,2.76994,0.860713
65,E1,41.2034,14,578.705,0.188563,1.8952,0.810798
65,E1,41.2034,15,620.425,0.20378,2.28184,0.85548
65,E1,41.2034,16,662.146,0.175167,1.47292,0.701383
65,E1,41.2034,17,705.212,0.184153,0.61682,0.888645
65,E1,41.2034,18,746.933,0.186935,1.65256,0.843235
65,E1,41.2034,19,789.999,0.248386,0.667249,0.953107
65,E1,41.2034,20,831.72,0.232223,1.31648,0.889612
65,E1,41.2034,21,874.786,0.250648,2.13467,0.916737
65,E1,41.2034,22,917.853,0.282879,2.81593,0.960187
65,E1,41.2034,23,960.919,0.284807,1.46625,0.939679
65,E1,41.2034,24,1005.33,0.304606,0.1453,0.912638
65,E1,41.2034,25,1049.74,0.31424,0.87452,0.979976
65,E1,41.2034,26,1094.16,0.311651,0.0496357,0.939928
65,E1,41.2034,27,1154.72,1.54224,4.10143,0.993166
65,E1,41.2034,37,1637.87,0.644715,0.894042,0.939573
65,E1,41.2034,38,1687.66,0.763039,0.577067,0.987338
65,E1,41.2034,39,1733.42,0.673002,-1.31814,0.873822
65,E1,41.2034,40,1783.22,0.693772,-0.463477,0.972848
65,E1,41.2034,41,1831.67,0.693216,-0.00907611,0.950354
65,E1,41.2034,42,1880.12,0.854547,-0.00245396,0.999271
65,E1,41.2034,43,1928.57,0.780137,-0.0267594,0.96719
65,E1,41.2034,44,1978.36,0.795915,-0.607008,0.999957
65,E1,41.2034,45,2028.16,0.817171,-0.972099,0.993621
65,E1,41.2034,46,2079.3,0.873158,-1.32122,0.989663
65,E1,41.2034,50,2310.78,2.77949,0.712234,0.983419
65,E1,41.2034,60,2888.14,2.49466,0.633616,0.967574
65,E1,41.2034,69,2937.94,1.25763,-2.13717,0.937787
65,E1,41.2034,70,3465.5,2.63984,-1.06044,0.942113
65,E1,41.2034,79,4042.86,3.2393,-2.52119,0.941585
65,E1,41.2034,88,4621.56,1.67256,-6.8416,0.661701
65,Ds3,155.563,2,310.886,0.207761,3.98007,0.641011
65,Ds3,155.563,4,621.771,0.193035,3.08843,0.714434
65,Ds3,155.563,5,777.887,0.229302,2.56305,0.770968
65,Ds3,155.563,6,935.349,0.301296,1.74816,0.698062
65,Ds3,155.563,7,1091.46,0.336198,2.49697,0.858972
65,Ds3,155.563,8,1248.93,0.263349,-0.771246,0.67582
65,Ds3,155.563,9,1406.39,0.354027,1.47211,0.9194
65,Ds3,155.563,10,1565.19,0.330426,1.44002,0.84024
65,Ds3,155.563,11,1725.35,0.505108,1.21679,0.996552
65,Ds3,155.563,12,1888.19,0.49067,-0.274471,0.906439
65,Ds3,155.563,19,2861.22,0.747529,-0.983561,0.930384
65,Ds3,155.563,21,3028.11,0.788133,-2.0496,0.913387
65,Ds3,155.563,22,3365.91,1.36095,-1.60264,0.935287
65,Ds3,155.563,24,3707.75,1.13569,-1.95345,0.886081
65,Ds3,155.563,26,3881.36,1.62657,-1.75902,0.81507
65,Ds3,155.563,28,4232.62,1.90232,-1.9574,0.804188
65,Ds3,155.563,30,4590.61,2.11186,-4.87502,0.820508
65,Ds3,155.563,32,5139.71,2.08897,-4.79915,0.846727
65,Ds3,155.563,35,5326.78,1.49655,-7.18079,0.71693
65,B0,30.8677,1,30.954,0.223705,1.26903,0.961238
65,B0,30.8677,2,61.908,0.221075,2.97186,0.928858
65,B0,30.8677,3,91.5161,0.186527,4.82315,0.878243
65,B0,30.8677,4,122.47,0.157717,4.67761,0.742458
65,B0,30.8677,5,153.424,0.146239,3.52053,0.784742
65,B0,30.8677,6,184.378,0.136717,4.16446,0.605647
65,B0,30.8677,11,339.148,0.119732,3.1216,0.657819
65,B0,30.8677,13,402.402,0.140057,3.22147,0.617565
65,B0,30.8677,14,433.356,0.138311,2.72814,0.682385
65,B0,30.8677,15,469.693,0.175607,0.0325001,0.775496
65,B0,30.8677,16,497.955,0.153504,0.787572,0.775511
65,B0,30.8677,17,528.909,0.186536,2.40471,0.855097
65,B0,30.8677,18,561.209,0.169856,1.56707,0.809387
65,B0,30.8677,19,593.509,0.198963,2.70293,0.853376
65,B0,30.8677,20,625.809,0.186388,2.31224,0.858164
65,B0,30.8677,21,659.454,0.191968,3.44254,0.835101
65,B0,30.8677,22,693.1,0.204291,2.37031,0.816987
65,B0,30.8677,23,725.4,0.21336,1.54553,0.847968
65,B0,30.8677,24,759.045,0.215293,0.0567769,0.885906
65,B0,30.8677,25,792.691,0.237597,0.216392,0.925446
65,B0,30.8677,26,826.337,0.238005,2.37396,0.942888
65,B0,30.8677,27,861.328,0.254726,2.82738,0.903613
65,B0,30.8677,28,894.974,0.260844,1.69243,0.930226
65,B0,30.8677,29,929.965,0.303548,1.81151,0.943024
65,B0,30.8677,30,964.957,0.368084,2.78639,0.994534
65,B0,30.8677,31,999.948,0.406037,1.46129,0.951788
65,B0,30.8677,32,1034.94,0.344114,1.14326,0.988239
65,B0,30.8677,33,1071.28,0.385702,-0.750988,0.978015
65,B0,30.8677,34,1108.96,0.411541,1.42826,0.993929
65,B0,30.8677,35,1143.95,0.448464,1.86919,0.989889
65,B0,30.8677,36,1181.63,0.514393,1.06949,0.966237
65,B0,30.8677,37,1217.97,0.486097,1.59685,0.977605
65,B0,30.8677,38,1255.65,0.574138,1.45171,0.98761
65,B0,30.8677,39,1293.34,0.528304,1.46688,0.974326
65,B0,30.8677,40,1331.02,0.583664,-0.771409,0.980778
65,B0,30.8677,41,1370.05,0.625443,-0.13253,0.98869
65,B0,30.8677,42,1410.42,0.611305,0.229221,0.988258
65,B0,30.8677,43,1449.45,0.647353,0.925845,0.987143
65,B0,30.8677,44,1488.48,0.645933,-0.810963,0.97217
65,B0,30.8677,45,1528.86,0.732797,-0.26497,0.936055
65,B0,30.8677,46,1569.23,0.772323,0.903365,0.983886
65,B0,30.8677,47,1608.26,0.802269,0.818856,0.998599
65,B0,30.8677,48,1651.33,0.776856,-0.120236,0.986307
65,B0,30.8677,49,1693.05,0.818091,-1.52909,0.998917
65,B0,30.8677,50,1734.77,0.902646,-0.722153,0.988584
65,B0,30.8677,51,1776.49,0.964981,-0.515634,0.978455
65,B0,30.8677,52,1820.9,1.0906,-0.987568,0.967658
65,B0,30.8677,53,1863.97,1.05616,-0.329546,0.918642
65,B0,30.8677,54,1907.03,1.1824,0.378131,0.977397
65,B0,30.8677,55,1950.1,1.2229,-0.651534,0.999117
65,B0,30.8677,64,2345.77,3.88255,-1.59562,0.996899
65,B0,30.8677,78,2814.12,1.95576,-0.911248,0.999518
65,B0,30.8677,83,3283.81,3.06965,-1.51526,0.981317
65,B0,30.8677,93,3571.82,1.33763,-7.46274,0.622441
65,C5,523.251,1,523.526,0.663429,4.25316,0.821066
65,C5,523.251,3,1577.31,0.508529,1.52401,0.60835
65,C5,523.251,4,2110.25,0.781937,1.36418,0.798524
65,C5,523.251,5,2649.93,0.978344,-1.00491,0.934709
65,C5,523.251,6,3199.03,1.34839,-0.865292,0.941465
65,C5,523.251,8,3757.54,1.54966,-2.97478,0.682288
65,C5,523.251,9,4910.92,5.93723,-2.6675,0.931389
65,As1,58.2705,1,57.8705,0.187987,1.51535,0.723339
65,As1,58.2705,3,174.957,0.295902,3.29914,0.662501
65,As1,58.2705,4,232.828,0.223056,3.22998,0.927548
65,As1,58.2705,5,290.698,0.153183,1.73716,0.699513
65,As1,58.2705,7,407.785,0.193192,3.26895,0.833201
65,As1,58.2705,8,465.656,0.149835,0.0660614,0.63749
65,As1,58.2705,9,523.526,0.278596,3.3116,0.828059
65,As1,58.2705,11,640.613,0.150682,2.20422,0.620951
65,As1,58.2705,12,699.829,0.198527,2.623,0.620203
65,As1,58.2705,13,757.7,0.181695,2.07873,0.723469
65,As1,58.2705,14,816.916,0.19391,1.94486,0.656052
65,As1,58.2705,15,876.132,0.177611,2.51163,0.698013
65,As1,58.2705,16,935.349,0.25438,0.872641,0.70949
65,As1,58.2705,17,994.565,0.181567,1.27791,0.686334
65,As1,58.2705,18,1053.78,0.214583,1.42864,0.67359
65,As1,58.2705,19,1114.34,0.250441,2.29587,0.834581
65,As1,58.2705,30,1837.05,0.319109,0.256712,0.819723
65,As1,58.2705,31,1898.96,0.388707,-0.616279,0.942884
65,As1,58.2705,32,1960.87,0.372909,-1.44261,0.941036
65,As1,58.2705,33,2022.78,0.391376,-1.40156,0.926066
65,As1,58.2705,34,2084.68,0.420242,-1.04169,0.930801
65,As1,58.2705,35,2149.28,0.404757,-0.455458,0.91203
65,As1,58.2705,37,2301.36,5.09087,-2.03915,0.989497
65,As1,58.2705,41,2593.41,0.555621,-1.59994,0.951012
65,As1,58.2705,42,2658,0.520605,-1.0651,0.946432
65,As1,58.2705,43,2719.91,0.525837,-1.04784,0.962162
65,As1,58.2705,50,3116.93,0.672299,-2.01301,0.923347
65,As1,58.2705,56,3832.91,1.90769,-1.57532,0.88618
65,As1,58.2705,65,4021.33,1.54347,-2.85166,0.884134
65,As1,58.2705,68,4454.68,1.55626,-4.20378,0.862773
65,As1,58.2705,73,4598.68,0.872935,-7.49353,0.689194
80,Ds5,622.254,2,1247.58,0.665472,2.54109,0.731979
80,Ds5,622.254,3,1877.43,1.02358,1.94221,0.91294
80,Ds5,622.254,4,2516.69,1.23566,0.00322829,0.962659
80,Ds5,622.254,5,3165.38,2.35528,0.620954,0.957353
80,Ds5,622.254,6,3827.53,2.68162,-0.295717,0.92195
80,Ds5,622.254,8,4507.17,3.90616,-0.493172,0.971793
80,Ds5,622.254,9,5202.96,6.74461,-0.752254,0.957696
80,Ds5,622.254,10,6656.45,4.40998,-6.2667,0.676412
80,C3,130.813,1,130.545,0.321501,4.52768,0.931716
80,C3,130.813,2,261.09,0.211593,2.75054,0.688325
80,C3,130.813,3,391.635,0.233049,2.23115,0.787161
80,C3,130.813,4,523.526,0.443608,4.06943,0.896354
80,C3,130.813,5,654.071,0.304718,3.4832,0.831606
80,C3,130.813,8,1049.74,0.396697,0.452891,0.902186
80,C3,130.813,9,1181.63,0.482067,2.52893,0.887967
80,C3,130.813,10,1314.87,0.334732,1.80548,0.780096
80,C3,130.813,11,1448.11,0.456779,1.92142,0.899998
80,C3,130.813,22,2674.15,0.650082,0.429312,0.889565
80,C3,130.813,23,3096.74,0.744195,0.119479,0.958709
80,C3,130.813,26,3675.45,1.14148,-0.42073,0.929337
80,C3,130.813,30,3971.53,0.992709,-1.11754,0.928543
80,C3,130.813,32,4275.69,1.35976,-1.36558,0.907387
80,C3,130.813,34,4890.73,1.85392,-2.0198,0.823821
80,C3,130.813,38,5211.04,2.21948,-1.41211,0.913173
80,C3,130.813,40,5532.69,3.35208,-1.50121,0.903205
80,C3,130.813,42,6544.75,3.52845,-3.30699,0.891695
80,C3,130.813,48,6715.67,1.48678,-7.14119,0.648668
80,B6,1975.53,1,1985.09,2.24542,3.46473,0.992125
80,B6,1975.53,2,4025.36,4.34388,-0.974951,0.994584
80,B6,1975.53,3,5097.99,12.7837,-1.9668,0.937377
80,As7,3729.31,1,3718.52,3.55442,-2.43064,0.995882
80,As7,3729.31,2,7727.73,29.0696,-2.99493,0.991006
80,E7,2637.02,1,2652.62,3.57327,0.247028,0.954568
80,E7,2637.02,2,5381.96,5.19167,-2.64849,0.999361
80,E7,2637.02,3,8321.24,24.8887,-5.62719,0.971631
80,D2,73.4162,3,219.37,0.191909,2.13145,0.642897
80,D2,73.4162,7,514.105,0.184325,2.65461,0.62784
80,D2,73.4162,8,588.126,0.217015,0.790331,0.743831
80,D2,73.4162,9,660.8,0.205146,3.71751,0.703899
80,D2,73.4162,10,734.821,0.224088,3.35351,0.763756
80,D2,73.4162,11,808.841,0.199489,1.69903,0.633919
80,D2,73.4162,12,882.861,0.22838,1.57727,0.75308
80,D2,73.4162,13,956.882,0.244006,2.64644,0.825681
80,D2,73.4162,14,1032.25,0.246697,2.28903,0.697861
80,D2,73.4162,15,1106.27,0.224297,1.4351,0.719169
80,D2,73.4162,16,1181.63,0.357119,1.64666,0.904079
80,D2,73.4162,17,1255.65,0.294156,1.86502,0.858466
80,D2,73.4162,18,1331.02,0.437991,1.65263,0.876888
80,D2,73.4162,19,1407.73,0.36409,1.68168,0.959468
80,D2,73.4162,35,2733.37,0.525271,-0.161603,0.954373
80,D2,73.4162,36,2814.12,0.590035,-0.541926,0.962268
80,D2,73.4162,37,2897.56,0.535196,0.167377,0.936593
80,D2,73.4162,38,2978.31,0.595818,-0.254431,0.974341
80,D2,73.4162,45,4002.48,1.11891,-1.06501,0.927931
80,D2,73.4162,56,4181.48,1.04843,-1.1659,0.923012
80,D2,73.4162,58,4274.34,1.38474,-0.574194,0.879394
80,D2,73.4162,60,4916.3,2.23936,-1.99377,0.916606
80,D2,73.4162,66,5106.06,1.45835,-4.87302,0.817569
80,As0,29.1352,1,28.2623,0.204699,1.23486,0.879685
80,As0,29.1352,2,57.8705,0.222322,3.58533,0.921225
80,As0,29.1352,3,86.1328,0.190821,5.49993,0.898581
80,As0,29.1352,4,115.741,0.188832,5.40552,0.890154
80,As0,29.1352,5,145.349,0.169465,4.90124,0.851814
80,As0,29.1352,8,232.828,0.145617,1.66008,0.849784
80,As0,29.1352,9,261.09,0.140003,3.70904,0.707809
80,As0,29.1352,11,320.306,0.122249,4.04754,0.645708
80,As0,29.1352,13,380.869,0.174958,4.4443,0.865355
80,As0,29.1352,14,410.477,0.15384,3.37038,0.638442
80,As0,29.1352,15,440.085,0.189013,3.33123,0.87601
80,As0,29.1352,16,465.656,0.141406,-1.54188,0.709657
80,As0,29.1352,17,501.993,0.159558,2.3336,0.747087
80,As0,29.1352,18,532.947,0.214376,3.51588,0.93168
80,As0,29.1352,19,563.901,0.185975,1.76856,0.844956
80,As0,29.1352,20,594.855,0.272004,2.8217,0.898561
80,As0,29.1352,21,625.809,0.23109,3.61615,0.92469
80,As0,29.1352,22,658.109,0.234263,4.1168,0.94511
80,As0,29.1352,23,689.062,0.236041,1.17295,0.924367
80,As0,29.1352,24,721.362,0.213506,-0.54339,0.885926
80,As0,29.1352,25,753.662,0.235712,0.955909,0.930505
80,As0,29.1352,26,787.308,0.252487,1.77498,0.924364
80,As0,29.1352,27,820.953,0.279461,2.67982,0.954592
80,As0,29.1352,28,853.253,0.287613,3.2388,0.95662
80,As0,29.1352,29,886.899,0.34894,2.98444,0.993294
80,As0,29.1352,30,921.89,0.314128,2.81373,0.970282
80,As0,29.1352,31,955.536,0.346089,2.09383,0.974787
80,As0,29.1352,32,990.527,0.437373,0.573851,0.968654
80,As0,29.1352,36,1126.46,0.655933,-1.38211,0.983199
80,As0,29.1352,37,1157.41,0.956636,-0.0774552,0.999773
80,As0,29.1352,38,1188.36,0.993715,0.290302,0.999994
80,As0,29.1352,40,1244.89,0.678761,1.28993,0.958615
80,As0,29.1352,41,1282.57,0.633636,0.611744,0.986749
80,As0,29.1352,42,1320.25,0.688389,1.21136,0.955666
80,As0,29.1352,43,1359.28,0.772985,1.705,0.958997
80,As0,29.1352,44,1398.31,0.762787,2.02127,0.998886
80,As0,29.1352,45,1437.34,0.823712,1.75453,0.989201
80,As0,29.1352,46,1477.72,1.01463,0.841521,0.960939
80,As0,29.1352,47,1518.09,0.906062,1.37196,0.968375
80,As0,29.1352,48,1559.81,0.917114,1.53785,0.981209
80,As0,29.1352,49,1600.19,1.65262,1.51772,0.992053
80,As0,29.1352,50,1640.56,1.2569,0.420608,0.998511
80,As0,29.1352,52,1707.85,1.2178,-0.896483,0.999948
80,As0,29.1352,55,1816.86,1.36657,1.87731,0.995901
80,As0,29.1352,56,1859.93,1.41969,0.962512,0.959488
80,As0,29.1352,57,1904.34,1.77765,1.33953,0.978099
80,As0,29.1352,58,1950.1,1.56859,0.880508,0.92811
80,As0,29.1352,59,1995.86,1.53855,-0.0844559,0.968436
80,As0,29.1352,60,2041.62,1.76147,-1.06521,0.97391
80,As0,29.1352,62,2135.82,1.79407,0.0807113,0.978571
80,As0,29.1352,68,2382.11,2.09573,0.179583,0.968435
80,As0,29.1352,69,2433.25,2.20325,-0.760365,0.9814
80,As0,29.1352,70,2485.74,2.17659,-1.16119,0.989524
80,As0,29.1352,71,2535.53,2.23188,-1.56686,0.961104
80,As0,29.1352,72,2588.02,2.56641,0.587214,0.992231
80,As0,29.1352,73,2643.2,2.66093,0.151983,0.992424
80,As0,29.1352,74,2693,2.54331,0.35941,0.996843
80,As0,29.1352,76,2793.93,3.46501,-0.00154384,0.983868
80,As0,29.1352,86,3030.8,4.43538,0.329832,0.959106
80,As0,29.1352,91,3084.63,3.65728,-0.333762,0.955925
80,As0,29.1352,92,3262.28,5.20189,-0.997689,0.956532
80,As0,29.1352,96,3324.19,4.7903,-2.0697,0.951708
80,B1,61.7354,1,61.908,0.231854,1.16973,0.723137
80,B1,61.7354,2,123.816,0.322144,5.09658,0.891208
80,B1,61.7354,3,184.378,0.254291,4.15989,0.718292
80,B1,61.7354,4,246.286,0.203965,2.27755,0.646915
80,B1,61.7354,5,308.194,0.208005,4.07389,0.815154
80,B1,61.7354,6,370.102,0.162828,3.73501,0.662492
80,B1,61.7354,8,493.918,0.146474,1.3796,0.6008
80,B1,61.7354,9,555.826,0.218963,2.91712,0.801028
80,B1,61.7354,10,617.734,0.254516,2.88547,0.841209
80,B1,61.7354,12,742.896,0.168935,2.27878,0.679406
80,B1,61.7354,13,804.803,0.241823,2.56609,0.692637
80,B1,61.7354,14,866.711,0.187742,2.83513,0.690456
80,B1,61.7354,15,929.965,0.17627,2.5164,0.643783
80,B1,61.7354,16,993.219,0.225197,1.06425,0.790582
80,B1,61.7354,17,1056.47,0.286127,1.7009,0.888433
80,B1,61.7354,18,1118.38,0.263553,1.71258,0.836992
80,B1,61.7354,19,1182.98,0.316321,1.7852,0.844411
80,B1,61.7354,20,1247.58,0.271854,1.56539,0.664035
80,B1,61.7354,21,1312.18,0.357966,2.08874,0.949607
80,B1,61.7354,34,2227.34,0.415336,0.192695,0.946837
80,B1,61.7354,35,2295.98,0.445114,0.773893,0.973325
80,B1,61.7354,36,2364.61,0.491764,0.139381,0.957101
80,B1,61.7354,37,2433.25,0.525423,0.67417,0.951284
80,B1,61.7354,38,2501.89,0.562147,0.699556,0.96172
80,B1,61.7354,39,2571.87,0.53449,-0.81229,0.966724
80,B1,61.7354,45,2854.5,0.567239,-0.0221528,0.955829
80,B1,61.7354,49,2924.48,0.674378,-0.145851,0.984338
80,B1,61.7354,50,2998.5,0.596009,-0.417691,0.967757
80,B1,61.7354,51,3068.48,0.710066,-0.998485,0.918985
80,B1,61.7354,52,3364.56,1.12265,-0.59402,0.851724
80,B1,61.7354,53,4225.89,1.22452,-0.606772,0.950056
80,B1,61.7354,67,5069.72,1.77877,-0.855098,0.909921
80,B1,61.7354,77,5380.61,1.35988,-5.40917,0.766788
80,B1,61.7354,81,5473.47,1.16948,-6.31076,0.723911
80,C4,261.626,2,523.526,0.320263,2.41915,0.774033
80,C4,261.626,4,1048.4,0.345335,2.85114,0.724561
80,C4,261.626,5,1313.53,0.446265,2.69763,0.801526
80,C4,261.626,6,1578.65,0.46835,2.42462,0.916086
80,C4,261.626,7,1846.47,0.565275,1.94414,0.891944
80,C4,261.626,8,2116.98,0.632246,-0.0186394,0.949161
80,C4,261.626,12,3215.18,1.19836,-1.26074,0.963723
80,C4,261.626,14,4075.16,1.57661,-1.07856,0.90727
80,C4,261.626,18,4967.44,2.56754,-1.26646,0.885018
80,C4,261.626,21,5276.98,3.77913,-1.46067,0.887858
80,C4,261.626,22,5906.83,5.50428,-1.35903,0.904544
80,C4,261.626,24,6883.9,4.07573,-4.75701,0.791254
80,Ds2,77.7817,1,78.0579,0.365966,4.84317,0.933542
80,Ds2,77.7817,2,154.77,0.30137,3.36643,0.905279
80,Ds2,77.7817,3,232.828,0.236469,2.39764,0.718781
80,Ds2,77.7817,4,310.886,0.157123,3.86063,0.666039
80,Ds2,77.7817,5,388.943,0.185263,3.61423,0.612291
80,Ds2,77.7817,6,467.001,0.213506,2.39545,0.6315
80,Ds2,77.7817,7,545.059,0.279753,2.93928,0.844464
80,Ds2,77.7817,8,623.117,0.253819,1.43548,0.768844
80,Ds2,77.7817,10,779.233,0.208864,2.44865,0.74263
80,Ds2,77.7817,11,857.291,0.231221,2.80485,0.769978
80,Ds2,77.7817,12,936.694,0.254288,1.88608,0.84105
80,Ds2,77.7817,13,1014.75,0.273015,2.45082,0.818927
80,Ds2,77.7817,14,1094.16,0.21373,2.01121,0.748099
80,Ds2,77.7817,15,1173.56,0.381707,2.4325,0.907455
80,Ds2,77.7817,16,1251.62,0.296353,0.446531,0.827576
80,Ds2,77.7817,17,1332.37,0.523596,1.37239,0.955687
80,Ds2,77.7817,18,1411.77,0.304135,1.96371,0.885964
80,Ds2,77.7817,19,1492.52,0.319991,1.10578,0.90534
80,Ds2,77.7817,20,1574.62,0.306151,1.17228,0.879198
80,Ds2,77.7817,37,3076.56,0.547273,0.290599,0.960367
80,Ds2,77.7817,43,3162.69,0.583291,-0.314689,0.946445
80,Ds2,77.7817,44,3239.4,0.697334,-1.5455,0.946165
80,Ds2,77.7817,45,3517.99,0.953945,-1.45466,0.928157
80,Ds2,77.7817,49,3699.67,0.907891,-1.71523,0.929108
80,Ds2,77.7817,51,3884.05,1.45079,-0.980062,0.836419
80,Ds2,77.7817,53,4321.44,2.2299,-1.4789,0.906632
80,Ds2,77.7817,54,5399.45,2.23138,-0.810872,0.778891
80,Ds2,77.7817,68,5550.18,1.72503,-4.95499,0.776571
80,D5,587.33,1,586.78,0.550646,3.97244,0.632238
80,D5,587.33,2,1177.6,0.677363,2.79628,0.769188
80,D5,587.33,3,1771.11,0.930579,2.0578,0.913814
80,D5,587.33,4,2372.69,1.24031,1.1659,0.970637
80,D5,587.33,5,2983.69,1.69271,0.969938,0.987842
80,D5,587.33,6,3604.12,2.56676,-0.273682,0.970177
80,D5,587.33,7,4239.35,3.35407,-0.409642,0.942031
80,D5,587.33,9,4892.07,5.22411,-0.914592,0.901815
80,D5,587.33,10,5560.95,7.73258,-1.82485,0.939299
80,D5,587.33,11,6237.9,2.54812,-7.9394,0.656553
80,Ds3,155.563,1,156.116,0.388578,4.16205,0.858841
80,Ds3,155.563,4,621.771,0.194287,3.35843,0.642575
80,Ds3,155.563,5,777.887,0.250136,3.03589,0.81061
80,Ds3,155.563,6,935.349,0.307786,2.16612,0.687208
80,Ds3,155.563,7,1091.46,0.331284,2.80831,0.803852
80,Ds3,155.563,8,1248.93,0.285733,-0.0799412,0.712285
80,Ds3,155.563,9,1406.39,0.366364,2.10334,0.905366
80,Ds3,155.563,10,1565.19,0.321785,2.20868,0.761677
80,Ds3,155.563,11,1725.35,0.52947,2.17254,0.997248
80,Ds3,155.563,12,1888.19,0.556488,0.768773,0.893965
80,Ds3,155.563,19,2861.22,0.75462,0.411697,0.960337
80,Ds3,155.563,21,3365.91,1.31272,-0.33835,0.969175
80,Ds3,155.563,24,3707.75,1.05688,-0.451011,0.938949
80,Ds3,155.563,26,3881.36,1.20246,-0.787203,0.92872
80,Ds3,155.563,28,4233.97,1.40548,-0.942741,0.958995
80,Ds3,155.563,30,5139.71,2.60633,-1.30529,0.914893
80,Ds3,155.563,35,5326.78,3.4032,-1.26372,0.901882
80,Ds3,155.563,36,6492.26,4.74719,-1.03232,0.910088
80,Ds3,155.563,42,6690.1,2.99914,-4.41174,0.818277
80,Ds3,155.563,43,7734.46,1.1208,-9.10353,0.513832
80,C5,523.251,1,523.526,0.751153,4.30641,0.792248
80,C5,523.251,3,1577.31,0.495369,1.75705,0.564651
80,C5,523.251,4,2110.25,0.806954,1.98442,0.799286
80,C5,523.251,5,2649.93,1.00852,-0.276763,0.940341
80,C5,523.251,6,3199.03,1.3996,0.0662678,0.975788
80,C5,523.251,8,3757.54,1.74021,-1.69329,0.749091
80,C5,523.251,9,4910.92,4.13762,-1.53136,0.904388
80,C5,523.251,11,5511.15,6.18359,-2.87831,0.936382
80,B0,30.8677,1,30.954,0.23127,1.66555,0.967571
80,B0,30.8677,2,61.908,0.226208,3.29128,0.929381
80,B0,30.8677,3,91.5161,0.188707,5.12329,0.880454
80,B0,30.8677,4,122.47,0.155975,5.02389,0.72286
80,B0,30.8677,5,153.424,0.142731,3.85673,0.754111
80,B0,30.8677,6,184.378,0.140321,4.55093,0.644922
80,B0,30.8677,11,339.148,0.121947,3.56212,0.646516
80,B0,30.8677,13,402.402,0.140781,3.76279,0.621652
80,B0,30.8677,14,433.356,0.139857,3.36699,0.684191
80,B0,30.8677,15,469.693,0.179088,0.537271,0.786984
80,B0,30.8677,16,497.955,0.153767,1.31741,0.804469
80,B0,30.8677,17,528.909,0.190021,2.94659,0.865481
80,B0,30.8677,18,561.209,0.174204,2.11742,0.818952
80,B0,30.8677,19,593.509,0.20534,3.27597,0.856846
80,B0,30.8677,20,625.809,0.189878,2.89285,0.866849
80,B0,30.8677,21,659.454,0.195244,4.0327,0.843237
80,B0,30.8677,22,693.1,0.208455,2.96795,0.827101
80,B0,30.8677,23,725.4,0.219608,2.18007,0.849103
80,B0,30.8677,24,759.045,0.211303,0.64556,0.918085
80,B0,30.8677,25,792.691,0.230333,0.80885,0.937943
80,B0,30.8677,26,826.337,0.24435,3.04201,0.941067
80,B0,30.8677,27,861.328,0.259543,3.49885,0.911246
80,B0,30.8677,28,894.974,0.267259,2.38188,0.93213
80,B0,30.8677,29,929.965,0.31077,2.51861,0.945503
80,B0,30.8677,30,964.957,0.375032,3.48116,0.995146
80,B0,30.8677,31,999.948,0.402045,2.12315,0.944572
80,B0,30.8677,32,1034.94,0.344537,1.85346,0.991095
80,B0,30.8677,33,1071.28,0.371237,-0.0764235,0.92307
80,B0,30.8677,34,1108.96,0.411836,2.18518,0.98793
80,B0,30.8677,35,1143.95,0.462145,2.71009,0.990058
80,B0,30.8677,36,1181.63,0.52901,1.94701,0.966365
80,B0,30.8677,37,1217.97,0.501004,2.48967,0.976644
80,B0,30.8677,38,1255.65,0.586429,2.36662,0.987402
80,B0,30.8677,39,1293.34,0.537372,2.40355,0.974703
80,B0,30.8677,40,1331.02,0.598428,0.197674,0.980899
80,B0,30.8677,41,1370.05,0.639858,0.864803,0.989326
80,B0,30.8677,42,1410.42,0.621164,1.244,0.988384
80,B0,30.8677,43,1449.45,0.661446,1.97236,0.98664
80,B0,30.8677,44,1488.48,0.658921,0.264711,0.972957
80,B0,30.8677,45,1528.86,0.749541,0.832916,0.936575
80,B0,30.8677,46,1569.23,0.790418,2.02479,0.983644
80,B0,30.8677,47,1608.26,0.818933,1.94909,0.998564
80,B0,30.8677,48,1651.33,0.793217,1.03164,0.985448
80,B0,30.8677,49,1693.05,0.831632,-0.369333,0.999137
80,B0,30.8677,50,1734.77,0.930417,0.486444,0.988478
80,B0,30.8677,51,1776.49,0.996655,0.70899,0.978211
80,B0,30.8677,52,1820.9,1.11123,0.24673,0.964881
80,B0,30.8677,53,1863.97,1.08121,0.926765,0.920196
80,B0,30.8677,54,1907.03,1.20364,1.63856,0.974049
80,B0,30.8677,55,1950.1,1.2531,0.652712,0.999091
80,B0,30.8677,64,2345.77,3.87307,-0.200161,0.999404
80,B0,30.8677,71,2674.15,1.9471,-0.678397,0.992591
80,B0,30.8677,72,2726.64,1.83498,-1.19029,0.993754
80,B0,30.8677,73,2776.44,1.97241,-0.559926,0.985611
80,B0,30.8677,74,2831.62,2.11792,-1.45621,0.991759
80,B0,30.8677,75,2884.1,2.66709,-1.40052,0.998711
80,B0,30.8677,76,2936.59,2.39555,-1.16221,0.953557
80,B0,30.8677,83,3283.81,2.88923,0.12742,0.984242
80,B0,30.8677,93,3571.82,4.98644,-0.362609,0.921546
80,As1,58.2705,1,57.8705,0.278033,2.23604,0.921138
80,As1,58.2705,2,115.741,0.213509,4.24226,0.7535
80,As1,58.2705,3,174.957,0.210084,3.41155,0.733042
80,As1,58.2705,4,232.828,0.236393,3.42016,0.917881
80,As1,58.2705,5,290.698,0.166687,2.10405,0.661745
80,As1,58.2705,7,407.785,0.25832,3.79091,0.875284
80,As1,58.2705,8,465.656,0.155568,0.552384,0.624868
80,As1,58.2705,9,523.526,0.278675,3.71171,0.816696
80,As1,58.2705,11,640.613,0.146528,2.74899,0.62198
80,As1,58.2705,12,699.829,0.201813,3.12958,0.626172
80,As1,58.2705,13,757.7,0.186683,2.65434,0.764274
80,As1,58.2705,14,816.916,0.223097,2.71031,0.741399
80,As1,58.2705,16,935.349,0.243373,1.35742,0.633083
80,As1,58.2705,17,994.565,0.19636,1.99719,0.718567
80,As1,58.2705,18,1053.78,0.220786,2.1021,0.662578
80,As1,58.2705,19,1114.34,0.257243,2.97495,0.79325
80,As1,58.2705,20,1176.25,0.330704,2.17196,0.877464
80,As1,58.2705,30,1837.05,0.358992,1.70288,0.915403
80,As1,58.2705,31,1898.96,0.397514,0.57913,0.961789
80,As1,58.2705,32,1960.87,0.378502,-0.337615,0.920195
80,As1,58.2705,33,2022.78,0.394686,-0.225201,0.943989
80,As1,58.2705,34,2084.68,0.422499,0.0834021,0.95505
80,As1,58.2705,35,2149.28,0.413107,0.70336,0.942435
80,As1,58.2705,37,2301.36,4.88839,-0.896539,0.9862
80,As1,58.2705,41,2593.41,0.576529,0.0226374,0.961108
80,As1,58.2705,42,2658,0.52699,0.493063,0.973646
80,As1,58.2705,43,2719.91,0.557935,0.609265,0.960649
80,As1,58.2705,44,2788.55,0.562399,-0.579135,0.974559
80,As1,58.2705,50,3116.93,0.648398,-0.391722,0.964293
80,As1,58.2705,56,3832.91,1.40734,-0.474078,0.933374
80,As1,58.2705,65,4021.33,1.10327,-1.30336,0.809768
80,As1,58.2705,68,4604.07,2.09714,-1.69615,0.943926
80,As1,58.2705,75,5956.62,3.77302,-1.34744,0.916485
80,E1,41.2034,1,40.3748,0.199746,3.24883,0.920007
80,E1,41.2034,2,82.0953,0.160565,6.16445,0.811596
80,E1,41.2034,3,122.47,0.168431,5.41458,0.825369
80,E1,41.2034,4,164.191,0.253588,3.37935,0.967723
80,E1,41.2034,6,246.286,0.142581,3.77486,0.770093
80,E1,41.2034,7,288.007,0.139884,3.95645,0.646366
80,E1,41.2034,8,328.381,0.153784,2.69434,0.803198
80,E1,41.2034,9,370.102,0.168376,4.40151,0.845209
80,E1,41.2034,11,453.543,0.124816,3.50692,0.628724
80,E1,41.2034,12,495.264,0.16426,4.45793,0.799006
80,E1,41.2034,13,536.984,0.196911,3.39003,0.869147
80,E1,41.2034,14,578.705,0.192554,2.57433,0.812754
80,E1,41.2034,15,620.425,0.204977,2.8808,0.860065
80,E1,41.2034,16,662.146,0.178547,2.07077,0.704322
80,E1,41.2034,17,705.212,0.189704,1.2709,0.876097
80,E1,41.2034,18,746.933,0.191192,2.28982,0.854209
80,E1,41.2034,19,789.999,0.258106,1.34572,0.954386
80,E1,41.2034,20,833.066,0.239742,2.00118,0.895285
80,E1,41.2034,21,874.786,0.254252,2.81519,0.923976
80,E1,41.2034,22,917.853,0.289459,3.51667,0.963361
80,E1,41.2034,23,960.919,0.293019,2.18848,0.943669
80,E1,41.2034,24,1005.33,0.320149,0.924868,0.934439
80,E1,41.2034,25,1049.74,0.328236,1.68026,0.984959
80,E1,41.2034,26,1094.16,0.330014,0.90218,0.962392
80,E1,41.2034,27,1154.72,1.56042,4.92502,0.993584
80,E1,41.2034,37,1637.87,0.674526,2.09568,0.920339
80,E1,41.2034,38,1687.66,0.777841,1.74652,0.988719
80,E1,41.2034,39,1733.42,0.686877,-0.121654,0.879003
80,E1,41.2034,40,1783.22,0.70544,0.75549,0.972224
80,E1,41.2034,41,1831.67,0.70698,1.21959,0.949797
80,E1,41.2034,42,1880.12,0.880979,1.28109,0.999958
80,E1,41.2034,43,1928.57,0.800658,1.26091,0.967516
80,E1,41.2034,44,1978.36,0.812724,0.697908,0.999982
80,E1,41.2034,45,2028.16,0.837304,0.378317,0.994233
80,E1,41.2034,46,2079.3,0.884806,0.0357649,0.990908
80,E1,41.2034,47,2129.1,1.03738,-0.776152,0.994665
80,E1,41.2034,48,2181.58,0.991399,-0.549413,0.98077
80,E1,41.2034,50,2310.78,2.81993,2.27094,0.984812
80,E1,41.2034,57,2711.84,1.31888,-1.06101,0.964414
80,E1,41.2034,58,2768.36,1.19845,-1.31304,0.958779
80,E1,41.2034,59,2824.89,1.29605,-0.626152,0.970859
80,E1,41.2034,60,2888.14,2.50994,2.37175,0.970747
80,E1,41.2034,61,2937.94,1.2811,-0.349264,0.964971
80,E1,41.2034,69,3465.5,2.144,0.341249,0.924766
80,E1,41.2034,79,4042.86,2.2228,-1.26447,0.875773
80,E1,41.2034,88,4621.56,3.2401,-1.20115,0.919811
80,E1,41.2034,96,4953.98,4.68798,-2.48275,0.883154
80,D4,293.665,1,293.39,0.368362,4.75464,0.895412
80,D4,293.665,4,1177.6,0.533852,2.54731,0.832619
80,D4,293.665,5,1475.02,0.52853,2.24199,0.890839
80,D4,293.665,6,1773.8,0.547485,1.78185,0.884673
80,D4,293.665,7,2075.26,0.565988,1.21331,0.908803
80,D4,293.665,8,2379.42,0.67714,0.401397,0.963329
80,D4,293.665,9,2687.61,0.824658,-0.252156,0.909041
80,D4,293.665,11,3628.34,1.37967,-0.531745,0.941881
80,D4,293.665,14,4608.11,3.22218,-1.10938,0.882127
80,D4,293.665,18,5992.96,5.33906,-1.3264,0.878449
80,As6,1864.66,1,1872.04,1.686,2.98229,0.986587
80,As6,1864.66,2,3791.19,4.00556,-0.723528,0.998563
80,As6,1864.66,3,4890.73,12.9745,-1.60332,0.972438
80,As6,1864.66,4,7943.06,4.96153,-8.71253,0.726842
80,B7,3951.07,1,3960.76,3.96289,-2.36841,0.990544
80,B7,3951.07,2,8214.92,25.7791,-5.33877,0.989338
80,C2,65.4064,1,65.9454,0.261219,1.10096,0.819898
80,C2,65.4064,2,130.545,0.24528,4.96229,0.925709
80,C2,65.4064,3,196.49,0.199479,4.2158,0.89181
80,C2,65.4064,4,261.09,0.257896,2.5745,0.74576
80,C2,65.4064,5,327.036,0.182061,3.91486,0.777002
80,C2,65.4064,6,391.635,0.196025,3.63115,0.787741
80,C2,65.4064,7,457.581,0.237099,2.57101,0.8103
80,C2,65.4064,9,588.126,0.167055,1.01488,0.615901
80,C2,65.4064,11,720.016,0.264284,4.09684,0.931477
80,C2,65.4064,12,785.962,0.186947,2.90262,0.717695
80,C2,65.4064,15,985.144,0.178448,1.83845,0.651247
80,C2,65.4064,16,1051.09,0.296674,1.27456,0.863342
80,C2,65.4064,17,1118.38,0.228282,2.13632,0.813051
80,C2,65.4064,18,1184.33,0.23658,1.06761,0.776541
80,C2,65.4064,19,1252.96,0.299259,1.14381,0.811353
80,C2,65.4064,20,1321.6,0.306109,1.11106,0.801367
80,C2,65.4064,33,2283.87,0.461338,-0.818479,0.87034
80,C2,65.4064,34,2356.54,0.523332,-0.115756,0.885532
80,C2,65.4064,35,2426.52,0.537556,0.457479,0.956667
80,C2,65.4064,36,2499.2,0.627849,0.73391,0.955362
80,C2,65.4064,37,2570.53,0.577955,0.0429414,0.909047
80,C2,65.4064,38,2645.89,0.553111,0.547386,0.926196
80,C2,65.4064,44,2715.88,0.626865,0.445143,0.969654
80,C2,65.4064,45,3084.63,0.641134,-0.566481,0.965256
80,C2,65.4064,50,3620.27,0.871019,-1.46244,0.900577
80,C2,65.4064,57,3701.02,0.858734,-1.11967,0.956148
80,C2,65.4064,58,4390.08,1.67356,-0.806688,0.875661
80,C2,65.4064,66,4509.86,1.55588,-1.9142,0.808172
80,C2,65.4064,68,5270.25,2.02072,-1.47396,0.808061
80,Ds4,311.127,1,310.886,0.454928,4.79414,0.870679
80,Ds4,311.127,3,934.003,0.362354,2.54635,0.696501
80,Ds4,311.127,5,1563.85,0.384092,1.88523,0.832686
80,Ds4,311.127,6,1881.46,0.524031,2.17114,0.885117
80,Ds4,311.127,7,2201.77,0.50918,-0.297098,0.912874
80,Ds4,311.127,8,2524.77,0.745469,-0.026783,0.93591
80,Ds4,311.127,9,2850.46,0.922378,0.610869,0.962793
80,Ds4,311.127,11,3180.19,1.19904,-0.0989687,0.953916
80,Ds4,311.127,12,3854.44,1.80571,-0.760537,0.922747
80,Ds4,311.127,14,4905.53,3.00504,-0.806552,0.859264
80,Ds4,311.127,18,6389.98,3.06475,-4.94256,0.733146
80,Ds4,311.127,22,6780.27,2.60064,-5.98148,0.668285
80,D3,146.832,1,146.695,0.289856,4.38279,0.904173
80,D3,146.832,5,734.821,0.20193,3.0303,0.617462
80,D3,146.832,6,882.861,0.356624,3.96536,0.88824
80,D3,146.832,7,1030.9,0.350955,3.08566,0.841689
80,D3,146.832,8,1178.94,0.354535,1.08203,0.712312
80,D3,146.832,9,1328.33,0.364217,3.03281,0.872647
80,D3,146.832,10,1479.06,0.391134,2.59834,0.844236
80,D3,146.832,11,1627.1,0.360866,1.62818,0.854113
80,D3,146.832,12,1781.87,0.416564,2.15539,0.857458
80,D3,146.832,20,2701.07,0.736784,1.19629,0.936738
80,D3,146.832,21,2858.53,0.788325,0.321054,0.971568
80,D3,146.832,22,3017.34,0.777209,-0.288243,0.948334
80,D3,146.832,23,3499.15,1.11438,0.289879,0.930378
80,D3,146.832,26,4162.64,1.37386,-0.585134,0.893271
80,D3,146.832,31,4676.74,2.14374,-0.566344,0.889389
80,D3,146.832,34,5567.68,3.66752,-1.30211,0.866999
80,D3,146.832,39,6581.08,5.50577,-0.836951,0.924085
80,D3,146.832,44,7498.94,2.2134,-6.28196,0.668464
80,E6,1318.51,1,1321.6,1.3835,3.94181,0.922445
80,E6,1318.51,2,2662.04,2.27667,1.27685,0.992211
80,E6,1318.51,3,4036.13,4.21796,0.343059,0.944498
80,E6,1318.51,4,4625.6,8.75493,-2.17416,0.92685
80,E6,1318.51,5,6964.65,4.72081,-7.00548,0.730343
80,D1,36.7081,1,36.3373,0.212841,2.26329,0.911935
80,D1,36.7081,2,72.6746,0.187277,5.36702,0.885443
80,D1,36.7081,3,109.012,0.1418,5.16254,0.650152
80,D1,36.7081,4,146.695,0.145627,5.25628,0.769765
80,D1,36.7081,6,219.37,0.14797,3.4072,0.64729
80,D1,36.7081,7,255.707,0.153437,5.11753,0.804725
80,D1,36.7081,8,293.39,0.178147,1.78389,0.859191
80,D1,36.7081,10,366.064,0.140747,4.0578,0.692045
80,D1,36.7081,11,403.748,0.155808,4.072,0.640581
80,D1,36.7081,12,440.085,0.17486,3.30838,0.677206
80,D1,36.7081,13,477.768,0.225658,4.25975,0.939309
80,D1,36.7081,14,514.105,0.174065,3.21403,0.866401
80,D1,36.7081,15,551.788,0.156174,2.24862,0.698289
80,D1,36.7081,16,589.471,0.171654,1.88494,0.767416
80,D1,36.7081,17,627.155,0.229951,2.50538,0.927113
80,D1,36.7081,18,664.838,0.215717,2.77246,0.869626
80,D1,36.7081,19,702.521,0.200813,1.81315,0.790872
80,D1,36.7081,20,740.204,0.186416,3.08707,0.86361
80,D1,36.7081,21,777.887,0.200463,3.61616,0.861932
80,D1,36.7081,22,816.916,0.215203,3.67813,0.911659
80,D1,36.7081,23,854.599,0.234351,2.56561,0.925422
80,D1,36.7081,24,893.628,0.274861,0.485735,0.932856
80,D1,36.7081,25,934.003,0.301509,0.665295,0.9436
80,D1,36.7081,27,1028.21,3.00121,1.92859,0.967279
80,D1,36.7081,34,1329.68,0.443105,1.04496,0.979064
80,D1,36.7081,35,1371.4,0.469856,2.13331,0.984981
80,D1,36.7081,36,1413.12,0.526881,1.92931,0.983679
80,D1,36.7081,37,1454.84,0.542329,1.13874,0.964332
80,D1,36.7081,38,1496.56,0.518917,1.95249,0.995571
80,D1,36.7081,39,1540.97,0.505685,0.696475,0.830005
80,D1,36.7081,40,1581.34,0.71979,0.258519,0.950615
80,D1,36.7081,41,1624.41,0.645583,0.803385,0.955146
80,D1,36.7081,42,1667.48,0.630933,0.633743,0.975248
80,D1,36.7081,43,1710.54,0.689477,1.00078,0.99285
80,D1,36.7081,44,1753.61,0.792972,0.760476,0.926129
80,D1,36.7081,45,1799.37,0.849995,0.504334,0.917485
80,D1,36.7081,50,2055.08,2.81416,1.04072,0.979378
80,D1,36.7081,51,2112.95,0.949178,1.13491,0.982766
80,D1,36.7081,52,2160.05,1.04238,0.716541,0.954583
80,D1,36.7081,53,2207.15,0.974237,0.3017,0.972632
80,D1,36.7081,54,2254.26,1.10922,0.163484,0.942467
80,D1,36.7081,55,2301.36,1.14951,-0.589584,0.957799
80,D1,36.7081,56,2348.46,1.02124,-0.893763,0.976569
80,D1,36.7081,57,2398.26,1.11644,-0.346561,0.984012
80,D1,36.7081,60,2570.53,1.32776,1.09397,0.988173
80,D1,36.7081,65,2849.11,1.3972,-1.23372,0.974664
80,D1,36.7081,67,2955.43,1.72474,-1.18152,0.999214
80,D1,36.7081,69,3084.63,1.90918,0.342189,0.978407
80,D1,36.7081,79,3170.76,1.94977,-0.875045,0.952772
80,D1,36.7081,80,3597.39,4.20255,-1.62556,0.979995
80,D1,36.7081,84,4628.29,2.54025,-1.0686,0.924951
80,E4,329.628,1,329.727,0.434523,4.76445,0.892008
80,E4,329.628,2,659.454,0.363843,3.132,0.662232
80,E4,329.628,4,1322.95,0.367506,1.6042,0.669074
80,E4,329.628,5,1658.06,0.44257,2.08382,0.842269
80,E4,329.628,6,1994.51,0.594323,1.90866,0.903511
80,E4,329.628,7,2335.01,0.639609,0.621074,0.951541
80,E4,329.628,8,2678.19,0.891184,1.23673,0.962235
80,E4,329.628,10,3025.42,1.04065,-1.12328,0.919675
80,E4,329.628,11,4096.69,1.95605,-0.74068,0.941907
80,E4,329.628,14,5219.11,3.48203,-1.65299,0.841283
80,E4,329.628,18,6402.09,2.89225,-5.30752,0.735944
80,Ds6,1244.51,1,1247.58,1.16955,2.95879,0.853773
80,Ds6,1244.51,2,2508.62,2.13373,0.712313,0.972038
80,Ds6,1244.51,3,3808.69,4.44377,0.546148,0.969323
80,Ds6,1244.51,4,5147.78,8.24124,-0.701113,0.979612
80,Ds6,1244.51,5,6544.75,9.15523,-3.84593,0.865296
80,Ds6,1244.51,7,8013.04,5.0113,-8.32814,0.694275
80,B5,987.767,1,989.182,0.793808,2.23922,0.873362
80,B5,987.767,2,1986.44,1.20201,1.65469,0.96895
80,B5,987.767,3,3002.54,2.12884,1.17929,0.943873
80,B5,987.767,4,4041.51,3.67575,0.493615,0.960225
80,B5,987.767,5,5119.52,6.47696,-0.0385862,0.916435
80,B5,987.767,6,6233.86,8.88642,-1.00839,0.975382
80,B5,987.767,8,7395.31,4.93177,-5.5357,0.688851
80,As4,466.164,1,465.656,0.359645,3.67362,0.752295
80,As4,466.164,2,934.003,0.376471,2.90772,0.579568
80,As4,466.164,3,1403.7,0.430925,2.76175,0.661762
80,As4,466.164,4,1877.43,0.506213,0.279845,0.798014
80,As4,466.164,5,2355.19,0.786742,0.629825,0.971573
80,As4,466.164,6,2842.38,1.1677,0.198282,0.973242
80,As4,466.164,7,3333.61,1.62557,0.957757,0.963069
80,As4,466.164,9,4344.32,2.97783,-0.728059,0.855512
80,As4,466.164,11,4866.5,4.11856,-0.601853,0.870273
80,As4,466.164,12,5400.8,6.34169,-0.477826,0.926714
80,As4,466.164,13,6507.06,5.50778,-3.14623,0.912395
80,As4,466.164,15,7081.73,2.03298,-8.49695,0.548354
80,C8,4186.01,1,4200.32,3.22572,-4.27557,0.999385
80,C8,4186.01,2,8746.52,33.5395,-4.4646,0.998904
80,E3,164.814,1,164.191,0.321368,3.91229,0.83929
80,E3,164.814,2,329.727,0.25159,4.27816,0.84131
80,E3,164.814,3,493.918,0.231578,1.89669,0.786461
80,E3,164.814,4,659.454,0.367097,3.51518,0.779653
80,E3,164.814,5,824.991,0.257475,2.57241,0.764499
80,E3,164.814,6,990.527,0.310993,2.08992,0.907278
80,E3,164.814,8,1324.29,0.422528,0.541549,0.882091
80,E3,164.814,9,1491.17,0.387083,2.57429,0.906145
80,E3,164.814,10,1659.4,0.385982,2.44568,0.863695
80,E3,164.814,11,1828.98,0.396377,-0.605072,0.892625
80,E3,164.814,12,2001.24,0.383789,1.19385,0.907289
80,E3,164.814,18,2688.96,0.695679,1.20097,0.934052
80,E3,164.814,19,3217.87,0.801905,-1.17721,0.943664
80,E3,164.814,22,3945.96,1.05297,-0.969864,0.916729
80,E3,164.814,27,4133.03,1.50364,-0.322807,0.941619
80,E3,164.814,28,4511.21,1.91632,-1.50641,0.858884
80,E3,164.814,30,4700.97,3.13619,-0.936225,0.848516
80,E3,164.814,31,5489.62,2.62852,-0.90693,0.845843
80,E3,164.814,35,7167.87,3.51812,-4.87658,0.758376
80,E3,164.814,43,7297.06,1.56769,-7.91319,0.569757
80,D6,1174.66,1,1176.25,1.37348,3.99874,0.944942
80,D6,1174.66,2,2367.31,2.55919,1.73816,0.999642
80,D6,1174.66,3,3581.24,3.18092,-0.155366,0.973992
80,D6,1174.66,4,4151.87,10.7326,-0.436071,0.96753
80,As3,233.082,1,232.828,0.305156,4.036,0.760257
80,As3,233.082,2,465.656,0.272416,3.63266,0.84227
80,As3,233.082,3,699.829,0.434894,3.44312,0.842566
80,As3,233.082,4,934.003,0.347846,2.71088,0.824738
80,As3,233.082,5,1169.52,0.351536,2.39757,0.726945
80,As3,233.082,6,1405.04,0.399995,2.36437,0.880816
80,As3,233.082,7,1641.91,0.468229,2.68911,0.93568
80,As3,233.082,8,1885.5,0.720934,0.821345,0.954884
80,As3,233.082,13,2853.15,0.953102,-0.413653,0.946251
80,As3,233.082,14,3606.81,1.57977,-1.23571,0.830655
80,As3,233.082,17,4653.86,2.10039,-1.14688,0.915695
80,As3,233.082,22,4921.68,3.35954,-0.817922,0.888714
80,As3,233.082,23,5196.23,3.8348,-1.10917,0.914905
80,As3,233.082,24,6046.79,4.34598,-2.00129,0.914457
80,C7,2093,1,2106.22,2.38521,2.8137,0.983749
80,C7,2093,2,4274.34,3.68515,-0.975848,0.997352
80,C7,2093,3,5429.06,15.6862,-1.14705,0.960734
80,B2,123.471,1,123.816,0.223952,4.51324,0.920005
80,B2,123.471,4,493.918,0.198136,2.89388,0.657597
80,B2,123.471,6,741.55,0.214008,2.45088,0.723925
80,B2,123.471,7,865.366,0.255695,3.44754,0.760071
80,B2,123.471,8,990.527,0.239609,1.31906,0.722165
80,B2,123.471,9,1114.34,0.20111,2.44804,0.742124
80,B2,123.471,10,1239.51,0.284822,2.16059,0.902713
80,B2,123.471,11,1366.01,0.366316,2.7092,0.952042
80,B2,123.471,23,2781.82,0.8139,1.0348,0.965588
80,B2,123.471,25,2915.06,0.791999,-0.220998,0.973909
80,B2,123.471,26,3049.64,0.745058,-0.963319,0.96331
80,B2,123.471,27,3731.97,1.09638,-1.01852,0.970489
80,B2,123.471,32,3873.28,1.02512,-1.16562,0.930798
80,B2,123.471,33,5033.39,2.78589,-0.4686,0.898681
80,B2,123.471,41,5184.12,3.05811,-1.48677,0.911141
80,B2,123.471,42,5957.97,3.92531,-1.45399,0.900166
80,B2,123.471,46,6439.77,1.81912,-6.3774,0.706106
80,Ds1,38.8909,1,39.0289,0.184881,2.31257,0.861527
80,Ds1,38.8909,2,78.0579,0.16844,5.17068,0.838566
80,Ds1,38.8909,3,115.741,0.175436,5.57339,0.854678
80,Ds1,38.8909,4,154.77,0.118362,3.50923,0.666372
80,Ds1,38.8909,5,193.799,0.161192,4.27728,0.820939
80,Ds1,38.8909,6,232.828,0.174358,4.30183,0.843872
80,Ds1,38.8909,7,271.857,0.167538,3.70779,0.815315
80,Ds1,38.8909,9,349.915,0.146079,3.89578,0.724853
80,Ds1,38.8909,10,388.943,0.177556,4.86432,0.835052
80,Ds1,38.8909,11,427.972,0.143887,2.77406,0.751679
80,Ds1,38.8909,12,467.001,0.221387,3.84032,0.911444
80,Ds1,38.8909,13,506.03,0.177153,3.53542,0.842152
80,Ds1,38.8909,14,545.059,0.196771,2.52131,0.882912
80,Ds1,38.8909,15,585.434,0.233703,2.60697,0.946788
80,Ds1,38.8909,16,624.463,0.182,1.22239,0.789933
80,Ds1,38.8909,17,664.838,0.190318,1.38618,0.796069
80,Ds1,38.8909,18,703.867,0.194078,1.18524,0.899399
80,Ds1,38.8909,19,744.241,0.207795,2.46689,0.921297
80,Ds1,38.8909,20,784.616,0.234685,1.44484,0.925923
80,Ds1,38.8909,21,824.991,0.220069,3.24472,0.839083
80,Ds1,38.8909,22,865.366,0.235576,3.57705,0.897282
80,Ds1,38.8909,23,907.086,0.30739,2.51399,0.980695
80,Ds1,38.8909,24,947.461,0.27632,0.571629,0.908244
80,Ds1,38.8909,25,990.527,0.315208,1.71736,0.952649
80,Ds1,38.8909,26,1032.25,0.353095,1.21007,0.963732
80,Ds1,38.8909,27,1099.54,2.75724,3.93286,0.962218
80,Ds1,38.8909,35,1454.84,0.530982,-0.121167,0.974335
80,Ds1,38.8909,36,1499.25,0.523783,1.62886,0.96512
80,Ds1,38.8909,37,1545.01,0.585593,2.22856,0.974482
80,Ds1,38.8909,38,1588.07,0.559213,0.651384,0.984144
80,Ds1,38.8909,39,1633.83,0.681626,-0.307525,0.977298
80,Ds1,38.8909,40,1678.24,0.64357,-0.866373,0.989608
80,Ds1,38.8909,41,1724,0.685867,0.374954,0.9995
80,Ds1,38.8909,42,1769.76,0.748848,0.909654,0.987632
80,Ds1,38.8909,43,1816.86,0.799838,1.8357,0.994225
80,Ds1,38.8909,44,1862.62,0.822222,1.49352,0.981824
80,Ds1,38.8909,45,1909.73,0.847368,0.56952,0.953665
80,Ds1,38.8909,46,1956.83,0.884528,-0.708293,0.972372
80,Ds1,38.8909,53,2345.77,1.02549,0.39788,0.986571
80,Ds1,38.8909,54,2396.91,1.20731,0.675573,0.999411
80,Ds1,38.8909,57,2550.34,1.12286,-1.13569,0.979297
80,Ds1,38.8909,58,2602.83,1.26373,-1.16767,0.954707
80,Ds1,38.8909,59,2653.97,1.17388,-0.126556,0.975484
80,Ds1,38.8909,60,2707.8,1.29373,-1.68677,0.961613
80,Ds1,38.8909,67,3033.49,1.77469,0.27795,0.98584
80,Ds1,38.8909,74,3302.66,1.9375,-0.256048,0.979403
80,Ds1,38.8909,79,3613.54,2.84262,-0.661491,0.879573
80,Ds1,38.8909,84,3672.76,3.34386,-1.15134,0.929029
80,Ds1,38.8909,85,3857.14,3.35035,-2.61695,0.909573
80,Ds1,38.8909,88,4643.1,4.29814,-2.49753,0.886844
80,D7,2349.32,1,2365.96,3.06973,1.86539,0.991262
80,D7,2349.32,2,4815.36,5.51113,-2.14153,0.994746
80,D7,2349.32,3,7392.62,10.6517,-6.3497,0.93593
80,E2,82.4069,1,82.0953,0.242309,4.80077,0.912996
80,E2,82.4069,2,164.191,0.141349,2.02337,0.627544
80,E2,82.4069,3,247.632,0.346438,3.1615,0.949894
80,E2,82.4069,4,329.727,0.198979,4.24938,0.766007
80,E2,82.4069,5,411.823,0.163332,3.68428,0.800657
80,E2,82.4069,6,493.918,0.263757,3.21914,0.717143
80,E2,82.4069,7,577.359,0.212669,2.97769,0.828955
80,E2,82.4069,8,659.454,0.230157,1.01581,0.814963
80,E2,82.4069,9,742.896,0.268353,3.06926,0.868385
80,E2,82.4069,10,824.991,0.214113,2.92708,0.724603
80,E2,82.4069,11,908.432,0.254989,2.87511,0.819328
80,E2,82.4069,12,991.873,0.270282,2.34894,0.914608
80,E2,82.4069,13,1075.31,0.24626,3.24212,0.811666
80,E2,82.4069,14,1158.76,0.401905,1.46226,0.833841
80,E2,82.4069,15,1243.54,0.271765,1.81633,0.782516
80,E2,82.4069,16,1326.98,0.58267,0.380272,0.925312
80,E2,82.4069,17,1411.77,0.280144,0.758511,0.802992
80,E2,82.4069,18,1496.56,0.332412,2.64938,0.860408
80,E2,82.4069,19,1581.34,0.321581,1.79795,0.907235
80,E2,82.4069,35,2625.71,0.511821,0.769818,0.958903
80,E2,82.4069,36,2715.88,0.498799,-0.20485,0.953571
80,E2,82.4069,37,2897.56,0.569567,-1.23656,0.95822
80,E2,82.4069,39,3266.32,0.684779,-0.802194,0.921366
80,E2,82.4069,43,3929.81,1.03278,-1.18757,0.912849
80,E2,82.4069,51,4128.99,1.75488,-0.904247,0.839557
80,E2,82.4069,53,4223.2,2.01878,-0.87887,0.896206
80,E2,82.4069,54,4734.61,2.32879,-1.18709,0.894823
80,E2,82.4069,59,4830.17,2.30956,-1.56303,0.935245
80,E2,82.4069,60,5699.57,3.05038,-0.55029,0.872315
80,B3,246.942,1,246.286,0.284968,4.52541,0.672755
80,B3,246.942,4,989.182,0.330201,2.66471,0.799084
80,B3,246.942,5,1238.16,0.36335,2.95588,0.810917
80,B3,246.942,6,1489.83,0.41187,2.35937,0.92746
80,B3,246.942,7,1741.5,0.578263,2.54223,0.948031
80,B3,246.942,12,3029.45,1.19929,1.04116,0.932389
80,B3,246.942,14,3293.23,1.13095,-0.682307,0.912059
80,B3,246.942,15,3832.91,1.50116,-0.819576,0.924652
80,B3,246.942,16,4667.32,2.03978,-0.426447,0.894392
80,B3,246.942,21,5244.68,3.88187,-0.257661,0.89935
80,B3,246.942,23,6447.85,6.31249,-0.763378,0.884815
80,C6,1046.5,1,1048.4,1.05798,3.76743,0.863377
80,C6,1046.5,2,2106.22,1.81653,2.6846,0.991398
80,C6,1046.5,3,3188.26,3.0096,0.689517,0.964007
80,C6,1046.5,4,4289.15,5.01916,0.309443,0.956981
80,C6,1046.5,5,5442.52,8.97148,-1.18329,0.906466
80,C6,1046.5,6,6634.92,12.1157,-1.48333,0.965269
80,C6,1046.5,8,7855.58,5.28884,-7.65148,0.725257
80,As2,116.541,1,117.087,0.18641,3.67912,0.818015
80,As2,116.541,3,349.915,0.242113,3.26502,0.840438
80,As2,116.541,4,465.656,0.253114,3.30111,0.745803
80,As2,116.541,5,582.742,0.199683,2.37741,0.67412
80,As2,116.541,6,699.829,0.175721,2.18253,0.673718
80,As2,116.541,7,816.916,0.228002,2.88554,0.81859
80,As2,116.541,8,934.003,0.218341,1.8506,0.769036
80,As2,116.541,9,1052.44,0.271373,1.97261,0.865074
80,As2,116.541,10,1169.52,0.369643,2.74054,0.907066
80,As2,116.541,11,1289.3,0.317907,1.96952,0.791708
80,As2,116.541,24,2995.81,0.71316,-0.569952,0.939106
80,As2,116.541,25,2744.14,0.713299,0.214047,0.949848
80,As2,116.541,28,3508.57,1.29012,-0.117418,0.93657
80,As2,116.541,32,3771,1.02983,-0.801226,0.920748
80,As2,116.541,34,4719.81,1.6185,-1.70094,0.836635
80,As2,116.541,41,5001.09,2.87627,-1.07161,0.905887
80,As2,116.541,43,5874.53,3.64621,-1.37008,0.920066
80,As2,116.541,48,6175.99,1.58708,-6.09527,0.706743
80,As2,116.541,50,7112.69,1.50282,-7.41259,0.635885
80,E5,659.255,1,659.454,0.373654,3.26358,0.504155
80,E5,659.255,2,1322.95,0.669359,3.22352,0.771595
80,E5,659.255,3,1991.82,0.810466,2.34432,0.807071
80,E5,659.255,4,2668.77,1.1852,1.53575,0.968377
80,E5,659.255,5,3357.83,2.68597,0.0926766,0.915214
80,E5,659.255,6,4064.39,3.23881,0.350521,0.927878
80,E5,659.255,8,4783.06,4.67661,-2.75928,0.94999
80,E5,659.255,9,5534.03,7.55853,-1.63268,0.955387
80,E5,659.255,10,6299.81,7.98457,-3.21038,0.896382
80,E5,659.255,11,7077.69,1.68652,-10.0272,0.558159
80,As5,932.328,1,934.003,0.815516,3.74608,0.896806
80,As5,932.328,2,1874.73,1.44758,2.57942,0.99079
80,As5,932.328,3,2830.27,2.64785,1.0094,0.986559
80,As5,932.328,4,3811.38,3.61863,-0.43796,0.912278
80,As5,932.328,5,4808.63,5.16833,-0.934219,0.965403
80,As5,932.328,6,4928.41,7.21078,-2.64138,0.915655
80,As5,932.328,7,5861.07,7.71546,-1.58036,0.964979
80,As5,932.328,8,6944.46,8.12622,-3.86956,0.907067
80,As5,932.328,9,8074.95,4.96743,-7.32654,0.675483
80,C1,32.7032,1,32.2998,0.218768,1.86001,0.936407
80,C1,32.7032,2,64.5996,0.200386,2.82563,0.897419
80,C1,32.7032,3,96.8994,0.140156,4.74377,0.674715
80,C1,32.7032,4,130.545,0.18134,4.89832,0.865947
80,C1,32.7032,5,162.845,0.152701,2.61548,0.799267
80,C1,32.7032,6,195.145,0.147516,4.76887,0.694385
80,C1,32.7032,7,227.444,0.17921,3.79067,0.857033
80,C1,32.7032,9,293.39,0.162107,3.66333,0.797829
80,C1,32.7032,10,325.69,0.153157,3.84247,0.799834
80,C1,32.7032,11,359.335,0.14417,3.73369,0.688867
80,C1,32.7032,13,425.281,0.139341,2.83374,0.617927
80,C1,32.7032,15,492.572,0.168961,0.682932,0.741207
80,C1,32.7032,16,526.218,0.165006,1.69534,0.785646
80,C1,32.7032,17,559.863,0.176657,1.82892,0.715439
80,C1,32.7032,18,593.509,0.194636,2.38985,0.817797
80,C1,32.7032,19,627.155,0.163347,2.14306,0.70936
80,C1,32.7032,20,660.8,0.186667,2.19279,0.771644
80,C1,32.7032,21,695.792,0.195535,3.149,0.845052
80,C1,32.7032,22,729.437,0.206246,3.00264,0.861511
80,C1,32.7032,23,764.429,0.210235,2.24558,0.83939
80,C1,32.7032,24,799.42,0.213003,-0.134203,0.886811
80,C1,32.7032,25,834.412,0.234407,1.52172,0.813188
80,C1,32.7032,26,869.403,0.255843,1.29118,0.933347
80,C1,32.7032,27,904.395,0.255111,1.00986,0.946732
80,C1,32.7032,28,940.732,0.28766,2.24664,0.945648
80,C1,32.7032,29,977.069,0.293477,2.10817,0.962342
80,C1,32.7032,30,1013.41,0.306502,2.12261,0.948023
80,C1,32.7032,31,1049.74,0.349973,1.55974,0.994416
80,C1,32.7032,32,1086.08,0.353353,0.979535,0.991431
80,C1,32.7032,33,1123.76,0.366738,-1.76264,0.913106
80,C1,32.7032,39,1356.59,0.633373,-1.87672,0.977917
80,C1,32.7032,41,1460.22,0.903445,0.0410832,0.999907
80,C1,32.7032,42,1495.21,0.942719,-1.09273,0.998416
80,C1,32.7032,43,1528.86,1.00447,-1.18024,0.989597
80,C1,32.7032,46,1667.48,0.648011,0.0182108,0.972332
80,C1,32.7032,47,1710.54,0.776863,-0.207348,0.954434
80,C1,32.7032,48,1753.61,0.743287,-0.72196,0.958704
80,C1,32.7032,49,1795.33,0.891758,0.224749,0.999679
80,C1,32.7032,50,1838.4,0.839449,-0.273413,0.950476
80,C1,32.7032,51,1880.12,0.84898,0.637083,0.993591
80,C1,32.7032,52,1924.53,0.873619,1.95268,0.996468
80,C1,32.7032,53,1967.6,0.911391,1.30822,0.988261
80,C1,32.7032,54,2012.01,0.97248,0.113982,0.990199
80,C1,32.7032,55,2056.42,0.976753,-0.430749,0.998728
80,C1,32.7032,57,2146.59,1.02009,-1.15636,0.987389
80,C1,32.7032,58,2192.35,1.09773,-1.12363,0.996906
80,C1,32.7032,59,2238.11,1.05634,-0.79647,0.945988
80,C1,32.7032,60,2285.21,0.985862,-0.236098,0.955963
80,C1,32.7032,61,2332.31,1.20402,-0.853141,0.955064
80,C1,32.7032,62,2380.76,1.16335,-1.45092,0.99289
80,C1,32.7032,64,2476.32,1.06162,-0.340031,0.988539
80,C1,32.7032,71,2855.84,1.70793,0.180254,0.997153
80,C1,32.7032,74,2773.75,1.54578,0.388569,0.968958
80,C1,32.7032,81,3143.85,2.2559,-0.487152,0.931803
80,C1,32.7032,86,3594.7,3.28799,-1.20251,0.88027
80,C1,32.7032,87,4285.11,4.04901,-1.06128,0.937753
80,B4,493.883,1,493.918,0.335088,3.15503,0.591739
80,B4,493.883,2,989.182,0.418752,2.65923,0.687057
80,B4,493.883,3,1487.14,0.467296,1.84956,0.791181
80,B4,493.883,4,1990.48,0.593979,2.23566,0.930216
80,B4,493.883,5,2499.2,0.895311,1.63104,0.950272
80,B4,493.883,6,3014.65,1.53713,1.27938,0.975267
80,B4,493.883,8,3538.17,2.13693,0.594088,0.954918
80,B4,493.883,9,4075.16,2.69224,-0.481456,0.933294
80,B4,493.883,10,4617.53,5.23472,-1.77255,0.9027
80,B4,493.883,11,5178.74,6.30922,-1.31359,0.949297
80,B4,493.883,12,6940.42,1.90309,-9.26721,0.555662
80,Ds7,2489.02,1,2504.58,4.18355,2.37388,0.99912
80,Ds7,2489.02,2,5106.06,13.1435,-0.769694,0.990056
80,Ds7,2489.02,3,7843.47,19.7012,-6.11789,0.992835
80,Gs1,51.9131,1,52.4872,0.205378,1.64439,0.755783
80,Gs1,51.9131,2,103.629,0.271882,4.90205,0.932555
80,Gs1,51.9131,3,154.77,0.26222,4.29707,0.791009
80,Gs1,51.9131,4,207.257,0.238738,4.72479,0.809423
80,Gs1,51.9131,8,414.514,0.134673,1.41703,0.72891
80,Gs1,51.9131,9,467.001,0.164221,2.39276,0.633327
80,Gs1,51.9131,10,519.489,0.190317,3.78909,0.752935
80,Gs1,51.9131,11,570.63,0.171084,2.77005,0.719437
80,Gs1,51.9131,13,675.604,0.286165,2.90377,0.834297
80,Gs1,51.9131,14,728.091,0.22784,2.09064,0.731184
80,Gs1,51.9131,15,780.579,0.241231,2.04337,0.816083
80,Gs1,51.9131,16,834.412,0.232939,0.981827,0.81548
80,Gs1,51.9131,17,886.899,0.197505,1.53969,0.714874
80,Gs1,51.9131,18,939.386,0.236637,1.80846,0.843478
80,Gs1,51.9131,19,991.873,0.314293,2.47258,0.860713
80,Gs1,51.9131,20,1047.05,0.234803,0.88503,0.840619
80,Gs1,51.9131,21,1102.23,0.284525,2.08058,0.818796
80,Gs1,51.9131,26,1403.7,0.674258,-2.40952,0.899109
80,Gs1,51.9131,28,1508.67,0.756027,-2.53895,0.897499
80,Gs1,51.9131,32,1754.96,0.47932,-0.562825,0.967104
80,Gs1,51.9131,33,1810.13,0.434128,-0.407352,0.92816
80,Gs1,51.9131,34,1868.01,0.433215,0.00369465,0.937842
80,Gs1,51.9131,35,1925.88,0.471856,1.07142,0.960857
80,Gs1,51.9131,36,1981.05,0.506809,0.749071,0.975166
80,Gs1,51.9131,37,2037.58,0.484942,0.802032,0.995972
80,Gs1,51.9131,38,2098.14,0.549025,-0.552029,0.967949
80,Gs1,51.9131,43,2444.02,0.650149,-0.218648,0.966921
80,Gs1,51.9131,44,2505.93,0.715495,0.687657,0.981853
80,Gs1,51.9131,45,2565.14,0.747708,-0.410356,0.980062
80,Gs1,51.9131,46,2629.74,0.745144,-0.458704,0.933705
80,Gs1,51.9131,53,2932.55,0.943498,-0.949869,0.968204
80,Gs1,51.9131,58,2994.46,1.01337,-0.94987,0.983127
80,Gs1,51.9131,59,3602.77,1.30564,-1.19487,0.924679
80,Gs1,51.9131,68,3715.82,1.99142,-1.24897,0.897385
80,Gs1,51.9131,70,4186.86,2.77742,-1.11869,0.927526
80,Gs1,51.9131,76,4256.85,2.4965,-1.41262,0.940041
80,Gs1,51.9131,77,4632.33,3.20381,-1.33964,0.855146
80,Gs1,51.9131,82,4707.7,2.10646,-3.77534,0.859884
80,Gs1,51.9131,83,4855.74,2.18207,-4.38498,0.815161
80,Gs1,51.9131,85,5372.53,1.89072,-5.43385,0.746504
80,Gs1,51.9131,91,5530,1.77495,-5.88421,0.706971
80,Gs1,51.9131,93,5715.72,1.36614,-7.20432,0.650502
80,Fs2,92.4986,1,92.8619,0.371669,4.76536,0.962001
80,Fs2,92.4986,2,184.378,0.211389,2.96555,0.717319
80,Fs2,92.4986,4,370.102,0.279087,3.23456,0.759739
80,Fs2,92.4986,6,554.48,0.200281,3.49948,0.651749
80,Fs2,92.4986,7,647.342,0.192565,3.22408,0.675684
80,Fs2,92.4986,9,834.412,0.26299,2.88219,0.827414
80,Fs2,92.4986,10,927.274,0.212979,1.75366,0.700473
80,Fs2,92.4986,11,1021.48,0.320104,1.54329,0.907128
80,Fs2,92.4986,12,1114.34,0.271251,1.71368,0.842633
80,Fs2,92.4986,13,1208.55,0.22426,1.53215,0.738995
80,Fs2,92.4986,14,1302.76,0.277209,2.52942,0.802622
80,Fs2,92.4986,15,1396.97,0.386022,2.27629,0.880958
80,Fs2,92.4986,16,1492.52,0.344001,0.749809,0.858155
80,Fs2,92.4986,17,1586.73,0.442688,0.81415,0.914333
80,Fs2,92.4986,18,1682.28,0.463249,2.08148,0.897213
80,Fs2,92.4986,19,1777.84,0.399088,0.779025,0.930187
80,Fs2,92.4986,20,1874.73,0.443076,0.820154,0.970411
80,Fs2,92.4986,21,1972.98,0.506474,0.919469,0.893158
80,Fs2,92.4986,22,2071.23,0.521364,0.418651,0.926064
80,Fs2,92.4986,31,2760.29,0.661515,0.487002,0.93697
80,Fs2,92.4986,34,2946.01,0.671626,-0.494048,0.970231
80,Fs2,92.4986,36,3065.79,0.761103,-1.66319,0.915323
80,Fs2,92.4986,37,3271.7,0.915242,-1.15372,0.909309
80,Fs2,92.4986,39,3906.93,1.64153,-0.764982,0.877379
80,Fs2,92.4986,46,4570.42,1.615,-1.03943,0.913031
80,Fs2,92.4986,52,4680.78,1.8916,-1.68242,0.849036
80,Fs2,92.4986,53,5380.61,1.9624,-3.36034,0.87148
80,Fs2,92.4986,59,5497.7,1.84203,-4.66949,0.805729
80,Fs2,92.4986,60,6616.08,1.09964,-7.6516,0.607985
80,F1,43.6535,1,43.0664,0.302395,1.88274,0.89902
80,F1,43.6535,2,87.4786,0.248854,5.18381,0.949101
80,F1,43.6535,3,130.545,0.197059,4.95608,0.883743
80,F1,43.6535,4,173.611,0.290316,3.99459,0.899039
80,F1,43.6535,5,218.024,0.181084,4.28408,0.651988
80,F1,43.6535,6,261.09,0.278781,4.20564,0.96994
80,F1,43.6535,7,305.502,0.183344,2.9194,0.643674
80,F1,43.6535,9,392.981,0.153544,3.58533,0.68623
80,F1,43.6535,11,480.46,0.254433,2.03103,0.847371
80,F1,43.6535,13,567.938,0.247215,2.45709,0.84257
80,F1,43.6535,14,612.35,0.278991,2.39265,0.864245
80,F1,43.6535,15,656.763,0.314116,3.10062,0.828846
80,F1,43.6535,16,701.175,0.25621,0.885816,0.825719
80,F1,43.6535,17,745.587,0.237715,1.87638,0.815965
80,F1,43.6535,18,791.345,0.177149,2.54424,0.76449
80,F1,43.6535,19,835.757,0.197738,2.7756,0.761893
80,F1,43.6535,20,880.17,0.218386,1.48341,0.805489
80,F1,43.6535,21,925.928,0.350414,1.89398,0.829207
80,F1,43.6535,22,971.686,0.386231,2.65744,0.817474
80,F1,43.6535,23,1018.79,0.323873,2.02982,0.945282
80,F1,43.6535,24,1065.89,0.312257,1.4929,0.882419
80,F1,43.6535,25,1135.88,0.815067,-1.82392,0.914728
80,F1,43.6535,26,1180.29,1.1169,-2.91472,0.891797
80,F1,43.6535,27,1224.7,0.846159,-1.86541,0.842988
80,F1,43.6535,28,1257,0.488644,-3.19813,0.835815
80,F1,43.6535,29,1313.53,1.02645,-2.24565,0.956063
80,F1,43.6535,34,1580,0.612903,1.20615,0.970819
80,F1,43.6535,35,1628.45,0.580808,1.72882,0.927937
80,F1,43.6535,36,1678.24,0.54846,1.553,0.951403
80,F1,43.6535,37,1726.69,0.579892,0.322558,0.961271
80,F1,43.6535,38,1776.49,0.515165,-0.135751,0.973621
80,F1,43.6535,39,1826.28,0.594501,-0.254929,0.909961
80,F1,43.6535,40,1881.46,0.602775,-1.62953,0.928299
80,F1,43.6535,41,1927.22,0.611532,0.624406,0.964636
80,F1,43.6535,42,1977.02,0.648725,1.26308,0.974764
80,F1,43.6535,49,2395.57,0.934179,0.806596,0.97852
80,F1,43.6535,50,2448.06,0.775589,0.509674,0.967996
80,F1,43.6535,51,2503.23,0.906783,-0.577015,0.972784
80,F1,43.6535,52,2558.41,0.90848,-0.392502,0.955333
80,F1,43.6535,53,2613.59,1.01618,-0.546064,0.912935
80,F1,43.6535,54,2667.43,1.02843,-0.687317,0.976929
80,F1,43.6535,61,3135.77,1.39966,-0.0144502,0.98036
80,F1,43.6535,70,3491.07,1.7199,-0.854311,0.885284
80,F1,43.6535,76,3614.89,1.4401,-1.59533,0.931929
80,F1,43.6535,78,3675.45,2.17899,-0.723963,0.928273
80,F1,43.6535,79,4388.74,2.21324,-1.49435,0.941806
80,F1,43.6535,89,4972.82,3.26207,-3.32077,0.843563
80,G4,391.995,1,391.635,0.497433,3.90922,0.747158
80,G4,391.995,2,784.616,0.340889,1.8391,0.71967
80,G4,391.995,3,1178.94,0.427848,0.988942,0.792802
80,G4,391.995,4,1575.96,0.437955,1.98254,0.874089
80,G4,391.995,5,1975.67,0.536595,1.54569,0.871035
80,G4,391.995,6,2380.76,0.636853,0.866973,0.938045
80,G4,391.995,7,2788.55,0.772095,-0.660916,0.939538
80,G4,391.995,9,3201.72,1.21016,-0.154803,0.934338
80,G4,391.995,10,3622.96,1.61893,-1.44471,0.887206
80,G4,391.995,11,4482.94,1.44026,-4.02028,0.776676
80,G4,391.995,13,4925.72,3.376,-1.89145,0.845108
80,G4,391.995,15,5838.19,6.18736,-1.61771,0.942607
80,A0,27.5,1,26.9165,0.218913,1.14999,0.931365
80,A0,27.5,2,55.1788,0.239773,2.92564,0.937541
80,A0,27.5,3,82.0953,0.22138,5.75488,0.931444
80,A0,27.5,4,109.012,0.142783,4.41207,0.671262
80,A0,27.5,5,135.928,0.161898,4.07757,0.788429
80,A0,27.5,6,164.191,0.208657,3.36708,0.855369
80,A0,27.5,13,357.99,0.182063,4.51094,0.869805
80,A0,27.5,14,386.252,0.209178,4.35912,0.90824
80,A0,27.5,15,415.86,0.315843,3.00566,0.825259
80,A0,27.5,16,442.776,0.198186,0.838575,0.797989
80,A0,27.5,17,472.385,0.178775,2.02883,0.760251
80,A0,27.5,18,501.993,0.195333,2.92915,0.779537
80,A0,27.5,19,530.255,0.182361,3.593,0.820556
80,A0,27.5,20,559.863,0.201846,2.64099,0.801412
80,A0,27.5,21,589.471,0.133543,3.48267,0.647245
80,A0,27.5,22,619.08,0.220438,2.94909,0.930767
80,A0,27.5,23,648.688,0.232991,2.84824,0.941689
80,A0,27.5,24,679.642,0.275149,0.892203,0.973139
80,A0,27.5,25,710.596,0.254385,1.24522,0.941412
80,A0,27.5,26,741.55,0.247796,2.57495,0.950079
80,A0,27.5,27,771.158,0.282637,2.32556,0.974633
80,A0,27.5,28,803.458,0.285004,3.27984,0.955949
80,A0,27.5,29,834.412,0.367173,3.53414,0.989959
80,A0,27.5,30,866.711,0.346555,3.37865,0.988122
80,A0,27.5,31,899.011,0.350365,0.919567,0.968586
80,A0,27.5,32,931.311,0.379523,0.375593,0.934897
80,A0,27.5,33,964.957,0.51748,-1.40129,0.971476
80,A0,27.5,34,997.256,0.518536,0.717041,0.994763
80,A0,27.5,35,1030.9,0.455805,2.96862,0.997657
80,A0,27.5,36,1064.55,0.474428,3.28263,0.995343
80,A0,27.5,37,1096.85,0.506184,2.64907,0.998529
80,A0,27.5,39,1149.33,1.04236,-0.211767,0.998975
80,A0,27.5,40,1178.94,1.03669,0.383424,0.999911
80,A0,27.5,41,1205.86,0.621293,0.630857,0.979985
80,A0,27.5,42,1240.85,0.690011,1.19286,0.987149
80,A0,27.5,43,1275.84,0.778585,2.69148,0.989854
80,A0,27.5,44,1312.18,0.776423,2.5071,0.986965
80,A0,27.5,45,1349.86,0.936789,2.84049,0.990584
80,A0,27.5,46,1386.2,0.93956,1.39804,0.994727
80,A0,27.5,47,1423.88,1.03629,2.13549,0.999585
80,A0,27.5,48,1462.91,1.05146,1.80065,0.986032
80,A0,27.5,49,1500.6,1.21386,1.62059,0.993522
80,A0,27.5,50,1539.62,1.22359,0.0414803,0.975316
80,A0,27.5,51,1580,1.28715,0.264174,0.9629
80,A0,27.5,52,1620.37,1.26279,1.5151,0.963638
80,A0,27.5,53,1659.4,1.43038,0.119651,0.992912
80,A0,27.5,54,1699.78,1.37303,2.39162,0.992633
80,A0,27.5,55,1733.42,1.45999,-0.564557,0.999732
80,A0,27.5,56,1776.49,1.66986,1.90523,0.999866
80,A0,27.5,61,1955.48,2.51769,0.0978047,0.987627
80,A0,27.5,62,1998.55,2.41595,0.339964,0.999748
80,A0,27.5,64,2088.72,2.5273,0.570587,0.999945
80,A0,27.5,65,2135.82,2.46739,-0.330079,0.996563
80,A0,27.5,67,2227.34,2.39872,-0.64043,0.98066
80,A0,27.5,74,2519.38,3.22392,0.29562,0.995471
80,A0,27.5,75,2567.83,3.37791,-1.2229,0.982132
80,A0,27.5,76,2618.98,3.11391,-1.40248,0.975166
80,A0,27.5,77,2666.08,3.12317,-1.6788,0.936175
80,A0,27.5,84,2987.73,4.92775,0.0565481,0.997979
80,A0,27.5,94,3102.13,4.76761,0.130009,0.996456
80,A0,27.5,96,3155.96,4.46291,-0.496676,0.997523
80,Fs5,739.989,1,740.204,0.549444,3.63018,0.560379
80,Fs5,739.989,2,1484.45,0.710539,1.91397,0.773802
80,Fs5,739.989,3,2238.11,0.979422,1.08362,0.893655
80,Fs5,739.989,4,2998.5,1.65249,-0.350526,0.963039
80,Fs5,739.989,5,3787.15,2.79919,-0.729758,0.970364
80,Fs5,739.989,6,4587.92,4.45795,-0.372089,0.944907
80,Fs5,739.989,8,5412.91,5.63454,-0.983808,0.922889
80,Fs5,739.989,9,7147.68,4.50897,-6.57212,0.672039
80,Fs5,739.989,11,8062.84,3.21666,-8.58052,0.562088
80,Cs7,2217.46,1,2234.07,2.4678,2.71008,0.997696
80,Cs7,2217.46,2,4539.47,4.44604,-1.33062,0.991686
80,Cs7,2217.46,3,5928.36,15.9309,-2.04563,0.966086
80,Gs6,1661.22,1,1670.17,1.75148,3.59663,0.942421
80,Gs6,1661.22,2,3368.6,4.14122,0.697688,0.971725
80,Gs6,1661.22,3,5138.36,7.45376,-1.66788,0.991815
80,Gs6,1661.22,4,6996.95,17.4024,-3.40414,0.977351
80,G3,195.998,1,196.49,0.293921,4.46214,0.938507
80,G3,195.998,2,391.635,0.243257,3.65965,0.823
80,G3,195.998,4,784.616,0.277952,2.88011,0.713249
80,G3,195.998,5,982.452,0.363275,2.03711,0.910167
80,G3,195.998,6,1180.29,0.37796,3.093,0.870455
80,G3,195.998,7,1378.12,0.337205,2.13002,0.830197
80,G3,195.998,8,1577.31,0.380751,0.646471,0.881714
80,G3,195.998,9,1779.18,0.439345,1.99371,0.930151
80,G3,195.998,10,1982.4,0.504927,2.22273,0.968989
80,G3,195.998,11,2184.27,0.577819,0.155189,0.896152
80,G3,195.998,12,2388.84,0.641358,0.0836573,0.957198
80,G3,195.998,13,2594.75,0.897345,0.058274,0.951016
80,G3,195.998,14,2803.35,0.898776,0.00982576,0.948067
80,G3,195.998,15,3011.96,1.00253,1.00776,0.969027
80,G3,195.998,18,3873.28,1.57526,-0.776693,0.842381
80,G3,195.998,22,5002.43,2.10182,-0.640916,0.934194
80,G3,195.998,28,5477.51,3.58157,-1.44589,0.926461
80,G3,195.998,30,5715.72,4.15093,-1.32286,0.881586
80,G3,195.998,31,6459.96,3.96133,-3.40565,0.877382
80,G3,195.998,35,6714.32,3.94047,-4.05765,0.853122
80,F6,1396.91,1,1401,1.55587,2.77482,0.941836
80,F6,1396.91,2,2820.85,2.59954,0.553662,0.992467
80,F6,1396.91,3,4289.15,3.99821,-0.127492,0.963049
80,F6,1396.91,4,4902.84,4.96893,-4.94092,0.799876
80,F6,1396.91,5,7388.58,1.71458,-10.8932,0.537983
80,A7,3520,1,3500.49,4.46925,-2.60738,0.999813
80,A7,3520,2,7256.69,27.6385,-4.25113,0.992935
80,A7,3520,3,11159.6,33.2581,-8.04282,0.955835
80,F7,2793.83,1,2806.05,3.35105,-1.72496,0.991252
80,F7,2793.83,2,5741.29,6.2797,-1.9617,0.999248
80,F7,2793.83,3,8827.27,28.6961,-4.825,0.962293
80,G2,97.9989,1,98.2452,0.291785,4.69754,0.941649
80,G2,97.9989,4,391.635,0.234464,3.84188,0.726733
80,G2,97.9989,5,489.88,0.280724,2.66554,0.851758
80,G2,97.9989,6,588.126,0.172763,1.7328,0.628585
80,G2,97.9989,7,686.371,0.239924,3.88498,0.855016
80,G2,97.9989,8,784.616,0.144712,1.22527,0.627957
80,G2,97.9989,9,884.207,0.228282,2.41213,0.744401
80,G2,97.9989,10,982.452,0.263144,1.83671,0.714381
80,G2,97.9989,11,1082.04,0.240034,1.3432,0.726058
80,G2,97.9989,12,1181.63,0.282331,2.29498,0.784784
80,G2,97.9989,13,1281.23,0.280372,2.39086,0.843761
80,G2,97.9989,14,1380.82,0.33714,1.04992,0.879476
80,G2,97.9989,15,1481.75,0.394402,1.04345,0.888764
80,G2,97.9989,16,1582.69,0.413772,0.305986,0.946314
80,G2,97.9989,17,1683.63,0.393854,1.93856,0.951745
80,G2,97.9989,18,1784.56,0.46929,2.11857,0.877617
80,G2,97.9989,19,1886.85,0.438343,0.984698,0.935954
80,G2,97.9989,20,1989.13,0.397094,-0.286401,0.913653
80,G2,97.9989,21,2091.41,0.526893,1.49902,0.965543
80,G2,97.9989,22,2195.04,0.515875,0.272196,0.844245
80,G2,97.9989,24,2404.99,0.53965,-0.570013,0.917607
80,G2,97.9989,30,2932.55,0.657496,-0.153864,0.893207
80,G2,97.9989,34,3040.22,0.771588,0.0515076,0.977815
80,G2,97.9989,35,3147.89,0.906674,-0.0375883,0.953065
80,G2,97.9989,36,3814.07,1.39403,-0.704807,0.819873
80,G2,97.9989,43,4626.95,1.95198,-1.22528,0.944757
80,G2,97.9989,50,4867.85,1.92987,-1.59166,0.882996
80,G2,97.9989,52,5111.44,3.02319,-1.58874,0.918278
80,G2,97.9989,55,5870.49,2.62664,-3.38476,0.870535
80,A6,1760,1,1767.07,1.70845,3.36976,0.981635
80,A6,1760,2,3574.51,4.38584,0.504771,0.973514
80,A6,1760,3,4582.53,11.1482,-1.21017,0.981528
80,A6,1760,4,7454.53,6.2792,-8.19222,0.729494
80,Gs7,3322.44,2,6856.98,24.3689,-3.24361,0.991088
80,Gs7,3322.44,3,10554,32.2285,-7.89819,0.960529
80,Cs6,1108.73,1,1110.31,1.24138,3.67428,0.899232
80,Cs6,1108.73,2,2232.72,1.62296,1.05365,0.931497
80,Cs6,1108.73,3,3376.68,3.60259,-0.463919,0.95724
80,Cs6,1108.73,4,4556.96,4.99208,-0.423091,0.978224
80,Cs6,1108.73,5,5785.7,7.89065,-1.23488,0.935007
80,Cs6,1108.73,6,7062.89,13.0429,-1.87326,0.977316
80,Cs6,1108.73,8,8385.84,3.82363,-9.15524,0.670253
80,Fs4,369.994,1,370.102,0.416159,4.35911,0.78784
80,Fs4,369.994,2,740.204,0.371092,2.78965,0.801913
80,Fs4,369.994,3,1111.65,0.345645,1.27216,0.623901
80,Fs4,369.994,4,1487.14,0.404561,1.72927,0.839796
80,Fs4,369.994,5,1862.62,0.479283,0.324337,0.920673
80,Fs4,369.994,6,2242.14,0.526131,0.776481,0.953906
80,Fs4,369.994,7,2627.05,0.690071,0.118792,0.968013
80,Fs4,369.994,9,3015.99,1.08423,-0.253472,0.960132
80,Fs4,369.994,10,3811.38,2.29505,-0.406509,0.817546
80,Fs4,369.994,11,4630.98,3.0114,-1.3938,0.897611
80,Fs4,369.994,14,5485.58,5.05083,-1.18896,0.937017
80,G5,783.991,1,784.616,0.487006,3.17439,0.513264
80,G5,783.991,2,1573.27,0.997949,1.32431,0.907779
80,G5,783.991,3,2372.69,1.37709,1.90775,0.979849
80,G5,783.991,4,3184.22,2.25012,-0.416796,0.983354
80,G5,783.991,5,4019.98,3.49806,0.531831,0.942489
80,G5,783.991,6,4875.92,4.41319,-1.14742,0.914755
80,G5,783.991,8,5758.79,6.41212,-1.26517,0.919585
80,G5,783.991,9,6672.6,9.10636,-2.02227,0.943272
80,G5,783.991,10,7621.41,3.21704,-8.70743,0.621301
80,A1,55,1,55.1788,0.268126,3.79463,0.88376
80,A1,55,2,110.358,0.233911,4.54784,0.841085
80,A1,55,3,164.191,0.220276,3.32361,0.781703
80,A1,55,4,219.37,0.207539,4.40351,0.87065
80,A1,55,5,274.548,0.281398,4.33999,0.800421
80,A1,55,6,329.727,0.192183,3.88601,0.699535
80,A1,55,7,384.906,0.300278,4.22939,0.852654
80,A1,55,10,550.443,0.207822,3.63367,0.757259
80,A1,55,11,605.621,0.21527,3.80244,0.813062
80,A1,55,12,660.8,0.244277,2.11149,0.78881
80,A1,55,13,715.979,0.285626,3.11199,0.815663
80,A1,55,14,771.158,0.214223,1.99992,0.746004
80,A1,55,15,827.682,0.18922,2.94077,0.616883
80,A1,55,16,882.861,0.222385,0.105632,0.737197
80,A1,55,17,938.04,0.229482,1.87664,0.755124
80,A1,55,18,994.565,0.305735,1.80028,0.903662
80,A1,55,19,1051.09,0.185365,2.29583,0.608608
80,A1,55,20,1110.31,0.301805,0.718729,0.876028
80,A1,55,26,1487.14,0.859769,-1.53311,0.951484
80,A1,55,31,1796.68,0.47286,0.778751,0.969684
80,A1,55,32,1855.89,0.487025,0.055214,0.989927
80,A1,55,33,1915.11,0.515722,-0.642988,0.958048
80,A1,55,34,1977.02,0.425295,-0.461957,0.978215
80,A1,55,35,2033.54,0.47887,0.88996,0.985295
80,A1,55,36,2096.8,0.491368,0.478987,0.979512
80,A1,55,37,2157.36,0.484,0.892465,0.971472
80,A1,55,41,2441.33,0.622647,-1.14605,0.981353
80,A1,55,42,2519.38,0.73039,0.507634,0.999803
80,A1,55,43,2588.02,0.68369,-0.0474454,0.927386
80,A1,55,44,2649.93,0.774833,0.00852627,0.967704
80,A1,55,45,2707.8,0.729743,-1.34519,0.938186
80,A1,55,46,2777.78,0.825715,-1.13048,0.966758
80,A1,55,51,2874.68,0.906672,-1.24885,0.926465
80,A1,55,55,3593.35,1.28959,-0.998931,0.950466
80,A1,55,65,3986.33,2.21152,-0.54449,0.91016
80,A1,55,70,4312.02,2.99801,-0.786091,0.937838
80,A1,55,75,4472.18,2.59683,-0.797797,0.849752
80,A1,55,77,4873.23,2.24114,-2.21995,0.82471
80,A1,55,82,5028,2.69127,-2.47336,0.884468
80,A1,55,83,5075.11,2.01594,-4.43182,0.817155
80,A1,55,84,6468.04,5.54041,-1.63461,0.86562
80,Fs3,184.997,1,184.378,0.336251,4.26043,0.949561
80,Fs3,184.997,3,554.48,0.244026,2.94043,0.751283
80,Fs3,184.997,4,740.204,0.312651,3.62574,0.688217
80,Fs3,184.997,5,925.928,0.309725,2.4672,0.907387
80,Fs3,184.997,6,1113,0.26798,1.78947,0.752282
80,Fs3,184.997,7,1300.07,0.376083,2.06873,0.941107
80,Fs3,184.997,8,1488.48,0.439329,1.22024,0.908328
80,Fs3,184.997,9,1678.24,0.462073,1.91087,0.956606
80,Fs3,184.997,10,1866.66,0.539632,1.08505,0.961815
80,Fs3,184.997,11,2057.77,0.646299,0.689712,0.917277
80,Fs3,184.997,12,2250.22,0.623627,0.720364,0.960222
80,Fs3,184.997,13,2444.02,0.701836,1.19232,0.937491
80,Fs3,184.997,14,2639.16,0.774453,-0.133472,0.923085
80,Fs3,184.997,17,3033.49,0.955396,0.298989,0.972134
80,Fs3,184.997,19,3845.02,1.34434,-0.637926,0.929511
80,Fs3,184.997,24,4263.57,1.68626,-1.59423,0.858578
80,Fs3,184.997,26,4690.2,2.9279,-1.21083,0.827315
80,Fs3,184.997,28,6037.37,4.5319,-1.34402,0.914694
80,Fs3,184.997,34,6268.85,4.33286,-2.53139,0.868856
80,Cs1,34.6478,1,34.9915,0.159381,1.36332,0.775692
80,Cs1,34.6478,2,68.6371,0.18384,4.94505,0.877238
80,Cs1,34.6478,3,103.629,0.162935,6.02255,0.839742
80,Cs1,34.6478,4,137.274,0.149265,5.13831,0.806084
80,Cs1,34.6478,5,172.266,0.160778,4.04471,0.831051
80,Cs1,34.6478,7,240.903,0.152913,3.19345,0.689655
80,Cs1,34.6478,8,275.894,0.158617,-0.716709,0.791023
80,Cs1,34.6478,9,310.886,0.137421,3.50635,0.74388
80,Cs1,34.6478,11,380.869,0.150139,4.5352,0.679491
80,Cs1,34.6478,13,450.851,0.179655,3.82297,0.865623
80,Cs1,34.6478,15,520.834,0.212578,3.30954,0.923986
80,Cs1,34.6478,16,557.172,0.129129,1.35751,0.642153
80,Cs1,34.6478,17,592.163,0.185633,2.57136,0.851339
80,Cs1,34.6478,18,627.155,0.23213,1.17537,0.873037
80,Cs1,34.6478,19,663.492,0.215208,3.21817,0.863155
80,Cs1,34.6478,20,699.829,0.226614,1.90529,0.793425
80,Cs1,34.6478,21,734.821,0.172423,2.23791,0.827085
80,Cs1,34.6478,22,772.504,0.20384,3.65327,0.889934
80,Cs1,34.6478,23,808.841,0.216176,2.62937,0.931728
80,Cs1,34.6478,24,845.178,0.247715,1.10845,0.921026
80,Cs1,34.6478,25,881.516,0.237804,1.3782,0.920778
80,Cs1,34.6478,26,919.199,0.310576,1.63622,0.977988
80,Cs1,34.6478,27,956.882,0.318523,1.78286,0.958939
80,Cs1,34.6478,28,998.602,0.455207,-0.455918,0.947798
80,Cs1,34.6478,29,1033.59,0.320207,2.49181,0.966536
80,Cs1,34.6478,35,1297.38,0.466216,2.82726,0.993329
80,Cs1,34.6478,36,1337.75,0.455921,2.71407,0.988708
80,Cs1,34.6478,37,1379.47,0.482998,1.81366,0.999128
80,Cs1,34.6478,38,1421.19,0.502831,1.50714,0.991504
80,Cs1,34.6478,39,1461.57,0.512428,0.527864,0.991923
80,Cs1,34.6478,40,1497.9,0.681201,0.699556,0.77919
80,Cs1,34.6478,41,1543.66,0.565783,0.795365,0.97912
80,Cs1,34.6478,42,1584.04,0.676816,0.697843,0.927171
80,Cs1,34.6478,43,1625.76,0.615392,0.764052,0.975948
80,Cs1,34.6478,44,1668.82,0.617584,-0.0480582,0.998634
80,Cs1,34.6478,45,1710.54,0.688992,1.26619,0.976098
80,Cs1,34.6478,46,1753.61,0.701452,-0.46218,0.984679
80,Cs1,34.6478,47,1796.68,0.742082,-0.326854,0.99672
80,Cs1,34.6478,48,1838.4,0.819231,0.567613,0.992466
80,Cs1,34.6478,49,1882.81,0.808959,0.23429,0.995209
80,Cs1,34.6478,50,1927.22,0.877971,0.681636,0.999785
80,Cs1,34.6478,51,1971.63,0.902289,0.235953,0.9967
80,Cs1,34.6478,59,2387.49,1.02985,-0.0834513,0.97661
80,Cs1,34.6478,60,2434.6,1.16305,0.0619944,0.999819
80,Cs1,34.6478,61,2483.05,1.10889,-0.819869,0.984141
80,Cs1,34.6478,63,2581.29,1.44326,-0.538863,0.99746
80,Cs1,34.6478,71,3044.26,1.91251,-0.343531,0.958892
80,Cs1,34.6478,81,3262.28,2.33438,-1.46623,0.936912
80,Cs1,34.6478,85,3496.45,4.17836,-2.27676,0.978192
80,Cs1,34.6478,89,3544.9,3.79226,-0.73124,0.933335
80,Cs1,34.6478,90,4495.06,3.04798,-2.21507,0.877705
80,A3,220,2,440.085,0.27722,4.21553,0.785615
80,A3,220,3,660.8,0.303795,2.49953,0.824292
80,A3,220,4,881.516,0.322882,1.16074,0.886621
80,A3,220,5,1103.58,0.289113,2.90752,0.778275
80,A3,220,6,1325.64,0.323352,1.72341,0.79546
80,A3,220,7,1550.39,0.455155,2.13344,0.951065
80,A3,220,14,3645.84,1.26603,-0.685185,0.877488
80,A3,220,18,4139.76,1.50854,-1.4483,0.951426
80,A3,220,21,4908.22,2.2906,-1.44424,0.872593
80,A3,220,24,5706.3,4.10537,-0.676803,0.893641
80,G7,3135.96,1,3153.27,3.87744,0.0750465,0.999992
80,G7,3135.96,2,6754.7,19.5427,-3.61833,0.978925
80,G7,3135.96,3,9944.3,25.8183,-7.41275,0.883912
80,F2,87.3071,1,87.4786,0.22749,4.61167,0.910278
80,F2,87.3071,2,174.957,0.215418,2.70094,0.749058
80,F2,87.3071,3,261.09,0.169389,2.42285,0.793279
80,F2,87.3071,5,436.047,0.187242,2.6507,0.636705
80,F2,87.3071,7,611.005,0.192361,3.27825,0.716288
80,F2,87.3071,9,787.308,0.211113,2.44836,0.784003
80,F2,87.3071,11,963.611,0.260369,1.8233,0.793201
80,F2,87.3071,12,1051.09,0.286086,2.01532,0.796516
80,F2,87.3071,13,1139.91,0.257381,3.34022,0.784993
80,F2,87.3071,14,1228.74,0.262505,2.76049,0.817543
80,F2,87.3071,15,1317.56,0.313206,2.57255,0.850266
80,F2,87.3071,16,1407.73,0.406887,0.666682,0.92142
80,F2,87.3071,17,1496.56,0.324165,0.624019,0.848997
80,F2,87.3071,18,1586.73,0.332164,1.9269,0.897628
80,F2,87.3071,19,1676.9,0.383158,2.33342,0.889207
80,F2,87.3071,20,1768.41,0.581618,-0.418478,0.912246
80,F2,87.3071,33,2600.13,0.670973,0.895429,0.921336
80,F2,87.3071,34,2812.77,0.688163,0.200345,0.909455
80,F2,87.3071,36,3472.23,0.914445,-0.0842151,0.935855
80,F2,87.3071,44,3571.82,0.99542,-1.00122,0.928155
80,F2,87.3071,45,4219.16,2.12518,-2.33726,0.788156
80,F2,87.3071,51,4290.49,1.65916,-0.720062,0.883736
80,F2,87.3071,52,4394.12,2.15198,-0.896354,0.925172
80,F2,87.3071,53,5044.15,2.96329,-0.84097,0.903537
80,F2,87.3071,59,6188.1,1.37031,-6.42725,0.676364
80,Cs3,138.591,2,277.24,0.318346,4.64095,0.824004
80,Cs3,138.591,3,415.86,0.199871,3.27265,0.647231
80,Cs3,138.591,4,554.48,0.259777,3.42111,0.692238
80,Cs3,138.591,5,693.1,0.232581,3.43531,0.732618
80,Cs3,138.591,6,833.066,0.299106,3.21293,0.773762
80,Cs3,138.591,7,971.686,0.384018,3.19521,0.918532
80,Cs3,138.591,8,1111.65,0.275974,1.12231,0.834687
80,Cs3,138.591,9,1252.96,0.317697,2.66888,0.809289
80,Cs3,138.591,10,1392.93,0.333659,1.36504,0.899833
80,Cs3,138.591,11,1535.59,0.361962,1.72209,0.880295
80,Cs3,138.591,21,2691.65,0.784022,1.25517,0.958272
80,Cs3,138.591,22,2839.69,0.828628,-0.00967238,0.936742
80,Cs3,138.591,23,2989.08,0.820108,0.0320127,0.977125
80,Cs3,138.591,24,3139.81,0.878396,-0.520944,0.964345
80,Cs3,138.591,25,3598.74,1.23605,-0.969105,0.900828
80,Cs3,138.591,28,4228.58,1.2231,-0.864592,0.931395
80,Cs3,138.591,33,4554.27,1.56731,-1.15158,0.869113
80,Cs3,138.591,35,5048.19,3.09032,-1.0919,0.925099
80,Cs3,138.591,38,5733.22,2.73092,-1.76076,0.835393
80,Cs3,138.591,41,6088.51,4.17101,-1.58879,0.904631
80,Cs3,138.591,43,6267.51,1.65191,-6.28689,0.687604
80,Gs2,103.826,2,207.257,0.159486,3.07845,0.608714
80,Gs2,103.826,5,519.489,0.198496,2.37787,0.610664
80,Gs2,103.826,6,623.117,0.257618,3.38529,0.843652
80,Gs2,103.826,7,728.091,0.255384,2.44016,0.844621
80,Gs2,103.826,8,831.72,0.236261,2.32621,0.770223
80,Gs2,103.826,9,936.694,0.264645,2.90632,0.707401
80,Gs2,103.826,10,1041.67,0.229936,2.9913,0.813153
80,Gs2,103.826,11,1146.64,0.21221,1.31467,0.824967
80,Gs2,103.826,12,1251.62,0.309584,2.34324,0.863971
80,Gs2,103.826,13,1357.94,0.314797,2.05711,0.930582
80,Gs2,103.826,14,1464.26,0.403321,2.0595,0.957357
80,Gs2,103.826,15,1570.58,0.352631,1.05515,0.878392
80,Gs2,103.826,16,1676.9,0.415863,-0.416892,0.788756
80,Gs2,103.826,17,1784.56,0.353223,1.28053,0.919894
80,Gs2,103.826,18,1892.23,0.420605,0.637016,0.943053
80,Gs2,103.826,19,2001.24,0.401558,0.0274825,0.913828
80,Gs2,103.826,20,2110.25,0.479368,-2.30319,0.869692
80,Gs2,103.826,21,2217.92,0.515623,-0.102382,0.90886
80,Gs2,103.826,22,2328.28,0.54013,-0.621236,0.960881
80,Gs2,103.826,23,2438.64,0.485569,0.565966,0.973489
80,Gs2,103.826,24,2550.34,0.628126,-0.485778,0.939757
80,Gs2,103.826,25,2662.04,0.565466,-1.59667,0.865662
80,Gs2,103.826,26,2776.44,0.731625,-0.429189,0.963901
80,Gs2,103.826,28,3114.24,0.763551,-0.328588,0.934611
80,Gs2,103.826,34,3345.72,0.841432,-0.451861,0.934846
80,Gs2,103.826,36,3461.46,1.07936,-0.873599,0.924386
80,Gs2,103.826,37,4550.23,2.10148,-1.28255,0.890751
80,Gs2,103.826,47,4803.25,2.23724,-0.978487,0.823599
80,Gs2,103.826,49,4846.32,2.30958,-4.24992,0.716121
80,Gs2,103.826,50,5058.96,2.84461,-1.02377,0.912204
80,Gs2,103.826,52,5318.7,3.14762,-1.66082,0.927098
80,Gs2,103.826,54,6266.16,2.31338,-4.1904,0.799624
80,Fs1,46.2493,1,45.7581,0.245569,2.20957,0.851785
80,Fs1,46.2493,2,91.5161,0.214931,4.34695,0.914021
80,Fs1,46.2493,3,138.62,0.216331,5.46472,0.91982
80,Fs1,46.2493,4,184.378,0.258073,4.95456,0.91978
80,Fs1,46.2493,5,230.136,0.227193,3.98029,0.894391
80,Fs1,46.2493,6,277.24,0.339009,4.23798,0.952169
80,Fs1,46.2493,9,415.86,0.200656,3.67148,0.871741
80,Fs1,46.2493,10,461.618,0.209696,3.21872,0.673063
80,Fs1,46.2493,11,508.722,0.181919,3.83522,0.804118
80,Fs1,46.2493,12,555.826,0.267856,2.8037,0.792322
80,Fs1,46.2493,13,601.584,0.250106,1.67132,0.77828
80,Fs1,46.2493,14,648.688,0.235614,3.55811,0.733052
80,Fs1,46.2493,16,742.896,0.178047,1.26464,0.612717
80,Fs1,46.2493,18,837.103,0.261052,2.8044,0.808402
80,Fs1,46.2493,19,885.553,0.260398,2.66312,0.780876
80,Fs1,46.2493,20,932.657,0.236849,0.618546,0.756168
80,Fs1,46.2493,21,981.107,0.378426,2.87227,0.893848
80,Fs1,46.2493,22,1029.56,0.194517,2.31419,0.717021
80,Fs1,46.2493,23,1079.35,0.303348,0.982216,0.844182
80,Fs1,46.2493,25,1204.51,0.777354,-2.70815,0.838944
80,Fs1,46.2493,26,1250.27,0.677956,-1.68345,0.879592
80,Fs1,46.2493,27,1297.38,0.687663,-1.36775,0.901308
80,Fs1,46.2493,33,1619.03,0.564402,0.338371,0.92846
80,Fs1,46.2493,34,1670.17,0.526135,0.816968,0.913532
80,Fs1,46.2493,35,1722.66,0.507511,1.65027,0.940713
80,Fs1,46.2493,36,1773.8,0.546179,1.84907,0.914622
80,Fs1,46.2493,37,1824.94,0.492008,-0.0661232,0.977298
80,Fs1,46.2493,38,1877.43,0.533519,-0.147236,0.954396
80,Fs1,46.2493,39,1929.91,0.527556,-0.314712,0.94489
80,Fs1,46.2493,41,2056.42,0.71727,-1.94337,0.955643
80,Fs1,46.2493,48,2469.59,0.736783,-1.03107,0.954162
80,Fs1,46.2493,50,2581.29,0.906874,-0.379737,0.974018
80,Fs1,46.2493,51,2639.16,0.970226,-0.216507,0.952841
80,Fs1,46.2493,52,2697.03,0.939023,-0.172477,0.961051
80,Fs1,46.2493,60,2753.56,1.08134,-0.348099,0.99471
80,Fs1,46.2493,61,3165.38,1.49105,-0.291481,0.906464
80,Fs1,46.2493,67,3228.63,1.222,-0.874389,0.917826
80,Fs1,46.2493,68,3287.85,1.29611,-0.891689,0.92956
80,Fs1,46.2493,69,3793.88,2.45526,-0.967337,0.900184
80,Fs1,46.2493,71,4602.72,3.23439,-0.3685,0.937741
80,Fs1,46.2493,89,5917.59,3.04416,-2.86619,0.854723
80,A4,440,1,440.085,0.425645,3.16791,0.77746
80,A4,440,2,881.516,0.537215,3.83774,0.838366
80,A4,440,3,1324.29,0.493108,2.75988,0.760683
80,A4,440,4,1771.11,0.546403,1.98344,0.901089
80,A4,440,5,2220.61,0.705437,1.35393,0.951954
80,A4,440,6,2676.85,0.867437,1.233,0.966838
80,A4,440,8,3139.81,1.46015,-0.040475,0.912209
80,A4,440,9,3609.5,1.78378,-0.7773,0.925394
80,A4,440,10,5072.42,3.80205,-1.38102,0.870797
80,A4,440,13,5581.14,6.74793,-1.60106,0.925895
80,A4,440,14,6640.3,5.14241,-4.8847,0.822167
80,A4,440,17,7186.71,4.54289,-6.25826,0.754306
80,F5,698.456,2,1401,0.738909,2.32405,0.774822
80,F5,698.456,3,2108.91,1.03334,1.8251,0.862861
80,F5,698.456,4,2830.27,1.79696,0.404361,0.980106
80,F5,698.456,5,3559.71,2.79581,-0.761849,0.927437
80,F5,698.456,6,4317.41,3.98516,-0.519301,0.960132
80,F5,698.456,8,5091.26,5.33295,-0.487125,0.897551
80,F5,698.456,9,5886.64,8.95794,-1.3166,0.962336
80,F5,698.456,10,6710.28,4.33902,-6.6243,0.694711
80,Fs6,1479.98,1,1484.45,1.5523,3.67678,0.965592
80,Fs6,1479.98,2,2986.39,2.29461,0.764571,0.988448
80,Fs6,1479.98,3,4544.85,3.29098,0.393223,0.929135
80,Fs6,1479.98,4,5262.18,8.26891,-3.82204,0.863033
80,Fs6,1479.98,5,7865,8.7327,-4.7375,0.858096
80,Gs5,830.609,1,831.72,0.586902,4.06764,0.719422
80,Gs5,830.609,2,1670.17,0.9871,2.36035,0.936166
80,Gs5,830.609,3,2515.35,1.83058,1.80997,0.975849
80,Gs5,830.609,4,3379.37,3.21592,0.643796,0.968561
80,Gs5,830.609,5,4263.57,3.49157,-0.742796,0.988632
80,Gs5,830.609,6,5177.39,5.38572,-0.488398,0.938817
80,Gs5,830.609,8,6127.54,7.76345,-1.41079,0.981474
80,Gs5,830.609,9,7096.54,11.1822,-1.85405,0.94262
80,Cs4,277.183,1,277.24,0.417033,4.75671,0.913927
80,Cs4,277.183,3,833.066,0.311907,2.28044,0.747437
80,Cs4,277.183,4,1111.65,0.514097,2.52139,0.813342
80,Cs4,277.183,5,1391.58,0.299173,2.25497,0.655204
80,Cs4,277.183,6,1674.21,0.500748,2.91938,0.89439
80,Cs4,277.183,7,1958.18,0.530581,2.26854,0.912233
80,Cs4,277.183,8,2243.49,0.520992,-0.0616303,0.786612
80,Cs4,277.183,11,3415.7,1.29537,0.206571,0.946552
80,Cs4,277.183,14,3718.52,1.25023,-1.36755,0.827779
80,Cs4,277.183,15,4024.02,2.08525,-0.899222,0.889467
80,Cs4,277.183,16,4332.21,1.84363,-1.87258,0.836008
80,Cs4,277.183,17,5618.82,3.77205,-1.53476,0.909252
80,Cs4,277.183,22,5953.93,5.44146,-0.812262,0.906489
80,Cs4,277.183,23,6298.46,5.65489,-0.96131,0.917093
80,Cs5,554.365,1,554.48,0.480731,3.69125,0.594842
80,Cs5,554.365,2,1110.31,0.53803,3.38927,0.672613
80,Cs5,554.365,3,1671.51,0.878349,2.48862,0.853836
80,Cs5,554.365,4,2238.11,0.960249,2.0675,0.908918
80,Cs5,554.365,5,2811.43,1.41691,0.31053,0.950959
80,Cs5,554.365,6,3395.52,2.20938,0.728499,0.968033
80,Cs5,554.365,8,3993.06,2.81096,-0.625899,0.952461
80,Cs5,554.365,9,4601.38,4.69384,-0.96023,0.889368
80,Cs5,554.365,10,5228.53,7.26343,-1.05578,0.938854
80,Cs5,554.365,11,5869.14,8.42554,-2.04955,0.916861
80,Cs5,554.365,12,6528.6,5.41037,-5.66704,0.902482
80,Cs5,554.365,13,7415.5,2.1593,-9.71357,0.524347
80,Gs4,415.305,1,415.86,0.363742,4.15323,0.88583
80,Gs4,415.305,2,831.72,0.347924,2.02835,0.632384
80,Gs4,415.305,4,1670.17,0.54813,2.07462,0.883656
80,Gs4,415.305,5,2095.45,0.614975,0.6762,0.908664
80,Gs4,415.305,6,2523.42,0.815122,0.507861,0.94808
80,Gs4,415.305,7,2958.12,1.00495,0.43771,0.952753
80,Gs4,415.305,9,3399.55,1.54956,-0.5982,0.911752
80,Gs4,415.305,10,3847.71,2.22854,-1.82266,0.927112
80,Gs4,415.305,11,5241.99,4.23463,-1.52533,0.862187
80,Gs4,415.305,15,6223.1,7.21071,-1.412,0.947025
80,Fs7,2959.96,1,2960.82,5.07892,-6.95055,0.866873
80,Fs7,2959.96,2,6283.66,9.93091,-3.88686,0.997512
80,Fs7,2959.96,3,9366.94,33.5523,-5.46031,0.948597
80,A5,880,1,881.516,0.717475,3.8417,0.837002
80,A5,880,2,1768.41,1.02761,1.7016,0.949349
80,A5,880,3,2670.12,1.74946,0.513344,0.96908
80,A5,880,4,3590.66,3.59041,0.741289,0.989439
80,A5,880,5,4534.08,4.70259,-0.500076,0.966069
80,A5,880,6,4783.06,6.66868,-1.87546,0.953186
80,A5,880,7,5504.42,7.27121,-1.79998,0.966439
80,A5,880,8,6505.72,7.27659,-3.60475,0.950832
80,A5,880,9,7572.96,4.78453,-7.10961,0.690479
80,G1,48.9994,1,48.4497,0.274893,3.07319,0.846068
80,G1,48.9994,2,98.2452,0.216633,4.50231,0.792419
80,G1,48.9994,3,146.695,0.230919,5.43542,0.869888
80,G1,48.9994,4,195.145,0.218585,4.12937,0.877601
80,G1,48.9994,5,244.94,0.202836,3.56701,0.817298
80,G1,48.9994,7,341.84,0.183575,3.17667,0.713304
80,G1,48.9994,8,391.635,0.227108,2.18827,0.929046
80,G1,48.9994,9,440.085,0.1111,3.08427,0.62791
80,G1,48.9994,10,489.88,0.280425,3.88881,0.791412
80,G1,48.9994,11,539.676,0.152508,1.65929,0.716397
80,G1,48.9994,12,588.126,0.205255,2.25463,0.622937
80,G1,48.9994,13,637.921,0.281134,3.41522,0.766477
80,G1,48.9994,14,687.717,0.198366,3.05947,0.876105
80,G1,48.9994,15,737.512,0.222731,2.29164,0.820835
80,G1,48.9994,17,837.103,0.227609,2.6878,0.757513
80,G1,48.9994,18,886.899,0.237807,2.61612,0.813448
80,G1,48.9994,19,936.694,0.315116,3.25096,0.905158
80,G1,48.9994,20,987.836,0.275312,1.34301,0.83675
80,G1,48.9994,21,1038.98,0.257738,3.02584,0.680435
80,G1,48.9994,22,1091.46,0.285505,2.9893,0.884551
80,G1,48.9994,23,1143.95,0.236769,1.2848,0.711585
80,G1,48.9994,25,1274.5,0.677734,-2.10552,0.844738
80,G1,48.9994,26,1325.64,0.660413,-1.48886,0.88799
80,G1,48.9994,27,1375.43,0.561286,-1.64902,0.918409
80,G1,48.9994,28,1425.23,0.568009,-1.98652,0.782913
80,G1,48.9994,29,1473.68,0.563699,-1.97054,0.888227
80,G1,48.9994,32,1658.06,0.459845,-0.698112,0.965613
80,G1,48.9994,33,1713.24,0.418173,0.561087,0.921549
80,G1,48.9994,34,1765.72,0.512871,1.08524,0.938448
80,G1,48.9994,35,1819.56,0.467301,1.62757,0.970098
80,G1,48.9994,36,1873.39,0.502329,1.23468,0.963194
80,G1,48.9994,37,1928.57,0.53052,1.88843,0.924303
80,G1,48.9994,38,1983.75,0.479884,1.07939,0.9801
80,G1,48.9994,39,2038.93,0.521566,0.237753,0.991652
80,G1,48.9994,41,2177.55,0.843493,-1.9398,0.940791
80,G1,48.9994,45,2431.91,0.760518,-0.297397,0.88844
80,G1,48.9994,46,2488.43,0.721899,-0.0107557,0.96968
80,G1,48.9994,48,2604.17,0.830528,-1.2619,0.965076
80,G1,48.9994,54,2843.73,0.854995,-0.917255,0.947598
80,G1,48.9994,59,3208.45,1.20514,-1.17446,0.936769
80,G1,48.9994,65,3462.81,1.47508,-0.724637,0.853349
80,G1,48.9994,69,4033.44,1.98418,-1.333,0.920984
80,G1,48.9994,77,4260.88,2.53284,-2.44723,0.911408
80,G1,48.9994,80,4760.18,1.67936,-4.93732,0.75572
80,G1,48.9994,87,5439.83,1.1587,-7.13685,0.629731
80,F4,349.228,1,348.569,0.395908,4.60588,0.918218
80,F4,349.228,3,1049.74,0.285329,2.70148,0.719746
80,F4,349.228,4,1402.35,0.590133,2.35206,0.933562
80,F4,349.228,5,1757.65,0.509926,1.49221,0.863864
80,F4,349.228,6,2115.64,0.583762,1.23002,0.8877
80,F4,349.228,7,2476.32,0.644138,0.503156,0.920328
80,F4,349.228,8,2842.38,0.901271,0.145756,0.919895
80,F4,349.228,10,3967.49,1.93826,-0.596997,0.943273
80,F4,349.228,13,4355.09,2.33467,-1.91108,0.892393
80,F4,349.228,14,4748.07,3.73324,-2.18381,0.938651
80,F4,349.228,16,5149.13,4.03256,-1.80098,0.933723
80,F4,349.228,17,5974.12,6.59324,-1.1128,0.885251
80,Gs3,207.652,2,415.86,0.24489,3.79014,0.746471
80,Gs3,207.652,3,623.117,0.278735,3.83466,0.836716
80,Gs3,207.652,4,831.72,0.356353,2.96494,0.82201
80,Gs3,207.652,5,1040.32,0.3245,2.94548,0.796245
80,Gs3,207.652,6,1250.27,0.367969,2.62194,0.80669
80,Gs3,207.652,7,1461.57,0.474562,2.47315,0.877602
80,Gs3,207.652,8,1674.21,0.500255,0.161681,0.965019
80,Gs3,207.652,9,1886.85,0.510663,1.63122,0.945869
80,Gs3,207.652,10,2100.83,0.55087,0.963823,0.915096
80,Gs3,207.652,11,2317.51,0.621842,-0.787217,0.939338
80,Gs3,207.652,12,2535.53,0.874066,0.905023,0.986592
80,Gs3,207.652,13,2756.25,0.91423,1.21969,0.946369
80,Gs3,207.652,14,2976.97,0.872049,-0.201614,0.931763
80,Gs3,207.652,17,3201.72,1.01566,-0.182336,0.949937
80,Gs3,207.652,18,3427.82,1.3916,-1.23559,0.941238
80,Gs3,207.652,19,4360.47,1.94658,-0.817122,0.904759
80,Gs3,207.652,24,5091.26,2.20847,-1.16387,0.942331
80,Gs3,207.652,27,5338.89,2.99118,-1.73844,0.906485
80,Gs3,207.652,28,5851.65,4.30412,-1.5259,0.911964
80,Gs3,207.652,30,6918.89,3.3231,-4.66772,0.771649
80,Cs2,69.2957,1,68.6371,0.272701,3.5532,0.876134
80,Cs2,69.2957,2,138.62,0.201667,3.88201,0.638812
80,Cs2,69.2957,4,277.24,0.260537,2.35862,0.803076
80,Cs2,69.2957,5,345.877,0.194655,3.81589,0.836342
80,Cs2,69.2957,7,484.497,0.202611,3.26691,0.848557
80,Cs2,69.2957,8,554.48,0.217662,1.72414,0.737367
80,Cs2,69.2957,9,624.463,0.200468,3.05423,0.657192
80,Cs2,69.2957,10,693.1,0.23641,3.43821,0.890475
80,Cs2,69.2957,11,763.083,0.193386,2.30068,0.684989
80,Cs2,69.2957,12,833.066,0.215473,3.14962,0.763635
80,Cs2,69.2957,13,903.049,0.214386,0.538354,0.763601
80,Cs2,69.2957,14,974.377,0.197165,1.71222,0.64223
80,Cs2,69.2957,15,1044.36,0.249917,1.06515,0.663044
80,Cs2,69.2957,16,1114.34,0.278719,0.778815,0.847598
80,Cs2,69.2957,17,1185.67,0.258927,2.32935,0.828364
80,Cs2,69.2957,18,1255.65,0.305525,1.76922,0.887642
80,Cs2,69.2957,19,1328.33,0.35788,2.26535,0.905106
80,Cs2,69.2957,26,1873.39,0.580987,-3.70183,0.762492
80,Cs2,69.2957,34,2499.2,0.614263,0.120687,0.966435
80,Cs2,69.2957,35,2574.56,0.567824,0.215915,0.951277
80,Cs2,69.2957,36,2651.28,0.565391,0.396517,0.961571
80,Cs2,69.2957,37,2727.99,0.618835,0.981216,0.977088
80,Cs2,69.2957,38,2806.05,0.583945,0.516613,0.976121
80,Cs2,69.2957,44,3199.03,0.703814,-0.745679,0.931289
80,Cs2,69.2957,49,3935.19,0.895156,-1.43164,0.93364
80,Cs2,69.2957,58,4620.22,1.88895,-1.10731,0.810446
80,Cs2,69.2957,66,4796.52,1.95868,-1.41391,0.849625
80,Cs2,69.2957,68,5626.9,3.34438,-0.984666,0.899792
80,A2,110,1,110.358,0.273946,3.96958,0.910203
80,A2,110,4,440.085,0.21187,3.05724,0.605753
80,A2,110,5,550.443,0.241288,2.70623,0.801269
80,A2,110,6,660.8,0.163843,1.68842,0.71492
80,A2,110,7,771.158,0.203056,0.970723,0.698808
80,A2,110,9,991.873,0.28676,2.45096,0.85168
80,A2,110,10,1103.58,0.240437,2.80761,0.720912
80,A2,110,11,1216.63,0.303211,1.67971,0.809216
80,A2,110,12,1331.02,0.36303,1.77388,0.792734
80,A2,110,23,2702.42,0.748008,-0.792478,0.958703
80,A2,110,26,2939.28,0.632992,0.0537063,0.934618
80,A2,110,29,3059.06,0.694011,-0.686638,0.945388
80,A2,110,30,3422.43,1.06202,-0.411539,0.934199
80,A2,110,33,3546.25,1.05688,-1.46382,0.89516
80,A2,110,34,4299.91,1.20599,-1.55631,0.876974
80,A2,110,40,4429.11,1.43599,-2.25212,0.880168
80,A2,110,41,4820.75,2.75414,-1.39133,0.895426
80,A2,110,43,5499.04,2.81907,-1.35931,0.857859
80,A2,110,48,5636.32,3.4064,-1.91993,0.894686
80,F3,174.614,1,174.957,0.257089,3.7829,0.849187
80,F3,174.614,2,348.569,0.304099,4.79282,0.781261
80,F3,174.614,4,698.483,0.301191,4.08779,0.871585
80,F3,174.614,6,1049.74,0.357834,1.98451,0.918516
80,F3,174.614,7,1227.39,0.32097,2.3926,0.865196
80,F3,174.614,8,1403.7,0.345397,0.840984,0.8332
80,F3,174.614,9,1581.34,0.351719,1.99656,0.842425
80,F3,174.614,10,1760.34,0.400283,2.10663,0.919931
80,F3,174.614,11,1939.33,0.570057,0.429777,0.903831
80,F3,174.614,12,2121.02,0.533535,1.15601,0.92138
80,F3,174.614,13,2304.05,0.556682,0.467746,0.933277
80,F3,174.614,17,2670.12,0.535112,0.108714,0.866708
80,F3,174.614,18,2855.84,0.723043,0.0891195,0.908848
80,F3,174.614,19,3231.33,0.8496,-0.24156,0.921216
80,F3,174.614,21,3421.09,1.22477,-0.700517,0.955664
80,F3,174.614,22,3613.54,1.00094,-1.4149,0.909646
80,F3,174.614,23,4201.67,1.23644,-1.33331,0.803508
80,F3,174.614,27,4807.29,2.05322,-1.1132,0.885877
80,F3,174.614,30,5013.2,2.68937,-1.02209,0.862197
80,F3,174.614,31,5433.1,3.71441,-1.81622,0.943913
80,F3,174.614,33,6081.78,4.49734,-1.54034,0.917916
80,F3,174.614,36,6525.91,3.46279,-4.31136,0.832016
80,F3,174.614,38,6756.04,1.96375,-6.34176,0.66736
80,G6,1567.98,1,1574.62,1.81324,3.65893,0.986015
80,G6,1567.98,2,3172.11,2.71032,0.650024,0.981396
80,G6,1567.98,3,4831.51,4.3725,-1.87197,0.994502
80,G6,1567.98,4,5507.12,8.32068,-2.72524,0.955995
95,Cs7,2217.46,1,2234.07,2.56993,3.11204,0.998229
95,Cs7,2217.46,2,4539.47,4.41808,-0.690453,0.991436
95,Cs7,2217.46,3,5929.71,16.8969,-1.62667,0.961542
95,Cs7,2217.46,4,9591.7,19.4586,-6.40264,0.878899
95,Gs6,1661.22,1,1670.17,1.84124,4.0506,0.957591
95,Gs6,1661.22,2,3368.6,4.24737,1.36328,0.979557
95,Gs6,1661.22,3,5138.36,7.20738,-0.947072,0.991251
95,Gs6,1661.22,4,6996.95,19.7789,-1.61048,0.980309
95,Fs5,739.989,1,740.204,0.597336,3.67284,0.565229
95,Fs5,739.989,2,1484.45,0.771722,2.48874,0.820048
95,Fs5,739.989,3,2238.11,1.01143,1.69264,0.905998
95,Fs5,739.989,4,2998.5,1.71884,0.310152,0.966668
95,Fs5,739.989,5,3787.15,2.84682,0.00421213,0.975538
95,Fs5,739.989,6,4587.92,4.36231,0.402066,0.949647
95,Fs5,739.989,7,5412.91,5.4165,0.0361668,0.949132
95,Fs5,739.989,9,7147.68,12.5794,-0.820612,0.917478
95,Fs5,739.989,11,8062.84,9.10896,-3.97474,0.790771
95,F6,1396.91,1,1401,1.55134,2.98647,0.950044
95,F6,1396.91,2,2820.85,2.70498,1.2536,0.99421
95,F6,1396.91,3,4289.15,3.99956,0.655562,0.961887
95,F6,1396.91,4,4901.5,12.111,-0.895573,0.991187
95,F6,1396.91,5,7388.58,2.92414,-9.06123,0.521382
95,F6,1396.91,7,9084.32,1.56534,-10.8686,0.559352
95,G3,195.998,1,196.49,0.299099,4.57844,0.927324
95,G3,195.998,2,391.635,0.274707,4.04985,0.874156
95,G3,195.998,3,588.126,0.215731,1.92699,0.658372
95,G3,195.998,4,784.616,0.264668,3.15386,0.731568
95,G3,195.998,5,982.452,0.379899,2.3697,0.895916
95,G3,195.998,6,1180.29,0.396525,3.51412,0.879314
95,G3,195.998,7,1378.12,0.386699,2.67322,0.885217
95,G3,195.998,8,1577.31,0.408616,1.33708,0.907027
95,G3,195.998,9,1779.18,0.47196,2.58587,0.917364
95,G3,195.998,10,1982.4,0.510372,2.85502,0.96479
95,G3,195.998,11,2184.27,0.599986,1.00158,0.920293
95,G3,195.998,12,2388.84,0.662436,0.855198,0.960128
95,G3,195.998,13,2594.75,1.04833,1.29675,0.965806
95,G3,195.998,14,2803.35,0.95884,1.08612,0.910532
95,G3,195.998,15,3013.3,1.00442,2.12604,0.973438
95,G3,195.998,18,3873.28,1.42338,0.354275,0.916526
95,G3,195.998,22,5002.43,2.04682,0.742018,0.964901
95,G3,195.998,28,5477.51,2.92824,-0.400632,0.922121
95,G3,195.998,30,5715.72,2.65151,-0.873589,0.907596
95,G3,195.998,31,6459.96,4.80879,-0.340388,0.888852
95,G3,195.998,35,6710.28,3.97885,-1.40905,0.884304
95,G3,195.998,36,7228.43,3.46356,-4.04225,0.807005
95,G3,195.998,38,8599.82,7.81506,-1.66647,0.926716
95,A7,3520,1,3500.49,4.46978,-2.10877,0.999812
95,A7,3520,2,7256.69,28.6384,-3.59149,0.995581
95,A7,3520,3,11159.6,5.58441,-11.0115,0.596328
95,Fs2,92.4986,1,92.8619,0.254595,4.39725,0.853646
95,Fs2,92.4986,3,277.24,0.173719,3.96491,0.616603
95,Fs2,92.4986,4,370.102,0.30635,3.7786,0.80557
95,Fs2,92.4986,6,554.48,0.207476,3.94923,0.713891
95,Fs2,92.4986,7,647.342,0.202209,3.61264,0.645508
95,Fs2,92.4986,9,834.412,0.250772,3.22882,0.811796
95,Fs2,92.4986,10,927.274,0.220963,2.26642,0.723477
95,Fs2,92.4986,11,1021.48,0.293962,1.81919,0.90461
95,Fs2,92.4986,12,1114.34,0.308688,2.4205,0.856697
95,Fs2,92.4986,13,1208.55,0.238557,2.21341,0.764273
95,Fs2,92.4986,14,1302.76,0.28995,3.16938,0.768577
95,Fs2,92.4986,15,1396.97,0.421997,2.91391,0.870069
95,Fs2,92.4986,16,1492.52,0.343806,1.45477,0.918002
95,Fs2,92.4986,17,1586.73,0.414642,1.36285,0.920718
95,Fs2,92.4986,18,1682.28,0.500972,3.05833,0.949932
95,Fs2,92.4986,19,1777.84,0.421774,1.5911,0.935203
95,Fs2,92.4986,20,1874.73,0.454912,1.61095,0.946327
95,Fs2,92.4986,21,1972.98,0.491457,1.66757,0.926259
95,Fs2,92.4986,22,2071.23,0.62897,1.77469,0.947287
95,Fs2,92.4986,28,2699.73,0.867477,-1.70123,0.926442
95,Fs2,92.4986,31,2760.29,0.742618,1.69725,0.931516
95,Fs2,92.4986,34,2946.01,0.660991,0.617617,0.96182
95,Fs2,92.4986,36,3065.79,0.701324,-0.641529,0.939191
95,Fs2,92.4986,37,3271.7,0.897637,0.103132,0.95961
95,Fs2,92.4986,39,3908.28,1.2793,0.0513191,0.95511
95,Fs2,92.4986,46,4570.42,1.51705,0.349399,0.957424
95,Fs2,92.4986,52,4682.13,1.48444,-0.601724,0.937813
95,Fs2,92.4986,53,5381.96,2.57201,-0.0822257,0.926153
95,Fs2,92.4986,59,6616.08,3.97794,-0.524061,0.843641
95,Fs2,92.4986,70,7011.75,2.79599,-3.54124,0.808677
95,Fs2,92.4986,73,7271.49,1.96597,-5.21754,0.689933
95,Gs1,51.9131,1,52.4872,0.227509,2.04382,0.834852
95,Gs1,51.9131,2,103.629,0.242257,5.19508,0.923239
95,Gs1,51.9131,3,154.77,0.291039,4.78447,0.843216
95,Gs1,51.9131,4,207.257,0.218194,4.99986,0.733972
95,Gs1,51.9131,8,414.514,0.148519,1.93751,0.780576
95,Gs1,51.9131,9,467.001,0.225453,3.18147,0.742921
95,Gs1,51.9131,10,519.489,0.188978,4.28035,0.769918
95,Gs1,51.9131,11,570.63,0.191007,3.34972,0.721099
95,Gs1,51.9131,12,623.117,0.194177,1.48064,0.744561
95,Gs1,51.9131,13,675.604,0.284164,3.35561,0.857017
95,Gs1,51.9131,14,728.091,0.242005,2.76728,0.805706
95,Gs1,51.9131,15,780.579,0.225543,2.38529,0.719111
95,Gs1,51.9131,16,834.412,0.239827,1.59109,0.870575
95,Gs1,51.9131,17,886.899,0.183117,1.94681,0.646436
95,Gs1,51.9131,18,939.386,0.260017,2.40068,0.832762
95,Gs1,51.9131,19,991.873,0.303304,2.8242,0.862227
95,Gs1,51.9131,20,1047.05,0.243084,1.50421,0.847427
95,Gs1,51.9131,21,1102.23,0.305154,2.90363,0.843175
95,Gs1,51.9131,26,1403.7,0.666793,-1.18081,0.942879
95,Gs1,51.9131,28,1508.67,0.718889,-1.383,0.930481
95,Gs1,51.9131,31,1697.09,0.522721,1.06443,0.938151
95,Gs1,51.9131,32,1754.96,0.497986,0.403659,0.974431
95,Gs1,51.9131,33,1810.13,0.446095,0.600639,0.939658
95,Gs1,51.9131,34,1869.35,0.439884,0.803867,0.943575
95,Gs1,51.9131,35,1925.88,0.497416,2.0065,0.958932
95,Gs1,51.9131,36,1979.71,0.52252,1.78242,0.980858
95,Gs1,51.9131,37,2037.58,0.481435,1.64877,0.991635
95,Gs1,51.9131,38,2098.14,0.571527,0.548923,0.980088
95,Gs1,51.9131,39,2161.4,0.659826,-3.33623,0.670876
95,Gs1,51.9131,41,2305.4,0.786397,-0.985457,0.974447
95,Gs1,51.9131,43,2444.02,0.681394,1.04061,0.95661
95,Gs1,51.9131,44,2505.93,0.738106,1.92955,0.984926
95,Gs1,51.9131,45,2569.18,0.76865,0.829332,0.974951
95,Gs1,51.9131,46,2625.71,0.960296,1.42591,0.993791
95,Gs1,51.9131,48,2752.21,0.829549,-0.396215,0.987195
95,Gs1,51.9131,53,2876.03,1.02172,0.868348,0.999609
95,Gs1,51.9131,57,2994.46,1.02056,0.409837,0.990596
95,Gs1,51.9131,59,3602.77,1.20117,0.0270696,0.976714
95,Gs1,51.9131,68,4186.86,1.98956,-0.296063,0.926107
95,Gs1,51.9131,76,4633.68,2.26008,-0.475772,0.951522
95,Gs1,51.9131,82,4709.04,3.07194,-0.0346572,0.929146
95,Gs1,51.9131,83,5371.19,3.83411,-0.278799,0.89011
95,Gs1,51.9131,91,5528.65,3.71368,-0.460741,0.870719
95,Gs1,51.9131,93,5718.41,4.05866,-0.907744,0.932918
95,Gs1,51.9131,95,5882.6,3.01431,-2.86959,0.85534
95,G4,391.995,1,391.635,0.525335,4.11068,0.799879
95,G4,391.995,2,784.616,0.377054,2.19929,0.709966
95,G4,391.995,3,1178.94,0.486302,1.52051,0.832751
95,G4,391.995,4,1575.96,0.472765,2.29722,0.86719
95,G4,391.995,5,1975.67,0.592891,2.14777,0.903679
95,G4,391.995,6,2380.76,0.665759,1.41432,0.933182
95,G4,391.995,7,2788.55,0.810266,-0.00675757,0.942225
95,G4,391.995,9,3201.72,1.2086,0.928826,0.950678
95,G4,391.995,10,3622.96,1.59554,-0.216742,0.947542
95,G4,391.995,11,4482.94,2.45592,-0.421646,0.907596
95,G4,391.995,13,4925.72,2.99461,-0.765585,0.903714
95,G4,391.995,15,5838.19,5.10526,-0.596367,0.905835
95,G4,391.995,17,6797.76,8.2055,-0.954685,0.936109
95,G4,391.995,19,7797.71,3.23121,-6.74574,0.632395
95,F1,43.6535,1,43.0664,0.246612,2.01628,0.820976
95,F1,43.6535,2,87.4786,0.203415,5.25836,0.874642
95,F1,43.6535,3,130.545,0.266756,5.45821,0.960013
95,F1,43.6535,4,173.611,0.286098,4.29476,0.94674
95,F1,43.6535,5,218.024,0.229344,4.86045,0.785112
95,F1,43.6535,6,261.09,0.247809,4.50099,0.953466
95,F1,43.6535,7,305.502,0.198602,3.32204,0.632584
95,F1,43.6535,9,392.981,0.17358,4.08594,0.657399
95,F1,43.6535,11,480.46,0.254001,2.4602,0.848679
95,F1,43.6535,13,567.938,0.241405,2.83308,0.819605
95,F1,43.6535,14,612.35,0.241248,3.02825,0.874562
95,F1,43.6535,15,656.763,0.309632,3.48961,0.824233
95,F1,43.6535,16,701.175,0.262807,1.39106,0.85339
95,F1,43.6535,17,745.587,0.234046,2.20595,0.640749
95,F1,43.6535,18,791.345,0.16706,2.93921,0.714192
95,F1,43.6535,19,835.757,0.201629,3.28118,0.73872
95,F1,43.6535,20,881.516,0.223169,2.00068,0.821345
95,F1,43.6535,21,925.928,0.340885,2.65337,0.88978
95,F1,43.6535,22,971.686,0.390469,3.22375,0.86242
95,F1,43.6535,23,1018.79,0.376036,2.46544,0.91113
95,F1,43.6535,24,1065.89,0.311136,1.93648,0.818446
95,F1,43.6535,25,1135.88,0.80766,-0.70176,0.91317
95,F1,43.6535,26,1180.29,1.31916,-1.35842,0.908707
95,F1,43.6535,27,1224.7,1.0276,-0.268958,0.873238
95,F1,43.6535,28,1257,0.432627,-2.663,0.906231
95,F1,43.6535,29,1313.53,0.983805,-1.27976,0.95088
95,F1,43.6535,34,1580,0.672943,2.09113,0.95752
95,F1,43.6535,35,1628.45,0.650361,2.74406,0.926946
95,F1,43.6535,36,1678.24,0.573746,2.47322,0.953561
95,F1,43.6535,37,1728.04,0.598121,1.20974,0.956787
95,F1,43.6535,38,1776.49,0.514051,0.607471,0.968897
95,F1,43.6535,39,1826.28,0.671862,1.06121,0.943543
95,F1,43.6535,40,1881.46,0.634233,-0.58796,0.919239
95,F1,43.6535,41,1925.88,0.62512,1.53669,0.968684
95,F1,43.6535,42,1977.02,0.697299,2.39926,0.976411
95,F1,43.6535,43,2030.85,0.622293,1.00787,0.98966
95,F1,43.6535,49,2395.57,0.880565,2.02698,0.99858
95,F1,43.6535,50,2448.06,0.827888,1.76457,0.941883
95,F1,43.6535,51,2503.23,0.952456,0.677469,0.978677
95,F1,43.6535,52,2558.41,0.945015,0.850684,0.94122
95,F1,43.6535,53,2613.59,1.02317,0.634269,0.863663
95,F1,43.6535,54,2667.43,1.06158,0.53132,0.964846
95,F1,43.6535,61,3135.77,1.4511,1.28961,0.990809
95,F1,43.6535,70,3492.42,1.34028,0.109294,0.951644
95,F1,43.6535,76,3616.23,1.43911,-0.0747585,0.974795
95,F1,43.6535,78,3679.49,2.04969,0.781142,0.935821
95,F1,43.6535,79,4388.74,2.11225,-0.153384,0.980965
95,F1,43.6535,89,4974.17,4.29567,-0.0384261,0.903295
95,A0,27.5,1,26.9165,0.217956,1.4341,0.919481
95,A0,27.5,2,55.1788,0.251436,3.37154,0.959898
95,A0,27.5,3,82.0953,0.226442,6.10672,0.934779
95,A0,27.5,4,109.012,0.146022,4.73735,0.666048
95,A0,27.5,5,135.928,0.169906,4.45807,0.805602
95,A0,27.5,6,164.191,0.226164,3.70423,0.859728
95,A0,27.5,11,302.811,0.123808,4.45688,0.616149
95,A0,27.5,13,357.99,0.183877,4.98617,0.887527
95,A0,27.5,14,386.252,0.215785,4.9448,0.917618
95,A0,27.5,15,415.86,0.311416,3.35176,0.793305
95,A0,27.5,16,442.776,0.203614,1.27979,0.812505
95,A0,27.5,17,472.385,0.183625,2.47434,0.780648
95,A0,27.5,18,501.993,0.200791,3.38892,0.791659
95,A0,27.5,19,530.255,0.187297,4.05299,0.830141
95,A0,27.5,20,559.863,0.208816,3.10972,0.814541
95,A0,27.5,21,589.471,0.137062,3.94692,0.652969
95,A0,27.5,22,619.08,0.226834,3.42637,0.936317
95,A0,27.5,23,648.688,0.24013,3.32374,0.95274
95,A0,27.5,24,679.642,0.281919,1.39013,0.974906
95,A0,27.5,25,710.596,0.263223,1.74392,0.947258
95,A0,27.5,26,741.55,0.25752,3.08857,0.953197
95,A0,27.5,27,771.158,0.291869,2.82946,0.978831
95,A0,27.5,28,803.458,0.295001,3.79889,0.961419
95,A0,27.5,29,835.757,0.376825,4.05535,0.991309
95,A0,27.5,30,866.711,0.35834,3.91204,0.987897
95,A0,27.5,31,899.011,0.365436,1.46447,0.973209
95,A0,27.5,32,931.311,0.413854,1.00979,0.956996
95,A0,27.5,33,964.957,0.543345,-0.807728,0.971353
95,A0,27.5,34,997.256,0.536489,1.27847,0.99483
95,A0,27.5,35,1030.9,0.473145,3.564,0.997882
95,A0,27.5,36,1064.55,0.491385,3.88914,0.995353
95,A0,27.5,37,1096.85,0.522827,3.27516,0.998351
95,A0,27.5,39,1149.33,1.07186,0.983012,0.999975
95,A0,27.5,40,1178.94,1.07144,1.60235,0.999966
95,A0,27.5,41,1208.55,0.734799,0.598629,0.990448
95,A0,27.5,42,1240.85,0.715261,1.91357,0.988323
95,A0,27.5,43,1275.84,0.807224,3.44016,0.990242
95,A0,27.5,44,1313.53,0.805424,3.26618,0.987416
95,A0,27.5,45,1349.86,0.975776,3.64532,0.989894
95,A0,27.5,46,1386.2,0.970138,2.19181,0.994777
95,A0,27.5,47,1425.23,1.0721,2.95414,0.999738
95,A0,27.5,48,1462.91,1.09324,2.6498,0.98571
95,A0,27.5,49,1500.6,1.25706,2.49078,0.993521
95,A0,27.5,50,1539.62,1.25488,0.89597,0.975532
95,A0,27.5,51,1580,1.33707,1.17318,0.961053
95,A0,27.5,52,1620.37,1.29782,2.41667,0.962241
95,A0,27.5,53,1659.4,1.48755,1.0635,0.99332
95,A0,27.5,54,1699.78,1.42057,3.318,0.992693
95,A0,27.5,55,1733.42,1.49967,0.747648,0.999957
95,A0,27.5,56,1775.14,1.73882,2.89492,0.999856
95,A0,27.5,60,1912.42,2.23816,-0.216935,0.973012
95,A0,27.5,61,1955.48,2.61308,1.14574,0.988256
95,A0,27.5,62,1999.9,2.5066,1.36668,0.999814
95,A0,27.5,63,2044.31,1.91841,-0.917398,0.938996
95,A0,27.5,64,2088.72,2.6089,1.62374,0.999976
95,A0,27.5,65,2135.82,2.55436,0.757515,0.997252
95,A0,27.5,66,2181.58,2.49832,0.349653,0.989906
95,A0,27.5,67,2227.34,2.49542,0.476194,0.981459
95,A0,27.5,68,2274.44,2.9937,-0.0156277,0.998526
95,A0,27.5,69,2318.86,2.81507,0.654334,0.99648
95,A0,27.5,74,2519.38,3.30699,1.47543,0.99559
95,A0,27.5,75,2567.83,3.50821,0.0322912,0.979173
95,A0,27.5,76,2618.98,3.17731,-0.193602,0.976986
95,A0,27.5,77,2666.08,2.63664,-0.5747,0.961003
95,A0,27.5,84,2989.08,5.01489,1.37927,0.999711
95,A0,27.5,94,3102.13,4.36119,1.1673,0.991038
95,A0,27.5,96,3155.96,4.90683,1.09871,0.998711
95,G5,783.991,2,1573.27,1.04723,1.97301,0.902487
95,G5,783.991,3,2372.69,1.45356,2.70372,0.977186
95,G5,783.991,4,3184.22,2.33311,0.244305,0.986198
95,G5,783.991,5,4019.98,3.46428,1.20116,0.965192
95,G5,783.991,6,4875.92,4.21174,-0.408013,0.93584
95,G5,783.991,8,5758.79,6.15635,-0.258183,0.946564
95,G5,783.991,9,6672.6,8.87954,-0.531725,0.923312
95,G5,783.991,10,7599.88,3.94343,-6.96068,0.641406
95,G5,783.991,11,8607.9,3.09453,-9.37135,0.529591
95,A1,55,1,55.1788,0.221565,3.7628,0.754279
95,A1,55,2,110.358,0.262544,5.11767,0.928106
95,A1,55,3,164.191,0.193799,3.58095,0.683791
95,A1,55,4,219.37,0.212351,4.68097,0.877598
95,A1,55,5,274.548,0.249168,4.48967,0.744297
95,A1,55,6,329.727,0.203971,4.3226,0.702266
95,A1,55,7,384.906,0.300337,4.59883,0.819165
95,A1,55,10,550.443,0.217305,4.15105,0.774042
95,A1,55,11,605.621,0.212042,4.19939,0.801197
95,A1,55,12,660.8,0.236756,2.49468,0.777358
95,A1,55,13,715.979,0.284855,3.53821,0.811409
95,A1,55,14,771.158,0.226224,2.6466,0.804642
95,A1,55,15,827.682,0.191961,3.4609,0.651965
95,A1,55,16,882.861,0.234088,0.653423,0.715456
95,A1,55,17,938.04,0.262233,2.6051,0.784313
95,A1,55,18,994.565,0.316809,2.392,0.910967
95,A1,55,19,1051.09,0.211943,3.11567,0.805935
95,A1,55,20,1110.31,0.297233,1.19836,0.861127
95,A1,55,21,1168.18,0.277901,1.69833,0.817931
95,A1,55,26,1487.14,0.84816,-0.324489,0.967304
95,A1,55,27,1543.66,0.645891,-1.37445,0.952717
95,A1,55,28,1598.84,0.66745,-1.10731,0.965626
95,A1,55,30,1734.77,0.495598,2.48926,0.957469
95,A1,55,31,1796.68,0.494446,1.77688,0.97292
95,A1,55,32,1855.89,0.493363,0.815857,0.97293
95,A1,55,33,1913.76,0.532702,0.354958,0.970329
95,A1,55,34,1974.33,0.442044,0.460239,0.981781
95,A1,55,35,2036.23,0.494388,1.72876,0.982998
95,A1,55,36,2096.8,0.558971,2.07618,0.99986
95,A1,55,37,2157.36,0.505681,2.00603,0.985572
95,A1,55,40,2383.46,0.649662,-0.7917,0.984926
95,A1,55,41,2441.33,0.629484,0.420453,0.991063
95,A1,55,42,2519.38,0.690553,1.11683,0.943635
95,A1,55,43,2582.64,0.733721,1.30605,0.984464
95,A1,55,44,2651.28,0.760305,1.06173,0.957451
95,A1,55,45,2714.53,0.741844,-0.15715,0.997357
95,A1,55,46,2771.05,0.908011,0.261186,0.987534
95,A1,55,47,2842.38,0.900491,-1.18169,0.932126
95,A1,55,51,2874.68,0.939109,0.219044,0.950467
95,A1,55,55,3593.35,1.27971,0.412219,0.979612
95,A1,55,65,4317.41,2.49849,0.457856,0.976203
95,A1,55,75,4470.83,1.875,0.130102,0.948909
95,A1,55,77,5030.69,2.7014,0.141111,0.925134
95,A1,55,83,6468.04,3.89544,-0.379353,0.926789
95,Cs1,34.6478,1,34.9915,0.209284,2.10088,0.926944
95,Cs1,34.6478,2,68.6371,0.19392,5.32294,0.894755
95,Cs1,34.6478,3,103.629,0.16055,6.38386,0.831986
95,Cs1,34.6478,4,137.274,0.155002,5.48995,0.814832
95,Cs1,34.6478,5,172.266,0.165028,4.41083,0.846414
95,Cs1,34.6478,7,240.903,0.174698,3.70412,0.80947
95,Cs1,34.6478,8,275.894,0.160869,-0.357125,0.82629
95,Cs1,34.6478,9,310.886,0.131415,3.83889,0.696918
95,Cs1,34.6478,11,380.869,0.154767,4.96233,0.701103
95,Cs1,34.6478,13,450.851,0.183124,4.33701,0.873684
95,Cs1,34.6478,15,520.834,0.21608,3.77462,0.9301
95,Cs1,34.6478,16,557.172,0.13311,1.82369,0.654438
95,Cs1,34.6478,17,592.163,0.190768,3.06696,0.865686
95,Cs1,34.6478,18,627.155,0.23827,1.66293,0.889815
95,Cs1,34.6478,19,663.492,0.223524,3.72505,0.877617
95,Cs1,34.6478,20,699.829,0.232046,2.42364,0.808136
95,Cs1,34.6478,21,736.166,0.177403,2.74396,0.831904
95,Cs1,34.6478,22,772.504,0.211896,4.20169,0.905589
95,Cs1,34.6478,23,808.841,0.222841,3.18208,0.933672
95,Cs1,34.6478,24,845.178,0.258521,1.65798,0.930146
95,Cs1,34.6478,25,881.516,0.245681,1.94206,0.927107
95,Cs1,34.6478,26,919.199,0.317896,2.19151,0.978407
95,Cs1,34.6478,27,956.882,0.328227,2.34298,0.962116
95,Cs1,34.6478,28,998.602,0.473842,0.159657,0.950343
95,Cs1,34.6478,29,1033.59,0.32987,3.09583,0.971192
95,Cs1,34.6478,30,1072.62,0.336335,2.61851,0.973937
95,Cs1,34.6478,35,1297.38,0.480257,3.58337,0.99378
95,Cs1,34.6478,36,1337.75,0.469736,3.50789,0.988685
95,Cs1,34.6478,37,1379.47,0.499166,2.63291,0.999057
95,Cs1,34.6478,38,1421.19,0.51964,2.35674,0.991477
95,Cs1,34.6478,39,1461.57,0.532028,1.40962,0.991181
95,Cs1,34.6478,40,1499.25,0.546147,2.13503,0.956086
95,Cs1,34.6478,41,1543.66,0.586045,1.71612,0.979572
95,Cs1,34.6478,42,1584.04,0.698994,1.6191,0.929558
95,Cs1,34.6478,43,1625.76,0.637466,1.7161,0.976365
95,Cs1,34.6478,44,1668.82,0.641897,0.918907,0.998474
95,Cs1,34.6478,45,1710.54,0.717111,2.26278,0.976133
95,Cs1,34.6478,46,1753.61,0.726736,0.548399,0.984173
95,Cs1,34.6478,47,1796.68,0.769841,0.703618,0.996544
95,Cs1,34.6478,48,1838.4,0.850885,1.5855,0.992035
95,Cs1,34.6478,49,1882.81,0.841368,1.2999,0.995305
95,Cs1,34.6478,50,1927.22,0.912601,1.76008,0.999793
95,Cs1,34.6478,51,1971.63,0.935037,1.31563,0.996901
95,Cs1,34.6478,59,2387.49,1.0591,1.15541,0.974019
95,Cs1,34.6478,60,2434.6,1.19077,1.30049,0.999906
95,Cs1,34.6478,61,2483.05,1.13737,0.420361,0.985757
95,Cs1,34.6478,62,2531.5,1.18129,-0.614051,0.967089
95,Cs1,34.6478,63,2581.29,1.47778,0.753854,0.996916
95,Cs1,34.6478,64,2631.09,1.2244,-0.457363,0.957257
95,Cs1,34.6478,67,2784.51,1.50973,-0.377863,0.997235
95,Cs1,34.6478,71,3045.6,1.91248,1.06385,0.978783
95,Cs1,34.6478,81,3262.28,2.33242,0.0193496,0.967885
95,Cs1,34.6478,85,3496.45,3.13354,-1.4451,0.98022
95,Cs1,34.6478,89,4496.4,2.67695,-0.840849,0.929067
95,Fs3,184.997,1,184.378,0.313489,4.40277,0.925343
95,Fs3,184.997,3,554.48,0.272803,3.38259,0.728689
95,Fs3,184.997,4,740.204,0.29795,3.97618,0.69262
95,Fs3,184.997,5,925.928,0.330233,2.85548,0.913779
95,Fs3,184.997,6,1113,0.265008,2.10974,0.755194
95,Fs3,184.997,7,1300.07,0.386363,2.28114,0.923048
95,Fs3,184.997,8,1488.48,0.484398,2.01973,0.93108
95,Fs3,184.997,9,1678.24,0.48944,2.63681,0.963661
95,Fs3,184.997,10,1866.66,0.560442,1.71117,0.941545
95,Fs3,184.997,11,2057.77,0.662092,1.50472,0.895772
95,Fs3,184.997,12,2250.22,0.641611,1.63012,0.95918
95,Fs3,184.997,13,2444.02,0.747602,2.19482,0.955544
95,Fs3,184.997,14,2639.16,0.803837,0.9802,0.939336
95,Fs3,184.997,15,2838.35,0.920731,0.572547,0.904489
95,Fs3,184.997,16,3033.49,0.937642,1.36873,0.968819
95,Fs3,184.997,19,3845.02,1.27723,0.527934,0.940676
95,Fs3,184.997,24,4263.57,1.42668,-0.587889,0.892959
95,Fs3,184.997,26,4690.2,2.43171,-0.15423,0.871735
95,Fs3,184.997,28,6038.72,3.01035,-0.626058,0.900042
95,Fs3,184.997,34,6268.85,3.47141,-1.31869,0.902404
95,Fs3,184.997,35,6509.76,4.40157,-0.596759,0.945129
95,Fs3,184.997,36,8000.93,6.50803,-1.34173,0.830224
95,G2,97.9989,1,98.2452,0.39571,5.05407,0.922973
95,G2,97.9989,2,196.49,0.209036,3.04309,0.642592
95,G2,97.9989,4,391.635,0.255292,4.17953,0.702286
95,G2,97.9989,5,489.88,0.2394,2.71611,0.760779
95,G2,97.9989,7,686.371,0.252577,4.21208,0.852587
95,G2,97.9989,8,784.616,0.189417,1.85582,0.684905
95,G2,97.9989,9,884.207,0.237664,2.89344,0.76245
95,G2,97.9989,10,982.452,0.288306,2.46445,0.771831
95,G2,97.9989,11,1082.04,0.239368,1.88294,0.783694
95,G2,97.9989,12,1181.63,0.28897,2.83126,0.737349
95,G2,97.9989,13,1281.23,0.282704,2.99725,0.86455
95,G2,97.9989,14,1380.82,0.34809,1.57188,0.860925
95,G2,97.9989,15,1481.75,0.400427,1.72014,0.930001
95,G2,97.9989,16,1582.69,0.449892,1.07945,0.95757
95,G2,97.9989,17,1683.63,0.402631,2.54787,0.934457
95,G2,97.9989,18,1784.56,0.410406,2.47235,0.901595
95,G2,97.9989,19,1886.85,0.444543,1.75088,0.911446
95,G2,97.9989,20,1989.13,0.406029,0.485899,0.898497
95,G2,97.9989,21,2091.41,0.568453,2.31613,0.955184
95,G2,97.9989,22,2195.04,0.541198,1.19405,0.923344
95,G2,97.9989,23,2300.02,0.595447,0.462481,0.939072
95,G2,97.9989,24,2404.99,0.661582,1.1128,0.97287
95,G2,97.9989,30,2932.55,0.648893,0.959542,0.920315
95,G2,97.9989,34,3040.22,0.748271,0.96229,0.969356
95,G2,97.9989,35,3149.23,0.906775,1.1619,0.965826
95,G2,97.9989,36,3814.07,1.16156,0.301319,0.93465
95,G2,97.9989,43,4628.29,1.67866,0.308152,0.974002
95,G2,97.9989,50,4867.85,1.57807,-0.398458,0.934854
95,G2,97.9989,52,5112.79,2.38398,-0.459555,0.866219
95,G2,97.9989,55,5870.49,2.70066,-0.720979,0.844165
95,G2,97.9989,61,7076.35,3.7448,-1.59411,0.896716
95,G2,97.9989,70,7792.33,1.50724,-6.52431,0.61112
95,F7,2793.83,1,2806.05,3.36247,-1.23701,0.990517
95,F7,2793.83,2,5741.29,6.24899,-1.20585,0.99944
95,F7,2793.83,3,8827.27,34.0042,-3.09334,0.982869
95,F7,2793.83,4,12076.1,16.9477,-8.79203,0.750158
95,A6,1760,1,1768.41,1.76025,3.69079,0.987542
95,A6,1760,2,3574.51,4.47129,1.18681,0.977184
95,A6,1760,3,5462.7,7.27576,-2.31422,0.986384
95,A6,1760,4,7454.53,8.29462,-6.01099,0.844355
95,Fs4,369.994,1,370.102,0.497685,4.50091,0.807106
95,Fs4,369.994,2,740.204,0.516509,3.52264,0.841128
95,Fs4,369.994,3,1111.65,0.384618,1.7093,0.689188
95,Fs4,369.994,4,1487.14,0.440968,2.09777,0.853679
95,Fs4,369.994,5,1862.62,0.532896,0.85657,0.943418
95,Fs4,369.994,6,2242.14,0.551057,1.28015,0.951571
95,Fs4,369.994,7,2627.05,0.732232,0.754066,0.960619
95,Fs4,369.994,9,3015.99,1.08738,0.843762,0.970379
95,Fs4,369.994,10,3811.38,2.14658,0.703771,0.901735
95,Fs4,369.994,11,4630.98,2.71554,-0.308879,0.942391
95,Fs4,369.994,14,5485.58,4.34411,-0.0229972,0.878176
95,Fs4,369.994,17,5924.32,6.26217,-1.37256,0.907199
95,Gs7,3322.44,2,6856.98,25.2218,-2.65111,0.991725
95,Gs7,3322.44,3,10554,4.68422,-11.0149,0.53108
95,Cs6,1108.73,1,1110.31,1.24506,3.69209,0.901972
95,Cs6,1108.73,2,2232.72,1.66626,1.66617,0.925259
95,Cs6,1108.73,3,3376.68,3.59482,0.178733,0.97283
95,Cs6,1108.73,4,4556.96,4.99059,0.326192,0.973971
95,Cs6,1108.73,5,5785.7,7.89907,-0.282376,0.946473
95,Cs6,1108.73,6,7062.89,12.3923,-0.842759,0.973646
95,Cs6,1108.73,8,8385.84,8.38807,-5.66788,0.812195
95,A4,440,1,440.085,0.451643,3.21977,0.783333
95,A4,440,2,881.516,0.548513,4.09118,0.862698
95,A4,440,3,1324.29,0.524317,3.23104,0.782711
95,A4,440,4,1771.11,0.575417,2.26064,0.903438
95,A4,440,5,2220.61,0.735278,1.87297,0.956401
95,A4,440,6,2676.85,0.895987,1.80402,0.965685
95,A4,440,8,3139.81,1.35528,0.489377,0.945358
95,A4,440,9,3609.5,1.77709,0.185056,0.943086
95,A4,440,10,5072.42,4.16175,0.690526,0.933616
95,A4,440,13,5581.14,5.09498,-0.951979,0.890612
95,A4,440,14,6640.3,8.86253,-0.833844,0.953936
95,A4,440,17,7186.71,9.62742,-1.23238,0.947461
95,A4,440,18,7747.92,2.96673,-7.4025,0.634148
95,A4,440,19,8899.94,2.68167,-8.68843,0.595491
95,F5,698.456,1,698.483,0.610184,4.14561,0.545909
95,F5,698.456,2,1401,0.80915,2.99666,0.817044
95,F5,698.456,3,2108.91,1.04159,2.37047,0.886078
95,F5,698.456,4,2830.27,1.83802,1.09265,0.982136
95,F5,698.456,5,3559.71,2.82469,-0.0750088,0.93483
95,F5,698.456,6,4317.41,3.9168,0.0979231,0.971703
95,F5,698.456,7,5091.26,5.12189,0.473817,0.928625
95,F5,698.456,9,5886.64,8.41475,-0.181013,0.942364
95,F5,698.456,10,6710.28,9.03783,-2.33379,0.904737
95,F5,698.456,11,7543.35,6.56341,-5.19044,0.741145
95,Gs5,830.609,1,831.72,0.633893,4.16258,0.779767
95,Gs5,830.609,2,1670.17,1.01132,2.99176,0.940978
95,Gs5,830.609,3,2515.35,1.89017,2.61912,0.978816
95,Gs5,830.609,4,3379.37,3.24272,1.26561,0.974947
95,Gs5,830.609,5,4263.57,3.53629,0.00552936,0.990986
95,Gs5,830.609,6,5177.39,5.17461,0.375453,0.957429
95,Gs5,830.609,8,6112.74,7.83452,-0.137793,0.972807
95,Gs5,830.609,9,7096.54,10.1109,-0.561004,0.931188
95,Gs5,830.609,10,8101.87,2.70908,-8.50263,0.56312
95,Cs4,277.183,1,277.24,0.420373,4.80524,0.874334
95,Cs4,277.183,2,554.48,0.339452,3.9836,0.606138
95,Cs4,277.183,3,833.066,0.362004,2.84011,0.830956
95,Cs4,277.183,4,1111.65,0.52831,2.72163,0.812197
95,Cs4,277.183,5,1391.58,0.303685,2.33577,0.620099
95,Cs4,277.183,6,1674.21,0.549107,3.31799,0.889356
95,Cs4,277.183,7,1958.18,0.588071,2.84514,0.922146
95,Cs4,277.183,8,2243.49,0.547788,0.591268,0.804258
95,Cs4,277.183,9,2535.53,0.720773,1.00982,0.91816
95,Cs4,277.183,11,3415.7,1.28701,1.30743,0.962883
95,Cs4,277.183,14,3718.52,1.68546,1.07823,0.969033
95,Cs4,277.183,15,4024.02,1.87015,0.123724,0.911202
95,Cs4,277.183,16,4332.21,1.64732,-0.620507,0.929774
95,Cs4,277.183,17,5618.82,3.52515,-0.221645,0.957377
95,Cs4,277.183,18,5953.93,3.93792,-0.0231078,0.919061
95,Cs4,277.183,23,6294.42,3.87814,-0.310855,0.912088
95,Cs4,277.183,24,6645.68,5.40909,-1.62425,0.93288
95,Cs4,277.183,25,7353.59,5.56232,-2.61555,0.873903
95,Cs4,277.183,27,8096.48,3.6773,-5.40217,0.712493
95,Fs6,1479.98,1,1484.45,1.53328,3.84942,0.963479
95,Fs6,1479.98,2,2986.39,2.36914,1.49096,0.990584
95,Fs6,1479.98,3,4544.85,3.25066,1.23943,0.951075
95,Fs6,1479.98,4,6169.26,6.87642,-0.871863,0.931038
95,Fs6,1479.98,5,7865,13.2347,-1.28021,0.942138
95,Fs6,1479.98,7,9718.2,5.14213,-8.33621,0.632054
95,A3,220,2,440.085,0.330138,4.55462,0.717988
95,A3,220,3,660.8,0.29386,2.7209,0.686651
95,A3,220,4,881.516,0.336646,1.38409,0.846881
95,A3,220,5,1103.58,0.307791,3.30494,0.749887
95,A3,220,6,1325.64,0.353028,2.23709,0.86818
95,A3,220,7,1550.39,0.479782,2.60096,0.94769
95,A3,220,8,1779.18,0.515095,1.2728,0.929521
95,A3,220,14,3404.94,1.31001,0.656691,0.9749
95,A3,220,17,3645.84,1.25894,0.591878,0.925897
95,A3,220,18,4139.76,1.34144,-0.434814,0.9549
95,A3,220,21,4908.22,2.00815,-0.26396,0.890261
95,A3,220,24,5706.3,3.09597,0.133519,0.883402
95,A3,220,27,6255.4,4.25641,-1.6856,0.904798
95,A3,220,28,6543.4,4.07982,-2.52416,0.862476
95,A3,220,29,7418.19,3.4435,-4.59845,0.743912
95,A3,220,32,8026.5,3.43907,-5.3887,0.732488
95,A3,220,34,8333.35,2.97507,-6.61922,0.66063
95,F2,87.3071,1,87.4786,0.246383,4.55297,0.815372
95,F2,87.3071,2,174.957,0.261132,2.99111,0.771938
95,F2,87.3071,3,261.09,0.217819,2.86763,0.794332
95,F2,87.3071,4,348.569,0.307408,3.79446,0.67838
95,F2,87.3071,5,436.047,0.190017,2.8934,0.689019
95,F2,87.3071,7,611.005,0.198206,3.7848,0.767695
95,F2,87.3071,9,787.308,0.264604,2.99403,0.837539
95,F2,87.3071,10,874.786,0.207326,2.94335,0.621833
95,F2,87.3071,11,963.611,0.267774,2.42491,0.81339
95,F2,87.3071,12,1051.09,0.317321,2.52341,0.806332
95,F2,87.3071,13,1139.91,0.266081,3.8742,0.801618
95,F2,87.3071,14,1228.74,0.238235,3.16763,0.712545
95,F2,87.3071,15,1317.56,0.28677,3.06852,0.851148
95,F2,87.3071,16,1407.73,0.431243,1.2903,0.890322
95,F2,87.3071,17,1496.56,0.408813,1.71682,0.870881
95,F2,87.3071,18,1586.73,0.349168,2.7088,0.924658
95,F2,87.3071,19,1678.24,0.382488,3.04945,0.891053
95,F2,87.3071,20,1768.41,0.590444,0.280298,0.90733
95,F2,87.3071,33,2600.13,0.731117,1.97821,0.934427
95,F2,87.3071,34,2812.77,0.672385,1.21968,0.922121
95,F2,87.3071,36,3472.23,0.886591,1.02809,0.938299
95,F2,87.3071,44,3571.82,0.977587,0.185447,0.945068
95,F2,87.3071,45,4219.16,3.17015,0.448056,0.950065
95,F2,87.3071,51,4290.49,1.29751,0.0870222,0.943374
95,F2,87.3071,52,4394.12,1.55155,-0.240454,0.883821
95,F2,87.3071,53,5044.15,2.10112,-0.176247,0.913185
95,F2,87.3071,59,6189.45,3.87447,-0.175411,0.934096
95,F2,87.3071,69,6677.98,3.51665,-1.63684,0.890044
95,F2,87.3071,73,7173.25,2.02819,-5.06255,0.714338
95,F2,87.3071,77,7819.24,1.79256,-6.12432,0.648427
95,F2,87.3071,82,9198.71,1.81668,-6.69941,0.594148
95,G7,3135.96,1,3153.27,3.87789,0.562884,0.999992
95,G7,3135.96,2,6756.04,19.4597,-3.30578,0.976537
95,G7,3135.96,3,9945.65,30.9399,-5.63013,0.941719
95,Fs1,46.2493,1,45.7581,0.258085,2.96543,0.956376
95,Fs1,46.2493,2,91.5161,0.272667,4.68854,0.935185
95,Fs1,46.2493,3,138.62,0.252902,5.83974,0.947467
95,Fs1,46.2493,4,184.378,0.263795,5.21954,0.841856
95,Fs1,46.2493,5,230.136,0.233819,4.14191,0.849564
95,Fs1,46.2493,6,277.24,0.294016,4.26375,0.889977
95,Fs1,46.2493,9,415.86,0.201599,4.02655,0.869363
95,Fs1,46.2493,10,461.618,0.20903,3.63142,0.696409
95,Fs1,46.2493,11,508.722,0.170777,4.17219,0.764995
95,Fs1,46.2493,12,555.826,0.261157,3.23364,0.793556
95,Fs1,46.2493,13,601.584,0.219225,1.8986,0.6922
95,Fs1,46.2493,14,648.688,0.262372,4.20077,0.754114
95,Fs1,46.2493,16,742.896,0.179212,1.6892,0.611715
95,Fs1,46.2493,18,837.103,0.259132,3.27593,0.841504
95,Fs1,46.2493,19,885.553,0.256203,3.11767,0.759452
95,Fs1,46.2493,20,932.657,0.303315,1.50071,0.887647
95,Fs1,46.2493,21,981.107,0.381271,3.40405,0.903263
95,Fs1,46.2493,22,1029.56,0.183725,2.68744,0.616861
95,Fs1,46.2493,23,1079.35,0.290409,1.42384,0.842917
95,Fs1,46.2493,25,1204.51,1.14361,-0.968946,0.842049
95,Fs1,46.2493,26,1250.27,0.824476,-0.221446,0.870292
95,Fs1,46.2493,27,1297.38,0.764323,0.088575,0.910651
95,Fs1,46.2493,28,1344.48,0.659899,-2.29192,0.89613
95,Fs1,46.2493,29,1391.58,0.921932,-1.86374,0.940069
95,Fs1,46.2493,33,1619.03,0.601806,1.30013,0.927718
95,Fs1,46.2493,34,1670.17,0.588558,1.83489,0.920591
95,Fs1,46.2493,35,1722.66,0.556615,2.45015,0.913329
95,Fs1,46.2493,36,1773.8,0.566154,2.81691,0.938157
95,Fs1,46.2493,37,1824.94,0.515238,0.904882,0.978936
95,Fs1,46.2493,38,1877.43,0.542495,0.706102,0.949664
95,Fs1,46.2493,39,1929.91,0.554619,0.757295,0.953184
95,Fs1,46.2493,40,1982.4,0.623637,-1.41342,0.951223
95,Fs1,46.2493,41,2056.42,0.755751,-0.569666,0.955187
95,Fs1,46.2493,42,2104.87,0.818866,-1.25626,0.958101
95,Fs1,46.2493,47,2414.41,0.866855,-0.832649,0.959043
95,Fs1,46.2493,48,2469.59,0.683901,-0.314383,0.912107
95,Fs1,46.2493,49,2526.11,0.881111,-0.179047,0.966807
95,Fs1,46.2493,50,2581.29,0.942972,0.909837,0.982013
95,Fs1,46.2493,51,2639.16,0.897757,1.04915,0.961475
95,Fs1,46.2493,52,2697.03,0.960784,1.08418,0.954575
95,Fs1,46.2493,60,2753.56,1.12283,1.04878,0.996461
95,Fs1,46.2493,61,3229.98,1.12551,0.380352,0.956951
95,Fs1,46.2493,68,3289.2,1.2084,0.350053,0.979429
95,Fs1,46.2493,69,3793.88,1.83274,-0.00131013,0.958588
95,Fs1,46.2493,71,4604.07,3.02909,1.01585,0.973394
95,Fs1,46.2493,89,5918.94,2.86875,-0.232533,0.921992
95,Cs3,138.591,2,277.24,0.364964,5.06055,0.821473
95,Cs3,138.591,4,554.48,0.265679,3.83712,0.694505
95,Cs3,138.591,5,693.1,0.234522,3.83492,0.661494
95,Cs3,138.591,6,833.066,0.312951,3.63454,0.780929
95,Cs3,138.591,7,973.032,0.378146,3.51543,0.916642
95,Cs3,138.591,8,1111.65,0.304731,1.62933,0.826947
95,Cs3,138.591,9,1252.96,0.335869,3.26971,0.823815
95,Cs3,138.591,10,1392.93,0.373075,2.06098,0.925597
95,Cs3,138.591,11,1535.59,0.37375,2.42742,0.869088
95,Cs3,138.591,12,1680.94,0.425978,2.73785,0.83249
95,Cs3,138.591,21,2691.65,0.766771,2.17903,0.967901
95,Cs3,138.591,22,2839.69,0.853094,1.13815,0.944762
95,Cs3,138.591,23,2989.08,0.752966,0.755053,0.949734
95,Cs3,138.591,24,3139.81,0.892647,0.764728,0.982547
95,Cs3,138.591,25,4228.58,1.13655,0.34459,0.945481
95,Cs3,138.591,33,4554.27,1.56012,0.235548,0.949022
95,Cs3,138.591,35,5048.19,2.6639,0.0970835,0.929874
95,Cs3,138.591,38,5733.22,2.2739,-0.537907,0.933931
95,Cs3,138.591,41,6088.51,2.84865,-0.887974,0.900853
95,Cs3,138.591,43,6267.51,3.98964,-0.58689,0.93135
95,Cs3,138.591,44,7381.85,5.74885,-0.793657,0.914042
95,Cs3,138.591,50,8571.56,3.93397,-4.1907,0.815145
95,Gs2,103.826,1,103.629,0.334723,4.27532,0.855684
95,Gs2,103.826,2,207.257,0.239133,3.77655,0.843081
95,Gs2,103.826,4,414.514,0.206945,3.31583,0.743738
95,Gs2,103.826,5,519.489,0.189504,2.69748,0.734581
95,Gs2,103.826,6,623.117,0.252088,3.68899,0.763247
95,Gs2,103.826,7,728.091,0.249698,2.72004,0.776187
95,Gs2,103.826,8,831.72,0.255412,2.8223,0.71988
95,Gs2,103.826,9,936.694,0.234448,3.19606,0.69615
95,Gs2,103.826,10,1041.67,0.261749,3.56967,0.863626
95,Gs2,103.826,11,1146.64,0.216686,1.79665,0.821865
95,Gs2,103.826,12,1251.62,0.290395,2.83478,0.872503
95,Gs2,103.826,13,1357.94,0.34281,2.67071,0.911176
95,Gs2,103.826,14,1464.26,0.389428,2.5363,0.950425
95,Gs2,103.826,15,1570.58,0.400543,1.68657,0.915087
95,Gs2,103.826,16,1676.9,0.43557,0.117078,0.805418
95,Gs2,103.826,17,1784.56,0.37425,2.11662,0.948473
95,Gs2,103.826,18,1892.23,0.441757,1.37743,0.933423
95,Gs2,103.826,19,2001.24,0.415009,0.822858,0.922992
95,Gs2,103.826,20,2110.25,0.493581,-1.69994,0.838158
95,Gs2,103.826,21,2217.92,0.532114,0.628449,0.890026
95,Gs2,103.826,22,2328.28,0.557876,0.29929,0.961316
95,Gs2,103.826,23,2438.64,0.534067,1.62253,0.963879
95,Gs2,103.826,24,2550.34,0.658781,0.536725,0.893385
95,Gs2,103.826,25,2662.04,0.566904,-0.536211,0.927921
95,Gs2,103.826,26,2776.44,0.733601,0.702874,0.975568
95,Gs2,103.826,28,3115.59,0.847392,0.968834,0.947124
95,Gs2,103.826,34,3345.72,0.825584,0.723837,0.958099
95,Gs2,103.826,36,3461.46,1.08588,0.425953,0.931932
95,Gs2,103.826,37,4550.23,1.54478,-0.304396,0.939927
95,Gs2,103.826,38,4803.25,1.74333,-0.00672136,0.930898
95,Gs2,103.826,49,4929.76,1.74053,-0.730499,0.981631
95,Gs2,103.826,50,5058.96,2.47867,0.186777,0.927289
95,Gs2,103.826,52,5320.05,2.30692,-0.760587,0.887601
95,Gs2,103.826,54,6266.16,2.58364,-0.886587,0.875842
95,Gs2,103.826,61,8035.92,1.55213,-6.79612,0.582707
95,Gs3,207.652,2,415.86,0.28043,4.15045,0.725052
95,Gs3,207.652,3,623.117,0.278744,4.17684,0.857279
95,Gs3,207.652,4,831.72,0.352866,3.32547,0.842939
95,Gs3,207.652,5,1040.32,0.34472,3.31113,0.808278
95,Gs3,207.652,6,1250.27,0.367912,2.97944,0.839368
95,Gs3,207.652,7,1461.57,0.478808,2.86816,0.869355
95,Gs3,207.652,8,1674.21,0.53934,0.864955,0.964509
95,Gs3,207.652,9,1886.85,0.554189,2.37711,0.939253
95,Gs3,207.652,10,2100.83,0.577483,1.75874,0.910591
95,Gs3,207.652,11,2317.51,0.652291,0.0347156,0.92832
95,Gs3,207.652,12,2535.53,0.902241,1.795,0.984574
95,Gs3,207.652,13,2756.25,0.957239,2.30561,0.955106
95,Gs3,207.652,14,2976.97,0.927212,0.998742,0.952767
95,Gs3,207.652,17,3201.72,1.02012,1.02578,0.971502
95,Gs3,207.652,18,4360.47,1.89202,0.455606,0.964964
95,Gs3,207.652,24,5091.26,2.18238,0.222028,0.971414
95,Gs3,207.652,27,5338.89,2.42233,-0.838697,0.94035
95,Gs3,207.652,28,5851.65,3.30065,-0.682516,0.897518
95,Gs3,207.652,30,6918.89,5.54258,-0.273425,0.863437
95,Gs3,207.652,35,7196.13,3.25492,-3.91947,0.784616
95,Gs3,207.652,36,7755.99,3.15155,-4.63744,0.716982
95,Cs2,69.2957,2,138.62,0.218728,4.02655,0.617803
95,Cs2,69.2957,4,277.24,0.220928,2.58631,0.75809
95,Cs2,69.2957,5,345.877,0.225993,4.25733,0.83961
95,Cs2,69.2957,7,484.497,0.231535,3.55432,0.875946
95,Cs2,69.2957,8,554.48,0.209958,2.03893,0.741435
95,Cs2,69.2957,9,624.463,0.256022,3.62156,0.772431
95,Cs2,69.2957,10,693.1,0.253319,3.92822,0.912533
95,Cs2,69.2957,11,763.083,0.225493,2.78944,0.700853
95,Cs2,69.2957,12,833.066,0.212649,3.56561,0.766119
95,Cs2,69.2957,13,903.049,0.221906,0.968573,0.710253
95,Cs2,69.2957,14,974.377,0.224432,2.44269,0.750789
95,Cs2,69.2957,15,1044.36,0.253508,1.54477,0.708994
95,Cs2,69.2957,16,1114.34,0.292268,1.35132,0.854752
95,Cs2,69.2957,17,1185.67,0.270988,3.03296,0.860451
95,Cs2,69.2957,18,1255.65,0.321669,2.41116,0.905897
95,Cs2,69.2957,19,1328.33,0.350499,2.71165,0.838669
95,Cs2,69.2957,20,1401,0.427036,1.42835,0.904215
95,Cs2,69.2957,26,1873.39,0.651255,-2.31289,0.794212
95,Cs2,69.2957,34,2499.2,0.616516,1.06269,0.958276
95,Cs2,69.2957,35,2575.91,0.57658,1.2376,0.960341
95,Cs2,69.2957,36,2651.28,0.5766,1.56529,0.935135
95,Cs2,69.2957,37,2729.33,0.612735,2.10135,0.960689
95,Cs2,69.2957,38,2806.05,0.594555,1.6648,0.943139
95,Cs2,69.2957,39,2886.79,0.579121,0.362223,0.967381
95,Cs2,69.2957,44,3197.68,0.69472,0.61045,0.970684
95,Cs2,69.2957,49,3935.19,0.863829,-0.0794142,0.967007
95,Cs2,69.2957,58,4620.22,1.35754,-0.0910304,0.940263
95,Cs2,69.2957,66,4796.52,1.48128,-0.254002,0.945915
95,Cs2,69.2957,68,5626.9,2.22403,-0.141522,0.929209
95,Cs2,69.2957,77,6314.61,2.96414,-2.58053,0.869959
95,Cs2,69.2957,83,7236.5,0.961917,-8.123,0.553684
95,Cs2,69.2957,91,7498.94,1.76762,-5.74071,0.684669
95,A2,110,1,110.358,0.308035,4.1158,0.902035
95,A2,110,2,219.37,0.258283,2.92831,0.792478
95,A2,110,4,440.085,0.215965,3.37196,0.658639
95,A2,110,5,550.443,0.250859,3.18282,0.779461
95,A2,110,6,660.8,0.174607,2.23205,0.777433
95,A2,110,7,771.158,0.216772,1.45999,0.735127
95,A2,110,8,881.516,0.195168,1.9535,0.637315
95,A2,110,9,991.873,0.274056,2.86641,0.825694
95,A2,110,10,1103.58,0.262484,3.3777,0.782122
95,A2,110,11,1216.63,0.288083,2.14227,0.784332
95,A2,110,12,1331.02,0.385158,2.49182,0.903659
95,A2,110,23,2702.42,0.68253,0.226426,0.969112
95,A2,110,26,2939.28,0.628541,1.11404,0.941138
95,A2,110,29,3059.06,0.718935,0.523078,0.960626
95,A2,110,30,3422.43,1.03941,0.763192,0.949776
95,A2,110,33,3544.9,1.1275,0.244363,0.981006
95,A2,110,34,4299.91,1.1488,-0.277937,0.926137
95,A2,110,40,4429.11,1.33277,-0.931911,0.933219
95,A2,110,41,4820.75,1.99038,-0.615037,0.933164
95,A2,110,43,5497.7,2.15438,-0.441292,0.906314
95,A2,110,48,5636.32,2.27472,-1.17148,0.928631
95,A2,110,49,6348.26,3.96638,-1.0202,0.899101
95,A2,110,53,7240.54,2.87761,-3.6884,0.832259
95,A2,110,58,8506.96,4.65749,-2.30059,0.840864
95,G6,1567.98,1,1573.27,1.84661,3.97381,0.987082
95,G6,1567.98,2,3172.11,2.78664,1.3069,0.985302
95,G6,1567.98,3,4831.51,4.83096,-0.683402,0.982938
95,G6,1567.98,4,5505.77,7.74325,-2.24704,0.969449
95,G6,1567.98,5,8411.41,3.35717,-9.36501,0.593369
95,F3,174.614,1,174.957,0.250416,3.91705,0.803006
95,F3,174.614,2,348.569,0.291622,4.96658,0.803925
95,F3,174.614,4,698.483,0.30205,4.36943,0.851864
95,F3,174.614,6,1049.74,0.364351,2.18042,0.877508
95,F3,174.614,7,1227.39,0.362991,2.82163,0.903766
95,F3,174.614,8,1403.7,0.363344,1.31768,0.830793
95,F3,174.614,9,1581.34,0.365075,2.59433,0.850541
95,F3,174.614,10,1760.34,0.434429,2.75768,0.934245
95,F3,174.614,11,1940.68,0.56061,1.05519,0.902743
95,F3,174.614,12,2121.02,0.53533,1.94097,0.919099
95,F3,174.614,13,2304.05,0.588381,1.33679,0.925048
95,F3,174.614,14,2489.78,0.709447,0.996491,0.9041
95,F3,174.614,17,2670.12,0.546328,1.05607,0.881007
95,F3,174.614,18,2855.84,0.726032,1.18617,0.920916
95,F3,174.614,19,3231.33,0.883726,0.923445,0.936033
95,F3,174.614,21,3421.09,1.2483,0.411281,0.967077
95,F3,174.614,22,3613.54,1.03882,-0.155379,0.928307
95,F3,174.614,23,4807.29,1.91849,0.179324,0.932891
95,F3,174.614,30,5013.2,2.17287,-0.0300513,0.944363
95,F3,174.614,31,5433.1,3.62512,0.0979111,0.915267
95,F3,174.614,33,6081.78,3.55684,-0.43661,0.879315
95,F3,174.614,36,6525.91,5.0564,-0.442851,0.910505
95,F3,174.614,38,6752,4.43475,-0.947513,0.899182
95,F3,174.614,39,7454.53,6.30191,-0.344204,0.90688
95,F3,174.614,42,7933.64,5.89501,-1.7471,0.91707
95,F3,174.614,44,8932.24,2.48481,-6.68877,0.624261
95,Fs7,2959.96,1,2960.82,2.18808,-7.94771,0.631969
95,Fs7,2959.96,2,6283.66,9.84425,-3.49716,0.998131
95,Fs7,2959.96,3,9366.94,33.9892,-4.25735,0.952962
95,Cs5,554.365,1,554.48,0.559354,4.10397,0.715437
95,Cs5,554.365,2,1110.31,0.593101,3.8912,0.689569
95,Cs5,554.365,3,1671.51,0.910684,2.96238,0.865317
95,Cs5,554.365,4,2238.11,0.973625,2.56568,0.921701
95,Cs5,554.365,5,2811.43,1.57364,1.14283,0.96536
95,Cs5,554.365,6,3395.52,2.26425,1.36666,0.971211
95,Cs5,554.365,8,3993.06,2.92998,0.0622001,0.959455
95,Cs5,554.365,9,4601.38,4.35923,-0.253519,0.913469
95,Cs5,554.365,10,5228.53,5.86464,-0.268672,0.899178
95,Cs5,554.365,11,5869.14,7.94187,-0.538161,0.918426
95,Cs5,554.365,12,7415.5,6.10702,-5.6696,0.737007
95,Cs5,554.365,15,7891.92,6.21203,-5.32893,0.771988
95,Cs5,554.365,16,8630.78,6.0083,-6.80901,0.683549
95,Gs4,415.305,1,415.86,0.406241,4.33691,0.885438
95,Gs4,415.305,4,1670.17,0.584273,2.4761,0.886553
95,Gs4,415.305,5,2095.45,0.639601,1.20399,0.878877
95,Gs4,415.305,6,2523.42,0.842795,1.10867,0.943969
95,Gs4,415.305,7,2958.12,1.05402,1.18818,0.943709
95,Gs4,415.305,9,3399.55,1.56362,0.486683,0.938175
95,Gs4,415.305,10,3847.71,2.11607,-0.693217,0.954628
95,Gs4,415.305,11,5241.99,3.8673,-0.368732,0.911046
95,Gs4,415.305,15,6223.1,6.08742,-0.270888,0.917273
95,Gs4,415.305,17,7255.34,8.05127,-1.79399,0.912745
95,A5,880,1,881.516,0.743566,3.82408,0.816057
95,A5,880,2,1768.41,1.05911,2.4954,0.944887
95,A5,880,3,2670.12,1.7743,1.23647,0.970341
95,A5,880,4,3590.66,3.51069,1.45347,0.983304
95,A5,880,5,4534.08,4.59696,0.2292,0.958824
95,A5,880,6,4783.06,6.71607,-1.13968,0.960571
95,A5,880,7,5504.42,7.62195,-0.530468,0.959388
95,A5,880,8,6505.72,7.36276,-2.04992,0.996557
95,A5,880,9,7572.96,13.2881,-1.40743,0.92811
95,A5,880,10,8671.15,4.46045,-7.13824,0.639172
95,F4,349.228,1,348.569,0.415375,4.7235,0.916462
95,F4,349.228,3,1049.74,0.294438,2.96719,0.732295
95,F4,349.228,4,1402.35,0.592687,2.60883,0.934194
95,F4,349.228,5,1757.65,0.542975,2.02715,0.897956
95,F4,349.228,6,2115.64,0.616881,1.78443,0.895441
95,F4,349.228,7,2476.32,0.65363,0.974005,0.92165
95,F4,349.228,8,2842.38,0.93874,1.31465,0.940412
95,F4,349.228,10,3967.49,1.58519,0.128769,0.96236
95,F4,349.228,13,4355.09,2.14938,-0.76843,0.941895
95,F4,349.228,14,4748.07,4.12056,-0.0414933,0.940431
95,F4,349.228,15,5974.12,4.07485,-0.69609,0.892328
95,G1,48.9994,1,48.4497,0.272394,3.19268,0.808147
95,G1,48.9994,2,98.2452,0.263207,5.02947,0.829894
95,G1,48.9994,3,146.695,0.255717,5.90066,0.877413
95,G1,48.9994,4,195.145,0.231626,4.59643,0.897498
95,G1,48.9994,5,244.94,0.209515,3.9171,0.825917
95,G1,48.9994,7,341.84,0.22292,3.77464,0.791755
95,G1,48.9994,8,391.635,0.236633,2.58344,0.934498
95,G1,48.9994,9,440.085,0.157623,3.73856,0.827394
95,G1,48.9994,10,489.88,0.337463,4.69937,0.852598
95,G1,48.9994,11,539.676,0.147494,2.03427,0.677429
95,G1,48.9994,12,588.126,0.214324,2.70584,0.620564
95,G1,48.9994,13,637.921,0.257489,3.80583,0.754016
95,G1,48.9994,14,687.717,0.21275,3.65857,0.904162
95,G1,48.9994,15,737.512,0.214345,2.65429,0.799139
95,G1,48.9994,16,787.308,0.227624,2.25055,0.768673
95,G1,48.9994,17,837.103,0.211753,2.95264,0.622892
95,G1,48.9994,18,886.899,0.238538,3.05461,0.780724
95,G1,48.9994,19,936.694,0.276677,3.41872,0.822094
95,G1,48.9994,20,987.836,0.302694,1.91799,0.764807
95,G1,48.9994,21,1038.98,0.236531,3.45507,0.697796
95,G1,48.9994,22,1091.46,0.302203,3.56262,0.883187
95,G1,48.9994,23,1143.95,0.237023,1.8673,0.741825
95,G1,48.9994,25,1274.5,0.74723,-0.78953,0.875506
95,G1,48.9994,26,1325.64,0.748548,-0.184426,0.856447
95,G1,48.9994,27,1375.43,0.628717,-0.260698,0.914873
95,G1,48.9994,28,1425.23,0.665032,-0.485008,0.846853
95,G1,48.9994,29,1475.02,0.565281,-0.964347,0.865389
95,G1,48.9994,32,1658.06,0.471034,0.169813,0.968639
95,G1,48.9994,33,1713.24,0.435318,1.49259,0.931092
95,G1,48.9994,34,1767.07,0.568387,2.12449,0.946319
95,G1,48.9994,35,1819.56,0.484615,2.44732,0.950491
95,G1,48.9994,36,1873.39,0.503676,1.87935,0.945778
95,G1,48.9994,37,1928.57,0.543866,2.85548,0.944178
95,G1,48.9994,38,1983.75,0.489138,1.98913,0.979337
95,G1,48.9994,39,2038.93,0.550906,1.12243,0.969915
95,G1,48.9994,41,2177.55,0.789851,-0.728102,0.936971
95,G1,48.9994,43,2279.83,0.719118,-1.55619,0.914069
95,G1,48.9994,45,2431.91,0.775633,0.953233,0.951869
95,G1,48.9994,46,2488.43,0.692229,0.931244,0.939872
95,G1,48.9994,48,2604.17,0.83511,-0.0433774,0.969764
95,G1,48.9994,49,2687.61,0.810202,-2.18775,0.895423
95,G1,48.9994,50,2725.3,1.0216,0.0522049,0.998294
95,G1,48.9994,54,2843.73,0.862491,0.36975,0.951683
95,G1,48.9994,59,3207.1,1.12876,0.0326837,0.956928
95,G1,48.9994,65,3462.81,1.29098,0.342713,0.963103
95,G1,48.9994,69,3524.72,1.27567,-0.00928758,0.942938
95,G1,48.9994,70,4033.44,1.96539,0.259408,0.960061
95,G1,48.9994,77,4260.88,2.36779,-0.424636,0.89462
95,G1,48.9994,80,4760.18,3.63305,0.221691,0.942223
95,G1,48.9994,87,5438.48,4.0082,-0.595477,0.93177
95,G1,48.9994,95,6049.48,4.3963,-1.12537,0.862969
95,Ds2,77.7817,1,78.0579,0.377866,5.13297,0.935493
95,Ds2,77.7817,2,154.77,0.226964,3.13579,0.724813
95,Ds2,77.7817,3,232.828,0.232672,3.1689,0.814328
95,Ds2,77.7817,4,310.886,0.165723,4.10722,0.641802
95,Ds2,77.7817,6,467.001,0.166204,2.53089,0.65048
95,Ds2,77.7817,7,545.059,0.281801,3.1938,0.875903
95,Ds2,77.7817,8,623.117,0.228513,1.82777,0.776849
95,Ds2,77.7817,10,779.233,0.208894,2.8521,0.716059
95,Ds2,77.7817,11,857.291,0.250889,3.39438,0.772206
95,Ds2,77.7817,12,936.694,0.266725,2.34622,0.86637
95,Ds2,77.7817,13,1014.75,0.265365,2.97581,0.853965
95,Ds2,77.7817,14,1094.16,0.245859,2.64782,0.765563
95,Ds2,77.7817,15,1173.56,0.398414,3.02553,0.875507
95,Ds2,77.7817,16,1251.62,0.320756,1.11892,0.787686
95,Ds2,77.7817,17,1332.37,0.560903,1.86309,0.931783
95,Ds2,77.7817,18,1411.77,0.299578,2.59021,0.87192
95,Ds2,77.7817,19,1492.52,0.345602,1.89959,0.877202
95,Ds2,77.7817,20,1574.62,0.325089,2.01629,0.900849
95,Ds2,77.7817,27,2186.97,0.749587,-1.82429,0.907589
95,Ds2,77.7817,36,2987.73,0.616556,-0.316479,0.976789
95,Ds2,77.7817,37,3076.56,0.585384,1.90976,0.978953
95,Ds2,77.7817,43,3162.69,0.600285,1.1521,0.970607
95,Ds2,77.7817,44,3239.4,0.691653,-0.16975,0.970656
95,Ds2,77.7817,45,3517.99,0.890876,-0.239578,0.948615
95,Ds2,77.7817,49,3699.67,0.887084,-0.212593,0.960596
95,Ds2,77.7817,51,3885.4,0.895523,-0.633264,0.921045
95,Ds2,77.7817,53,4321.44,2.06711,0.070865,0.936412
95,Ds2,77.7817,54,5399.45,1.69628,0.346207,0.924104
95,Ds2,77.7817,68,5550.18,2.20632,-1.01919,0.899747
95,Ds2,77.7817,70,6482.84,4.33555,-1.36617,0.904166
95,C4,261.626,1,261.09,0.390223,5.01824,0.804173
95,C4,261.626,2,523.526,0.414429,3.06333,0.899279
95,C4,261.626,4,1048.4,0.354813,3.09178,0.686874
95,C4,261.626,5,1313.53,0.470979,3.14283,0.841886
95,C4,261.626,6,1578.65,0.507208,2.73771,0.924413
95,C4,261.626,7,1846.47,0.591566,2.42437,0.887578
95,C4,261.626,8,2116.98,0.675364,0.6879,0.943262
95,C4,261.626,12,3216.52,1.24041,-0.0931787,0.977739
95,C4,261.626,14,4075.16,1.50758,0.403324,0.955769
95,C4,261.626,18,4967.44,2.42713,0.0527798,0.934706
95,C4,261.626,21,5276.98,2.94582,-0.613545,0.911004
95,C4,261.626,22,5906.83,4.10192,-0.5417,0.908466
95,C4,261.626,24,6883.9,6.05234,-0.816837,0.876268
95,C4,261.626,27,7571.61,8.13999,-1.10924,0.944105
95,C4,261.626,29,7922.87,7.25226,-2.88002,0.892758
95,C4,261.626,30,8279.52,4.64727,-5.32277,0.755523
95,B1,61.7354,1,61.908,0.277384,1.62266,0.86593
95,B1,61.7354,2,123.816,0.306054,5.17586,0.916938
95,B1,61.7354,3,184.378,0.31751,4.71219,0.89371
95,B1,61.7354,4,246.286,0.209847,2.74446,0.72701
95,B1,61.7354,5,308.194,0.221912,4.31637,0.767879
95,B1,61.7354,9,555.826,0.1979,3.17183,0.760656
95,B1,61.7354,10,617.734,0.215125,3.07104,0.857902
95,B1,61.7354,12,742.896,0.178392,2.81396,0.717524
95,B1,61.7354,13,804.803,0.2505,3.07946,0.695844
95,B1,61.7354,14,866.711,0.19374,3.30946,0.74293
95,B1,61.7354,15,929.965,0.214987,3.11738,0.685276
95,B1,61.7354,16,993.219,0.236755,1.54661,0.825555
95,B1,61.7354,17,1056.47,0.275255,2.11232,0.877755
95,B1,61.7354,18,1119.73,0.231819,2.20555,0.821234
95,B1,61.7354,19,1182.98,0.315914,2.58268,0.894083
95,B1,61.7354,20,1247.58,0.282237,2.19778,0.793108
95,B1,61.7354,21,1312.18,0.38302,2.84708,0.958545
95,B1,61.7354,27,1734.77,0.495754,-1.27754,0.963277
95,B1,61.7354,34,2227.34,0.433043,1.11424,0.945108
95,B1,61.7354,35,2295.98,0.466335,1.70179,0.965982
95,B1,61.7354,36,2364.61,0.505964,1.20733,0.964507
95,B1,61.7354,37,2433.25,0.563103,1.83883,0.932692
95,B1,61.7354,38,2501.89,0.622529,2.10945,0.980268
95,B1,61.7354,39,2571.87,0.557113,0.414933,0.953281
95,B1,61.7354,45,2854.5,0.58844,1.36827,0.984032
95,B1,61.7354,49,2924.48,0.686836,1.06892,0.983848
95,B1,61.7354,50,2998.5,0.620587,1.18169,0.987197
95,B1,61.7354,51,3068.48,0.721924,0.480299,0.969592
95,B1,61.7354,52,3364.56,0.804161,0.00982227,0.934125
95,B1,61.7354,53,4225.89,1.2084,0.83974,0.973136
95,B1,61.7354,67,5069.72,1.74244,0.779562,0.959726
95,B1,61.7354,77,5379.26,2.82485,-0.327048,0.942484
95,B1,61.7354,81,5473.47,2.90986,-0.748751,0.946254
95,B1,61.7354,82,5914.9,2.93662,-2.17484,0.882492
95,B1,61.7354,86,6489.57,3.79241,-0.942569,0.859064
95,B1,61.7354,92,7605.26,4.93945,-0.893414,0.914526
95,As0,29.1352,1,28.2623,0.205777,1.48331,0.886362
95,As0,29.1352,2,57.8705,0.245845,4.10569,0.943707
95,As0,29.1352,3,86.1328,0.19956,5.86184,0.912872
95,As0,29.1352,4,115.741,0.18361,5.78251,0.877308
95,As0,29.1352,5,145.349,0.168494,5.24725,0.860489
95,As0,29.1352,8,232.828,0.153485,2.02516,0.8406
95,As0,29.1352,9,261.09,0.145385,4.09393,0.725599
95,As0,29.1352,11,320.306,0.123571,4.4193,0.652432
95,As0,29.1352,13,380.869,0.180514,4.92019,0.881998
95,As0,29.1352,14,410.477,0.159122,3.95261,0.658797
95,As0,29.1352,15,440.085,0.190553,3.7704,0.892918
95,As0,29.1352,16,471.039,0.17948,1.66104,0.697841
95,As0,29.1352,17,501.993,0.16333,2.78963,0.774559
95,As0,29.1352,18,532.947,0.217916,3.9641,0.938107
95,As0,29.1352,19,563.901,0.195414,2.24863,0.864488
95,As0,29.1352,20,594.855,0.281399,3.33229,0.915857
95,As0,29.1352,21,625.809,0.23685,4.10019,0.935413
95,As0,29.1352,22,658.109,0.241072,4.61332,0.946864
95,As0,29.1352,23,690.408,0.245713,1.69076,0.926661
95,As0,29.1352,24,721.362,0.227316,0.00286253,0.918269
95,As0,29.1352,25,753.662,0.246969,1.49294,0.93369
95,As0,29.1352,26,787.308,0.26311,2.32664,0.917747
95,As0,29.1352,27,820.953,0.290709,3.21871,0.960206
95,As0,29.1352,28,853.253,0.297321,3.77329,0.961952
95,As0,29.1352,29,886.899,0.360283,3.53211,0.993139
95,As0,29.1352,30,921.89,0.323353,3.36357,0.973515
95,As0,29.1352,31,955.536,0.358262,2.66677,0.977309
95,As0,29.1352,32,990.527,0.451539,1.14585,0.968432
95,As0,29.1352,34,1033.59,0.919096,-0.725112,0.994916
95,As0,29.1352,36,1126.46,0.790447,0.0256204,0.984117
95,As0,29.1352,37,1157.41,0.988155,1.13154,0.999985
95,As0,29.1352,38,1188.36,1.02617,1.51098,0.999984
95,As0,29.1352,40,1244.89,0.701112,2.02679,0.959455
95,As0,29.1352,41,1282.57,0.655311,1.34929,0.98323
95,As0,29.1352,42,1320.25,0.712167,1.98184,0.955772
95,As0,29.1352,43,1359.28,0.804781,2.52208,0.958386
95,As0,29.1352,44,1398.31,0.789111,2.83705,0.998822
95,As0,29.1352,45,1437.34,0.84946,2.59977,0.988864
95,As0,29.1352,46,1477.72,1.05428,1.7249,0.961972
95,As0,29.1352,47,1518.09,0.946433,2.27715,0.967466
95,As0,29.1352,48,1559.81,0.949627,2.43854,0.980929
95,As0,29.1352,49,1600.19,1.68916,2.41788,0.9922
95,As0,29.1352,50,1640.56,1.29032,1.36867,0.998331
95,As0,29.1352,51,1674.21,1.25884,-0.09448,0.999946
95,As0,29.1352,52,1707.85,1.26465,0.46831,0.999985
95,As0,29.1352,53,1741.5,1.30429,-0.855923,0.999967
95,As0,29.1352,55,1816.86,1.42058,2.88314,0.995754
95,As0,29.1352,56,1859.93,1.49333,2.03615,0.963764
95,As0,29.1352,57,1904.34,1.85047,2.39675,0.978188
95,As0,29.1352,58,1950.1,1.63083,1.94127,0.928783
95,As0,29.1352,59,1995.86,1.58431,0.951695,0.968413
95,As0,29.1352,60,2042.96,1.80817,-0.00753733,0.976526
95,As0,29.1352,61,2088.72,2.38061,0.0759575,0.991807
95,As0,29.1352,62,2135.82,1.85172,1.18601,0.975708
95,As0,29.1352,68,2382.11,2.17715,1.38964,0.969095
95,As0,29.1352,69,2433.25,2.21347,0.377244,0.989024
95,As0,29.1352,70,2485.74,1.81877,-0.211506,0.992497
95,As0,29.1352,71,2535.53,2.28869,-0.329947,0.96836
95,As0,29.1352,72,2588.02,2.70961,1.90885,0.995541
95,As0,29.1352,73,2643.2,2.71134,1.39742,0.994076
95,As0,29.1352,74,2693,2.61811,1.65923,0.998048
95,As0,29.1352,75,2718.57,1.89728,-0.605988,0.987661
95,As0,29.1352,76,2793.93,2.86126,0.880731,0.95305
95,As0,29.1352,78,2876.03,1.95421,-0.8074,0.982916
95,As0,29.1352,80,2971.58,3.34946,-0.234939,0.970368
95,As0,29.1352,86,3030.8,3.17162,0.911325,0.965197
95,As0,29.1352,91,3084.63,3.2596,0.744648,0.984104
95,As0,29.1352,92,3146.54,3.24107,-0.274805,0.971515
95,As0,29.1352,94,3262.28,4.47366,-0.0287858,0.951974
95,As0,29.1352,96,3324.19,5.54729,-0.00506626,0.963061
95,D5,587.33,1,586.78,0.589072,4.29822,0.72893
95,D5,587.33,2,1177.6,0.741036,3.39167,0.81483
95,D5,587.33,3,1771.11,0.960168,2.60463,0.925548
95,D5,587.33,4,2372.69,1.2958,1.87327,0.976923
95,D5,587.33,5,2983.69,1.76924,1.70915,0.988852
95,D5,587.33,6,3604.12,2.43723,0.258801,0.979137
95,D5,587.33,7,4239.35,3.44756,0.42526,0.954986
95,D5,587.33,9,4892.07,4.84693,-0.107344,0.927661
95,D5,587.33,10,5560.95,8.47567,0.173294,0.933495
95,D5,587.33,11,6237.9,6.52462,-3.39446,0.912017
95,D5,587.33,12,7688.7,5.48906,-5.28427,0.710743
95,D5,587.33,15,8445.05,5.91615,-5.93977,0.69005
95,D5,587.33,16,9225.63,3.90239,-7.99761,0.567628
95,As7,3729.31,1,3718.52,3.55438,-1.90483,0.995872
95,B6,1975.53,1,1985.09,2.34054,3.89721,0.99407
95,B6,1975.53,2,4025.36,4.31475,-0.374229,0.993494
95,B6,1975.53,3,5096.64,12.3304,-1.87822,0.917079
95,B6,1975.53,4,8449.09,6.36396,-7.25911,0.802812
95,C3,130.813,1,130.545,0.356746,4.72137,0.919277
95,C3,130.813,2,261.09,0.282462,3.41613,0.862023
95,C3,130.813,3,391.635,0.284338,2.78831,0.87621
95,C3,130.813,4,523.526,0.46832,4.53425,0.939999
95,C3,130.813,5,654.071,0.296208,3.9668,0.818387
95,C3,130.813,7,917.853,0.254884,2.29521,0.61799
95,C3,130.813,8,1049.74,0.434801,1.00751,0.896324
95,C3,130.813,9,1181.63,0.458601,2.96415,0.877296
95,C3,130.813,10,1314.87,0.334716,2.40822,0.775168
95,C3,130.813,11,1448.11,0.498609,2.65269,0.913746
95,C3,130.813,12,1585.38,0.355319,2.90346,0.767232
95,C3,130.813,22,2674.15,0.668428,1.46712,0.940588
95,C3,130.813,23,3096.74,0.756939,1.25773,0.968498
95,C3,130.813,26,3675.45,1.16711,0.94042,0.965045
95,C3,130.813,30,3972.88,1.00891,0.222227,0.932982
95,C3,130.813,32,4275.69,1.24433,-0.101672,0.935011
95,C3,130.813,34,4890.73,1.63367,-0.801604,0.891018
95,C3,130.813,38,5211.04,2.14319,0.065887,0.952921
95,C3,130.813,40,5532.69,2.38819,-0.69047,0.923584
95,C3,130.813,42,6544.75,2.90576,-1.44752,0.910109
95,C3,130.813,48,6715.67,4.67339,-0.339714,0.907259
95,C3,130.813,49,7984.78,5.57397,-0.746518,0.856427
95,C3,130.813,55,9155.65,1.75237,-7.68198,0.553155
95,Ds5,622.254,2,1247.58,0.671184,2.98679,0.770297
95,Ds5,622.254,3,1877.43,1.05261,2.50309,0.92249
95,Ds5,622.254,4,2516.69,1.29297,0.726505,0.965276
95,Ds5,622.254,5,3165.38,2.16831,1.0071,0.974613
95,Ds5,622.254,6,3827.53,2.71766,0.435065,0.934825
95,Ds5,622.254,8,4507.17,3.86531,0.281197,0.975806
95,Ds5,622.254,9,5202.96,6.2892,0.213346,0.951064
95,Ds5,622.254,10,6656.45,11.8528,-0.3979,0.92926
95,D2,73.4162,1,72.6746,0.238281,3.74199,0.716966
95,D2,73.4162,2,146.695,0.184441,4.13622,0.722798
95,D2,73.4162,3,219.37,0.210233,2.54903,0.659967
95,D2,73.4162,9,660.8,0.197669,4.08051,0.702168
95,D2,73.4162,10,734.821,0.236956,3.79396,0.760593
95,D2,73.4162,12,882.861,0.227516,2.0265,0.739072
95,D2,73.4162,13,956.882,0.270532,3.31145,0.854241
95,D2,73.4162,14,1032.25,0.24,2.84194,0.713539
95,D2,73.4162,15,1106.27,0.23058,2.01616,0.745626
95,D2,73.4162,16,1181.63,0.389847,2.36186,0.900335
95,D2,73.4162,17,1255.65,0.317908,2.62048,0.881294
95,D2,73.4162,18,1331.02,0.436525,2.12909,0.895407
95,D2,73.4162,19,1407.73,0.363209,2.33236,0.961742
95,D2,73.4162,20,1485.79,0.314267,1.64448,0.922398
95,D2,73.4162,27,2063.15,0.717602,-1.31474,0.888286
95,D2,73.4162,28,2138.52,0.803771,-1.74434,0.924671
95,D2,73.4162,35,2733.37,0.557218,1.1308,0.962911
95,D2,73.4162,36,2814.12,0.613383,0.773072,0.951282
95,D2,73.4162,37,2897.56,0.54667,1.51512,0.961882
95,D2,73.4162,38,2978.31,0.613952,1.13749,0.974335
95,D2,73.4162,45,4002.48,1.01924,0.260447,0.956388
95,D2,73.4162,46,4181.48,0.999797,0.373686,0.970602
95,D2,73.4162,58,4274.34,1.05129,0.293142,0.943254
95,D2,73.4162,60,4916.3,1.74648,-0.423903,0.890654
95,D2,73.4162,66,5106.06,2.45659,-0.579139,0.939163
95,D2,73.4162,68,6111.39,3.36114,-1.13695,0.915468
95,D2,73.4162,78,8004.97,4.98841,-0.866908,0.895539
95,E7,2637.02,1,2652.62,3.59716,0.354996,0.948632
95,E7,2637.02,2,5381.96,5.19937,-1.96851,0.999357
95,E7,2637.02,3,8321.24,28.9329,-3.95522,0.996074
95,Ds4,311.127,1,310.886,0.472788,4.7666,0.749725
95,Ds4,311.127,2,621.771,0.252505,3.47756,0.65073
95,Ds4,311.127,3,934.003,0.435116,3.20337,0.812008
95,Ds4,311.127,5,1563.85,0.436496,2.33574,0.890315
95,Ds4,311.127,6,1881.46,0.55543,2.54939,0.866071
95,Ds4,311.127,7,2200.42,0.556715,0.264933,0.922554
95,Ds4,311.127,8,2524.77,0.773264,0.768054,0.922758
95,Ds4,311.127,9,2850.46,0.957846,1.68922,0.969168
95,Ds4,311.127,11,3180.19,1.25534,1.16887,0.968127
95,Ds4,311.127,12,3854.44,1.81305,0.434236,0.958962
95,Ds4,311.127,14,4905.53,2.58986,0.255943,0.947202
95,Ds4,311.127,18,6389.98,4.72868,-0.779831,0.88375
95,Ds4,311.127,22,6780.27,6.44474,-0.216084,0.854371
95,Ds4,311.127,23,7171.9,4.29634,-4.01,0.804484
95,Ds4,311.127,24,7572.96,2.02694,-7.19522,0.591815
95,C2,65.4064,1,65.9454,0.260106,1.36462,0.895005
95,C2,65.4064,2,130.545,0.260762,5.16472,0.91349
95,C2,65.4064,3,196.49,0.19355,4.48613,0.873483
95,C2,65.4064,4,261.09,0.299453,3.14029,0.866191
95,C2,65.4064,5,327.036,0.202906,4.31811,0.795472
95,C2,65.4064,6,391.635,0.204512,4.04979,0.808856
95,C2,65.4064,7,457.581,0.231761,2.95618,0.822517
95,C2,65.4064,11,720.016,0.29417,4.59634,0.927747
95,C2,65.4064,12,785.962,0.201529,3.3427,0.719527
95,C2,65.4064,13,851.907,0.162859,2.57123,0.696402
95,C2,65.4064,14,917.853,0.217818,3.31874,0.807383
95,C2,65.4064,15,985.144,0.216358,2.59711,0.767005
95,C2,65.4064,16,1051.09,0.301723,1.65861,0.807062
95,C2,65.4064,17,1118.38,0.222752,2.55793,0.738289
95,C2,65.4064,18,1184.33,0.266385,1.73275,0.817893
95,C2,65.4064,19,1252.96,0.265633,1.42748,0.758333
95,C2,65.4064,20,1321.6,0.318303,1.67583,0.785429
95,C2,65.4064,33,2283.87,0.462981,0.244698,0.93435
95,C2,65.4064,34,2356.54,0.505524,0.78062,0.951667
95,C2,65.4064,35,2426.52,0.54835,1.33963,0.954664
95,C2,65.4064,36,2499.2,0.566033,1.75653,0.966265
95,C2,65.4064,37,2570.53,0.56491,1.19014,0.944495
95,C2,65.4064,38,2645.89,0.630477,2.00943,0.916418
95,C2,65.4064,44,2715.88,0.55552,1.09904,0.900498
95,C2,65.4064,45,3084.63,0.64051,0.71351,0.965148
95,C2,65.4064,50,3620.27,0.942701,0.251929,0.975002
95,C2,65.4064,57,3701.02,0.811347,0.186822,0.973622
95,C2,65.4064,58,4390.08,1.7934,1.18374,0.923743
95,C2,65.4064,66,4509.86,1.22662,-0.772077,0.944622
95,C2,65.4064,68,5270.25,1.58852,-0.426222,0.926654
95,C2,65.4064,76,7027.9,2.40027,-1.23417,0.849336
95,C2,65.4064,93,7282.26,1.13053,-7.47871,0.581094
95,C2,65.4064,96,7906.72,1.36624,-6.69321,0.6103
95,B7,3951.07,1,3960.76,3.96291,-1.88017,0.990533
95,B7,3951.07,2,8214.92,24.0854,-5.03273,0.979318
95,As6,1864.66,1,1872.04,1.78343,3.4124,0.992591
95,As6,1864.66,2,3799.26,3.97027,-0.163403,0.998064
95,As6,1864.66,3,5795.12,13.8,-1.36882,0.983684
95,As6,1864.66,4,7943.06,9.78947,-5.26523,0.931185
95,E6,1318.51,1,1321.6,1.40676,4.10506,0.933441
95,E6,1318.51,2,2662.04,2.30963,1.8447,0.992686
95,E6,1318.51,3,4036.13,4.16108,0.999949,0.953093
95,E6,1318.51,4,4625.6,12.0767,-0.426058,0.993317
95,E6,1318.51,5,6964.65,7.66593,-4.26464,0.881478
95,E6,1318.51,7,8541.95,2.96581,-9.34244,0.504285
95,D3,146.832,1,146.695,0.337525,4.54815,0.909093
95,D3,146.832,5,734.821,0.229443,3.54482,0.648152
95,D3,146.832,6,882.861,0.36041,4.31195,0.898947
95,D3,146.832,7,1030.9,0.371471,3.43502,0.87704
95,D3,146.832,8,1178.94,0.386,1.82867,0.806273
95,D3,146.832,9,1328.33,0.394933,3.52299,0.88361
95,D3,146.832,10,1479.06,0.400071,3.22087,0.825489
95,D3,146.832,11,1627.1,0.384257,2.40648,0.852112
95,D3,146.832,12,1781.87,0.439898,2.80511,0.86794
95,D3,146.832,20,2701.07,0.770611,2.26546,0.940377
95,D3,146.832,21,2858.53,0.814347,1.38594,0.961868
95,D3,146.832,22,3017.34,0.801771,0.955008,0.971567
95,D3,146.832,23,3499.15,1.14492,1.56897,0.965632
95,D3,146.832,26,4162.64,1.3665,0.772698,0.954929
95,D3,146.832,31,4676.74,1.79545,0.681397,0.930353
95,D3,146.832,34,5567.68,2.48103,-0.649464,0.930344
95,D3,146.832,39,6582.43,4.52979,0.56561,0.898017
95,D3,146.832,44,7500.28,5.7819,0.0443582,0.913202
95,D3,146.832,48,7917.49,4.38782,-3.22917,0.879523
95,D3,146.832,50,8773.43,2.08928,-6.9618,0.638259
95,As1,58.2705,1,57.8705,0.286025,2.37366,0.867837
95,As1,58.2705,2,115.741,0.193231,4.42038,0.767858
95,As1,58.2705,3,174.957,0.249697,3.73122,0.78706
95,As1,58.2705,4,232.828,0.233233,3.63603,0.910561
95,As1,58.2705,5,290.698,0.285748,2.89659,0.877481
95,As1,58.2705,7,407.785,0.272988,3.91978,0.882436
95,As1,58.2705,8,465.656,0.154416,1.11343,0.650495
95,As1,58.2705,9,524.872,0.22216,3.92045,0.721353
95,As1,58.2705,11,640.613,0.148656,3.26521,0.627608
95,As1,58.2705,12,699.829,0.202797,3.49768,0.641502
95,As1,58.2705,13,757.7,0.181736,3.03909,0.677483
95,As1,58.2705,14,816.916,0.227996,3.27056,0.766683
95,As1,58.2705,16,935.349,0.228746,1.85637,0.737399
95,As1,58.2705,17,994.565,0.201547,2.52647,0.762407
95,As1,58.2705,18,1053.78,0.229104,2.6524,0.712384
95,As1,58.2705,19,1114.34,0.307182,3.64236,0.846998
95,As1,58.2705,20,1176.25,0.327526,2.87702,0.911139
95,As1,58.2705,26,1575.96,0.513829,-1.92757,0.901343
95,As1,58.2705,28,1693.05,0.494673,-1.58095,0.919596
95,As1,58.2705,30,1837.05,0.373917,2.62482,0.938637
95,As1,58.2705,31,1898.96,0.428859,1.44427,0.926785
95,As1,58.2705,32,1960.87,0.403377,0.707423,0.950676
95,As1,58.2705,33,2022.78,0.416159,0.826609,0.956949
95,As1,58.2705,34,2084.68,0.440414,0.945541,0.939943
95,As1,58.2705,35,2149.28,0.425805,1.55393,0.934565
95,As1,58.2705,36,2224.65,0.567667,-1.8312,0.904485
95,As1,58.2705,40,2523.42,0.575555,-0.318804,0.930043
95,As1,58.2705,41,2590.71,0.564957,0.986299,0.946237
95,As1,58.2705,42,2658,0.553765,1.66682,0.949424
95,As1,58.2705,43,2719.91,0.560159,1.82113,0.977809
95,As1,58.2705,44,2788.55,0.577335,0.670077,0.974413
95,As1,58.2705,50,3116.93,0.644742,0.895482,0.979255
95,As1,58.2705,56,3832.91,1.2255,0.678502,0.972077
95,As1,58.2705,65,3875.98,0.919934,-0.130993,0.952557
95,As1,58.2705,66,4018.63,0.953926,-0.0114976,0.928353
95,As1,58.2705,68,4450.64,1.18831,0.0160539,0.955454
95,As1,58.2705,73,4604.07,1.85233,-0.0254091,0.947879
95,As1,58.2705,75,5957.97,2.56134,-0.38747,0.94069
95,As1,58.2705,90,6900.05,4.82528,-0.683762,0.920743
95,B0,30.8677,1,30.954,0.23323,2.00479,0.971001
95,B0,30.8677,2,61.908,0.221695,3.59705,0.9409
95,B0,30.8677,3,91.5161,0.180996,5.57174,0.883643
95,B0,30.8677,4,122.47,0.16357,5.41565,0.762788
95,B0,30.8677,5,153.424,0.149818,4.25881,0.804358
95,B0,30.8677,6,184.378,0.139692,4.89052,0.63509
95,B0,30.8677,11,339.148,0.124788,3.94651,0.671507
95,B0,30.8677,13,402.402,0.143546,4.25979,0.645193
95,B0,30.8677,14,433.356,0.143212,3.96237,0.705896
95,B0,30.8677,15,469.693,0.186557,0.992713,0.789966
95,B0,30.8677,16,497.955,0.15923,1.78278,0.813941
95,B0,30.8677,17,528.909,0.195116,3.41671,0.872737
95,B0,30.8677,18,561.209,0.178985,2.59072,0.834076
95,B0,30.8677,19,593.509,0.209361,3.75111,0.871303
95,B0,30.8677,20,625.809,0.196325,3.37783,0.876104
95,B0,30.8677,21,659.454,0.201264,4.52331,0.854958
95,B0,30.8677,22,693.1,0.216583,3.46883,0.841583
95,B0,30.8677,23,725.4,0.221544,2.6608,0.879236
95,B0,30.8677,24,772.504,0.602774,1.42798,0.999989
95,B0,30.8677,25,804.803,0.644594,1.24306,0.999945
95,B0,30.8677,27,861.328,0.266188,4.04443,0.919264
95,B0,30.8677,28,894.974,0.276386,2.92584,0.940311
95,B0,30.8677,29,929.965,0.319977,3.05834,0.951365
95,B0,30.8677,30,964.957,0.385462,4.04217,0.995447
95,B0,30.8677,31,999.948,0.423669,2.72999,0.955054
95,B0,30.8677,32,1034.94,0.360198,2.4657,0.992718
95,B0,30.8677,33,1071.28,0.400679,0.614063,0.966456
95,B0,30.8677,34,1108.96,0.43503,2.86973,0.994621
95,B0,30.8677,35,1143.95,0.478308,3.38283,0.990582
95,B0,30.8677,36,1181.63,0.551912,2.67588,0.964391
95,B0,30.8677,37,1217.97,0.518793,3.20892,0.976438
95,B0,30.8677,38,1255.65,0.611312,3.1245,0.988157
95,B0,30.8677,39,1293.34,0.55682,3.15848,0.975056
95,B0,30.8677,40,1331.02,0.620517,0.978462,0.980959
95,B0,30.8677,41,1370.05,0.663493,1.67569,0.989769
95,B0,30.8677,42,1410.42,0.643693,2.07745,0.9884
95,B0,30.8677,43,1449.45,0.682998,2.81125,0.985176
95,B0,30.8677,44,1488.48,0.679445,1.12211,0.969645
95,B0,30.8677,45,1528.86,0.778099,1.73541,0.940054
95,B0,30.8677,46,1569.23,0.825834,2.95383,0.982094
95,B0,30.8677,47,1608.26,0.848304,2.86865,0.998351
95,B0,30.8677,48,1651.33,0.820126,1.97102,0.984899
95,B0,30.8677,49,1693.05,0.860246,0.568118,0.999139
95,B0,30.8677,50,1734.77,0.96971,1.46903,0.988468
95,B0,30.8677,51,1776.49,1.02895,1.68556,0.979258
95,B0,30.8677,52,1820.9,1.15732,1.26339,0.963108
95,B0,30.8677,53,1863.97,1.12142,1.94307,0.923577
95,B0,30.8677,54,1907.03,1.24262,2.6558,0.97423
95,B0,30.8677,55,1950.1,1.30871,1.72426,0.999062
95,B0,30.8677,57,2036.23,1.28102,-0.955081,0.99807
95,B0,30.8677,64,2345.77,3.99212,0.957021,0.999756
95,B0,30.8677,69,2588.02,1.45424,-0.987288,0.997348
95,B0,30.8677,71,2675.5,2.01882,0.641536,0.994838
95,B0,30.8677,72,2726.64,1.871,0.0908119,0.994025
95,B0,30.8677,73,2777.78,2.06418,0.805682,0.983968
95,B0,30.8677,74,2831.62,2.16796,-0.105757,0.998405
95,B0,30.8677,75,2884.1,2.6918,-0.124883,0.998124
95,B0,30.8677,76,2936.59,2.07272,0.00382153,0.987335
95,B0,30.8677,77,2994.46,2.6894,-0.814122,0.982499
95,B0,30.8677,83,3283.81,2.77875,1.30593,0.989979
95,B0,30.8677,93,3571.82,3.93702,0.442978,0.95367
95,C5,523.251,1,523.526,0.668803,4.22941,0.663398
95,C5,523.251,3,1577.31,0.540702,2.04488,0.609245
95,C5,523.251,4,2110.25,0.834776,2.51101,0.842519
95,C5,523.251,5,2649.93,1.03434,0.23191,0.951608
95,C5,523.251,6,3199.03,1.50504,0.812767,0.976024
95,C5,523.251,8,3757.54,2.30806,0.0765524,0.941376
95,C5,523.251,9,4910.92,3.92628,-0.241235,0.942302
95,C5,523.251,11,5511.15,6.93597,-0.911918,0.932473
95,C5,523.251,12,6986.18,7.54251,-3.50752,0.810314
95,C5,523.251,15,7398,10.6608,-1.85864,0.980902
95,C5,523.251,16,8060.15,5.66081,-5.78355,0.728338
95,Ds3,155.563,5,777.887,0.275156,3.45089,0.76746
95,Ds3,155.563,6,935.349,0.309218,2.49723,0.691468
95,Ds3,155.563,7,1091.46,0.342664,3.1118,0.805852
95,Ds3,155.563,8,1248.93,0.319776,0.590384,0.766038
95,Ds3,155.563,9,1406.39,0.383138,2.57375,0.876105
95,Ds3,155.563,10,1565.19,0.334253,2.93749,0.777678
95,Ds3,155.563,11,1725.35,0.571989,3.00079,0.997288
95,Ds3,155.563,12,1888.19,0.64552,1.63523,0.894066
95,Ds3,155.563,19,2861.22,0.85275,1.81183,0.966039
95,Ds3,155.563,21,3365.91,1.2762,0.389586,0.960815
95,Ds3,155.563,24,3707.75,1.06478,0.866891,0.972143
95,Ds3,155.563,26,3881.36,1.16112,0.458033,0.955204
95,Ds3,155.563,28,4233.97,1.29272,0.248377,0.975341
95,Ds3,155.563,30,5139.71,2.34146,-0.00821542,0.935073
95,Ds3,155.563,35,5326.78,2.23495,-0.761981,0.934149
95,Ds3,155.563,36,6492.26,3.04323,-0.369684,0.900936
95,Ds3,155.563,42,6690.1,4.00222,-0.750121,0.860536
95,Ds3,155.563,43,7734.46,5.73931,-1.13848,0.932546
95,Ds3,155.563,47,7949.79,6.05549,-1.34566,0.922965
95,Ds3,155.563,48,8384.49,5.35281,-3.05008,0.881167
95,D4,293.665,1,293.39,0.406051,4.84714,0.901315
95,D4,293.665,4,1177.6,0.556838,2.9579,0.827206
95,D4,293.665,5,1475.02,0.571509,2.66155,0.906084
95,D4,293.665,6,1773.8,0.582029,2.29261,0.927249
95,D4,293.665,7,2075.26,0.601134,1.7252,0.889021
95,D4,293.665,8,2379.42,0.725896,1.21448,0.961637
95,D4,293.665,9,2687.61,0.833278,0.615931,0.918047
95,D4,293.665,11,3628.34,1.36657,0.61316,0.959521
95,D4,293.665,14,4608.11,2.5188,-0.156923,0.921891
95,D4,293.665,18,5992.96,3.58305,-0.82293,0.898904
95,D4,293.665,22,6353.64,5.77537,-1.02581,0.907077
95,D4,293.665,23,7866.35,4.46291,-4.26903,0.745285
95,D4,293.665,27,9498.83,2.2391,-8.12261,0.522792
95,E1,41.2034,1,40.3748,0.199497,3.66577,0.902811
95,E1,41.2034,2,82.0953,0.170561,6.57542,0.839567
95,E1,41.2034,3,122.47,0.164914,5.91076,0.830145
95,E1,41.2034,4,164.191,0.189034,3.60076,0.907657
95,E1,41.2034,6,246.286,0.141573,4.14864,0.752355
95,E1,41.2034,7,288.007,0.13941,4.33099,0.658703
95,E1,41.2034,8,328.381,0.153625,3.0821,0.785554
95,E1,41.2034,9,370.102,0.170081,4.82792,0.854071
95,E1,41.2034,11,453.543,0.130036,3.98456,0.658905
95,E1,41.2034,12,495.264,0.169632,4.94989,0.812533
95,E1,41.2034,13,536.984,0.206851,3.95135,0.881039
95,E1,41.2034,14,578.705,0.195454,3.14904,0.806261
95,E1,41.2034,15,620.425,0.213479,3.39514,0.877662
95,E1,41.2034,16,662.146,0.180719,2.56552,0.70976
95,E1,41.2034,17,705.212,0.200506,1.81731,0.892551
95,E1,41.2034,18,746.933,0.195297,2.82022,0.866397
95,E1,41.2034,19,789.999,0.264061,1.87407,0.962777
95,E1,41.2034,20,833.066,0.250077,2.57171,0.908324
95,E1,41.2034,21,874.786,0.263204,3.36867,0.937635
95,E1,41.2034,22,917.853,0.29884,4.07892,0.968524
95,E1,41.2034,23,962.265,0.30084,2.75251,0.951927
95,E1,41.2034,24,1005.33,0.329402,1.50883,0.939774
95,E1,41.2034,25,1049.74,0.342458,2.30491,0.987904
95,E1,41.2034,26,1094.16,0.340726,1.5477,0.964476
95,E1,41.2034,27,1156.06,1.58299,5.5617,0.99424
95,E1,41.2034,37,1637.87,0.689379,3.00184,0.926095
95,E1,41.2034,38,1687.66,0.805672,2.71231,0.989551
95,E1,41.2034,39,1733.42,0.712239,0.852222,0.881398
95,E1,41.2034,40,1783.22,0.734562,1.76478,0.971366
95,E1,41.2034,41,1831.67,0.736201,2.24387,0.949596
95,E1,41.2034,42,1880.12,0.90738,2.29411,0.999964
95,E1,41.2034,43,1929.91,0.820987,2.27543,0.969446
95,E1,41.2034,44,1978.36,0.838927,1.73742,0.99999
95,E1,41.2034,45,2028.16,0.870864,1.4844,0.994549
95,E1,41.2034,46,2079.3,0.921567,1.1655,0.989075
95,E1,41.2034,47,2130.44,1.05876,0.297264,0.994436
95,E1,41.2034,48,2181.58,1.01008,0.552349,0.983995
95,E1,41.2034,50,2310.78,2.8754,3.54803,0.986945
95,E1,41.2034,52,2407.68,1.26403,0.289872,0.999255
95,E1,41.2034,56,2658,1.33888,-0.0103693,0.976433
95,E1,41.2034,57,2713.18,1.32766,0.228736,0.97665
95,E1,41.2034,58,2768.36,1.23685,0.0693465,0.970505
95,E1,41.2034,59,2824.89,1.34251,0.7726,0.96961
95,E1,41.2034,60,2888.14,2.53492,3.76237,0.974204
95,E1,41.2034,61,2937.94,1.34861,1.13078,0.964005
95,E1,41.2034,69,3466.85,2.02615,1.66466,0.929706
95,E1,41.2034,79,4044.2,2.08476,0.211556,0.904122
95,E1,41.2034,88,4621.56,2.70226,0.206739,0.907183
95,E1,41.2034,96,4955.33,4.97286,0.0413778,0.934853
95,D6,1174.66,1,1176.25,1.37544,4.20845,0.946894
95,D6,1174.66,2,2367.31,2.54475,2.29827,0.999332
95,D6,1174.66,3,3581.24,3.27393,0.606491,0.978205
95,D6,1174.66,4,4151.87,11.1091,0.0778517,0.969236
95,D6,1174.66,5,6153.11,10.5816,-2.64657,0.936144
95,D6,1174.66,6,7523.16,15.3059,-2.83998,0.990021
95,D6,1174.66,8,8964.54,4.36288,-8.48561,0.622971
95,E3,164.814,1,165.536,0.281571,3.96932,0.850687
95,E3,164.814,2,329.727,0.392566,5.13798,0.875166
95,E3,164.814,3,493.918,0.301179,2.55159,0.820585
95,E3,164.814,4,659.454,0.379352,4.0618,0.724609
95,E3,164.814,5,824.991,0.266049,3.06114,0.744079
95,E3,164.814,6,990.527,0.327485,2.15023,0.876414
95,E3,164.814,8,1324.29,0.455502,0.88284,0.882341
95,E3,164.814,9,1491.17,0.370462,3.09032,0.883479
95,E3,164.814,10,1659.4,0.353948,2.80109,0.863526
95,E3,164.814,11,1828.98,0.406781,-0.0850762,0.885374
95,E3,164.814,12,2001.24,0.407288,1.9098,0.913957
95,E3,164.814,18,2688.96,0.645589,2.06811,0.947465
95,E3,164.814,19,3217.87,0.814244,0.0155367,0.963323
95,E3,164.814,22,3945.96,1.02914,0.295637,0.946386
95,E3,164.814,27,4133.03,1.38576,0.910399,0.959509
95,E3,164.814,28,4511.21,1.88792,-0.125256,0.933408
95,E3,164.814,30,5489.62,2.1544,0.180314,0.935086
95,E3,164.814,35,7167.87,5.76225,-0.263316,0.876405
95,E3,164.814,43,7298.41,6.39112,-0.469316,0.954982
95,E3,164.814,44,8536.57,2.99614,-5.98037,0.703154
95,E3,164.814,49,9017.03,1.50616,-8.37301,0.516182
95,Ds1,38.8909,1,39.0289,0.177257,2.54799,0.813069
95,Ds1,38.8909,2,78.0579,0.166341,5.5092,0.79886
95,Ds1,38.8909,3,115.741,0.160728,5.91126,0.818593
95,Ds1,38.8909,4,154.77,0.127264,3.8819,0.703837
95,Ds1,38.8909,5,193.799,0.16263,4.67936,0.814577
95,Ds1,38.8909,6,232.828,0.168302,4.65895,0.823121
95,Ds1,38.8909,7,271.857,0.173518,4.13755,0.856288
95,Ds1,38.8909,8,310.886,0.113128,2.48728,0.621465
95,Ds1,38.8909,9,349.915,0.147216,4.30332,0.719603
95,Ds1,38.8909,10,388.943,0.179929,5.31741,0.848872
95,Ds1,38.8909,11,427.972,0.150301,3.23503,0.764927
95,Ds1,38.8909,12,467.001,0.22438,4.29519,0.916181
95,Ds1,38.8909,13,506.03,0.186055,4.08194,0.867516
95,Ds1,38.8909,14,545.059,0.201419,3.12704,0.89084
95,Ds1,38.8909,15,585.434,0.240175,3.09896,0.950762
95,Ds1,38.8909,16,624.463,0.187796,1.73229,0.802917
95,Ds1,38.8909,17,664.838,0.195433,1.9034,0.815913
95,Ds1,38.8909,18,703.867,0.201306,1.70528,0.89825
95,Ds1,38.8909,19,745.587,0.213669,3.00582,0.924294
95,Ds1,38.8909,20,784.616,0.242313,1.96927,0.930841
95,Ds1,38.8909,21,824.991,0.229254,3.79733,0.857091
95,Ds1,38.8909,22,866.711,0.244217,4.13723,0.912503
95,Ds1,38.8909,23,907.086,0.315997,3.06819,0.983879
95,Ds1,38.8909,24,947.461,0.285347,1.14076,0.924345
95,Ds1,38.8909,25,990.527,0.325057,2.29559,0.956034
95,Ds1,38.8909,26,1032.25,0.364346,1.81327,0.965903
95,Ds1,38.8909,27,1099.54,2.83478,4.53957,0.96333
95,Ds1,38.8909,35,1454.84,0.548464,0.701734,0.975786
95,Ds1,38.8909,36,1500.6,0.539225,2.51304,0.967488
95,Ds1,38.8909,37,1545.01,0.603992,3.14125,0.971631
95,Ds1,38.8909,38,1588.07,0.581559,1.5788,0.985495
95,Ds1,38.8909,39,1633.83,0.7102,0.656997,0.97776
95,Ds1,38.8909,40,1678.24,0.66692,0.0844955,0.989802
95,Ds1,38.8909,41,1724,0.713265,1.37033,0.999521
95,Ds1,38.8909,42,1769.76,0.77721,1.91317,0.988635
95,Ds1,38.8909,43,1816.86,0.834686,2.87895,0.993696
95,Ds1,38.8909,44,1862.62,0.854162,2.53411,0.98239
95,Ds1,38.8909,45,1909.73,0.87936,1.62653,0.954423
95,Ds1,38.8909,46,1956.83,0.919404,0.363489,0.973498
95,Ds1,38.8909,53,2345.77,1.06281,1.64454,0.986218
95,Ds1,38.8909,54,2396.91,1.23832,1.91958,0.999619
95,Ds1,38.8909,55,2449.4,1.22409,0.259995,0.981588
95,Ds1,38.8909,56,2499.2,1.26969,-0.810535,0.984755
95,Ds1,38.8909,57,2550.34,1.16852,0.180274,0.984079
95,Ds1,38.8909,58,2602.83,1.28804,0.126183,0.966658
95,Ds1,38.8909,59,2655.31,1.22515,1.21411,0.973147
95,Ds1,38.8909,60,2707.8,1.34631,-0.29765,0.970162
95,Ds1,38.8909,67,3034.84,1.76768,1.63151,0.99416
95,Ds1,38.8909,74,3302.66,1.96608,1.31371,0.995105
95,Ds1,38.8909,79,3614.89,2.43395,0.496066,0.957154
95,Ds1,38.8909,84,4643.1,4.4532,0.108233,0.941292
95,B2,123.471,1,123.816,0.251345,4.64089,0.922268
95,B2,123.471,4,493.918,0.21443,3.32217,0.761837
95,B2,123.471,6,741.55,0.222158,2.7675,0.732172
95,B2,123.471,7,865.366,0.238904,3.6234,0.710825
95,B2,123.471,8,990.527,0.254448,1.86138,0.768402
95,B2,123.471,9,1114.34,0.222772,2.98885,0.813555
95,B2,123.471,10,1239.51,0.287226,2.6466,0.896647
95,B2,123.471,11,1366.01,0.384489,3.23508,0.939976
95,B2,123.471,12,1496.56,0.390544,0.80622,0.921048
95,B2,123.471,21,2730.68,0.879648,-1.18181,0.905432
95,B2,123.471,23,2781.82,0.872232,2.09646,0.956491
95,B2,123.471,25,2915.06,0.857092,1.01016,0.949676
95,B2,123.471,26,3049.64,0.752704,0.163668,0.972394
95,B2,123.471,27,3731.97,1.01516,-0.103556,0.940913
95,B2,123.471,32,3873.28,0.994984,0.0508068,0.967416
95,B2,123.471,33,5033.39,2.04463,0.231545,0.95788
95,B2,123.471,41,5184.12,2.08939,-0.834933,0.917829
95,B2,123.471,42,5957.97,2.53765,-0.84206,0.907333
95,B2,123.471,46,6439.77,4.12992,-0.765049,0.878207
95,B2,123.471,49,7279.57,4.23721,-1.99614,0.905965
95,B2,123.471,54,7451.83,2.65554,-4.47822,0.767336
95,C7,2093,1,2106.22,2.47433,3.19952,0.988452
95,C7,2093,2,4274.34,3.66872,-0.197339,0.998209
95,C7,2093,3,5429.06,16.3764,-0.790494,0.965216
95,C7,2093,4,9039.91,13.2668,-6.22889,0.9454
95,As3,233.082,2,465.656,0.299084,4.14704,0.896109
95,As3,233.082,3,699.829,0.348154,3.40552,0.850708
95,As3,233.082,4,934.003,0.352777,3.05595,0.850763
95,As3,233.082,5,1169.52,0.695779,3.80176,0.795529
95,As3,233.082,6,1405.04,0.426066,2.77763,0.898435
95,As3,233.082,7,1641.91,0.520351,3.28656,0.918202
95,As3,233.082,8,1885.5,0.753991,1.61386,0.96371
95,As3,233.082,13,2853.15,0.956187,0.59913,0.952828
95,As3,233.082,14,3606.81,1.38463,-0.0647741,0.905446
95,As3,233.082,17,4653.86,2.07317,0.258816,0.953811
95,As3,233.082,22,4923.03,2.28465,-0.299722,0.885997
95,As3,233.082,23,5196.23,2.91149,-0.355676,0.907663
95,As3,233.082,24,6042.75,3.67961,-0.380171,0.90831
95,As3,233.082,27,6932.35,5.09867,-1.97373,0.899727
95,As3,233.082,29,8173.2,7.31369,-1.71654,0.878034
95,As3,233.082,33,8504.27,7.03347,-2.63144,0.883178
95,E4,329.628,1,329.727,0.465933,4.95868,0.902544
95,E4,329.628,2,659.454,0.354467,3.37567,0.670665
95,E4,329.628,4,1322.95,0.396545,1.98788,0.715909
95,E4,329.628,5,1658.06,0.464125,2.38488,0.843632
95,E4,329.628,6,1994.51,0.638721,2.41304,0.92494
95,E4,329.628,7,2335.01,0.662804,1.1415,0.937846
95,E4,329.628,8,2678.19,0.935572,2.19877,0.95786
95,E4,329.628,10,3025.42,1.03543,0.017902,0.940661
95,E4,329.628,11,4096.69,1.91305,0.520535,0.968813
95,E4,329.628,14,5219.11,2.91624,-0.513194,0.919161
95,E4,329.628,18,6404.78,4.40283,-1.04197,0.878189
95,E4,329.628,21,6819.3,6.08608,-0.938557,0.861989
95,E4,329.628,22,7239.19,4.64462,-3.78948,0.826927
95,E4,329.628,23,9007.61,3.57333,-6.70301,0.615069
95,D1,36.7081,1,36.3373,0.216404,2.63388,0.911866
95,D1,36.7081,2,72.6746,0.184114,5.69231,0.877016
95,D1,36.7081,3,109.012,0.147553,5.55799,0.691455
95,D1,36.7081,4,146.695,0.146851,5.64667,0.778716
95,D1,36.7081,6,219.37,0.145497,3.76614,0.623427
95,D1,36.7081,7,255.707,0.157126,5.50291,0.813993
95,D1,36.7081,8,293.39,0.195078,2.1989,0.918907
95,D1,36.7081,9,329.727,0.110356,3.61079,0.611464
95,D1,36.7081,10,366.064,0.147431,4.50765,0.728199
95,D1,36.7081,11,403.748,0.160372,4.51644,0.666483
95,D1,36.7081,12,440.085,0.179829,3.76621,0.701771
95,D1,36.7081,13,477.768,0.229154,4.78706,0.943894
95,D1,36.7081,14,514.105,0.184605,3.89253,0.893733
95,D1,36.7081,15,551.788,0.161334,2.74487,0.719263
95,D1,36.7081,16,589.471,0.177729,2.38375,0.781952
95,D1,36.7081,17,627.155,0.235809,3.01014,0.935301
95,D1,36.7081,18,664.838,0.221753,3.28791,0.883655
95,D1,36.7081,19,702.521,0.204513,2.3166,0.797354
95,D1,36.7081,20,740.204,0.194641,3.61957,0.879761
95,D1,36.7081,21,777.887,0.205315,4.1589,0.873812
95,D1,36.7081,22,816.916,0.221572,4.22521,0.919122
95,D1,36.7081,23,854.599,0.242763,3.12514,0.933683
95,D1,36.7081,24,893.628,0.279986,1.03294,0.947356
95,D1,36.7081,25,934.003,0.3096,1.22657,0.947667
95,D1,36.7081,27,1028.21,1.77692,1.48753,0.933814
95,D1,36.7081,28,1065.89,0.8845,-0.667543,0.993881
95,D1,36.7081,34,1331.02,0.463236,1.83515,0.978906
95,D1,36.7081,35,1371.4,0.487801,2.94781,0.985863
95,D1,36.7081,36,1413.12,0.543994,2.79103,0.983681
95,D1,36.7081,37,1454.84,0.564784,2.03468,0.965544
95,D1,36.7081,38,1496.56,0.536092,2.86998,0.99584
95,D1,36.7081,39,1540.97,0.559325,1.74701,0.85159
95,D1,36.7081,40,1581.34,0.753196,1.22702,0.947165
95,D1,36.7081,41,1624.41,0.665319,1.76199,0.956031
95,D1,36.7081,42,1667.48,0.656378,1.62443,0.974732
95,D1,36.7081,43,1710.54,0.716979,2.00068,0.992886
95,D1,36.7081,44,1753.61,0.814097,1.75317,0.926792
95,D1,36.7081,45,1799.37,0.868312,1.50613,0.92064
95,D1,36.7081,50,2055.08,2.91277,2.18144,0.980232
95,D1,36.7081,51,2112.95,0.988914,2.29958,0.982493
95,D1,36.7081,52,2160.05,1.07652,1.86522,0.956578
95,D1,36.7081,53,2207.15,1.00432,1.48106,0.973609
95,D1,36.7081,54,2254.26,1.15117,1.38528,0.934094
95,D1,36.7081,55,2301.36,1.17198,0.609855,0.955249
95,D1,36.7081,56,2349.81,1.05057,0.335474,0.984605
95,D1,36.7081,57,2398.26,1.16018,0.914368,0.98589
95,D1,36.7081,58,2448.06,1.1847,0.449359,0.994646
95,D1,36.7081,60,2570.53,1.38405,2.43568,0.98924
95,D1,36.7081,63,2744.14,1.15898,-0.435291,0.998275
95,D1,36.7081,65,2849.11,1.42492,0.189573,0.982304
95,D1,36.7081,66,2902.94,1.46648,-0.918283,0.973576
95,D1,36.7081,67,2955.43,1.78385,0.322468,0.999844
95,D1,36.7081,69,3084.63,1.93278,1.82515,0.989026
95,D1,36.7081,79,3170.76,1.94048,0.57682,0.97735
95,D1,36.7081,80,3597.39,3.74661,-0.164076,0.952381
95,D1,36.7081,84,4628.29,2.4151,0.619648,0.978834
95,As4,466.164,1,465.656,0.397763,3.76979,0.787603
95,As4,466.164,2,934.003,0.382494,3.19645,0.574291
95,As4,466.164,3,1402.35,0.473665,3.26566,0.687127
95,As4,466.164,4,1877.43,0.515233,0.586641,0.826411
95,As4,466.164,5,2355.19,0.820875,1.191,0.972627
95,As4,466.164,6,2841.04,1.19169,0.792072,0.972876
95,As4,466.164,7,3333.61,1.70323,1.71411,0.97333
95,As4,466.164,9,4344.32,2.73373,0.320316,0.934731
95,As4,466.164,11,4865.16,3.73321,0.476251,0.91448
95,As4,466.164,12,5400.8,5.49868,0.467557,0.911595
95,As4,466.164,13,6507.06,7.65522,-0.130128,0.980506
95,As4,466.164,15,7077.69,5.76532,-3.37037,0.801955
95,As4,466.164,17,7672.55,10.441,-2.0803,0.92454
95,As4,466.164,18,8279.52,4.06971,-6.55286,0.636687
95,B5,987.767,1,989.182,0.821338,2.40601,0.87972
95,B5,987.767,2,1986.44,1.21093,2.35107,0.964721
95,B5,987.767,3,3002.54,2.15685,1.97997,0.957502
95,B5,987.767,4,4041.51,3.5975,1.27958,0.965044
95,B5,987.767,5,5119.52,5.85061,0.555356,0.931721
95,B5,987.767,6,6225.79,8.4338,0.0659156,0.961977
95,B5,987.767,8,7395.31,12.57,-0.0565469,0.938811
95,B5,987.767,9,8613.28,3.95747,-7.32778,0.597227
95,B5,987.767,10,9887.78,2.58919,-9.04883,0.504615
95,Ds6,1244.51,1,1247.58,1.22371,3.23525,0.873846
95,Ds6,1244.51,2,2508.62,2.21199,1.40168,0.980044
95,Ds6,1244.51,3,3808.69,4.46833,1.20313,0.974927
95,Ds6,1244.51,4,5147.78,9.09655,0.422346,0.96324
95,Ds6,1244.51,5,6544.75,14.3106,-0.815338,0.952621
95,Ds6,1244.51,7,8014.39,9.27231,-5.44591,0.809758
95,C8,4186.01,1,4200.32,3.22561,-3.76332,0.999384
95,C8,4186.01,2,8746.52,32.885,-3.87898,0.999392
95,E5,659.255,1,659.454,0.454926,3.5466,0.597647
95,E5,659.255,2,1322.95,0.727696,3.70017,0.807508
95,E5,659.255,3,1991.82,0.851476,2.95894,0.835365
95,E5,659.255,4,2668.77,1.22275,2.22446,0.974109
95,E5,659.255,5,3357.83,2.70573,0.780334,0.940024
95,E5,659.255,6,4064.39,3.18282,1.05535,0.939797
95,E5,659.255,8,4783.06,5.44775,-1.06835,0.971536
95,E5,659.255,9,6299.81,9.09069,-1.0683,0.942765
95,E5,659.255,11,8761.32,6.15607,-6.09553,0.670405
95,Ds7,2489.02,1,2504.58,4.19298,2.70713,0.997787
95,Ds7,2489.02,2,5106.06,13.5014,-0.154726,0.991302
95,Ds7,2489.02,3,7843.47,19.8406,-5.12791,0.995864
95,B4,493.883,1,493.918,0.350672,3.26331,0.60024
95,B4,493.883,2,989.182,0.404546,2.78825,0.590085
95,B4,493.883,3,1487.14,0.541565,2.68388,0.867805
95,B4,493.883,4,1990.48,0.62842,2.68966,0.946712
95,B4,493.883,5,2499.2,0.94136,2.29499,0.957523
95,B4,493.883,6,3014.65,1.58839,1.98292,0.979146
95,B4,493.883,8,3538.17,2.21946,1.3283,0.965072
95,B4,493.883,9,4075.16,2.70949,0.465176,0.950897
95,B4,493.883,10,4617.53,4.15942,-0.919776,0.899399
95,B4,493.883,11,5178.74,5.5942,-0.228866,0.944062
95,B4,493.883,12,6940.42,5.79571,-4.49929,0.794679
95,B4,493.883,16,7560.85,6.27578,-4.56821,0.801762
95,B4,493.883,17,8182.62,11.2014,-3.19024,0.919673
95,C1,32.7032,1,32.2998,0.2313,2.39694,0.961189
95,C1,32.7032,2,64.5996,0.205128,3.18325,0.897817
95,C1,32.7032,3,96.8994,0.129319,5.01498,0.606738
95,C1,32.7032,4,130.545,0.174102,5.19007,0.833449
95,C1,32.7032,5,162.845,0.155294,2.85633,0.804187
95,C1,32.7032,6,195.145,0.150564,5.15141,0.708301
95,C1,32.7032,7,227.444,0.17016,4.12911,0.85211
95,C1,32.7032,9,293.39,0.165602,4.03874,0.792053
95,C1,32.7032,10,327.036,0.154245,4.19314,0.8096
95,C1,32.7032,11,359.335,0.148757,4.13422,0.708611
95,C1,32.7032,13,425.281,0.14287,3.34634,0.636957
95,C1,32.7032,15,492.572,0.174836,1.14454,0.747547
95,C1,32.7032,16,526.218,0.170065,2.1682,0.801181
95,C1,32.7032,17,559.863,0.180095,2.29156,0.712611
95,C1,32.7032,18,593.509,0.199806,2.87665,0.830073
95,C1,32.7032,19,627.155,0.167887,2.63063,0.730906
95,C1,32.7032,20,660.8,0.194783,2.72285,0.815492
95,C1,32.7032,21,695.792,0.203925,3.65488,0.866404
95,C1,32.7032,22,729.437,0.211899,3.51915,0.869331
95,C1,32.7032,23,764.429,0.21424,2.74351,0.848511
95,C1,32.7032,24,799.42,0.225214,0.417839,0.892911
95,C1,32.7032,25,834.412,0.244751,2.08469,0.828768
95,C1,32.7032,26,869.403,0.264606,1.83779,0.942147
95,C1,32.7032,27,905.74,0.260497,1.54696,0.962377
95,C1,32.7032,28,940.732,0.29714,2.80195,0.952296
95,C1,32.7032,29,977.069,0.301455,2.663,0.971773
95,C1,32.7032,30,1013.41,0.315649,2.69528,0.951897
95,C1,32.7032,31,1049.74,0.364333,2.1714,0.995123
95,C1,32.7032,32,1086.08,0.371633,1.62619,0.985143
95,C1,32.7032,33,1123.76,0.39403,-1.04162,0.962478
95,C1,32.7032,34,1187.02,0.874744,-0.771365,0.995139
95,C1,32.7032,37,1287.95,0.949611,-0.957992,0.993286
95,C1,32.7032,39,1356.59,0.749186,-0.460298,0.979804
95,C1,32.7032,41,1460.22,0.93968,1.33209,0.999946
95,C1,32.7032,42,1495.21,0.96678,0.164425,0.999926
95,C1,32.7032,43,1528.86,1.01662,0.0577731,0.998099
95,C1,32.7032,45,1625.76,0.805767,2.53897,0.923218
95,C1,32.7032,46,1667.48,0.670327,0.960238,0.973801
95,C1,32.7032,47,1710.54,0.803472,0.748855,0.95733
95,C1,32.7032,48,1753.61,0.768964,0.250025,0.955413
95,C1,32.7032,49,1795.33,0.913855,1.19372,0.999834
95,C1,32.7032,50,1838.4,0.869137,0.750321,0.946869
95,C1,32.7032,51,1880.12,0.882994,1.67009,0.993734
95,C1,32.7032,52,1925.88,0.904234,2.99757,0.996784
95,C1,32.7032,53,1967.6,0.949311,2.37777,0.987749
95,C1,32.7032,54,2012.01,1.01288,1.2055,0.989834
95,C1,32.7032,55,2056.42,1.01736,0.674745,0.998344
95,C1,32.7032,56,2102.18,1.03277,-0.820593,0.982759
95,C1,32.7032,57,2147.94,1.05622,-0.0284165,0.99093
95,C1,32.7032,58,2192.35,1.1116,-0.0362712,0.999487
95,C1,32.7032,59,2239.45,1.07917,0.335844,0.934644
95,C1,32.7032,60,2285.21,1.00392,0.892578,0.951319
95,C1,32.7032,61,2332.31,1.22417,0.299649,0.942977
95,C1,32.7032,62,2378.07,1.21372,-0.208163,0.993503
95,C1,32.7032,63,2427.87,1.12459,-0.667668,0.985489
95,C1,32.7032,64,2476.32,1.09617,0.903815,0.988935
95,C1,32.7032,65,2524.77,1.1014,-0.948447,0.973133
95,C1,32.7032,71,2855.84,1.78239,1.59254,0.997508
95,C1,32.7032,74,2773.75,1.60397,1.75078,0.967618
95,C1,32.7032,81,3145.19,2.2821,0.941761,0.961867
95,C1,32.7032,86,3596.04,3.05819,0.151283,0.939625
95,C1,32.7032,87,4285.11,3.86536,0.457409,0.975446
95,As5,932.328,1,934.003,0.874432,3.80797,0.91884
95,As5,932.328,2,1874.73,1.54642,3.43128,0.992753
95,As5,932.328,3,2830.27,2.63714,1.74772,0.986961
95,As5,932.328,4,3811.38,3.71095,0.36448,0.931997
95,As5,932.328,5,4808.63,5.09048,-0.00102624,0.973426
95,As5,932.328,6,4928.41,7.02068,-2.12286,0.892846
95,As5,932.328,7,5861.07,7.33315,-0.654965,0.965152
95,As5,932.328,8,6933.69,10.8005,-1.23761,0.969763
95,As5,932.328,9,8074.95,15.5797,-1.27421,0.948009
95,As5,932.328,10,9222.94,3.99975,-8.21066,0.632082
95,E2,82.4069,1,82.0953,0.314699,5.31838,0.950925
95,E2,82.4069,2,164.191,0.219217,2.628,0.85439
95,E2,82.4069,3,247.632,0.289855,3.24952,0.900723
95,E2,82.4069,4,329.727,0.217961,4.76262,0.904196
95,E2,82.4069,5,411.823,0.173348,3.98983,0.814858
95,E2,82.4069,6,493.918,0.256582,3.47991,0.72036
95,E2,82.4069,7,577.359,0.204803,3.33164,0.809341
95,E2,82.4069,8,659.454,0.226073,1.43082,0.80974
95,E2,82.4069,9,742.896,0.256389,3.38725,0.860236
95,E2,82.4069,10,824.991,0.218878,3.49735,0.768525
95,E2,82.4069,11,908.432,0.275879,3.38351,0.82842
95,E2,82.4069,12,991.873,0.252057,2.83987,0.909491
95,E2,82.4069,13,1075.31,0.240914,3.79887,0.847118
95,E2,82.4069,14,1158.76,0.431693,2.29275,0.938565
95,E2,82.4069,15,1243.54,0.306739,2.5781,0.80164
95,E2,82.4069,16,1326.98,0.599021,0.828596,0.903921
95,E2,82.4069,17,1411.77,0.283183,1.55209,0.892772
95,E2,82.4069,18,1496.56,0.296083,3.2041,0.878341
95,E2,82.4069,19,1581.34,0.328721,2.55968,0.882105
95,E2,82.4069,35,2628.4,0.530022,2.01285,0.967091
95,E2,82.4069,36,2715.88,0.502046,0.899252,0.906366
95,E2,82.4069,37,2897.56,0.587633,0.104798,0.980871
95,E2,82.4069,39,3266.32,0.651121,0.507383,0.966662
95,E2,82.4069,43,3929.81,0.971657,0.256524,0.959769
95,E2,82.4069,51,4128.99,1.11615,-0.250385,0.93637
95,E2,82.4069,53,4223.2,1.48306,-0.00878491,0.871088
95,E2,82.4069,54,4730.58,1.48293,-0.416375,0.945273
95,E2,82.4069,59,4830.17,2.01396,0.22746,0.891259
95,E2,82.4069,60,5699.57,1.75769,-0.24759,0.907933
95,E2,82.4069,68,6948.5,4.43991,-1.57816,0.889514
95,D7,2349.32,1,2365.96,3.1649,2.24994,0.992447
95,D7,2349.32,2,4814.02,5.45548,-1.54149,0.99456
95,D7,2349.32,3,7392.62,12.2134,-4.87322,0.970929
95,D7,2349.32,4,10117.9,6.44003,-10.1989,0.557238
95,As2,116.541,1,117.087,0.247556,3.94847,0.880506
95,As2,116.541,3,349.915,0.316165,3.86886,0.739098
95,As2,116.541,4,465.656,0.256619,3.61718,0.740551
95,As2,116.541,5,582.742,0.22354,2.85516,0.662877
95,As2,116.541,6,699.829,0.182911,2.6632,0.67629
95,As2,116.541,7,816.916,0.249692,3.35224,0.864702
95,As2,116.541,8,934.003,0.225621,2.30845,0.793283
95,As2,116.541,9,1052.44,0.289258,2.54686,0.888235
95,As2,116.541,10,1169.52,0.398081,3.31263,0.918497
95,As2,116.541,11,1289.3,0.310798,2.51642,0.768045
95,As2,116.541,12,1411.77,0.414771,0.945364,0.96286
95,As2,116.541,20,2457.48,1.04951,-1.91682,0.899977
95,As2,116.541,24,2995.81,0.906568,0.992292,0.916556
95,As2,116.541,25,2744.14,0.689845,1.27024,0.961331
95,As2,116.541,28,3508.57,1.20959,0.999356,0.964616
95,As2,116.541,32,3771,1.06334,0.519543,0.963368
95,As2,116.541,34,4719.81,1.64489,-0.0155803,0.949461
95,As2,116.541,41,5001.09,1.88963,-0.558515,0.924161
95,As2,116.541,43,5874.53,2.52068,-0.572736,0.926788
95,As2,116.541,48,6175.99,3.738,-0.233942,0.889037
95,As2,116.541,50,7114.03,3.93381,-1.03632,0.860878
95,As2,116.541,55,7762.72,1.47409,-7.17418,0.623488
95,As2,116.541,58,7936.33,2.00765,-6.42227,0.67901
95,As2,116.541,59,8099.18,3.75713,-4.28326,0.837926
95,C6,1046.5,1,1048.4,1.12931,3.89304,0.871256
95,C6,1046.5,2,2106.22,1.87517,3.31591,0.992147
95,C6,1046.5,3,3188.26,3.06706,1.4233,0.97055
95,C6,1046.5,4,4289.15,4.97382,1.07427,0.967238
95,C6,1046.5,5,5442.52,8.07678,-0.479713,0.928471
95,C6,1046.5,6,6634.92,11.2668,-0.452205,0.964795
95,C6,1046.5,8,7855.58,5.94566,-6.15106,0.707784
95,B3,246.942,2,493.918,0.2289,3.86087,0.636718
95,B3,246.942,3,741.55,0.214886,2.87573,0.640651
95,B3,246.942,4,989.182,0.333726,3.00697,0.812541
95,B3,246.942,5,1238.16,0.391885,3.37091,0.836211
95,B3,246.942,6,1489.83,0.437377,2.69849,0.917549
95,B3,246.942,7,1741.5,0.60881,3.0605,0.949818
95,B3,246.942,8,1998.55,0.685149,2.19298,0.871227
95,B3,246.942,12,3029.45,1.23695,2.11279,0.95184
95,B3,246.942,14,3293.23,1.32984,1.06733,0.943295
95,B3,246.942,15,3832.91,1.39369,0.397856,0.942424
95,B3,246.942,16,4667.32,1.86073,0.74853,0.920982
95,B3,246.942,21,5244.68,2.61943,0.0550096,0.917131
95,B3,246.942,23,6447.85,4.14137,-0.250611,0.912859
110,C7,2093,1,2106.22,2.61463,3.57745,0.990697
110,C7,2093,2,4274.34,3.64694,0.389034,0.998955
110,C7,2093,3,5427.71,17.341,-0.624996,0.973934
110,C7,2093,4,9039.91,16.4959,-4.42725,0.990761
110,Cs3,138.591,1,138.62,0.307467,4.33167,0.716418
110,Cs3,138.591,2,277.24,0.352812,5.31383,0.845673
110,Cs3,138.591,4,554.48,0.266796,4.19262,0.702978
110,Cs3,138.591,5,693.1,0.249965,4.24659,0.661761
110,Cs3,138.591,6,833.066,0.31955,3.97615,0.76752
110,Cs3,138.591,7,973.032,0.38262,3.86658,0.924719
110,Cs3,138.591,8,1111.65,0.325903,2.04932,0.845249
110,Cs3,138.591,9,1252.96,0.353157,3.71249,0.844918
110,Cs3,138.591,10,1392.93,0.407715,2.63291,0.923878
110,Cs3,138.591,11,1535.59,0.39735,2.94751,0.88845
110,Cs3,138.591,12,1680.94,0.389794,3.0832,0.844142
110,Cs3,138.591,21,2691.65,0.767395,2.85314,0.955658
110,Cs3,138.591,22,2990.42,0.795169,1.84886,0.967734
110,Cs3,138.591,24,3139.81,0.885674,1.72661,0.988818
110,Cs3,138.591,25,4228.58,1.2012,1.46247,0.962357
110,Cs3,138.591,33,4554.27,1.51685,1.12363,0.93888
110,Cs3,138.591,35,5049.54,2.54521,1.0758,0.941379
110,Cs3,138.591,38,5733.22,2.28681,0.620732,0.960064
110,Cs3,138.591,41,6089.86,2.75364,0.264922,0.947589
110,Cs3,138.591,43,6264.82,3.51586,0.323224,0.896361
110,Cs3,138.591,44,7383.2,4.20289,-0.25488,0.879133
110,Cs3,138.591,50,8571.56,6.21955,-0.455196,0.889704
110,Cs3,138.591,55,9198.71,5.33658,-2.79445,0.856174
110,Cs3,138.591,58,9850.09,2.76376,-6.05608,0.662099
110,Gs4,415.305,1,415.86,0.434292,4.54178,0.8746
110,Gs4,415.305,3,1248.93,0.316738,2.20635,0.617585
110,Gs4,415.305,4,1670.17,0.625767,2.90399,0.908473
110,Gs4,415.305,5,2095.45,0.669408,1.66308,0.882417
110,Gs4,415.305,6,2523.42,0.920201,1.74298,0.926698
110,Gs4,415.305,7,2958.12,1.14397,1.92716,0.943433
110,Gs4,415.305,9,3399.55,1.64134,1.26698,0.95021
110,Gs4,415.305,10,3847.71,2.15987,0.149465,0.967936
110,Gs4,415.305,11,5241.99,3.91201,0.646691,0.930231
110,Gs4,415.305,15,6223.1,5.71492,0.679418,0.928977
110,Gs4,415.305,17,7255.34,9.74251,0.436727,0.928141
110,Gs4,415.305,19,8898.6,6.81125,-4.1544,0.771941
110,E4,329.628,1,329.727,0.473017,5.1605,0.89784
110,E4,329.628,2,659.454,0.357251,3.63777,0.686352
110,E4,329.628,4,1322.95,0.417954,2.33394,0.750606
110,E4,329.628,5,1658.06,0.491848,2.74454,0.850142
110,E4,329.628,6,1994.51,0.653543,2.78218,0.916371
110,E4,329.628,7,2335.01,0.691708,1.65266,0.942496
110,E4,329.628,8,2678.19,0.990498,2.89756,0.961592
110,E4,329.628,10,3734.67,1.59422,0.77676,0.963822
110,E4,329.628,11,4096.69,1.91614,1.51442,0.973411
110,E4,329.628,14,5219.11,2.92219,0.537286,0.943053
110,E4,329.628,18,6404.78,4.14395,0.0263343,0.913886
110,E4,329.628,21,6819.3,5.11111,-0.199891,0.917837
110,E4,329.628,22,7239.19,5.93249,-1.26038,0.903508
110,E4,329.628,23,9002.22,12.3294,-0.189979,0.933663
110,A3,220,1,219.37,0.317957,3.83214,0.727799
110,A3,220,2,440.085,0.317597,4.77028,0.737037
110,A3,220,3,660.8,0.275417,2.95847,0.649674
110,A3,220,4,881.516,0.341836,1.72882,0.849134
110,A3,220,5,1103.58,0.347115,3.84685,0.816259
110,A3,220,6,1325.64,0.368877,2.64138,0.887461
110,A3,220,7,1550.39,0.497233,3.06599,0.945944
110,A3,220,8,1779.18,0.553284,1.76841,0.932029
110,A3,220,14,3404.94,1.38574,1.61249,0.986007
110,A3,220,17,3647.19,1.32383,1.64671,0.954483
110,A3,220,18,4139.76,1.37305,0.498884,0.954156
110,A3,220,21,5707.64,2.80857,1.01719,0.954635
110,A3,220,27,6256.74,3.94659,-0.380582,0.884292
110,A3,220,28,6543.4,5.04779,-0.00867625,0.864101
110,A3,220,29,7418.19,7.17999,0.0899027,0.9053
110,A3,220,32,8019.77,7.73991,-0.430307,0.937756
110,A3,220,34,8333.35,7.74235,-1.26327,0.930963
110,A3,220,35,9636.11,4.84375,-4.38668,0.752863
110,A3,220,39,9964.49,9.52813,-2.88254,0.914615
110,Ds5,622.254,2,1247.58,0.680769,3.31941,0.781539
110,Ds5,622.254,3,1877.43,1.08439,2.95463,0.937205
110,Ds5,622.254,4,2516.69,1.34834,1.28241,0.962906
110,Ds5,622.254,5,3165.38,2.31338,1.6462,0.980445
110,Ds5,622.254,6,3827.53,2.85502,1.10097,0.950821
110,Ds5,622.254,8,4507.17,3.80669,0.92407,0.97348
110,Ds5,622.254,9,5202.96,6.24365,1.06794,0.956822
110,Ds5,622.254,10,6656.45,9.78408,0.153166,0.936999
110,Ds5,622.254,12,7418.19,8.45702,-3.03003,0.906238
110,Ds5,622.254,14,8205.5,13.2302,-1.2785,0.93191
110,F6,1396.91,1,1401,1.58777,3.28202,0.962978
110,F6,1396.91,2,2820.85,2.85059,1.75123,0.994
110,F6,1396.91,3,4289.15,4.11852,1.27,0.98046
110,F6,1396.91,4,5056.27,5.00597,-2.13818,0.988486
110,F6,1396.91,5,7388.58,14.0474,-3.12331,0.978865
110,F6,1396.91,8,10909.3,1.39702,-11.3165,0.541299
110,B1,61.7354,1,61.908,0.313576,2.04015,0.888559
110,B1,61.7354,2,123.816,0.309187,5.48496,0.976864
110,B1,61.7354,3,184.378,0.311086,4.94622,0.883579
110,B1,61.7354,4,246.286,0.202791,3.06327,0.691308
110,B1,61.7354,5,308.194,0.198376,4.48056,0.752059
110,B1,61.7354,9,555.826,0.200882,3.48683,0.686784
110,B1,61.7354,10,617.734,0.216527,3.40485,0.817324
110,B1,61.7354,12,742.896,0.225727,3.34732,0.797126
110,B1,61.7354,13,804.803,0.21327,3.42517,0.735841
110,B1,61.7354,14,866.711,0.186778,3.66248,0.772539
110,B1,61.7354,15,929.965,0.230573,3.53966,0.665383
110,B1,61.7354,16,993.219,0.262066,1.83638,0.790022
110,B1,61.7354,17,1056.47,0.295877,2.47576,0.843744
110,B1,61.7354,18,1119.73,0.255954,2.60688,0.801864
110,B1,61.7354,19,1182.98,0.306842,3.06338,0.882607
110,B1,61.7354,20,1247.58,0.295641,2.70287,0.81099
110,B1,61.7354,21,1312.18,0.410775,3.47806,0.965076
110,B1,61.7354,22,1378.12,0.409762,2.88796,0.942034
110,B1,61.7354,27,1734.77,0.525202,-0.181692,0.971492
110,B1,61.7354,29,1859.93,0.692476,-1.29002,0.938462
110,B1,61.7354,34,2227.34,0.444488,1.75221,0.948363
110,B1,61.7354,35,2295.98,0.506497,2.48962,0.967877
110,B1,61.7354,36,2364.61,0.54904,2.14386,0.962719
110,B1,61.7354,37,2434.6,0.593871,2.72894,0.95493
110,B1,61.7354,38,2503.23,0.610525,2.68675,0.94176
110,B1,61.7354,39,2573.22,0.586537,1.29625,0.952979
110,B1,61.7354,41,2746.83,0.855673,-0.221532,0.970412
110,B1,61.7354,42,2811.43,0.828267,-0.768151,0.954395
110,B1,61.7354,45,2854.5,0.63116,2.31122,0.958542
110,B1,61.7354,49,2924.48,0.709025,2.01949,0.986796
110,B1,61.7354,50,2995.81,0.665975,2.06014,0.980466
110,B1,61.7354,51,3068.48,0.747015,1.43026,0.976589
110,B1,61.7354,52,3589.32,1.01252,1.04046,0.973872
110,B1,61.7354,53,4225.89,1.25221,1.91863,0.98819
110,B1,61.7354,61,5071.07,1.8245,2.00981,0.972617
110,B1,61.7354,77,5379.26,2.20962,0.365676,0.943408
110,B1,61.7354,81,5474.82,2.63886,0.386895,0.921464
110,B1,61.7354,82,5916.25,3.89881,0.544363,0.949365
110,B1,61.7354,86,6490.92,3.12296,-0.0355033,0.937212
110,B1,61.7354,92,7606.6,3.4353,-0.297431,0.916587
110,Fs3,184.997,1,184.378,0.317996,4.6094,0.906122
110,Fs3,184.997,3,554.48,0.303992,3.86743,0.747037
110,Fs3,184.997,4,740.204,0.288885,4.2645,0.688361
110,Fs3,184.997,5,925.928,0.343003,3.20988,0.924483
110,Fs3,184.997,6,1113,0.282646,2.54707,0.803344
110,Fs3,184.997,7,1300.07,0.413108,2.68351,0.932942
110,Fs3,184.997,8,1488.48,0.498925,2.52579,0.920266
110,Fs3,184.997,9,1678.24,0.52967,3.2768,0.963749
110,Fs3,184.997,10,1868.01,0.589988,2.29923,0.942368
110,Fs3,184.997,11,2057.77,0.689397,2.18097,0.92981
110,Fs3,184.997,12,2250.22,0.676714,2.35651,0.954117
110,Fs3,184.997,13,2444.02,0.789111,2.89746,0.961469
110,Fs3,184.997,14,2639.16,0.807158,1.74431,0.937822
110,Fs3,184.997,15,2838.35,0.905824,1.40655,0.957895
110,Fs3,184.997,16,3033.49,0.979636,2.2616,0.966434
110,Fs3,184.997,19,3845.02,1.37522,1.63077,0.959973
110,Fs3,184.997,24,4263.57,1.45794,0.452206,0.927288
110,Fs3,184.997,26,4690.2,2.1336,0.581501,0.92836
110,Fs3,184.997,28,6038.72,2.96333,0.569176,0.938606
110,Fs3,184.997,34,6270.2,3.21039,-0.303976,0.950382
110,Fs3,184.997,35,6508.41,3.6525,0.0112116,0.925322
110,Fs3,184.997,36,8002.28,5.09834,-0.477129,0.906681
110,Fs3,184.997,43,9619.96,5.22827,-3.57637,0.804033
110,C8,4186.01,1,4200.32,3.22435,-3.28179,0.999378
110,C8,4186.01,2,8746.52,30.7375,-3.67202,0.998205
110,C8,4186.01,3,13419.2,12.444,-10.6348,0.653711
110,D2,73.4162,1,72.6746,0.61281,5.01966,0.934668
110,D2,73.4162,2,146.695,0.173442,4.29731,0.653825
110,D2,73.4162,3,219.37,0.215142,2.90861,0.629133
110,D2,73.4162,7,514.105,0.199893,3.353,0.668751
110,D2,73.4162,9,660.8,0.184715,4.3784,0.71364
110,D2,73.4162,10,734.821,0.252702,4.07238,0.688717
110,D2,73.4162,12,882.861,0.23445,2.3799,0.688011
110,D2,73.4162,13,956.882,0.290639,3.87235,0.87685
110,D2,73.4162,14,1032.25,0.241706,3.32891,0.742245
110,D2,73.4162,15,1106.27,0.245769,2.52098,0.773653
110,D2,73.4162,16,1181.63,0.468212,3.00076,0.903139
110,D2,73.4162,17,1257,0.320059,3.09499,0.940616
110,D2,73.4162,18,1331.02,0.475405,2.83929,0.946021
110,D2,73.4162,19,1407.73,0.410372,3.08243,0.969643
110,D2,73.4162,20,1485.79,0.338871,2.27337,0.921708
110,D2,73.4162,21,1563.85,0.247797,1.04155,0.937622
110,D2,73.4162,27,2064.5,0.771325,-0.130866,0.886929
110,D2,73.4162,28,2138.52,0.731494,-0.841719,0.909442
110,D2,73.4162,34,2649.93,0.612718,1.08071,0.892588
110,D2,73.4162,35,2733.37,0.578831,2.05097,0.975501
110,D2,73.4162,36,2815.47,0.640719,1.78291,0.971507
110,D2,73.4162,37,2897.56,0.586675,2.59718,0.973802
110,D2,73.4162,38,2978.31,0.643436,2.14572,0.966128
110,D2,73.4162,45,4002.48,1.04021,1.40008,0.975933
110,D2,73.4162,46,4181.48,1.02069,1.53952,0.982949
110,D2,73.4162,58,4274.34,1.0409,1.35086,0.969569
110,D2,73.4162,60,4916.3,1.56038,0.652464,0.962499
110,D2,73.4162,66,5106.06,2.3711,0.7221,0.935498
110,D2,73.4162,68,6111.39,3.37878,0.569417,0.908771
110,D2,73.4162,78,8006.31,3.55166,-0.221328,0.829449
110,D2,73.4162,94,8574.25,1.47161,-7.16828,0.564465
110,As5,932.328,1,934.003,0.915281,3.9669,0.94228
110,As5,932.328,2,1874.73,1.62517,3.92318,0.995151
110,As5,932.328,3,2830.27,2.81597,2.35228,0.989568
110,As5,932.328,4,3811.38,3.90943,1.02526,0.945235
110,As5,932.328,5,4808.63,5.22174,0.831159,0.980381
110,As5,932.328,6,5861.07,7.39287,0.148088,0.967493
110,As5,932.328,8,6944.46,11.119,-0.151645,0.945441
110,As5,932.328,9,8076.3,13.3939,-0.718684,0.943194
110,As5,932.328,10,9222.94,5.69032,-6.38405,0.636408
110,As5,932.328,11,10500.1,2.9436,-9.28438,0.568556
110,As2,116.541,1,117.087,0.24133,3.78723,0.690021
110,As2,116.541,3,349.915,0.274373,3.98382,0.724937
110,As2,116.541,4,465.656,0.263699,3.93232,0.737797
110,As2,116.541,5,582.742,0.205882,3.11154,0.659752
110,As2,116.541,6,699.829,0.196022,3.09241,0.685095
110,As2,116.541,7,816.916,0.24766,3.64068,0.848388
110,As2,116.541,8,934.003,0.234368,2.6463,0.763956
110,As2,116.541,9,1052.44,0.306715,3.03815,0.905234
110,As2,116.541,10,1169.52,0.359885,3.50897,0.913031
110,As2,116.541,11,1289.3,0.320463,3.0527,0.813029
110,As2,116.541,12,1411.77,0.55346,1.62911,0.953049
110,As2,116.541,20,2457.48,0.962511,-0.961576,0.908051
110,As2,116.541,21,2575.91,0.964385,-1.37283,0.903608
110,As2,116.541,24,2995.81,0.867942,2.00613,0.969717
110,As2,116.541,25,2744.14,0.758633,2.25103,0.970714
110,As2,116.541,26,3123.66,0.873734,1.63245,0.955944
110,As2,116.541,29,3509.91,1.19018,1.82554,0.95474
110,As2,116.541,32,3771,1.1279,1.83877,0.989274
110,As2,116.541,34,4721.15,1.75149,1.50929,0.982178
110,As2,116.541,41,5001.09,1.91008,0.607405,0.95074
110,As2,116.541,43,5874.53,2.50854,0.634712,0.95992
110,As2,116.541,48,6175.99,2.78857,0.18572,0.917543
110,As2,116.541,50,7114.03,3.44289,0.0521931,0.935743
110,As2,116.541,55,7764.07,5.21826,-0.719586,0.928669
110,As2,116.541,58,7936.33,5.60765,-0.490317,0.925136
110,As2,116.541,59,8100.52,4.34373,-1.47982,0.894877
110,As2,116.541,60,8621.36,4.29577,-3.19946,0.872675
110,As2,116.541,63,9146.23,5.2731,-3.17625,0.915924
110,D5,587.33,1,586.78,0.605487,4.57931,0.773783
110,D5,587.33,2,1177.6,0.792815,3.82806,0.840422
110,D5,587.33,3,1771.11,1.0255,3.10682,0.93116
110,D5,587.33,4,2372.69,1.35505,2.40385,0.978074
110,D5,587.33,5,2983.69,1.82801,2.26,0.99334
110,D5,587.33,6,3604.12,2.6013,1.01031,0.988373
110,D5,587.33,7,4239.35,3.64698,1.24708,0.972312
110,D5,587.33,9,4892.07,4.74549,0.595144,0.951014
110,D5,587.33,10,5560.95,7.68227,0.802788,0.934326
110,D5,587.33,11,6237.9,9.01797,-1.06814,0.99099
110,D5,587.33,12,7690.04,13.1736,-0.46825,0.947282
110,D5,587.33,15,8445.05,14.5323,-0.79901,0.935287
110,D5,587.33,16,9225.63,8.16507,-4.35476,0.75606
110,Fs4,369.994,1,370.102,0.470265,4.64662,0.79277
110,Fs4,369.994,2,740.204,0.506054,3.71377,0.852516
110,Fs4,369.994,3,1111.65,0.406888,2.02395,0.72666
110,Fs4,369.994,4,1487.14,0.465116,2.43471,0.854766
110,Fs4,369.994,5,1862.62,0.568177,1.27551,0.945869
110,Fs4,369.994,6,2242.14,0.585538,1.77628,0.960167
110,Fs4,369.994,7,2627.05,0.775544,1.3772,0.961254
110,Fs4,369.994,9,3015.99,1.13771,1.6674,0.973198
110,Fs4,369.994,10,4217.82,1.80869,0.324659,0.951266
110,Fs4,369.994,11,4630.98,2.66477,0.620747,0.959754
110,Fs4,369.994,14,5486.93,3.93738,0.792935,0.902123
110,Fs4,369.994,17,5925.67,4.71183,-1.01078,0.907021
110,Fs4,369.994,18,7298.41,8.06171,-0.443061,0.900614
110,Fs4,369.994,21,7780.22,9.27548,-1.06407,0.945695
110,B6,1975.53,1,1985.09,2.4908,4.32722,0.996051
110,B6,1975.53,2,4025.36,4.24676,0.025078,0.992129
110,B6,1975.53,3,6175.99,16.5445,-0.572411,0.974791
110,B6,1975.53,4,8449.09,7.93581,-5.5492,0.874348
110,F1,43.6535,1,43.0664,0.313211,2.37216,0.779149
110,F1,43.6535,2,87.4786,0.33403,6.0276,0.978724
110,F1,43.6535,3,130.545,0.275582,5.80114,0.965911
110,F1,43.6535,4,173.611,0.2925,4.61516,0.903744
110,F1,43.6535,5,218.024,0.272992,5.425,0.805568
110,F1,43.6535,6,261.09,0.256386,4.86452,0.961668
110,F1,43.6535,7,305.502,0.199184,3.64914,0.629797
110,F1,43.6535,9,392.981,0.183769,4.55387,0.690373
110,F1,43.6535,11,480.46,0.261792,2.861,0.856661
110,F1,43.6535,13,567.938,0.24554,3.11792,0.752322
110,F1,43.6535,14,612.35,0.275509,3.72637,0.942514
110,F1,43.6535,15,656.763,0.311141,3.80664,0.816867
110,F1,43.6535,16,701.175,0.275796,1.85097,0.892516
110,F1,43.6535,17,745.587,0.273439,2.97274,0.884281
110,F1,43.6535,18,791.345,0.183851,3.35151,0.690332
110,F1,43.6535,19,835.757,0.207432,3.64216,0.721683
110,F1,43.6535,20,881.516,0.214547,2.1889,0.720858
110,F1,43.6535,21,925.928,0.337183,3.24551,0.901147
110,F1,43.6535,22,971.686,0.41983,3.67651,0.84444
110,F1,43.6535,23,1018.79,0.328128,2.63032,0.921637
110,F1,43.6535,24,1065.89,0.315989,2.36849,0.862505
110,F1,43.6535,25,1137.22,0.864996,0.346881,0.901541
110,F1,43.6535,26,1180.29,1.41735,-0.275918,0.89926
110,F1,43.6535,27,1224.7,1.16548,0.912298,0.882085
110,F1,43.6535,28,1269.11,0.985518,-0.486288,0.893309
110,F1,43.6535,29,1314.87,0.971576,-0.406247,0.95115
110,F1,43.6535,34,1580,0.691602,2.79528,0.970277
110,F1,43.6535,35,1629.79,0.65244,3.28823,0.936289
110,F1,43.6535,36,1678.24,0.625054,3.2711,0.955493
110,F1,43.6535,37,1729.39,0.624584,1.90713,0.962592
110,F1,43.6535,38,1776.49,0.549429,1.39424,0.967138
110,F1,43.6535,39,1827.63,0.685847,1.65225,0.955383
110,F1,43.6535,40,1881.46,0.706003,0.360504,0.944935
110,F1,43.6535,41,1927.22,0.652783,2.24761,0.972288
110,F1,43.6535,42,1977.02,0.737873,3.29399,0.97222
110,F1,43.6535,43,2030.85,0.65667,1.82852,0.991751
110,F1,43.6535,49,2395.57,0.810631,2.14769,0.912299
110,F1,43.6535,50,2449.4,0.8664,2.65892,0.968757
110,F1,43.6535,51,2504.58,0.960097,1.31952,0.948705
110,F1,43.6535,52,2558.41,1.02938,1.88784,0.966679
110,F1,43.6535,53,2613.59,1.08789,1.6518,0.935859
110,F1,43.6535,54,2667.43,1.1037,1.46119,0.971585
110,F1,43.6535,61,3137.12,1.50678,2.23509,0.995458
110,F1,43.6535,70,3488.38,1.37858,1.1618,0.964334
110,F1,43.6535,76,3612.19,1.48166,1.01208,0.980226
110,F1,43.6535,78,3680.83,1.62167,1.07186,0.964652
110,F1,43.6535,79,3765.62,1.4695,0.796509,0.983309
110,F1,43.6535,80,4263.57,3.05944,0.772389,0.952051
110,F1,43.6535,87,4390.08,2.21223,0.909515,0.990808
110,F1,43.6535,89,4975.52,3.82098,0.84925,0.959902
110,Ds2,77.7817,1,78.0579,0.33312,4.89748,0.908006
110,Ds2,77.7817,2,154.77,0.210333,3.39912,0.6864
110,Ds2,77.7817,3,232.828,0.215794,3.46823,0.836368
110,Ds2,77.7817,4,310.886,0.180841,4.42189,0.655186
110,Ds2,77.7817,6,467.001,0.162398,2.8174,0.694263
110,Ds2,77.7817,7,545.059,0.28995,3.50366,0.881651
110,Ds2,77.7817,8,623.117,0.234974,2.24686,0.78586
110,Ds2,77.7817,10,779.233,0.223018,3.25236,0.747898
110,Ds2,77.7817,11,857.291,0.24544,3.77357,0.783739
110,Ds2,77.7817,12,936.694,0.240975,2.562,0.825083
110,Ds2,77.7817,13,1014.75,0.280632,3.4425,0.869842
110,Ds2,77.7817,14,1094.16,0.28546,3.26601,0.800087
110,Ds2,77.7817,15,1173.56,0.394218,3.48058,0.958971
110,Ds2,77.7817,16,1252.96,0.344268,1.91053,0.873922
110,Ds2,77.7817,17,1333.71,0.610847,2.34354,0.915057
110,Ds2,77.7817,18,1411.77,0.319119,3.17382,0.899216
110,Ds2,77.7817,19,1492.52,0.358767,2.70644,0.936103
110,Ds2,77.7817,20,1574.62,0.329511,2.5887,0.886846
110,Ds2,77.7817,21,1656.71,0.644394,2.16778,0.937975
110,Ds2,77.7817,27,2186.97,0.714816,-0.81627,0.920374
110,Ds2,77.7817,29,2345.77,1.21708,-1.40348,0.933011
110,Ds2,77.7817,36,2987.73,0.643495,0.648376,0.963186
110,Ds2,77.7817,37,3077.9,0.611353,2.98814,0.989186
110,Ds2,77.7817,43,3162.69,0.619552,2.14312,0.972391
110,Ds2,77.7817,44,3239.4,0.708175,0.898232,0.983578
110,Ds2,77.7817,45,3519.33,0.837815,0.71649,0.962302
110,Ds2,77.7817,49,3886.74,0.970019,0.882657,0.973584
110,Ds2,77.7817,53,4321.44,2.02143,1.25478,0.976324
110,Ds2,77.7817,54,5399.45,1.73061,1.60876,0.959003
110,Ds2,77.7817,68,5551.53,2.15846,0.265755,0.938057
110,Ds2,77.7817,70,6482.84,4.4655,0.352229,0.949249
110,Ds2,77.7817,78,8638.85,4.62279,-0.394677,0.809889
110,A4,440,1,440.085,0.444243,3.24956,0.69417
110,A4,440,2,881.516,0.564044,4.36845,0.892367
110,A4,440,3,1324.29,0.548117,3.57913,0.799318
110,A4,440,4,1771.11,0.599449,2.60091,0.894547
110,A4,440,5,2220.61,0.774023,2.31621,0.95544
110,A4,440,6,2676.85,0.962494,2.42048,0.969627
110,A4,440,8,3139.81,1.42807,1.20613,0.953679
110,A4,440,9,3609.5,1.86594,0.967816,0.953867
110,A4,440,10,5072.42,4.1751,1.62581,0.957737
110,A4,440,13,5581.14,4.8302,-0.0656898,0.927353
110,A4,440,14,6640.3,8.67668,0.260389,0.94827
110,A4,440,17,7186.71,8.36173,-0.468615,0.930189
110,A4,440,18,7747.92,3.96962,-5.45326,0.701832
110,A4,440,19,8901.29,4.45038,-6.20029,0.660608
110,A4,440,21,9525.75,2.27915,-8.75456,0.519829
110,E3,164.814,1,165.536,0.267555,4.21458,0.850371
110,E3,164.814,2,329.727,0.395341,5.46977,0.877183
110,E3,164.814,3,493.918,0.32475,2.96458,0.801478
110,E3,164.814,4,659.454,0.358043,4.39435,0.705369
110,E3,164.814,5,824.991,0.283439,3.45903,0.716187
110,E3,164.814,6,990.527,0.343869,2.32698,0.862465
110,E3,164.814,8,1324.29,0.492831,1.25891,0.901469
110,E3,164.814,9,1491.17,0.36909,3.52654,0.863471
110,E3,164.814,10,1660.75,0.378621,3.35783,0.859451
110,E3,164.814,11,1828.98,0.399259,0.444924,0.91481
110,E3,164.814,12,2001.24,0.428449,2.51401,0.92569
110,E3,164.814,13,2174.85,0.475101,1.2537,0.92443
110,E3,164.814,18,2688.96,0.648078,2.77675,0.92668
110,E3,164.814,19,3219.21,0.837309,0.925526,0.967565
110,E3,164.814,20,3945.96,1.08711,1.38452,0.962246
110,E3,164.814,27,4134.38,1.30093,1.9097,0.959557
110,E3,164.814,28,4511.21,1.84033,0.858693,0.937878
110,E3,164.814,30,4700.97,2.12336,0.542907,0.937814
110,E3,164.814,31,5489.62,2.17901,1.33473,0.9609
110,E3,164.814,35,7169.21,4.18975,0.28506,0.918989
110,E3,164.814,43,7298.41,6.04792,0.890623,0.920669
110,E3,164.814,44,8537.92,6.90495,-0.906935,0.947817
110,E3,164.814,49,9021.07,7.00321,-1.30769,0.920836
110,E3,164.814,51,10015.6,6.19039,-3.38778,0.841544
110,E3,164.814,55,10532.4,4.35367,-5.39249,0.723478
110,Gs3,207.652,2,415.86,0.293395,4.45412,0.693041
110,Gs3,207.652,3,623.117,0.287354,4.53158,0.8294
110,Gs3,207.652,4,831.72,0.349543,3.70832,0.856205
110,Gs3,207.652,5,1040.32,0.36407,3.73402,0.812785
110,Gs3,207.652,6,1250.27,0.378273,3.3656,0.838572
110,Gs3,207.652,7,1461.57,0.505294,3.30108,0.874641
110,Gs3,207.652,8,1674.21,0.562757,1.4258,0.964688
110,Gs3,207.652,9,1886.85,0.598263,2.90401,0.946057
110,Gs3,207.652,10,2100.83,0.630793,2.44428,0.918263
110,Gs3,207.652,11,2317.51,0.70618,0.789347,0.951742
110,Gs3,207.652,12,2536.88,0.946498,2.53082,0.985911
110,Gs3,207.652,13,2756.25,0.979679,3.05708,0.949846
110,Gs3,207.652,14,2976.97,1.00647,1.95538,0.95941
110,Gs3,207.652,16,3201.72,1.07526,1.99116,0.970571
110,Gs3,207.652,18,4360.47,1.94829,1.48937,0.974326
110,Gs3,207.652,24,5092.6,2.26222,1.36103,0.983309
110,Gs3,207.652,27,5340.23,2.38425,0.209256,0.966424
110,Gs3,207.652,28,5852.99,3.08777,0.310763,0.946432
110,Gs3,207.652,30,6920.23,4.43871,0.374176,0.927671
110,Gs3,207.652,35,7755.99,6.92426,0.362682,0.892939
110,Gs3,207.652,38,8052.07,4.78268,-3.59523,0.84358
110,Gs3,207.652,39,8344.12,4.82529,-3.93059,0.815816
110,G7,3135.96,1,3153.27,3.87675,1.01285,0.999994
110,G7,3135.96,2,6462.65,24.9379,-1.69571,0.997401
110,G7,3135.96,3,9945.65,36.3288,-4.32488,0.983058
110,Cs4,277.183,1,277.24,0.453161,5.06355,0.873016
110,Cs4,277.183,2,554.48,0.371655,4.41991,0.66308
110,Cs4,277.183,3,833.066,0.371526,3.21922,0.84457
110,Cs4,277.183,4,1111.65,0.523964,2.9473,0.792098
110,Cs4,277.183,5,1391.58,0.337297,2.7228,0.702932
110,Cs4,277.183,6,1674.21,0.582718,3.70794,0.893417
110,Cs4,277.183,7,1958.18,0.638361,3.36898,0.942043
110,Cs4,277.183,8,2243.49,0.584323,1.16308,0.862531
110,Cs4,277.183,9,2535.53,0.767855,1.66836,0.913026
110,Cs4,277.183,11,3415.7,1.33784,2.22018,0.967723
110,Cs4,277.183,14,3718.52,1.71152,2.11736,0.965531
110,Cs4,277.183,15,4024.02,1.80102,0.95377,0.94798
110,Cs4,277.183,16,4333.56,1.65376,0.406867,0.948542
110,Cs4,277.183,17,5618.82,3.58156,0.915611,0.972388
110,Cs4,277.183,18,5953.93,3.74649,1.04003,0.947817
110,Cs4,277.183,23,6294.42,3.84111,0.867956,0.940361
110,Cs4,277.183,24,7354.93,6.05245,-0.443951,0.910098
110,Cs4,277.183,27,8097.83,9.77186,-0.0295579,0.947471
110,Cs4,277.183,29,8864.95,9.44088,-1.32087,0.93933
110,Cs4,277.183,31,10070.8,10.9787,-1.53748,0.919025
110,Cs4,277.183,34,10488,4.24607,-6.10409,0.656326
110,Cs4,277.183,35,10914.6,2.48066,-7.98913,0.525743
110,As3,233.082,2,465.656,0.326627,4.59899,0.909883
110,As3,233.082,3,699.829,0.384269,4.03348,0.949735
110,As3,233.082,4,934.003,0.356395,3.44519,0.86633
110,As3,233.082,5,1169.52,0.372922,3.29505,0.788485
110,As3,233.082,6,1405.04,0.455262,3.19531,0.896315
110,As3,233.082,7,1641.91,0.546009,3.72548,0.923038
110,As3,233.082,8,1885.5,0.804787,2.20974,0.966715
110,As3,233.082,13,2853.15,1.0311,1.52161,0.967027
110,As3,233.082,14,3606.81,1.43769,1.0058,0.940475
110,As3,233.082,17,4653.86,1.99228,1.18125,0.974582
110,As3,233.082,22,4923.03,2.24928,0.726727,0.933368
110,As3,233.082,23,5197.58,2.767,0.636185,0.938589
110,As3,233.082,24,6042.75,3.5265,0.676634,0.947428
110,As3,233.082,27,6926.96,6.42216,0.530117,0.912705
110,As3,233.082,29,8173.2,6.44098,-0.598605,0.926489
110,As3,233.082,33,8505.62,7.6733,-0.395051,0.898361
110,As3,233.082,34,8827.27,9.90443,-0.7946,0.959744
110,D4,293.665,1,293.39,0.463968,5.05907,0.908577
110,D4,293.665,4,1177.6,0.579432,3.35174,0.795039
110,D4,293.665,5,1475.02,0.601414,3.06411,0.915189
110,D4,293.665,6,1773.8,0.626056,2.76467,0.948027
110,D4,293.665,7,2075.26,0.644264,2.24235,0.907913
110,D4,293.665,8,2379.42,0.76813,1.80632,0.951592
110,D4,293.665,9,2687.61,0.896708,1.34538,0.919344
110,D4,293.665,11,3628.34,1.4003,1.52148,0.969713
110,D4,293.665,14,4608.11,2.40442,0.785518,0.944194
110,D4,293.665,18,5992.96,3.44929,0.220917,0.938097
110,D4,293.665,22,7860.96,7.94165,-0.0478566,0.891975
110,D4,293.665,27,9493.45,12.3577,-0.182565,0.921383
110,D4,293.665,31,10813.7,8.02815,-4.33479,0.809912
110,Fs5,739.989,1,740.204,0.639123,3.6717,0.502409
110,Fs5,739.989,2,1484.45,0.832681,2.79412,0.856537
110,Fs5,739.989,3,2238.11,1.06814,2.19585,0.924456
110,Fs5,739.989,4,2998.5,1.81677,0.888881,0.970372
110,Fs5,739.989,5,3787.15,2.96314,0.724611,0.981567
110,Fs5,739.989,6,4586.57,4.44454,1.1798,0.955394
110,Fs5,739.989,7,5412.91,5.48953,0.952341,0.962557
110,Fs5,739.989,9,7147.68,11.7655,0.137972,0.940716
110,Fs5,739.989,11,8064.18,16.3065,-0.0884605,0.949866
110,B7,3951.07,1,3960.76,3.96308,-1.45755,0.990526
110,B7,3951.07,2,8216.26,23.584,-4.49631,0.985143
110,B7,3951.07,3,12563.3,9.11383,-11.1578,0.609297
110,E2,82.4069,1,82.0953,0.290001,5.4211,0.947453
110,E2,82.4069,2,165.536,0.20764,2.91431,0.867749
110,E2,82.4069,3,247.632,0.239063,3.26326,0.779404
110,E2,82.4069,4,329.727,0.240815,5.18665,0.942044
110,E2,82.4069,5,411.823,0.205347,4.41373,0.875982
110,E2,82.4069,6,493.918,0.279943,3.83471,0.7496
110,E2,82.4069,7,577.359,0.20803,3.69129,0.813371
110,E2,82.4069,8,659.454,0.225035,1.75941,0.774836
110,E2,82.4069,9,742.896,0.272088,3.7919,0.891899
110,E2,82.4069,10,826.337,0.212958,3.97833,0.795145
110,E2,82.4069,11,908.432,0.29537,3.85224,0.865655
110,E2,82.4069,12,991.873,0.258866,3.2207,0.912732
110,E2,82.4069,13,1075.31,0.24985,4.23095,0.825644
110,E2,82.4069,14,1158.76,0.485295,2.90211,0.906052
110,E2,82.4069,15,1243.54,0.301666,3.0706,0.841613
110,E2,82.4069,16,1326.98,0.612877,1.13346,0.868521
110,E2,82.4069,17,1411.77,0.298048,2.0757,0.81656
110,E2,82.4069,18,1496.56,0.334089,3.96079,0.8914
110,E2,82.4069,19,1581.34,0.372838,3.35928,0.898239
110,E2,82.4069,20,1668.82,0.818066,1.51469,0.930217
110,E2,82.4069,21,1756.3,0.948548,2.6846,0.977449
110,E2,82.4069,35,2628.4,0.506119,2.53823,0.946281
110,E2,82.4069,36,2715.88,0.552151,2.08308,0.961112
110,E2,82.4069,37,2898.91,0.587046,0.952535,0.959807
110,E2,82.4069,39,3267.66,0.676841,1.5878,0.975028
110,E2,82.4069,43,3929.81,0.999223,1.44578,0.97577
110,E2,82.4069,51,4128.99,1.11613,0.903466,0.959201
110,E2,82.4069,53,4224.55,1.23803,0.644066,0.955148
110,E2,82.4069,54,5699.57,1.67697,0.919473,0.962048
110,E2,82.4069,68,6940.42,5.20893,0.897711,0.91946
110,E2,82.4069,79,9120.66,4.54247,-0.874813,0.873096
110,Gs2,103.826,1,103.629,0.253112,4.10883,0.656796
110,Gs2,103.826,2,207.257,0.24159,3.85794,0.847277
110,Gs2,103.826,3,310.886,0.160045,4.13959,0.641058
110,Gs2,103.826,4,414.514,0.213228,3.69669,0.815518
110,Gs2,103.826,5,519.489,0.218068,3.1559,0.805429
110,Gs2,103.826,6,623.117,0.251417,4.05674,0.733009
110,Gs2,103.826,7,728.091,0.240649,3.04588,0.758918
110,Gs2,103.826,8,831.72,0.252549,3.23376,0.785657
110,Gs2,103.826,9,936.694,0.224617,3.51427,0.655537
110,Gs2,103.826,10,1041.67,0.286429,4.07973,0.869373
110,Gs2,103.826,11,1146.64,0.225288,2.18469,0.812385
110,Gs2,103.826,12,1251.62,0.329911,3.38793,0.909145
110,Gs2,103.826,13,1357.94,0.370518,3.2089,0.903919
110,Gs2,103.826,14,1464.26,0.388341,2.97317,0.944235
110,Gs2,103.826,15,1570.58,0.442162,2.30413,0.939002
110,Gs2,103.826,16,1678.24,0.459259,0.60247,0.790603
110,Gs2,103.826,17,1784.56,0.476886,3.19429,0.948714
110,Gs2,103.826,18,1893.58,0.479202,2.04632,0.934093
110,Gs2,103.826,19,2001.24,0.441014,1.506,0.934824
110,Gs2,103.826,20,2110.25,0.512286,-1.09715,0.810926
110,Gs2,103.826,21,2219.27,0.629496,1.64268,0.915002
110,Gs2,103.826,22,2328.28,0.565105,0.922102,0.94219
110,Gs2,103.826,23,2439.98,0.586046,2.38585,0.964091
110,Gs2,103.826,24,2550.34,0.676842,1.38393,0.925157
110,Gs2,103.826,25,2662.04,0.573814,0.280458,0.944259
110,Gs2,103.826,26,2776.44,0.85177,1.65908,0.952132
110,Gs2,103.826,27,2890.83,0.862369,1.40208,0.905882
110,Gs2,103.826,28,3115.59,0.855755,2.01253,0.976108
110,Gs2,103.826,34,3345.72,0.866856,1.60523,0.957448
110,Gs2,103.826,36,3462.81,1.05598,1.42034,0.968886
110,Gs2,103.826,37,4551.58,1.67268,0.850139,0.981148
110,Gs2,103.826,38,4803.25,1.76328,1.18271,0.959884
110,Gs2,103.826,49,4931.1,1.54622,0.189047,0.967936
110,Gs2,103.826,50,5058.96,2.01804,0.650238,0.968229
110,Gs2,103.826,52,5320.05,2.16214,0.280137,0.954516
110,Gs2,103.826,54,6267.51,2.45178,0.323815,0.92687
110,Gs2,103.826,61,6345.57,3.37106,-0.716139,0.9137
110,Gs2,103.826,62,8037.27,5.0947,-0.205464,0.866945
110,Gs2,103.826,74,8193.38,5.62241,-1.66544,0.942867
110,Ds3,155.563,3,467.001,0.192513,3.48863,0.603845
110,Ds3,155.563,5,777.887,0.276539,3.72468,0.679043
110,Ds3,155.563,6,935.349,0.307871,2.80526,0.692177
110,Ds3,155.563,7,1091.46,0.359556,3.5104,0.820698
110,Ds3,155.563,8,1248.93,0.344179,1.12763,0.822899
110,Ds3,155.563,9,1407.73,0.401442,3.00694,0.875841
110,Ds3,155.563,10,1565.19,0.389424,3.69075,0.87147
110,Ds3,155.563,11,1725.35,0.662959,3.71614,0.995159
110,Ds3,155.563,12,1888.19,0.728897,2.24254,0.918866
110,Ds3,155.563,19,2862.57,0.819125,2.52072,0.971953
110,Ds3,155.563,21,3365.91,1.25859,1.09384,0.947688
110,Ds3,155.563,24,3707.75,1.11952,1.93896,0.982577
110,Ds3,155.563,26,3881.36,1.14653,1.37193,0.954305
110,Ds3,155.563,28,4233.97,1.26262,1.27969,0.975949
110,Ds3,155.563,30,4591.96,2.0833,0.63364,0.911734
110,Ds3,155.563,32,5139.71,2.29222,1.02608,0.955105
110,Ds3,155.563,35,5326.78,2.22854,0.38363,0.956
110,Ds3,155.563,36,6492.26,2.98676,0.83758,0.936822
110,Ds3,155.563,42,6691.44,3.39946,0.127089,0.90284
110,Ds3,155.563,43,7735.8,5.31279,0.230761,0.871335
110,Ds3,155.563,47,7951.14,4.98962,-0.270524,0.897854
110,Ds3,155.563,48,8385.84,6.91429,-0.146749,0.904162
110,Ds3,155.563,50,9524.41,5.71983,-2.45693,0.848632
110,Ds3,155.563,55,9765.31,6.08066,-2.29936,0.864739
110,Ds3,155.563,58,10484,1.6037,-8.16555,0.533861
110,A5,880,1,881.516,0.768867,3.93648,0.795296
110,A5,880,2,1768.41,1.10644,2.92327,0.950063
110,A5,880,3,2670.12,1.8759,1.78045,0.974229
110,A5,880,4,3590.66,3.31572,1.92106,0.973345
110,A5,880,5,4534.08,4.57845,0.839548,0.951095
110,A5,880,6,4784.41,6.83564,-1.01836,0.905429
110,A5,880,7,5504.42,7.48068,0.197795,0.973387
110,A5,880,8,6505.72,7.73492,-1.07593,0.994479
110,A5,880,9,7572.96,12.8638,-0.438053,0.938967
110,A5,880,10,8671.15,15.287,-1.06774,0.964177
110,C1,32.7032,1,32.2998,0.248579,2.78058,0.957442
110,C1,32.7032,2,64.5996,0.211487,3.57356,0.909029
110,C1,32.7032,3,96.8994,0.15186,5.48999,0.735114
110,C1,32.7032,4,130.545,0.177861,5.55095,0.850444
110,C1,32.7032,5,162.845,0.162479,3.17051,0.823914
110,C1,32.7032,6,195.145,0.145523,5.45077,0.67485
110,C1,32.7032,7,227.444,0.181509,4.48712,0.865406
110,C1,32.7032,9,293.39,0.164591,4.35474,0.796749
110,C1,32.7032,10,327.036,0.159156,4.56123,0.837892
110,C1,32.7032,11,359.335,0.154803,4.52409,0.72357
110,C1,32.7032,13,425.281,0.148272,3.75035,0.671952
110,C1,32.7032,15,492.572,0.181741,1.54403,0.768889
110,C1,32.7032,16,526.218,0.176153,2.59547,0.826314
110,C1,32.7032,17,559.863,0.190287,2.72596,0.75238
110,C1,32.7032,18,593.509,0.208898,3.30504,0.854434
110,C1,32.7032,19,627.155,0.1772,3.05891,0.764086
110,C1,32.7032,20,660.8,0.209305,3.21281,0.881599
110,C1,32.7032,21,695.792,0.214639,4.1035,0.883157
110,C1,32.7032,22,730.783,0.220539,3.95558,0.893824
110,C1,32.7032,23,764.429,0.219038,3.13906,0.836213
110,C1,32.7032,24,818.262,0.636184,1.89203,0.999992
110,C1,32.7032,26,869.403,0.275465,2.28782,0.949631
110,C1,32.7032,27,905.74,0.275856,2.01483,0.972016
110,C1,32.7032,28,940.732,0.312535,3.25639,0.964141
110,C1,32.7032,29,978.415,0.320464,3.13688,0.977072
110,C1,32.7032,30,1013.41,0.332566,3.16234,0.958198
110,C1,32.7032,31,1049.74,0.379548,2.67001,0.995729
110,C1,32.7032,32,1086.08,0.378726,2.04717,0.970926
110,C1,32.7032,33,1123.76,0.427723,-0.472032,0.983767
110,C1,32.7032,34,1187.02,0.984497,0.461297,0.999443
110,C1,32.7032,35,1220.66,0.961522,-0.0195431,0.998224
110,C1,32.7032,36,1254.31,0.927138,-0.336358,0.996866
110,C1,32.7032,37,1289.3,0.949278,0.00176675,0.997418
110,C1,32.7032,38,1322.95,0.975718,-0.648027,0.999268
110,C1,32.7032,39,1356.59,0.895482,0.856935,0.990191
110,C1,32.7032,41,1460.22,0.996279,2.46995,0.999956
110,C1,32.7032,42,1495.21,1.03106,1.31658,0.999836
110,C1,32.7032,43,1530.2,1.05462,1.12204,0.999669
110,C1,32.7032,44,1584.04,0.655347,2.9,0.98826
110,C1,32.7032,45,1625.76,0.837792,3.23689,0.925
110,C1,32.7032,46,1667.48,0.706821,1.72369,0.973547
110,C1,32.7032,47,1710.54,0.856885,1.54912,0.951924
110,C1,32.7032,48,1753.61,0.81475,1.04876,0.954082
110,C1,32.7032,49,1795.33,0.957671,1.96243,0.999916
110,C1,32.7032,50,1838.4,0.933622,1.62129,0.949382
110,C1,32.7032,51,1880.12,0.935055,2.49122,0.994393
110,C1,32.7032,52,1925.88,0.957545,3.84173,0.99748
110,C1,32.7032,53,1967.6,1.00737,3.2372,0.989372
110,C1,32.7032,54,2012.01,1.07632,2.08551,0.988358
110,C1,32.7032,55,2056.42,1.08553,1.59187,0.998392
110,C1,32.7032,56,2102.18,1.09289,0.0835883,0.985075
110,C1,32.7032,57,2147.94,1.11816,0.867706,0.992066
110,C1,32.7032,58,2193.7,1.16842,0.843672,0.999877
110,C1,32.7032,59,2239.45,1.1373,1.28155,0.947403
110,C1,32.7032,60,2286.56,1.03632,1.76776,0.953175
110,C1,32.7032,61,2332.31,1.28806,1.23551,0.949843
110,C1,32.7032,62,2382.11,1.30574,0.829637,0.993425
110,C1,32.7032,63,2429.21,1.19172,0.301215,0.987946
110,C1,32.7032,64,2477.66,1.16895,1.91807,0.99048
110,C1,32.7032,65,2524.77,1.17267,0.0783438,0.976373
110,C1,32.7032,67,2624.36,1.31459,-0.602966,0.982892
110,C1,32.7032,68,2675.5,1.40824,-0.285465,0.985621
110,C1,32.7032,71,2855.84,1.90124,2.70544,0.997875
110,C1,32.7032,74,2775.09,1.68008,2.80574,0.963697
110,C1,32.7032,81,3145.19,2.34864,2.00095,0.977398
110,C1,32.7032,86,3596.04,3.09827,1.20231,0.960368
110,C1,32.7032,87,4286.45,4.0447,1.67901,0.983204
110,G6,1567.98,1,1573.27,1.92189,4.307,0.988957
110,G6,1567.98,2,3172.11,2.92724,1.80439,0.984289
110,G6,1567.98,3,4831.51,4.66646,-0.110705,0.995029
110,G6,1567.98,4,5504.42,7.63791,-2.01307,0.969369
110,G6,1567.98,5,8411.41,11.5122,-5.16878,0.867774
110,Cs5,554.365,1,554.48,0.602582,4.49001,0.759894
110,Cs5,554.365,2,1110.31,0.61936,4.22725,0.718972
110,Cs5,554.365,3,1671.51,0.939818,3.37543,0.870756
110,Cs5,554.365,4,2238.11,1.0074,3.03483,0.934965
110,Cs5,554.365,5,2811.43,1.67417,1.7436,0.966548
110,Cs5,554.365,6,3396.86,2.32737,1.95187,0.972366
110,Cs5,554.365,8,3993.06,3.06969,0.782859,0.966716
110,Cs5,554.365,9,5228.53,5.68858,0.611193,0.928418
110,Cs5,554.365,11,5869.14,7.79474,0.398112,0.936624
110,Cs5,554.365,12,7416.84,12.2668,-1.49434,0.984253
110,Cs5,554.365,15,7891.92,13.0356,-0.97946,0.947497
110,Cs5,554.365,16,8630.78,16.683,-1.29028,0.963584
110,Cs5,554.365,17,9365.6,4.12694,-7.24938,0.604459
110,Cs2,69.2957,1,68.6371,0.329837,3.76009,0.833489
110,Cs2,69.2957,2,138.62,0.459899,5.23389,0.959082
110,Cs2,69.2957,3,207.257,0.225595,4.03296,0.607835
110,Cs2,69.2957,4,277.24,0.248943,3.07639,0.804498
110,Cs2,69.2957,5,345.877,0.309799,4.80393,0.809308
110,Cs2,69.2957,7,484.497,0.228138,3.81434,0.843423
110,Cs2,69.2957,8,554.48,0.208034,2.34688,0.728365
110,Cs2,69.2957,9,624.463,0.205536,3.61243,0.661634
110,Cs2,69.2957,10,693.1,0.271481,4.20623,0.855076
110,Cs2,69.2957,11,763.083,0.222316,3.46702,0.82683
110,Cs2,69.2957,12,833.066,0.198546,3.83813,0.752754
110,Cs2,69.2957,13,903.049,0.219811,1.3014,0.696696
110,Cs2,69.2957,14,974.377,0.238329,2.92329,0.773481
110,Cs2,69.2957,15,1044.36,0.289382,2.19642,0.808275
110,Cs2,69.2957,16,1114.34,0.307258,1.71531,0.787267
110,Cs2,69.2957,17,1185.67,0.302939,3.63973,0.868093
110,Cs2,69.2957,18,1255.65,0.333611,2.87685,0.910671
110,Cs2,69.2957,19,1328.33,0.380866,3.24723,0.806752
110,Cs2,69.2957,20,1401,0.3738,1.61708,0.865814
110,Cs2,69.2957,21,1475.02,0.348983,2.14495,0.917035
110,Cs2,69.2957,26,1873.39,0.65134,-1.33243,0.814851
110,Cs2,69.2957,27,1947.41,0.727482,-0.244087,0.932039
110,Cs2,69.2957,28,2017.39,0.709119,-0.811952,0.897075
110,Cs2,69.2957,33,2421.14,0.628702,2.26891,0.927004
110,Cs2,69.2957,34,2499.2,0.651327,1.82802,0.93871
110,Cs2,69.2957,35,2575.91,0.608694,2.13139,0.958806
110,Cs2,69.2957,36,2651.28,0.623018,2.51734,0.917151
110,Cs2,69.2957,37,2729.33,0.667464,3.15623,0.962514
110,Cs2,69.2957,38,2807.39,0.628012,2.69709,0.959714
110,Cs2,69.2957,39,2886.79,0.624992,1.50766,0.975635
110,Cs2,69.2957,44,3197.68,0.738428,1.75066,0.978218
110,Cs2,69.2957,49,3936.54,0.895575,1.07696,0.979791
110,Cs2,69.2957,58,4626.95,1.35809,1.07332,0.965707
110,Cs2,69.2957,66,4796.52,1.45999,0.838127,0.967702
110,Cs2,69.2957,68,5628.24,2.19456,0.947188,0.953122
110,Cs2,69.2957,77,6314.61,3.75617,0.37604,0.944479
110,Cs2,69.2957,83,7500.28,3.32056,-0.845237,0.831538
110,Cs2,69.2957,94,7786.94,1.86263,-5.87763,0.638133
110,Cs2,69.2957,96,8108.6,0.825421,-8.47495,0.502242
110,G1,48.9994,1,48.4497,0.26006,3.46209,0.789742
110,G1,48.9994,2,98.2452,0.246264,5.1567,0.769052
110,G1,48.9994,3,146.695,0.25992,6.19386,0.917974
110,G1,48.9994,4,195.145,0.217298,4.7987,0.858456
110,G1,48.9994,5,244.94,0.235514,4.22766,0.831283
110,G1,48.9994,7,341.84,0.229643,4.03897,0.813632
110,G1,48.9994,8,391.635,0.247775,2.95406,0.935083
110,G1,48.9994,9,441.431,0.157678,4.03223,0.735481
110,G1,48.9994,10,489.88,0.337839,5.11395,0.890719
110,G1,48.9994,11,539.676,0.150102,2.3793,0.665387
110,G1,48.9994,12,588.126,0.251701,3.25652,0.70214
110,G1,48.9994,13,637.921,0.251703,4.19475,0.80941
110,G1,48.9994,14,687.717,0.226435,4.12268,0.928583
110,G1,48.9994,15,737.512,0.203064,2.87642,0.756045
110,G1,48.9994,16,787.308,0.228432,2.82878,0.812916
110,G1,48.9994,17,837.103,0.20328,3.27528,0.630794
110,G1,48.9994,18,886.899,0.24514,3.41343,0.759692
110,G1,48.9994,19,938.04,0.293223,3.64778,0.76209
110,G1,48.9994,20,987.836,0.316369,2.46153,0.836583
110,G1,48.9994,21,1038.98,0.25067,4.01213,0.793546
110,G1,48.9994,22,1091.46,0.274528,3.72389,0.830018
110,G1,48.9994,23,1143.95,0.270816,2.48493,0.789741
110,G1,48.9994,25,1274.5,0.859807,0.397261,0.871285
110,G1,48.9994,26,1325.64,0.864075,0.974501,0.82593
110,G1,48.9994,27,1375.43,0.707684,0.923651,0.911461
110,G1,48.9994,28,1425.23,0.77254,0.813016,0.876303
110,G1,48.9994,29,1475.02,0.628567,0.112911,0.831702
110,G1,48.9994,30,1524.82,0.833738,-1.02621,0.881602
110,G1,48.9994,32,1658.06,0.49825,0.850009,0.970549
110,G1,48.9994,33,1713.24,0.474847,2.28938,0.931021
110,G1,48.9994,34,1767.07,0.554728,2.59929,0.936825
110,G1,48.9994,35,1819.56,0.515674,3.19138,0.940855
110,G1,48.9994,36,1874.73,0.546447,3.25908,0.992403
110,G1,48.9994,37,1928.57,0.589597,3.65967,0.936279
110,G1,48.9994,38,1983.75,0.5013,2.61887,0.978004
110,G1,48.9994,39,2040.27,0.513805,1.45893,0.953186
110,G1,48.9994,41,2177.55,0.828295,0.475828,0.944607
110,G1,48.9994,42,2228.69,0.716026,-0.920235,0.944507
110,G1,48.9994,43,2279.83,0.705554,-0.388273,0.944728
110,G1,48.9994,45,2431.91,0.796204,1.79088,0.949559
110,G1,48.9994,46,2489.78,0.778776,2.10921,0.960254
110,G1,48.9994,47,2548.99,0.844963,-1.06624,0.947175
110,G1,48.9994,48,2605.52,0.919807,1.12375,0.976636
110,G1,48.9994,49,2666.08,0.912935,0.788169,0.991197
110,G1,48.9994,50,2725.3,1.06884,0.580104,0.956999
110,G1,48.9994,51,2793.93,0.801445,-0.950969,0.963325
110,G1,48.9994,54,2841.04,0.910413,1.39158,0.957958
110,G1,48.9994,59,3208.45,1.21422,1.24687,0.972905
110,G1,48.9994,65,3464.15,1.17275,1.09708,0.947812
110,G1,48.9994,69,3524.72,1.35133,1.41657,0.98513
110,G1,48.9994,70,3857.14,1.56701,1.27149,0.966083
110,G1,48.9994,75,4033.44,2.11305,1.61829,0.970095
110,G1,48.9994,77,4260.88,2.21687,0.207475,0.91776
110,G1,48.9994,81,4760.18,2.8582,0.791721,0.921164
110,G1,48.9994,87,5439.83,3.58566,0.638717,0.939376
110,G1,48.9994,95,6050.83,3.44418,-0.541773,0.940009
110,C6,1046.5,1,1048.4,1.19685,4.12764,0.877902
110,C6,1046.5,2,2106.22,1.96037,3.73793,0.99284
110,C6,1046.5,3,3188.26,3.19722,1.98416,0.972786
110,C6,1046.5,4,4289.15,5.05339,1.68106,0.984176
110,C6,1046.5,5,5442.52,8.25208,0.300188,0.944227
110,C6,1046.5,6,6634.92,11.0713,0.350007,0.966251
110,C6,1046.5,8,7855.58,15.6319,-1.39624,0.976241
110,C6,1046.5,9,9155.65,6.20048,-6.78432,0.722206
110,C6,1046.5,10,10571.5,3.74188,-8.91593,0.536087
110,A2,110,1,110.358,0.510725,4.63026,0.813197
110,A2,110,2,219.37,0.278899,3.03496,0.797725
110,A2,110,4,440.085,0.234786,3.80801,0.701097
110,A2,110,5,550.443,0.262835,3.54672,0.774862
110,A2,110,6,660.8,0.184377,2.66514,0.808523
110,A2,110,7,771.158,0.216962,1.91905,0.768871
110,A2,110,8,881.516,0.223743,2.57317,0.71423
110,A2,110,9,991.873,0.279599,3.28646,0.852405
110,A2,110,10,1103.58,0.310262,4.01361,0.824609
110,A2,110,11,1216.63,0.291041,2.58675,0.800866
110,A2,110,12,1331.02,0.367101,2.89127,0.839147
110,A2,110,20,2318.86,0.823271,-1.81109,0.905663
110,A2,110,23,2702.42,0.67692,0.993335,0.970639
110,A2,110,24,2820.85,1.11392,-1.2032,0.951904
110,A2,110,25,2943.32,1.03123,2.89464,0.953327
110,A2,110,29,3422.43,1.03678,1.72647,0.969021
110,A2,110,33,3544.9,1.07417,1.41507,0.983314
110,A2,110,34,4299.91,1.38555,1.17805,0.98364
110,A2,110,40,4429.11,1.40917,0.268431,0.972352
110,A2,110,41,4822.09,1.80221,0.342225,0.947705
110,A2,110,43,5500.39,2.03823,0.595647,0.955825
110,A2,110,48,5636.32,2.24722,0.0106135,0.958265
110,A2,110,49,6349.6,2.73712,-0.716694,0.900594
110,A2,110,53,7241.89,4.26141,-0.223473,0.879113
110,A2,110,58,8508.31,4.16351,-1.01757,0.912289
110,A2,110,65,9350.79,2.29548,-6.09185,0.668742
110,Ds4,311.127,1,310.886,0.419055,4.74738,0.636675
110,Ds4,311.127,3,934.003,0.452511,3.57375,0.818714
110,Ds4,311.127,5,1563.85,0.474445,2.76734,0.92474
110,Ds4,311.127,6,1881.46,0.609179,3.03326,0.846587
110,Ds4,311.127,7,2200.42,0.594604,0.750321,0.93004
110,Ds4,311.127,8,2524.77,0.827095,1.41445,0.894833
110,Ds4,311.127,9,2850.46,0.998167,2.44356,0.972199
110,Ds4,311.127,11,3181.53,1.2783,2.00781,0.975399
110,Ds4,311.127,12,3854.44,1.84277,1.34358,0.969279
110,Ds4,311.127,14,4905.53,2.65051,1.17516,0.975825
110,Ds4,311.127,18,6389.98,4.51391,0.344283,0.910103
110,Ds4,311.127,22,6781.61,4.90681,0.244401,0.898985
110,Ds4,311.127,23,7171.9,7.60204,-0.137945,0.942157
110,Ds4,311.127,24,7572.96,7.22897,-1.14258,0.948187
110,Ds4,311.127,25,10190.6,7.93213,-3.68484,0.814743
110,Gs5,830.609,1,831.72,0.661648,4.39446,0.804316
110,Gs5,830.609,2,1670.17,1.06088,3.39402,0.949132
110,Gs5,830.609,3,2516.69,1.94335,3.08664,0.981153
110,Gs5,830.609,4,3379.37,3.389,1.85789,0.979174
110,Gs5,830.609,5,4263.57,3.78469,0.710812,0.993791
110,Gs5,830.609,6,5177.39,5.32482,1.20601,0.967964
110,Gs5,830.609,8,6112.74,7.46203,0.602164,0.986522
110,Gs5,830.609,9,7096.54,9.49649,0.330109,0.948363
110,Gs5,830.609,10,8101.87,6.82782,-5.07549,0.768083
110,E5,659.255,1,659.454,0.485365,3.791,0.650446
110,E5,659.255,2,1322.95,0.785326,4.17793,0.87204
110,E5,659.255,3,1991.82,0.880661,3.421,0.86281
110,E5,659.255,4,2668.77,1.30851,2.8481,0.979583
110,E5,659.255,5,3357.83,2.82449,1.42443,0.951331
110,E5,659.255,6,4064.39,3.18381,1.65286,0.951957
110,E5,659.255,8,4783.06,5.41392,-0.247563,0.974874
110,E5,659.255,9,6301.15,10.606,0.711653,0.937001
110,E5,659.255,11,8762.67,16.9137,-0.572463,0.923821
110,B0,30.8677,1,30.954,0.226063,2.07548,0.951055
110,B0,30.8677,2,61.908,0.233288,3.93467,0.946145
110,B0,30.8677,3,91.5161,0.199586,5.86433,0.896462
110,B0,30.8677,4,122.47,0.168021,5.7502,0.772528
110,B0,30.8677,5,153.424,0.1543,4.60056,0.817109
110,B0,30.8677,6,184.378,0.147657,5.25324,0.665709
110,B0,30.8677,11,339.148,0.130106,4.30974,0.678503
110,B0,30.8677,13,402.402,0.151155,4.66075,0.666837
110,B0,30.8677,14,433.356,0.149082,4.37226,0.734695
110,B0,30.8677,15,469.693,0.191912,1.38204,0.792584
110,B0,30.8677,16,497.955,0.168593,2.19302,0.847075
110,B0,30.8677,17,530.255,0.204808,3.82958,0.895849
110,B0,30.8677,18,562.555,0.189189,3.00635,0.853432
110,B0,30.8677,19,593.509,0.21942,4.16584,0.885183
110,B0,30.8677,20,627.155,0.205701,3.79359,0.894598
110,B0,30.8677,21,659.454,0.210561,4.94021,0.872193
110,B0,30.8677,22,693.1,0.226638,3.89537,0.850453
110,B0,30.8677,23,725.4,0.232148,3.09507,0.893594
110,B0,30.8677,24,772.504,0.634161,2.44384,0.999969
110,B0,30.8677,25,804.803,0.684543,2.30393,0.999965
110,B0,30.8677,27,861.328,0.28195,4.49804,0.93268
110,B0,30.8677,28,896.32,0.290703,3.37082,0.955161
110,B0,30.8677,29,929.965,0.33611,3.49562,0.959751
110,B0,30.8677,30,964.957,0.401388,4.4857,0.995997
110,B0,30.8677,31,999.948,0.433004,3.1257,0.956261
110,B0,30.8677,32,1036.29,0.376303,2.92438,0.993729
110,B0,30.8677,33,1071.28,0.448817,1.22347,0.994114
110,B0,30.8677,34,1108.96,0.464739,3.41351,0.995472
110,B0,30.8677,35,1145.3,0.505795,3.91392,0.991465
110,B0,30.8677,36,1181.63,0.583959,3.25557,0.965839
110,B0,30.8677,37,1217.97,0.546384,3.77656,0.975601
110,B0,30.8677,38,1255.65,0.649317,3.73916,0.990117
110,B0,30.8677,39,1294.68,0.589366,3.7628,0.975059
110,B0,30.8677,40,1332.37,0.655638,1.61152,0.97965
110,B0,30.8677,41,1370.05,0.696659,2.29787,0.988046
110,B0,30.8677,42,1407.73,0.682723,2.74635,0.987389
110,B0,30.8677,43,1449.45,0.722202,3.49522,0.985279
110,B0,30.8677,44,1489.83,0.713523,1.79053,0.969626
110,B0,30.8677,45,1528.86,0.841235,2.53111,0.930094
110,B0,30.8677,46,1569.23,0.888143,3.72413,0.979653
110,B0,30.8677,47,1609.61,0.896549,3.60213,0.997771
110,B0,30.8677,48,1651.33,0.874379,2.74381,0.985207
110,B0,30.8677,49,1694.39,0.912864,1.34414,0.999155
110,B0,30.8677,50,1734.77,1.02053,2.23113,0.989072
110,B0,30.8677,51,1777.84,1.08932,2.4627,0.979463
110,B0,30.8677,52,1820.9,1.25314,2.13411,0.965351
110,B0,30.8677,53,1863.97,1.19055,2.74835,0.930958
110,B0,30.8677,54,1907.03,1.30912,3.45056,0.975594
110,B0,30.8677,55,1950.1,1.39049,2.58347,0.999142
110,B0,30.8677,57,2036.23,1.32149,0.217785,0.997906
110,B0,30.8677,63,2289.25,1.49937,-0.78781,0.994313
110,B0,30.8677,64,2349.81,4.28895,1.84946,0.999856
110,B0,30.8677,65,2399.61,1.44031,-0.199586,0.999727
110,B0,30.8677,66,2437.29,1.47088,-0.471605,0.99904
110,B0,30.8677,68,2550.34,1.53986,-0.288718,0.999425
110,B0,30.8677,69,2588.02,1.52599,0.498142,0.999755
110,B0,30.8677,70,2624.36,2.26301,1.0301,0.905339
110,B0,30.8677,71,2675.5,2.15316,1.70062,0.996263
110,B0,30.8677,72,2726.64,1.97399,1.1171,0.99422
110,B0,30.8677,73,2777.78,2.1795,1.84871,0.975531
110,B0,30.8677,74,2832.96,2.25941,0.934523,0.999238
110,B0,30.8677,75,2885.45,2.86233,0.926904,0.999113
110,B0,30.8677,76,2937.94,1.83929,0.979139,0.988266
110,B0,30.8677,77,2994.46,2.77342,0.199439,0.986281
110,B0,30.8677,83,3285.16,2.83348,2.22361,0.995675
110,B0,30.8677,93,3816.76,3.75648,1.37648,0.963691
110,Fs2,92.4986,1,92.8619,0.33506,4.70075,0.858675
110,Fs2,92.4986,2,184.378,0.215167,3.35456,0.634861
110,Fs2,92.4986,3,277.24,0.177987,4.21581,0.634787
110,Fs2,92.4986,4,370.102,0.242345,4.00628,0.758781
110,Fs2,92.4986,6,554.48,0.206027,4.3879,0.685645
110,Fs2,92.4986,9,834.412,0.240093,3.53987,0.751766
110,Fs2,92.4986,10,927.274,0.240778,2.73982,0.800652
110,Fs2,92.4986,11,1021.48,0.265913,1.94621,0.810683
110,Fs2,92.4986,12,1114.34,0.31411,2.8707,0.883566
110,Fs2,92.4986,13,1208.55,0.249953,2.7675,0.820049
110,Fs2,92.4986,14,1302.76,0.293269,3.65877,0.781392
110,Fs2,92.4986,15,1396.97,0.420377,3.26359,0.914903
110,Fs2,92.4986,16,1492.52,0.42396,2.26365,0.873076
110,Fs2,92.4986,17,1586.73,0.439804,1.90119,0.859803
110,Fs2,92.4986,18,1682.28,0.519493,3.62523,0.927078
110,Fs2,92.4986,19,1779.18,0.445378,2.17716,0.901529
110,Fs2,92.4986,20,1874.73,0.469784,2.27489,0.916924
110,Fs2,92.4986,21,1972.98,0.534669,2.38337,0.858535
110,Fs2,92.4986,22,2071.23,0.587309,2.38195,0.963958
110,Fs2,92.4986,23,2170.82,0.635394,1.21823,0.874396
110,Fs2,92.4986,28,2699.73,0.84314,-0.528802,0.954063
110,Fs2,92.4986,29,2793.93,1.14976,-1.98105,0.853133
110,Fs2,92.4986,31,2760.29,0.731908,2.42463,0.919446
110,Fs2,92.4986,34,2964.85,0.770002,1.71622,0.900466
110,Fs2,92.4986,36,3065.79,0.754664,0.481609,0.959404
110,Fs2,92.4986,37,3271.7,0.909584,1.02555,0.955969
110,Fs2,92.4986,39,3908.28,1.2965,1.11452,0.955573
110,Fs2,92.4986,40,4570.42,1.48425,1.4619,0.973701
110,Fs2,92.4986,52,4682.13,1.54182,0.601564,0.960797
110,Fs2,92.4986,53,5383.3,2.38744,1.03844,0.929602
110,Fs2,92.4986,59,6616.08,2.99041,0.232967,0.904607
110,Fs2,92.4986,70,7006.37,4.36437,0.295151,0.882306
110,Fs2,92.4986,73,7278.22,5.00155,0.369288,0.924719
110,Fs2,92.4986,75,7681.97,3.21487,-2.66304,0.840395
110,Fs2,92.4986,78,10197.3,6.33576,-1.8372,0.897701
110,F7,2793.83,1,2806.05,3.36937,-0.796579,0.990369
110,F7,2793.83,2,5741.29,6.24743,-0.613078,0.999546
110,F7,2793.83,3,8827.27,35.1408,-2.39699,0.987821
110,F7,2793.83,4,12076.1,21.6738,-7.07278,0.820888
110,D3,146.832,1,146.695,0.351963,4.53413,0.803302
110,D3,146.832,3,440.085,0.196239,3.87413,0.662196
110,D3,146.832,5,734.821,0.247229,4.02111,0.70384
110,D3,146.832,6,882.861,0.378384,4.71128,0.898012
110,D3,146.832,7,1030.9,0.392147,3.79318,0.887713
110,D3,146.832,8,1178.94,0.418934,2.42644,0.862665
110,D3,146.832,9,1328.33,0.431743,4.00314,0.897722
110,D3,146.832,10,1479.06,0.406781,3.66149,0.832575
110,D3,146.832,11,1627.1,0.40967,3.007,0.870932
110,D3,146.832,12,1781.87,0.455822,3.26837,0.901776
110,D3,146.832,20,2701.07,0.84008,3.17792,0.915857
110,D3,146.832,21,2858.53,0.866396,2.2042,0.909508
110,D3,146.832,22,3017.34,0.870533,2.03513,0.981803
110,D3,146.832,23,3500.49,1.25775,2.63113,0.962603
110,D3,146.832,26,4162.64,1.4419,1.80898,0.973842
110,D3,146.832,31,4678.09,1.74872,1.77646,0.947115
110,D3,146.832,34,6317.3,3.03268,0.783121,0.945233
110,D3,146.832,35,6582.43,3.678,1.2279,0.947875
110,D3,146.832,44,7500.28,4.29623,0.618946,0.929417
110,D3,146.832,48,7912.11,5.74238,-0.319849,0.910516
110,D3,146.832,50,8774.78,6.36461,-1.08581,0.934758
110,D3,146.832,54,8988.77,7.63286,-1.108,0.945729
110,D3,146.832,55,9661.68,3.22111,-5.38588,0.707445
110,D3,146.832,58,10839.3,3.46881,-6.21642,0.665836
110,As4,466.164,1,465.656,0.443585,4.01516,0.828954
110,As4,466.164,2,934.003,0.398033,3.44397,0.576921
110,As4,466.164,3,1402.35,0.524992,3.74504,0.778138
110,As4,466.164,4,1877.43,0.545429,1.00843,0.854389
110,As4,466.164,5,2355.19,0.871955,1.70323,0.975151
110,As4,466.164,6,2841.04,1.26404,1.45696,0.975388
110,As4,466.164,7,3333.61,1.84307,2.52239,0.982663
110,As4,466.164,9,4344.32,2.77467,1.19417,0.951295
110,As4,466.164,11,4865.16,3.63699,1.30955,0.941982
110,As4,466.164,12,5400.8,5.35475,1.36679,0.929062
110,As4,466.164,13,6508.41,7.13773,0.84575,0.986411
110,As4,466.164,15,7083.08,9.66149,0.290079,0.914807
110,As4,466.164,17,7673.9,11.2775,-0.246535,0.915601
110,As4,466.164,18,8279.52,13.1404,-0.36253,0.947807
110,F2,87.3071,1,87.4786,0.295222,4.91759,0.858766
110,F2,87.3071,2,174.957,0.262417,3.17314,0.665772
110,F2,87.3071,3,261.09,0.20379,2.99469,0.765422
110,F2,87.3071,4,348.569,0.275259,4.00661,0.637416
110,F2,87.3071,5,436.047,0.201448,3.18394,0.766838
110,F2,87.3071,7,611.005,0.20402,4.14752,0.738279
110,F2,87.3071,8,699.829,0.159162,2.17021,0.64802
110,F2,87.3071,9,787.308,0.223561,3.08086,0.69714
110,F2,87.3071,10,874.786,0.226611,3.55713,0.746242
110,F2,87.3071,11,963.611,0.240306,2.71978,0.767798
110,F2,87.3071,12,1051.09,0.337525,2.94202,0.799064
110,F2,87.3071,13,1139.91,0.294953,4.16443,0.706648
110,F2,87.3071,14,1228.74,0.268797,3.76651,0.734869
110,F2,87.3071,15,1317.56,0.306108,3.62109,0.861765
110,F2,87.3071,16,1407.73,0.446276,1.77094,0.877034
110,F2,87.3071,17,1496.56,0.337367,1.94675,0.911977
110,F2,87.3071,18,1586.73,0.355756,3.21634,0.912487
110,F2,87.3071,19,1678.24,0.413221,3.78132,0.907519
110,F2,87.3071,20,1768.41,0.606883,0.864583,0.89282
110,F2,87.3071,21,1861.28,0.371444,2.54789,0.906535
110,F2,87.3071,28,2546.3,0.675683,-0.560156,0.904439
110,F2,87.3071,29,2635.13,0.703134,-0.438949,0.880633
110,F2,87.3071,33,2600.13,0.814508,3.02205,0.939158
110,F2,87.3071,34,2814.12,0.73276,2.32896,0.942873
110,F2,87.3071,36,3472.23,0.912977,2.10156,0.962506
110,F2,87.3071,44,3571.82,0.98871,1.1115,0.947021
110,F2,87.3071,45,4291.84,1.33103,1.14063,0.943187
110,F2,87.3071,52,4395.46,1.47651,0.654777,0.943519
110,F2,87.3071,53,5045.5,2.02673,0.914681,0.959339
110,F2,87.3071,59,6189.45,2.84961,0.380793,0.909948
110,F2,87.3071,69,6679.33,3.89246,0.553166,0.869369
110,F2,87.3071,73,7173.25,4.9915,0.38709,0.922509
110,F2,87.3071,77,9200.06,5.18358,-0.419855,0.885641
110,F2,87.3071,92,9488.07,4.93879,-2.307,0.871695
110,F2,87.3071,94,10226.9,2.53817,-5.55869,0.655643
110,B5,987.767,1,989.182,0.84491,2.61653,0.877546
110,B5,987.767,2,1986.44,1.26343,2.76028,0.961877
110,B5,987.767,3,3002.54,2.24921,2.56189,0.963673
110,B5,987.767,4,4041.51,3.69481,1.92311,0.973508
110,B5,987.767,5,5119.52,5.84732,1.2161,0.948987
110,B5,987.767,6,6225.79,8.31318,0.897003,0.961738
110,B5,987.767,8,7395.31,10.8117,0.494556,0.926546
110,B5,987.767,9,8613.28,15.0155,-1.17951,0.969716
110,Fs7,2959.96,1,2960.82,2.82805,-7.18502,0.765929
110,Fs7,2959.96,2,5964.7,10.7287,-2.69696,0.99998
110,As1,58.2705,1,57.8705,0.264857,2.3524,0.811396
110,As1,58.2705,2,117.087,0.231448,4.75263,0.841834
110,As1,58.2705,3,174.957,0.332622,4.21297,0.875675
110,As1,58.2705,4,232.828,0.207857,3.69145,0.833967
110,As1,58.2705,5,290.698,0.265728,3.14303,0.868819
110,As1,58.2705,7,407.785,0.272189,4.11832,0.875649
110,As1,58.2705,8,465.656,0.159799,1.52177,0.672969
110,As1,58.2705,11,641.959,0.156639,3.67561,0.662077
110,As1,58.2705,12,699.829,0.210457,3.78477,0.635424
110,As1,58.2705,13,759.045,0.176935,3.3439,0.65001
110,As1,58.2705,14,816.916,0.225292,3.74538,0.775954
110,As1,58.2705,16,935.349,0.237584,2.31507,0.831705
110,As1,58.2705,17,994.565,0.214828,2.97322,0.786695
110,As1,58.2705,18,1053.78,0.238146,3.09336,0.751358
110,As1,58.2705,19,1114.34,0.282832,3.73542,0.800986
110,As1,58.2705,20,1176.25,0.327245,3.30602,0.917859
110,As1,58.2705,26,1575.96,0.525803,-0.943048,0.915471
110,As1,58.2705,27,1635.18,0.426009,-1.27771,0.86824
110,As1,58.2705,28,1693.05,0.504132,-0.552574,0.935058
110,As1,58.2705,29,1752.26,0.547365,-0.642903,0.956038
110,As1,58.2705,30,1837.05,0.393957,3.31708,0.921668
110,As1,58.2705,31,1898.96,0.405084,1.78188,0.920917
110,As1,58.2705,32,1962.21,0.431756,1.45938,0.948913
110,As1,58.2705,33,2022.78,0.440762,1.53883,0.960258
110,As1,58.2705,34,2084.68,0.459696,1.69173,0.972961
110,As1,58.2705,35,2149.28,0.46785,2.46024,0.939071
110,As1,58.2705,36,2225.99,0.55901,-0.771485,0.924971
110,As1,58.2705,40,2523.42,0.607772,0.566449,0.928769
110,As1,58.2705,41,2592.06,0.6052,1.92912,0.945982
110,As1,58.2705,42,2658,0.589086,2.69351,0.980186
110,As1,58.2705,43,2721.26,0.624162,2.85798,0.957467
110,As1,58.2705,44,2788.55,0.608365,1.59876,0.969175
110,As1,58.2705,50,3050.99,0.71881,2.0163,0.979879
110,As1,58.2705,55,3118.28,0.674601,1.8984,0.983353
110,As1,58.2705,56,3832.91,1.16572,1.54016,0.990965
110,As1,58.2705,65,4018.63,0.97191,1.11131,0.972244
110,As1,58.2705,68,4456.03,1.18614,1.06416,0.982495
110,As1,58.2705,73,4600.03,1.77817,0.981298,0.960156
110,As1,58.2705,75,5959.31,2.57206,0.992708,0.966798
110,As1,58.2705,90,6901.39,3.57082,-0.10496,0.939596
110,D6,1174.66,1,1176.25,1.42383,4.53929,0.955252
110,D6,1174.66,2,2367.31,2.65925,2.72395,0.998497
110,D6,1174.66,3,3581.24,3.37084,1.13628,0.983634
110,D6,1174.66,4,4834.2,5.52171,0.450162,0.966557
110,D6,1174.66,5,6153.11,10.1226,-1.97097,0.956486
110,D6,1174.66,6,7523.16,15.6313,-1.78899,0.988642
110,D6,1174.66,8,8964.54,15.6665,-3.37579,0.920745
110,C3,130.813,1,130.545,0.334065,4.83673,0.866756
110,C3,130.813,2,261.09,0.260428,3.57899,0.743658
110,C3,130.813,3,391.635,0.440521,3.53733,0.814313
110,C3,130.813,4,523.526,0.459701,4.78069,0.912974
110,C3,130.813,5,654.071,0.328704,4.36704,0.81103
110,C3,130.813,7,917.853,0.279974,2.76323,0.720465
110,C3,130.813,8,1049.74,0.464985,1.43038,0.869667
110,C3,130.813,9,1181.63,0.460125,3.36257,0.865192
110,C3,130.813,10,1314.87,0.33625,2.884,0.790514
110,C3,130.813,11,1448.11,0.653939,3.54962,0.913069
110,C3,130.813,12,1585.38,0.348591,3.31243,0.756414
110,C3,130.813,21,2894.87,1.4379,-1.64239,0.905019
110,C3,130.813,22,2674.15,0.717411,2.37442,0.952608
110,C3,130.813,23,3098.09,0.782568,2.18993,0.977133
110,C3,130.813,26,3676.79,1.16082,1.87503,0.965879
110,C3,130.813,30,3972.88,1.02379,1.33213,0.97565
110,C3,130.813,32,4122.26,1.17433,1.58069,0.977955
110,C3,130.813,33,4275.69,1.28997,1.01422,0.970684
110,C3,130.813,34,4892.07,1.66039,0.321214,0.937481
110,C3,130.813,38,5211.04,2.16831,1.21393,0.971878
110,C3,130.813,40,5534.03,2.36021,0.481438,0.95944
110,C3,130.813,42,6715.67,4.09449,0.638946,0.898548
110,C3,130.813,49,7986.13,4.1897,-0.0334356,0.916633
110,C3,130.813,55,9156.99,7.75982,-0.212737,0.93424
110,C3,130.813,60,9352.14,7.49812,-0.942459,0.940819
110,C3,130.813,61,9560.74,7.38622,-1.3529,0.933332
110,C3,130.813,62,9766.65,3.9163,-4.45603,0.760272
110,C3,130.813,63,9968.53,3.87846,-4.86027,0.754101
110,C3,130.813,64,10183.9,2.24707,-6.78162,0.615251
110,G4,391.995,1,391.635,0.501127,4.21239,0.755707
110,G4,391.995,2,784.616,0.376255,2.38209,0.705997
110,G4,391.995,3,1178.94,0.541058,1.99142,0.883669
110,G4,391.995,4,1575.96,0.510526,2.68475,0.868061
110,G4,391.995,5,1975.67,0.631198,2.63193,0.942648
110,G4,391.995,6,2380.76,0.701856,1.96243,0.945398
110,G4,391.995,7,2788.55,0.86585,0.660363,0.943166
110,G4,391.995,9,3201.72,1.2749,1.7587,0.959545
110,G4,391.995,10,3622.96,1.63611,0.690741,0.958565
110,G4,391.995,11,4482.94,2.45656,0.510357,0.943282
110,G4,391.995,13,4925.72,2.9836,0.196154,0.938612
110,G4,391.995,15,5838.19,4.71501,0.286771,0.933405
110,G4,391.995,17,6797.76,7.60336,0.139456,0.908719
110,G4,391.995,19,7797.71,7.85161,-1.92738,0.901764
110,G4,391.995,22,8848.8,5.71527,-4.96287,0.730748
110,G4,391.995,24,9391.17,3.74235,-6.71309,0.627746
110,G4,391.995,25,9932.19,3.64909,-6.9568,0.613561
110,Cs7,2217.46,1,2234.07,2.7365,3.50937,0.998341
110,Cs7,2217.46,2,4539.47,4.36408,-0.116075,0.993091
110,Cs7,2217.46,3,5931.05,18.8766,-1.25251,0.959546
110,Cs7,2217.46,4,9593.04,32.8008,-3.45366,0.996436
110,A7,3520,1,3500.49,4.46985,-1.65437,0.999812
110,A7,3520,3,11159.6,5.85522,-11.2001,0.569427
110,Ds1,38.8909,1,39.0289,0.207738,3.12318,0.89899
110,Ds1,38.8909,2,78.0579,0.175007,5.81733,0.843622
110,Ds1,38.8909,3,115.741,0.162381,6.23244,0.838103
110,Ds1,38.8909,4,154.77,0.121741,4.2425,0.678607
110,Ds1,38.8909,5,193.799,0.161596,5.00463,0.822663
110,Ds1,38.8909,6,232.828,0.168728,4.99593,0.824017
110,Ds1,38.8909,7,271.857,0.175206,4.49724,0.84763
110,Ds1,38.8909,8,310.886,0.116898,2.85484,0.640884
110,Ds1,38.8909,9,349.915,0.152045,4.68071,0.755652
110,Ds1,38.8909,10,388.943,0.185319,5.67823,0.848724
110,Ds1,38.8909,11,427.972,0.159959,3.64459,0.803332
110,Ds1,38.8909,12,467.001,0.230412,4.68792,0.924598
110,Ds1,38.8909,13,506.03,0.192492,4.50738,0.883336
110,Ds1,38.8909,14,546.405,0.209269,3.54372,0.91516
110,Ds1,38.8909,15,585.434,0.250476,3.51135,0.954736
110,Ds1,38.8909,16,624.463,0.195797,2.1456,0.837482
110,Ds1,38.8909,17,664.838,0.207104,2.35,0.848831
110,Ds1,38.8909,18,705.212,0.20848,2.12081,0.925786
110,Ds1,38.8909,19,745.587,0.226356,3.45247,0.942095
110,Ds1,38.8909,20,784.616,0.245322,2.34959,0.950076
110,Ds1,38.8909,21,824.991,0.240742,4.23808,0.881698
110,Ds1,38.8909,22,866.711,0.260552,4.60126,0.932725
110,Ds1,38.8909,23,907.086,0.330062,3.50957,0.987065
110,Ds1,38.8909,24,947.461,0.29806,1.56827,0.942509
110,Ds1,38.8909,25,990.527,0.337542,2.72914,0.961328
110,Ds1,38.8909,26,1032.25,0.377069,2.26366,0.962045
110,Ds1,38.8909,27,1099.54,2.94505,4.97077,0.964568
110,Ds1,38.8909,28,1130.49,1.02495,0.944933,0.997919
110,Ds1,38.8909,29,1170.87,0.881727,-0.739084,0.978954
110,Ds1,38.8909,35,1454.84,0.575328,1.34197,0.979209
110,Ds1,38.8909,36,1500.6,0.576132,3.23006,0.96866
110,Ds1,38.8909,37,1545.01,0.64258,3.87145,0.971643
110,Ds1,38.8909,38,1589.42,0.612931,2.27663,0.983749
110,Ds1,38.8909,39,1633.83,0.752893,1.40144,0.978574
110,Ds1,38.8909,40,1679.59,0.698379,0.802571,0.989404
110,Ds1,38.8909,41,1724,0.755106,2.13768,0.999518
110,Ds1,38.8909,42,1771.11,0.821485,2.66613,0.990736
110,Ds1,38.8909,43,1816.86,0.893764,3.71269,0.993421
110,Ds1,38.8909,44,1862.62,0.90596,3.3502,0.985278
110,Ds1,38.8909,45,1909.73,0.941269,2.46077,0.944383
110,Ds1,38.8909,46,1958.18,0.961258,1.13733,0.971963
110,Ds1,38.8909,50,2185.62,1.32768,-0.523028,0.999494
110,Ds1,38.8909,51,2227.34,1.32115,-0.275423,0.999819
110,Ds1,38.8909,52,2269.06,1.27446,-0.120077,0.999976
110,Ds1,38.8909,53,2345.77,1.13028,2.60974,0.98454
110,Ds1,38.8909,54,2396.91,1.3051,2.87443,0.999106
110,Ds1,38.8909,55,2438.64,1.2463,1.24746,0.99984
110,Ds1,38.8909,56,2500.54,1.3399,0.164402,0.990494
110,Ds1,38.8909,57,2550.34,1.24449,1.19083,0.980291
110,Ds1,38.8909,58,2604.17,1.34484,1.08977,0.971011
110,Ds1,38.8909,59,2655.31,1.2882,2.22082,0.967128
110,Ds1,38.8909,60,2707.8,1.4284,0.76663,0.970383
110,Ds1,38.8909,64,2956.78,1.2903,-0.119724,0.998966
110,Ds1,38.8909,65,3034.84,1.78411,2.65037,0.995304
110,Ds1,38.8909,74,3306.69,2.05915,2.48461,0.996814
110,Ds1,38.8909,79,3614.89,2.46586,1.6247,0.9728
110,Ds1,38.8909,84,4644.44,4.29923,1.29936,0.965062
110,Ds6,1244.51,1,1247.58,1.30615,3.60487,0.899748
110,Ds6,1244.51,2,2508.62,2.34762,1.92471,0.984137
110,Ds6,1244.51,3,3808.69,4.60116,1.74698,0.981966
110,Ds6,1244.51,4,5147.78,8.90093,0.995987,0.977025
110,Ds6,1244.51,5,6544.75,13.6828,-0.0924331,0.926276
110,Ds6,1244.51,7,8014.39,16.573,-2.18269,0.951837
110,A0,27.5,1,26.9165,0.246591,1.93942,0.940684
110,A0,27.5,2,55.1788,0.254747,3.53522,0.959511
110,A0,27.5,3,82.0953,0.235134,6.3997,0.948071
110,A0,27.5,4,109.012,0.153678,5.07364,0.723205
110,A0,27.5,5,135.928,0.185042,4.87561,0.861693
110,A0,27.5,6,164.191,0.219087,4.05605,0.883364
110,A0,27.5,8,219.37,0.128385,1.08739,0.600562
110,A0,27.5,11,302.811,0.128586,4.78826,0.634197
110,A0,27.5,12,331.073,0.127214,4.57922,0.600521
110,A0,27.5,13,357.99,0.191551,5.32831,0.892758
110,A0,27.5,14,387.598,0.222291,5.30899,0.928365
110,A0,27.5,15,415.86,0.319992,3.75959,0.848688
110,A0,27.5,16,444.122,0.208724,1.65381,0.831805
110,A0,27.5,17,472.385,0.194272,2.8558,0.807176
110,A0,27.5,18,501.993,0.211419,3.7785,0.814723
110,A0,27.5,19,531.601,0.196738,4.43526,0.855591
110,A0,27.5,20,559.863,0.222299,3.496,0.837773
110,A0,27.5,21,589.471,0.148481,4.30546,0.694259
110,A0,27.5,22,620.425,0.240653,3.82077,0.948789
110,A0,27.5,23,650.034,0.250769,3.70122,0.953907
110,A0,27.5,24,679.642,0.29684,1.78208,0.978708
110,A0,27.5,25,710.596,0.277158,2.14752,0.954705
110,A0,27.5,26,741.55,0.272608,3.49392,0.963717
110,A0,27.5,27,772.504,0.305933,3.2232,0.981891
110,A0,27.5,28,803.458,0.310971,4.21541,0.967179
110,A0,27.5,29,835.757,0.396513,4.46074,0.992536
110,A0,27.5,30,866.711,0.379747,4.32928,0.979292
110,A0,27.5,31,899.011,0.386177,1.87938,0.977685
110,A0,27.5,32,931.311,0.436529,1.41738,0.957218
110,A0,27.5,33,964.957,0.59204,-0.279076,0.972861
110,A0,27.5,34,998.602,0.564432,1.6901,0.994474
110,A0,27.5,35,1030.9,0.497852,4.00433,0.998206
110,A0,27.5,36,1064.55,0.52101,4.35615,0.99547
110,A0,27.5,37,1091.46,0.982214,1.6966,0.992883
110,A0,27.5,38,1119.73,1.12428,0.984999,0.999838
110,A0,27.5,39,1149.33,1.12368,2.03169,0.999938
110,A0,27.5,40,1178.94,1.13034,2.65639,0.999921
110,A0,27.5,41,1209.9,1.16264,2.20821,0.999536
110,A0,27.5,42,1240.85,0.754824,2.47039,0.989538
110,A0,27.5,43,1275.84,0.855866,4.01694,0.991507
110,A0,27.5,44,1313.53,0.858525,3.88446,0.986341
110,A0,27.5,45,1349.86,1.04138,4.28491,0.989003
110,A0,27.5,46,1387.55,1.02096,2.78886,0.99432
110,A0,27.5,47,1425.23,1.13768,3.60976,0.999616
110,A0,27.5,48,1462.91,1.16207,3.3064,0.986259
110,A0,27.5,49,1500.6,1.33715,3.1702,0.993747
110,A0,27.5,50,1540.97,1.32237,1.54987,0.974101
110,A0,27.5,51,1580,1.41986,1.87262,0.95934
110,A0,27.5,52,1620.37,1.37092,3.11521,0.962755
110,A0,27.5,53,1659.4,1.59137,1.81878,0.99422
110,A0,27.5,54,1699.78,1.493,3.99981,0.992073
110,A0,27.5,55,1734.77,1.57076,1.81758,0.999845
110,A0,27.5,56,1775.14,1.85176,3.68009,0.999805
110,A0,27.5,60,1912.42,2.35397,0.515329,0.974993
110,A0,27.5,61,1955.48,2.76693,1.94344,0.989248
110,A0,27.5,62,1999.9,2.68012,2.19629,0.999237
110,A0,27.5,63,2044.31,2.022,-0.118975,0.934819
110,A0,27.5,64,2090.07,2.7192,2.35384,0.999965
110,A0,27.5,65,2135.82,2.72142,1.61043,0.997564
110,A0,27.5,66,2181.58,2.65347,1.21084,0.989369
110,A0,27.5,67,2228.69,2.66891,1.36166,0.984499
110,A0,27.5,68,2274.44,3.12253,0.838071,0.999471
110,A0,27.5,69,2318.86,2.94339,1.47483,0.997379
110,A0,27.5,74,2519.38,3.46426,2.35971,0.993153
110,A0,27.5,75,2567.83,3.86139,1.16017,0.979766
110,A0,27.5,76,2618.98,3.30347,0.666457,0.975976
110,A0,27.5,77,2667.43,4.50011,1.00455,0.975886
110,A0,27.5,78,2723.95,4.21023,0.491036,0.99704
110,A0,27.5,79,2772.4,2.98054,-0.236514,0.966667
110,A0,27.5,82,2927.17,2.56156,0.238303,0.992939
110,A0,27.5,84,2989.08,5.03546,2.33026,0.994843
110,A0,27.5,94,3103.47,4.01827,1.90354,0.992081
110,A0,27.5,96,3155.96,5.50267,2.09806,0.997803
110,Gs7,3322.44,2,6856.98,26.5896,-2.24222,0.993416
110,Gs7,3322.44,3,10555.3,29.4499,-6.36122,0.97547
110,E7,2637.02,1,2652.62,3.77946,0.674607,0.958739
110,E7,2637.02,2,5381.96,5.1932,-1.50745,0.999332
110,E7,2637.02,3,8321.24,29.7713,-3.25927,0.995613
110,E7,2637.02,4,11462.4,24.1334,-6.79893,0.840763
110,G3,195.998,1,196.49,0.319112,4.81721,0.932266
110,G3,195.998,2,391.635,0.271628,4.30666,0.865413
110,G3,195.998,3,588.126,0.223466,2.29648,0.66615
110,G3,195.998,4,784.616,0.273847,3.51649,0.751789
110,G3,195.998,5,982.452,0.382892,2.67343,0.897136
110,G3,195.998,6,1180.29,0.410992,3.92429,0.894219
110,G3,195.998,7,1379.47,0.427013,3.19704,0.906961
110,G3,195.998,8,1577.31,0.443165,1.91133,0.93172
110,G3,195.998,9,1779.18,0.500072,3.07733,0.925698
110,G3,195.998,10,1982.4,0.526535,3.40792,0.968127
110,G3,195.998,11,2184.27,0.63044,1.66096,0.939431
110,G3,195.998,12,2388.84,0.683367,1.47683,0.966455
110,G3,195.998,13,2594.75,1.10235,2.13836,0.981232
110,G3,195.998,14,2803.35,1.11389,2.14547,0.915457
110,G3,195.998,15,3013.3,1.05806,3.01777,0.974319
110,G3,195.998,18,3873.28,1.45368,1.35137,0.920736
110,G3,195.998,22,5002.43,2.1203,1.86767,0.97946
110,G3,195.998,28,5715.72,2.59515,0.269062,0.944628
110,G3,195.998,31,6461.31,3.66662,0.116714,0.919784
110,G3,195.998,35,6710.28,3.76633,-0.280633,0.938616
110,G3,195.998,36,8601.17,6.71985,-0.391121,0.905761
110,G3,195.998,43,10375,6.44652,-3.88279,0.823613
110,C4,261.626,1,261.09,0.41292,5.43515,0.871003
110,C4,261.626,2,523.526,0.479148,3.58186,0.929235
110,C4,261.626,3,784.616,0.29482,3.75677,0.617029
110,C4,261.626,4,1048.4,0.381742,3.53767,0.724344
110,C4,261.626,5,1313.53,0.487457,3.546,0.857026
110,C4,261.626,6,1578.65,0.543864,3.13897,0.94208
110,C4,261.626,7,1846.47,0.62172,2.83971,0.88506
110,C4,261.626,8,2116.98,0.721012,1.25125,0.951436
110,C4,261.626,12,3216.52,1.32092,0.890506,0.98755
110,C4,261.626,13,4075.16,1.53222,1.44286,0.968325
110,C4,261.626,18,4967.44,2.44675,1.12043,0.963792
110,C4,261.626,21,5276.98,2.82368,0.375699,0.943166
110,C4,261.626,22,5906.83,3.89213,0.501258,0.947711
110,C4,261.626,24,6885.24,5.16481,0.0538097,0.945099
110,C4,261.626,27,7572.96,6.86601,-0.119162,0.923072
110,C4,261.626,29,7924.22,9.0548,-0.226864,0.917183
110,C4,261.626,30,8274.13,8.96511,-0.784525,0.897519
110,C4,261.626,31,9773.38,10.8436,-1.46184,0.931127
110,D1,36.7081,1,36.3373,0.223684,2.97588,0.926074
110,D1,36.7081,2,72.6746,0.182889,5.99289,0.871789
110,D1,36.7081,3,109.012,0.156381,5.95516,0.73347
110,D1,36.7081,4,146.695,0.152428,6.022,0.79639
110,D1,36.7081,6,219.37,0.16456,4.22625,0.759002
110,D1,36.7081,7,255.707,0.157044,5.84827,0.812217
110,D1,36.7081,8,293.39,0.194376,2.53679,0.918425
110,D1,36.7081,9,329.727,0.115935,3.99687,0.633554
110,D1,36.7081,10,366.064,0.151394,4.89241,0.744132
110,D1,36.7081,11,403.748,0.166349,4.9299,0.697857
110,D1,36.7081,12,440.085,0.187395,4.17257,0.734273
110,D1,36.7081,13,477.768,0.234367,5.19803,0.94526
110,D1,36.7081,14,515.451,0.203591,4.43683,0.930453
110,D1,36.7081,15,551.788,0.170562,3.17355,0.765882
110,D1,36.7081,16,589.471,0.186236,2.80849,0.806792
110,D1,36.7081,17,627.155,0.246038,3.4485,0.941577
110,D1,36.7081,18,664.838,0.232592,3.7359,0.897539
110,D1,36.7081,19,702.521,0.211496,2.73212,0.80631
110,D1,36.7081,20,740.204,0.204514,4.06411,0.889627
110,D1,36.7081,21,777.887,0.216368,4.60016,0.889819
110,D1,36.7081,22,816.916,0.234992,4.68383,0.932681
110,D1,36.7081,23,854.599,0.253154,3.57262,0.936094
110,D1,36.7081,24,893.628,0.294783,1.50011,0.957349
110,D1,36.7081,25,934.003,0.324674,1.67627,0.952716
110,D1,36.7081,26,974.377,0.379656,1.95255,0.922115
110,D1,36.7081,27,1028.21,1.32857,1.53925,0.945416
110,D1,36.7081,28,1067.24,0.922047,0.391371,0.998933
110,D1,36.7081,29,1103.58,0.923524,-0.358558,0.994085
110,D1,36.7081,34,1331.02,0.48838,2.47731,0.980296
110,D1,36.7081,35,1371.4,0.517879,3.61677,0.987625
110,D1,36.7081,36,1413.12,0.575922,3.48101,0.984412
110,D1,36.7081,37,1454.84,0.599335,2.7515,0.960726
110,D1,36.7081,38,1496.56,0.572482,3.6286,0.996162
110,D1,36.7081,39,1543.66,1.28458,1.3774,0.851302
110,D1,36.7081,40,1581.34,0.873217,2.2288,0.942121
110,D1,36.7081,41,1624.41,0.707691,2.53359,0.957768
110,D1,36.7081,42,1667.48,0.701135,2.42451,0.974514
110,D1,36.7081,43,1710.54,0.759213,2.77544,0.992654
110,D1,36.7081,44,1753.61,0.854845,2.53204,0.931037
110,D1,36.7081,45,1799.37,0.915142,2.31196,0.926641
110,D1,36.7081,50,2057.77,2.27374,2.32806,0.952113
110,D1,36.7081,51,2112.95,1.04554,3.19017,0.982361
110,D1,36.7081,52,2161.4,1.12834,2.72982,0.956641
110,D1,36.7081,53,2207.15,1.06864,2.42063,0.969922
110,D1,36.7081,54,2254.26,1.20596,2.31311,0.938423
110,D1,36.7081,55,2302.71,1.23342,1.54,0.957572
110,D1,36.7081,56,2349.81,1.11617,1.30386,0.983628
110,D1,36.7081,57,2398.26,1.2352,1.89435,0.982449
110,D1,36.7081,58,2448.06,1.24954,1.42425,0.993067
110,D1,36.7081,60,2570.53,1.48042,3.49738,0.989473
110,D1,36.7081,63,2744.14,1.23297,1.17544,0.999542
110,D1,36.7081,64,2785.86,1.2236,-0.398421,0.998902
110,D1,36.7081,65,2850.46,1.50787,1.29286,0.986394
110,D1,36.7081,66,2902.94,1.50776,0.129269,0.982635
110,D1,36.7081,67,2955.43,1.91264,1.55006,0.999741
110,D1,36.7081,69,3084.63,1.99971,2.92285,0.996682
110,D1,36.7081,79,3170.76,2.02956,1.74558,0.985016
110,D1,36.7081,80,3598.74,3.3679,0.6563,0.978692
110,D1,36.7081,84,4629.64,2.50596,1.94026,0.990642
110,As6,1864.66,1,1872.04,1.89489,3.82401,0.995935
110,As6,1864.66,2,3799.26,3.91168,0.196646,0.996378
110,As6,1864.66,3,5795.12,14.1132,-0.778023,0.988167
110,As6,1864.66,4,7943.06,11.7171,-3.58197,0.985121
110,B2,123.471,1,123.816,0.269611,4.72776,0.88804
110,B2,123.471,4,493.918,0.223093,3.63348,0.770482
110,B2,123.471,6,741.55,0.236935,3.08342,0.757189
110,B2,123.471,7,865.366,0.231265,3.94424,0.706441
110,B2,123.471,8,990.527,0.264555,2.24064,0.795699
110,B2,123.471,9,1114.34,0.236713,3.38474,0.814874
110,B2,123.471,10,1239.51,0.277549,3.02793,0.896882
110,B2,123.471,11,1366.01,0.3925,3.60742,0.93261
110,B2,123.471,12,1496.56,0.426323,1.55982,0.816987
110,B2,123.471,21,2730.68,0.85663,-0.0892881,0.916672
110,B2,123.471,23,2781.82,1.07892,3.26142,0.968162
110,B2,123.471,25,2915.06,0.868235,1.78306,0.940684
110,B2,123.471,26,3873.28,1.02718,1.03831,0.966428
110,B2,123.471,32,5033.39,2.07831,1.39119,0.979063
110,B2,123.471,41,5184.12,2.07849,0.308618,0.955502
110,B2,123.471,42,5957.97,2.50137,0.354156,0.94399
110,B2,123.471,46,6441.12,2.93434,-0.353395,0.916686
110,B2,123.471,49,7279.57,3.65671,-0.558241,0.885674
110,B2,123.471,54,7451.83,5.41186,0.226279,0.920204
110,B2,123.471,55,8027.85,5.14328,-1.79262,0.916148
110,B2,123.471,57,8890.52,4.23249,-3.49118,0.830628
110,F5,698.456,1,698.483,0.600907,4.4662,0.605642
110,F5,698.456,2,1401,0.863385,3.40365,0.835185
110,F5,698.456,3,2108.91,1.09501,2.87542,0.917747
110,F5,698.456,4,2830.27,1.92541,1.69468,0.986132
110,F5,698.456,5,3559.71,2.95504,0.589548,0.937326
110,F5,698.456,6,4317.41,3.87983,0.659212,0.972112
110,F5,698.456,7,5091.26,5.1709,1.33994,0.94244
110,F5,698.456,9,5886.64,8.15575,0.685049,0.951826
110,F5,698.456,10,6710.28,11.791,0.0423878,0.942631
110,F5,698.456,11,7543.35,13.1867,-1.25668,0.952721
110,Gs6,1661.22,1,1670.17,1.95656,4.46481,0.966059
110,Gs6,1661.22,2,3368.6,4.39663,1.80854,0.98633
110,Gs6,1661.22,3,5138.36,6.83606,-0.466049,0.99298
110,Gs6,1661.22,4,6996.95,19.9058,-0.784171,0.977778
110,E6,1318.51,1,1321.6,1.45651,4.40091,0.948685
110,E6,1318.51,2,2662.04,2.39123,2.24078,0.991133
110,E6,1318.51,3,4036.13,4.25174,1.53044,0.961764
110,E6,1318.51,4,5455.98,7.61546,-0.800047,0.995161
110,E6,1318.51,5,6964.65,11.4511,-1.75432,0.989015
110,E6,1318.51,7,8541.95,15.6252,-3.45113,0.924335
110,Ds7,2489.02,1,2504.58,4.10841,2.8695,0.993906
110,Ds7,2489.02,2,5106.06,14.1451,0.339706,0.992534
110,Ds7,2489.02,3,7844.81,20.2368,-4.45184,0.996042
110,Ds7,2489.02,4,10802.9,19.7217,-6.94842,0.92071
110,A1,55,1,55.1788,0.291458,4.55803,0.869294
110,A1,55,2,110.358,0.218533,5.1885,0.820279
110,A1,55,3,164.191,0.186633,3.93368,0.684801
110,A1,55,4,219.37,0.18511,4.83733,0.823173
110,A1,55,5,274.548,0.256321,4.84875,0.754324
110,A1,55,6,329.727,0.182759,4.64566,0.630576
110,A1,55,7,384.906,0.326394,4.99326,0.810635
110,A1,55,9,495.264,0.148537,3.827,0.617782
110,A1,55,10,550.443,0.231808,4.60774,0.795579
110,A1,55,12,660.8,0.23285,2.78855,0.753494
110,A1,55,13,715.979,0.278169,3.74748,0.772588
110,A1,55,14,771.158,0.247994,3.18249,0.829531
110,A1,55,15,827.682,0.210539,4.02901,0.713397
110,A1,55,16,882.861,0.243571,1.22984,0.872447
110,A1,55,17,939.386,0.278195,3.33902,0.866361
110,A1,55,18,994.565,0.331152,2.84961,0.920892
110,A1,55,19,1051.09,0.22292,3.56041,0.815924
110,A1,55,20,1110.31,0.327433,1.86832,0.91883
110,A1,55,21,1168.18,0.293782,2.24264,0.843193
110,A1,55,25,1429.27,1.17023,1.38382,0.954309
110,A1,55,26,1487.14,0.865464,0.69462,0.974074
110,A1,55,27,1543.66,0.651204,-0.353909,0.959016
110,A1,55,28,1598.84,0.683753,-0.0444092,0.976022
110,A1,55,29,1655.36,0.629327,-0.43107,0.994599
110,A1,55,30,1734.77,0.524433,3.28309,0.95899
110,A1,55,31,1796.68,0.52639,2.53123,0.977202
110,A1,55,32,1855.89,0.530647,1.59989,0.979142
110,A1,55,33,1915.11,0.561083,1.12967,0.981028
110,A1,55,34,1974.33,0.487206,1.27492,0.995057
110,A1,55,35,2037.58,0.519162,2.46671,0.987676
110,A1,55,36,2096.8,0.546149,2.36462,0.975659
110,A1,55,37,2157.36,0.532784,2.79967,0.982446
110,A1,55,40,2383.46,0.663343,0.453269,0.995933
110,A1,55,41,2441.33,0.664945,1.77005,0.993807
110,A1,55,42,2519.38,0.753381,2.21167,0.963075
110,A1,55,43,2582.64,0.786678,2.27317,0.992237
110,A1,55,44,2644.55,0.856902,2.10014,0.996992
110,A1,55,45,2707.8,0.832103,1.11133,0.978384
110,A1,55,46,2771.05,0.967167,1.24684,0.993614
110,A1,55,47,2843.73,0.991588,0.099451,0.963752
110,A1,55,51,2874.68,0.997232,1.24071,0.98055
110,A1,55,55,3593.35,1.33946,1.5323,0.987321
110,A1,55,65,4318.75,2.36941,1.39112,0.992449
110,A1,55,75,4470.83,1.88952,1.30022,0.970097
110,A1,55,77,5033.39,2.58718,1.23255,0.956524
110,A1,55,83,6468.04,3.83471,1.00897,0.962459
110,C5,523.251,1,523.526,0.703841,4.85381,0.764275
110,C5,523.251,3,1577.31,0.579127,2.45309,0.646378
110,C5,523.251,4,2110.25,0.872494,3.00692,0.876404
110,C5,523.251,5,2649.93,1.07667,0.733766,0.957995
110,C5,523.251,6,3199.03,1.61887,1.48503,0.977506
110,C5,523.251,8,3757.54,2.4018,0.74577,0.951911
110,C5,523.251,9,4910.92,3.96936,0.678445,0.957044
110,C5,523.251,11,5512.5,6.42299,-0.231091,0.949287
110,C5,523.251,12,6991.56,11.2289,-0.452684,0.868212
110,C5,523.251,15,7407.42,10.3731,-0.797802,0.976755
110,C5,523.251,16,8060.15,12.6701,-1.28421,0.968475
110,C5,523.251,17,8765.36,8.35174,-4.14926,0.808068
110,Cs1,34.6478,1,34.9915,0.213863,2.42544,0.934422
110,Cs1,34.6478,2,68.6371,0.200239,5.66279,0.894027
110,Cs1,34.6478,3,103.629,0.167291,6.74181,0.845662
110,Cs1,34.6478,4,137.274,0.167954,5.8471,0.857176
110,Cs1,34.6478,5,172.266,0.181077,4.78231,0.876172
110,Cs1,34.6478,7,242.249,0.176458,4.04751,0.818846
110,Cs1,34.6478,8,275.894,0.154842,-0.0372668,0.857553
110,Cs1,34.6478,9,310.886,0.137843,4.22584,0.748911
110,Cs1,34.6478,11,380.869,0.159768,5.34592,0.728386
110,Cs1,34.6478,13,450.851,0.191494,4.75524,0.881528
110,Cs1,34.6478,15,520.834,0.224269,4.17911,0.935042
110,Cs1,34.6478,16,557.172,0.134403,2.16326,0.67992
110,Cs1,34.6478,17,592.163,0.201149,3.50037,0.885385
110,Cs1,34.6478,18,628.5,0.23726,2.04521,0.898666
110,Cs1,34.6478,19,663.492,0.229268,4.15884,0.89474
110,Cs1,34.6478,20,699.829,0.242856,2.87033,0.834664
110,Cs1,34.6478,21,736.166,0.18947,3.21722,0.86872
110,Cs1,34.6478,22,772.504,0.228573,4.68405,0.927301
110,Cs1,34.6478,23,808.841,0.237477,3.64737,0.948423
110,Cs1,34.6478,24,845.178,0.271695,2.11309,0.938191
110,Cs1,34.6478,25,881.516,0.26232,2.40802,0.941225
110,Cs1,34.6478,26,919.199,0.329225,2.63982,0.979844
110,Cs1,34.6478,27,956.882,0.336017,2.76476,0.965741
110,Cs1,34.6478,28,999.948,0.528009,0.375606,0.954169
110,Cs1,34.6478,29,1033.59,0.350596,3.58948,0.978505
110,Cs1,34.6478,30,1072.62,0.358749,3.15623,0.981407
110,Cs1,34.6478,34,1255.65,0.6888,-0.0470299,0.97063
110,Cs1,34.6478,35,1291.99,0.668947,-0.0409914,0.980379
110,Cs1,34.6478,36,1326.98,0.970856,1.02995,0.999177
110,Cs1,34.6478,37,1379.47,0.527288,3.29161,0.998947
110,Cs1,34.6478,38,1421.19,0.549679,3.04611,0.991218
110,Cs1,34.6478,39,1461.57,0.563181,2.12578,0.989713
110,Cs1,34.6478,40,1499.25,0.573144,2.8217,0.953595
110,Cs1,34.6478,41,1543.66,0.623338,2.4641,0.979695
110,Cs1,34.6478,42,1585.38,0.731672,2.32447,0.93057
110,Cs1,34.6478,43,1625.76,0.675819,2.47893,0.976747
110,Cs1,34.6478,44,1668.82,0.676985,1.67839,0.998047
110,Cs1,34.6478,45,1710.54,0.766549,3.07064,0.976343
110,Cs1,34.6478,46,1753.61,0.772539,1.36324,0.984029
110,Cs1,34.6478,47,1796.68,0.81816,1.52582,0.996096
110,Cs1,34.6478,48,1838.4,0.902149,2.41991,0.992829
110,Cs1,34.6478,49,1882.81,0.900765,2.17863,0.995988
110,Cs1,34.6478,50,1927.22,0.97491,2.64121,0.99939
110,Cs1,34.6478,51,1971.63,0.993202,2.19455,0.997966
110,Cs1,34.6478,59,2387.49,1.12112,2.13967,0.972088
110,Cs1,34.6478,60,2435.94,1.24157,2.21803,0.999885
110,Cs1,34.6478,61,2484.39,1.18124,1.33009,0.98438
110,Cs1,34.6478,62,2532.84,1.24309,0.367042,0.967245
110,Cs1,34.6478,63,2582.64,1.56469,1.76225,0.998366
110,Cs1,34.6478,64,2641.85,1.25158,1.27894,0.99991
110,Cs1,34.6478,65,2680.88,1.22251,0.573376,0.979693
110,Cs1,34.6478,67,2784.51,1.59142,0.695475,0.99525
110,Cs1,34.6478,68,2835.65,1.65386,1.17726,0.987925
110,Cs1,34.6478,71,3045.6,2.03104,2.27108,0.986906
110,Cs1,34.6478,81,3262.28,2.41299,1.1506,0.977666
110,Cs1,34.6478,85,4146.49,4.1259,0.660254,0.966109
110,Cs1,34.6478,86,4496.4,2.72843,0.389606,0.948101
110,G2,97.9989,1,98.2452,0.343584,5.03941,0.868628
110,G2,97.9989,2,196.49,0.229221,3.36551,0.726476
110,G2,97.9989,4,391.635,0.245319,4.41284,0.697445
110,G2,97.9989,5,489.88,0.221893,2.98027,0.76586
110,G2,97.9989,6,588.126,0.178209,2.59953,0.646115
110,G2,97.9989,7,686.371,0.285231,4.63281,0.847854
110,G2,97.9989,8,784.616,0.177325,2.08706,0.628387
110,G2,97.9989,9,884.207,0.242421,3.2866,0.770749
110,G2,97.9989,10,982.452,0.319711,2.95558,0.816934
110,G2,97.9989,11,1082.04,0.268338,2.42698,0.794753
110,G2,97.9989,12,1181.63,0.324312,3.53511,0.846633
110,G2,97.9989,13,1281.23,0.294302,3.52945,0.876437
110,G2,97.9989,14,1380.82,0.357122,2.09976,0.901928
110,G2,97.9989,15,1481.75,0.388761,2.13571,0.947284
110,G2,97.9989,16,1582.69,0.523555,1.88892,0.963779
110,G2,97.9989,17,1683.63,0.42541,3.21186,0.93404
110,G2,97.9989,18,1784.56,0.433548,3.15293,0.930049
110,G2,97.9989,19,1886.85,0.435748,2.30859,0.917596
110,G2,97.9989,20,1989.13,0.446309,1.24957,0.908461
110,G2,97.9989,21,2091.41,0.664217,3.12156,0.944572
110,G2,97.9989,22,2195.04,0.56973,1.87896,0.932719
110,G2,97.9989,23,2300.02,0.615576,1.22111,0.903332
110,G2,97.9989,24,2404.99,0.628024,1.68486,0.965327
110,G2,97.9989,29,2962.16,1.07171,-1.34392,0.878019
110,G2,97.9989,30,2932.55,0.688267,1.81336,0.885817
110,G2,97.9989,34,3040.22,0.800957,2.1146,0.985914
110,G2,97.9989,35,3149.23,0.948137,2.12712,0.972184
110,G2,97.9989,36,3814.07,1.18251,1.40172,0.953965
110,G2,97.9989,43,4628.29,1.58714,1.49206,0.97662
110,G2,97.9989,50,4867.85,1.61585,0.914652,0.969651
110,G2,97.9989,52,5112.79,1.97652,0.272585,0.946485
110,G2,97.9989,55,5871.84,2.3636,0.28408,0.934318
110,G2,97.9989,61,7077.69,3.1676,-0.124703,0.915399
110,G2,97.9989,70,7786.94,5.41593,0.287001,0.91649
110,G2,97.9989,75,8080.33,3.9243,-2.76963,0.889874
110,G2,97.9989,77,9788.19,4.12945,-3.74079,0.812819
110,G2,97.9989,89,10617.2,5.39173,-3.28031,0.844586
110,As7,3729.31,1,3718.52,3.55446,-1.3807,0.995838
110,F4,349.228,1,348.569,0.45495,4.90649,0.91629
110,F4,349.228,3,1049.74,0.3061,3.23584,0.733753
110,F4,349.228,4,1402.35,0.61203,2.85374,0.905674
110,F4,349.228,5,1757.65,0.557972,2.42069,0.837684
110,F4,349.228,6,2115.64,0.622156,2.19256,0.877341
110,F4,349.228,7,2476.32,0.69332,1.5229,0.923845
110,F4,349.228,8,2842.38,0.990148,2.17304,0.953933
110,F4,349.228,10,3968.84,1.57785,1.05505,0.96221
110,F4,349.228,13,4355.09,2.18399,0.292258,0.968498
110,F4,349.228,14,5149.13,3.38417,0.40479,0.937999
110,F4,349.228,15,5974.12,3.93413,0.421913,0.932397
110,F4,349.228,19,7280.91,7.67607,-0.726151,0.929361
110,F4,349.228,22,7733.11,6.41928,-2.74681,0.883771
110,Fs1,46.2493,1,45.7581,0.251724,3.26213,0.956324
110,Fs1,46.2493,2,91.5161,0.239238,4.96403,0.916167
110,Fs1,46.2493,3,138.62,0.212764,5.90332,0.878351
110,Fs1,46.2493,4,184.378,0.273227,5.47923,0.844402
110,Fs1,46.2493,5,230.136,0.17004,4.22777,0.700367
110,Fs1,46.2493,6,277.24,0.314343,4.74283,0.948948
110,Fs1,46.2493,9,415.86,0.195169,4.27204,0.84185
110,Fs1,46.2493,10,462.964,0.216971,4.0145,0.785006
110,Fs1,46.2493,11,508.722,0.159402,4.43563,0.676135
110,Fs1,46.2493,12,555.826,0.234371,3.54784,0.808027
110,Fs1,46.2493,13,601.584,0.22692,2.31382,0.705445
110,Fs1,46.2493,14,648.688,0.320171,4.97469,0.847992
110,Fs1,46.2493,16,742.896,0.189434,2.03502,0.619411
110,Fs1,46.2493,17,789.999,0.21679,2.15181,0.754662
110,Fs1,46.2493,18,837.103,0.255689,3.58506,0.843788
110,Fs1,46.2493,19,885.553,0.223669,3.25523,0.711727
110,Fs1,46.2493,20,932.657,0.330007,2.09404,0.87267
110,Fs1,46.2493,21,981.107,0.392563,3.82322,0.915263
110,Fs1,46.2493,22,1029.56,0.209658,3.22703,0.684754
110,Fs1,46.2493,23,1079.35,0.324615,1.95087,0.859167
110,Fs1,46.2493,25,1204.51,1.57465,0.636777,0.893209
110,Fs1,46.2493,26,1251.62,0.94693,0.91963,0.853314
110,Fs1,46.2493,27,1297.38,0.821948,1.19549,0.912058
110,Fs1,46.2493,28,1344.48,0.681679,-1.24409,0.938405
110,Fs1,46.2493,29,1391.58,0.887108,-0.921011,0.954826
110,Fs1,46.2493,33,1619.03,0.641195,2.09261,0.94303
110,Fs1,46.2493,34,1671.51,0.62208,2.53118,0.949965
110,Fs1,46.2493,35,1722.66,0.52696,3.00758,0.941102
110,Fs1,46.2493,36,1773.8,0.599246,3.5948,0.951277
110,Fs1,46.2493,37,1824.94,0.547654,1.69751,0.984703
110,Fs1,46.2493,38,1877.43,0.54996,1.25654,0.928345
110,Fs1,46.2493,39,1929.91,0.581488,1.4594,0.922886
110,Fs1,46.2493,40,1982.4,0.652628,-0.588046,0.962239
110,Fs1,46.2493,41,2056.42,0.80426,0.607569,0.953723
110,Fs1,46.2493,42,2104.87,0.847696,-0.10432,0.963921
110,Fs1,46.2493,47,2414.41,0.913584,0.0656417,0.957749
110,Fs1,46.2493,48,2470.94,0.844256,1.08476,0.991257
110,Fs1,46.2493,49,2526.11,0.921466,0.727953,0.959987
110,Fs1,46.2493,50,2582.64,0.964073,1.67736,0.95489
110,Fs1,46.2493,51,2639.16,0.917678,1.95443,0.972077
110,Fs1,46.2493,52,2697.03,1.01981,2.10238,0.962885
110,Fs1,46.2493,60,2753.56,1.0274,1.75584,0.991359
110,Fs1,46.2493,61,3166.73,1.27466,1.50301,0.977929
110,Fs1,46.2493,67,3229.98,1.23145,1.93653,0.986683
110,Fs1,46.2493,68,3289.2,1.21838,1.30346,0.987731
110,Fs1,46.2493,69,3793.88,1.7842,0.806462,0.963873
110,Fs1,46.2493,71,4604.07,3.20501,2.26941,0.985708
110,Fs1,46.2493,89,5920.29,2.7407,1.03462,0.95945
110,B3,246.942,2,493.918,0.250716,4.29141,0.699004
110,B3,246.942,3,741.55,0.211614,3.14243,0.616925
110,B3,246.942,4,989.182,0.356017,3.44894,0.832354
110,B3,246.942,5,1239.51,0.43503,3.93236,0.911922
110,B3,246.942,6,1489.83,0.460738,3.08782,0.924689
110,B3,246.942,7,1741.5,0.647845,3.54214,0.956031
110,B3,246.942,8,1998.55,0.756919,2.82916,0.909418
110,B3,246.942,12,3029.45,1.35143,3.12988,0.978405
110,B3,246.942,14,3834.26,1.43525,1.36151,0.948456
110,B3,246.942,16,4667.32,1.94935,1.83299,0.938011
110,B3,246.942,21,5244.68,2.61969,1.09763,0.949815
110,B3,246.942,23,6449.19,4.10749,0.892047,0.944008
110,B3,246.942,27,7731.77,7.39537,-1.01659,0.929856
110,B3,246.942,31,9112.58,10.7091,-0.367156,0.952317
110,B4,493.883,1,493.918,0.358112,3.60095,0.663188
110,B4,493.883,2,989.182,0.410387,3.05768,0.590339
110,B4,493.883,3,1487.14,0.585477,3.17514,0.889869
110,B4,493.883,4,1990.48,0.670127,3.159,0.958532
110,B4,493.883,5,2499.2,0.999718,2.87121,0.958898
110,B4,493.883,6,3014.65,1.66448,2.62455,0.981498
110,B4,493.883,8,3538.17,2.35646,2.04816,0.972027
110,B4,493.883,9,4075.16,2.78899,1.25636,0.956763
110,B4,493.883,10,4617.53,3.88622,-0.147154,0.923327
110,B4,493.883,11,5180.08,5.48675,0.668296,0.954256
110,B4,493.883,12,6941.77,7.82452,-2.0037,0.890929
110,B4,493.883,16,7560.85,10.1404,-1.21868,0.922158
110,B4,493.883,17,8182.62,12.5025,-1.192,0.940079
110,B4,493.883,18,8856.88,5.86822,-5.10249,0.70329
110,B4,493.883,19,9532.48,5.29706,-6.10943,0.646699
110,B4,493.883,20,10229.6,4.35937,-7.00508,0.611424
110,Fs6,1479.98,1,1484.45,1.56542,4.12544,0.966297
110,Fs6,1479.98,2,2986.39,2.52389,2.03367,0.992225
110,Fs6,1479.98,3,4544.85,3.2041,1.73735,0.958144
110,Fs6,1479.98,4,6169.26,6.7978,-0.16552,0.952066
110,Fs6,1479.98,5,7865,12.7474,-0.414838,0.964064
110,Fs6,1479.98,7,9718.2,7.6666,-6.0933,0.699229
110,Fs6,1479.98,8,11595.6,6.33109,-7.36493,0.632758
110,F3,174.614,1,174.957,0.279377,4.13977,0.800638
110,F3,174.614,2,348.569,0.286804,5.17971,0.806399
110,F3,174.614,3,523.526,0.231648,4.47267,0.625007
110,F3,174.614,4,698.483,0.330053,4.78898,0.853461
110,F3,174.614,6,1049.74,0.360207,2.49992,0.872137
110,F3,174.614,7,1227.39,0.384948,3.19439,0.907951
110,F3,174.614,8,1403.7,0.38513,1.72505,0.845183
110,F3,174.614,9,1581.34,0.390583,3.19024,0.876699
110,F3,174.614,10,1760.34,0.459843,3.28378,0.940002
110,F3,174.614,11,1940.68,0.569805,1.54405,0.88475
110,F3,174.614,12,2121.02,0.544693,2.53046,0.905294
110,F3,174.614,13,2304.05,0.645283,2.18327,0.93214
110,F3,174.614,14,2489.78,0.739768,1.74113,0.897956
110,F3,174.614,17,2855.84,0.751805,2.0198,0.915129
110,F3,174.614,19,3231.33,0.961101,1.96367,0.947779
110,F3,174.614,21,3422.43,1.27927,1.31845,0.977219
110,F3,174.614,22,3613.54,0.984218,0.699393,0.956391
110,F3,174.614,23,4807.29,1.98275,1.27657,0.95799
110,F3,174.614,30,5013.2,2.15959,1.04885,0.962497
110,F3,174.614,31,5433.1,2.74016,0.498466,0.927096
110,F3,174.614,33,6081.78,2.96872,0.295315,0.951665
110,F3,174.614,36,6525.91,3.58121,-0.0893815,0.931615
110,F3,174.614,38,6752,3.67689,0.177231,0.912054
110,F3,174.614,39,7454.53,4.62216,0.176958,0.918078
110,F3,174.614,42,7934.99,4.94106,-0.553322,0.911972
110,F3,174.614,44,8933.59,7.62893,-0.552132,0.934237
110,F3,174.614,48,9185.26,6.88984,-1.77648,0.91463
110,F3,174.614,49,9715.51,4.04559,-4.70412,0.761219
110,As0,29.1352,1,28.2623,0.230072,1.88173,0.921548
110,As0,29.1352,2,57.8705,0.255402,4.48097,0.956636
110,As0,29.1352,3,86.1328,0.203255,6.16817,0.913196
110,As0,29.1352,4,115.741,0.196896,6.099,0.904988
110,As0,29.1352,5,145.349,0.181806,5.54514,0.878535
110,As0,29.1352,8,232.828,0.155338,2.33053,0.882512
110,As0,29.1352,9,261.09,0.152365,4.42881,0.743617
110,As0,29.1352,11,320.306,0.128612,4.76469,0.676847
110,As0,29.1352,12,351.26,0.126488,4.79726,0.603913
110,As0,29.1352,13,380.869,0.185074,5.29926,0.878848
110,As0,29.1352,14,410.477,0.164949,4.33934,0.680105
110,As0,29.1352,15,440.085,0.20201,4.14751,0.895367
110,As0,29.1352,16,471.039,0.183803,2.02222,0.722486
110,As0,29.1352,17,501.993,0.175253,3.19434,0.801863
110,As0,29.1352,18,532.947,0.228613,4.35962,0.943415
110,As0,29.1352,19,563.901,0.205734,2.65399,0.883913
110,As0,29.1352,20,594.855,0.291064,3.73069,0.921929
110,As0,29.1352,21,625.809,0.25079,4.50948,0.946065
110,As0,29.1352,22,658.109,0.25096,5.02323,0.953497
110,As0,29.1352,23,690.408,0.252588,2.09578,0.935255
110,As0,29.1352,24,721.362,0.235872,0.390429,0.911442
110,As0,29.1352,25,755.008,0.258589,1.88115,0.949997
110,As0,29.1352,26,787.308,0.273207,2.71336,0.905916
110,As0,29.1352,27,820.953,0.306705,3.65002,0.968123
110,As0,29.1352,28,854.599,0.310455,4.18737,0.970603
110,As0,29.1352,29,888.245,0.374983,3.94377,0.995572
110,As0,29.1352,30,921.89,0.338708,3.78271,0.980367
110,As0,29.1352,31,955.536,0.368987,3.05,0.978179
110,As0,29.1352,32,990.527,0.478504,1.59256,0.967999
110,As0,29.1352,34,1033.59,0.958345,0.310552,0.998456
110,As0,29.1352,36,1126.46,0.968514,1.40963,0.997032
110,As0,29.1352,37,1157.41,1.03881,2.19013,0.999922
110,As0,29.1352,38,1189.71,1.08193,2.57181,0.999942
110,As0,29.1352,40,1244.89,0.745265,2.62304,0.960673
110,As0,29.1352,41,1282.57,0.689711,1.92929,0.979946
110,As0,29.1352,42,1321.6,0.749683,2.57762,0.957834
110,As0,29.1352,43,1359.28,0.857644,3.17798,0.959415
110,As0,29.1352,44,1399.66,0.834485,3.48053,0.998165
110,As0,29.1352,45,1437.34,0.90026,3.26293,0.988936
110,As0,29.1352,46,1477.72,1.12839,2.43143,0.962977
110,As0,29.1352,47,1518.09,1.00001,2.97804,0.960496
110,As0,29.1352,48,1559.81,1.00163,3.13989,0.981934
110,As0,29.1352,49,1601.53,1.72614,3.09338,0.994592
110,As0,29.1352,50,1640.56,1.3633,2.14153,0.996583
110,As0,29.1352,51,1674.21,1.33798,1.04247,0.999855
110,As0,29.1352,52,1707.85,1.34515,1.63635,0.99996
110,As0,29.1352,53,1741.5,1.37855,0.294777,0.999986
110,As0,29.1352,55,1816.86,1.50292,3.64626,0.995507
110,As0,29.1352,56,1859.93,1.61443,2.89338,0.96302
110,As0,29.1352,57,1904.34,1.97529,3.23635,0.978365
110,As0,29.1352,58,1950.1,1.74213,2.78119,0.930932
110,As0,29.1352,59,1995.86,1.65439,1.70563,0.96642
110,As0,29.1352,60,2042.96,1.92082,0.836098,0.975358
110,As0,29.1352,61,2088.72,2.47012,0.894806,0.992156
110,As0,29.1352,62,2135.82,1.96816,2.0553,0.974123
110,As0,29.1352,66,2304.05,1.71391,-0.362517,0.997787
110,As0,29.1352,67,2340.39,1.76015,-0.0301119,0.999067
110,As0,29.1352,68,2382.11,2.30787,2.31873,0.974704
110,As0,29.1352,69,2433.25,2.31556,1.26544,0.991916
110,As0,29.1352,70,2489.78,1.7351,0.814883,0.998906
110,As0,29.1352,71,2535.53,2.40949,0.616844,0.967084
110,As0,29.1352,72,2589.37,2.86129,2.85057,0.998054
110,As0,29.1352,73,2643.2,2.86745,2.34893,0.996274
110,As0,29.1352,74,2693,2.77535,2.66282,0.998367
110,As0,29.1352,75,2718.57,1.921,0.857786,0.998412
110,As0,29.1352,76,2793.93,2.46714,1.64772,0.966204
110,As0,29.1352,77,2837,1.93846,0.348002,0.998621
110,As0,29.1352,78,2877.37,1.93596,0.653945,0.997046
110,As0,29.1352,80,2997.15,1.97747,0.643357,0.997171
110,As0,29.1352,86,3030.8,2.66263,1.6333,0.966232
110,As0,29.1352,91,3084.63,2.77113,1.35378,0.982832
110,As0,29.1352,92,3263.63,4.42366,0.911508,0.972209
110,As0,29.1352,96,3808.69,5.01985,1.20937,0.972
110,D7,2349.32,1,2365.96,3.33451,2.6226,0.993347
110,D7,2349.32,2,4814.02,5.26595,-1.10889,0.996558
110,D7,2349.32,3,7392.62,12.9281,-3.88189,0.986182
110,D7,2349.32,4,10117.9,8.15443,-9.10181,0.553122
110,G5,783.991,2,1573.27,1.0907,2.33427,0.914817
110,G5,783.991,3,2372.69,1.52469,3.23511,0.976929
110,G5,783.991,4,3184.22,2.44644,0.822777,0.988263
110,G5,783.991,5,4019.98,3.82786,2.02889,0.971255
110,G5,783.991,6,4875.92,4.30321,0.365977,0.955876
110,G5,783.991,8,5758.79,6.32247,0.695877,0.954305
110,G5,783.991,9,6672.6,8.38644,0.26616,0.94126
110,G5,783.991,10,7599.88,12.3184,-1.77684,0.941622
110,G5,783.991,11,8607.9,12.7435,-3.66087,0.906502
110,Cs6,1108.73,1,1110.31,1.23073,3.77127,0.905616
110,Cs6,1108.73,2,2232.72,1.73438,2.09353,0.934481
110,Cs6,1108.73,3,3376.68,3.90963,0.848286,0.97118
110,Cs6,1108.73,4,4556.96,5.07895,0.891988,0.97426
110,Cs6,1108.73,5,5785.7,8.05119,0.482666,0.956821
110,Cs6,1108.73,6,7062.89,12.6256,-0.00197672,0.977219
110,Cs6,1108.73,8,8385.84,18.1603,-1.52975,0.970637
110,C2,65.4064,1,65.9454,0.314498,1.76889,0.939825
110,C2,65.4064,2,130.545,0.271053,5.42487,0.906834
110,C2,65.4064,3,196.49,0.215074,4.76827,0.88706
110,C2,65.4064,4,261.09,0.253485,3.28912,0.846457
110,C2,65.4064,5,327.036,0.214802,4.65159,0.836683
110,C2,65.4064,6,391.635,0.195528,4.30694,0.783494
110,C2,65.4064,7,457.581,0.193966,3.23672,0.812045
110,C2,65.4064,11,720.016,0.334776,5.0525,0.952804
110,C2,65.4064,12,785.962,0.195778,3.6622,0.699714
110,C2,65.4064,13,851.907,0.159288,2.95114,0.634409
110,C2,65.4064,14,919.199,0.233262,3.71528,0.699087
110,C2,65.4064,15,985.144,0.23021,3.15347,0.755046
110,C2,65.4064,16,1051.09,0.335377,2.07284,0.793694
110,C2,65.4064,17,1118.38,0.272574,3.14751,0.773643
110,C2,65.4064,18,1184.33,0.26901,2.17204,0.824486
110,C2,65.4064,19,1252.96,0.286424,1.89493,0.811612
110,C2,65.4064,20,1321.6,0.307223,2.01839,0.760238
110,C2,65.4064,27,1837.05,0.601843,-1.58751,0.917708
110,C2,65.4064,33,2283.87,0.583204,1.65019,0.962311
110,C2,65.4064,34,2356.54,0.555605,1.71212,0.953098
110,C2,65.4064,35,2426.52,0.562427,2.02694,0.953068
110,C2,65.4064,36,2499.2,0.628935,2.47618,0.962269
110,C2,65.4064,37,2570.53,0.636403,2.1816,0.904911
110,C2,65.4064,38,2645.89,0.663861,3.01889,0.959275
110,C2,65.4064,41,2908.33,0.937054,0.203846,0.978108
110,C2,65.4064,44,2715.88,0.608522,2.60059,0.987729
110,C2,65.4064,45,3085.98,0.67128,1.79217,0.973843
110,C2,65.4064,50,3620.27,0.929448,1.2626,0.976835
110,C2,65.4064,57,3698.33,0.836854,1.36254,0.983305
110,C2,65.4064,58,4392.77,1.60762,1.73942,0.947437
110,C2,65.4064,66,5268.91,1.6658,0.818704,0.957094
110,C2,65.4064,76,7025.21,2.35446,0.203334,0.91688
110,C2,65.4064,93,7282.26,3.57192,-2.26705,0.836462
110,C2,65.4064,96,7906.72,4.90387,0.161582,0.87594
110,A6,1760,1,1768.41,1.84241,4.04443,0.990905
110,A6,1760,2,3574.51,4.72805,1.70909,0.978984
110,A6,1760,3,5462.7,7.03857,-1.69616,0.987384
110,A6,1760,4,7454.53,8.79124,-4.87715,0.874594
110,E1,41.2034,1,40.3748,0.199628,3.8986,0.924439
110,E1,41.2034,2,82.0953,0.173124,6.91313,0.863607
110,E1,41.2034,3,122.47,0.177704,6.24826,0.856605
110,E1,41.2034,4,164.191,0.217437,3.99157,0.939772
110,E1,41.2034,6,246.286,0.143027,4.50388,0.743553
110,E1,41.2034,7,288.007,0.139884,4.68811,0.649641
110,E1,41.2034,8,328.381,0.159641,3.46924,0.809937
110,E1,41.2034,9,370.102,0.17892,5.20545,0.867673
110,E1,41.2034,11,453.543,0.137926,4.40512,0.682558
110,E1,41.2034,12,495.264,0.178451,5.38546,0.845512
110,E1,41.2034,13,536.984,0.216825,4.38871,0.900024
110,E1,41.2034,14,578.705,0.192454,3.44352,0.676536
110,E1,41.2034,15,620.425,0.223766,3.83086,0.895657
110,E1,41.2034,16,662.146,0.187819,2.97662,0.736656
110,E1,41.2034,17,705.212,0.210518,2.25708,0.917479
110,E1,41.2034,18,746.933,0.207168,3.2475,0.884271
110,E1,41.2034,19,789.999,0.280938,2.34338,0.970047
110,E1,41.2034,20,833.066,0.267379,3.04409,0.923898
110,E1,41.2034,21,876.132,0.276131,3.80854,0.95169
110,E1,41.2034,22,919.199,0.312629,4.52346,0.975525
110,E1,41.2034,23,962.265,0.320182,3.22301,0.960449
110,E1,41.2034,24,1005.33,0.350044,1.97132,0.94992
110,E1,41.2034,25,1049.74,0.360373,2.79236,0.990227
110,E1,41.2034,26,1094.16,0.364792,2.08682,0.974663
110,E1,41.2034,27,1156.06,1.64122,6.07196,0.996931
110,E1,41.2034,28,1199.13,1.07939,0.694012,0.999292
110,E1,41.2034,29,1240.85,1.04332,0.115557,0.996681
110,E1,41.2034,30,1283.92,1.07733,0.0885356,0.996979
110,E1,41.2034,36,1580,1.19107,-0.077955,0.998589
110,E1,41.2034,37,1637.87,0.724366,3.72856,0.931032
110,E1,41.2034,38,1687.66,0.84841,3.475,0.986984
110,E1,41.2034,39,1733.42,0.757561,1.61377,0.890032
110,E1,41.2034,40,1783.22,0.786271,2.5849,0.97378
110,E1,41.2034,41,1831.67,0.784467,3.05237,0.949258
110,E1,41.2034,42,1880.12,0.948011,3.06358,0.999906
110,E1,41.2034,43,1929.91,0.858511,3.05003,0.963465
110,E1,41.2034,44,1979.71,0.880405,2.50536,0.999896
110,E1,41.2034,45,2028.16,0.921193,2.31978,0.995029
110,E1,41.2034,46,2079.3,0.985445,2.07406,0.989061
110,E1,41.2034,47,2130.44,1.15137,1.26988,0.994828
110,E1,41.2034,48,2181.58,1.06271,1.39908,0.987489
110,E1,41.2034,50,2310.78,2.93753,4.4775,0.987374
110,E1,41.2034,51,2363.27,1.3976,0.719941,0.999622
110,E1,41.2034,52,2407.68,1.33611,1.69737,0.99997
110,E1,41.2034,54,2542.26,1.22307,0.374106,0.999584
110,E1,41.2034,55,2588.02,1.23508,0.495466,0.998749
110,E1,41.2034,56,2658,1.39814,0.941856,0.981777
110,E1,41.2034,57,2713.18,1.39992,1.25576,0.975265
110,E1,41.2034,58,2769.71,1.29357,1.08203,0.977497
110,E1,41.2034,59,2826.23,1.41957,1.83656,0.972334
110,E1,41.2034,60,2889.49,2.5621,4.73826,0.976409
110,E1,41.2034,61,2939.28,1.41957,2.23711,0.97027
110,E1,41.2034,69,3466.85,2.10057,2.83041,0.936178
110,E1,41.2034,79,4045.55,2.18819,1.45509,0.926977
110,E1,41.2034,88,4622.91,2.63951,1.33403,0.917408
110,E1,41.2034,96,4956.67,4.91241,1.30466,0.962726
110,Gs1,51.9131,1,52.4872,0.24563,2.61553,0.889956
110,Gs1,51.9131,2,103.629,0.321601,5.81729,0.967182
110,Gs1,51.9131,3,154.77,0.269524,4.97124,0.868514
110,Gs1,51.9131,4,207.257,0.233433,5.35277,0.790002
110,Gs1,51.9131,7,363.373,0.195542,4.23949,0.686595
110,Gs1,51.9131,8,414.514,0.167852,2.47506,0.813298
110,Gs1,51.9131,9,467.001,0.279581,3.8273,0.738151
110,Gs1,51.9131,10,519.489,0.192074,4.69611,0.793786
110,Gs1,51.9131,11,570.63,0.21111,3.82846,0.750005
110,Gs1,51.9131,12,623.117,0.244043,2.27368,0.802635
110,Gs1,51.9131,13,675.604,0.255234,3.5436,0.809175
110,Gs1,51.9131,14,728.091,0.256241,3.1847,0.770131
110,Gs1,51.9131,15,781.924,0.201183,2.67887,0.700529
110,Gs1,51.9131,16,834.412,0.257982,2.1387,0.874944
110,Gs1,51.9131,17,886.899,0.192756,2.37821,0.655693
110,Gs1,51.9131,18,939.386,0.255585,2.83298,0.885455
110,Gs1,51.9131,19,993.219,0.289328,2.95729,0.810325
110,Gs1,51.9131,20,1047.05,0.237684,1.77897,0.848519
110,Gs1,51.9131,21,1102.23,0.333254,3.5151,0.918072
110,Gs1,51.9131,22,1157.41,0.352239,2.75338,0.981999
110,Gs1,51.9131,26,1403.7,0.683079,-0.151836,0.957069
110,Gs1,51.9131,28,1510.02,0.72206,-0.377881,0.941869
110,Gs1,51.9131,29,1562.5,0.602366,-1.80932,0.937604
110,Gs1,51.9131,31,1697.09,0.442927,1.13452,0.93878
110,Gs1,51.9131,32,1754.96,0.526018,1.14683,0.980632
110,Gs1,51.9131,33,1812.83,0.488102,1.43711,0.941899
110,Gs1,51.9131,34,1869.35,0.471332,1.63182,0.962442
110,Gs1,51.9131,35,1925.88,0.520135,2.75581,0.961891
110,Gs1,51.9131,36,1981.05,0.579846,2.77721,0.975478
110,Gs1,51.9131,37,2040.27,0.532024,2.64175,0.993353
110,Gs1,51.9131,38,2098.14,0.618044,1.4394,0.972768
110,Gs1,51.9131,39,2161.4,0.748575,-2.34187,0.878779
110,Gs1,51.9131,41,2305.4,0.791717,0.230202,0.986461
110,Gs1,51.9131,42,2359.23,0.824657,-0.633814,0.979582
110,Gs1,51.9131,43,2444.02,0.838153,2.64323,0.998953
110,Gs1,51.9131,44,2504.58,0.779868,2.73373,0.98447
110,Gs1,51.9131,45,2565.14,0.810539,1.76169,0.986491
110,Gs1,51.9131,46,2625.71,0.873318,1.8819,0.936743
110,Gs1,51.9131,47,2686.27,1.03117,-0.307326,0.994381
110,Gs1,51.9131,48,2752.21,0.873351,0.584396,0.991512
110,Gs1,51.9131,53,2994.46,1.17464,1.89787,0.997459
110,Gs1,51.9131,59,3602.77,1.21909,0.986377,0.988548
110,Gs1,51.9131,68,4185.52,1.96193,0.871049,0.971377
110,Gs1,51.9131,76,4255.5,1.92109,0.802757,0.956696
110,Gs1,51.9131,77,4614.83,2.2716,0.680187,0.976217
110,Gs1,51.9131,82,4711.73,2.85915,1.03467,0.919433
110,Gs1,51.9131,83,5369.84,3.21445,0.622712,0.934783
110,Gs1,51.9131,91,5528.65,3.29879,0.519852,0.93389
110,Gs1,51.9131,93,5721.1,3.72456,0.417504,0.898627
110,Gs1,51.9131,95,5885.29,4.57833,0.544297,0.928996
