epsilon,error,force_curve_gate_pass,hardness,index,label,linear_density_kg_m,max_energy_ratio,median_abs_shape_error_db,midi80_Fmax_N,midi80_contact_duration_ms,midi80_contact_span_ms,midi80_impulse_Ns,midi80_peak_position,midi80_rebound_velocity_m_s,midi80_rise_fall_ratio,midi80_velocity_m_s,p,p90_abs_shape_error_db,paired_shape_rmse_db,stage,status,tau0_s,tension_N,velocity_scale
0.51,,False,400.0,0,current_baseline,0.007,1.0,0.8776677188447131,10.7929995098202,5.374149659863947,5.532879818594109,0.029351191910685394,0.3975409836065566,-0.904702334226,0.6598639455782292,1.052136525303366,2.4,5.069195665395369,3.408233103355109,anchor,PASS,0.0004,809.7417786530798,1.0
0.9022869424092258,,False,657.2284497006934,1,stulov_fitted_anchor,0.00623958204318,1.0,4.001656728227697,8.25334640704219,6.598639455782309,6.893424036281179,0.030227275504450844,0.3881578947368423,-0.963031462141,0.6344086021505383,1.052136525303366,3.731790810040888,14.586883971138354,8.785089203127349,anchor,PASS,3.169878626411721e-05,721.7786088137701,1.0
0.992,"delay: 84.2806, f0: 261.626, z: 2.3808
status=FAIL
velocity_m_s=3.43926970858
hardness_N_per_mm_p=8800
p=3.95
epsilon=0.992
tau0_s=2e-06
linear_density_kg_m=0.00623958204318
tension_N=721.778608814
force_log=""/var/folders/zh/nj8dx9w152qdp4y5nkg5xm540000gn/T/bbpiano-hammer-search-21v8nzf0/force_110.txt""
positive_force_samples=19
contact_span_s=0.000408163265306
maximum_force_N=41.2559083608
force_impulse_Ns=0.00444082272898
initial_hammer_energy_J=0.0887143209626
maximum_mechanical_energy_J=0.0896356873351
maximum_mechanical_energy_ratio=1.01038576819
string_energy_at_release_J=0.0155342479662
string_energy_at_release_ratio=0.175104174812
final_hammer_energy_J=0.07409849742
final_string_energy_J=0.0142976662272
rebound_velocity_m_s=3.14321485998
physical_f0_hz=261.626
configured_f0_hz=261.626
f0_relative_error=0
integer_spatial_port_pass=1
strike_reset_position_error_m=0",,8800.0,2,stulov_published_anchor,0.00623958204318,,,,,,,,,,1.052136525303366,3.95,,,anchor,FAIL,2e-06,721.7786088137701,1.0
0.9022869424092258,"delay: 84.2806, f0: 261.626, z: 2.3808
status=FAIL
velocity_m_s=1.72448373458
hardness_N_per_mm_p=400
p=3.73179081004
epsilon=0.902286942409
tau0_s=3.16987862641e-05
linear_density_kg_m=0.00623958204318
tension_N=721.778608814
force_log=""/var/folders/zh/nj8dx9w152qdp4y5nkg5xm540000gn/T/bbpiano-hammer-search-4ub0wive/force_95.txt""
positive_force_samples=190
contact_span_s=0.00428571428571
maximum_force_N=27.8091515417
force_impulse_Ns=0.0361576159348
initial_hammer_energy_J=0.0223038311313
maximum_mechanical_energy_J=0.0233326269237
maximum_mechanical_energy_ratio=1.04612641597
string_energy_at_release_J=0.0198015799538
string_energy_at_release_ratio=0.887810701094
final_hammer_energy_J=0.00352971690671
final_string_energy_J=0.0185329570129
rebound_velocity_m_s=-0.686023994401
physical_f0_hz=261.626
configured_f0_hz=261.626
f0_relative_error=0
integer_spatial_port_pass=1
strike_reset_position_error_m=0",,400.0,3,axis_hardness_400,0.00623958204318,,,,,,,,,,1.052136525303366,3.731790810040888,,,one_factor,FAIL,3.169878626411721e-05,721.7786088137701,1.0
0.9022869424092258,,False,657.23,4,axis_hardness_657.23,0.00623958204318,1.0,4.09577325272864,8.2533469956174,6.598639455782309,6.893424036281179,0.030227275653211733,0.3881578947368423,-0.963031471005,0.6344086021505383,1.052136525303366,3.731790810040888,14.479507225844806,8.622117845737195,one_factor,PASS,3.169878626411721e-05,721.7786088137701,1.0
0.9022869424092258,"delay: 84.2806, f0: 261.626, z: 2.3808
status=FAIL
velocity_m_s=1.72448373458
hardness_N_per_mm_p=1200
p=3.73179081004
epsilon=0.902286942409
tau0_s=3.16987862641e-05
linear_density_kg_m=0.00623958204318
tension_N=721.778608814
force_log=""/var/folders/zh/nj8dx9w152qdp4y5nkg5xm540000gn/T/bbpiano-hammer-search-rfefryvh/force_95.txt""
positive_force_samples=116
contact_span_s=0.00260770975057
maximum_force_N=47.1059961588
force_impulse_Ns=0.0190938501348
initial_hammer_energy_J=0.0223038311313
maximum_mechanical_energy_J=0.0251189590692
maximum_mechanical_energy_ratio=1.12621723691
string_energy_at_release_J=0.0235874758589
string_energy_at_release_ratio=1.05755265632
final_hammer_energy_J=0.00152930090897
final_string_energy_J=0.0219150546446
rebound_velocity_m_s=0.451560392265
physical_f0_hz=261.626
configured_f0_hz=261.626
f0_relative_error=0
integer_spatial_port_pass=1
strike_reset_position_error_m=0",,1200.0,5,axis_hardness_1200,0.00623958204318,,,,,,,,,,1.052136525303366,3.731790810040888,,,one_factor,FAIL,3.169878626411721e-05,721.7786088137701,1.0
0.9022869424092258,"delay: 84.2806, f0: 261.626, z: 2.3808
status=FAIL
velocity_m_s=1.72448373458
hardness_N_per_mm_p=3000
p=3.73179081004
epsilon=0.902286942409
tau0_s=3.16987862641e-05
linear_density_kg_m=0.00623958204318
tension_N=721.778608814
force_log=""/var/folders/zh/nj8dx9w152qdp4y5nkg5xm540000gn/T/bbpiano-hammer-search-89_1y56t/force_95.txt""
positive_force_samples=96
contact_span_s=0.00215419501134
maximum_force_N=44.1104221162
force_impulse_Ns=0.0133137239713
initial_hammer_energy_J=0.0223038311313
maximum_mechanical_energy_J=0.0252238647324
maximum_mechanical_energy_ratio=1.13092071868
string_energy_at_release_J=0.0199690781476
string_energy_at_release_ratio=0.895320540675
final_hammer_energy_J=0.00525303889551
final_string_energy_J=0.0185210413273
rebound_velocity_m_s=0.836902136494
physical_f0_hz=261.626
configured_f0_hz=261.626
f0_relative_error=0
integer_spatial_port_pass=1
strike_reset_position_error_m=0",,3000.0,6,axis_hardness_3000,0.00623958204318,,,,,,,,,,1.052136525303366,3.731790810040888,,,one_factor,FAIL,3.169878626411721e-05,721.7786088137701,1.0
0.9022869424092258,,True,8800.0,7,axis_hardness_8800,0.00623958204318,1.0,3.0772225840213174,15.6333098585073,2.2448979591836737,2.3356009070294785,0.00925295110166325,1.0,0.423452201419,inf,1.052136525303366,3.731790810040888,13.24506151135037,6.538073718364767,one_factor,PASS,3.169878626411721e-05,721.7786088137701,1.0
0.9022869424092258,"delay: 84.2806, f0: 261.626, z: 2.3808
status=FAIL
velocity_m_s=3.43926970858
hardness_N_per_mm_p=657.228449701
p=3
epsilon=0.902286942409
tau0_s=3.16987862641e-05
linear_density_kg_m=0.00623958204318
tension_N=721.778608814
force_log=""/var/folders/zh/nj8dx9w152qdp4y5nkg5xm540000gn/T/bbpiano-hammer-search-wsj7vq2o/force_110.txt""
positive_force_samples=94
contact_span_s=0.00210884353741
maximum_force_N=84.1870824242
force_impulse_Ns=0.0262477447757
initial_hammer_energy_J=0.0887143209626
maximum_mechanical_energy_J=0.0987023988482
maximum_mechanical_energy_ratio=1.11258698457
string_energy_at_release_J=0.0772898486161
string_energy_at_release_ratio=0.87122177995
final_hammer_energy_J=0.0214060509641
final_string_energy_J=0.0716751854117
rebound_velocity_m_s=1.68942005687
physical_f0_hz=261.626
configured_f0_hz=261.626
f0_relative_error=0
integer_spatial_port_pass=1
strike_reset_position_error_m=0",,657.2284497006934,8,axis_exponent_3,0.00623958204318,,,,,,,,,,1.052136525303366,3.0,,,one_factor,FAIL,3.169878626411721e-05,721.7786088137701,1.0
0.9022869424092258,,False,657.2284497006934,9,axis_exponent_3.5,0.00623958204318,1.0,4.025061380977943,8.24294633344419,6.59863945578231,6.870748299319729,0.030221694698129763,0.3861386138613865,-0.96266229498,0.6290322580645171,1.052136525303366,3.5,15.34600449703915,8.958635108793676,one_factor,PASS,3.169878626411721e-05,721.7786088137701,1.0
0.9022869424092258,"delay: 84.2806, f0: 261.626, z: 2.3808
status=FAIL
velocity_m_s=1.72448373458
hardness_N_per_mm_p=657.228449701
p=3.95
epsilon=0.902286942409
tau0_s=3.16987862641e-05
linear_density_kg_m=0.00623958204318
tension_N=721.778608814
force_log=""/var/folders/zh/nj8dx9w152qdp4y5nkg5xm540000gn/T/bbpiano-hammer-search-y6hmn9a6/force_95.txt""
positive_force_samples=130
contact_span_s=0.00292517006803
maximum_force_N=36.2439761882
force_impulse_Ns=0.0223290718141
initial_hammer_energy_J=0.0223038311313
maximum_mechanical_energy_J=0.0223318540822
maximum_mechanical_energy_ratio=1.00125641872
string_energy_at_release_J=0.0219127614413
string_energy_at_release_ratio=0.982466254894
final_hammer_energy_J=0.000417291582192
final_string_energy_J=0.0204030686671
rebound_velocity_m_s=0.235878946974
physical_f0_hz=261.626
configured_f0_hz=261.626
f0_relative_error=0
integer_spatial_port_pass=1
strike_reset_position_error_m=0",,657.2284497006934,10,axis_exponent_3.95,0.00623958204318,,,,,,,,,,1.052136525303366,3.95,,,one_factor,FAIL,3.169878626411721e-05,721.7786088137701,1.0
0.9022869424092258,,False,657.2284497006934,11,axis_exponent_4.5,0.00623958204318,1.0,5.678694216197355,8.30446025420534,6.621315192743768,6.938775510204079,0.030243347648261806,0.39215686274509803,-0.964124851476,0.6451612903225807,1.052136525303366,4.5,14.475396801565743,7.985444628592057,one_factor,PASS,3.169878626411721e-05,721.7786088137701,1.0
0.9022869424092258,,False,657.2284497006934,12,axis_exponent_5,0.00623958204318,1.0,5.772042451776253,8.34479631193105,6.5986394557823145,6.961451247165529,0.030252655397326335,0.3941368078175895,-0.964753580704,0.6505376344086019,1.052136525303366,5.0,14.247342418949982,8.638269506601874,one_factor,PASS,3.169878626411721e-05,721.7786088137701,1.0
0.85,,False,657.2284497006934,13,axis_epsilon_0.85,0.00623958204318,1.0,2.930366178769373,8.60977559995304,6.621315192743761,6.938775510204079,0.030338887058561262,0.37908496732026215,-0.970461838803,0.6105263157894756,1.052136525303366,3.731790810040888,14.937629804592682,8.332027166626997,one_factor,PASS,3.169878626411721e-05,721.7786088137701,1.0
0.9,,False,657.2284497006934,14,axis_epsilon_0.9,0.00623958204318,1.0,4.194399104801024,8.27109924009473,6.598639455782309,6.893424036281179,0.030235237861610482,0.3881578947368423,-0.963567152448,0.6344086021505383,1.052136525303366,3.731790810040888,14.597292880418166,8.826830284549425,one_factor,PASS,3.169878626411721e-05,721.7786088137701,1.0
0.95,,True,657.2284497006934,15,axis_epsilon_0.95,0.00623958204318,1.0,3.8047192253054667,14.7756901546863,3.038548752834469,3.219954648526079,0.013914260023985789,1.0,0.113350548878,inf,1.052136525303366,3.731790810040888,11.738264058559622,7.21028274917774,one_factor,PASS,3.169878626411721e-05,721.7786088137701,1.0
0.98,,True,657.2284497006934,16,axis_epsilon_0.98,0.00623958204318,1.0,2.9556637387908795,16.7141587649184,2.358276643990928,2.5623582766439887,0.008590486015271702,1.0,0.466803613073,inf,1.052136525303366,3.731790810040888,10.407831788821833,5.984542136089835,one_factor,PASS,3.169878626411721e-05,721.7786088137701,1.0
0.992,,True,657.2284497006934,17,axis_epsilon_0.992,0.00623958204318,1.0,3.9127457285614704,14.4965111093717,1.9727891156462583,2.1768707482993186,0.005819773005615561,1.0,0.653194041716,inf,1.052136525303366,3.731790810040888,12.937266321792825,7.581640847776907,one_factor,PASS,3.169878626411721e-05,721.7786088137701,1.0
0.9022869424092258,,False,657.2284497006934,18,axis_tau0_s_2e-06,0.00623958204318,1.0,4.590045140063056,9.43685222018602,6.8480725623582765,7.392290249433109,0.030524351155142578,0.36503067484662566,-0.98282121715,0.57487922705314,1.052136525303366,3.731790810040888,8.948386795204662,5.985729203906952,one_factor,PASS,2e-06,721.7786088137701,1.0
0.9022869424092258,,False,657.2284497006934,19,axis_tau0_s_1e-05,0.00623958204318,1.0,4.665138986643551,8.83142896147775,6.780045351473919,7.18820861678005,0.030411483237591044,0.3817034700315452,-0.975300076796,0.6173469387755088,1.052136525303366,3.731790810040888,17.57996897844511,10.596127363018182,one_factor,PASS,1e-05,721.7786088137701,1.0
0.9022869424092258,,False,657.2284497006934,20,axis_tau0_s_3.17e-05,0.00623958204318,1.0,4.083384856745419,8.25333336402896,6.598639455782309,6.893424036281179,0.030227265527546246,0.3881578947368423,-0.963030775227,0.6344086021505383,1.052136525303366,3.731790810040888,13.59131920693874,8.121117509322596,one_factor,PASS,3.17e-05,721.7786088137701,1.0
0.9022869424092258,"delay: 84.2806, f0: 261.626, z: 2.3808
status=FAIL
velocity_m_s=3.43926970858
hardness_N_per_mm_p=657.228449701
p=3.73179081004
epsilon=0.902286942409
tau0_s=0.0001
linear_density_kg_m=0.00623958204318
tension_N=721.778608814
force_log=""/var/folders/zh/nj8dx9w152qdp4y5nkg5xm540000gn/T/bbpiano-hammer-search-jkcq0m9i/force_110.txt""
positive_force_samples=99
contact_span_s=0.00222222222222
maximum_force_N=99.4256111697
force_impulse_Ns=0.0301014679909
initial_hammer_energy_J=0.0887143209626
maximum_mechanical_energy_J=0.106354222594
maximum_mechanical_energy_ratio=1.19883939188
string_energy_at_release_J=0.0909530254533
string_energy_at_release_ratio=1.02523498423
final_hammer_energy_J=0.0153905330913
final_string_energy_J=0.0843816426005
rebound_velocity_m_s=1.43250517585
physical_f0_hz=261.626
configured_f0_hz=261.626
f0_relative_error=0
integer_spatial_port_pass=1
strike_reset_position_error_m=0",,657.2284497006934,21,axis_tau0_s_0.0001,0.00623958204318,,,,,,,,,,1.052136525303366,3.731790810040888,,,one_factor,FAIL,0.0001,721.7786088137701,1.0
0.9022869424092258,,False,657.2284497006934,22,axis_tau0_s_0.0004,0.00623958204318,1.0,1.086881537462372,9.54600597538875,6.349206349206351,6.530612244897959,0.029608963130345646,0.6388888888888888,-0.921903402968,1.7692307692307687,1.052136525303366,3.731790810040888,9.163172863788251,5.2800787488253125,one_factor,PASS,0.0004,721.7786088137701,1.0
0.9022869424092258,,False,657.2284497006934,23,axis_linear_density_0.0059,0.0059,1.0,5.615125178536826,7.96754781687491,6.71201814058957,6.9841269841269895,0.030345997804145552,0.383116883116883,-0.97096075375,0.6210526315789472,1.052136525303366,3.731790810040888,15.172635014013103,8.800123197614713,one_factor,PASS,3.169878626411721e-05,682.4966420075958,1.0
0.9022869424092258,,False,657.2284497006934,24,axis_linear_density_0.00623958,0.00623958,1.0,4.092145676771649,8.25334535993515,6.598639455782309,6.893424036281179,0.030227276276641263,0.3881578947368423,-0.963031514841,0.6344086021505383,1.052136525303366,3.731790810040888,14.093757346143192,9.234999657666304,one_factor,PASS,3.169878626411721e-05,721.7783724640262,1.0
0.9022869424092258,,False,657.2284497006934,25,axis_linear_density_0.0065,0.0065,1.0,4.860132524975596,8.46382378081742,6.530612244897959,6.825396825396829,0.030128549005459575,0.3920265780730897,-0.956440540806,0.644808743169399,1.052136525303366,3.731790810040888,13.596229187079395,10.320647258106886,one_factor,PASS,3.169878626411721e-05,751.9030801778598,1.0
0.9022869424092258,,False,657.2284497006934,26,axis_linear_density_0.0068,0.0068,1.0,5.99444271858891,8.69731787332356,6.4172335600907,6.734693877551019,0.030013907989110276,0.3973063973063976,-0.94881166902,0.659217877094973,1.052136525303366,3.731790810040888,18.648576636760108,10.966859121632499,one_factor,PASS,3.169878626411721e-05,786.6062992629918,1.0
0.9022869424092258,,False,657.2284497006934,27,axis_linear_density_0.007,0.007,1.0,4.678627193835351,8.84821834754714,6.3265306122449,6.666666666666669,0.029940779222600022,0.39795918367346966,-0.943953494017,0.6610169491525433,1.052136525303366,3.731790810040888,14.930041725531613,9.153824408224015,one_factor,PASS,3.169878626411721e-05,809.7417786530798,1.0
0.9022869424092258,,False,657.2284497006934,28,axis_velocity_scale_0.7,0.00623958204318,1.0,4.056891203013743,5.56411749317989,6.734693877551018,7.0975056689342395,0.021140028405736686,0.4025559105431313,-0.672861200799,0.6737967914438512,0.7364955677123562,3.731790810040888,12.871610501272068,8.03548978237035,one_factor,PASS,3.169878626411721e-05,721.7786088137701,0.7
0.9022869424092258,,False,657.2284497006934,29,axis_velocity_scale_1,0.00623958204318,1.0,4.001656728227697,8.25334640704219,6.598639455782309,6.893424036281179,0.030227275504450844,0.3881578947368423,-0.963031462141,0.6344086021505383,1.052136525303366,3.731790810040888,14.586883971138354,8.785089203127349,one_factor,PASS,3.169878626411721e-05,721.7786088137701,1.0
0.9022869424092258,,False,657.2284497006934,30,axis_velocity_scale_1.3,0.00623958204318,1.0,4.172216463545056,16.0503278814923,4.6485260770975,4.784580498866209,0.03296100435912523,1.0,-0.841755440926,inf,1.367777482894376,3.731790810040888,10.280844591144367,6.973771687065276,one_factor,PASS,3.169878626411721e-05,721.7786088137701,1.3
0.9022869424092258,"delay: 84.2806, f0: 261.626, z: 2.3808
status=FAIL
velocity_m_s=2.75917397533
hardness_N_per_mm_p=657.228449701
p=3.73179081004
epsilon=0.902286942409
tau0_s=3.16987862641e-05
linear_density_kg_m=0.00623958204318
tension_N=721.778608814
force_log=""/var/folders/zh/nj8dx9w152qdp4y5nkg5xm540000gn/T/bbpiano-hammer-search-w48sjjx0/force_95.txt""
positive_force_samples=104
contact_span_s=0.00233560090703
maximum_force_N=67.8895532376
force_impulse_Ns=0.0252426558673
initial_hammer_energy_J=0.0570978076961
maximum_mechanical_energy_J=0.0620213240309
maximum_mechanical_energy_ratio=1.08622951622
string_energy_at_release_J=0.0533266244618
string_energy_at_release_ratio=0.933952223624
final_hammer_energy_J=0.00868865106662
final_string_energy_J=0.0494998052197
rebound_velocity_m_s=1.07633025084
physical_f0_hz=261.626
configured_f0_hz=261.626
f0_relative_error=0
integer_spatial_port_pass=1
strike_reset_position_error_m=0",,657.2284497006934,31,axis_velocity_scale_1.6,0.00623958204318,,,,,,,,,,1.6834184404853858,3.731790810040888,,,one_factor,FAIL,3.169878626411721e-05,721.7786088137701,1.6
0.9022869424092258,,True,657.2284497006934,32,axis_velocity_scale_1.8,0.00623958204318,1.0,6.003171074831048,23.3578808714671,2.653061224489793,2.7664399092970484,0.022200643752195305,1.0,0.396144672675,inf,1.8938457455460591,3.731790810040888,13.576290107946189,8.899836073717942,one_factor,PASS,3.169878626411721e-05,721.7786088137701,1.8
0.900149601499803,"delay: 84.2806, f0: 261.626, z: 2.3808
status=FAIL
velocity_m_s=1.81242205568
hardness_N_per_mm_p=28848.7379284
p=4.43329703402
epsilon=0.9001496015
tau0_s=9.34881126223e-06
linear_density_kg_m=0.00623359657152
tension_N=721.086225032
force_log=""/var/folders/zh/nj8dx9w152qdp4y5nkg5xm540000gn/T/bbpiano-hammer-search-yw1bir3h/force_95.txt""
positive_force_samples=20
contact_span_s=0.000430839002268
maximum_force_N=17.0146600355
force_impulse_Ns=0.00262071222631
initial_hammer_energy_J=0.0246365528094
maximum_mechanical_energy_J=0.0246374703697
maximum_mechanical_energy_ratio=1.00003724386
string_energy_at_release_J=0.00452081539876
string_energy_at_release_ratio=0.183500323025
final_hammer_energy_J=0.0201156539213
final_string_energy_J=0.00416313633722
rebound_velocity_m_s=1.63770790726
physical_f0_hz=261.626
configured_f0_hz=261.626
f0_relative_error=0
integer_spatial_port_pass=1
strike_reset_position_error_m=0",,28848.73792843134,33,lhs_0000,0.006233596571518029,,,,,,,,,,1.1057891737723549,4.433297034015534,,,space_filling,FAIL,9.348811262234393e-06,721.0862250323927,1.050993998572114
0.8904850585732597,"delay: 84.2806, f0: 261.626, z: 2.3808
status=FAIL
velocity_m_s=1.64199056595
hardness_N_per_mm_p=11501.8935846
p=4.32674292885
epsilon=0.890485058573
tau0_s=0.000281294726555
linear_density_kg_m=0.0057119622126
tension_N=660.744920233
force_log=""/var/folders/zh/nj8dx9w152qdp4y5nkg5xm540000gn/T/bbpiano-hammer-search-jvtht5q_/force_80.txt""
positive_force_samples=97
contact_span_s=0.0021768707483
maximum_force_N=35.0214859958
force_impulse_Ns=0.0129069347257
initial_hammer_energy_J=0.02022099764
maximum_mechanical_energy_J=0.0220578083525
maximum_mechanical_energy_ratio=1.09083679971
string_energy_at_release_J=0.0174741697698
string_energy_at_release_ratio=0.864159626586
final_hammer_energy_J=0.00458089805218
final_string_energy_J=0.0162104369918
rebound_velocity_m_s=0.781528250902
physical_f0_hz=261.626
configured_f0_hz=261.626
f0_relative_error=0
integer_spatial_port_pass=1
strike_reset_position_error_m=0",,11501.893584582436,34,lhs_0001,0.00571196221260245,,,,,,,,,,1.6419905659481016,4.3267429288496135,,,space_filling,FAIL,0.00028129472655514403,660.744920233127,1.5606250010897216
0.862039981933913,"delay: 84.2806, f0: 261.626, z: 2.3808
status=FAIL
velocity_m_s=2.41113403539
hardness_N_per_mm_p=12657.2382232
p=4.57939442083
epsilon=0.862039981934
tau0_s=0.000374187048079
linear_density_kg_m=0.00636786914111
tension_N=736.618526365
force_log=""/var/folders/zh/nj8dx9w152qdp4y5nkg5xm540000gn/T/bbpiano-hammer-search-7wk7t_0e/force_110.txt""
positive_force_samples=92
contact_span_s=0.00206349206349
maximum_force_N=56.4717696729
force_impulse_Ns=0.018642965252
initial_hammer_energy_J=0.0436017550247
maximum_mechanical_energy_J=0.0483209696112
maximum_mechanical_energy_ratio=1.10823450991
string_energy_at_release_J=0.0380820102175
string_energy_at_release_ratio=0.87340544425
final_hammer_energy_J=0.0102364054313
final_string_energy_J=0.035306986779
rebound_velocity_m_s=1.16826968526
physical_f0_hz=261.626
configured_f0_hz=261.626
f0_relative_error=0
integer_spatial_port_pass=1
strike_reset_position_error_m=0",,12657.238223162292,35,lhs_0002,0.006367869141112703,,,,,,,,,,0.7376107141906536,4.579394420831704,,,space_filling,FAIL,0.00037418704807871804,736.6185263649514,0.7010598876205498
0.9906618169884718,"delay: 84.2806, f0: 261.626, z: 2.3808
status=FAIL
velocity_m_s=0.855774160087
hardness_N_per_mm_p=24559.1460433
p=4.75482175401
epsilon=0.990661816988
tau0_s=0.000175154581208
linear_density_kg_m=0.00615130583189
tension_N=711.567046479
force_log=""/var/folders/zh/nj8dx9w152qdp4y5nkg5xm540000gn/T/bbpiano-hammer-search-hw79jtm2/force_50.txt""
positive_force_samples=106
contact_span_s=0.00238095238095
maximum_force_N=18.591078619
force_impulse_Ns=0.00780657128531
initial_hammer_energy_J=0.00549262059804
maximum_mechanical_energy_J=0.00572415511728
maximum_mechanical_energy_ratio=1.04215374339
string_energy_at_release_J=0.00488015659998
string_energy_at_release_ratio=0.88849329985
final_hammer_energy_J=0.000843377120953
final_string_energy_J=0.00453132734952
rebound_velocity_m_s=0.3353360744
physical_f0_hz=261.626
configured_f0_hz=261.626
f0_relative_error=2.17269762412e-16
integer_spatial_port_pass=1
strike_reset_position_error_m=0",,24559.14604333696,36,lhs_0003,0.00615130583188602,,,,,,,,,,1.7244851333061457,4.7548217540068105,,,space_filling,FAIL,0.00017515458120819207,711.5670464786356,1.6390317148327487
0.8591251405700441,"delay: 84.2806, f0: 261.626, z: 2.3808
status=FAIL
velocity_m_s=3.56337545642
hardness_N_per_mm_p=1560.26041599
p=3.80570089689
epsilon=0.85912514057
tau0_s=6.19995717114e-06
linear_density_kg_m=0.00582642802063
tension_N=673.986026946
force_log=""/var/folders/zh/nj8dx9w152qdp4y5nkg5xm540000gn/T/bbpiano-hammer-search-d6spf8a8/force_110.txt""
positive_force_samples=102
contact_span_s=0.00229024943311
maximum_force_N=93.1996232843
force_impulse_Ns=0.0319526743175
initial_hammer_energy_J=0.0952323348256
maximum_mechanical_energy_J=0.111195214872
maximum_mechanical_energy_ratio=1.1676203789
string_energy_at_release_J=0.0957778188208
string_energy_at_release_ratio=1.0057279284
final_hammer_energy_J=0.0154054059304
final_string_energy_J=0.0888798419349
rebound_velocity_m_s=1.43319716859
physical_f0_hz=261.626
configured_f0_hz=261.626
f0_relative_error=0
integer_spatial_port_pass=1
strike_reset_position_error_m=0",,1560.2604159867678,37,lhs_0004,0.005826428020632434,,,,,,,,,,1.0901027801680507,3.805700896888603,,,space_filling,FAIL,6.199957171144327e-06,673.9860269458643,1.0360849128906895
0.9616970492900732,,False,6683.222681628404,38,lhs_0005,0.0060188324214553255,1.0,4.281297614033358,5.73831126442382,0.975056689342403,1.0884353741496589,0.0032321380968184984,1.0,0.922442601822,inf,1.1422558969009524,4.771090712873268,8.895728936669082,5.770039035006463,space_filling,PASS,1.558175615609406e-05,696.2428671948655,1.085653686028628
0.9370227045147594,"delay: 84.2806, f0: 261.626, z: 2.3808
status=FAIL
velocity_m_s=1.22993964697
hardness_N_per_mm_p=7748.68310216
p=3.76840525947
epsilon=0.937022704515
tau0_s=9.41406350216e-05
linear_density_kg_m=0.00619003641299
tension_N=716.047299283
force_log=""/var/folders/zh/nj8dx9w152qdp4y5nkg5xm540000gn/T/bbpiano-hammer-search-utdl7e6z/force_65.txt""
positive_force_samples=91
contact_span_s=0.00204081632653
maximum_force_N=30.9820301114
force_impulse_Ns=0.00839245433967
initial_hammer_energy_J=0.0113456365139
maximum_mechanical_energy_J=0.0128714477229
maximum_mechanical_energy_ratio=1.13448440792
string_energy_at_release_J=0.00949965575904
string_energy_at_release_ratio=0.837295972546
final_hammer_energy_J=0.00337120051426
final_string_energy_J=0.00880752002441
rebound_velocity_m_s=0.67044269099
physical_f0_hz=261.626
configured_f0_hz=261.626
f0_relative_error=2.17269762412e-16
integer_spatial_port_pass=1
strike_reset_position_error_m=0",,7748.683102157002,39,lhs_0006,0.006190036412989895,,,,,,,,,,1.8076972586121536,3.7684052594690893,,,space_filling,FAIL,9.41406350216356e-05,716.0472992831097,1.7181204293719716
0.9893041786595527,"delay: 84.2806, f0: 261.626, z: 2.3808
status=FAIL
velocity_m_s=1.83966842946
hardness_N_per_mm_p=10174.2345511
p=3.19047542951
epsilon=0.98930417866
tau0_s=7.50004926117e-05
linear_density_kg_m=0.00651274273202
tension_N=753.377126248
force_log=""/var/folders/zh/nj8dx9w152qdp4y5nkg5xm540000gn/T/bbpiano-hammer-search-vqw4b2uy/force_80.txt""
positive_force_samples=25
contact_span_s=0.000544217687075
maximum_force_N=23.0973696165
force_impulse_Ns=0.00393632646815
initial_hammer_energy_J=0.0253828494776
maximum_mechanical_energy_J=0.0258811408195
maximum_mechanical_energy_ratio=1.01963102457
string_energy_at_release_J=0.00722239164287
string_energy_at_release_ratio=0.284538252856
final_hammer_energy_J=0.0186578028149
final_string_energy_J=0.00665416673594
rebound_velocity_m_s=1.57724666492
physical_f0_hz=261.626
configured_f0_hz=261.626
f0_relative_error=0
integer_spatial_port_pass=1
strike_reset_position_error_m=0",,10174.234551109563,40,lhs_0007,0.006512742732016945,,,,,,,,,,1.8396684294601364,3.1904754295088096,,,space_filling,FAIL,7.500049261172808e-05,753.377126247617,1.7485073326674012
0.9014633447010787,"delay: 84.2806, f0: 261.626, z: 2.3808
status=FAIL
velocity_m_s=2.74987500324
hardness_N_per_mm_p=25484.2210987
p=3.71830307243
epsilon=0.901463344701
tau0_s=1.73169904158e-05
linear_density_kg_m=0.00610198563672
tension_N=705.861814685
force_log=""/var/folders/zh/nj8dx9w152qdp4y5nkg5xm540000gn/T/bbpiano-hammer-search-ugwfyci2/force_95.txt""
positive_force_samples=7
contact_span_s=0.000136054421769
maximum_force_N=35.1508450474
force_impulse_Ns=0.00168526666187
initial_hammer_energy_J=0.0567135940009
maximum_mechanical_energy_J=0.0590803548748
maximum_mechanical_energy_ratio=1.04173180902
string_energy_at_release_J=0.00690636258855
string_energy_at_release_ratio=0.121776140451
final_hammer_energy_J=0.0521739921244
final_string_energy_J=0.00634890705353
rebound_velocity_m_s=2.63752389245
physical_f0_hz=261.626
configured_f0_hz=261.626
f0_relative_error=0
integer_spatial_port_pass=1
strike_reset_position_error_m=0",,25484.22109870683,41,lhs_0008,0.006101985636718238,,,,,,,,,,1.6777449812427374,3.718303072430033,,,space_filling,FAIL,1.731699041577225e-05,705.8618146845388,1.5946076777051224
0.8971511603630347,"delay: 84.2806, f0: 261.626, z: 2.3808
status=FAIL
velocity_m_s=0.889542985044
hardness_N_per_mm_p=30557.0617045
p=3.48156186502
epsilon=0.897151160363
tau0_s=0.000259206657744
linear_density_kg_m=0.00622147902013
tension_N=719.68449823
force_log=""/var/folders/zh/nj8dx9w152qdp4y5nkg5xm540000gn/T/bbpiano-hammer-search-4s6je7sc/force_50.txt""
positive_force_samples=96
contact_span_s=0.00215419501134
maximum_force_N=14.5381302
force_impulse_Ns=0.00736070807207
initial_hammer_energy_J=0.00593465041681
maximum_mechanical_energy_J=0.00595486974892
maximum_mechanical_energy_ratio=1.00340699632
string_energy_at_release_J=0.00476104732916
string_energy_at_release_ratio=0.802245624388
final_hammer_energy_J=0.00119298496375
final_string_energy_J=0.0044168544457
rebound_velocity_m_s=0.398829113573
physical_f0_hz=261.626
configured_f0_hz=261.626
f0_relative_error=0
integer_spatial_port_pass=1
strike_reset_position_error_m=0",,30557.061704476095,42,lhs_0009,0.006221479020125021,,,,,,,,,,1.7925332695134257,3.481561865023771,,,space_filling,FAIL,0.0002592066577436569,719.6844982298363,1.7037078614836403
0.9641878859160402,,True,1135.474904105655,43,lhs_0010,0.005990372228127606,1.0,4.1098096711664205,12.4945246768632,1.405895691609973,1.5192743764172287,0.007879314762685396,1.0,1.32251557452,inf,1.8572474575205646,4.863457735045462,10.558316534334848,6.580742322543957,space_filling,PASS,6.0048022780793885e-05,692.9506661140086,1.7652152670824333
0.9369261002359812,,True,11107.770415401941,44,lhs_0011,0.006579200825560381,1.0,3.4987183924800567,7.54113420054569,1.451247165532884,1.5419501133786886,0.005303966656419882,1.0,0.748647360313,inf,1.1079454404064861,4.61786051385492,14.213534865220547,8.218582932703317,space_filling,PASS,4.7177905947691654e-05,761.0648255150105,1.0530434157173931
0.8877259298989898,,False,5014.97852963112,45,lhs_0012,0.005875636934293099,1.0,3.2415739358836153,11.1224866660407,6.621315192743761,6.9841269841269895,0.03647382691164883,0.34740259740259644,-1.18578268941,0.5323383084577091,1.2458091947114673,4.907283004048034,10.05119835395607,6.033214415118913,space_filling,PASS,5.190481705959484e-06,679.6783859848889,1.1840756068726528
0.9305778336968357,,False,526.4704663144039,46,lhs_0013,0.005747520657287265,1.0,1.1392499480945069,6.89180667791575,6.485260770975054,6.666666666666669,0.02193881895424423,0.6326530612244892,-0.682461574676,1.7222222222222174,0.7801532149113795,3.1659905872105822,4.385109530049582,2.9848327810587705,space_filling,PASS,0.000798738142159359,664.8582285538727,0.7414942796386954
0.8594080622987834,"delay: 84.2806, f0: 261.626, z: 2.3808
status=FAIL
velocity_m_s=2.09970314624
hardness_N_per_mm_p=18512.1586843
p=3.47289690139
epsilon=0.859408062299
tau0_s=1.45026550733e-05
linear_density_kg_m=0.00629556952068
tension_N=728.255094473
force_log=""/var/folders/zh/nj8dx9w152qdp4y5nkg5xm540000gn/T/bbpiano-hammer-search-mb98kkpm/force_95.txt""
positive_force_samples=16
contact_span_s=0.000340136054422
maximum_force_N=19.5854760356
force_impulse_Ns=0.00274493453567
initial_hammer_energy_J=0.0330656497676
maximum_mechanical_energy_J=0.0331818796891
maximum_mechanical_energy_ratio=1.00351512589
string_energy_at_release_J=0.00562725246433
string_energy_at_release_ratio=0.170184239653
final_hammer_energy_J=0.027553257607
final_string_energy_J=0.00518109135927
rebound_velocity_m_s=1.91670751053
physical_f0_hz=261.626
configured_f0_hz=261.626
f0_relative_error=0
integer_spatial_port_pass=1
strike_reset_position_error_m=0",,18512.158684315455,47,lhs_0014,0.006295569520684573,,,,,,,,,,1.2810641980299993,3.4728969013885,,,space_filling,FAIL,1.4502655073254961e-05,728.2550944733205,1.2175836188755311
0.9338638441328497,,False,425.53515118642736,48,lhs_0015,0.006527512155557879,1.0,3.220175851034993,5.9181616463117,6.734693877551021,7.392290249433109,0.02200847118852229,0.4202453987730057,-0.70323786308,0.7248677248677236,0.7639965801241901,3.9292909374407454,18.25013668625172,9.247886050914875,space_filling,PASS,1.3172059695407458e-05,755.0856147172908,0.726138254637538
0.8610725485318965,"delay: 84.2806, f0: 261.626, z: 2.3808
status=FAIL
velocity_m_s=2.81219685213
hardness_N_per_mm_p=6466.96197209
p=4.61285264662
epsilon=0.861072548532
tau0_s=0.000326557733289
linear_density_kg_m=0.00636926122965
tension_N=736.779559543
force_log=""/var/folders/zh/nj8dx9w152qdp4y5nkg5xm540000gn/T/bbpiano-hammer-search-bcqsow_v/force_95.txt""
positive_force_samples=92
contact_span_s=0.00206349206349
maximum_force_N=47.5153891595
force_impulse_Ns=0.0213006358425
initial_hammer_energy_J=0.0593133835137
maximum_mechanical_energy_J=0.0604689863402
maximum_mechanical_energy_ratio=1.01948300296
string_energy_at_release_J=0.0459298176769
string_energy_at_release_ratio=0.774358415522
final_hammer_energy_J=0.0145357053588
final_string_energy_J=0.0425857079552
rebound_velocity_m_s=1.39215446264
physical_f0_hz=261.626
configured_f0_hz=261.626
f0_relative_error=0
integer_spatial_port_pass=1
strike_reset_position_error_m=0",,6466.961972092973,49,lhs_0016,0.006369261229649097,,,,,,,,,,1.715768589252974,4.612852646615764,,,space_filling,FAIL,0.0003265577332886658,736.779559543166,1.6307471017207207
0.9823348191786447,,True,3066.429556709641,50,lhs_0017,0.0064175256357014935,1.0,3.6179871522695493,15.5733758568545,3.3786848072562363,3.6054421768707487,0.021672822166457557,1.0,-0.160530326626,inf,1.2960958336841593,4.200779924052552,14.283367729885164,8.637458286447913,space_filling,PASS,2.0330355928484956e-06,742.3626604006663,1.2318703918300447
0.8506107716921684,"delay: 84.2806, f0: 261.626, z: 2.3808
status=FAIL
velocity_m_s=1.22720997679
hardness_N_per_mm_p=15856.6749354
p=3.05690983759
epsilon=0.850610771692
tau0_s=0.000280336307445
linear_density_kg_m=0.00621498996033
tension_N=718.933860685
force_log=""/var/folders/zh/nj8dx9w152qdp4y5nkg5xm540000gn/T/bbpiano-hammer-search-0oo3cu7f/force_80.txt""
positive_force_samples=91
contact_span_s=0.00204081632653
maximum_force_N=20.5630646138
force_impulse_Ns=0.00920900224504
initial_hammer_energy_J=0.0112953324536
maximum_mechanical_energy_J=0.0115019908221
maximum_mechanical_energy_ratio=1.01829590845
string_energy_at_release_J=0.00868053197584
string_energy_at_release_ratio=0.768506107415
final_hammer_energy_J=0.00282081043378
final_string_energy_J=0.00804793180095
rebound_velocity_m_s=0.613276493791
physical_f0_hz=261.626
configured_f0_hz=261.626
f0_relative_error=0
integer_spatial_port_pass=1
strike_reset_position_error_m=0",,15856.674935430872,51,lhs_0018,0.006214989960333757,,,,,,,,,,1.2272099767935916,3.056909837590319,,,space_filling,FAIL,0.0002803363074449167,718.9338606845272,1.166398036072121
0.8837316681363357,,True,1740.8103028496723,52,lhs_0019,0.006473306719678971,1.0,6.388044980343823,18.5107788808049,2.539682539682541,2.6757369614512485,0.016728704128372435,1.0,0.371721711482,inf,1.500960251428648,4.856307686399738,15.981178636918058,9.15052154618364,space_filling,PASS,4.636380035076207e-05,748.8152709942548,1.4265831622905316
0.85833132033189,"delay: 84.2806, f0: 261.626, z: 2.3808
status=FAIL
velocity_m_s=3.02701271179
hardness_N_per_mm_p=21755.3069691
p=4.03867949523
epsilon=0.858331320332
tau0_s=2.10693223265e-06
linear_density_kg_m=0.00665345752559
tension_N=769.654647281
force_log=""/var/folders/zh/nj8dx9w152qdp4y5nkg5xm540000gn/T/bbpiano-hammer-search-u_oh3p3_/force_95.txt""
positive_force_samples=92
contact_span_s=0.00206349206349
maximum_force_N=52.2720548632
force_impulse_Ns=0.0240728841346
initial_hammer_energy_J=0.06872104468
maximum_mechanical_energy_J=0.0696489607775
maximum_mechanical_energy_ratio=1.01350264831
string_energy_at_release_J=0.0544757902469
string_energy_at_release_ratio=0.792708994756
final_hammer_energy_J=0.0151689100804
final_string_energy_J=0.0505078590523
rebound_velocity_m_s=1.42215376948
physical_f0_hz=261.626
configured_f0_hz=261.626
f0_relative_error=0
integer_spatial_port_pass=1
strike_reset_position_error_m=0",,21755.30696909379,53,lhs_0020,0.00665345752559224,,,,,,,,,,1.846831357561588,4.038679495232942,,,space_filling,FAIL,2.1069322326473535e-06,769.6546472808257,1.755315316164967
0.9512940506570893,"delay: 84.2806, f0: 261.626, z: 2.3808
status=FAIL
velocity_m_s=2.44404368966
hardness_N_per_mm_p=788.213309045
p=3.42152335861
epsilon=0.951294050657
tau0_s=0.000182829097248
linear_density_kg_m=0.00570610856564
tension_N=660.06778559
force_log=""/var/folders/zh/nj8dx9w152qdp4y5nkg5xm540000gn/T/bbpiano-hammer-search-nolvpw58/force_110.txt""
positive_force_samples=105
contact_span_s=0.00235827664399
maximum_force_N=44.6982121992
force_impulse_Ns=0.0220683487471
initial_hammer_energy_J=0.0448001216774
maximum_mechanical_energy_J=0.0454615829507
maximum_mechanical_energy_ratio=1.01476472046
string_energy_at_release_J=0.0383589615644
string_energy_at_release_ratio=0.856224495116
final_hammer_energy_J=0.00709784706151
final_string_energy_J=0.0356210796265
rebound_velocity_m_s=0.972820439856
physical_f0_hz=261.626
configured_f0_hz=261.626
f0_relative_error=0
integer_spatial_port_pass=1
strike_reset_position_error_m=0",,788.2133090448922,54,lhs_0021,0.0057061085656384064,,,,,,,,,,0.7476783890831811,3.4215233586052363,,,space_filling,FAIL,0.00018282909724758484,660.0677855896596,0.7106286789802306
0.9533692723623675,,True,3952.4253316614645,55,lhs_0022,0.005832016609724891,1.0,3.999562491007761,8.53926964808535,3.219954648526078,3.4240362811791387,0.011549582839099529,1.0,0.0251780014049,inf,0.80160467103079,4.982142003939856,11.098717057583853,7.163126639946077,space_filling,PASS,0.00015316756103256798,674.6325003847054,0.7618827516701415
0.8942299022305965,"delay: 84.2806, f0: 261.626, z: 2.3808
status=FAIL
velocity_m_s=0.764039524949
hardness_N_per_mm_p=19646.3563124
p=3.03972553434
epsilon=0.894229902231
tau0_s=6.47338618267e-06
linear_density_kg_m=0.00599945124478
tension_N=694.000903127
force_log=""/var/folders/zh/nj8dx9w152qdp4y5nkg5xm540000gn/T/bbpiano-hammer-search-foj3l953/force_50.txt""
positive_force_samples=115
contact_span_s=0.00258503401361
maximum_force_N=14.4733395738
force_impulse_Ns=0.00869657382657
initial_hammer_energy_J=0.00437817296763
maximum_mechanical_energy_J=0.00449500050458
maximum_mechanical_energy_ratio=1.02668408439
string_energy_at_release_J=0.0042398874715
string_energy_at_release_ratio=0.968414793762
final_hammer_energy_J=0.000254660043194
final_string_energy_J=0.00394025386919
rebound_velocity_m_s=0.184267936511
physical_f0_hz=261.626
configured_f0_hz=261.626
f0_relative_error=0
integer_spatial_port_pass=1
strike_reset_position_error_m=0",,19646.356312354776,56,lhs_0023,0.0059994512447772335,,,,,,,,,,1.5396291024952702,3.0397255343405036,,,space_filling,FAIL,6.47338618266528e-06,694.0009031269072,1.4633358556308496
0.882056449022547,"delay: 84.2806, f0: 261.626, z: 2.3808
status=FAIL
velocity_m_s=1.07335012359
hardness_N_per_mm_p=4570.58198226
p=4.59977761213
epsilon=0.882056449023
tau0_s=1.53062674988e-05
linear_density_kg_m=0.00593627098001
tension_N=686.69237456
force_log=""/var/folders/zh/nj8dx9w152qdp4y5nkg5xm540000gn/T/bbpiano-hammer-search-k7di3vne/force_65.txt""
positive_force_samples=130
contact_span_s=0.00292517006803
maximum_force_N=21.4370420908
force_impulse_Ns=0.0134720918538
initial_hammer_energy_J=0.00864060365854
maximum_mechanical_energy_J=0.00884379818465
maximum_mechanical_energy_ratio=1.02351624194
string_energy_at_release_J=0.00861281321194
string_energy_at_release_ratio=0.996783737838
final_hammer_energy_J=0.000230240832849
final_string_energy_J=0.00801990227575
rebound_velocity_m_s=0.175210666665
physical_f0_hz=261.626
configured_f0_hz=261.626
f0_relative_error=0
integer_spatial_port_pass=1
strike_reset_position_error_m=0",,4570.581982257309,57,lhs_0024,0.005936270980010255,,,,,,,,,,1.5775506389474274,4.599777612130506,,,space_filling,FAIL,1.5306267498790576e-05,686.6923745600236,1.4993782660406803
0.9744418026955104,"delay: 84.2806, f0: 261.626, z: 2.3808
status=FAIL
velocity_m_s=5.30167361743
hardness_N_per_mm_p=11830.1916357
p=3.25167008032
epsilon=0.974441802696
tau0_s=2.87229944062e-05
linear_density_kg_m=0.00660284236498
tension_N=763.799617255
force_log=""/var/folders/zh/nj8dx9w152qdp4y5nkg5xm540000gn/T/bbpiano-hammer-search-9sd_9m__/force_110.txt""
positive_force_samples=2
contact_span_s=2.26757369615e-05
maximum_force_N=42.3297321761
force_impulse_Ns=0.00115112833577
initial_hammer_energy_J=0.210808073593
maximum_mechanical_energy_J=0.21200712632
maximum_mechanical_energy_ratio=1.00568788807
string_energy_at_release_J=0.00725778957292
string_energy_at_release_ratio=0.034428423206
final_hammer_energy_J=0.204749336747
final_string_energy_J=0.00667196726838
rebound_velocity_m_s=5.22493172838
physical_f0_hz=261.626
configured_f0_hz=261.626
f0_relative_error=2.17269762412e-16
integer_spatial_port_pass=1
strike_reset_position_error_m=0",,11830.19163567482,58,lhs_0025,0.006602842364976882,,,,,,,,,,1.6218804952186716,3.2516700803202947,,,space_filling,FAIL,2.872299440618059e-05,763.7996172546127,1.5415114447728437
0.9154469581726492,"delay: 84.2806, f0: 261.626, z: 2.3808
status=FAIL
velocity_m_s=5.39914185099
hardness_N_per_mm_p=34123.4118283
p=4.50044757789
epsilon=0.915446958173
tau0_s=1.40464024503e-05
linear_density_kg_m=0.00673924974706
tension_N=779.578868139
force_log=""/var/folders/zh/nj8dx9w152qdp4y5nkg5xm540000gn/T/bbpiano-hammer-search-0lxnl3b5/force_110.txt""
positive_force_samples=4
contact_span_s=6.80272108844e-05
maximum_force_N=57.1471201341
force_impulse_Ns=0.00218729688014
initial_hammer_energy_J=0.218630495454
maximum_mechanical_energy_J=0.222941666843
maximum_mechanical_energy_ratio=1.01971898468
string_energy_at_release_J=0.0159612219274
string_energy_at_release_ratio=0.0730054693161
final_hammer_energy_J=0.206980444916
final_string_energy_J=0.0146728890057
rebound_velocity_m_s=5.25332205898
physical_f0_hz=261.626
configured_f0_hz=261.626
f0_relative_error=0
integer_spatial_port_pass=1
strike_reset_position_error_m=0",,34123.41182826039,59,lhs_0026,0.006739249747058357,,,,,,,,,,1.6516978393855635,4.500447577886368,,,space_filling,FAIL,1.404640245030291e-05,779.5788681386217,1.569851249969032
0.8823294472952562,,False,562.4440772393706,60,lhs_0027,0.005985496308619001,1.0,4.2841935916149385,9.78360474656519,6.507936507936508,6.78004535147392,0.035829357728953806,0.37458193979933113,-1.14012111493,0.5989304812834227,1.2485964413142554,4.9121375348554706,14.759175525834841,8.046408313178024,space_filling,PASS,7.70786260482936e-05,692.3866324375133,1.1867247370337641
0.9186116902151469,"delay: 84.2806, f0: 261.626, z: 2.3808
status=FAIL
velocity_m_s=1.62551179912
hardness_N_per_mm_p=3554.13543707
p=3.70058713923
epsilon=0.918611690215
tau0_s=0.000626248527744
linear_density_kg_m=0.0058818297071
tension_N=680.394749823
force_log=""/var/folders/zh/nj8dx9w152qdp4y5nkg5xm540000gn/T/bbpiano-hammer-search-2grb7c8y/force_80.txt""
positive_force_samples=185
contact_span_s=0.00417233560091
maximum_force_N=37.8714487804
force_impulse_Ns=0.0349635025811
initial_hammer_energy_J=0.0198171645681
maximum_mechanical_energy_J=0.0216343521606
maximum_mechanical_energy_ratio=1.09169765868
string_energy_at_release_J=0.0179004267529
string_energy_at_release_ratio=0.903278907099
final_hammer_energy_J=0.00373179567521
final_string_energy_J=0.0167389639027
rebound_velocity_m_s=-0.705388372951
physical_f0_hz=261.626
configured_f0_hz=261.626
f0_relative_error=2.17269762412e-16
integer_spatial_port_pass=1
strike_reset_position_error_m=0",,3554.1354370680465,61,lhs_0028,0.005881829707101851,,,,,,,,,,1.6255117991203634,3.7005871392259198,,,space_filling,FAIL,0.0006262485277440484,680.3947498233109,1.5449628066582652
0.8522948088268438,"delay: 84.2806, f0: 261.626, z: 2.3808
status=FAIL
velocity_m_s=1.15450799624
hardness_N_per_mm_p=38409.0052261
p=4.19208400704
epsilon=0.852294808827
tau0_s=0.000348752223474
linear_density_kg_m=0.00679672274605
tension_N=786.227195057
force_log=""/var/folders/zh/nj8dx9w152qdp4y5nkg5xm540000gn/T/bbpiano-hammer-search-4tam9r6h/force_65.txt""
positive_force_samples=101
contact_span_s=0.00226757369615
maximum_force_N=21.8169310025
force_impulse_Ns=0.0113835458679
initial_hammer_energy_J=0.0099966653503
maximum_mechanical_energy_J=0.0102637984269
maximum_mechanical_energy_ratio=1.02672221858
string_energy_at_release_J=0.00908874046799
string_energy_at_release_ratio=0.909177225555
final_hammer_energy_J=0.00117377450449
final_string_energy_J=0.00843663810435
rebound_velocity_m_s=0.395604938373
physical_f0_hz=261.626
configured_f0_hz=261.626
f0_relative_error=0
integer_spatial_port_pass=1
strike_reset_position_error_m=0",,38409.005226063615,62,lhs_0029,0.006796722746054356,,,,,,,,,,1.6968319908926175,4.19208400703667,,,space_filling,FAIL,0.00034875222347448124,786.2271950574142,1.612748868692078
0.9679441473694012,,False,409.62514784270195,63,lhs_0030,0.006109754501633698,1.0,6.267000099047807,6.88658467829093,7.097505668934238,7.981859410430838,0.025576955583569504,0.4062500000000001,-0.826746111645,0.6842105263157898,0.8783845169052277,3.8571103068761596,16.041432650610016,9.247297064037989,space_filling,PASS,2.0639758977823355e-06,706.7604967552189,0.8348579255453185
0.9881683273589504,"delay: 84.2806, f0: 261.626, z: 2.3808
status=FAIL
velocity_m_s=5.10970197034
hardness_N_per_mm_p=803.277803651
p=4.93058232276
epsilon=0.988168327359
tau0_s=8.57035206311e-06
linear_density_kg_m=0.00595885054695
tension_N=689.304320088
force_log=""/var/folders/zh/nj8dx9w152qdp4y5nkg5xm540000gn/T/bbpiano-hammer-search-jidcn0iv/force_110.txt""
positive_force_samples=14
contact_span_s=0.000294784580499
maximum_force_N=67.0213450995
force_impulse_Ns=0.00438288344195
initial_hammer_energy_J=0.195817906692
maximum_mechanical_energy_J=0.20229804564
maximum_mechanical_energy_ratio=1.03309267807
string_energy_at_release_J=0.0282308865212
string_energy_at_release_ratio=0.144169075229
final_hammer_energy_J=0.174063000776
final_string_energy_J=0.0259619679357
rebound_velocity_m_s=4.81750974087
physical_f0_hz=261.626
configured_f0_hz=261.626
f0_relative_error=0
integer_spatial_port_pass=1
strike_reset_position_error_m=0",,803.2778036511098,64,lhs_0031,0.005958850546947499,,,,,,,,,,1.5631528004319073,4.930582322756034,,,space_filling,FAIL,8.570352063109e-06,689.3043200875923,1.485693883672747
0.9586901087772054,"delay: 84.2806, f0: 261.626, z: 2.3808
status=FAIL
velocity_m_s=5.97116457312
hardness_N_per_mm_p=38275.6349313
p=4.60819464972
epsilon=0.958690108777
tau0_s=1.61711124605e-05
linear_density_kg_m=0.00590121063742
tension_N=682.636685393
force_log=""/var/folders/zh/nj8dx9w152qdp4y5nkg5xm540000gn/T/bbpiano-hammer-search-l0tibitt/force_110.txt""
positive_force_samples=2
contact_span_s=2.26757369615e-05
maximum_force_N=41.7687718783
force_impulse_Ns=0.000995277426357
initial_hammer_energy_J=0.267411047695
maximum_mechanical_energy_J=0.268732228859
maximum_mechanical_energy_ratio=1.00494063793
string_energy_at_release_J=0.00723112723467
string_energy_at_release_ratio=0.0270412434228
final_hammer_energy_J=0.261501101625
final_string_energy_J=0.00664745696167
rebound_velocity_m_s=5.9048127447
physical_f0_hz=261.626
configured_f0_hz=261.626
f0_relative_error=0
integer_spatial_port_pass=1
strike_reset_position_error_m=0",,38275.63493134923,65,lhs_0032,0.005901210637421649,,,,,,,,,,1.8266902215632463,4.608194649716642,,,space_filling,FAIL,1.617111246045217e-05,682.636685393183,1.7361722339565682
0.8964499400965626,"delay: 84.2806, f0: 261.626, z: 2.3808
status=FAIL
velocity_m_s=1.3730466948
hardness_N_per_mm_p=6367.94003217
p=3.2734966106
epsilon=0.896449940097
tau0_s=0.000777999064015
linear_density_kg_m=0.0065371805351
tension_N=756.204027696
force_log=""/var/folders/zh/nj8dx9w152qdp4y5nkg5xm540000gn/T/bbpiano-hammer-search-f3ortlsq/force_95.txt""
positive_force_samples=189
contact_span_s=0.00426303854875
maximum_force_N=24.9010129689
force_impulse_Ns=0.0324120721872
initial_hammer_energy_J=0.0141394291959
maximum_mechanical_energy_J=0.014528794672
maximum_mechanical_energy_ratio=1.02753756681
string_energy_at_release_J=0.00987360150679
string_energy_at_release_ratio=0.698302694545
final_hammer_energy_J=0.00465422138972
final_string_energy_J=0.00923845437826
rebound_velocity_m_s=-0.787758117675
physical_f0_hz=261.626
configured_f0_hz=261.626
f0_relative_error=0
integer_spatial_port_pass=1
strike_reset_position_error_m=0",,6367.940032173366,66,lhs_0033,0.00653718053510246,,,,,,,,,,0.837718877586716,3.273496610598112,,,space_filling,FAIL,0.0007779990640153671,756.2040276957368,0.7962073908090718
0.9861264390748374,No valid force samples found.,,9716.250758521257,67,lhs_0034,0.00638648741540065,,,,,,,,,,1.431424109204323,3.2291374462238833,,,space_filling,FAIL,8.79359423516353e-06,738.7722398702905,1.3604927447905066
0.9172130216653074,,False,1291.4005471302523,68,lhs_0035,0.005864954269845234,1.0,5.771178962384938,5.82282455702938,6.7800453514739285,7.120181405895689,0.022500373345335604,0.3917197452229294,-0.720283082998,0.6439790575916217,0.779762918287678,4.103939359039854,16.5857423418364,9.875723924089485,space_filling,PASS,2.5181366702421956e-05,678.442643169065,0.7411233233850961
0.894620394975512,"delay: 84.2806, f0: 261.626, z: 2.3808
status=FAIL
velocity_m_s=2.30493303003
hardness_N_per_mm_p=31582.5502034
p=4.76261275672
epsilon=0.894620394976
tau0_s=2.33251916818e-06
linear_density_kg_m=0.00580804574912
tension_N=671.859613628
force_log=""/var/folders/zh/nj8dx9w152qdp4y5nkg5xm540000gn/T/bbpiano-hammer-search-bat93czp/force_95.txt""
positive_force_samples=96
contact_span_s=0.00215419501134
maximum_force_N=45.213373193
force_impulse_Ns=0.017779399941
initial_hammer_energy_J=0.0398453720469
maximum_mechanical_energy_J=0.042149855392
maximum_mechanical_energy_ratio=1.05783565887
string_energy_at_release_J=0.0327441952387
string_energy_at_release_ratio=0.821781641295
final_hammer_energy_J=0.00940194794422
final_string_energy_J=0.0303698175128
rebound_velocity_m_s=1.11963970063
physical_f0_hz=261.626
configured_f0_hz=261.626
f0_relative_error=0
integer_spatial_port_pass=1
strike_reset_position_error_m=0",,31582.55020343177,69,lhs_0036,0.005808045749122693,,,,,,,,,,1.4062784012620748,4.762612756724446,,,space_filling,FAIL,2.332519168175467e-06,671.8596136275812,1.3365930822110732
0.9781372374858794,,True,2383.504523016199,70,lhs_0037,0.00629827276796674,1.0,1.8146770478124576,17.788776456892,2.721088435374146,2.947845804988659,0.009844022209531355,1.0,0.169473577114,inf,0.8391875276308871,4.650830070657792,8.835477230621189,6.65349970635897,space_filling,PASS,9.659243089104356e-05,728.567799082235,0.7976032648319298
0.8518214740168516,,False,1770.0178944055665,71,lhs_0038,0.0065847022878523795,1.0,2.8038587032162683,10.5871981309956,6.3945578231292535,6.621315192743769,0.0346136166243489,0.3698630136986305,-1.10068126322,0.5869565217391314,1.2069470132587599,3.982110420402953,16.826869181021536,8.840750857060009,space_filling,PASS,3.633561173419399e-05,761.70122035237,1.1471391632476182
0.8575869374592922,"delay: 84.2806, f0: 261.626, z: 2.3808
status=FAIL
velocity_m_s=3.35274135092
hardness_N_per_mm_p=1047.00132137
p=3.53595359689
epsilon=0.857586937459
tau0_s=4.40906321495e-05
linear_density_kg_m=0.00672990181103
tension_N=778.497523232
force_log=""/var/folders/zh/nj8dx9w152qdp4y5nkg5xm540000gn/T/bbpiano-hammer-search-_cjf5n8b/force_110.txt""
positive_force_samples=99
contact_span_s=0.00222222222222
maximum_force_N=67.3494864354
force_impulse_Ns=0.0307449384228
initial_hammer_energy_J=0.0843065592464
maximum_mechanical_energy_J=0.085640207846
maximum_mechanical_energy_ratio=1.01581903723
string_energy_at_release_J=0.0728950857538
string_energy_at_release_ratio=0.864643112059
final_hammer_energy_J=0.0127351074854
final_string_energy_J=0.0676425236586
rebound_velocity_m_s=1.3030787894
physical_f0_hz=261.626
configured_f0_hz=261.626
f0_relative_error=0
integer_spatial_port_pass=1
strike_reset_position_error_m=0",,1047.001321368442,72,lhs_0039,0.0067299018110282376,,,,,,,,,,1.0256658925010678,3.535953596893184,,,space_filling,FAIL,4.409063214945718e-05,778.4975232317983,0.9748410665672251
0.8671568768967977,"delay: 84.2806, f0: 261.626, z: 2.3808
status=FAIL
velocity_m_s=3.03846947898
hardness_N_per_mm_p=12280.4955543
p=4.28673235221
epsilon=0.867156876897
tau0_s=2.67064678752e-06
linear_density_kg_m=0.00632047501753
tension_N=731.136097518
force_log=""/var/folders/zh/nj8dx9w152qdp4y5nkg5xm540000gn/T/bbpiano-hammer-search-wf87dzd2/force_95.txt""
positive_force_samples=95
contact_span_s=0.00213151927438
maximum_force_N=77.7489677578
force_impulse_Ns=0.0251535429762
initial_hammer_energy_J=0.0692422258101
maximum_mechanical_energy_J=0.0790352338303
maximum_mechanical_energy_ratio=1.14143115571
string_energy_at_release_J=0.0651250061306
string_energy_at_release_ratio=0.940538888933
final_hammer_energy_J=0.0139039773305
final_string_energy_J=0.0603913151388
rebound_velocity_m_s=1.36156661389
physical_f0_hz=261.626
configured_f0_hz=261.626
f0_relative_error=0
integer_spatial_port_pass=1
strike_reset_position_error_m=0",,12280.495554283456,73,lhs_0040,0.006320475017526473,,,,,,,,,,1.8538213238789707,4.286732352209688,,,space_filling,FAIL,2.670646787522821e-06,731.1360975177489,1.7619589086544183
0.8812933492944055,"delay: 84.2806, f0: 261.626, z: 2.3808
status=FAIL
velocity_m_s=4.1725739734
hardness_N_per_mm_p=406.208698845
p=4.22677460427
epsilon=0.881293349294
tau0_s=0.000494884742134
linear_density_kg_m=0.0062537065467
tension_N=723.412494614
force_log=""/var/folders/zh/nj8dx9w152qdp4y5nkg5xm540000gn/T/bbpiano-hammer-search-1cusuc5w/force_110.txt""
positive_force_samples=116
contact_span_s=0.00260770975057
maximum_force_N=67.8194003132
force_impulse_Ns=0.0501862889837
initial_hammer_energy_J=0.130577801726
maximum_mechanical_energy_J=0.132904490454
maximum_mechanical_energy_ratio=1.01781840939
string_energy_at_release_J=0.127766761704
string_energy_at_release_ratio=0.97847229786
final_hammer_energy_J=0.00512725188979
final_string_energy_J=0.118772946173
rebound_velocity_m_s=0.826821374485
physical_f0_hz=261.626
configured_f0_hz=261.626
f0_relative_error=0
integer_spatial_port_pass=1
strike_reset_position_error_m=0",,406.20869884481243,74,lhs_0041,0.006253706546695385,,,,,,,,,,1.276467928930588,4.226774604270775,,,space_filling,FAIL,0.0004948847421340424,723.4124946136471,1.213215108716561
0.8701211752682656,"delay: 84.2806, f0: 261.626, z: 2.3808
status=FAIL
velocity_m_s=2.57111346296
hardness_N_per_mm_p=9915.7687357
p=4.7995200359
epsilon=0.870121175268
tau0_s=4.19253937629e-05
linear_density_kg_m=0.00570008789932
tension_N=659.371330582
force_log=""/var/folders/zh/nj8dx9w152qdp4y5nkg5xm540000gn/T/bbpiano-hammer-search-hpuf8kfj/force_110.txt""
positive_force_samples=22
contact_span_s=0.00047619047619
maximum_force_N=23.8686499992
force_impulse_Ns=0.0039557468403
initial_hammer_energy_J=0.0495796832958
maximum_mechanical_energy_J=0.0498488712959
maximum_mechanical_energy_ratio=1.00542940137
string_energy_at_release_J=0.00991647371052
string_energy_at_release_ratio=0.200010832085
final_hammer_energy_J=0.0399306071074
final_string_energy_J=0.00913445437793
rebound_velocity_m_s=2.30739700694
physical_f0_hz=261.626
configured_f0_hz=261.626
f0_relative_error=0
integer_spatial_port_pass=1
strike_reset_position_error_m=0",,9915.768735700529,75,lhs_0042,0.005700087899315683,,,,,,,,,,0.7865513944243554,4.79952003589537,,,space_filling,FAIL,4.192539376291637e-05,659.3713305815398,0.747575410137545
0.9476038277432157,"delay: 84.2806, f0: 261.626, z: 2.3808
status=FAIL
velocity_m_s=1.75665704021
hardness_N_per_mm_p=304.39314094
p=4.96861277045
epsilon=0.947603827743
tau0_s=8.29764443163e-05
linear_density_kg_m=0.00626973844396
tension_N=725.267022757
force_log=""/var/folders/zh/nj8dx9w152qdp4y5nkg5xm540000gn/T/bbpiano-hammer-search-ug2gduqe/force_80.txt""
positive_force_samples=125
contact_span_s=0.00281179138322
maximum_force_N=41.388804419
force_impulse_Ns=0.0201939759104
initial_hammer_energy_J=0.023143829677
maximum_mechanical_energy_J=0.0238231010531
maximum_mechanical_energy_ratio=1.02934999892
string_energy_at_release_J=0.0225579828568
string_energy_at_release_ratio=0.974686694968
final_hammer_energy_J=0.0012631618264
final_string_energy_J=0.0209944327576
rebound_velocity_m_s=0.410391979519
physical_f0_hz=261.626
configured_f0_hz=261.626
f0_relative_error=0
integer_spatial_port_pass=1
strike_reset_position_error_m=0",,304.39314093963634,76,lhs_0043,0.00626973844395623,,,,,,,,,,1.7566570402147046,4.968612770448971,,,space_filling,FAIL,8.297644431629708e-05,725.2670227569587,1.669609407113969
0.9838922961890921,,False,859.5247079566985,77,lhs_0044,0.006061139717680239,1.0,6.404912867864608,7.13108417362377,6.984126984126984,7.505668934240359,0.028120162852109835,0.4138972809667673,-0.900875479671,0.7061855670103091,0.9738150760496193,3.62689122572079,17.828362260064225,10.58232368867524,space_filling,PASS,3.3427755352379763e-06,701.1368650941747,0.9255596138237249
0.8641305658850674,"delay: 84.2806, f0: 261.626, z: 2.3808
status=FAIL
velocity_m_s=2.91791910908
hardness_N_per_mm_p=1501.48669406
p=4.28282660776
epsilon=0.864130565885
tau0_s=8.83799678629e-05
linear_density_kg_m=0.00599349710805
tension_N=693.312144089
force_log=""/var/folders/zh/nj8dx9w152qdp4y5nkg5xm540000gn/T/bbpiano-hammer-search-0qq3q33p/force_95.txt""
positive_force_samples=97
contact_span_s=0.0021768707483
maximum_force_N=89.5849978016
force_impulse_Ns=0.0237948247764
initial_hammer_energy_J=0.0638568894537
maximum_mechanical_energy_J=0.0810748164899
maximum_mechanical_energy_ratio=1.26963303699
string_energy_at_release_J=0.0677683797491
string_energy_at_release_ratio=1.06125400609
final_hammer_energy_J=0.0132986384126
final_string_energy_J=0.0628540787974
rebound_velocity_m_s=1.33159745732
physical_f0_hz=261.626
configured_f0_hz=261.626
f0_relative_error=0
integer_spatial_port_pass=1
strike_reset_position_error_m=0",,1501.4866940581053,78,lhs_0045,0.0059934971080500225,,,,,,,,,,1.780271516038471,4.282826607758368,,,space_filling,FAIL,8.837996786287146e-05,693.3121440892164,1.6920537147260042
0.9568671314275049,"delay: 84.2806, f0: 261.626, z: 2.3808
status=FAIL
velocity_m_s=4.5644677611
hardness_N_per_mm_p=2282.19383369
p=4.35155440284
epsilon=0.956867131428
tau0_s=1.25380694385e-05
linear_density_kg_m=0.00589662017071
tension_N=682.105672154
force_log=""/var/folders/zh/nj8dx9w152qdp4y5nkg5xm540000gn/T/bbpiano-hammer-search-iyg6vznz/force_110.txt""
positive_force_samples=13
contact_span_s=0.000272108843537
maximum_force_N=50.2103139605
force_impulse_Ns=0.00404449650504
initial_hammer_energy_J=0.156257744566
maximum_mechanical_energy_J=0.158830672533
maximum_mechanical_energy_ratio=1.01646592285
string_energy_at_release_J=0.0204843493942
string_energy_at_release_ratio=0.131093338452
final_hammer_energy_J=0.138342035725
final_string_energy_J=0.0188421483945
rebound_velocity_m_s=4.29483466077
physical_f0_hz=261.626
configured_f0_hz=261.626
f0_relative_error=0
integer_spatial_port_pass=1
strike_reset_position_error_m=0",,2282.1938336890285,79,lhs_0046,0.005896620170712896,,,,,,,,,,1.3963555222338944,4.351554402839032,,,space_filling,FAIL,1.253806943850067e-05,682.1056721535268,1.3271619116457138
0.9355736375177082,"delay: 84.2806, f0: 261.626, z: 2.3808
status=FAIL
velocity_m_s=2.26957146772
hardness_N_per_mm_p=504.44793183
p=3.33991976981
epsilon=0.935573637518
tau0_s=5.86515490536e-05
linear_density_kg_m=0.00581378866667
tension_N=672.523939381
force_log=""/var/folders/zh/nj8dx9w152qdp4y5nkg5xm540000gn/T/bbpiano-hammer-search-e6q3am8g/force_95.txt""
positive_force_samples=110
contact_span_s=0.0024716553288
maximum_force_N=55.9508528328
force_impulse_Ns=0.0216424160088
initial_hammer_energy_J=0.038632159853
maximum_mechanical_energy_J=0.0422018771072
maximum_mechanical_energy_ratio=1.09240273564
string_energy_at_release_J=0.0370719191216
string_energy_at_release_ratio=0.959612904447
final_hammer_energy_J=0.00512628901028
final_string_energy_J=0.0344290605008
rebound_velocity_m_s=0.826743733796
physical_f0_hz=261.626
configured_f0_hz=261.626
f0_relative_error=0
integer_spatial_port_pass=1
strike_reset_position_error_m=0",,504.4479318303007,80,lhs_0047,0.005813788666673756,,,,,,,,,,1.384703717457375,3.339919769805346,,,space_filling,FAIL,5.8651549053567746e-05,672.5239393807892,1.316087488796303
0.9135493058979641,,True,685.2525731860592,81,lhs_0048,0.005888777542312528,1.0,3.6417653976851727,14.3642355728606,3.174603174603179,3.356009070294789,0.0173924856199956,1.0,0.0582464122618,inf,1.2286028200623176,4.484959968047157,14.914195443334968,8.699688067220738,space_filling,PASS,5.26715931169163e-05,681.1984573149226,1.1677218597729704
0.9977465503249101,"delay: 84.2806, f0: 261.626, z: 2.3808
status=FAIL
velocity_m_s=4.77989424056
hardness_N_per_mm_p=3824.67432893
p=3.40733847265
epsilon=0.997746550325
tau0_s=2.29607208944e-05
linear_density_kg_m=0.00650389911528
tension_N=752.354119684
force_log=""/var/folders/zh/nj8dx9w152qdp4y5nkg5xm540000gn/T/bbpiano-hammer-search-hm6yo5am/force_110.txt""
positive_force_samples=7
contact_span_s=0.000136054421769
maximum_force_N=40.2597994696
force_impulse_Ns=0.00259623637866
initial_hammer_energy_J=0.171355417132
maximum_mechanical_energy_J=0.171388323419
maximum_mechanical_energy_ratio=1.00019203529
string_energy_at_release_J=0.0122179592243
string_energy_at_release_ratio=0.0713018556911
final_hammer_energy_J=0.159170363263
final_string_energy_J=0.0112317730306
rebound_velocity_m_s=4.60681181532
physical_f0_hz=261.626
configured_f0_hz=261.626
f0_relative_error=0
integer_spatial_port_pass=1
strike_reset_position_error_m=0",,3824.6743289328756,82,lhs_0049,0.006503899115277125,,,,,,,,,,1.4622584861660661,3.40733847264963,,,space_filling,FAIL,2.296072089438369e-05,752.3541196835273,1.3897991857515337
0.8794970502547188,"delay: 84.2806, f0: 261.626, z: 2.3808
status=FAIL
velocity_m_s=1.00246011441
hardness_N_per_mm_p=36132.2568153
p=4.5286121425
epsilon=0.879497050255
tau0_s=0.000717919359637
linear_density_kg_m=0.00671124494979
tension_N=776.339346088
force_log=""/var/folders/zh/nj8dx9w152qdp4y5nkg5xm540000gn/T/bbpiano-hammer-search-in2p7e3l/force_80.txt""
positive_force_samples=187
contact_span_s=0.00421768707483
maximum_force_N=18.058988195
force_impulse_Ns=0.0231293326172
initial_hammer_energy_J=0.00753694710735
maximum_mechanical_energy_J=0.00755263363426
maximum_mechanical_energy_ratio=1.00208128393
string_energy_at_release_J=0.00536904285613
string_energy_at_release_ratio=0.712363080125
final_hammer_energy_J=0.0021829145963
final_string_energy_J=0.00502175565134
rebound_velocity_m_s=-0.539495393406
physical_f0_hz=261.626
configured_f0_hz=261.626
f0_relative_error=0
integer_spatial_port_pass=1
strike_reset_position_error_m=0",,36132.2568153079,83,lhs_0050,0.006711244949788777,,,,,,,,,,1.0024601144088447,4.528612142497627,,,space_filling,FAIL,0.0007179193596371966,776.3393460883519,0.9527852044864634
0.8740367609443169,"delay: 84.2806, f0: 261.626, z: 2.3808
status=FAIL
velocity_m_s=1.30574835257
hardness_N_per_mm_p=3445.50860854
p=4.74873771856
epsilon=0.874036760944
tau0_s=6.74660067947e-05
linear_density_kg_m=0.00653984277427
tension_N=756.511988592
force_log=""/var/folders/zh/nj8dx9w152qdp4y5nkg5xm540000gn/T/bbpiano-hammer-search-6ufebpk4/force_80.txt""
positive_force_samples=122
contact_span_s=0.00274376417234
maximum_force_N=26.7794903639
force_impulse_Ns=0.0160215664996
initial_hammer_energy_J=0.0127873407018
maximum_mechanical_energy_J=0.01281658065
maximum_mechanical_energy_ratio=1.00228663245
string_energy_at_release_J=0.0123918687988
string_energy_at_release_ratio=0.969073170711
final_hammer_energy_J=0.000423559742708
final_string_energy_J=0.0115300526455
rebound_velocity_m_s=0.23764391926
physical_f0_hz=261.626
configured_f0_hz=261.626
f0_relative_error=0
integer_spatial_port_pass=1
strike_reset_position_error_m=0",,3445.508608535765,84,lhs_0051,0.006539842774266082,,,,,,,,,,1.3057483525684448,4.748737718563195,,,space_filling,FAIL,6.74660067947236e-05,756.5119885922442,1.241044599408764
0.9134831028986851,,True,1156.5241340148664,85,lhs_0052,0.0057655816939214755,1.0,5.172523212607004,24.5644605145425,2.585034013605444,2.6757369614512485,0.018080066229911512,1.0,0.465174258936,inf,1.6890945754157713,3.1556899808572516,14.427146968691579,8.53774152336021,space_filling,PASS,1.2992479321496734e-05,666.9474822579447,1.60539486539425
0.8953755582386789,"delay: 84.2806, f0: 261.626, z: 2.3808
status=FAIL
velocity_m_s=1.91592385771
hardness_N_per_mm_p=4281.39794626
p=4.89201656341
epsilon=0.895375558239
tau0_s=0.00019106433888
linear_density_kg_m=0.00578419628884
tension_N=669.100770144
force_log=""/var/folders/zh/nj8dx9w152qdp4y5nkg5xm540000gn/T/bbpiano-hammer-search-614cjo0s/force_95.txt""
positive_force_samples=103
contact_span_s=0.00231292517007
maximum_force_N=50.4693591764
force_impulse_Ns=0.0168687182456
initial_hammer_energy_J=0.0275307317139
maximum_mechanical_energy_J=0.032423127633
maximum_mechanical_energy_ratio=1.17770671589
string_energy_at_release_J=0.0277231651967
string_energy_at_release_ratio=1.00698977
final_hammer_energy_J=0.00469667381993
final_string_energy_J=0.0257304607361
rebound_velocity_m_s=0.791342641332
physical_f0_hz=261.626
configured_f0_hz=261.626
f0_relative_error=0
integer_spatial_port_pass=1
strike_reset_position_error_m=0",,4281.397946256837,86,lhs_0053,0.005784196288843174,,,,,,,,,,1.168937363668848,4.8920165634113735,,,space_filling,FAIL,0.0001910643388796517,669.1007701437736,1.1110130059706884
0.8715776409160916,"delay: 84.2806, f0: 261.626, z: 2.3808
status=FAIL
velocity_m_s=4.1927392071
hardness_N_per_mm_p=1012.55585995
p=3.39380642028
epsilon=0.871577640916
tau0_s=8.4229647758e-06
linear_density_kg_m=0.00579394353607
tension_N=670.22830633
force_log=""/var/folders/zh/nj8dx9w152qdp4y5nkg5xm540000gn/T/bbpiano-hammer-search-pvmwvqfj/force_110.txt""
positive_force_samples=99
contact_span_s=0.00222222222222
maximum_force_N=108.824728216
force_impulse_Ns=0.0351467058763
initial_hammer_energy_J=0.131842965441
maximum_mechanical_energy_J=0.152498454608
maximum_mechanical_energy_ratio=1.15666735876
string_energy_at_release_J=0.126825215343
string_energy_at_release_ratio=0.961941465129
final_hammer_energy_J=0.0256583581778
final_string_energy_J=0.117656315414
rebound_velocity_m_s=1.84962548201
physical_f0_hz=261.626
configured_f0_hz=261.626
f0_relative_error=0
integer_spatial_port_pass=1
strike_reset_position_error_m=0",,1012.5558599481566,87,lhs_0054,0.005793943536068676,,,,,,,,,,1.2826368487064495,3.3938064202806446,,,space_filling,FAIL,8.422964775795627e-06,670.228306330252,1.2190783399869352
0.8800660502075806,"delay: 84.2806, f0: 261.626, z: 2.3808
status=FAIL
velocity_m_s=3.88535352489
hardness_N_per_mm_p=1318.51663818
p=3.34687020655
epsilon=0.880066050208
tau0_s=0.000302060407097
linear_density_kg_m=0.00676607843104
tension_N=782.682340465
force_log=""/var/folders/zh/nj8dx9w152qdp4y5nkg5xm540000gn/T/bbpiano-hammer-search-_gmflesf/force_110.txt""
positive_force_samples=102
contact_span_s=0.00229024943311
maximum_force_N=115.400934387
force_impulse_Ns=0.0409961500638
initial_hammer_energy_J=0.1132197901
maximum_mechanical_energy_J=0.137219117216
maximum_mechanical_energy_ratio=1.21197113239
string_energy_at_release_J=0.127246727717
string_energy_at_release_ratio=1.12389121728
final_hammer_energy_J=0.0099580646115
final_string_energy_J=0.118104270327
rebound_velocity_m_s=1.15227685397
physical_f0_hz=261.626
configured_f0_hz=261.626
f0_relative_error=0
integer_spatial_port_pass=1
strike_reset_position_error_m=0",,1318.5166381845793,88,lhs_0055,0.006766078431040944,,,,,,,,,,1.1886018555213544,3.3468702065526634,,,space_filling,FAIL,0.0003020604070965609,782.6823404653334,1.1297030631824523
0.8527504090242969,"delay: 84.2806, f0: 261.626, z: 2.3808
status=FAIL
velocity_m_s=5.50801825524
hardness_N_per_mm_p=5528.78688993
p=4.95397875393
epsilon=0.852750409024
tau0_s=2.26498405064e-06
linear_density_kg_m=0.00649462405114
tension_N=751.281204407
force_log=""/var/folders/zh/nj8dx9w152qdp4y5nkg5xm540000gn/T/bbpiano-hammer-search-21633d3y/force_110.txt""
positive_force_samples=90
contact_span_s=0.00201814058957
maximum_force_N=95.7237354474
force_impulse_Ns=0.0403582563661
initial_hammer_energy_J=0.22753698825
maximum_mechanical_energy_J=0.233169528758
maximum_mechanical_energy_ratio=1.0247543951
string_energy_at_release_J=0.173619506102
string_energy_at_release_ratio=0.763038605008
final_hammer_energy_J=0.0595359373332
final_string_energy_J=0.160951587409
rebound_velocity_m_s=2.81746783083
physical_f0_hz=261.626
configured_f0_hz=261.626
f0_relative_error=0
integer_spatial_port_pass=1
strike_reset_position_error_m=0",,5528.786889933975,89,lhs_0056,0.006494624051137394,,,,,,,,,,1.685005154994375,4.953978753925549,,,space_filling,FAIL,2.2649840506413863e-06,751.2812044072948,1.6015080880387949
0.8753419792000298,"delay: 84.2806, f0: 261.626, z: 2.3808
status=FAIL
velocity_m_s=4.35881199364
hardness_N_per_mm_p=1200.7882766
p=3.97414233156
epsilon=0.8753419792
tau0_s=1.04841265667e-05
linear_density_kg_m=0.00580026461368
tension_N=670.959512134
force_log=""/var/folders/zh/nj8dx9w152qdp4y5nkg5xm540000gn/T/bbpiano-hammer-search-3avgczsc/force_110.txt""
positive_force_samples=25
contact_span_s=0.000544217687075
maximum_force_N=40.6242724175
force_impulse_Ns=0.00783379729726
initial_hammer_energy_J=0.142494314969
maximum_mechanical_energy_J=0.143551791667
maximum_mechanical_energy_ratio=1.00742118517
string_energy_at_release_J=0.0331526416503
string_energy_at_release_ratio=0.23265939878
final_hammer_energy_J=0.110393878024
final_string_energy_J=0.0305444784569
rebound_velocity_m_s=3.83655884048
physical_f0_hz=261.626
configured_f0_hz=261.626
f0_relative_error=0
integer_spatial_port_pass=1
strike_reset_position_error_m=0",,1200.788276599567,90,lhs_0057,0.0058002646136804704,,,,,,,,,,1.3334416006966252,3.9741423315612874,,,space_filling,FAIL,1.0484126566744601e-05,670.9595121343061,1.2673655639054537
0.9237919548734856,"delay: 84.2806, f0: 261.626, z: 2.3808
status=FAIL
velocity_m_s=5.47562860862
hardness_N_per_mm_p=2023.84463858
p=4.73579619821
epsilon=0.923791954873
tau0_s=1.01577153484e-05
linear_density_kg_m=0.00636396535061
tension_N=736.166946042
force_log=""/var/folders/zh/nj8dx9w152qdp4y5nkg5xm540000gn/T/bbpiano-hammer-search-_yezi6b0/force_110.txt""
positive_force_samples=12
contact_span_s=0.000249433106576
maximum_force_N=50.2234002254
force_impulse_Ns=0.00469935891884
initial_hammer_energy_J=0.224868814947
maximum_mechanical_energy_J=0.225148929939
maximum_mechanical_energy_ratio=1.00124568181
string_energy_at_release_J=0.0252694710678
string_energy_at_release_ratio=0.112374279527
final_hammer_energy_J=0.199873003283
final_string_energy_J=0.0232426402379
rebound_velocity_m_s=5.16233801403
physical_f0_hz=261.626
configured_f0_hz=261.626
f0_relative_error=0
integer_spatial_port_pass=1
strike_reset_position_error_m=0",,2023.8446385774064,91,lhs_0058,0.006363965350614415,,,,,,,,,,1.6750965601093262,4.735796198207797,,,space_filling,FAIL,1.0157715348410803e-05,736.1669460418696,1.5920904937943674
0.9295962817929382,"delay: 84.2806, f0: 261.626, z: 2.3808
status=FAIL
velocity_m_s=5.90450681992
hardness_N_per_mm_p=359.752401923
p=3.87911389196
epsilon=0.929596281793
tau0_s=0.000677701502789
linear_density_kg_m=0.00611690954278
tension_N=707.58817329
force_log=""/var/folders/zh/nj8dx9w152qdp4y5nkg5xm540000gn/T/bbpiano-hammer-search-l55241mu/force_110.txt""
positive_force_samples=100
contact_span_s=0.00224489795918
maximum_force_N=136.04376843
force_impulse_Ns=0.0544930004341
initial_hammer_energy_J=0.261474005899
maximum_mechanical_energy_J=0.297115214493
maximum_mechanical_energy_ratio=1.13630880237
string_energy_at_release_J=0.258381517082
string_energy_at_release_ratio=0.988172863278
final_hammer_energy_J=0.0387026164078
final_string_energy_J=0.239787516035
rebound_velocity_m_s=2.27164012431
physical_f0_hz=261.626
configured_f0_hz=261.626
f0_relative_error=0
integer_spatial_port_pass=1
strike_reset_position_error_m=0",,359.7524019231897,92,lhs_0059,0.006116909542778442,,,,,,,,,,1.806298375973294,3.8791138919636583,,,space_filling,FAIL,0.000677701502789377,707.5881732899161,1.71679086556992
0.9541542231443929,"delay: 84.2806, f0: 261.626, z: 2.3808
status=FAIL
velocity_m_s=5.21348580678
hardness_N_per_mm_p=19305.2199352
p=4.93986664804
epsilon=0.954154223144
tau0_s=5.56250341626e-05
linear_density_kg_m=0.00671536392697
tension_N=776.815818647
force_log=""/var/folders/zh/nj8dx9w152qdp4y5nkg5xm540000gn/T/bbpiano-hammer-search-chjxuxlr/force_110.txt""
positive_force_samples=5
contact_span_s=9.07029478458e-05
maximum_force_N=57.9324225755
force_impulse_Ns=0.00246042053257
initial_hammer_energy_J=0.203853256931
maximum_mechanical_energy_J=0.209450233556
maximum_mechanical_energy_ratio=1.02745590975
string_energy_at_release_J=0.0182225551769
string_energy_at_release_ratio=0.0893905520632
final_hammer_energy_J=0.191227678379
final_string_energy_J=0.0167516997909
rebound_velocity_m_s=5.04945777127
physical_f0_hz=261.626
configured_f0_hz=261.626
f0_relative_error=0
integer_spatial_port_pass=1
strike_reset_position_error_m=0",,19305.219935194742,93,lhs_0060,0.006715363926974198,,,,,,,,,,1.5949022049005315,4.939866648042287,,,space_filling,FAIL,5.562503416264491e-05,776.8158186472597,1.5158700097790712
0.8783569110153311,"delay: 84.2806, f0: 261.626, z: 2.3808
status=FAIL
velocity_m_s=1.59144330478
hardness_N_per_mm_p=2897.50142008
p=3.25981657384
epsilon=0.878356911015
tau0_s=2.44213787818e-05
linear_density_kg_m=0.00619754056375
tension_N=716.91535991
force_log=""/var/folders/zh/nj8dx9w152qdp4y5nkg5xm540000gn/T/bbpiano-hammer-search-potpvhpy/force_80.txt""
positive_force_samples=105
contact_span_s=0.00235827664399
maximum_force_N=31.7099628005
force_impulse_Ns=0.0151002852248
initial_hammer_energy_J=0.0189951884426
maximum_mechanical_energy_J=0.0191609343468
maximum_mechanical_energy_ratio=1.00872567833
string_energy_at_release_J=0.016594291137
string_energy_at_release_ratio=0.873604975656
final_hammer_energy_J=0.00256456108358
final_string_energy_J=0.0154075448684
rebound_velocity_m_s=0.584757623132
physical_f0_hz=261.626
configured_f0_hz=261.626
f0_relative_error=0
integer_spatial_port_pass=1
strike_reset_position_error_m=0",,2897.501420082955,94,lhs_0061,0.006197540563752381,,,,,,,,,,1.5914433047849488,3.259816573837523,,,space_filling,FAIL,2.4421378781848378e-05,716.9153599096377,1.5125825085542797
0.9725438883655789,"delay: 84.2806, f0: 261.626, z: 2.3808
status=FAIL
velocity_m_s=5.7505600085
hardness_N_per_mm_p=13599.9572743
p=3.4968806263
epsilon=0.972543888366
tau0_s=1.63470793141e-05
linear_density_kg_m=0.00659434450786
tension_N=762.816607264
force_log=""/var/folders/zh/nj8dx9w152qdp4y5nkg5xm540000gn/T/bbpiano-hammer-search-gvnujami/force_110.txt""
positive_force_samples=2
contact_span_s=2.26757369615e-05
maximum_force_N=42.721262701
force_impulse_Ns=0.00110626037724
initial_hammer_energy_J=0.248017053085
maximum_mechanical_energy_J=0.248819621058
maximum_mechanical_energy_ratio=1.00323593867
string_energy_at_release_J=0.00712339092316
string_energy_at_release_ratio=0.0287213755447
final_hammer_energy_J=0.241696230135
final_string_energy_J=0.00654841675472
rebound_velocity_m_s=5.67680931669
physical_f0_hz=261.626
configured_f0_hz=261.626
f0_relative_error=0
integer_spatial_port_pass=1
strike_reset_position_error_m=0",,13599.95727427547,95,lhs_0062,0.006594344507863452,,,,,,,,,,1.7592031851419978,3.496880626301155,,,space_filling,FAIL,1.6347079314100905e-05,762.8166072640743,1.6720293829118429
0.8839971298180999,"delay: 84.2806, f0: 261.626, z: 2.3808
status=FAIL
velocity_m_s=5.34915929136
hardness_N_per_mm_p=704.498193685
p=4.21032787444
epsilon=0.883997129818
tau0_s=2.98011044766e-06
linear_density_kg_m=0.00643853281785
tension_N=744.792716549
force_log=""/var/folders/zh/nj8dx9w152qdp4y5nkg5xm540000gn/T/bbpiano-hammer-search-tf8yfiaz/force_110.txt""
positive_force_samples=106
contact_span_s=0.00238095238095
maximum_force_N=87.2162484406
force_impulse_Ns=0.055265739443
initial_hammer_energy_J=0.214601288433
maximum_mechanical_energy_J=0.214876722704
maximum_mechanical_energy_ratio=1.00128346979
string_energy_at_release_J=0.194063031359
string_energy_at_release_ratio=0.904295742005
final_hammer_energy_J=0.0207861100033
final_string_energy_J=0.180232318095
rebound_velocity_m_s=1.66477666183
physical_f0_hz=261.626
configured_f0_hz=261.626
f0_relative_error=0
integer_spatial_port_pass=1
strike_reset_position_error_m=0",,704.4981936848283,96,lhs_0063,0.006438532817850056,,,,,,,,,,1.6364072454309975,4.2103278744420685,,,space_filling,FAIL,2.98011044766361e-06,744.7927165488758,1.555318350875773
0.9309114512015519,"delay: 84.2806, f0: 261.626, z: 2.3808
status=FAIL
velocity_m_s=1.00165626437
hardness_N_per_mm_p=8131.84375945
p=4.370362385
epsilon=0.930911451202
tau0_s=1.49147135304e-05
linear_density_kg_m=0.00605205272566
tension_N=700.085705511
force_log=""/var/folders/zh/nj8dx9w152qdp4y5nkg5xm540000gn/T/bbpiano-hammer-search-h1hpsnus/force_80.txt""
positive_force_samples=105
contact_span_s=0.00235827664399
maximum_force_N=22.2016311923
force_impulse_Ns=0.00825652694963
initial_hammer_energy_J=0.00752486453967
maximum_mechanical_energy_J=0.00787294079942
maximum_mechanical_energy_ratio=1.04625681405
string_energy_at_release_J=0.006345265043
string_energy_at_release_ratio=0.843239769906
final_hammer_energy_J=0.00152700384095
final_string_energy_J=0.00589028033718
rebound_velocity_m_s=0.451221134397
physical_f0_hz=261.626
configured_f0_hz=261.626
f0_relative_error=0
integer_spatial_port_pass=1
strike_reset_position_error_m=0",,8131.843759452009,97,lhs_0064,0.006052052725661917,,,,,,,,,,1.0016562643719251,4.370362385003034,,,space_filling,FAIL,1.4914713530351394e-05,700.0857055113858,0.9520211876335289
0.9350110239619673,"delay: 84.2806, f0: 261.626, z: 2.3808
status=FAIL
velocity_m_s=2.6006257587
hardness_N_per_mm_p=37436.388832
p=3.01252222646
epsilon=0.935011023962
tau0_s=4.44968992408e-05
linear_density_kg_m=0.00578820925048
tension_N=669.5649791
force_log=""/var/folders/zh/nj8dx9w152qdp4y5nkg5xm540000gn/T/bbpiano-hammer-search-cngx4hkt/force_110.txt""
positive_force_samples=2
contact_span_s=2.26757369615e-05
maximum_force_N=17.9169409039
force_impulse_Ns=0.000540290642348
initial_hammer_energy_J=0.0507244075262
maximum_mechanical_energy_J=0.050972188695
maximum_mechanical_energy_ratio=1.00488485092
string_energy_at_release_J=0.00164314446459
string_energy_at_release_ratio=0.0323935664254
final_hammer_energy_J=0.0493290442305
final_string_energy_J=0.0015105158837
rebound_velocity_m_s=2.56460638255
physical_f0_hz=261.626
configured_f0_hz=261.626
f0_relative_error=0
integer_spatial_port_pass=1
strike_reset_position_error_m=0",,37436.3888319775,98,lhs_0065,0.00578820925047819,,,,,,,,,,0.7955797541991089,3.0125222264585143,,,space_filling,FAIL,4.4496899240802646e-05,669.5649790997742,0.7561563875654984
0.9749772738717266,,True,1197.2914969026442,99,lhs_0066,0.006285092803301542,1.0,3.392785728022544,13.9102780743679,2.9251700680272057,3.1519274376417186,0.011610957307039512,1.0,0.122780601546,inf,0.9073586376121434,4.482850789291366,12.943113242748193,7.084355524184088,space_filling,PASS,8.95987484736595e-05,727.0431750778661,0.8623962915369007
0.9949783676198987,,True,325.74310658216126,100,lhs_0067,0.0057179569831410735,1.0,3.1780220968168873,5.4984254139115,1.292517006802725,1.5419501133786886,0.0037755782923504064,1.0,1.10277305095,inf,1.3586343061061248,4.62581876325674,8.552002236517481,4.968756712703263,space_filling,PASS,6.834099908045827e-06,661.4383796843501,1.2913098950864623
0.9162544425591591,"delay: 84.2806, f0: 261.626, z: 2.3808
status=FAIL
velocity_m_s=0.747377873925
hardness_N_per_mm_p=35939.1500501
p=3.09899486797
epsilon=0.916254442559
tau0_s=0.000612318562962
linear_density_kg_m=0.00657052008553
tension_N=760.060660105
force_log=""/var/folders/zh/nj8dx9w152qdp4y5nkg5xm540000gn/T/bbpiano-hammer-search-pjukq_eh/force_50.txt""
positive_force_samples=104
contact_span_s=0.00233560090703
maximum_force_N=13.1231635931
force_impulse_Ns=0.0079449642032
initial_hammer_energy_J=0.00418930264825
maximum_mechanical_energy_J=0.00433020666378
maximum_mechanical_energy_ratio=1.03363424115
string_energy_at_release_J=0.00397428138809
string_energy_at_release_ratio=0.948673734459
final_hammer_energy_J=0.000355494066653
final_string_energy_J=0.003690809751
rebound_velocity_m_s=0.217713593712
physical_f0_hz=261.626
configured_f0_hz=261.626
f0_relative_error=0
integer_spatial_port_pass=1
strike_reset_position_error_m=0",,35939.15005012129,101,lhs_0068,0.006570520085528405,,,,,,,,,,1.5060539248062645,3.0989948679651227,,,space_filling,FAIL,0.0006123185629621755,760.0606601045081,1.4314244288515874
0.884883393251126,,False,420.6103889637428,102,lhs_0069,0.006675669047544057,1.0,1.535917845653573,7.60595985151397,6.349206349206353,6.530612244897959,0.02493659668145507,0.36111111111111094,-0.766379417289,0.5652173913043474,0.8961181261505717,3.149173249909858,6.857883728426727,4.906626794595301,space_filling,PASS,0.00022470967585402988,772.2240183225193,0.8517127811832128
0.9549480289990586,"delay: 84.2806, f0: 261.626, z: 2.3808
status=FAIL
velocity_m_s=5.67460703739
hardness_N_per_mm_p=1523.72431663
p=3.67696964034
epsilon=0.954948028999
tau0_s=7.97293369092e-06
linear_density_kg_m=0.00628148136231
tension_N=726.625412985
force_log=""/var/folders/zh/nj8dx9w152qdp4y5nkg5xm540000gn/T/bbpiano-hammer-search-e_gljywl/force_110.txt""
positive_force_samples=12
contact_span_s=0.000249433106576
maximum_force_N=75.526090086
force_impulse_Ns=0.00517593830655
initial_hammer_energy_J=0.241508737716
maximum_mechanical_energy_J=0.2496934661
maximum_mechanical_energy_ratio=1.03388998866
string_energy_at_release_J=0.0366571179707
string_energy_at_release_ratio=0.151783816674
final_hammer_energy_J=0.213030333022
final_string_energy_J=0.0337120913444
rebound_velocity_m_s=5.32954448362
physical_f0_hz=261.626
configured_f0_hz=261.626
f0_relative_error=0
integer_spatial_port_pass=1
strike_reset_position_error_m=0",,1523.724316628483,103,lhs_0070,0.006281481362312823,,,,,,,,,,1.7359677596353584,3.6769696403361807,,,space_filling,FAIL,7.972933690921412e-06,726.6254129850508,1.6499453425351058
0.8726367877216316,"delay: 84.2806, f0: 261.626, z: 2.3808
status=FAIL
velocity_m_s=1.04573701594
hardness_N_per_mm_p=12134.0947534
p=3.29647161951
epsilon=0.872636787722
tau0_s=1.94589240694e-05
linear_density_kg_m=0.00677181205021
tension_N=783.345590606
force_log=""/var/folders/zh/nj8dx9w152qdp4y5nkg5xm540000gn/T/bbpiano-hammer-search-xl9lf0da/force_80.txt""
positive_force_samples=101
contact_span_s=0.00226757369615
maximum_force_N=21.9553026397
force_impulse_Ns=0.0098804431155
initial_hammer_energy_J=0.00820174429882
maximum_mechanical_energy_J=0.00830330016872
maximum_mechanical_energy_ratio=1.01238222824
string_energy_at_release_J=0.0071788637539
string_energy_at_release_ratio=0.875284999428
final_hammer_energy_J=0.00112350440433
final_string_energy_J=0.00666241157047
rebound_velocity_m_s=0.387040808241
physical_f0_hz=261.626
configured_f0_hz=261.626
f0_relative_error=0
integer_spatial_port_pass=1
strike_reset_position_error_m=0",,12134.094753381847,104,lhs_0071,0.0067718120502135975,,,,,,,,,,1.0457370159408867,3.29647161951451,,,space_filling,FAIL,1.9458924069422326e-05,783.345590606331,0.9939176055496847
0.8923937335551538,"delay: 84.2806, f0: 261.626, z: 2.3808
status=FAIL
velocity_m_s=1.88828500903
hardness_N_per_mm_p=4883.32290387
p=4.32329263971
epsilon=0.892393733555
tau0_s=7.61255376267e-06
linear_density_kg_m=0.0057454152788
tension_N=664.614683851
force_log=""/var/folders/zh/nj8dx9w152qdp4y5nkg5xm540000gn/T/bbpiano-hammer-search-1w9rwj1w/force_80.txt""
positive_force_samples=105
contact_span_s=0.00235827664399
maximum_force_N=41.3159149288
force_impulse_Ns=0.0167096083055
initial_hammer_energy_J=0.0267421520648
maximum_mechanical_energy_J=0.0286430571572
maximum_mechanical_energy_ratio=1.07108272692
string_energy_at_release_J=0.0241432490049
string_energy_at_release_ratio=0.902816233575
final_hammer_energy_J=0.0044966828523
final_string_energy_J=0.0224124489994
rebound_velocity_m_s=0.774311121992
physical_f0_hz=261.626
configured_f0_hz=261.626
f0_relative_error=0
integer_spatial_port_pass=1
strike_reset_position_error_m=0",,4883.322903867622,105,lhs_0072,0.00574541527880105,,,,,,,,,,1.8882850090257661,4.3232926397118,,,space_filling,FAIL,7.6125537626702635e-06,664.6146838509918,1.7947148146779814
0.888400939207952,"delay: 84.2806, f0: 261.626, z: 2.3808
status=FAIL
velocity_m_s=1.89440057962
hardness_N_per_mm_p=13099.3775707
p=4.78203307148
epsilon=0.888400939208
tau0_s=0.000304909145217
linear_density_kg_m=0.00602491361169
tension_N=696.946323451
force_log=""/var/folders/zh/nj8dx9w152qdp4y5nkg5xm540000gn/T/bbpiano-hammer-search-wh_n5d8k/force_95.txt""
positive_force_samples=95
contact_span_s=0.00213151927438
maximum_force_N=32.4321609192
force_impulse_Ns=0.0145564381489
initial_hammer_energy_J=0.0269156516706
maximum_mechanical_energy_J=0.0275229691284
maximum_mechanical_energy_ratio=1.02256372854
string_energy_at_release_J=0.0211174761403
string_energy_at_release_ratio=0.784579782751
final_hammer_energy_J=0.0064029231902
final_string_energy_J=0.0195855640983
rebound_velocity_m_s=0.923971369701
physical_f0_hz=261.626
configured_f0_hz=261.626
f0_relative_error=0
integer_spatial_port_pass=1
strike_reset_position_error_m=0",,13099.377570715402,106,lhs_0073,0.006024913611686635,,,,,,,,,,1.1558056497769147,4.782033071481507,,,space_filling,FAIL,0.00030490914521746193,696.9463234511838,1.0985320079479775
0.9651642499515984,,True,15625.625019669476,107,lhs_0074,0.006689411907681882,1.0,4.0745678632232165,5.99641920995359,1.360544217687075,1.4285714285714288,0.004262932534297657,1.0,0.648816312501,inf,0.9375461975808106,3.743343073160568,15.63512125894186,8.27996104579054,space_filling,PASS,6.4056564031036725e-06,773.8137566099169,0.8910879672298087
0.9450182222123122,"delay: 84.2806, f0: 261.626, z: 2.3808
status=FAIL
velocity_m_s=1.76757192825
hardness_N_per_mm_p=2880.35887419
p=4.34196486677
epsilon=0.945018222212
tau0_s=0.000136722633112
linear_density_kg_m=0.00674107822312
tension_N=779.79038149
force_log=""/var/folders/zh/nj8dx9w152qdp4y5nkg5xm540000gn/T/bbpiano-hammer-search-me46j_jq/force_80.txt""
positive_force_samples=104
contact_span_s=0.00233560090703
maximum_force_N=38.4586880331
force_impulse_Ns=0.0172046909136
initial_hammer_energy_J=0.0234323289116
maximum_mechanical_energy_J=0.0241036271707
maximum_mechanical_energy_ratio=1.02864837983
string_energy_at_release_J=0.0212123108648
string_energy_at_release_ratio=0.905258326855
final_hammer_energy_J=0.00288851319957
final_string_energy_J=0.0196938439406
rebound_velocity_m_s=0.620592534015
physical_f0_hz=261.626
configured_f0_hz=261.626
f0_relative_error=0
integer_spatial_port_pass=1
strike_reset_position_error_m=0",,2880.3588741856906,108,lhs_0075,0.006741078223122183,,,,,,,,,,1.7675719282529676,4.341964866769446,,,space_filling,FAIL,0.0001367226331120728,779.7903814900714,1.6799834296631015
0.9432602112466951,,False,14130.979453416443,109,lhs_0076,0.006444616273181425,1.0,3.8826960864737092,6.56280774846742,0.7709750566893421,0.8390022675736959,0.002948058150818907,1.0,0.975326774551,inf,1.1768254619614928,4.36594536679374,9.016685970159482,6.182052944303656,space_filling,PASS,2.194410188688361e-05,745.4964348260728,1.1185102252981616
0.9806997567435731,,False,2577.158218516575,110,lhs_0077,0.006394773505560829,1.0,3.4837679661899603,9.15834756619398,1.043083900226754,1.1337868480725588,0.004488220957601025,1.0,1.13068358596,inf,1.4368234494822105,3.6043284433894724,9.358850905802548,5.894268327496191,space_filling,PASS,7.2788786439741764e-06,739.7307532109165,1.3656245315387434
0.854717808837387,"delay: 84.2806, f0: 261.626, z: 2.3808
status=FAIL
velocity_m_s=2.99121149414
hardness_N_per_mm_p=4358.61942332
p=3.00227641622
epsilon=0.854717808837
tau0_s=4.38690915356e-06
linear_density_kg_m=0.00613657276498
tension_N=709.862763649
force_log=""/var/folders/zh/nj8dx9w152qdp4y5nkg5xm540000gn/T/bbpiano-hammer-search-qpp9tdrc/force_95.txt""
positive_force_samples=96
contact_span_s=0.00215419501134
maximum_force_N=56.9610002327
force_impulse_Ns=0.0249684456023
initial_hammer_energy_J=0.06710509652
maximum_mechanical_energy_J=0.0693570261747
maximum_mechanical_energy_ratio=1.03355825074
string_energy_at_release_J=0.0561493281762
string_energy_at_release_ratio=0.836737164361
final_hammer_energy_J=0.0131999709034
final_string_energy_J=0.0520820245953
rebound_velocity_m_s=1.32664845398
physical_f0_hz=261.626
configured_f0_hz=261.626
f0_relative_error=2.17269762412e-16
integer_spatial_port_pass=1
strike_reset_position_error_m=0",,4358.6194233214455,111,lhs_0078,0.006136572764975716,,,,,,,,,,1.824988432640483,3.002276416216323,,,space_filling,FAIL,4.3869091535596075e-06,709.8627636493549,1.7345547737868694
0.9629128054646968,"delay: 84.2806, f0: 261.626, z: 2.3808
status=FAIL
velocity_m_s=1.55556227667
hardness_N_per_mm_p=3228.02653059
p=4.9634649136
epsilon=0.962912805465
tau0_s=0.000209563926647
linear_density_kg_m=0.00576408084118
tension_N=666.77386752
force_log=""/var/folders/zh/nj8dx9w152qdp4y5nkg5xm540000gn/T/bbpiano-hammer-search-tekxyw1e/force_80.txt""
positive_force_samples=108
contact_span_s=0.00242630385488
maximum_force_N=38.8632772907
force_impulse_Ns=0.0143519573821
initial_hammer_energy_J=0.0181483049745
maximum_mechanical_energy_J=0.0205781349373
maximum_mechanical_energy_ratio=1.13388743281
string_energy_at_release_J=0.0178872621157
string_energy_at_release_ratio=0.98561613004
final_hammer_energy_J=0.00268889749779
final_string_energy_J=0.0166091115255
rebound_velocity_m_s=0.598765117865
physical_f0_hz=261.626
configured_f0_hz=261.626
f0_relative_error=0
integer_spatial_port_pass=1
strike_reset_position_error_m=0",,3228.0265305880075,112,lhs_0079,0.00576408084118451,,,,,,,,,,1.5555622766701953,4.963464913603382,,,space_filling,FAIL,0.0002095639266466069,666.7738675201265,1.4784794931643255
0.8694029794792858,"delay: 84.2806, f0: 261.626, z: 2.3808
status=FAIL
velocity_m_s=3.70439384939
hardness_N_per_mm_p=1564.6923882
p=4.46321192845
epsilon=0.869402979479
tau0_s=0.000187970591117
linear_density_kg_m=0.00645205056493
tension_N=746.356414343
force_log=""/var/folders/zh/nj8dx9w152qdp4y5nkg5xm540000gn/T/bbpiano-hammer-search-q65x1mta/force_110.txt""
positive_force_samples=94
contact_span_s=0.00210884353741
maximum_force_N=58.38686381
force_impulse_Ns=0.0294981602435
initial_hammer_energy_J=0.102919003436
maximum_mechanical_energy_J=0.102978032488
maximum_mechanical_energy_ratio=1.00057354862
string_energy_at_release_J=0.0803182515664
string_energy_at_release_ratio=0.780402538747
final_hammer_energy_J=0.0226509153195
final_string_energy_J=0.0744853524119
rebound_velocity_m_s=1.73784983315
physical_f0_hz=261.626
configured_f0_hz=261.626
f0_relative_error=0
integer_spatial_port_pass=1
strike_reset_position_error_m=0",,1564.6923882004303,113,lhs_0080,0.0064520505649266245,,,,,,,,,,1.1332429275119693,4.463211928448153,,,space_filling,FAIL,0.0001879705911166159,746.3564143433276,1.0770873363465996
0.869062318904422,"delay: 84.2806, f0: 261.626, z: 2.3808
status=FAIL
velocity_m_s=4.23459151316
hardness_N_per_mm_p=363.770574814
p=3.78812835424
epsilon=0.869062318904
tau0_s=8.18815049532e-06
linear_density_kg_m=0.00573988830254
tension_N=663.975337624
force_log=""/var/folders/zh/nj8dx9w152qdp4y5nkg5xm540000gn/T/bbpiano-hammer-search-uctsdky6/force_110.txt""
positive_force_samples=107
contact_span_s=0.00240362811791
maximum_force_N=72.5992619143
force_impulse_Ns=0.0393924062124
initial_hammer_energy_J=0.134488239625
maximum_mechanical_energy_J=0.134525835821
maximum_mechanical_energy_ratio=1.00027955007
string_energy_at_release_J=0.115106975277
string_energy_at_release_ratio=0.855888779556
final_hammer_energy_J=0.0194028795016
final_string_energy_J=0.10689915369
rebound_velocity_m_s=1.608431099
physical_f0_hz=261.626
configured_f0_hz=261.626
f0_relative_error=0
integer_spatial_port_pass=1
strike_reset_position_error_m=0",,363.7705748143445,114,lhs_0081,0.00573988830253786,,,,,,,,,,1.2954402469865889,3.7881283542404027,,,space_filling,FAIL,8.188150495324202e-06,663.9753376238591,1.2312472914226318
0.9362056837755796,"delay: 84.2806, f0: 261.626, z: 2.3808
status=FAIL
velocity_m_s=1.80062645154
hardness_N_per_mm_p=5699.45028486
p=3.55918631785
epsilon=0.936205683776
tau0_s=0.000603730666176
linear_density_kg_m=0.00665897509625
tension_N=770.292905492
force_log=""/var/folders/zh/nj8dx9w152qdp4y5nkg5xm540000gn/T/bbpiano-hammer-search-p0379qu1/force_95.txt""
positive_force_samples=115
contact_span_s=0.00258503401361
maximum_force_N=31.46721374
force_impulse_Ns=0.0227765123064
initial_hammer_energy_J=0.0243169171348
maximum_mechanical_energy_J=0.0251024407302
maximum_mechanical_energy_ratio=1.03230358483
string_energy_at_release_J=0.0245033428039
string_energy_at_release_ratio=1.00766650098
final_hammer_energy_J=0.000597243696926
final_string_energy_J=0.022776382627
rebound_velocity_m_s=0.282192297775
physical_f0_hz=261.626
configured_f0_hz=261.626
f0_relative_error=0
integer_spatial_port_pass=1
strike_reset_position_error_m=0",,5699.4502848634265,115,lhs_0082,0.00665897509624787,,,,,,,,,,1.0985924773291893,3.5591863178508873,,,space_filling,FAIL,0.0006037306661761841,770.292905491759,1.0441539200556016
0.9179414340784526,,False,22761.12852163594,116,lhs_0083,0.006092626659614162,1.0,4.7902578914536855,9.74286593975087,0.7709750566893431,0.8616780045351478,0.003412403552533336,1.0,1.09115604512,inf,1.326014204280709,4.8032251141656905,10.544480573408238,7.234000825894848,space_filling,PASS,9.645242605082957e-06,704.7791925750206,1.2603062172928317
0.8568327439942701,"delay: 84.2806, f0: 261.626, z: 2.3808
status=FAIL
velocity_m_s=0.631469222273
hardness_N_per_mm_p=22280.6459502
p=3.66034260544
epsilon=0.856832743994
tau0_s=3.53674308253e-05
linear_density_kg_m=0.00587323931796
tension_N=679.401035968
force_log=""/var/folders/zh/nj8dx9w152qdp4y5nkg5xm540000gn/T/bbpiano-hammer-search-hpavov36/force_65.txt""
positive_force_samples=117
contact_span_s=0.00263038548753
maximum_force_N=13.2509779578
force_impulse_Ns=0.00697058537557
initial_hammer_energy_J=0.00299065034008
maximum_mechanical_energy_J=0.00310508374863
maximum_mechanical_energy_ratio=1.03826372044
string_energy_at_release_J=0.00289621896791
string_energy_at_release_ratio=0.968424469119
final_hammer_energy_J=0.000208575563457
final_string_energy_J=0.00269251505688
rebound_velocity_m_s=0.166763530568
physical_f0_hz=261.626
configured_f0_hz=261.626
f0_relative_error=0
integer_spatial_port_pass=1
strike_reset_position_error_m=0",,22280.645950241444,117,lhs_0084,0.005873239317956526,,,,,,,,,,0.9280985329763433,3.660342605440218,,,space_filling,FAIL,3.536743082530308e-05,679.4010359681885,0.8821084627859882
0.8673468272997267,"delay: 84.2806, f0: 261.626, z: 2.3808
status=FAIL
velocity_m_s=2.2942638543
hardness_N_per_mm_p=7622.34773983
p=4.16956624292
epsilon=0.8673468273
tau0_s=0.000238514256906
linear_density_kg_m=0.00620288845816
tension_N=717.533990414
force_log=""/var/folders/zh/nj8dx9w152qdp4y5nkg5xm540000gn/T/bbpiano-hammer-search-_94q74oc/force_95.txt""
positive_force_samples=92
contact_span_s=0.00206349206349
maximum_force_N=36.0460351005
force_impulse_Ns=0.0169819048242
initial_hammer_energy_J=0.0394773497486
maximum_mechanical_energy_J=0.0397594030764
maximum_mechanical_energy_ratio=1.00714468751
string_energy_at_release_J=0.029627905357
string_energy_at_release_ratio=0.750503910362
final_hammer_energy_J=0.0101292157152
final_string_energy_J=0.0274715009095
rebound_velocity_m_s=1.16213686602
physical_f0_hz=261.626
configured_f0_hz=261.626
f0_relative_error=0
integer_spatial_port_pass=1
strike_reset_position_error_m=0",,7622.347739829026,118,lhs_0085,0.006202888458161335,,,,,,,,,,1.3997689577370243,4.169566242924356,,,space_filling,FAIL,0.00023851425690624232,717.5339904140313,1.330406201166169
0.9636943808466806,"delay: 84.2806, f0: 261.626, z: 2.3808
status=FAIL
velocity_m_s=1.17714923631
hardness_N_per_mm_p=2732.12822574
p=4.81495454278
epsilon=0.963694380847
tau0_s=5.5379392217e-06
linear_density_kg_m=0.00586942126763
tension_N=678.959373845
force_log=""/var/folders/zh/nj8dx9w152qdp4y5nkg5xm540000gn/T/bbpiano-hammer-search-nb2ll82w/force_65.txt""
positive_force_samples=126
contact_span_s=0.00283446712018
maximum_force_N=29.4990429668
force_impulse_Ns=0.012759981101
initial_hammer_energy_J=0.010392602434
maximum_mechanical_energy_J=0.0112017484351
maximum_mechanical_energy_ratio=1.07785788076
string_energy_at_release_J=0.010401296815
string_energy_at_release_ratio=1.00083659324
final_hammer_energy_J=0.000799437682291
final_string_energy_J=0.00968165707988
rebound_velocity_m_s=0.326483829572
physical_f0_hz=261.626
configured_f0_hz=261.626
f0_relative_error=0
integer_spatial_port_pass=1
strike_reset_position_error_m=0",,2732.1282257423813,119,lhs_0086,0.005869421267627719,,,,,,,,,,1.7301088331402106,4.814954542784649,,,space_filling,FAIL,5.537939221698943e-06,678.9593738447262,1.6443767434472085
0.9194538907108022,"delay: 84.2806, f0: 261.626, z: 2.3808
status=FAIL
velocity_m_s=3.99668941864
hardness_N_per_mm_p=13014.8634104
p=3.50320843552
epsilon=0.919453890711
tau0_s=4.80793431227e-05
linear_density_kg_m=0.00669282952974
tension_N=774.209098233
force_log=""/var/folders/zh/nj8dx9w152qdp4y5nkg5xm540000gn/T/bbpiano-hammer-search-patr6zpt/force_110.txt""
positive_force_samples=8
contact_span_s=0.00015873015873
maximum_force_N=40.5909146515
force_impulse_Ns=0.00309973631173
initial_hammer_energy_J=0.119801447318
maximum_mechanical_energy_J=0.121549308953
maximum_mechanical_energy_ratio=1.01458965375
string_energy_at_release_J=0.0138156577074
string_energy_at_release_ratio=0.115321292161
final_hammer_energy_J=0.10773304284
final_string_energy_J=0.0127010738626
rebound_velocity_m_s=3.79004033119
physical_f0_hz=261.626
configured_f0_hz=261.626
f0_relative_error=0
integer_spatial_port_pass=1
strike_reset_position_error_m=0",,13014.863410352695,120,lhs_0087,0.006692829529738951,,,,,,,,,,1.222661574681174,3.503208435523985,,,space_filling,FAIL,4.8079343122666854e-05,774.209098233239,1.162075020947153
0.8768900830875813,"delay: 84.2806, f0: 261.626, z: 2.3808
status=FAIL
velocity_m_s=3.01015777531
hardness_N_per_mm_p=934.352456844
p=4.0721599895
epsilon=0.876890083088
tau0_s=6.39104634824e-05
linear_density_kg_m=0.00607751704331
tension_N=703.031351492
force_log=""/var/folders/zh/nj8dx9w152qdp4y5nkg5xm540000gn/T/bbpiano-hammer-search-anel7ca5/force_110.txt""
positive_force_samples=99
contact_span_s=0.00222222222222
maximum_force_N=67.8916394817
force_impulse_Ns=0.0251186201666
initial_hammer_energy_J=0.0679578737418
maximum_mechanical_energy_J=0.0733312988516
maximum_mechanical_energy_ratio=1.07906994163
string_energy_at_release_J=0.0599451881452
string_energy_at_release_ratio=0.882093344665
final_hammer_energy_J=0.0133783665781
final_string_energy_J=0.0556208565137
rebound_velocity_m_s=1.33558309753
physical_f0_hz=261.626
configured_f0_hz=261.626
f0_relative_error=0
integer_spatial_port_pass=1
strike_reset_position_error_m=0",,934.3524568444501,121,lhs_0088,0.006077517043312782,,,,,,,,,,0.9208632095431235,4.072159989496574,,,space_filling,FAIL,6.391046348244553e-05,703.031351492357,0.875231671362809
0.9835875123800437,,True,2658.985459381356,122,lhs_0089,0.0066401497468308235,1.0,3.808738870589206,9.85500148316537,2.947845804988661,3.2653061224489788,0.009751851933342201,1.0,0.101051390015,inf,0.7586238605223924,4.063137081741067,16.481640912718408,9.375616602643587,space_filling,PASS,4.311708734487908e-06,768.1152380745126,0.7210317694309261
0.9554509133968097,"delay: 84.2806, f0: 261.626, z: 2.3808
status=FAIL
velocity_m_s=1.09025749321
hardness_N_per_mm_p=907.229473108
p=4.18201462088
epsilon=0.955450913397
tau0_s=2.4168951344e-05
linear_density_kg_m=0.00592826279614
tension_N=685.766008696
force_log=""/var/folders/zh/nj8dx9w152qdp4y5nkg5xm540000gn/T/bbpiano-hammer-search-fouxj69v/force_65.txt""
positive_force_samples=124
contact_span_s=0.00278911564626
maximum_force_N=26.6091959464
force_impulse_Ns=0.0110770793512
initial_hammer_energy_J=0.0089149605112
maximum_mechanical_energy_J=0.00924060366043
maximum_mechanical_energy_ratio=1.0365277164
string_energy_at_release_J=0.00831170972098
string_energy_at_release_ratio=0.932332758013
final_hammer_energy_J=0.00092814797748
final_string_energy_J=0.00773497358662
rebound_velocity_m_s=0.351785536462
physical_f0_hz=261.626
configured_f0_hz=261.626
f0_relative_error=0
integer_spatial_port_pass=1
strike_reset_position_error_m=0",,907.2294731078546,123,lhs_0090,0.005928262796139394,,,,,,,,,,1.6024001555764578,4.182014620877492,,,space_filling,FAIL,2.4168951344004567e-05,685.7660086955419,1.5229964144761843
0.9090927143622031,"delay: 84.2806, f0: 261.626, z: 2.3808
status=FAIL
velocity_m_s=1.75164439949
hardness_N_per_mm_p=17330.9534832
p=4.49754909925
epsilon=0.909092714362
tau0_s=0.000457872401065
linear_density_kg_m=0.00679248810861
tension_N=785.73734322
force_log=""/var/folders/zh/nj8dx9w152qdp4y5nkg5xm540000gn/T/bbpiano-hammer-search-bp15plvr/force_80.txt""
positive_force_samples=97
contact_span_s=0.0021768707483
maximum_force_N=44.7773266327
force_impulse_Ns=0.015955304996
initial_hammer_energy_J=0.0230119357671
maximum_mechanical_energy_J=0.0260137514229
maximum_mechanical_energy_ratio=1.13044602967
string_energy_at_release_J=0.0224606195764
string_energy_at_release_ratio=0.976042163674
final_hammer_energy_J=0.00354964037911
final_string_energy_J=0.0208348228678
rebound_velocity_m_s=0.687957399757
physical_f0_hz=261.626
configured_f0_hz=261.626
f0_relative_error=0
integer_spatial_port_pass=1
strike_reset_position_error_m=0",,17330.953483154655,124,lhs_0091,0.006792488108606715,,,,,,,,,,1.7516443994936945,4.497549099246771,,,space_filling,FAIL,0.00045787240106463323,785.7373432204422,1.664845157797974
0.9289090488199351,"delay: 84.2806, f0: 261.626, z: 2.3808
status=FAIL
velocity_m_s=1.32684775571
hardness_N_per_mm_p=3344.72349147
p=4.29432447927
epsilon=0.92890904882
tau0_s=4.09325385042e-05
linear_density_kg_m=0.00650093338145
tension_N=752.011051314
force_log=""/var/folders/zh/nj8dx9w152qdp4y5nkg5xm540000gn/T/bbpiano-hammer-search-c30eevu2/force_95.txt""
positive_force_samples=102
contact_span_s=0.00229024943311
maximum_force_N=31.0418367405
force_impulse_Ns=0.0112078748588
initial_hammer_energy_J=0.0132039372512
maximum_mechanical_energy_J=0.0139159348087
maximum_mechanical_energy_ratio=1.05392312489
string_energy_at_release_J=0.0113946391273
string_energy_at_release_ratio=0.86297283231
final_hammer_energy_J=0.00252000894357
final_string_energy_J=0.0105750474424
rebound_velocity_m_s=0.579656098455
physical_f0_hz=261.626
configured_f0_hz=261.626
f0_relative_error=0
integer_spatial_port_pass=1
strike_reset_position_error_m=0",,3344.723491472502,125,lhs_0092,0.006500933381445321,,,,,,,,,,0.8095321279648579,4.294324479273508,,,space_filling,FAIL,4.0932538504184136e-05,752.0110513138164,0.7694173793001271
0.945720559763772,"delay: 84.2806, f0: 261.626, z: 2.3808
status=FAIL
velocity_m_s=1.38845030829
hardness_N_per_mm_p=7406.20801145
p=3.4518019109
epsilon=0.945720559764
tau0_s=0.000202144422822
linear_density_kg_m=0.00663794000994
tension_N=767.859621463
force_log=""/var/folders/zh/nj8dx9w152qdp4y5nkg5xm540000gn/T/bbpiano-hammer-search-9lwzj_1m/force_80.txt""
positive_force_samples=98
contact_span_s=0.00219954648526
maximum_force_N=42.9986226941
force_impulse_Ns=0.0127555880011
initial_hammer_energy_J=0.0144584569395
maximum_mechanical_energy_J=0.0177403695609
maximum_mechanical_energy_ratio=1.22698913412
string_energy_at_release_J=0.015567000404
string_energy_at_release_ratio=1.07667093862
final_hammer_energy_J=0.00217145768868
final_string_energy_J=0.0144408033058
rebound_velocity_m_s=0.538077774884
physical_f0_hz=261.626
configured_f0_hz=261.626
f0_relative_error=0
integer_spatial_port_pass=1
strike_reset_position_error_m=0",,7406.208011448787,126,lhs_0093,0.006637940009941188,,,,,,,,,,1.3884503082911404,3.4518019108978035,,,space_filling,FAIL,0.0002021444228224304,767.8596214631742,1.3196484248000075
0.8680169918361464,,False,593.1739086818225,127,lhs_0094,0.0061941227383876625,1.0,1.808521052244024,8.18889184123636,6.439909297052151,6.643990929705219,0.0288089586958913,0.6313993174061427,-0.906114255944,1.7129629629629588,1.0145733855670875,3.6966410322962417,9.530286876445668,5.199375259429452,space_filling,PASS,0.00014554743395856962,716.5199947682158,0.9642982266722013
0.9241032979620145,"delay: 84.2806, f0: 261.626, z: 2.3808
status=FAIL
velocity_m_s=0.739389341705
hardness_N_per_mm_p=21634.3024818
p=3.17019441415
epsilon=0.924103297962
tau0_s=5.58704002967e-06
linear_density_kg_m=0.00618457002611
tension_N=715.414961878
force_log=""/var/folders/zh/nj8dx9w152qdp4y5nkg5xm540000gn/T/bbpiano-hammer-search-a95h6syq/force_50.txt""
positive_force_samples=116
contact_span_s=0.00260770975057
maximum_force_N=17.2488369142
force_impulse_Ns=0.00857141621018
initial_hammer_energy_J=0.00410022448971
maximum_mechanical_energy_J=0.00443145583802
maximum_mechanical_energy_ratio=1.08078371054
string_energy_at_release_J=0.00421944454578
string_energy_at_release_ratio=1.02907647042
final_hammer_energy_J=0.00021158322885
final_string_energy_J=0.00392091931202
rebound_velocity_m_s=0.16796159436
physical_f0_hz=261.626
configured_f0_hz=261.626
f0_relative_error=0
integer_spatial_port_pass=1
strike_reset_position_error_m=0",,21634.30248178635,128,lhs_0095,0.0061845700261065895,,,,,,,,,,1.4899560970230954,3.1701944141466036,,,space_filling,FAIL,5.58704002966574e-06,715.4149618777249,1.4161242967907528
0.9199949442825163,,True,2195.0643123811237,129,lhs_0096,0.00616945431062302,1.0,4.953011883182393,10.5975097125641,3.356009070294783,3.4693877551020385,0.015421888412037387,1.0,-0.0691493567184,inf,0.9669880534209704,3.653301910911526,13.828568542792214,8.341278738772132,space_filling,PASS,0.00010168496521270285,713.6664152575421,0.9190708906737701
0.9962320184962422,,True,387.2931815481521,130,lhs_0097,0.006621533130075383,1.0,2.7041634757761814,8.67698485196738,2.267573696145125,2.517006802721089,0.005288436158000478,1.0,0.532609935088,inf,0.8917313983826758,3.205704497591465,7.838020660335769,4.612333996436844,space_filling,PASS,1.1838706656722039e-05,765.9617163082194,0.8475434289533479
0.9848826421160309,"delay: 84.2806, f0: 261.626, z: 2.3808
status=FAIL
velocity_m_s=2.42675825589
hardness_N_per_mm_p=32686.5663333
p=4.94710230028
epsilon=0.984882642116
tau0_s=2.65772528202e-05
linear_density_kg_m=0.00630532969267
tension_N=729.384125762
force_log=""/var/folders/zh/nj8dx9w152qdp4y5nkg5xm540000gn/T/bbpiano-hammer-search-s2pqug8k/force_110.txt""
positive_force_samples=11
contact_span_s=0.000226757369615
maximum_force_N=22.9098503464
force_impulse_Ns=0.00182110268787
initial_hammer_energy_J=0.0441686672438
maximum_mechanical_energy_J=0.0443208744156
maximum_mechanical_energy_ratio=1.00344604402
string_energy_at_release_J=0.00445986553281
string_energy_at_release_ratio=0.10097351383
final_hammer_energy_J=0.0398598384279
final_string_energy_J=0.0041011930541
rebound_velocity_m_s=2.30535141003
physical_f0_hz=261.626
configured_f0_hz=261.626
f0_relative_error=0
integer_spatial_port_pass=1
strike_reset_position_error_m=0",,32686.56633327066,131,lhs_0098,0.006305329692670582,,,,,,,,,,0.7423904536275744,4.947102300275983,,,space_filling,FAIL,2.6577252820161514e-05,729.3841257624506,0.7056027766106859
0.9938179182195404,"delay: 84.2806, f0: 261.626, z: 2.3808
status=FAIL
velocity_m_s=4.74412399661
hardness_N_per_mm_p=10799.2457437
p=4.51624647965
epsilon=0.99381791822
tau0_s=1.16480854953e-05
linear_density_kg_m=0.00678307481488
tension_N=784.648437906
force_log=""/var/folders/zh/nj8dx9w152qdp4y5nkg5xm540000gn/T/bbpiano-hammer-search-epkyo9is/force_110.txt""
positive_force_samples=7
contact_span_s=0.000136054421769
maximum_force_N=61.1481599645
force_impulse_Ns=0.00283395751731
initial_hammer_energy_J=0.168800343714
maximum_mechanical_energy_J=0.174010170688
maximum_mechanical_energy_ratio=1.03086384103
string_energy_at_release_J=0.0183867623071
string_energy_at_release_ratio=0.108926095188
final_hammer_energy_J=0.155623408358
final_string_energy_J=0.0169026523093
rebound_velocity_m_s=4.55519349546
physical_f0_hz=261.626
configured_f0_hz=261.626
f0_relative_error=0
integer_spatial_port_pass=1
strike_reset_position_error_m=0",,10799.245743717182,132,lhs_0099,0.006783074814881035,,,,,,,,,,1.4513157037239777,4.516246479654146,,,space_filling,FAIL,1.1648085495330305e-05,784.6484379055256,1.3793986510500762
0.8616677117174023,"delay: 84.2806, f0: 261.626, z: 2.3808
status=FAIL
velocity_m_s=2.94389352415
hardness_N_per_mm_p=3035.234636
p=4.14644929728
epsilon=0.861667711717
tau0_s=9.60811541709e-06
linear_density_kg_m=0.00613297912834
tension_N=709.447061117
force_log=""/var/folders/zh/nj8dx9w152qdp4y5nkg5xm540000gn/T/bbpiano-hammer-search-tj8nebey/force_110.txt""
positive_force_samples=96
contact_span_s=0.00215419501134
maximum_force_N=59.8684326299
force_impulse_Ns=0.0232094541573
initial_hammer_energy_J=0.0649988181116
maximum_mechanical_energy_J=0.0699236226421
maximum_mechanical_energy_ratio=1.07576760122
string_energy_at_release_J=0.0552893503352
string_energy_at_release_ratio=0.850620856524
final_hammer_energy_J=0.0146286150616
final_string_energy_J=0.0512841654128
rebound_velocity_m_s=1.39659658034
physical_f0_hz=261.626
configured_f0_hz=261.626
f0_relative_error=0
integer_spatial_port_pass=1
strike_reset_position_error_m=0",,3035.2346359974044,133,lhs_0100,0.006132979128337823,,,,,,,,,,0.9005917435436838,4.146449297279052,,,space_filling,FAIL,9.60811541708604e-06,709.4470611174977,0.8559647173963598
0.9496185983713636,"delay: 84.2806, f0: 261.626, z: 2.3808
status=FAIL
velocity_m_s=5.09920149982
hardness_N_per_mm_p=13557.7434141
p=3.38312542243
epsilon=0.949618598371
tau0_s=1.69565508196e-05
linear_density_kg_m=0.00582000570161
tension_N=673.243109799
force_log=""/var/folders/zh/nj8dx9w152qdp4y5nkg5xm540000gn/T/bbpiano-hammer-search-rjn_t3w2/force_110.txt""
positive_force_samples=2
contact_span_s=2.26757369615e-05
maximum_force_N=33.1027527357
force_impulse_Ns=0.00087000676229
initial_hammer_energy_J=0.195013919518
maximum_mechanical_energy_J=0.195502132035
maximum_mechanical_energy_ratio=1.00250347523
string_energy_at_release_J=0.00489932191197
string_energy_at_release_ratio=0.0251229344248
final_hammer_energy_J=0.190602810123
final_string_energy_J=0.00450386726511
rebound_velocity_m_s=5.041201049
physical_f0_hz=261.626
configured_f0_hz=261.626
f0_relative_error=0
integer_spatial_port_pass=1
strike_reset_position_error_m=0",,13557.743414061535,134,lhs_0101,0.005820005701608134,,,,,,,,,,1.5599405113416787,3.3831254224340546,,,space_filling,FAIL,1.695655081960919e-05,673.243109798748,1.4826407731562172
0.9720361738221218,"delay: 84.2806, f0: 261.626, z: 2.3808
status=FAIL
velocity_m_s=5.6492548472
hardness_N_per_mm_p=631.647526838
p=3.81675574681
epsilon=0.972036173822
tau0_s=0.00076010199021
linear_density_kg_m=0.00608113857908
tension_N=703.450281323
force_log=""/var/folders/zh/nj8dx9w152qdp4y5nkg5xm540000gn/T/bbpiano-hammer-search-w9j6ygpu/force_110.txt""
positive_force_samples=94
contact_span_s=0.00210884353741
maximum_force_N=139.351599973
force_impulse_Ns=0.0455927242378
initial_hammer_energy_J=0.239355602465
maximum_mechanical_energy_J=0.276162751421
maximum_mechanical_energy_ratio=1.15377600765
string_energy_at_release_J=0.225049643873
string_energy_at_release_ratio=0.940231361018
final_hammer_energy_J=0.0510805675147
final_string_energy_J=0.208689206046
rebound_velocity_m_s=2.60973989801
physical_f0_hz=261.626
configured_f0_hz=261.626
f0_relative_error=0
integer_spatial_port_pass=1
strike_reset_position_error_m=0",,631.6475268380088,135,lhs_0102,0.006081138579084041,,,,,,,,,,1.7282120534658933,3.8167557468052817,,,space_filling,FAIL,0.000760101990210196,703.4502813233391,1.642573954903421
0.9067139972432948,,True,14853.096062173605,136,lhs_0103,0.006229956327861009,1.0,3.9923668075138314,12.2715152349851,2.4036281179138332,2.517006802721089,0.007468709470331033,1.0,0.24430918567,inf,0.7514997694619147,3.8904563033678974,11.21051772144327,6.826723922234569,space_filling,PASS,3.186311924067171e-05,720.6651311218833,0.7142606984822927
0.9067951263309223,"delay: 84.2806, f0: 261.626, z: 2.3808
status=FAIL
velocity_m_s=1.34594366585
hardness_N_per_mm_p=17883.5734881
p=4.8330484169
epsilon=0.906795126331
tau0_s=0.00010878149413
linear_density_kg_m=0.00620811512335
tension_N=718.138597438
force_log=""/var/folders/zh/nj8dx9w152qdp4y5nkg5xm540000gn/T/bbpiano-hammer-search-e3efpiw5/force_95.txt""
positive_force_samples=93
contact_span_s=0.00208616780045
maximum_force_N=32.3621787378
force_impulse_Ns=0.00956819573282
initial_hammer_energy_J=0.0135867326372
maximum_mechanical_energy_J=0.0151037782715
maximum_mechanical_energy_ratio=1.11165639855
string_energy_at_release_J=0.0113428752585
string_energy_at_release_ratio=0.834849375588
final_hammer_energy_J=0.00376015918311
final_string_energy_J=0.0105178688534
rebound_velocity_m_s=0.708063950324
physical_f0_hz=261.626
configured_f0_hz=261.626
f0_relative_error=0
integer_spatial_port_pass=1
strike_reset_position_error_m=0",,17883.57348806757,137,lhs_0104,0.006208115123352847,,,,,,,,,,0.8211828638554349,4.833048416903424,,,space_filling,FAIL,0.00010878149413037797,718.1385974381169,0.7804907862301049
0.975731295469495,,True,349.6625961986912,138,lhs_0105,0.006613870122953469,1.0,4.305275284817357,24.0913439730248,2.9478458049886633,3.0612244897959187,0.020363428508022183,1.0,0.168194057682,inf,1.5439731556795109,3.069798831211153,9.515299986166816,6.282723251415833,space_filling,PASS,6.258793028075754e-05,765.0752795915436,1.467464647930868
0.9826108133076377,,True,621.4403815353367,139,lhs_0106,0.006758671452792922,1.0,2.847222937835163,11.6307876952364,2.131519274376414,2.585034013605439,0.005565388470152289,1.0,0.452763643672,inf,0.8325807649869987,4.985084285759364,8.703960563046563,5.176212101489521,space_filling,PASS,1.2296595074822586e-05,781.8255205023337,0.7913238871228597
0.8785111270439993,"delay: 84.2806, f0: 261.626, z: 2.3808
status=FAIL
velocity_m_s=2.31631235401
hardness_N_per_mm_p=1975.11487492
p=3.24122302431
epsilon=0.878511127044
tau0_s=0.000167490613492
linear_density_kg_m=0.00656498662242
tension_N=759.420563496
force_log=""/var/folders/zh/nj8dx9w152qdp4y5nkg5xm540000gn/T/bbpiano-hammer-search-asmbiho8/force_95.txt""
positive_force_samples=100
contact_span_s=0.00224489795918
maximum_force_N=43.7758844811
force_impulse_Ns=0.0218088554258
initial_hammer_energy_J=0.0402397719101
maximum_mechanical_energy_J=0.0408424192802
maximum_mechanical_energy_ratio=1.01497641118
string_energy_at_release_J=0.0352595797051
string_energy_at_release_ratio=0.876237066748
final_hammer_energy_J=0.00557785649325
final_string_energy_J=0.0327267958582
rebound_velocity_m_s=0.862388658958
physical_f0_hz=261.626
configured_f0_hz=261.626
f0_relative_error=0
integer_spatial_port_pass=1
strike_reset_position_error_m=0",,1975.1148749245829,140,lhs_0107,0.0065649866224174675,,,,,,,,,,1.4132211181787135,3.2412230243134257,,,space_filling,FAIL,0.00016749061349208497,759.4205634957135,1.343191766649518
0.8549997573813853,"delay: 84.2806, f0: 261.626, z: 2.3808
status=FAIL
velocity_m_s=1.68784993239
hardness_N_per_mm_p=6082.87179303
p=3.08335194409
epsilon=0.854999757381
tau0_s=5.85181560237e-06
linear_density_kg_m=0.00669773024989
tension_N=774.776000784
force_log=""/var/folders/zh/nj8dx9w152qdp4y5nkg5xm540000gn/T/bbpiano-hammer-search-zm2qpb4f/force_95.txt""
positive_force_samples=113
contact_span_s=0.00253968253968
maximum_force_N=30.5476616807
force_impulse_Ns=0.0205631209064
initial_hammer_energy_J=0.0213662804569
maximum_mechanical_energy_J=0.0218447428104
maximum_mechanical_energy_ratio=1.02239333863
string_energy_at_release_J=0.0210891084979
string_energy_at_release_ratio=0.987027598949
final_hammer_energy_J=0.000753549605786
final_string_energy_J=0.0195986566907
rebound_velocity_m_s=0.316975205294
physical_f0_hz=261.626
configured_f0_hz=261.626
f0_relative_error=0
integer_spatial_port_pass=1
strike_reset_position_error_m=0",,6082.871793031362,141,lhs_0108,0.0066977302498932275,,,,,,,,,,1.0297856265511283,3.0833519440927026,,,space_filling,FAIL,5.851815602372468e-06,774.7760007838684,0.9787566554199862
0.9048783018377622,"delay: 84.2806, f0: 261.626, z: 2.3808
status=FAIL
velocity_m_s=5.24509706262
hardness_N_per_mm_p=515.316954641
p=4.26481584274
epsilon=0.904878301838
tau0_s=3.17875107359e-06
linear_density_kg_m=0.00622608934848
tension_N=720.217809014
force_log=""/var/folders/zh/nj8dx9w152qdp4y5nkg5xm540000gn/T/bbpiano-hammer-search-1lo02irm/force_110.txt""
positive_force_samples=105
contact_span_s=0.00235827664399
maximum_force_N=134.124771536
force_impulse_Ns=0.0515227938601
initial_hammer_energy_J=0.206332823972
maximum_mechanical_energy_J=0.236136356493
maximum_mechanical_energy_ratio=1.14444397138
string_energy_at_release_J=0.211532577491
string_energy_at_release_ratio=1.02520080624
final_hammer_energy_J=0.0245773788104
final_string_energy_J=0.196359807344
rebound_velocity_m_s=1.81024413861
physical_f0_hz=261.626
configured_f0_hz=261.626
f0_relative_error=0
integer_spatial_port_pass=1
strike_reset_position_error_m=0",,515.3169546407426,142,lhs_0109,0.006226089348484407,,,,,,,,,,1.6045726755814191,4.264815842742656,,,space_filling,FAIL,3.1787510735909315e-06,720.2178090135369,1.5250612795889462
0.8929501826668516,"delay: 84.2806, f0: 261.626, z: 2.3808
status=FAIL
velocity_m_s=1.8409170093
hardness_N_per_mm_p=4646.64161394
p=4.88602439922
epsilon=0.892950182667
tau0_s=0.000134537527298
linear_density_kg_m=0.00648819916803
tension_N=750.537990654
force_log=""/var/folders/zh/nj8dx9w152qdp4y5nkg5xm540000gn/T/bbpiano-hammer-search-soigeir2/force_80.txt""
positive_force_samples=101
contact_span_s=0.00226757369615
maximum_force_N=35.747749204
force_impulse_Ns=0.0164122686487
initial_hammer_energy_J=0.0254173157634
maximum_mechanical_energy_J=0.0259034235026
maximum_mechanical_energy_ratio=1.01912506197
string_energy_at_release_J=0.0217177648172
string_energy_at_release_ratio=0.854447614347
final_hammer_energy_J=0.00418244332011
final_string_energy_J=0.0201569515527
rebound_velocity_m_s=0.746765766052
physical_f0_hz=261.626
configured_f0_hz=261.626
f0_relative_error=0
integer_spatial_port_pass=1
strike_reset_position_error_m=0",,4646.641613938059,143,lhs_0110,0.006488199168029715,,,,,,,,,,1.8409170092979559,4.886024399224056,,,space_filling,FAIL,0.00013453752729760424,750.5379906536878,1.7496940416236932
0.9251107010816957,"delay: 84.2806, f0: 261.626, z: 2.3808
status=FAIL
velocity_m_s=3.32331385534
hardness_N_per_mm_p=2152.443443
p=3.1964095286
epsilon=0.925110701082
tau0_s=0.000479066019664
linear_density_kg_m=0.00597405473182
tension_N=691.063100616
force_log=""/var/folders/zh/nj8dx9w152qdp4y5nkg5xm540000gn/T/bbpiano-hammer-search-c7f5rxpa/force_110.txt""
positive_force_samples=91
contact_span_s=0.00204081632653
maximum_force_N=53.2639305989
force_impulse_Ns=0.0241587160868
initial_hammer_energy_J=0.082833112358
maximum_mechanical_energy_J=0.0842968485576
maximum_mechanical_energy_ratio=1.01767090669
string_energy_at_release_J=0.06229130078
string_energy_at_release_ratio=0.752009661436
final_hammer_energy_J=0.0220009018917
final_string_energy_J=0.0577520509736
rebound_velocity_m_s=1.71273278288
physical_f0_hz=261.626
configured_f0_hz=261.626
f0_relative_error=0
integer_spatial_port_pass=1
strike_reset_position_error_m=0",,2152.443443003593,144,lhs_0111,0.005974054731819804,,,,,,,,,,1.0166634746684176,3.1964095285984615,,,space_filling,FAIL,0.00047906601966408,691.0631006163736,0.9662847455802179
0.9152003844278518,"delay: 84.2806, f0: 261.626, z: 2.3808
status=FAIL
velocity_m_s=1.93538254098
hardness_N_per_mm_p=5791.00731859
p=3.76183135818
epsilon=0.915200384428
tau0_s=0.000661423366089
linear_density_kg_m=0.00572950510011
tension_N=662.774235795
force_log=""/var/folders/zh/nj8dx9w152qdp4y5nkg5xm540000gn/T/bbpiano-hammer-search-0h4um0cf/force_95.txt""
positive_force_samples=107
contact_span_s=0.00240362811791
maximum_force_N=31.5800863194
force_impulse_Ns=0.0192795273248
initial_hammer_energy_J=0.0280927918496
maximum_mechanical_energy_J=0.0291031285842
maximum_mechanical_energy_ratio=1.03596426941
string_energy_at_release_J=0.0259308813119
string_energy_at_release_ratio=0.923043941332
final_hammer_energy_J=0.00316953706237
final_string_energy_J=0.0240877913688
rebound_velocity_m_s=0.650080719334
physical_f0_hz=261.626
configured_f0_hz=261.626
f0_relative_error=0
integer_spatial_port_pass=1
strike_reset_position_error_m=0",,5791.007318588515,145,lhs_0112,0.005729505100111602,,,,,,,,,,1.1808094335535373,3.76183135818046,,,space_filling,FAIL,0.0006614233660893363,662.7742357951802,1.122296779130513
0.8866117285204151,"delay: 84.2806, f0: 261.626, z: 2.3808
status=FAIL
velocity_m_s=4.46138270651
hardness_N_per_mm_p=18813.3413252
p=3.99702200161
epsilon=0.88661172852
tau0_s=0.000206677020093
linear_density_kg_m=0.00625633385661
tension_N=723.716414986
force_log=""/var/folders/zh/nj8dx9w152qdp4y5nkg5xm540000gn/T/bbpiano-hammer-search-7mm4haw7/force_110.txt""
positive_force_samples=15
contact_span_s=0.00031746031746
maximum_force_N=54.6816508601
force_impulse_Ns=0.00637279182942
initial_hammer_energy_J=0.149279517404
maximum_mechanical_energy_J=0.155669467408
maximum_mechanical_energy_ratio=1.0428052697
string_energy_at_release_J=0.0334614585983
string_energy_at_release_ratio=0.224153046447
final_hammer_energy_J=0.122201803334
final_string_energy_J=0.0308081602642
rebound_velocity_m_s=4.03652991788
physical_f0_hz=261.626
configured_f0_hz=261.626
f0_relative_error=0
integer_spatial_port_pass=1
strike_reset_position_error_m=0",,18813.341325166264,146,lhs_0113,0.006256333856614643,,,,,,,,,,1.3648198881186224,3.997022001614363,,,space_filling,FAIL,0.0002066770200927763,723.716414986089,1.2971889629295963
0.9059490023155231,"delay: 84.2806, f0: 261.626, z: 2.3808
status=FAIL
velocity_m_s=2.69633396128
hardness_N_per_mm_p=24239.0105396
p=3.30967305232
epsilon=0.905949002316
tau0_s=1.0966265205e-05
linear_density_kg_m=0.00572293274109
tension_N=662.013962412
force_log=""/var/folders/zh/nj8dx9w152qdp4y5nkg5xm540000gn/T/bbpiano-hammer-search-ubgiklsd/force_110.txt""
positive_force_samples=8
contact_span_s=0.00015873015873
maximum_force_N=19.9479442186
force_impulse_Ns=0.00163078650404
initial_hammer_energy_J=0.0545266262307
maximum_mechanical_energy_J=0.054563532384
maximum_mechanical_energy_ratio=1.00067684645
string_energy_at_release_J=0.00434526882523
string_energy_at_release_ratio=0.0796907699157
final_hammer_energy_J=0.050218130017
final_string_energy_J=0.00399465892355
rebound_velocity_m_s=2.58761486101
physical_f0_hz=261.626
configured_f0_hz=261.626
f0_relative_error=0
integer_spatial_port_pass=1
strike_reset_position_error_m=0",,24239.01053955794,147,lhs_0114,0.005722932741090099,,,,,,,,,,0.8248586721783197,3.3096730523175344,,,space_filling,FAIL,1.0966265205033777e-05,662.0139624117489,0.783984447208964
0.9528117112109916,"delay: 84.2806, f0: 261.626, z: 2.3808
status=FAIL
velocity_m_s=2.33471304729
hardness_N_per_mm_p=16088.0170912
p=3.13532776768
epsilon=0.952811711211
tau0_s=4.63612541755e-06
linear_density_kg_m=0.00678146438747
tension_N=784.462147855
force_log=""/var/folders/zh/nj8dx9w152qdp4y5nkg5xm540000gn/T/bbpiano-hammer-search-prxa1g7n/force_95.txt""
positive_force_samples=17
contact_span_s=0.000362811791383
maximum_force_N=31.0728595308
force_impulse_Ns=0.00347093627472
initial_hammer_energy_J=0.0408816375988
maximum_mechanical_energy_J=0.0419509793766
maximum_mechanical_energy_ratio=1.02615701916
string_energy_at_release_J=0.00876966382103
string_energy_at_release_ratio=0.214513515997
final_hammer_energy_J=0.033179577346
final_string_energy_J=0.0080724762686
rebound_velocity_m_s=2.10331729564
physical_f0_hz=261.626
configured_f0_hz=261.626
f0_relative_error=0
integer_spatial_port_pass=1
strike_reset_position_error_m=0",,16088.017091201118,148,lhs_0115,0.0067814643874741665,,,,,,,,,,1.4244476905715449,3.1353277676788673,,,space_filling,FAIL,4.636125417545168e-06,784.4621478551214,1.3538620286571925
0.9214955321516093,,True,5293.33632749739,149,lhs_0116,0.0058590287823507255,1.0,3.810306664228218,16.8613266332137,2.4036281179138332,2.517006802721089,0.010102956950101109,1.0,0.38264912961,inf,1.0689251590546376,4.097463017830897,9.822264574614259,6.971020740950619,space_filling,PASS,5.421252353258007e-05,677.7571982000378,1.0159567065181305
0.8983832800263476,,False,494.6876468501154,150,lhs_0117,0.006040928462279506,1.0,3.849190487755884,11.3578741959993,6.825396825396828,7.278911564625849,0.03821853991422691,0.36760124610591927,-1.2346841518,0.5812807881773406,1.3132237271703966,3.985679127986145,9.807652203061487,6.061231966738456,space_filling,PASS,5.0289192673091915e-06,698.7988796803173,1.2481495467441834
0.9318497234389087,"delay: 84.2806, f0: 261.626, z: 2.3808
status=FAIL
velocity_m_s=4.95365803592
hardness_N_per_mm_p=23626.8984686
p=3.44603038755
epsilon=0.931849723439
tau0_s=6.5029349585e-05
linear_density_kg_m=0.0064370723562
tension_N=744.623774146
force_log=""/var/folders/zh/nj8dx9w152qdp4y5nkg5xm540000gn/T/bbpiano-hammer-search-5p4xa4lv/force_110.txt""
positive_force_samples=2
contact_span_s=2.26757369615e-05
maximum_force_N=48.0841446046
force_impulse_Ns=0.00133515012356
initial_hammer_energy_J=0.184040459526
maximum_mechanical_energy_J=0.187269737502
maximum_mechanical_energy_ratio=1.01754656549
string_energy_at_release_J=0.00978373425304
string_energy_at_release_ratio=0.0531607793103
final_hammer_energy_J=0.177486003249
final_string_energy_J=0.00899402626582
rebound_velocity_m_s=4.86464802768
physical_f0_hz=261.626
configured_f0_hz=261.626
f0_relative_error=0
integer_spatial_port_pass=1
strike_reset_position_error_m=0",,23626.89846861822,151,lhs_0118,0.006437072356196409,,,,,,,,,,1.5154160606977396,3.4460303875523812,,,space_filling,FAIL,6.502934958504025e-05,744.6237741464358,1.4403226427870608
0.8891779832043253,,False,736.5006986937535,152,lhs_0119,0.006403409118782,1.0,2.4387317818011747,12.6648445737315,6.6893424036281175,7.1655328798186,0.039042195893096585,0.36075949367088533,-1.25307063243,0.5643564356435625,1.3497435674093157,4.236949616700787,7.531703333442942,4.489446084160627,space_filling,PASS,2.892145055951967e-06,740.7296984694125,1.2828597191986464
0.991574107188149,,True,5366.017181145971,153,lhs_0120,0.005780820620087749,1.0,3.910553918843752,5.8973478020784,1.2698412698412729,1.3832199546485286,0.004109370944180656,1.0,0.913811845287,inf,1.19222870046945,3.5900231138753806,9.307760017550994,5.600152078139959,space_filling,PASS,2.775409273208913e-06,668.7102815691791,1.1331501870688223
0.9413698314057136,"delay: 84.2806, f0: 261.626, z: 2.3808
status=FAIL
velocity_m_s=5.69142970397
hardness_N_per_mm_p=1598.17769715
p=4.44755397947
epsilon=0.941369831406
tau0_s=0.000103441033492
linear_density_kg_m=0.00651766259807
tension_N=753.946243546
force_log=""/var/folders/zh/nj8dx9w152qdp4y5nkg5xm540000gn/T/bbpiano-hammer-search-i6fwwvdg/force_110.txt""
positive_force_samples=21
contact_span_s=0.000453514739229
maximum_force_N=59.5278714296
force_impulse_Ns=0.0102437091124
initial_hammer_energy_J=0.242942790564
maximum_mechanical_energy_J=0.245768616843
maximum_mechanical_energy_ratio=1.01163165317
string_energy_at_release_J=0.057619560964
string_energy_at_release_ratio=0.237173372506
final_hammer_energy_J=0.188139226122
final_string_energy_J=0.0530825591717
rebound_velocity_m_s=5.00851576314
physical_f0_hz=261.626
configured_f0_hz=261.626
f0_relative_error=2.17269762412e-16
integer_spatial_port_pass=1
strike_reset_position_error_m=0",,1598.177697150107,154,lhs_0121,0.006517662598070587,,,,,,,,,,1.741114126002633,4.447553979469872,,,space_filling,FAIL,0.0001034410334920043,753.9462435460472,1.6548366909898995
0.9736359608701923,"delay: 84.2806, f0: 261.626, z: 2.3808
status=FAIL
velocity_m_s=3.16489685252
hardness_N_per_mm_p=487.156687105
p=4.45007934576
epsilon=0.97363596087
tau0_s=2.42672863306e-06
linear_density_kg_m=0.00592387333569
tension_N=685.258247337
force_log=""/var/folders/zh/nj8dx9w152qdp4y5nkg5xm540000gn/T/bbpiano-hammer-search-d9y_flx5/force_110.txt""
positive_force_samples=123
contact_span_s=0.0027664399093
maximum_force_N=71.4020334814
force_impulse_Ns=0.0362215907183
initial_hammer_energy_J=0.075124290653
maximum_mechanical_energy_J=0.0794256815762
maximum_mechanical_energy_ratio=1.05725699219
string_energy_at_release_J=0.075197917377
string_energy_at_release_ratio=1.00098006548
final_hammer_energy_J=0.00422014666764
final_string_energy_J=0.0699741867574
rebound_velocity_m_s=0.750124137961
physical_f0_hz=261.626
configured_f0_hz=261.626
f0_relative_error=0
integer_spatial_port_pass=1
strike_reset_position_error_m=0",,487.1566871045915,155,lhs_0122,0.0059238733356908255,,,,,,,,,,0.9682007692053288,4.450079345763406,,,space_filling,FAIL,2.4267286330637134e-06,685.2582473368345,0.9202235127481808
0.8957392964455666,,False,1856.4377023237703,156,lhs_0123,0.0062741975630120315,1.0,5.589798293374804,7.79106840058659,6.598639455782318,6.961451247165529,0.027119133389417793,0.384364820846906,-0.867424774843,0.6243386243386255,0.9405316806081331,4.725064200606625,16.632367359911463,9.652282053253282,space_filling,PASS,2.1011778205411782e-05,725.7828420420259,0.8939255106051436
0.9904318972159742,"delay: 84.2806, f0: 261.626, z: 2.3808
status=FAIL
velocity_m_s=2.36662453352
hardness_N_per_mm_p=7270.62168991
p=3.75091958317
epsilon=0.990431897216
tau0_s=0.000426250911166
linear_density_kg_m=0.00643048633806
tension_N=743.861920713
force_log=""/var/folders/zh/nj8dx9w152qdp4y5nkg5xm540000gn/T/bbpiano-hammer-search-4m0jlxzm/force_95.txt""
positive_force_samples=93
contact_span_s=0.00208616780045
maximum_force_N=75.3955526808
force_impulse_Ns=0.0196166641814
initial_hammer_energy_J=0.04200683762
maximum_mechanical_energy_J=0.0536295620741
maximum_mechanical_energy_ratio=1.27668648993
string_energy_at_release_J=0.0452171892822
string_energy_at_release_ratio=1.07642450239
final_hammer_energy_J=0.00840867602266
final_string_energy_J=0.0419215873807
rebound_velocity_m_s=1.05884692143
physical_f0_hz=261.626
configured_f0_hz=261.626
f0_relative_error=0
integer_spatial_port_pass=1
strike_reset_position_error_m=0",,7270.621689909149,157,lhs_0124,0.006430486338064289,,,,,,,,,,1.443917424945473,3.7509195831687157,,,space_filling,FAIL,0.0004262509111655524,743.861920712644,1.3723669792084665
0.9852728765095862,,False,779.3846459392236,158,lhs_0125,0.006035249389511168,1.0,4.602901560692396,6.95354751002597,1.088435374149661,1.2244897959183687,0.004426548350615377,1.0,1.22687576932,inf,1.5272350453045895,4.33655187843795,9.810274955811293,6.390315584466383,space_filling,PASS,1.8408641632102668e-05,698.1419393253839,1.451555961204024
0.9597522458762238,,True,552.0319059135795,159,lhs_0126,0.005917628199435479,1.0,3.7872837459355386,13.796879377078,2.471655328798188,2.6757369614512485,0.011418895255563903,1.0,0.49729970742,inf,1.2689878926391691,4.664701074662368,7.8610302464806745,5.734076544979774,space_filling,PASS,4.295381565078369e-05,684.5358262312152,1.2061057306923904
0.9399717908660211,,False,460.20344742236716,160,lhs_0127,0.006545054169940128,1.0,4.171049597926122,10.352188572873,6.553287981859409,7.120181405895689,0.03552772667814308,0.39490445859872686,-1.1343932598,0.6526315789473704,1.2341311066118468,3.356447048882407,10.809094144451478,7.833930975741283,space_filling,PASS,6.9759266599654725e-06,757.1148292782966,1.1729762031177517
0.8728424283686096,"delay: 84.2806, f0: 261.626, z: 2.3808
status=FAIL
velocity_m_s=1.79521360079
hardness_N_per_mm_p=1356.30472034
p=4.99759351509
epsilon=0.872842428369
tau0_s=3.33241743118e-05
linear_density_kg_m=0.00612395919346
tension_N=708.40365853
force_log=""/var/folders/zh/nj8dx9w152qdp4y5nkg5xm540000gn/T/bbpiano-hammer-search-y8cmc2o1/force_95.txt""
positive_force_samples=114
contact_span_s=0.00256235827664
maximum_force_N=51.292783795
force_impulse_Ns=0.0186465103547
initial_hammer_energy_J=0.0241709390433
maximum_mechanical_energy_J=0.0284105169583
maximum_mechanical_energy_ratio=1.1753998017
string_energy_at_release_J=0.0261217499125
string_energy_at_release_ratio=1.08070894001
final_hammer_energy_J=0.00228621499432
final_string_energy_J=0.0242610862081
rebound_velocity_m_s=0.552112910471
physical_f0_hz=261.626
configured_f0_hz=261.626
f0_relative_error=0
integer_spatial_port_pass=1
strike_reset_position_error_m=0",,1356.3047203422782,161,lhs_0128,0.00612395919346272,,,,,,,,,,1.095290006063876,4.997593515089236,,,space_filling,FAIL,3.3324174311773384e-05,708.4036585304832,1.0410150961616575
0.8533876852137019,"delay: 84.2806, f0: 261.626, z: 2.3808
status=FAIL
velocity_m_s=0.753395699486
hardness_N_per_mm_p=28945.0056503
p=3.10756189726
epsilon=0.853387685214
tau0_s=0.000728606645594
linear_density_kg_m=0.00649262031411
tension_N=751.049417324
force_log=""/var/folders/zh/nj8dx9w152qdp4y5nkg5xm540000gn/T/bbpiano-hammer-search-pyzj1i14/force_50.txt""
positive_force_samples=178
contact_span_s=0.00401360544218
maximum_force_N=18.1203773957
force_impulse_Ns=0.0163001836495
initial_hammer_energy_J=0.00425703810003
maximum_mechanical_energy_J=0.00465354952015
maximum_mechanical_energy_ratio=1.09314255846
string_energy_at_release_J=0.00381989233298
string_energy_at_release_ratio=0.897312225828
final_hammer_energy_J=0.000833082737926
final_string_energy_J=0.00356853286893
rebound_velocity_m_s=-0.333283210483
physical_f0_hz=261.626
configured_f0_hz=261.626
f0_relative_error=2.17269762412e-16
integer_spatial_port_pass=1
strike_reset_position_error_m=0",,28945.005650341132,162,lhs_0129,0.006492620314111316,,,,,,,,,,1.5181805479257395,3.107561897262127,,,space_filling,FAIL,0.000728606645593938,751.049417323945,1.4429501413687709
0.8633830036246463,"delay: 84.2806, f0: 261.626, z: 2.3808
status=FAIL
velocity_m_s=1.75379898933
hardness_N_per_mm_p=8832.01909636
p=3.80877146938
epsilon=0.863383003625
tau0_s=5.0694252524e-06
linear_density_kg_m=0.00591132586376
tension_N=683.806788446
force_log=""/var/folders/zh/nj8dx9w152qdp4y5nkg5xm540000gn/T/bbpiano-hammer-search-44axnym7/force_95.txt""
positive_force_samples=108
contact_span_s=0.00242630385488
maximum_force_N=34.0124065144
force_impulse_Ns=0.0176030514196
initial_hammer_energy_J=0.0230685817122
maximum_mechanical_energy_J=0.0241892971757
maximum_mechanical_energy_ratio=1.04858189712
string_energy_at_release_J=0.021661275524
string_energy_at_release_ratio=0.938994680912
final_hammer_energy_J=0.00252528189948
final_string_energy_J=0.0201185880909
rebound_velocity_m_s=0.580262228018
physical_f0_hz=261.626
configured_f0_hz=261.626
f0_relative_error=2.17269762412e-16
integer_spatial_port_pass=1
strike_reset_position_error_m=0",,8832.01909636146,163,lhs_0130,0.005911325863761611,,,,,,,,,,1.0700222551868532,3.8087714693775747,,,space_filling,FAIL,5.069425252397381e-06,683.8067884457544,1.0169994382414678
0.897529139994094,"delay: 84.2806, f0: 261.626, z: 2.3808
status=FAIL
velocity_m_s=0.787282620923
hardness_N_per_mm_p=33452.2887331
p=3.12449290422
epsilon=0.897529139994
tau0_s=0.000559378746318
linear_density_kg_m=0.00608506509674
tension_N=703.904490665
force_log=""/var/folders/zh/nj8dx9w152qdp4y5nkg5xm540000gn/T/bbpiano-hammer-search-63d5yduh/force_50.txt""
positive_force_samples=104
contact_span_s=0.00233560090703
maximum_force_N=15.3589049488
force_impulse_Ns=0.00793962766876
initial_hammer_energy_J=0.00464860443906
maximum_mechanical_energy_J=0.00497380867139
maximum_mechanical_energy_ratio=1.0699573897
string_energy_at_release_J=0.00447417806027
string_energy_at_release_ratio=0.962477689578
final_hammer_energy_J=0.000499129809462
final_string_energy_J=0.0041547360482
rebound_velocity_m_s=0.257974109673
physical_f0_hz=261.626
configured_f0_hz=261.626
f0_relative_error=0
integer_spatial_port_pass=1
strike_reset_position_error_m=0",,33452.288733054855,164,lhs_0131,0.00608506509674403,,,,,,,,,,1.5864666623670782,3.124492904215906,,,space_filling,FAIL,0.0005593787463184105,703.9044906653265,1.5078524737173695
0.9689706084159366,,False,306.25537431289854,165,lhs_0132,0.0066268859917112954,1.0,4.3283313542788555,13.2416744608472,6.167800453514737,7.278911564625849,0.045258869409770607,0.40186915887850444,-1.44962718185,0.6718749999999994,1.5676381858791386,3.4272862607095074,13.271583480953874,8.588657232519486,space_filling,PASS,2.596651365268031e-06,766.5809214084976,1.4899570047975819
0.9007297456632251,"delay: 84.2806, f0: 261.626, z: 2.3808
status=FAIL
velocity_m_s=5.1741814526
hardness_N_per_mm_p=18074.3339401
p=4.4138084768
epsilon=0.900729745663
tau0_s=9.15086859078e-05
linear_density_kg_m=0.00652146280052
tension_N=754.385841073
force_log=""/var/folders/zh/nj8dx9w152qdp4y5nkg5xm540000gn/T/bbpiano-hammer-search-dlg42wdd/force_110.txt""
positive_force_samples=7
contact_span_s=0.000136054421769
maximum_force_N=53.5948572462
force_impulse_Ns=0.00352519363962
initial_hammer_energy_J=0.200791152783
maximum_mechanical_energy_J=0.205127061576
maximum_mechanical_energy_ratio=1.02159412271
string_energy_at_release_J=0.0221616663859
string_energy_at_release_ratio=0.110371727433
final_hammer_energy_J=0.182965394243
final_string_energy_J=0.0203728611281
rebound_velocity_m_s=4.93916854329
physical_f0_hz=261.626
configured_f0_hz=261.626
f0_relative_error=0
integer_spatial_port_pass=1
strike_reset_position_error_m=0",,18074.33394005005,166,lhs_0133,0.0065214628005197854,,,,,,,,,,1.5828782724557715,4.413808476796371,,,space_filling,FAIL,9.150868590784771e-05,754.3858410732552,1.5044418993052018
0.9481256714101582,,True,572.8735802574367,167,lhs_0134,0.005886562249344909,1.0,3.0043888453437835,15.7093294467075,3.0612244897959138,3.1519274376417186,0.020365533006264643,1.0,0.140028911376,inf,1.5096074052137876,3.5735667065417425,9.950095726298109,6.6197428932315505,space_filling,PASS,0.0001072776989681165,680.9421979909458,1.4348018236307474
0.8642807977441959,"delay: 84.2806, f0: 261.626, z: 2.3808
status=FAIL
velocity_m_s=1.86399403881
hardness_N_per_mm_p=6171.36511693
p=4.0441420476
epsilon=0.864280797744
tau0_s=4.79445924743e-06
linear_density_kg_m=0.00645131205497
tension_N=746.270985434
force_log=""/var/folders/zh/nj8dx9w152qdp4y5nkg5xm540000gn/T/bbpiano-hammer-search-qapernnm/force_80.txt""
positive_force_samples=122
contact_span_s=0.00274376417234
maximum_force_N=30.4683516891
force_impulse_Ns=0.0245078498702
initial_hammer_energy_J=0.0260585533254
maximum_mechanical_energy_J=0.0270782012011
maximum_mechanical_energy_ratio=1.03912910525
string_energy_at_release_J=0.0266793518896
string_energy_at_release_ratio=1.02382321675
final_hammer_energy_J=0.000397224105304
final_string_energy_J=0.0248225216507
rebound_velocity_m_s=0.230137380798
physical_f0_hz=261.626
configured_f0_hz=261.626
f0_relative_error=0
integer_spatial_port_pass=1
strike_reset_position_error_m=0",,6171.365116929845,168,lhs_0135,0.006451312054966589,,,,,,,,,,1.8639940388096738,4.04414204760088,,,space_filling,FAIL,4.794459247425164e-06,746.2709854335287,1.7716275350028572
0.9393482207894667,"delay: 84.2806, f0: 261.626, z: 2.3808
status=FAIL
velocity_m_s=2.73070438785
hardness_N_per_mm_p=370.236155472
p=3.07805162079
epsilon=0.939348220789
tau0_s=3.0825546983e-05
linear_density_kg_m=0.00631031333783
tension_N=729.960620861
force_log=""/var/folders/zh/nj8dx9w152qdp4y5nkg5xm540000gn/T/bbpiano-hammer-search-_knq6yf6/force_95.txt""
positive_force_samples=108
contact_span_s=0.00242630385488
maximum_force_N=67.3639285336
force_impulse_Ns=0.0262276697426
initial_hammer_energy_J=0.0559255984036
maximum_mechanical_energy_J=0.0590723890702
maximum_mechanical_energy_ratio=1.0562674474
string_energy_at_release_J=0.0518317928615
string_energy_at_release_ratio=0.92679907486
final_hammer_energy_J=0.00723527422535
final_string_energy_J=0.0481298189219
rebound_velocity_m_s=0.982193071675
physical_f0_hz=261.626
configured_f0_hz=261.626
f0_relative_error=0
integer_spatial_port_pass=1
strike_reset_position_error_m=0",,370.2361554722368,169,lhs_0136,0.0063103133378261825,,,,,,,,,,1.666048666418667,3.078051620788483,,,space_filling,FAIL,3.082554698303124e-05,729.9606208613751,1.5834909504147188
0.9926709044274207,,False,2649.5758153807187,170,lhs_0137,0.006121126907485628,1.0,2.7618164575899784,9.6589028950511,0.702947845804989,0.7936507936507938,0.0035062130428629755,1.0,1.62466556522,inf,1.8657157003824103,3.9427037955521955,8.701187986588842,5.500423999168427,space_filling,PASS,5.38031575511175e-06,708.076027061234,1.773263883073028
0.9544506418625104,,True,5584.165961087727,171,lhs_0138,0.005909508163113505,1.0,5.6296317204173025,13.1528320130267,3.219954648526075,3.287981859410429,0.01839606266203187,1.0,-0.0398555248816,inf,1.1964935777484142,3.894782560902291,11.889345259828177,7.930827563601346,space_filling,PASS,0.00039606002459535353,683.5965215663463,1.1372037268675044
0.9507139986924843,"delay: 84.2806, f0: 261.626, z: 2.3808
status=FAIL
velocity_m_s=2.64169102306
hardness_N_per_mm_p=2076.79707672
p=3.18046677462
epsilon=0.950713998692
tau0_s=0.000288127249111
linear_density_kg_m=0.00624614330304
tension_N=722.537598275
force_log=""/var/folders/zh/nj8dx9w152qdp4y5nkg5xm540000gn/T/bbpiano-hammer-search-ev77plwi/force_95.txt""
positive_force_samples=97
contact_span_s=0.0021768707483
maximum_force_N=71.8600623687
force_impulse_Ns=0.0232486409129
initial_hammer_energy_J=0.0523389859599
maximum_mechanical_energy_J=0.0615517963152
maximum_mechanical_energy_ratio=1.17602194972
string_energy_at_release_J=0.0526048885597
string_energy_at_release_ratio=1.00508039265
final_hammer_energy_J=0.00893990343846
final_string_energy_J=0.0487997787349
rebound_velocity_m_s=1.09178162887
physical_f0_hz=261.626
configured_f0_hz=261.626
f0_relative_error=0
integer_spatial_port_pass=1
strike_reset_position_error_m=0",,2076.797076721356,172,lhs_0139,0.006246143303039848,,,,,,,,,,1.611740115717866,3.1804667746188353,,,space_filling,FAIL,0.00028812724911124693,722.5375982750728,1.5318735515366197
0.8745880194962626,,False,462.5061768960991,173,lhs_0140,0.006475957811136016,1.0,3.3304317174866385,6.75668841274471,6.621315192743761,6.961451247165529,0.02450888022331344,0.3973941368078173,-0.779621395952,0.6594594594594587,0.8543121385218665,3.2493537446783045,13.35185352701011,7.150980446638727,space_filling,PASS,3.387282942774174e-05,749.1219423530833,0.8119784058209935
0.9260784604514055,,False,470.31570277675064,174,lhs_0141,0.006353861835027187,1.0,6.5730534418877475,7.47829120350831,6.621315192743768,6.938775510204079,0.028119340579943138,0.40196078431372495,-0.889628757647,0.6721311475409821,0.9850359846964536,3.9652799580203215,16.986476334120265,10.15484147792286,space_filling,PASS,3.227948273828097e-05,734.9981976586909,0.9362244927410298
0.8913687042105881,"delay: 84.2806, f0: 261.626, z: 2.3808
status=FAIL
velocity_m_s=4.39233914278
hardness_N_per_mm_p=1723.59086003
p=3.59264114786
epsilon=0.891368704211
tau0_s=0.000363635479785
linear_density_kg_m=0.00572064123709
tension_N=661.748887194
force_log=""/var/folders/zh/nj8dx9w152qdp4y5nkg5xm540000gn/T/bbpiano-hammer-search-7bvx87wr/force_110.txt""
positive_force_samples=89
contact_span_s=0.00199546485261
maximum_force_N=62.4996595771
force_impulse_Ns=0.0289279470763
initial_hammer_energy_J=0.144694823589
maximum_mechanical_energy_J=0.146104593007
maximum_mechanical_energy_ratio=1.00974305357
string_energy_at_release_J=0.100568891921
string_energy_at_release_ratio=0.6950413942
final_hammer_energy_J=0.0455276733939
final_string_energy_J=0.0932302589948
rebound_velocity_m_s=2.4638093377
physical_f0_hz=261.626
configured_f0_hz=261.626
f0_relative_error=0
integer_spatial_port_pass=1
strike_reset_position_error_m=0",,1723.5908600332239,175,lhs_0142,0.005720641237093852,,,,,,,,,,1.343698178747539,3.592641147855021,,,space_filling,FAIL,0.0003636354797854957,661.7488871943615,1.2771138977045835
0.9205870183681014,,True,4512.173033116392,176,lhs_0143,0.006015203593369881,1.0,4.7891461614496915,12.4944520416925,3.242630385487528,3.446712018140589,0.01611325559243683,1.0,-0.0506404139511,inf,1.0330206853896127,4.676609465304486,17.651129263068277,9.716003875319108,space_filling,PASS,7.382516566259824e-06,695.8230938079606,0.9818314073753484
0.889713459758182,"delay: 84.2806, f0: 261.626, z: 2.3808
status=FAIL
velocity_m_s=0.763202801782
hardness_N_per_mm_p=39255.9281181
p=3.64591672181
epsilon=0.889713459758
tau0_s=7.18436091309e-05
linear_density_kg_m=0.00605475773902
tension_N=700.398614415
force_log=""/var/folders/zh/nj8dx9w152qdp4y5nkg5xm540000gn/T/bbpiano-hammer-search-q82qyio2/force_65.txt""
positive_force_samples=96
contact_span_s=0.00215419501134
maximum_force_N=14.9736242402
force_impulse_Ns=0.0059774486989
initial_hammer_energy_J=0.00436858887486
maximum_mechanical_energy_J=0.004529435801
maximum_mechanical_energy_ratio=1.0368189662
string_energy_at_release_J=0.00353136210261
string_energy_at_release_ratio=0.80835304117
final_hammer_energy_J=0.000997579711952
final_string_energy_J=0.00327578459721
rebound_velocity_m_s=0.364706221856
physical_f0_hz=261.626
configured_f0_hz=261.626
f0_relative_error=0
integer_spatial_port_pass=1
strike_reset_position_error_m=0",,39255.9281181028,177,lhs_0144,0.006054757739017324,,,,,,,,,,1.1217132612546918,3.6459167218086344,,,space_filling,FAIL,7.184360913092084e-05,700.3986144150554,1.0661289996859147
0.876452085460145,"delay: 84.2806, f0: 261.626, z: 2.3808
status=FAIL
velocity_m_s=5.56951700783
hardness_N_per_mm_p=344.348996657
p=4.18424755614
epsilon=0.87645208546
tau0_s=0.00040470201523
linear_density_kg_m=0.0060654767881
tension_N=701.63856611
force_log=""/var/folders/zh/nj8dx9w152qdp4y5nkg5xm540000gn/T/bbpiano-hammer-search-825ojnbe/force_110.txt""
positive_force_samples=97
contact_span_s=0.0021768707483
maximum_force_N=92.0142942945
force_impulse_Ns=0.0463890127421
initial_hammer_energy_J=0.232646397754
maximum_mechanical_energy_J=0.236686455942
maximum_mechanical_energy_ratio=1.01736565976
string_energy_at_release_J=0.190640026885
string_energy_at_release_ratio=0.819441129223
final_hammer_energy_J=0.0460133524166
final_string_energy_J=0.176878821113
rebound_velocity_m_s=2.47691615836
physical_f0_hz=261.626
configured_f0_hz=261.626
f0_relative_error=0
integer_spatial_port_pass=1
strike_reset_position_error_m=0",,344.34899665655956,178,lhs_0145,0.006065476788097818,,,,,,,,,,1.7038187664146707,4.184247556140583,,,space_filling,FAIL,0.0004047020152302027,701.638566110471,1.6193894284996928
0.8664174341750176,"delay: 84.2806, f0: 261.626, z: 2.3808
status=FAIL
velocity_m_s=5.98748825465
hardness_N_per_mm_p=437.323360163
p=3.61078755089
epsilon=0.866417434175
tau0_s=3.61175638037e-06
linear_density_kg_m=0.00573233462275
tension_N=663.101547608
force_log=""/var/folders/zh/nj8dx9w152qdp4y5nkg5xm540000gn/T/bbpiano-hammer-search-wgwhsii2/force_110.txt""
positive_force_samples=110
contact_span_s=0.0024716553288
maximum_force_N=114.614392612
force_impulse_Ns=0.0618895444949
initial_hammer_energy_J=0.268875116997
maximum_mechanical_energy_J=0.29185743404
maximum_mechanical_energy_ratio=1.0854758049
string_energy_at_release_J=0.265842677326
string_energy_at_release_ratio=0.988721754157
final_hammer_energy_J=0.0259893868407
final_string_energy_J=0.246950860851
rebound_velocity_m_s=1.86151862165
physical_f0_hz=261.626
configured_f0_hz=261.626
f0_relative_error=0
integer_spatial_port_pass=1
strike_reset_position_error_m=0",,437.32336016300707,179,lhs_0146,0.0057323346227472274,,,,,,,,,,1.8316839391301978,3.610787550891814,,,space_filling,FAIL,3.61175638037034e-06,663.1015476082816,1.7409184978176309
0.9032056398525603,"delay: 84.2806, f0: 261.626, z: 2.3808
status=FAIL
velocity_m_s=1.71414977759
hardness_N_per_mm_p=7003.92818017
p=3.62400371038
epsilon=0.903205639853
tau0_s=0.000244150843353
linear_density_kg_m=0.0060329898941
tension_N=697.880566778
force_log=""/var/folders/zh/nj8dx9w152qdp4y5nkg5xm540000gn/T/bbpiano-hammer-search-4sop1z79/force_80.txt""
positive_force_samples=96
contact_span_s=0.00215419501134
maximum_force_N=47.6644281453
force_impulse_Ns=0.014160003598
initial_hammer_energy_J=0.0220373209501
maximum_mechanical_energy_J=0.0265407289559
maximum_mechanical_energy_ratio=1.20435369689
string_energy_at_release_J=0.0220891991584
string_energy_at_release_ratio=1.00235410685
final_hammer_energy_J=0.00444847732841
final_string_energy_J=0.0204875864502
rebound_velocity_m_s=0.770149537723
physical_f0_hz=261.626
configured_f0_hz=261.626
f0_relative_error=0
integer_spatial_port_pass=1
strike_reset_position_error_m=0",,7003.92818017318,180,lhs_0147,0.006032989894104195,,,,,,,,,,1.7141497775902184,3.6240037103778686,,,space_filling,FAIL,0.0002441508433528374,697.8805667782838,1.629208507038544
0.9177092008192176,"delay: 84.2806, f0: 261.626, z: 2.3808
status=FAIL
velocity_m_s=0.988368031684
hardness_N_per_mm_p=23361.8333712
p=4.5433595217
epsilon=0.917709200819
tau0_s=7.30402003242e-05
linear_density_kg_m=0.00648072720335
tension_N=749.67365323
force_log=""/var/folders/zh/nj8dx9w152qdp4y5nkg5xm540000gn/T/bbpiano-hammer-search-j_qq3_2m/force_80.txt""
positive_force_samples=96
contact_span_s=0.00215419501134
maximum_force_N=27.0840770459
force_impulse_Ns=0.00767322442322
initial_hammer_energy_J=0.00732653524541
maximum_mechanical_energy_J=0.00845645153283
maximum_mechanical_energy_ratio=1.15422245981
string_energy_at_release_J=0.0067507538808
string_energy_at_release_ratio=0.921411506896
final_hammer_energy_J=0.00170517796053
final_string_energy_J=0.00626086457896
rebound_velocity_m_s=0.476819736802
physical_f0_hz=261.626
configured_f0_hz=261.626
f0_relative_error=0
integer_spatial_port_pass=1
strike_reset_position_error_m=0",,23361.83337117918,181,lhs_0148,0.006480727203354623,,,,,,,,,,0.9883680316838381,4.543359521695975,,,space_filling,FAIL,7.30402003242365e-05,749.6736532299675,0.9393914267911748
0.8650006577520797,,False,391.7458542144049,182,lhs_0149,0.0059043309304616124,1.0,4.901182857964186,8.7882338416378,6.780045351473925,7.18820861678005,0.0323544392112578,0.3848580441640371,-1.04130261105,0.6256410256410238,1.1156799488836229,4.6412878950244245,13.336939435052255,8.217981212041975,space_filling,PASS,2.5797751820560513e-05,682.9976327697685,1.0603946560660795
0.9411681198710393,"delay: 84.2806, f0: 261.626, z: 2.3808
status=FAIL
velocity_m_s=5.38261388093
hardness_N_per_mm_p=5187.8644815
p=3.58260938979
epsilon=0.941168119871
tau0_s=1.90854579257e-05
linear_density_kg_m=0.00575164292006
tension_N=665.335081181
force_log=""/var/folders/zh/nj8dx9w152qdp4y5nkg5xm540000gn/T/bbpiano-hammer-search-q6xd8a9z/force_110.txt""
positive_force_samples=7
contact_span_s=0.000136054421769
maximum_force_N=72.7137962315
force_impulse_Ns=0.0034130784864
initial_hammer_energy_J=0.217293991434
maximum_mechanical_energy_J=0.229181044822
maximum_mechanical_energy_ratio=1.05470493367
string_energy_at_release_J=0.0298700316225
string_energy_at_release_ratio=0.137463679623
final_hammer_energy_J=0.199311011288
final_string_energy_J=0.0274590401424
rebound_velocity_m_s=5.15507531517
physical_f0_hz=261.626
configured_f0_hz=261.626
f0_relative_error=0
integer_spatial_port_pass=1
strike_reset_position_error_m=0",,5187.864481502877,183,lhs_0150,0.005751642920060523,,,,,,,,,,1.6466416261588723,3.5826093897914637,,,space_filling,FAIL,1.908545792568986e-05,665.3350811810288,1.5650455872958984
0.8706397291291578,,False,1671.1336043635708,184,lhs_0151,0.00667029247186284,1.0,1.5159749961702897,9.60923447529239,6.5532879818594125,6.893424036281179,0.02853088157657268,0.35526315789473745,-0.907325568652,0.5510204081632668,0.9947371197392495,3.041678507040264,7.210910259700544,4.690576177470567,space_filling,PASS,4.0832393518406805e-06,771.6020700432092,0.945444907401569
0.9277705472713091,,False,1032.9747080285279,185,lhs_0152,0.0066993880510377345,1.0,2.6906126770331356,9.93687353113155,5.442176870748299,5.736961451247169,0.029115567494771177,0.4071146245059286,-0.853141950442,0.6866666666666661,1.0879443070879569,4.711081361021051,8.122994409009818,5.2422034183380015,space_filling,PASS,0.0002615312989436246,774.9677709049264,1.0340333986354728
0.9420876606582224,,False,869.1271330080713,186,lhs_0153,0.0061561366327458344,1.0,1.3702556790322211,8.48930538259041,6.3718820861677985,6.621315192743769,0.026225346237003698,0.6472602739726029,-0.815271537843,1.8349514563106804,0.9331993196304008,4.701981228779332,7.936443570488814,4.825368294459178,space_filling,PASS,0.0005884598578053314,712.1258609472848,0.88695649013927
0.9443094765193263,"delay: 84.2806, f0: 261.626, z: 2.3808
status=FAIL
velocity_m_s=2.90427406635
hardness_N_per_mm_p=2518.9033347
p=3.02742706381
epsilon=0.944309476519
tau0_s=0.000574526126715
linear_density_kg_m=0.00673258357517
tension_N=778.807742727
force_log=""/var/folders/zh/nj8dx9w152qdp4y5nkg5xm540000gn/T/bbpiano-hammer-search-tggheaj_/force_110.txt""
positive_force_samples=95
contact_span_s=0.00213151927438
maximum_force_N=60.44038132
force_impulse_Ns=0.0260267219081
initial_hammer_energy_J=0.0632610588937
maximum_mechanical_energy_J=0.067274761394
maximum_mechanical_energy_ratio=1.06344665376
string_energy_at_release_J=0.0570134196632
string_energy_at_release_ratio=0.901240362716
final_hammer_energy_J=0.0102520005332
final_string_energy_J=0.0528830922985
rebound_velocity_m_s=1.16915927248
physical_f0_hz=261.626
configured_f0_hz=261.626
f0_relative_error=0
integer_spatial_port_pass=1
strike_reset_position_error_m=0",,2518.9033347026416,187,lhs_0154,0.006732583575167423,,,,,,,,,,0.8884714150450416,3.027427063809108,,,space_filling,FAIL,0.0005745261267154852,778.8077427266543,0.8444449875826386
0.9276399705739531,"delay: 84.2806, f0: 261.626, z: 2.3808
status=FAIL
velocity_m_s=5.33840438365
hardness_N_per_mm_p=4008.43938626
p=4.03314942072
epsilon=0.927639970574
tau0_s=2.45395832572e-06
linear_density_kg_m=0.00604401383468
tension_N=699.155787528
force_log=""/var/folders/zh/nj8dx9w152qdp4y5nkg5xm540000gn/T/bbpiano-hammer-search-bdi24u5k/force_110.txt""
positive_force_samples=28
contact_span_s=0.000612244897959
maximum_force_N=41.8460272376
force_impulse_Ns=0.0117562291458
initial_hammer_energy_J=0.213739210226
maximum_mechanical_energy_J=0.21596740692
maximum_mechanical_energy_ratio=1.01042483825
string_energy_at_release_J=0.0603749079267
string_energy_at_release_ratio=0.282469968252
final_hammer_energy_J=0.155586669143
final_string_energy_J=0.0556487972806
rebound_velocity_m_s=4.55465577393
physical_f0_hz=261.626
configured_f0_hz=261.626
f0_relative_error=0
integer_spatial_port_pass=1
strike_reset_position_error_m=0",,4008.4393862626393,188,lhs_0155,0.0060440138346807785,,,,,,,,,,1.6331171192748062,4.033149420723012,,,space_filling,FAIL,2.4539583257201805e-06,699.1557875283193,1.5521912603537111
0.9500627516278197,"delay: 84.2806, f0: 261.626, z: 2.3808
status=FAIL
velocity_m_s=2.64967127097
hardness_N_per_mm_p=2449.26439081
p=3.55528827826
epsilon=0.950062751628
tau0_s=0.000534296769934
linear_density_kg_m=0.0067253108246
tension_N=777.966449872
force_log=""/var/folders/zh/nj8dx9w152qdp4y5nkg5xm540000gn/T/bbpiano-hammer-search-o446zuzw/force_95.txt""
positive_force_samples=104
contact_span_s=0.00233560090703
maximum_force_N=59.1845427709
force_impulse_Ns=0.0283025184229
initial_hammer_energy_J=0.0526556838314
maximum_mechanical_energy_J=0.0574490235426
maximum_mechanical_energy_ratio=1.09103176262
string_energy_at_release_J=0.0530788369308
string_energy_at_release_ratio=1.00803622835
final_hammer_energy_J=0.00436439883947
final_string_energy_J=0.0492841188312
rebound_velocity_m_s=0.762836709436
physical_f0_hz=261.626
configured_f0_hz=261.626
f0_relative_error=0
integer_spatial_port_pass=1
strike_reset_position_error_m=0",,2449.264390810801,189,lhs_0156,0.006725310824597237,,,,,,,,,,1.6166089991594845,3.5552882782601603,,,space_filling,FAIL,0.0005342967699339165,777.9664498720254,1.5365011671782445
0.9876088873920884,,True,1645.54566362971,190,lhs_0157,0.006340555654977499,1.0,3.7541042583153272,15.5764811252302,3.197278911564628,3.582766439909299,0.015376128329485247,1.0,0.00161506766136,inf,1.0384639006670426,4.587477217730411,18.164452274016828,9.915900222661643,space_filling,PASS,2.293733129718394e-06,733.4589733871891,0.9870048949851056
0.9813903324076918,,False,1103.389162252751,191,lhs_0158,0.0058170250784127225,1.0,4.4305288890896435,5.6736298623751,7.233560090702944,7.823129251700678,0.022500551444493005,0.40579710144927605,-0.726707475812,0.6829268292682946,0.7733338613617684,3.325778342010503,12.702947490211061,8.75745300851371,space_filling,PASS,2.172100861147082e-06,672.8983190662127,0.7350128455418753
0.9798561895227875,"delay: 84.2806, f0: 261.626, z: 2.3808
status=FAIL
velocity_m_s=1.20679668459
hardness_N_per_mm_p=1390.62834592
p=3.9160450484
epsilon=0.979856189523
tau0_s=8.57492538824e-05
linear_density_kg_m=0.00585196600822
tension_N=676.940194873
force_log=""/var/folders/zh/nj8dx9w152qdp4y5nkg5xm540000gn/T/bbpiano-hammer-search-f1yf_85a/force_65.txt""
positive_force_samples=112
contact_span_s=0.00251700680272
maximum_force_N=30.6611783711
force_impulse_Ns=0.0111725637441
initial_hammer_energy_J=0.0109226867845
maximum_mechanical_energy_J=0.0118679485992
maximum_mechanical_energy_ratio=1.08654114445
string_energy_at_release_J=0.0102664038502
string_energy_at_release_ratio=0.939915613514
final_hammer_energy_J=0.00160054658694
final_string_energy_J=0.00953496255259
rebound_velocity_m_s=0.461959101644
physical_f0_hz=261.626
configured_f0_hz=261.626
f0_relative_error=0
integer_spatial_port_pass=1
strike_reset_position_error_m=0",,1390.628345920943,192,lhs_0159,0.005851966008217231,,,,,,,,,,1.7736830126646284,3.9160450483951497,,,space_filling,FAIL,8.574925388235358e-05,676.9401948730263,1.6857916914853006
0.9098371984305665,"delay: 84.2806, f0: 261.626, z: 2.3808
status=FAIL
velocity_m_s=3.06824591568
hardness_N_per_mm_p=836.588326695
p=4.22348704763
epsilon=0.909837198431
tau0_s=0.000315903764737
linear_density_kg_m=0.00637799498561
tension_N=737.789857699
force_log=""/var/folders/zh/nj8dx9w152qdp4y5nkg5xm540000gn/T/bbpiano-hammer-search-6zg1rzah/force_95.txt""
positive_force_samples=106
contact_span_s=0.00238095238095
maximum_force_N=66.229847264
force_impulse_Ns=0.0313656711293
initial_hammer_energy_J=0.0706059974934
maximum_mechanical_energy_J=0.0754873948335
maximum_mechanical_energy_ratio=1.06913573228
string_energy_at_release_J=0.0683176365025
string_energy_at_release_ratio=0.967589708068
final_hammer_energy_J=0.00716191600452
final_string_energy_J=0.0634428442462
rebound_velocity_m_s=0.977201173728
physical_f0_hz=261.626
configured_f0_hz=261.626
f0_relative_error=0
integer_spatial_port_pass=1
strike_reset_position_error_m=0",,836.5883266950075,193,lhs_0160,0.006377994985614213,,,,,,,,,,1.871988428633502,4.223487047630127,,,space_filling,FAIL,0.0003159037647367369,737.789857698811,1.7792257787968584
0.9931703780548972,,False,1258.5545991218128,194,lhs_0161,0.006391117510433713,1.0,3.5938578798937257,13.7346508432613,1.0657596371882059,1.2925170068027187,0.0037321464216595024,1.0,1.02961623555,inf,1.2888075096377671,4.309014113825403,8.638678445397426,5.439183392473249,space_filling,PASS,6.779908972070543e-06,739.3078372113482,1.2249432261332824
0.9468861073130057,"delay: 84.2806, f0: 261.626, z: 2.3808
status=FAIL
velocity_m_s=3.08888139979
hardness_N_per_mm_p=1227.35661081
p=3.01958912279
epsilon=0.946886107313
tau0_s=0.000471055734388
linear_density_kg_m=0.0059321745052
tension_N=686.218505018
force_log=""/var/folders/zh/nj8dx9w152qdp4y5nkg5xm540000gn/T/bbpiano-hammer-search-mm_3hhmm/force_110.txt""
positive_force_samples=102
contact_span_s=0.00229024943311
maximum_force_N=50.0619471422
force_impulse_Ns=0.0288933226123
initial_hammer_energy_J=0.0715589122646
maximum_mechanical_energy_J=0.0727709246765
maximum_mechanical_energy_ratio=1.01693726712
string_energy_at_release_J=0.0626246565107
string_energy_at_release_ratio=0.875148245395
final_hammer_energy_J=0.0101383351887
final_string_energy_J=0.058145763802
rebound_velocity_m_s=1.1626598923
physical_f0_hz=261.626
configured_f0_hz=261.626
f0_relative_error=2.17269762412e-16
integer_spatial_port_pass=1
strike_reset_position_error_m=0",,1227.3566108114173,195,lhs_0162,0.0059321745052028745,,,,,,,,,,0.9449462294098887,3.019589122791597,,,space_filling,FAIL,0.00047105573438783175,686.2185050176328,0.8981213052530699
0.9573450094467906,"delay: 84.2806, f0: 261.626, z: 2.3808
status=FAIL
velocity_m_s=5.45904151421
hardness_N_per_mm_p=886.126803834
p=4.25128012565
epsilon=0.957345009447
tau0_s=3.78784667528e-06
linear_density_kg_m=0.00595433221459
tension_N=688.781651161
force_log=""/var/folders/zh/nj8dx9w152qdp4y5nkg5xm540000gn/T/bbpiano-hammer-search-x6rt19f5/force_110.txt""
positive_force_samples=22
contact_span_s=0.00047619047619
maximum_force_N=51.0918209736
force_impulse_Ns=0.00816784272537
initial_hammer_energy_J=0.223508506904
maximum_mechanical_energy_J=0.223545750647
maximum_mechanical_energy_ratio=1.00016663233
string_energy_at_release_J=0.0423934119458
string_energy_at_release_ratio=0.189672476153
final_hammer_energy_J=0.181143702878
final_string_energy_J=0.0390431709787
rebound_velocity_m_s=4.91451866585
physical_f0_hz=261.626
configured_f0_hz=261.626
f0_relative_error=0
integer_spatial_port_pass=1
strike_reset_position_error_m=0",,886.1268038335962,196,lhs_0163,0.005954332214586112,,,,,,,,,,1.6700222596453678,4.25128012565378,,,space_filling,FAIL,3.7878466752797313e-06,688.78165116147,1.5872676401609045
0.9710531238162998,"delay: 84.2806, f0: 261.626, z: 2.3808
status=FAIL
velocity_m_s=2.13720214556
hardness_N_per_mm_p=765.276192519
p=4.69520191933
epsilon=0.971053123816
tau0_s=3.65006630804e-06
linear_density_kg_m=0.00610433566925
tension_N=706.13366033
force_log=""/var/folders/zh/nj8dx9w152qdp4y5nkg5xm540000gn/T/bbpiano-hammer-search-ouzysl9z/force_95.txt""
positive_force_samples=123
contact_span_s=0.0027664399093
maximum_force_N=59.5931929269
force_impulse_Ns=0.0239321019677
initial_hammer_energy_J=0.0342572475823
maximum_mechanical_energy_J=0.0389739943307
maximum_mechanical_energy_ratio=1.13768609802
string_energy_at_release_J=0.0367694641048
string_energy_at_release_ratio=1.07333386947
final_hammer_energy_J=0.00220102472901
final_string_energy_J=0.034214963636
rebound_velocity_m_s=0.541728681046
physical_f0_hz=261.626
configured_f0_hz=261.626
f0_relative_error=0
integer_spatial_port_pass=1
strike_reset_position_error_m=0",,765.2761925193141,197,lhs_0164,0.006104335669245435,,,,,,,,,,1.3039429680909864,4.695201919331975,,,space_filling,FAIL,3.650066308036836e-06,706.1336603300338,1.2393286771552923
0.9958687690793787,,True,9054.09652473939,198,lhs_0165,0.006027261368631355,1.0,3.4347991584193847,10.1552794539335,1.99546485260771,2.154195011337869,0.005192072434309622,1.0,0.490137533386,inf,0.843951691655684,4.7186601171347,11.824843040028465,6.688987114291505,space_filling,PASS,9.876444492511748e-05,697.2179058632214,0.8021313502183992
0.9118121242200952,"delay: 84.2806, f0: 261.626, z: 2.3808
status=FAIL
velocity_m_s=0.864241423627
hardness_N_per_mm_p=20331.4032745
p=4.84763099831
epsilon=0.91181212422
tau0_s=0.000119691124452
linear_density_kg_m=0.00632863012294
tension_N=732.079458884
force_log=""/var/folders/zh/nj8dx9w152qdp4y5nkg5xm540000gn/T/bbpiano-hammer-search-p6dqkcnp/force_80.txt""
positive_force_samples=115
contact_span_s=0.00258503401361
maximum_force_N=22.1993217966
force_impulse_Ns=0.00945127067032
initial_hammer_energy_J=0.00560184928735
maximum_mechanical_energy_J=0.00620204682582
maximum_mechanical_energy_ratio=1.10714275013
string_energy_at_release_J=0.00579027482191
string_energy_at_release_ratio=1.03363630917
final_hammer_energy_J=0.000411220244267
final_string_energy_J=0.00537937657905
rebound_velocity_m_s=0.234156712273
physical_f0_hz=261.626
configured_f0_hz=261.626
f0_relative_error=0
integer_spatial_port_pass=1
strike_reset_position_error_m=0",,20331.40327445599,199,lhs_0166,0.0063286301229382195,,,,,,,,,,0.8642414236274758,4.847630998305888,,,space_filling,FAIL,0.00011969112445198912,732.0794588836361,0.8214156650234019
0.9948720857069493,,False,968.4274280405743,200,lhs_0167,0.006070041822127549,1.0,3.9322956523448207,15.7282238838208,4.331065759637189,4.5124716553288,0.021133129282416167,1.0,-0.440393985291,inf,0.9803696976535372,4.1529772817076775,8.761372076533688,5.302561103588686,space_filling,PASS,0.00023336405668451536,702.1666373640204,0.9317894342379796
0.9782851603414329,"delay: 84.2806, f0: 261.626, z: 2.3808
status=FAIL
velocity_m_s=5.00858363992
hardness_N_per_mm_p=25603.644491
p=3.86324314484
epsilon=0.978285160341
tau0_s=0.000116465498429
linear_density_kg_m=0.00617308690743
tension_N=714.086624601
force_log=""/var/folders/zh/nj8dx9w152qdp4y5nkg5xm540000gn/T/bbpiano-hammer-search-inffu9of/force_110.txt""
positive_force_samples=2
contact_span_s=2.26757369615e-05
maximum_force_N=48.1016470466
force_impulse_Ns=0.00120918623227
initial_hammer_energy_J=0.188144325585
maximum_mechanical_energy_J=0.191590911901
maximum_mechanical_energy_ratio=1.01831884275
string_energy_at_release_J=0.00945415898426
string_energy_at_release_ratio=0.050249503698
final_hammer_energy_J=0.182136752916
final_string_energy_J=0.0086910528061
rebound_velocity_m_s=4.92797122443
physical_f0_hz=261.626
configured_f0_hz=261.626
f0_relative_error=0
integer_spatial_port_pass=1
strike_reset_position_error_m=0",,25603.644491044073,201,lhs_0168,0.00617308690743414,,,,,,,,,,1.532218823796131,3.863243144843977,,,space_filling,FAIL,0.00011646549842923796,714.0866246008229,1.456292778500719
0.9522391677073193,"delay: 84.2806, f0: 261.626, z: 2.3808
status=FAIL
velocity_m_s=2.94882799045
hardness_N_per_mm_p=27779.3785528
p=4.30648840098
epsilon=0.952239167707
tau0_s=2.99558249686e-05
linear_density_kg_m=0.00654889445769
tension_N=757.559063769
force_log=""/var/folders/zh/nj8dx9w152qdp4y5nkg5xm540000gn/T/bbpiano-hammer-search-ugd5jsco/force_95.txt""
positive_force_samples=11
contact_span_s=0.000226757369615
maximum_force_N=42.1843595913
force_impulse_Ns=0.00293941763029
initial_hammer_energy_J=0.0652168988795
maximum_mechanical_energy_J=0.0682729795076
maximum_mechanical_energy_ratio=1.04686025678
string_energy_at_release_J=0.0114338184332
string_energy_at_release_ratio=0.175319873064
final_hammer_energy_J=0.0568370677625
final_string_energy_J=0.0105159274591
rebound_velocity_m_s=2.7528668151
physical_f0_hz=261.626
configured_f0_hz=261.626
f0_relative_error=0
integer_spatial_port_pass=1
strike_reset_position_error_m=0",,27779.378552837963,202,lhs_0169,0.006548894457692499,,,,,,,,,,1.7991295443227462,4.306488400981166,,,space_filling,FAIL,2.9955824968579964e-05,757.5590637690315,1.7099772710618493
0.8832818502463308,,False,604.8235287077835,203,lhs_0170,0.0063575727616273425,1.0,4.268394201248224,9.84428180698841,6.780045351473927,7.324263038548749,0.03119275764207747,0.36842105263157915,-1.00167314419,0.5833333333333339,1.0778462737734007,3.8436010790382342,8.369024928674714,5.69358009859144,space_filling,PASS,2.53141465685856e-06,735.4274679880709,1.0244357532047674
0.9895420964166762,"delay: 84.2806, f0: 261.626, z: 2.3808
status=FAIL
velocity_m_s=6.18850661558
hardness_N_per_mm_p=7873.07250174
p=3.54287716912
epsilon=0.989542096417
tau0_s=3.27413385938e-06
linear_density_kg_m=0.00675121418769
tension_N=780.962883487
force_log=""/var/folders/zh/nj8dx9w152qdp4y5nkg5xm540000gn/T/bbpiano-hammer-search-3ktx7gwp/force_110.txt""
positive_force_samples=7
contact_span_s=0.000136054421769
maximum_force_N=90.3326256128
force_impulse_Ns=0.00393746169656
initial_hammer_energy_J=0.287232105984
maximum_mechanical_energy_J=0.300688511284
maximum_mechanical_energy_ratio=1.04684854172
string_energy_at_release_J=0.0373066254859
string_energy_at_release_ratio=0.129883201455
final_hammer_energy_J=0.263381885046
final_string_energy_J=0.0342953717944
rebound_velocity_m_s=5.92600916915
physical_f0_hz=261.626
configured_f0_hz=261.626
f0_relative_error=2.17269762412e-16
integer_spatial_port_pass=1
strike_reset_position_error_m=0",,7873.072501736731,204,lhs_0171,0.006751214187693109,,,,,,,,,,1.8931791918201148,3.5428771691152114,,,space_filling,FAIL,3.274133859380463e-06,780.9628834872178,1.799366476013413
0.8627512927757608,"delay: 84.2806, f0: 261.626, z: 2.3808
status=FAIL
velocity_m_s=2.07501941998
hardness_N_per_mm_p=6845.23170246
p=4.27396816698
epsilon=0.862751292776
tau0_s=6.00741334428e-06
linear_density_kg_m=0.00626250090958
tension_N=724.42980362
force_log=""/var/folders/zh/nj8dx9w152qdp4y5nkg5xm540000gn/T/bbpiano-hammer-search-bz3hgcz9/force_95.txt""
positive_force_samples=103
contact_span_s=0.00231292517007
maximum_force_N=51.7881582914
force_impulse_Ns=0.0195091207503
initial_hammer_energy_J=0.0322927919499
maximum_mechanical_energy_J=0.0360589280272
maximum_mechanical_energy_ratio=1.11662466606
string_energy_at_release_J=0.0315569262638
string_energy_at_release_ratio=0.977212695416
final_hammer_energy_J=0.00449784727447
final_string_energy_J=0.0292877110585
rebound_velocity_m_s=0.774411369964
physical_f0_hz=261.626
configured_f0_hz=261.626
f0_relative_error=0
integer_spatial_port_pass=1
strike_reset_position_error_m=0",,6845.231702461778,205,lhs_0172,0.00626250090958397,,,,,,,,,,1.2660042415584556,4.2739681669787535,,,space_filling,FAIL,6.00741334428074e-06,724.4298036204362,1.203269928485207
0.9563552570348601,"delay: 84.2806, f0: 261.626, z: 2.3808
status=FAIL
velocity_m_s=0.91098748852
hardness_N_per_mm_p=17442.7811448
p=3.0639103497
epsilon=0.956355257035
tau0_s=3.01698176089e-06
linear_density_kg_m=0.00633453050185
tension_N=732.761999357
force_log=""/var/folders/zh/nj8dx9w152qdp4y5nkg5xm540000gn/T/bbpiano-hammer-search-zptlnopm/force_65.txt""
positive_force_samples=125
contact_span_s=0.00281179138322
maximum_force_N=17.1148698531
force_impulse_Ns=0.0120959896426
initial_hammer_energy_J=0.00622423653181
maximum_mechanical_energy_J=0.00633782069914
maximum_mechanical_energy_ratio=1.0182486907
string_energy_at_release_J=0.00625528100644
string_energy_at_release_ratio=1.00498767591
final_hammer_energy_J=8.20401539225e-05
final_string_energy_J=0.00582169363544
rebound_velocity_m_s=0.104588179015
physical_f0_hz=261.626
configured_f0_hz=261.626
f0_relative_error=0
integer_spatial_port_pass=1
strike_reset_position_error_m=0",,17442.781144848537,206,lhs_0173,0.006334530501847644,,,,,,,,,,1.338919019066053,3.0639103497019664,,,space_filling,FAIL,3.016981760889384e-06,732.7619993568997,1.2725715597412588
0.8559961383741402,"delay: 84.2806, f0: 261.626, z: 2.3808
status=FAIL
velocity_m_s=2.80576643785
hardness_N_per_mm_p=11741.1489906
p=4.78717790549
epsilon=0.855996138374
tau0_s=0.000271082597345
linear_density_kg_m=0.0066533236377
tension_N=769.639159478
force_log=""/var/folders/zh/nj8dx9w152qdp4y5nkg5xm540000gn/T/bbpiano-hammer-search-uttx5aq_/force_110.txt""
positive_force_samples=92
contact_span_s=0.00206349206349
maximum_force_N=150.077065444
force_impulse_Ns=0.0241150304536
initial_hammer_energy_J=0.0590424397784
maximum_mechanical_energy_J=0.117899302317
maximum_mechanical_energy_ratio=1.99685688395
string_energy_at_release_J=0.107129958221
string_energy_at_release_ratio=1.81445683179
final_hammer_energy_J=0.0107657864764
final_string_energy_J=0.0992984160456
rebound_velocity_m_s=1.19809774094
physical_f0_hz=261.626
configured_f0_hz=261.626
f0_relative_error=0
integer_spatial_port_pass=1
strike_reset_position_error_m=0",,11741.148990578093,207,lhs_0174,0.006653323637703833,,,,,,,,,,0.8583361006474328,4.787177905490092,,,space_filling,FAIL,0.00027108259734520506,769.6391594784116,0.8158029685358047
0.9692098846083437,"delay: 84.2806, f0: 261.626, z: 2.3808
status=FAIL
velocity_m_s=4.89207893805
hardness_N_per_mm_p=990.692115718
p=3.22086003577
epsilon=0.969209884608
tau0_s=0.000354196315643
linear_density_kg_m=0.00615907417549
tension_N=712.465668245
force_log=""/var/folders/zh/nj8dx9w152qdp4y5nkg5xm540000gn/T/bbpiano-hammer-search-7owno70x/force_110.txt""
positive_force_samples=91
contact_span_s=0.00204081632653
maximum_force_N=120.958137648
force_impulse_Ns=0.0370235523448
initial_hammer_energy_J=0.179493272521
maximum_mechanical_energy_J=0.203804480991
maximum_mechanical_energy_ratio=1.13544356358
string_energy_at_release_J=0.159731734435
string_energy_at_release_ratio=0.889903739519
final_hammer_energy_J=0.0440625794907
final_string_energy_J=0.148080485591
rebound_velocity_m_s=2.42384211506
physical_f0_hz=261.626
configured_f0_hz=261.626
f0_relative_error=0
integer_spatial_port_pass=1
strike_reset_position_error_m=0",,990.6921157176092,208,lhs_0175,0.006159074175490565,,,,,,,,,,1.4965778701660706,3.2208600357695305,,,space_filling,FAIL,0.0003541963156431798,712.465668245426,1.4224179411835904
0.9869371913582472,"delay: 84.2806, f0: 261.626, z: 2.3808
status=FAIL
velocity_m_s=5.13531916469
hardness_N_per_mm_p=3629.8438409
p=4.42170898337
epsilon=0.986937191358
tau0_s=1.36864570696e-05
linear_density_kg_m=0.00645964722996
tension_N=747.235176779
force_log=""/var/folders/zh/nj8dx9w152qdp4y5nkg5xm540000gn/T/bbpiano-hammer-search-fjvsgdl4/force_110.txt""
positive_force_samples=8
contact_span_s=0.00015873015873
maximum_force_N=50.6220406325
force_impulse_Ns=0.0028976694913
initial_hammer_energy_J=0.197786271924
maximum_mechanical_energy_J=0.199281396674
maximum_mechanical_energy_ratio=1.00755929487
string_energy_at_release_J=0.0160956926807
string_energy_at_release_ratio=0.0813792207322
final_hammer_energy_J=0.183185697202
final_string_energy_J=0.0147965152663
rebound_velocity_m_s=4.94214119861
physical_f0_hz=261.626
configured_f0_hz=261.626
f0_relative_error=2.17269762412e-16
integer_spatial_port_pass=1
strike_reset_position_error_m=0",,3629.8438409002256,209,lhs_0176,0.0064596472299552465,,,,,,,,,,1.5709895763008637,4.421708983369186,,,space_filling,FAIL,1.3686457069576802e-05,747.2351767793431,1.493142323756791
0.9607876374262233,,True,6600.129332687951,210,lhs_0177,0.006265201206271028,1.0,5.1642235637976,5.34888865219668,1.814058956916095,1.8820861678004488,0.006246678225820273,1.0,0.706244785091,inf,1.1267341977344032,4.1197347530809205,9.740659056032067,7.534044507486509,space_filling,PASS,7.880001358335325e-05,724.7421669121891,1.0709011336808483
0.8996005062416624,"delay: 84.2806, f0: 261.626, z: 2.3808
status=FAIL
velocity_m_s=1.82027890055
hardness_N_per_mm_p=3135.1005332
p=4.82047784894
epsilon=0.899600506242
tau0_s=0.000218322629304
linear_density_kg_m=0.00614847946492
tension_N=711.240099705
force_log=""/var/folders/zh/nj8dx9w152qdp4y5nkg5xm540000gn/T/bbpiano-hammer-search-0l5_y5j_/force_80.txt""
positive_force_samples=114
contact_span_s=0.00256235827664
maximum_force_N=43.8376211202
force_impulse_Ns=0.0202121772368
initial_hammer_energy_J=0.0248506145684
maximum_mechanical_energy_J=0.0275574778512
maximum_mechanical_energy_ratio=1.10892540606
string_energy_at_release_J=0.0258784647141
string_energy_at_release_ratio=1.04136115599
final_hammer_energy_J=0.00167655176515
final_string_energy_J=0.0240439027541
rebound_velocity_m_s=0.472800418098
physical_f0_hz=261.626
configured_f0_hz=261.626
f0_relative_error=0
integer_spatial_port_pass=1
strike_reset_position_error_m=0",,3135.100533202383,211,lhs_0178,0.006148479464916708,,,,,,,,,,1.8202789005494386,4.820477848942933,,,space_filling,FAIL,0.0002183226293041687,711.2400997047987,1.7300786131577282
0.9758209648177819,"delay: 84.2806, f0: 261.626, z: 2.3808
status=FAIL
velocity_m_s=0.653019299883
hardness_N_per_mm_p=26426.5417014
p=4.87939879352
epsilon=0.975820964818
tau0_s=4.20627818088e-06
linear_density_kg_m=0.00607457077115
tension_N=702.690534398
force_log=""/var/folders/zh/nj8dx9w152qdp4y5nkg5xm540000gn/T/bbpiano-hammer-search-v3ij8qom/force_50.txt""
positive_force_samples=126
contact_span_s=0.00283446712018
maximum_force_N=14.9929219605
force_impulse_Ns=0.0069817577564
initial_hammer_energy_J=0.00319825654515
maximum_mechanical_energy_J=0.00324633410429
maximum_mechanical_energy_ratio=1.01503242734
string_energy_at_release_J=0.0029821604861
string_energy_at_release_ratio=0.932433169134
final_hammer_energy_J=0.00026386536208
final_string_energy_J=0.0027758958171
rebound_velocity_m_s=0.18756878279
physical_f0_hz=261.626
configured_f0_hz=261.626
f0_relative_error=0
integer_spatial_port_pass=1
strike_reset_position_error_m=0",,26426.541701351318,212,lhs_0179,0.0060745707711491485,,,,,,,,,,1.3159103498720257,4.8793987935160885,,,space_filling,FAIL,4.206278180884342e-06,702.6905343977603,1.2507030392206988
0.8855692767190956,"delay: 84.2806, f0: 261.626, z: 2.3808
status=FAIL
velocity_m_s=1.98669743511
hardness_N_per_mm_p=2456.56803978
p=4.64768569451
epsilon=0.885569276719
tau0_s=7.07801177712e-05
linear_density_kg_m=0.00641415308555
tension_N=741.972532578
force_log=""/var/folders/zh/nj8dx9w152qdp4y5nkg5xm540000gn/T/bbpiano-hammer-search-siwoj84o/force_95.txt""
positive_force_samples=103
contact_span_s=0.00231292517007
maximum_force_N=60.8776678573
force_impulse_Ns=0.0184462918501
initial_hammer_energy_J=0.02960225024
maximum_mechanical_energy_J=0.0361834792709
maximum_mechanical_energy_ratio=1.22232191734
string_energy_at_release_J=0.0318828130238
string_energy_at_release_ratio=1.07704018327
final_hammer_energy_J=0.00429723896807
final_string_energy_J=0.0295869575456
rebound_velocity_m_s=0.756944645098
physical_f0_hz=261.626
configured_f0_hz=261.626
f0_relative_error=0
integer_spatial_port_pass=1
strike_reset_position_error_m=0",,2456.568039776584,213,lhs_0180,0.006414153085546183,,,,,,,,,,1.212117513366284,4.647685694511191,,,space_filling,FAIL,7.078011777122789e-05,741.9725325776151,1.1520534495433377
0.860470230760387,"delay: 84.2806, f0: 261.626, z: 2.3808
status=FAIL
velocity_m_s=5.53419254191
hardness_N_per_mm_p=2220.31611867
p=4.83980267456
epsilon=0.86047023076
tau0_s=1.88898346978e-05
linear_density_kg_m=0.00653399289544
tension_N=755.835289837
force_log=""/var/folders/zh/nj8dx9w152qdp4y5nkg5xm540000gn/T/bbpiano-hammer-search-alq3a4i_/force_110.txt""
positive_force_samples=10
contact_span_s=0.000204081632653
maximum_force_N=48.4569691953
force_impulse_Ns=0.00409105165714
initial_hammer_energy_J=0.229704653182
maximum_mechanical_energy_J=0.230042848535
maximum_mechanical_energy_ratio=1.00147230519
string_energy_at_release_J=0.0224178343468
string_energy_at_release_ratio=0.0975941672764
final_hammer_energy_J=0.207621875734
final_string_energy_J=0.0206114309522
rebound_velocity_m_s=5.26145576476
physical_f0_hz=261.626
configured_f0_hz=261.626
f0_relative_error=0
integer_spatial_port_pass=1
strike_reset_position_error_m=0",,2220.3161186654734,214,lhs_0181,0.006533992895437492,,,,,,,,,,1.6930123557560415,4.839802674561016,,,space_filling,FAIL,1.8889834697788103e-05,755.8352898368775,1.6091185079501822
0.9582331644729652,,True,8337.081001101766,215,lhs_0182,0.006400895026326775,1.0,4.549563520134868,19.0992471348649,2.3582766439909335,2.471655328798189,0.010542698632590712,1.0,0.339004276921,inf,1.0562875968038548,4.405805983375125,13.252404814444063,8.387010381420211,space_filling,PASS,0.00016546542757180378,740.4388747984993,1.003945373438387
0.9077341521043805,"delay: 84.2806, f0: 261.626, z: 2.3808
status=FAIL
velocity_m_s=1.04505245769
hardness_N_per_mm_p=8275.28987955
p=4.12561137011
epsilon=0.907734152104
tau0_s=2.89208946745e-05
linear_density_kg_m=0.00663057163861
tension_N=767.007267448
force_log=""/var/folders/zh/nj8dx9w152qdp4y5nkg5xm540000gn/T/bbpiano-hammer-search-nrlxvxff/force_80.txt""
positive_force_samples=110
contact_span_s=0.0024716553288
maximum_force_N=25.3311114303
force_impulse_Ns=0.0107894067845
initial_hammer_energy_J=0.00819100979488
maximum_mechanical_energy_J=0.00859181089348
maximum_mechanical_energy_ratio=1.04893182997
string_energy_at_release_J=0.00779504982969
string_energy_at_release_ratio=0.951659200133
final_hammer_energy_J=0.000795890343127
final_string_energy_J=0.00723979618025
rebound_velocity_m_s=0.325758672052
physical_f0_hz=261.626
configured_f0_hz=261.626
f0_relative_error=0
integer_spatial_port_pass=1
strike_reset_position_error_m=0",,8275.289879554944,216,lhs_0183,0.006630571638612365,,,,,,,,,,1.0450524576871358,4.125611370105599,,,space_filling,FAIL,2.8920894674532577e-05,767.0072674480917,0.9932669692137266
0.8936250397330311,"delay: 84.2806, f0: 261.626, z: 2.3808
status=FAIL
velocity_m_s=3.12710286684
hardness_N_per_mm_p=27086.7879855
p=3.29067445631
epsilon=0.893625039733
tau0_s=2.0771318216e-05
linear_density_kg_m=0.00676123798672
tension_N=782.122410466
force_log=""/var/folders/zh/nj8dx9w152qdp4y5nkg5xm540000gn/T/bbpiano-hammer-search-6f5v42sk/force_110.txt""
positive_force_samples=4
contact_span_s=6.80272108844e-05
maximum_force_N=32.7011041776
force_impulse_Ns=0.00129643335054
initial_hammer_energy_J=0.0733407925483
maximum_mechanical_energy_J=0.0747416268961
maximum_mechanical_energy_ratio=1.01910034374
string_energy_at_release_J=0.00539889014719
string_energy_at_release_ratio=0.0736137415427
final_hammer_energy_J=0.0693427367489
final_string_energy_J=0.00496311198689
rebound_velocity_m_s=3.0406739768
physical_f0_hz=261.626
configured_f0_hz=261.626
f0_relative_error=0
integer_spatial_port_pass=1
strike_reset_position_error_m=0",,27086.78798546474,217,lhs_0184,0.006761237986716105,,,,,,,,,,0.956638886555642,3.290674456310424,,,space_filling,FAIL,2.077131821599894e-05,782.1224104657525,0.9092345561141042
0.9428150804563902,"delay: 84.2806, f0: 261.626, z: 2.3808
status=FAIL
velocity_m_s=0.7937765933
hardness_N_per_mm_p=10874.0509072
p=3.68371251719
epsilon=0.942815080456
tau0_s=5.70584000156e-05
linear_density_kg_m=0.00666308534715
tension_N=770.768368617
force_log=""/var/folders/zh/nj8dx9w152qdp4y5nkg5xm540000gn/T/bbpiano-hammer-search-avid2hdx/force_80.txt""
positive_force_samples=102
contact_span_s=0.00229024943311
maximum_force_N=23.8451443324
force_impulse_Ns=0.00714588838428
initial_hammer_energy_J=0.00472560960053
maximum_mechanical_energy_J=0.0055315497023
maximum_mechanical_energy_ratio=1.17054733038
string_energy_at_release_J=0.00477556355628
string_energy_at_release_ratio=1.01057090195
final_hammer_energy_J=0.000755494689442
final_string_energy_J=0.00443139912395
rebound_velocity_m_s=0.317384034348
physical_f0_hz=261.626
configured_f0_hz=261.626
f0_relative_error=0
integer_spatial_port_pass=1
strike_reset_position_error_m=0",,10874.050907207104,218,lhs_0185,0.006663085347151201,,,,,,,,,,0.79377659330014,3.6837125171860086,,,space_filling,FAIL,5.705840001563623e-05,770.7683686170697,0.7544425787055228
0.9115413191508193,"delay: 84.2806, f0: 261.626, z: 2.3808
status=FAIL
velocity_m_s=3.46481951493
hardness_N_per_mm_p=734.601722753
p=3.86849198361
epsilon=0.911541319151
tau0_s=0.000219271484673
linear_density_kg_m=0.00624181498013
tension_N=722.036909148
force_log=""/var/folders/zh/nj8dx9w152qdp4y5nkg5xm540000gn/T/bbpiano-hammer-search-d618gnlj/force_110.txt""
positive_force_samples=99
contact_span_s=0.00222222222222
maximum_force_N=82.0828629626
force_impulse_Ns=0.0304953950594
initial_hammer_energy_J=0.0900373070325
maximum_mechanical_energy_J=0.0992074428019
maximum_mechanical_energy_ratio=1.10184817907
string_energy_at_release_J=0.0838206428672
string_energy_at_release_ratio=0.930954574607
final_hammer_energy_J=0.0153752377764
final_string_energy_J=0.0777762827921
rebound_velocity_m_s=1.43179317763
physical_f0_hz=261.626
configured_f0_hz=261.626
f0_relative_error=0
integer_spatial_port_pass=1
strike_reset_position_error_m=0",,734.6017227528959,219,lhs_0186,0.006241814980133895,,,,,,,,,,1.0599526859274397,3.8684919836149323,,,space_filling,FAIL,0.00021927148467279037,722.0369091481512,1.0074288463864707
0.9767916683479507,"delay: 84.2806, f0: 261.626, z: 2.3808
status=FAIL
velocity_m_s=0.931567856512
hardness_N_per_mm_p=29939.8780007
p=4.38905728755
epsilon=0.976791668348
tau0_s=0.000446066539437
linear_density_kg_m=0.00629060029482
tension_N=727.680267361
force_log=""/var/folders/zh/nj8dx9w152qdp4y5nkg5xm540000gn/T/bbpiano-hammer-search-x9xj51bo/force_50.txt""
positive_force_samples=119
contact_span_s=0.00267573696145
maximum_force_N=16.6662305074
force_impulse_Ns=0.0114596832933
initial_hammer_energy_J=0.00650864003465
maximum_mechanical_energy_J=0.00661784504094
maximum_mechanical_energy_ratio=1.01677846765
string_energy_at_release_J=0.00640666954145
string_energy_at_release_ratio=0.984333056881
final_hammer_energy_J=0.000210645472228
final_string_energy_J=0.00595808385554
rebound_velocity_m_s=0.167588970292
physical_f0_hz=261.626
configured_f0_hz=261.626
f0_relative_error=0
integer_spatial_port_pass=1
strike_reset_position_error_m=0",,29939.87800065554,220,lhs_0187,0.006290600294824489,,,,,,,,,,1.8772183061230268,4.389057287552227,,,space_filling,FAIL,0.0004460665394371277,727.6802673609672,1.7841965001469386
0.9921930572836284,,True,1430.2616133856789,221,lhs_0188,0.006163256751943857,1.0,4.336586043176657,10.9670671950987,1.4739229024943301,1.6326530612244887,0.005491217515488362,1.0,1.00384843011,inf,1.3782196060563068,3.7392282127727996,9.917666634681563,6.0345967510149086,space_filling,PASS,3.99931036256317e-06,712.9494978020889,1.3099246845925439
0.9256868649173119,"delay: 84.2806, f0: 261.626, z: 2.3808
status=FAIL
velocity_m_s=0.867205019655
hardness_N_per_mm_p=9295.73340085
p=4.68938613182
epsilon=0.925686864917
tau0_s=1.7962991353e-05
linear_density_kg_m=0.00646453833754
tension_N=747.800967373
force_log=""/var/folders/zh/nj8dx9w152qdp4y5nkg5xm540000gn/T/bbpiano-hammer-search-7mbf3anv/force_50.txt""
positive_force_samples=122
contact_span_s=0.00274376417234
maximum_force_N=20.7978172475
force_impulse_Ns=0.00998603224881
initial_hammer_energy_J=0.00564033409586
maximum_mechanical_energy_J=0.00583298542607
maximum_mechanical_energy_ratio=1.03415601398
string_energy_at_release_J=0.00552800500639
string_energy_at_release_ratio=0.980084674497
final_hammer_energy_J=0.000304424805731
final_string_energy_J=0.00514355019651
rebound_velocity_m_s=0.201469536401
physical_f0_hz=261.626
configured_f0_hz=261.626
f0_relative_error=0
integer_spatial_port_pass=1
strike_reset_position_error_m=0",,9295.733400848281,222,lhs_0189,0.006464538337537465,,,,,,,,,,1.74751965375005,4.689386131817884,,,space_filling,FAIL,1.796299135297973e-05,747.8009673726586,1.6609248055961003
0.9657140113270855,"delay: 84.2806, f0: 261.626, z: 2.3808
status=FAIL
velocity_m_s=2.7202550036
hardness_N_per_mm_p=314.873268213
p=4.66780004412
epsilon=0.965714011327
tau0_s=0.000502500696424
linear_density_kg_m=0.00580447421526
tension_N=671.446467887
force_log=""/var/folders/zh/nj8dx9w152qdp4y5nkg5xm540000gn/T/bbpiano-hammer-search-f4hu_d0s/force_95.txt""
positive_force_samples=178
contact_span_s=0.00401360544218
maximum_force_N=69.0776157242
force_impulse_Ns=0.0519513599718
initial_hammer_energy_J=0.0554984046346
maximum_mechanical_energy_J=0.0608520368441
maximum_mechanical_energy_ratio=1.09646461452
string_energy_at_release_J=0.0567053448401
string_energy_at_release_ratio=1.0217472955
final_hammer_energy_J=0.00414225115814
final_string_energy_J=0.0529788762457
rebound_velocity_m_s=-0.743168994522
physical_f0_hz=261.626
configured_f0_hz=261.626
f0_relative_error=0
integer_spatial_port_pass=1
strike_reset_position_error_m=0",,314.87326821348967,223,lhs_0190,0.00580447421526006,,,,,,,,,,1.6596733213725174,4.66780004411696,,,space_filling,FAIL,0.000502500696424221,671.4464678872315,1.5774315228662728
0.9601636932298747,"delay: 84.2806, f0: 261.626, z: 2.3808
status=FAIL
velocity_m_s=4.11331270601
hardness_N_per_mm_p=8865.17427076
p=3.46331981512
epsilon=0.96016369323
tau0_s=2.009157971e-05
linear_density_kg_m=0.00640847163418
tension_N=741.315317072
force_log=""/var/folders/zh/nj8dx9w152qdp4y5nkg5xm540000gn/T/bbpiano-hammer-search-aamb7w90/force_110.txt""
positive_force_samples=7
contact_span_s=0.000136054421769
maximum_force_N=55.9194168995
force_impulse_Ns=0.00274184844174
initial_hammer_energy_J=0.126895060631
maximum_mechanical_energy_J=0.132477311942
maximum_mechanical_energy_ratio=1.04399108431
string_energy_at_release_J=0.0166097389401
string_energy_at_release_ratio=0.130893502533
final_hammer_energy_J=0.115867571693
final_string_energy_J=0.0152690666133
rebound_velocity_m_s=3.9305228099
physical_f0_hz=261.626
configured_f0_hz=261.626
f0_relative_error=0
integer_spatial_port_pass=1
strike_reset_position_error_m=0",,8865.174270758753,224,lhs_0191,0.006408471634175792,,,,,,,,,,1.2583388058208544,3.4633198151192137,,,space_filling,FAIL,2.009157971001973e-05,741.3153170721879,1.1959843381143274
0.9376760986583168,"delay: 84.2806, f0: 261.626, z: 2.3808
status=FAIL
velocity_m_s=4.67268943127
hardness_N_per_mm_p=16633.8721178
p=4.51834584853
epsilon=0.937676098658
tau0_s=1.08430443771e-05
linear_density_kg_m=0.00575502537736
tension_N=665.726355037
force_log=""/var/folders/zh/nj8dx9w152qdp4y5nkg5xm540000gn/T/bbpiano-hammer-search-gr4zxuqb/force_110.txt""
positive_force_samples=5
contact_span_s=9.07029478458e-05
maximum_force_N=42.4417562672
force_impulse_Ns=0.00168320788399
initial_hammer_energy_J=0.163755198908
maximum_mechanical_energy_J=0.166174574147
maximum_mechanical_energy_ratio=1.01477434155
string_energy_at_release_J=0.0101900433035
string_energy_at_release_ratio=0.0622272964245
final_hammer_energy_J=0.155984530844
final_string_energy_J=0.00936754345059
rebound_velocity_m_s=4.56047557233
physical_f0_hz=261.626
configured_f0_hz=261.626
f0_relative_error=0
integer_spatial_port_pass=1
strike_reset_position_error_m=0",,16633.872117845734,225,lhs_0192,0.005755025377359503,,,,,,,,,,1.4294625425196446,4.518345848534667,,,space_filling,FAIL,1.0843044377115023e-05,665.7263550366707,1.3586283796273328
0.9323876508801752,"delay: 84.2806, f0: 261.626, z: 2.3808
status=FAIL
velocity_m_s=1.00655564686
hardness_N_per_mm_p=3307.85160526
p=3.71005591574
epsilon=0.93238765088
tau0_s=3.45465126144e-05
linear_density_kg_m=0.00674901014373
tension_N=780.707925419
force_log=""/var/folders/zh/nj8dx9w152qdp4y5nkg5xm540000gn/T/bbpiano-hammer-search-ki6enz0g/force_65.txt""
positive_force_samples=131
contact_span_s=0.00294784580499
maximum_force_N=25.2572354569
force_impulse_Ns=0.0139481831486
initial_hammer_energy_J=0.00759865702662
maximum_mechanical_energy_J=0.00787285972509
maximum_mechanical_energy_ratio=1.03608567902
string_energy_at_release_J=0.00782818818286
string_energy_at_release_ratio=1.03020680568
final_hammer_energy_J=4.40949532556e-05
final_string_energy_J=0.00728885499011
rebound_velocity_m_s=0.0766767702812
physical_f0_hz=261.626
configured_f0_hz=261.626
f0_relative_error=0
integer_spatial_port_pass=1
strike_reset_position_error_m=0",,3307.851605255409,226,lhs_0193,0.006749010143727831,,,,,,,,,,1.4793798118037382,3.7100559157399475,,,space_filling,FAIL,3.454651261442257e-05,780.7079254185502,1.4060720982737327
0.9052353383583377,"delay: 84.2806, f0: 261.626, z: 2.3808
status=FAIL
velocity_m_s=1.88107919683
hardness_N_per_mm_p=4761.08193724
p=4.86735375249
epsilon=0.905235338358
tau0_s=0.000121550350012
linear_density_kg_m=0.00601051924207
tension_N=695.281220243
force_log=""/var/folders/zh/nj8dx9w152qdp4y5nkg5xm540000gn/T/bbpiano-hammer-search-m1wmkarp/force_80.txt""
positive_force_samples=98
contact_span_s=0.00219954648526
maximum_force_N=31.6016086435
force_impulse_Ns=0.0147247123231
initial_hammer_energy_J=0.0265384420856
maximum_mechanical_energy_J=0.0266515661326
maximum_mechanical_energy_ratio=1.00426264837
string_energy_at_release_J=0.0205810241739
string_energy_at_release_ratio=0.77551742139
final_hammer_energy_J=0.00606733048857
final_string_energy_J=0.019095585528
rebound_velocity_m_s=0.899431708623
physical_f0_hz=261.626
configured_f0_hz=261.626
f0_relative_error=0
integer_spatial_port_pass=1
strike_reset_position_error_m=0",,4761.081937244424,227,lhs_0194,0.00601051924207051,,,,,,,,,,1.88107919682861,4.867353752489308,,,space_filling,FAIL,0.00012155035001168995,695.281220243248,1.7878660721204713
0.9864414741271403,"delay: 84.2806, f0: 261.626, z: 2.3808
status=FAIL
velocity_m_s=0.667633338536
hardness_N_per_mm_p=34698.2124982
p=3.53267981795
epsilon=0.986441474127
tau0_s=0.00014247928551
linear_density_kg_m=0.00594736812564
tension_N=687.97606348
force_log=""/var/folders/zh/nj8dx9w152qdp4y5nkg5xm540000gn/T/bbpiano-hammer-search-5aoxu6xr/force_50.txt""
positive_force_samples=91
contact_span_s=0.00204081632653
maximum_force_N=14.9960342303
force_impulse_Ns=0.0044874310867
initial_hammer_energy_J=0.00334300706044
maximum_mechanical_energy_J=0.00362262723951
maximum_mechanical_energy_ratio=1.08364331095
string_energy_at_release_J=0.00260416896926
string_energy_at_release_ratio=0.778989969863
final_hammer_energy_J=0.0010182830545
final_string_energy_J=0.00241444356532
rebound_velocity_m_s=0.36847126609
physical_f0_hz=261.626
configured_f0_hz=261.626
f0_relative_error=0
integer_spatial_port_pass=1
strike_reset_position_error_m=0",,34698.21249819298,228,lhs_0195,0.005947368125637071,,,,,,,,,,1.3453593488827296,3.5326798179541377,,,space_filling,FAIL,0.00014247928550985013,687.9760634797136,1.278692751869647
0.885772081559407,,False,532.6175415495786,229,lhs_0196,0.006610193814571123,1.0,2.8531649100346517,14.5543074997634,6.59863945578231,7.006802721088439,0.0439612625972297,0.3592233009708736,-1.40072256151,0.5606060606060602,1.5300311739211225,3.1086022628290024,9.458334382635657,5.556775445827535,space_filling,PASS,3.104202915657493e-06,764.6500138074867,1.454213533248419
0.9702819408161396,,False,579.1853104914001,230,lhs_0197,0.006344707205237673,1.0,1.788866465539942,6.93471353747467,6.371882086167799,6.598639455782309,0.022411721178496553,0.3676975945017177,-0.679364848231,0.5815217391304335,0.8148134455289421,3.8383579255586335,8.628687724127154,5.3014854078579985,space_filling,PASS,0.0004101377143178244,733.9392139145949,0.7744369917145535
0.8911564831264254,,False,1066.4072104345228,231,lhs_0198,0.005963477631361018,1.0,4.029165659587198,5.96272132553139,6.530612244897958,6.78004535147392,0.0218292840492997,0.6287625418060211,-0.685102505772,1.6936936936937013,0.7702305632138798,4.056511543193215,12.051074660585835,6.744681374655974,space_filling,PASS,0.00012657346044668682,689.839569168018,0.7320633251390989
0.9668502409267559,,False,4990.71902405371,232,lhs_0199,0.006420804101403536,1.0,4.246697228517169,4.46420201768292,1.609977324263034,1.7006802721088388,0.004425256877053291,1.0,0.611728424628,inf,0.9101203470009684,4.014914275793838,13.869531706969157,8.64510534950701,space_filling,PASS,3.8993412505741395e-05,742.7419047790698,0.8650211499297112
0.8720498083180741,"delay: 84.2806, f0: 261.626, z: 2.3808
status=FAIL
velocity_m_s=2.25114204515
hardness_N_per_mm_p=1463.72023246
p=3.93798246923
epsilon=0.872049808318
tau0_s=0.000173905627484
linear_density_kg_m=0.0059785659226
tension_N=691.584943423
force_log=""/var/folders/zh/nj8dx9w152qdp4y5nkg5xm540000gn/T/bbpiano-hammer-search-kogbx9xr/force_95.txt""
positive_force_samples=108
contact_span_s=0.00242630385488
maximum_force_N=54.1379300158
force_impulse_Ns=0.0226054539433
initial_hammer_energy_J=0.0380073038058
maximum_mechanical_energy_J=0.0426111178669
maximum_mechanical_energy_ratio=1.12112971982
string_energy_at_release_J=0.0384544143595
string_energy_at_release_ratio=1.01176380614
final_hammer_energy_J=0.00415276758378
final_string_energy_J=0.035711581458
rebound_velocity_m_s=0.744111782264
physical_f0_hz=261.626
configured_f0_hz=261.626
f0_relative_error=2.17269762412e-16
integer_spatial_port_pass=1
strike_reset_position_error_m=0",,1463.7202324564842,233,lhs_0200,0.005978565922598698,,,,,,,,,,1.373459616841377,3.9379824692346315,,,space_filling,FAIL,0.000173905627483832,691.5849434228229,1.305400567141572
0.9625191468065109,,True,3700.876323634177,234,lhs_0201,0.006302204023604542,1.0,3.5942854492270806,9.7039518812804,2.199546485260774,2.290249433106579,0.006123985508092127,1.0,0.390362209482,inf,0.8059649997225675,3.437184828603466,8.053804563724377,5.353157478198631,space_filling,PASS,3.9228013811404065e-05,729.0225565011626,0.7660270129774089
0.9146957713597763,"delay: 84.2806, f0: 261.626, z: 2.3808
status=FAIL
velocity_m_s=1.01127138246
hardness_N_per_mm_p=5902.45293243
p=4.11527260337
epsilon=0.91469577136
tau0_s=0.000111718814153
linear_density_kg_m=0.00577303887936
tension_N=667.810110058
force_log=""/var/folders/zh/nj8dx9w152qdp4y5nkg5xm540000gn/T/bbpiano-hammer-search-iavwfiag/force_80.txt""
positive_force_samples=116
contact_span_s=0.00260770975057
maximum_force_N=20.0776120263
force_impulse_Ns=0.0105678759226
initial_hammer_energy_J=0.0076700235674
maximum_mechanical_energy_J=0.00782418686631
maximum_mechanical_energy_ratio=1.0200994557
string_energy_at_release_J=0.0071177821385
string_energy_at_release_ratio=0.928000034935
final_hammer_energy_J=0.00070569979065
final_string_energy_J=0.00661516931878
rebound_velocity_m_s=0.306746320956
physical_f0_hz=261.626
configured_f0_hz=261.626
f0_relative_error=0
integer_spatial_port_pass=1
strike_reset_position_error_m=0",,5902.45293243348,235,lhs_0202,0.00577303887936287,,,,,,,,,,1.0112713824619382,4.11527260336594,,,space_filling,FAIL,0.0001117188141532419,667.8101100583818,0.9611598477396789
0.8508045082965503,,False,940.1780847834561,236,lhs_0203,0.00655629865089883,1.0,2.268783187792551,11.0933937549104,6.64399092970522,7.052154195011339,0.0334268132464406,0.36012861736334384,-1.06778730666,0.5628140703517583,1.1606696644852508,3.674953414687812,7.832298542584741,4.526655286471075,space_filling,PASS,3.847620268275688e-06,758.415561565658,1.1031549961166789
0.9813102628345045,"delay: 84.2806, f0: 261.626, z: 2.3808
status=FAIL
velocity_m_s=2.85651074758
hardness_N_per_mm_p=9552.5297584
p=4.43902224417
epsilon=0.981310262835
tau0_s=0.000701637549205
linear_density_kg_m=0.00600338027177
tension_N=694.455402742
force_log=""/var/folders/zh/nj8dx9w152qdp4y5nkg5xm540000gn/T/bbpiano-hammer-search-xdtv0uty/force_110.txt""
positive_force_samples=92
contact_span_s=0.00206349206349
maximum_force_N=112.776386495
force_impulse_Ns=0.0224134206598
initial_hammer_energy_J=0.0611974023829
maximum_mechanical_energy_J=0.0949852163866
maximum_mechanical_energy_ratio=1.55211189835
string_energy_at_release_J=0.0810630688077
string_energy_at_release_ratio=1.32461617081
final_hammer_energy_J=0.0139186062339
final_string_energy_J=0.0751434473164
rebound_velocity_m_s=1.3622827036
physical_f0_hz=261.626
configured_f0_hz=261.626
f0_relative_error=0
integer_spatial_port_pass=1
strike_reset_position_error_m=0",,9552.52975840066,237,lhs_0204,0.006003380271769663,,,,,,,,,,0.8738597281148439,4.439022244168154,,,space_filling,FAIL,0.0007016375492049972,694.4554027419396,0.8305573536313464
0.9790956459266329,"delay: 84.2806, f0: 261.626, z: 2.3808
status=FAIL
velocity_m_s=0.883833790559
hardness_N_per_mm_p=32080.3952462
p=3.90416443562
epsilon=0.979095645927
tau0_s=0.000549010595215
linear_density_kg_m=0.0061784902933
tension_N=714.711674212
force_log=""/var/folders/zh/nj8dx9w152qdp4y5nkg5xm540000gn/T/bbpiano-hammer-search-yg6ijuxl/force_80.txt""
positive_force_samples=118
contact_span_s=0.00265306122449
maximum_force_N=14.4295523928
force_impulse_Ns=0.0108265011304
initial_hammer_energy_J=0.00585871627001
maximum_mechanical_energy_J=0.00592302458
maximum_mechanical_energy_ratio=1.01097651892
string_energy_at_release_J=0.00572557062416
string_energy_at_release_ratio=0.977273921502
final_hammer_energy_J=0.000196992961646
final_string_energy_J=0.00532461883361
rebound_velocity_m_s=0.162067048531
physical_f0_hz=261.626
configured_f0_hz=261.626
f0_relative_error=0
integer_spatial_port_pass=1
strike_reset_position_error_m=0",,32080.395246195243,238,lhs_0205,0.006178490293298393,,,,,,,,,,0.8838337905593705,3.9041644356220093,,,space_filling,FAIL,0.0005490105952145867,714.7116742123185,0.8400371713210238
0.9342585383780768,"delay: 84.2806, f0: 261.626, z: 2.3808
status=FAIL
velocity_m_s=3.72477575817
hardness_N_per_mm_p=20858.8132466
p=4.3779494158
epsilon=0.934258538378
tau0_s=5.07838014035e-05
linear_density_kg_m=0.00642572315765
tension_N=743.310928401
force_log=""/var/folders/zh/nj8dx9w152qdp4y5nkg5xm540000gn/T/bbpiano-hammer-search-n4wxjo6c/force_110.txt""
positive_force_samples=7
contact_span_s=0.000136054421769
maximum_force_N=30.8984399556
force_impulse_Ns=0.00211952589465
initial_hammer_energy_J=0.104054658365
maximum_mechanical_energy_J=0.10477096605
maximum_mechanical_energy_ratio=1.00688395596
string_energy_at_release_J=0.00846131995257
string_energy_at_release_ratio=0.0813161091061
final_hammer_energy_J=0.0963096460274
final_string_energy_J=0.00777835484484
rebound_velocity_m_s=3.58347403186
physical_f0_hz=261.626
configured_f0_hz=261.626
f0_relative_error=0
integer_spatial_port_pass=1
strike_reset_position_error_m=0",,20858.813246633028,239,lhs_0206,0.006425723157652299,,,,,,,,,,1.1394781322196283,4.377949415796498,,,space_filling,FAIL,5.0783801403475114e-05,743.3109284013796,1.0830135679312898
0.8874791977169764,,True,1927.5687476437201,240,lhs_0207,0.006213135741978905,1.0,5.5021988022268955,17.1115027487054,3.0612244897959213,3.197278911564629,0.017166369710032804,1.0,0.016651663374,inf,1.1740108250957528,3.921660002105004,12.433345394583755,7.823231471825833,space_filling,PASS,2.2194622488781527e-05,718.7193695318603,1.1158350621439042
0.9386184839918308,,True,320.42626565738493,241,lhs_0208,0.006581683104089633,1.0,3.751985815940021,12.3612017044519,3.333333333333334,3.6054421768707487,0.018165425133761133,1.0,-0.0582906740395,inf,1.162080991677003,4.5409495027585525,11.38968639788777,6.761868851606617,space_filling,PASS,2.8068576374084e-05,761.3519690337804,1.1044963878066454
0.9447532058228387,,False,2313.0841001449303,242,lhs_0209,0.006558924293900263,1.0,2.996226118428012,15.7745965089939,6.53061224489796,6.848072562358279,0.047688377518133956,0.3576158940397356,-1.52282536224,0.5567010309278362,1.6564262489099866,4.135216670359181,13.73859024605877,7.914136165416842,space_filling,PASS,2.7206821890019725e-06,758.719289113385,1.5743453525980229
0.8564098398108059,"delay: 84.2806, f0: 261.626, z: 2.3808
status=FAIL
velocity_m_s=1.54760707159
hardness_N_per_mm_p=7107.68290659
p=3.41411739209
epsilon=0.856409839811
tau0_s=5.74730063555e-06
linear_density_kg_m=0.00650762384622
tension_N=752.784986863
force_log=""/var/folders/zh/nj8dx9w152qdp4y5nkg5xm540000gn/T/bbpiano-hammer-search-7kicwnug/force_80.txt""
positive_force_samples=255
contact_span_s=0.00575963718821
maximum_force_N=16.8631393973
force_impulse_Ns=0.0432118943602
initial_hammer_energy_J=0.0179631573602
maximum_mechanical_energy_J=0.0185207538383
maximum_mechanical_energy_ratio=1.03104111749
string_energy_at_release_J=0.00502982791978
string_energy_at_release_ratio=0.280008008555
final_hammer_energy_J=0.0133303845449
final_string_energy_J=0.00473225504405
rebound_velocity_m_s=-1.33318588576
physical_f0_hz=261.626
configured_f0_hz=261.626
f0_relative_error=2.17269762412e-16
integer_spatial_port_pass=1
strike_reset_position_error_m=0",,7107.682906594049,243,lhs_0210,0.006507623846215555,,,,,,,,,,1.547607071586436,3.4141173920896657,,,space_filling,FAIL,5.747300635553245e-06,752.7849868628257,1.4709184923888174
0.9672425345283451,,False,448.35387357440453,244,lhs_0211,0.006720406625660371,1.0,3.132356240879458,22.0914328028977,4.058956916099769,4.240362811791379,0.02470083180932505,1.0,-0.445369368389,inf,1.2180511351897545,3.779792481595706,12.749872796082904,9.302474460418663,space_filling,PASS,0.0001256732535583942,777.3991449048815,1.1576930425816647
0.9107411254528512,,False,1892.1176217011948,245,lhs_0212,0.006646219805715468,1.0,4.268947952821756,11.348010003177,3.6507936507936547,3.718820861678009,0.022680990627254777,0.5792682926829262,-0.280045536206,1.3768115942028953,1.2396261320961433,3.5151195418516017,13.333764056889054,8.985427882061266,space_filling,PASS,0.0001477181167594934,768.8174066856243,1.1781989335829945
0.9772011470849419,"delay: 84.2806, f0: 261.626, z: 2.3808
status=FAIL
velocity_m_s=3.75093275199
hardness_N_per_mm_p=2819.42737387
p=3.52290712165
epsilon=0.977201147085
tau0_s=0.000514744546436
linear_density_kg_m=0.00596981650396
tension_N=690.57283345
force_log=""/var/folders/zh/nj8dx9w152qdp4y5nkg5xm540000gn/T/bbpiano-hammer-search-9xdvx953/force_110.txt""
positive_force_samples=89
contact_span_s=0.00199546485261
maximum_force_N=59.1809983274
force_impulse_Ns=0.0257181321168
initial_hammer_energy_J=0.105521223825
maximum_mechanical_energy_J=0.107678004145
maximum_mechanical_energy_ratio=1.02043930351
string_energy_at_release_J=0.0765703595782
string_energy_at_release_ratio=0.725639419284
final_hammer_energy_J=0.0311016504003
final_string_energy_J=0.0709806208879
rebound_velocity_m_s=2.03639061087
physical_f0_hz=261.626
configured_f0_hz=261.626
f0_relative_error=0
integer_spatial_port_pass=1
strike_reset_position_error_m=0",,2819.427373868446,246,lhs_0213,0.005969816503957911,,,,,,,,,,1.1474800427779366,3.5229071216516585,,,space_filling,FAIL,0.0005147445464360742,690.5728334496271,1.0906189597847862
0.9698793437687784,"delay: 84.2806, f0: 261.626, z: 2.3808
status=FAIL
velocity_m_s=0.767463856937
hardness_N_per_mm_p=10251.2414817
p=4.08452650307
epsilon=0.969879343769
tau0_s=8.22283953248e-05
linear_density_kg_m=0.00598052618553
tension_N=691.811701536
force_log=""/var/folders/zh/nj8dx9w152qdp4y5nkg5xm540000gn/T/bbpiano-hammer-search-0gbe632c/force_65.txt""
positive_force_samples=102
contact_span_s=0.00229024943311
maximum_force_N=15.6915048569
force_impulse_Ns=0.0060112031338
initial_hammer_energy_J=0.00441750578778
maximum_mechanical_energy_J=0.0044836222399
maximum_mechanical_energy_ratio=1.01496691918
string_energy_at_release_J=0.00347457436008
string_energy_at_release_ratio=0.786546645778
final_hammer_energy_J=0.00100861008308
final_string_energy_J=0.00322488496208
rebound_velocity_m_s=0.36671698135
physical_f0_hz=261.626
configured_f0_hz=261.626
f0_relative_error=0
integer_spatial_port_pass=1
strike_reset_position_error_m=0",,10251.241481691997,247,lhs_0214,0.005980526185528656,,,,,,,,,,1.1279759244193361,4.084526503073475,,,space_filling,FAIL,8.222839532483192e-05,691.8117015358989,1.0720813290785651
0.9613745478420851,"delay: 84.2806, f0: 261.626, z: 2.3808
status=FAIL
velocity_m_s=1.9690260468
hardness_N_per_mm_p=14643.1390643
p=4.56731977268
epsilon=0.961374547842
tau0_s=1.00244285521e-05
linear_density_kg_m=0.00632652286228
tension_N=731.835696456
force_log=""/var/folders/zh/nj8dx9w152qdp4y5nkg5xm540000gn/T/bbpiano-hammer-search-5ajghf52/force_95.txt""
positive_force_samples=20
contact_span_s=0.000430839002268
maximum_force_N=25.0276184361
force_impulse_Ns=0.00269133457603
initial_hammer_energy_J=0.0290779767972
maximum_mechanical_energy_J=0.0295772990501
maximum_mechanical_energy_ratio=1.01717183614
string_energy_at_release_J=0.00555616750015
string_energy_at_release_ratio=0.191078201173
final_hammer_energy_J=0.024020111643
final_string_energy_J=0.00511404244438
rebound_velocity_m_s=1.78960374173
physical_f0_hz=261.626
configured_f0_hz=261.626
f0_relative_error=0
integer_spatial_port_pass=1
strike_reset_position_error_m=0",,14643.139064281688,248,lhs_0215,0.006326522862281242,,,,,,,,,,1.2013359021959948,4.567319772684567,,,space_filling,FAIL,1.0024428552126968e-05,731.8356964561409,1.1418060995930253
0.9730161306974213,"delay: 84.2806, f0: 261.626, z: 2.3808
status=FAIL
velocity_m_s=2.32925059032
hardness_N_per_mm_p=381.650243326
p=4.5548229331
epsilon=0.973016130697
tau0_s=4.46736483617e-06
linear_density_kg_m=0.00668441108734
tension_N=773.23527473
force_log=""/var/folders/zh/nj8dx9w152qdp4y5nkg5xm540000gn/T/bbpiano-hammer-search-tketocx8/force_95.txt""
positive_force_samples=121
contact_span_s=0.00272108843537
maximum_force_N=57.2975069305
force_impulse_Ns=0.0258326346718
initial_hammer_energy_J=0.0406905623437
maximum_mechanical_energy_J=0.0415219356883
maximum_mechanical_energy_ratio=1.02043160125
string_energy_at_release_J=0.0387537660357
string_energy_at_release_ratio=0.952401829898
final_hammer_energy_J=0.0027640499212
final_string_energy_J=0.0360532529557
rebound_velocity_m_s=0.607074945533
physical_f0_hz=261.626
configured_f0_hz=261.626
f0_relative_error=0
integer_spatial_port_pass=1
strike_reset_position_error_m=0",,381.6502433264785,249,lhs_0216,0.006684411087337405,,,,,,,,,,1.421114953716733,4.554822933099775,,,space_filling,FAIL,4.467364836166366e-06,773.2352747298511,1.3506944389246234
0.9083424632285553,"delay: 84.2806, f0: 261.626, z: 2.3808
status=FAIL
velocity_m_s=0.623296401754
hardness_N_per_mm_p=14368.7545048
p=4.39790535089
epsilon=0.908342463229
tau0_s=4.9790071918e-05
linear_density_kg_m=0.00614243936972
tension_N=710.541397216
force_log=""/var/folders/zh/nj8dx9w152qdp4y5nkg5xm540000gn/T/bbpiano-hammer-search-p7d2nq2o/force_65.txt""
positive_force_samples=135
contact_span_s=0.00303854875283
maximum_force_N=13.2000180697
force_impulse_Ns=0.00827952858736
initial_hammer_energy_J=0.0029137380333
maximum_mechanical_energy_J=0.00292930310144
maximum_mechanical_energy_ratio=1.00534195867
string_energy_at_release_J=0.00289093371362
string_energy_at_release_ratio=0.992173517515
final_hammer_energy_J=3.81574442063e-05
final_string_energy_J=0.00269257664679
rebound_velocity_m_s=0.071327829264
physical_f0_hz=261.626
configured_f0_hz=261.626
f0_relative_error=0
integer_spatial_port_pass=1
strike_reset_position_error_m=0",,14368.754504790275,250,lhs_0217,0.006142439369724404,,,,,,,,,,0.916086573460983,4.397905350887543,,,space_filling,FAIL,4.97900719180034e-05,710.5413972156202,0.8706917319469017
0.9968555897252325,"delay: 84.2806, f0: 261.626, z: 2.3808
status=FAIL
velocity_m_s=1.42309769974
hardness_N_per_mm_p=1343.57001419
p=3.73324675107
epsilon=0.996855589725
tau0_s=0.000132218322217
linear_density_kg_m=0.00638113996108
tension_N=738.153660274
force_log=""/var/folders/zh/nj8dx9w152qdp4y5nkg5xm540000gn/T/bbpiano-hammer-search-l65k3rce/force_95.txt""
positive_force_samples=111
contact_span_s=0.00249433106576
maximum_force_N=35.2111668889
force_impulse_Ns=0.0144847761666
initial_hammer_energy_J=0.0151890529726
maximum_mechanical_energy_J=0.016000081076
maximum_mechanical_energy_ratio=1.05339556751
string_energy_at_release_J=0.0144291818786
string_energy_at_release_ratio=0.949972450855
final_hammer_energy_J=0.00156942601518
final_string_energy_J=0.0134024753634
rebound_velocity_m_s=0.457445955304
physical_f0_hz=261.626
configured_f0_hz=261.626
f0_relative_error=0
integer_spatial_port_pass=1
strike_reset_position_error_m=0",,1343.5700141862217,251,lhs_0218,0.006381139961082481,,,,,,,,,,0.868255837355082,3.733246751074961,,,space_filling,FAIL,0.00013221832221708271,738.1536602744533,0.8252311524920541
0.912821525558442,"delay: 84.2806, f0: 261.626, z: 2.3808
status=FAIL
velocity_m_s=1.35417933677
hardness_N_per_mm_p=27248.6715957
p=3.82751143921
epsilon=0.912821525558
tau0_s=3.47215950097e-06
linear_density_kg_m=0.00583972167108
tension_N=675.523801826
force_log=""/var/folders/zh/nj8dx9w152qdp4y5nkg5xm540000gn/T/bbpiano-hammer-search-sorzq5gh/force_80.txt""
positive_force_samples=104
contact_span_s=0.00233560090703
maximum_force_N=28.305852496
force_impulse_Ns=0.0123993817154
initial_hammer_energy_J=0.013753512571
maximum_mechanical_energy_J=0.0146351743764
maximum_mechanical_energy_ratio=1.06410448246
string_energy_at_release_J=0.0125461070366
string_energy_at_release_ratio=0.912211114929
final_hammer_energy_J=0.00208734829411
final_string_energy_J=0.0116467179136
rebound_velocity_m_s=0.527553889078
physical_f0_hz=261.626
configured_f0_hz=261.626
f0_relative_error=0
integer_spatial_port_pass=1
strike_reset_position_error_m=0",,27248.6715957483,252,lhs_0219,0.005839721671084999,,,,,,,,,,1.354179336768641,3.82751143920777,,,space_filling,FAIL,3.4721595009694936e-06,675.5238018261861,1.287075682861771
0.8992825496452416,"delay: 84.2806, f0: 261.626, z: 2.3808
status=FAIL
velocity_m_s=1.39442041823
hardness_N_per_mm_p=16891.9244996
p=3.95258442177
epsilon=0.899282549645
tau0_s=0.000160102093058
linear_density_kg_m=0.00577701489647
tension_N=668.270045367
force_log=""/var/folders/zh/nj8dx9w152qdp4y5nkg5xm540000gn/T/bbpiano-hammer-search-q41otaie/force_95.txt""
positive_force_samples=97
contact_span_s=0.0021768707483
maximum_force_N=51.9499458345
force_impulse_Ns=0.0115593739637
initial_hammer_energy_J=0.0145830622709
maximum_mechanical_energy_J=0.0217435919892
maximum_mechanical_energy_ratio=1.49101687871
string_energy_at_release_J=0.0188233115035
string_energy_at_release_ratio=1.29076535187
final_hammer_energy_J=0.00291840607504
final_string_energy_J=0.017456461555
rebound_velocity_m_s=0.623795487324
physical_f0_hz=261.626
configured_f0_hz=261.626
f0_relative_error=0
integer_spatial_port_pass=1
strike_reset_position_error_m=0",,16891.924499557837,253,lhs_0220,0.005777014896469151,,,,,,,,,,0.8507593456707034,3.95258442177183,,,space_filling,FAIL,0.0001601020930581328,668.2700453674669,0.8086016645277105
0.9404253563523395,"delay: 84.2806, f0: 261.626, z: 2.3808
status=FAIL
velocity_m_s=3.1078014812
hardness_N_per_mm_p=670.215587766
p=3.49102471444
epsilon=0.940425356352
tau0_s=9.04404043589e-06
linear_density_kg_m=0.00677616213059
tension_N=783.848796581
force_log=""/var/folders/zh/nj8dx9w152qdp4y5nkg5xm540000gn/T/bbpiano-hammer-search-j9rl_1_t/force_110.txt""
positive_force_samples=102
contact_span_s=0.00229024943311
maximum_force_N=95.8272101536
force_impulse_Ns=0.0284375894437
initial_hammer_energy_J=0.0724382253491
maximum_mechanical_energy_J=0.0855709119768
maximum_mechanical_energy_ratio=1.18129498016
string_energy_at_release_J=0.0745476087816
string_energy_at_release_ratio=1.0291197558
final_hammer_energy_J=0.0110163925331
final_string_energy_J=0.0691680243244
rebound_velocity_m_s=1.21196218495
physical_f0_hz=261.626
configured_f0_hz=261.626
f0_relative_error=0
integer_spatial_port_pass=1
strike_reset_position_error_m=0",,670.2155877656959,254,lhs_0221,0.006776162130589539,,,,,,,,,,0.9507342339588182,3.491024714435585,,,space_filling,FAIL,9.044040435887537e-06,783.8487965807451,0.9036224967902238
0.8540948055169838,,False,819.0036259511057,255,lhs_0222,0.006589457012285014,1.0,4.803927147916325,12.8737514954914,6.462585034013601,6.757369614512469,0.04150579857926198,0.3724832214765103,-1.32063832641,0.5935828877005354,1.4464274071234997,4.07882090027995,13.673346149979743,8.438773736812509,space_filling,PASS,2.3201454561906708e-05,762.2512344979538,1.3747525842299282
0.9023795930189955,"delay: 84.2806, f0: 261.626, z: 2.3808
status=FAIL
velocity_m_s=2.42407608351
hardness_N_per_mm_p=712.352847964
p=3.3249401308
epsilon=0.902379593019
tau0_s=1.12135056496e-05
linear_density_kg_m=0.00594130523296
tension_N=687.274723837
force_log=""/var/folders/zh/nj8dx9w152qdp4y5nkg5xm540000gn/T/bbpiano-hammer-search-pxv_sgn_/force_95.txt""
positive_force_samples=119
contact_span_s=0.00267573696145
maximum_force_N=54.3575488045
force_impulse_Ns=0.027708531613
initial_hammer_energy_J=0.0440710864398
maximum_mechanical_energy_J=0.0466187940813
maximum_mechanical_energy_ratio=1.05780905004
string_energy_at_release_J=0.0441188255781
string_energy_at_release_ratio=1.00108323035
final_hammer_energy_J=0.00249558845255
final_string_energy_J=0.0410236262343
rebound_velocity_m_s=0.576840642644
physical_f0_hz=261.626
configured_f0_hz=261.626
f0_relative_error=0
integer_spatial_port_pass=1
strike_reset_position_error_m=0",,712.3528479636987,256,lhs_0223,0.005941305232960012,,,,,,,,,,1.478969581693937,3.3249401307986886,,,space_filling,FAIL,1.1213505649649512e-05,687.2747238368415,1.4056821962981474
0.9221109794217662,"delay: 84.2806, f0: 261.626, z: 2.3808
status=FAIL
velocity_m_s=1.78603922144
hardness_N_per_mm_p=1812.517361
p=4.5589996725
epsilon=0.922110979422
tau0_s=0.000195018337545
linear_density_kg_m=0.00584581859262
tension_N=676.229077838
force_log=""/var/folders/zh/nj8dx9w152qdp4y5nkg5xm540000gn/T/bbpiano-hammer-search-0y53t8gb/force_80.txt""
positive_force_samples=112
contact_span_s=0.00251700680272
maximum_force_N=37.8881799597
force_impulse_Ns=0.0180716090395
initial_hammer_energy_J=0.023924520754
maximum_mechanical_energy_J=0.0253443236602
maximum_mechanical_energy_ratio=1.05934509288
string_energy_at_release_J=0.0228079163008
string_energy_at_release_ratio=0.953328032579
final_hammer_energy_J=0.00253401999074
final_string_energy_J=0.0211898929636
rebound_velocity_m_s=0.581265285476
physical_f0_hz=261.626
configured_f0_hz=261.626
f0_relative_error=0
integer_spatial_port_pass=1
strike_reset_position_error_m=0",,1812.5173610022225,257,lhs_0224,0.00584581859261628,,,,,,,,,,1.7860392214433023,4.558999672502431,,,space_filling,FAIL,0.00019501833754542492,676.2290778383357,1.6975356130026258
0.8771721447673684,"delay: 84.2806, f0: 261.626, z: 2.3808
status=FAIL
velocity_m_s=1.458505993
hardness_N_per_mm_p=10470.9459033
p=3.36035258074
epsilon=0.877172144767
tau0_s=0.000337151816426
linear_density_kg_m=0.00679058438876
tension_N=785.517125865
force_log=""/var/folders/zh/nj8dx9w152qdp4y5nkg5xm540000gn/T/bbpiano-hammer-search-41g439ni/force_80.txt""
positive_force_samples=98
contact_span_s=0.00219954648526
maximum_force_N=35.2637107986
force_impulse_Ns=0.0139047294659
initial_hammer_energy_J=0.0159542979871
maximum_mechanical_energy_J=0.0177024400408
maximum_mechanical_energy_ratio=1.10957185676
string_energy_at_release_J=0.015581479365
string_energy_at_release_ratio=0.976632088582
final_hammer_energy_J=0.0021188834474
final_string_energy_J=0.0144570588146
rebound_velocity_m_s=0.531524028608
physical_f0_hz=261.626
configured_f0_hz=261.626
f0_relative_error=0
integer_spatial_port_pass=1
strike_reset_position_error_m=0",,10470.945903315866,258,lhs_0225,0.006790584388764866,,,,,,,,,,1.4585059929976654,3.3603525807417505,,,space_filling,FAIL,0.00033715181642604087,785.5171258646143,1.3862326398916047
0.9293551685114492,,True,2943.4027849576196,259,lhs_0226,0.006706108988252237,1.0,3.5078709490758913,10.5755138703887,1.768707482993195,1.8367346938775488,0.010443737625331939,1.0,1.06840729364,inf,1.7726550066199966,4.0038205293968305,10.226332997390411,7.713053045165851,space_filling,PASS,6.925584042845684e-05,775.7452314269674,1.6848146262281702
0.8747195889924055,"delay: 84.2806, f0: 261.626, z: 2.3808
status=FAIL
velocity_m_s=4.32692829115
hardness_N_per_mm_p=652.734575358
p=3.79853519766
epsilon=0.874719588992
tau0_s=0.000640443659373
linear_density_kg_m=0.00631831383875
tension_N=730.886097982
force_log=""/var/folders/zh/nj8dx9w152qdp4y5nkg5xm540000gn/T/bbpiano-hammer-search-updvqtn1/force_110.txt""
positive_force_samples=113
contact_span_s=0.00253968253968
maximum_force_N=65.6187717883
force_impulse_Ns=0.0511151626472
initial_hammer_energy_J=0.140417313276
maximum_mechanical_energy_J=0.142674958231
maximum_mechanical_energy_ratio=1.01607810962
string_energy_at_release_J=0.13632622334
string_energy_at_release_ratio=0.970864775572
final_hammer_energy_J=0.00633766499249
final_string_energy_J=0.126712628018
rebound_velocity_m_s=0.919250781343
physical_f0_hz=261.626
configured_f0_hz=261.626
f0_relative_error=0
integer_spatial_port_pass=1
strike_reset_position_error_m=0",,652.7345753576907,260,lhs_0227,0.006318313838747728,,,,,,,,,,1.3236877835243785,3.7985351976626434,,,space_filling,FAIL,0.0006404436593730789,730.8860979822791,1.258095077673228
0.9028021812540767,"delay: 84.2806, f0: 261.626, z: 2.3808
status=FAIL
velocity_m_s=4.79392721729
hardness_N_per_mm_p=638.715724686
p=3.64085470433
epsilon=0.902802181254
tau0_s=4.6738493329e-06
linear_density_kg_m=0.00623711820617
tension_N=721.493598562
force_log=""/var/folders/zh/nj8dx9w152qdp4y5nkg5xm540000gn/T/bbpiano-hammer-search-ubr7iam8/force_110.txt""
positive_force_samples=104
contact_span_s=0.00233560090703
maximum_force_N=103.05678043
force_impulse_Ns=0.0459618895633
initial_hammer_energy_J=0.172363036235
maximum_mechanical_energy_J=0.18127636472
maximum_mechanical_energy_ratio=1.05171252885
string_energy_at_release_J=0.158813008323
string_energy_at_release_ratio=0.921386695147
final_hammer_energy_J=0.0224415926406
final_string_energy_J=0.14742716975
rebound_velocity_m_s=1.72980124641
physical_f0_hz=261.626
configured_f0_hz=261.626
f0_relative_error=0
integer_spatial_port_pass=1
strike_reset_position_error_m=0",,638.7157246859805,261,lhs_0228,0.006237118206172387,,,,,,,,,,1.466551434562083,3.640854704332515,,,space_filling,FAIL,4.673849332901162e-06,721.4935985622193,1.3938794056590966
0.865899432641705,"delay: 84.2806, f0: 261.626, z: 2.3808
status=FAIL
velocity_m_s=1.70937729223
hardness_N_per_mm_p=15042.0367403
p=4.92029488745
epsilon=0.865899432642
tau0_s=0.00032251940839
linear_density_kg_m=0.00585103750226
tension_N=676.832787721
force_log=""/var/folders/zh/nj8dx9w152qdp4y5nkg5xm540000gn/T/bbpiano-hammer-search-bgi2imkc/force_80.txt""
positive_force_samples=98
contact_span_s=0.00219954648526
maximum_force_N=31.9571720732
force_impulse_Ns=0.0137748102438
initial_hammer_energy_J=0.0219147804539
maximum_mechanical_energy_J=0.0229399635277
maximum_mechanical_energy_ratio=1.04678044008
string_energy_at_release_J=0.0182436611142
string_energy_at_release_ratio=0.832482038896
final_hammer_energy_J=0.0046932791935
final_string_energy_J=0.0169268917207
rebound_velocity_m_s=0.791056609311
physical_f0_hz=261.626
configured_f0_hz=261.626
f0_relative_error=0
integer_spatial_port_pass=1
strike_reset_position_error_m=0",,15042.036740251644,262,lhs_0229,0.005851037502257614,,,,,,,,,,1.709377292227887,4.920294887447682,,,space_filling,FAIL,0.0003225194083900691,676.8327877205649,1.6246725126618111
0.8803528593757481,"delay: 84.2806, f0: 261.626, z: 2.3808
status=FAIL
velocity_m_s=1.72160010082
hardness_N_per_mm_p=20440.233859
p=3.28128837332
epsilon=0.880352859376
tau0_s=3.41999070031e-06
linear_density_kg_m=0.00660611732749
tension_N=764.178456393
force_log=""/var/folders/zh/nj8dx9w152qdp4y5nkg5xm540000gn/T/bbpiano-hammer-search-l7b7k87p/force_95.txt""
positive_force_samples=102
contact_span_s=0.00229024943311
maximum_force_N=44.2254068178
force_impulse_Ns=0.0175320114657
initial_hammer_energy_J=0.0222293018036
maximum_mechanical_energy_J=0.0252392158272
maximum_mechanical_energy_ratio=1.13540299422
string_energy_at_release_J=0.0229443006608
string_energy_at_release_ratio=1.03216470151
final_hammer_energy_J=0.00229190329777
final_string_energy_J=0.0212949709361
rebound_velocity_m_s=0.552799336441
physical_f0_hz=261.626
configured_f0_hz=261.626
f0_relative_error=0
integer_spatial_port_pass=1
strike_reset_position_error_m=0",,20440.233859036143,263,lhs_0230,0.00660611732748947,,,,,,,,,,1.0503771718541932,3.28128837331872,,,space_filling,FAIL,3.4199907003114142e-06,764.1784563931791,0.9983278277990915
0.9039851771015077,,True,4240.372105237015,264,lhs_0231,0.006129002509764808,1.0,3.315796001652133,18.7828952462502,2.108843537414966,2.154195011337869,0.010422335148028403,1.0,0.659848024903,inf,1.3689188124038996,3.1263529747916765,8.191645742164319,5.298308510018051,space_filling,PASS,5.209922023465275e-05,708.9870562323066,1.3010847732039286
0.9093876917978223,"delay: 84.2806, f0: 261.626, z: 2.3808
status=FAIL
velocity_m_s=1.48623398641
hardness_N_per_mm_p=8615.15440537
p=3.36755738751
epsilon=0.909387691798
tau0_s=0.000435540785723
linear_density_kg_m=0.00667633096361
tension_N=772.300587049
force_log=""/var/folders/zh/nj8dx9w152qdp4y5nkg5xm540000gn/T/bbpiano-hammer-search-odigt_0a/force_80.txt""
positive_force_samples=102
contact_span_s=0.00229024943311
maximum_force_N=28.4817551788
force_impulse_Ns=0.0151235951606
initial_hammer_energy_J=0.0165666859676
maximum_mechanical_energy_J=0.0172106545169
maximum_mechanical_energy_ratio=1.03887129572
string_energy_at_release_J=0.0154951595869
string_energy_at_release_ratio=0.935320414548
final_hammer_energy_J=0.00171358919602
final_string_energy_J=0.0143857316256
rebound_velocity_m_s=0.477994309035
physical_f0_hz=261.626
configured_f0_hz=261.626
f0_relative_error=0
integer_spatial_port_pass=1
strike_reset_position_error_m=0",,8615.154405365964,265,lhs_0232,0.006676330963605121,,,,,,,,,,1.4862339864069254,3.367557387506508,,,space_filling,FAIL,0.0004355407857231566,772.300587049463,1.4125866279363266
0.9232134250864776,,False,1118.5022194570229,266,lhs_0233,0.006618242324076863,1.0,3.6118249420753408,17.7078342010242,4.104308390022671,4.240362811791379,0.02664697526237227,1.0,-0.533001855842,inf,1.2568480597130178,4.1635074902987785,11.21312626542246,6.8581437316969796,space_filling,PASS,0.00015519327651291332,765.5810444364417,1.1945674629541319
0.9225117611409137,"delay: 84.2806, f0: 261.626, z: 2.3808
status=FAIL
velocity_m_s=2.94008713496
hardness_N_per_mm_p=335.736687091
p=4.02020604863
epsilon=0.922511761141
tau0_s=1.34691520373e-05
linear_density_kg_m=0.00583515580445
tension_N=674.995634259
force_log=""/var/folders/zh/nj8dx9w152qdp4y5nkg5xm540000gn/T/bbpiano-hammer-search-0szkw7m4/force_95.txt""
positive_force_samples=111
contact_span_s=0.00249433106576
maximum_force_N=89.6354455532
force_impulse_Ns=0.0282149344002
initial_hammer_energy_J=0.0648308427089
maximum_mechanical_energy_J=0.0799106164519
maximum_mechanical_energy_ratio=1.23260184679
string_energy_at_release_J=0.0714913270214
string_energy_at_release_ratio=1.10273635255
final_hammer_energy_J=0.0084125611719
final_string_energy_J=0.0663753688744
rebound_velocity_m_s=1.05909150828
physical_f0_hz=261.626
configured_f0_hz=261.626
f0_relative_error=0
integer_spatial_port_pass=1
strike_reset_position_error_m=0",,335.7366870911611,267,lhs_0234,0.005835155804445616,,,,,,,,,,1.793796601403944,4.020206048634861,,,space_filling,FAIL,1.3469152037257366e-05,674.9956342585194,1.7049085914841065
0.9269696055118304,"delay: 84.2806, f0: 261.626, z: 2.3808
status=FAIL
velocity_m_s=2.31341174903
hardness_N_per_mm_p=3503.07539643
p=3.30666907111
epsilon=0.926969605512
tau0_s=0.000252094181987
linear_density_kg_m=0.00646789198968
tension_N=748.188909123
force_log=""/var/folders/zh/nj8dx9w152qdp4y5nkg5xm540000gn/T/bbpiano-hammer-search-_etkzot8/force_95.txt""
positive_force_samples=95
contact_span_s=0.00213151927438
maximum_force_N=42.1132737276
force_impulse_Ns=0.0195306259107
initial_hammer_energy_J=0.040139054404
maximum_mechanical_energy_J=0.0409127616438
maximum_mechanical_energy_ratio=1.01927567182
string_energy_at_release_J=0.0332352119468
string_energy_at_release_ratio=0.828001866019
final_hammer_energy_J=0.00767151990515
final_string_energy_J=0.030828158895
rebound_velocity_m_s=1.01137002165
physical_f0_hz=261.626
configured_f0_hz=261.626
f0_relative_error=0
integer_spatial_port_pass=1
strike_reset_position_error_m=0",,3503.0753964346654,268,lhs_0235,0.006467891989684388,,,,,,,,,,1.4114514103006417,3.3066690711129967,,,space_filling,FAIL,0.0002520941819873258,748.188909123292,1.3415097531127655
0.9489054866382046,"delay: 84.2806, f0: 261.626, z: 2.3808
status=FAIL
velocity_m_s=3.13333650661
hardness_N_per_mm_p=3893.33700951
p=3.21556681142
epsilon=0.948905486638
tau0_s=0.000384669089768
linear_density_kg_m=0.00634980344984
tension_N=734.528734224
force_log=""/var/folders/zh/nj8dx9w152qdp4y5nkg5xm540000gn/T/bbpiano-hammer-search-xz92qqa9/force_110.txt""
positive_force_samples=91
contact_span_s=0.00204081632653
maximum_force_N=68.5263482062
force_impulse_Ns=0.0244023622334
initial_hammer_energy_J=0.0736334824775
maximum_mechanical_energy_J=0.0798075747256
maximum_mechanical_energy_ratio=1.08384897794
string_energy_at_release_J=0.0627814392793
string_energy_at_release_ratio=0.852620807368
final_hammer_energy_J=0.0170218461298
final_string_energy_J=0.0582026384041
rebound_velocity_m_s=1.50651235772
physical_f0_hz=261.626
configured_f0_hz=261.626
f0_relative_error=0
integer_spatial_port_pass=1
strike_reset_position_error_m=0",,3893.3370095070236,269,lhs_0236,0.006349803449837684,,,,,,,,,,0.9585458728202626,3.2155668114232014,,,space_filling,FAIL,0.00038466908976795693,734.5287342241469,0.9110470454809863
0.9661110917155716,"delay: 84.2806, f0: 261.626, z: 2.3808
status=FAIL
velocity_m_s=1.77110131969
hardness_N_per_mm_p=31114.0697953
p=4.4716516476
epsilon=0.966111091716
tau0_s=2.70535804598e-05
linear_density_kg_m=0.00595110788653
tension_N=688.408669285
force_log=""/var/folders/zh/nj8dx9w152qdp4y5nkg5xm540000gn/T/bbpiano-hammer-search-quayjk1f/force_95.txt""
positive_force_samples=19
contact_span_s=0.000408163265306
maximum_force_N=25.1699220672
force_impulse_Ns=0.00247018438348
initial_hammer_energy_J=0.0235259991346
maximum_mechanical_energy_J=0.0245861992522
maximum_mechanical_energy_ratio=1.04506504109
string_energy_at_release_J=0.0052309399085
string_energy_at_release_ratio=0.222347194632
final_hammer_energy_J=0.0193544460094
final_string_energy_J=0.00481453163215
rebound_velocity_m_s=1.60642236079
physical_f0_hz=261.626
configured_f0_hz=261.626
f0_relative_error=0
integer_spatial_port_pass=1
strike_reset_position_error_m=0",,31114.069795270178,270,lhs_0237,0.005951107886528017,,,,,,,,,,1.0805786978971312,4.471651647600304,,,space_filling,FAIL,2.7053580459758283e-05,688.4086692847953,1.0270327775053378
0.9332085394188554,"delay: 84.2806, f0: 261.626, z: 2.3808
status=FAIL
velocity_m_s=4.81813593359
hardness_N_per_mm_p=4156.63275035
p=4.24262321894
epsilon=0.933208539419
tau0_s=3.74895004601e-05
linear_density_kg_m=0.00609732954594
tension_N=705.323210224
force_log=""/var/folders/zh/nj8dx9w152qdp4y5nkg5xm540000gn/T/bbpiano-hammer-search-78pjr184/force_110.txt""
positive_force_samples=10
contact_span_s=0.000204081632653
maximum_force_N=39.6977700237
force_impulse_Ns=0.00362807350921
initial_hammer_energy_J=0.174108254059
maximum_mechanical_energy_J=0.174429558092
maximum_mechanical_energy_ratio=1.00184542677
string_energy_at_release_J=0.0173560501984
string_energy_at_release_ratio=0.0996853956879
final_hammer_energy_J=0.157066466628
final_string_energy_J=0.0159626352351
rebound_velocity_m_s=4.57626436631
physical_f0_hz=261.626
configured_f0_hz=261.626
f0_relative_error=0
integer_spatial_port_pass=1
strike_reset_position_error_m=0",,4156.632750350812,271,lhs_0238,0.006097329545942977,,,,,,,,,,1.4739573308136766,4.24262321893513,,,space_filling,FAIL,3.7489500460116206e-05,705.3232102236916,1.4009183175051219
0.9462174681256524,,True,2117.9831950607177,272,lhs_0239,0.0065731742358858865,1.0,3.0916273479140846,28.4162390009577,2.312925170068024,2.4036281179138284,0.01708303309797455,1.0,0.654597268225,inf,1.8149564250657613,3.3896608489246067,12.21866342692154,6.462627103761662,space_filling,PASS,7.807858307103855e-06,760.3676853089767,1.7250198823222573
0.998,,True,575.9184792302354,273,refine_00_000,0.006703325337778434,1.0,3.241281083331261,8.42421094826124,1.950113378684805,2.1995464852607687,0.003992911401970383,1.0,0.595865865077,inf,0.8684278372330094,3.309672154722222,7.395926080716297,5.227325107750349,refinement,PASS,9.377131020461492e-06,775.423225986138,0.825394629259366
0.998,,True,416.6361820954359,274,refine_00_001,0.006598654327953366,1.0,2.6883513262213428,10.9351411675022,2.1541950113378694,2.517006802721089,0.0047812224041163896,1.0,0.566705817891,inf,0.8937196332990116,3.310643547379014,7.359098284993268,4.503978424267614,refinement,PASS,7.340848309647545e-06,763.3151560334002,0.8494331408571928
0.9800815803707521,,False,491.45931725156987,275,refine_00_002,0.006499817976825683,1.0,3.1296803585525232,11.0203284524713,4.648526077097503,4.943310657596369,0.01987932952099355,1.0,-0.431277353321,inf,0.902341556141304,3.185531698778661,10.312806956023577,7.082880642250706,refinement,PASS,6.858245322997338e-06,751.8820242108701,0.8576278215235696
0.9910719245967631,,True,746.7048976490429,276,refine_00_003,0.006643659693836379,1.0,2.7153258005688237,12.3403640423007,2.1088435374149657,2.3356009070294785,0.005638015134695896,1.0,0.53746611935,inf,0.9226624926092634,3.1626523572197174,8.006861973746478,5.288631864598331,refinement,PASS,1.0403841495432116e-05,768.5212596075493,0.8769417945482207
0.995701687452423,,True,300.0000000000001,277,refine_00_004,0.006692901534174434,1.0,2.8286127959146983,9.74176912205471,2.630385487528341,2.947845804988659,0.0065410266580236505,1.0,0.376174735079,inf,0.8196068296633192,3.272798543370971,7.411863640892605,4.244998363109483,refinement,PASS,1.536877315516342e-05,774.2174275189047,0.7789928492664003
0.9845604806136102,,True,463.87703052804,278,refine_00_005,0.0065707029165787785,1.0,2.5245378900012785,15.1000236525825,2.993197278911564,3.2653061224489788,0.01150514948853808,1.0,0.192839564099,inf,0.9712641987260862,3.0424699637213903,7.590454004585107,4.864046744606896,refinement,PASS,9.028630171965155e-06,760.081809524497,0.9231351401340603
0.9804735338382411,,True,411.34151712998107,279,refine_00_006,0.006650372761982026,1.0,3.036124949145572,11.5542509101676,3.1746031746031727,3.4693877551020385,0.01252696569327829,1.0,0.103679384724,inf,0.9475441262795096,3.34819734976285,8.845216473129097,6.3962092978648055,refinement,PASS,9.735884449948566e-06,769.2978098561887,0.9005904685290732
0.9955802943833356,,True,309.7217725962293,280,refine_00_007,0.006723873770622475,1.0,2.492813018303249,9.31895769538335,2.4716553287981835,2.7437641723355988,0.006454966620469528,1.0,0.489591161415,inf,0.9269666415162573,3.1283325225853233,8.328475090491706,4.236362906982524,refinement,PASS,1.1005756868482608e-05,777.8002152089475,0.881032659947797
0.998,,True,524.525988895109,281,refine_00_008,0.006572760614596296,1.0,2.9921893905363266,5.66045258105427,2.0408163265306083,2.244897959183669,0.003992240305199375,1.0,0.570613267605,inf,0.841041514079997,3.290472647967493,8.412436390499506,5.805408394010146,refinement,PASS,1.2136388041734396e-05,760.3198386748735,0.7993653806833639
0.99272169873901,,True,300.0000000000001,282,refine_00_009,0.006641261422830414,1.0,2.315332524298741,10.1770513803278,2.789115646258503,3.0839002267573687,0.008346137558290563,1.0,0.365872896538,inf,0.9299750652857472,3.087775852197242,6.336499736925331,4.007095966315444,refinement,PASS,9.723816821461994e-06,768.2438338603976,0.8838920072826142
0.998,,True,319.08710052940773,283,refine_00_010,0.0066570790749308105,1.0,2.829887137300665,12.2093844629682,2.335600907029476,2.5623582766439887,0.0066177647123390766,1.0,0.522342130166,inf,0.9727555940343929,3.264275012591094,8.544029163791805,4.893762907112534,refinement,PASS,2.1978528868431276e-05,770.073578681239,0.9245526323248925
0.998,,True,541.8806292951699,284,refine_00_011,0.0065107396120654215,1.0,2.514433733305051,6.35527390330313,2.131519274376415,2.3809523809523787,0.004139594088371056,1.0,0.557161648148,inf,0.8379387640809874,3.1564378654565837,7.772591463519743,5.0430874187792405,refinement,PASS,7.784294787342584e-06,753.1454105458453,0.796416381267043
0.998,,True,363.93338175734834,285,refine_00_012,0.0067011974358613564,1.0,2.731933960203408,10.7742190619765,2.22222222222222,2.5623582766439887,0.005052272688502305,1.0,0.559920596725,inf,0.9048829344307421,3.193072384087554,7.250343147989713,4.414067976153168,refinement,PASS,8.151428643019583e-06,775.1770758314046,0.8600432668848124
0.9948247567998306,,True,644.7713595683524,286,refine_00_013,0.006568512676074954,1.0,2.9107259060439636,9.84781852637833,2.1088435374149657,2.3356009070294785,0.005224049507811407,1.0,0.590689124387,inf,0.9464034508544485,3.162986484468996,7.652622126432369,5.321326184900882,refinement,PASS,7.372429160483131e-06,759.8284482043192,0.8995063169977573
0.9874749782900579,,True,376.2173625444481,287,refine_00_014,0.006640185420054061,1.0,2.705936921607872,14.6237626662156,2.902494331065761,3.219954648526079,0.010019507714447276,1.0,0.243725122987,inf,0.9227465416032038,3.0962117640505626,8.361582272765283,5.109651508362284,refinement,PASS,1.0546007484290633e-05,768.1193646601175,0.8770216786620397
0.9812942802746824,,True,417.58782596638684,288,refine_00_015,0.006639647565150206,1.0,2.873958806588509,8.93260382225714,3.174603174603179,3.356009070294789,0.011368388659839768,1.0,0.122664386614,inf,0.8873098006167787,3.117759364446742,6.657052783164213,4.276145848376832,refinement,PASS,2.3812415019034687e-05,768.0571470049026,0.8433409346386275
0.998,,True,334.9286176870757,289,refine_00_016,0.0065897575846893255,1.0,2.6943047137809892,11.4447165108105,2.4943310657596363,2.9024943310657587,0.005357092093448527,1.0,0.38746573436,inf,0.7532559514316942,3.321472862855224,8.6587199030526,4.22315667726787,refinement,PASS,1.3407613121119009e-05,762.2860039312797,0.7159298563601386
0.998,,True,433.71895227766674,290,refine_00_017,0.0065910005118642746,1.0,2.5302097398375714,12.6387578114581,2.176870748299315,2.4263038548752784,0.005262241573386971,1.0,0.538419839656,inf,0.8987904846295025,3.0,8.056764453333322,4.653044931663121,refinement,PASS,1.5027185527567805e-05,762.4297825114767,0.8542527162721123
0.9765733785516076,,True,300.0000000000001,291,refine_01_000,0.00578080419297437,1.0,3.3639213974359197,15.6620306864233,2.267573696145129,2.6303854875283488,0.009296337513130293,1.0,0.668275972458,inf,1.2998700793844875,4.839513181300971,8.457190309367723,4.915888712403261,refinement,PASS,8.083998009780673e-06,668.708381323464,1.2354576123186025
0.998,,False,340.47915933871263,292,refine_01_001,0.0057,1.0,2.5243764956176196,12.1693803062152,1.1564625850340111,1.4739229024943288,0.0033679846113260897,1.0,1.09832022895,inf,1.3320508668011901,4.595663667409078,8.033191965287326,4.762926805448626,refinement,PASS,7.272887548896199e-06,659.3611626175078,1.2660437450521123
0.989210433832567,,True,413.8840603591949,293,refine_01_002,0.005824222396938285,1.0,2.410326905916949,16.895029858253,2.1315192743764193,2.494331065759639,0.00864013924867215,1.0,0.792888307725,inf,1.3816678410452516,4.546958694290363,8.377066456469322,5.102804087432163,refinement,PASS,3.965773899137505e-06,673.7308861382729,1.313202049179759
0.9929041835031549,,True,300.0000000000001,294,refine_01_003,0.0057,1.0,2.9351015713267268,8.14610040810791,1.247165532879815,1.4965986394557786,0.004225498780321125,1.0,1.19796872503,inf,1.4858259542111998,4.5185768202747445,8.375347598633338,4.747124769084575,refinement,PASS,7.535037814756396e-06,659.3611626175078,1.412198814961572
0.9937242847773158,"delay: 84.2806, f0: 261.626, z: 2.3808
status=FAIL
velocity_m_s=4.23694308592
hardness_N_per_mm_p=300
p=4.45404662739
epsilon=0.993724284777
tau0_s=6.05917094242e-06
linear_density_kg_m=0.00571704703585
tension_N=661.333119351
force_log=""/var/folders/zh/nj8dx9w152qdp4y5nkg5xm540000gn/T/bbpiano-hammer-search-ytqfkdu8/force_110.txt""
positive_force_samples=27
contact_span_s=0.000589569160998
maximum_force_N=53.6312735462
force_impulse_Ns=0.00612171862521
initial_hammer_energy_J=0.13463765035
maximum_mechanical_energy_J=0.13604940075
maximum_mechanical_energy_ratio=1.01048555435
string_energy_at_release_J=0.0260962827916
string_energy_at_release_ratio=0.193826041406
final_hammer_energy_J=0.109949458244
final_string_energy_J=0.0240231202832
rebound_velocity_m_s=3.8288285109
physical_f0_hz=261.626
configured_f0_hz=261.626
f0_relative_error=0
integer_spatial_port_pass=1
strike_reset_position_error_m=0",,300.0000000000001,295,refine_01_004,0.00571704703585482,,,,,,,,,,1.296159636799183,4.454046627390221,,,refinement,FAIL,6.059170942418754e-06,661.3331193509142,1.2319310333090632
0.998,,False,327.59129045461094,296,refine_01_005,0.0057,1.0,3.106708390947988,5.85723113183206,1.0884353741496549,1.3378684807256187,0.003160209647537591,1.0,1.19245719532,inf,1.407565078077649,4.80871952902811,8.502443607896152,5.070048558903522,refinement,PASS,7.80162069104484e-06,659.3611626175078,1.337816000325434
0.9903098011959744,,True,300.0000000000001,297,refine_01_006,0.005767408392155633,1.0,3.494224160249967,5.78582167202514,1.519274376417234,1.7913832199546489,0.0047033736429912265,1.0,1.0058983335,inf,1.3238298383838296,4.812184717757882,8.66660373897199,5.300050693982582,refinement,PASS,6.403842768918687e-06,667.158789954686,1.2582300932876798
0.9932951348779088,,True,329.9865114646782,298,refine_01_007,0.0057,1.0,2.589369232649852,6.90067883928174,1.587301587301583,1.8820861678004488,0.004737948888136821,1.0,0.982468807645,inf,1.3035480081817006,4.457745052616237,8.103658869855181,4.597551435985781,refinement,PASS,5.15033166913836e-06,659.3611626175078,1.2389532886959171
0.998,,False,416.6611714951519,299,refine_01_008,0.0057,1.0,3.5976283485901397,8.42208349436929,1.111111111111108,1.3151927437641686,0.003609986031940084,1.0,1.19192632312,inf,1.4389579895723392,4.481063911010431,9.820877145941537,5.574595700564842,refinement,PASS,1.3022259607037946e-05,659.3611626175078,1.367653298755539
0.998,,False,491.9791220588995,300,refine_01_009,0.0057,1.0,3.1032677374594977,8.49169694227302,1.0657596371882048,1.3151927437641686,0.0032274324479409484,1.0,1.18628753337,inf,1.4078682283845485,4.5587789747311,8.759247784496814,5.276039369427503,refinement,PASS,6.438431255395633e-06,659.3611626175078,1.3381041286240045
0.9759627627874438,,True,300.0000000000001,301,refine_01_010,0.005701026283999756,1.0,2.415594145804742,20.3680053870658,2.5170068027210863,2.925170068027209,0.011395427047896724,1.0,0.490049087932,inf,1.2651395461247725,4.7188559206111576,7.7836425115835794,5.912267944178949,refinement,PASS,7.3878991507074814e-06,659.4798804791315,1.20244808130769
0.9923565529074634,,True,300.0000000000001,302,refine_01_011,0.0057552558372239914,1.0,2.835389806089606,8.74337103844437,2.01814058956916,2.3582766439909286,0.006991429499240945,1.0,0.88847921225,inf,1.361183262119885,4.62672801986344,8.05699785157027,5.526145871556758,refinement,PASS,3.6220123558925633e-06,665.7530140338964,1.2937325426730246
0.9877589229134385,,True,389.69606198203724,303,refine_01_012,0.0057600303223534245,1.0,3.6913125371341535,11.797399376167,1.292517006802725,1.5419501133786886,0.004357225988758175,1.0,1.05048911103,inf,1.3498880216370297,4.533994338933854,9.816685585585502,5.8562771883358895,refinement,PASS,1.4446877405229364e-05,666.3053140454477,1.2829970152854564
0.998,,True,323.6340285743719,304,refine_01_013,0.005707412758260722,1.0,3.0297408989645787,7.35474047141857,1.269841269841274,1.5419501133786886,0.003813220848600416,1.0,1.15173488712,inf,1.411508756554673,4.641265716094627,8.5294882021343,4.838881082670122,refinement,PASS,6.156519206185747e-06,660.218651197331,1.3415642576876492
0.996162303473711,,True,300.0000000000001,305,refine_01_014,0.0057,1.0,2.7040163283507797,6.7939497084214,1.7006802721088408,2.0181405895691586,0.004988975543958836,1.0,0.997963397632,inf,1.3356970329474676,4.497736669909962,8.160469402352291,4.318656681157325,refinement,PASS,3.43150502622127e-06,659.3611626175078,1.269509232713256
0.998,,True,300.0000000000001,306,refine_01_015,0.005722799166670039,1.0,2.9040386805984615,11.5402203011594,1.29251700680272,1.6326530612244887,0.0037556632875454686,1.0,1.10021725147,inf,1.359317577989302,4.517478327129245,9.807560344985362,4.9234619126712875,refinement,PASS,4.941004178362654e-06,661.9985108705372,1.2919593087953727
0.983938414898225,,True,335.0701366341447,307,refine_01_016,0.005784226570000278,1.0,2.842919303379409,6.60112571702802,1.768707482993194,2.0408163265306087,0.005989830620522696,1.0,0.924821338597,inf,1.329132898739758,4.69170206690011,8.728002456446687,4.9793213646794205,refinement,PASS,7.078218977131949e-06,669.104272989204,1.263270371073302
0.998,,False,313.4241568801284,308,refine_01_017,0.005787631101338566,1.0,3.227281724677735,5.82062946240857,1.1337868480725648,1.3832199546485286,0.003280775780109633,1.0,1.13281049852,inf,1.3559284568499403,4.864498547763023,8.752145002366106,5.371428541357779,refinement,PASS,1.032060070320778e-05,669.4981003122533,1.288738128788924
0.9870949865658022,,False,940.5695405251975,309,refine_02_000,0.006735131982982143,1.0,2.7654002918329263,4.78165123288001,1.587301587301583,1.8820861678004488,0.004025694512984671,1.0,0.663323180855,inf,0.9353170650625107,5.0,8.795898669849674,5.012619781139858,refinement,PASS,9.181795843060775e-06,779.1025359090293,0.8889692949238004
0.9830148582339292,,True,1128.087689520934,310,refine_02_001,0.0068,1.0,2.4761657123133456,14.4352081950639,2.834467120181403,3.310657596371879,0.01060660289387709,1.0,0.138155500985,inf,0.85617332764417,4.860178770640904,8.739326999683264,6.395697332926781,refinement,PASS,4.932536291538388e-06,786.6062992629918,0.8137473674315285
0.9794183903122542,,True,669.1227268202325,311,refine_02_002,0.006776867162704385,1.0,2.6914683240247474,9.0709222683717,2.585034013605444,3.0385487528344686,0.007298257830992293,1.0,0.273221437271,inf,0.7666282880768409,4.920970213885325,6.632967389373002,5.054552613734127,refinement,PASS,1.1471056961492825e-05,783.930352860557,0.7286395535558433
0.9640677936933826,,True,594.7513190134397,312,refine_02_003,0.0066686064784887596,1.0,2.891084769127751,12.0999919486162,3.0839002267573647,3.5147392290249386,0.012068936870304792,1.0,0.0507204800465,inf,0.8644621472326741,4.784033279204746,12.399073074571339,8.77728635879445,refinement,PASS,1.0911556464440742e-05,771.4070387184199,0.8216254511109391
0.9713002872969503,,True,427.32679452200557,313,refine_02_004,0.0068,1.0,3.047538326874412,11.2244233961866,3.0612244897959204,3.582766439909299,0.010063499254890723,1.0,0.0804176560267,inf,0.7598016757482087,4.963977087088422,12.673499585225212,7.4543789009368915,refinement,PASS,1.619009768181744e-05,786.6062992629918,0.7221512203743069
0.9764577073487055,,True,562.3464296652973,314,refine_02_005,0.0068,1.0,2.6974349348784905,11.3811028405582,2.743764172335604,3.197278911564629,0.00901855748504697,1.0,0.211477819952,inf,0.8213174829427857,4.824696425128121,7.767966989073495,5.2501147611795815,refinement,PASS,1.1131273172609113e-05,786.6062992629918,0.7806187345373001
0.9661429184619077,,True,646.1877442811575,315,refine_02_006,0.0067432506042076545,1.0,2.499455717126253,18.0360588623069,2.8117913832199535,3.287981859410429,0.01035937334238915,1.0,0.13651367557,inf,0.8407712632750756,5.0,9.608538596738603,6.957574316608302,refinement,PASS,1.5235396544964583e-05,780.041676879223,0.7991085216176229
0.9898204285847068,,True,729.8533863215534,316,refine_02_007,0.006710434292190064,1.0,2.6641357016201614,8.51232064265155,2.290249433106574,2.7437641723355988,0.006198141073309009,1.0,0.439053307877,inf,0.8586968180648622,4.913462620309196,6.8442136234068025,4.355087648645971,refinement,PASS,5.172645119237082e-06,776.2455713275148,0.8161458113216545
0.9818109550013286,,True,587.2882006423749,317,refine_02_008,0.006796249472349537,1.0,2.6472949578309386,10.2853307643489,2.517006802721093,2.993197278911569,0.007384583139209764,1.0,0.310382177153,inf,0.8104619686364599,5.0,7.18973441786305,5.1787008513828,refinement,PASS,9.703299107467462e-06,786.1724479871956,0.7703011435733368
0.9822195736277421,,True,446.17927869270204,318,refine_02_009,0.00666931769033005,1.0,2.819713428481372,10.210296186784,2.380952380952384,2.834467120181409,0.006497122297920252,1.0,0.373406277565,inf,0.8142652975616016,4.983014510371321,8.046178248920379,4.707430046483053,refinement,PASS,1.814255177024513e-05,771.4893098529008,0.7739160061255564
0.9708229505834334,,True,738.9388219256722,319,refine_02_010,0.0068,1.0,2.7153945682605576,10.1175251071841,2.630385487528349,2.993197278911569,0.008761938345368687,1.0,0.256225970739,inf,0.8480026064911353,4.858154749076737,8.395157968672839,5.117743273516742,refinement,PASS,1.7135923154479605e-05,786.6062992629918,0.8059815300553584
0.9932740152369296,,False,762.8378363699792,320,refine_02_011,0.0068,1.0,2.5558820324553175,4.064178347208,1.7687074829932001,2.1088435374149688,0.0034963593842011437,1.0,0.547045896139,inf,0.783208463785459,4.90808951520364,8.261428002755816,4.306243416708323,refinement,PASS,1.3738104492155987e-05,786.6062992629918,0.7443981317535135
0.9807671824665937,,True,851.4355315710441,321,refine_02_012,0.006714271239375627,1.0,2.9428414955984596,13.0052990714675,2.97052154195011,3.4920634920634885,0.010541582036636769,1.0,0.0943276330304,inf,0.8069299271797713,5.0,12.872100753628178,8.678179501616773,refinement,PASS,5.71099186544819e-06,776.6894193901769,0.7669441253805978
0.9928273788592791,,True,594.847131562565,322,refine_02_013,0.0068,1.0,2.2905214571504335,7.39593771212504,1.6326530612244878,2.0181405895691586,0.0038288544322691775,1.0,0.633353870021,inf,0.8942011115017958,4.79125969885418,8.152401292918714,4.604021575318434,refinement,PASS,1.0013420424588253e-05,786.6062992629918,0.8498907603687342
0.9787425606666217,,True,386.8921221204378,323,refine_02_014,0.0068,1.0,2.1310465418241153,8.08856951472364,2.7891156462585034,3.2653061224489788,0.00814154014940101,1.0,0.213276188163,inf,0.7621593409204243,4.964216244618936,5.806984181976961,4.327286648839113,refinement,PASS,1.869399270437028e-05,786.6062992629918,0.7243920561551347
0.9800603423200244,,True,752.681418624743,324,refine_02_015,0.006758227156196969,1.0,2.316260046296902,7.67218577840989,1.9954648526077108,2.3129251700680284,0.0052560325459943755,1.0,0.547704433397,inf,0.9039056870319092,4.890144380936371,9.633953480004264,6.804163920455751,refinement,PASS,1.5396016132429376e-05,781.7741254286399,0.8591144450301096
0.9776126586423546,,True,457.74134371245765,325,refine_02_016,0.0065943887082437385,1.0,2.704274022100255,15.306136025226,2.6530612244897993,3.197278911564629,0.00835582077463836,1.0,0.237511699968,inf,0.8061356824240484,5.0,6.999038651166397,5.0020670535159875,refinement,PASS,1.242178020552961e-05,762.82172024901,0.7661892378383238
0.9861348722675797,,True,615.6319175179693,326,refine_02_017,0.006724819158086435,1.0,2.2626175443861825,12.3946388123106,2.176870748299318,2.7437641723355988,0.005117186949204033,1.0,0.385981185186,inf,0.7364955677123562,5.0,8.02422951746753,4.626518832839727,refinement,PASS,1.1269994175540752e-05,777.9095751698882,0.7
0.9132055281865487,"delay: 84.2806, f0: 261.626, z: 2.3808
status=FAIL
velocity_m_s=0.921984882552
hardness_N_per_mm_p=5024.65524818
p=3
epsilon=0.913205528187
tau0_s=8.23743763306e-05
linear_density_kg_m=0.00609927373957
tension_N=705.548109482
force_log=""/var/folders/zh/nj8dx9w152qdp4y5nkg5xm540000gn/T/bbpiano-hammer-search-nwmwt3rn/force_65.txt""
positive_force_samples=107
contact_span_s=0.00240362811791
maximum_force_N=20.8882910925
force_impulse_Ns=0.00908103215111
initial_hammer_energy_J=0.0063754209274
maximum_mechanical_energy_J=0.0067447538998
maximum_mechanical_energy_ratio=1.05793075886
string_energy_at_release_J=0.00599242578074
string_energy_at_release_ratio=0.939926296471
final_hammer_energy_J=0.000751684730432
final_string_energy_J=0.00556487212738
rebound_velocity_m_s=0.316582739145
physical_f0_hz=261.626
configured_f0_hz=261.626
f0_relative_error=0
integer_spatial_port_pass=1
strike_reset_position_error_m=0",,5024.655248177947,327,refine_03_000,0.006099273739571845,,,,,,,,,,1.3550823804889087,3.0,,,refinement,FAIL,8.237437633057447e-05,705.5481094818467,1.2879339780530794
0.9009871597127876,"delay: 84.2806, f0: 261.626, z: 2.3808
status=FAIL
velocity_m_s=1.40900588193
hardness_N_per_mm_p=3846.24329272
p=3.15576551377
epsilon=0.900987159713
tau0_s=6.30080669962e-05
linear_density_kg_m=0.00618599434989
tension_N=715.579723946
force_log=""/var/folders/zh/nj8dx9w152qdp4y5nkg5xm540000gn/T/bbpiano-hammer-search-7ee6exil/force_80.txt""
positive_force_samples=100
contact_span_s=0.00224489795918
maximum_force_N=31.2058360876
force_impulse_Ns=0.0123305941026
initial_hammer_energy_J=0.0148897318148
maximum_mechanical_energy_J=0.0157332556985
maximum_mechanical_energy_ratio=1.05665138192
string_energy_at_release_J=0.0131476316001
string_energy_at_release_ratio=0.882999893059
final_hammer_energy_J=0.00258397056069
final_string_energy_J=0.0122013596635
rebound_velocity_m_s=0.586966275089
physical_f0_hz=261.626
configured_f0_hz=261.626
f0_relative_error=0
integer_spatial_port_pass=1
strike_reset_position_error_m=0",,3846.243292724369,328,refine_03_001,0.006185994349893326,,,,,,,,,,1.40900588192622,3.1557655137701888,,,refinement,FAIL,6.300806699615159e-05,715.5797239457892,1.33918540801533
0.8922387698885648,,True,4636.0210375874385,329,refine_03_002,0.006113452600556056,1.0,2.765134901462337,18.0311098576554,2.108843537414966,2.154195011337869,0.010707872982833355,1.0,0.654801214381,inf,1.3823695706634191,3.036339789368995,7.9148978414900775,5.003607369215468,refinement,PASS,6.113778599953787e-05,707.1882832122225,1.3138690059874463
0.8938367982560633,,True,3032.3119283431192,330,refine_03_003,0.00618944396709043,1.0,3.0254305492899967,20.2199103372517,2.199546485260766,2.244897959183669,0.012596678645984198,1.0,0.638198209904,inf,1.4933314328098033,3.0,13.787597064094893,8.69316095792305,refinement,PASS,4.299634206101101e-05,715.9787666836255,1.4193323745501811
0.8983251427499948,,True,3273.933469710516,331,refine_03_004,0.0061231643784305095,1.0,2.6024908828822464,17.4930979735271,2.199546485260766,2.244897959183669,0.011756442785548462,1.0,0.618343040601,inf,1.415391229441672,3.0,7.233814637107277,5.926315026330597,refinement,PASS,3.645331957799606e-05,708.3117163965001,1.3452543423806786
0.9114787168537338,"delay: 84.2806, f0: 261.626, z: 2.3808
status=FAIL
velocity_m_s=4.33622754031
hardness_N_per_mm_p=4695.27160562
p=3.21889131351
epsilon=0.911478716854
tau0_s=4.1810278459e-05
linear_density_kg_m=0.00616889036603
tension_N=713.601179615
force_log=""/var/folders/zh/nj8dx9w152qdp4y5nkg5xm540000gn/T/bbpiano-hammer-search-9msy_9yl/force_110.txt""
positive_force_samples=9
contact_span_s=0.000181405895692
maximum_force_N=41.8364611381
force_impulse_Ns=0.0033585736931
initial_hammer_energy_J=0.14102151961
maximum_mechanical_energy_J=0.142836696126
maximum_mechanical_energy_ratio=1.01287162783
string_energy_at_release_J=0.0159970572891
string_energy_at_release_ratio=0.113436994108
final_hammer_energy_J=0.126833980441
final_string_energy_J=0.014711437694
rebound_velocity_m_s=4.11232262744
physical_f0_hz=261.626
configured_f0_hz=261.626
f0_relative_error=0
integer_spatial_port_pass=1
strike_reset_position_error_m=0",,4695.271605615475,332,refine_03_005,0.006168890366031195,,,,,,,,,,1.3265325966759551,3.218891313505921,,,refinement,FAIL,4.181027845899094e-05,713.6011796151355,1.2607989217877134
0.9148977412184885,,True,3972.005984441754,333,refine_03_006,0.006168262396837183,1.0,3.223408101022867,8.67817973771041,1.5419501133786873,1.5646258503401387,0.007867086752883687,1.0,1.05630282431,inf,1.5874082064415151,3.145845841168525,17.200748654713724,9.371901351959336,refinement,PASS,6.229022179391706e-05,713.528537773407,1.508747361454648
0.9013953252049683,"delay: 84.2806, f0: 261.626, z: 2.3808
status=FAIL
velocity_m_s=0.924019190724
hardness_N_per_mm_p=7264.52309544
p=3.24466106905
epsilon=0.901395325205
tau0_s=6.21652858835e-05
linear_density_kg_m=0.00618378843449
tension_N=715.324549394
force_log=""/var/folders/zh/nj8dx9w152qdp4y5nkg5xm540000gn/T/bbpiano-hammer-search-c26hi1tp/force_65.txt""
positive_force_samples=105
contact_span_s=0.00235827664399
maximum_force_N=19.5985025925
force_impulse_Ns=0.008760363108
initial_hammer_energy_J=0.0064035859862
maximum_mechanical_energy_J=0.00660050369082
maximum_mechanical_energy_ratio=1.03075116115
string_energy_at_release_J=0.00573285269943
string_energy_at_release_ratio=0.895256612746
final_hammer_energy_J=0.000866974416162
final_string_energy_J=0.00532302666752
rebound_velocity_m_s=0.339994983524
physical_f0_hz=261.626
configured_f0_hz=261.626
f0_relative_error=0
integer_spatial_port_pass=1
strike_reset_position_error_m=0",,7264.523095444913,334,refine_03_007,0.006183788434492601,,,,,,,,,,1.358072294112104,3.244661069053707,,,refinement,FAIL,6.216528588347907e-05,715.3245493943404,1.2907757324749527
0.9023889007201604,,True,4522.549404199736,335,refine_03_008,0.006150214047239872,1.0,3.1852890743069087,21.9041723055997,2.108843537414966,2.154195011337869,0.01133347639832419,1.0,0.684743787954,inf,1.4569283060225702,3.1600274334370506,8.95318968094905,5.4210725478701285,refinement,PASS,7.887111978143663e-05,711.4407516727387,1.384733132045282
0.8980148619512394,"delay: 84.2806, f0: 261.626, z: 2.3808
status=FAIL
velocity_m_s=2.30433781276
hardness_N_per_mm_p=5471.53586359
p=3.08783607245
epsilon=0.898014861951
tau0_s=3.79172058876e-05
linear_density_kg_m=0.00614683518977
tension_N=711.049894236
force_log=""/var/folders/zh/nj8dx9w152qdp4y5nkg5xm540000gn/T/bbpiano-hammer-search-_4wzhkt_/force_95.txt""
positive_force_samples=22
contact_span_s=0.00047619047619
maximum_force_N=25.9856290856
force_impulse_Ns=0.00410152795165
initial_hammer_energy_J=0.0398247956649
maximum_mechanical_energy_J=0.0404224726646
maximum_mechanical_energy_ratio=1.01500766017
string_energy_at_release_J=0.00948674566001
string_energy_at_release_ratio=0.238212036035
final_hammer_energy_J=0.0309342407671
final_string_energy_J=0.00873864616843
rebound_velocity_m_s=2.03090261599
physical_f0_hz=261.626
configured_f0_hz=261.626
f0_relative_error=0
integer_spatial_port_pass=1
strike_reset_position_error_m=0",,5471.535863594359,336,refine_03_009,0.006146835189774594,,,,,,,,,,1.4059152491987548,3.087836072454591,,,refinement,FAIL,3.791720588761214e-05,711.0498942364887,1.33624792542335
0.9105091328923384,"delay: 84.2806, f0: 261.626, z: 2.3808
status=FAIL
velocity_m_s=2.15769413418
hardness_N_per_mm_p=5305.05177979
p=3.04002398526
epsilon=0.910509132892
tau0_s=4.41819995792e-05
linear_density_kg_m=0.0061471086312
tension_N=711.081525228
force_log=""/var/folders/zh/nj8dx9w152qdp4y5nkg5xm540000gn/T/bbpiano-hammer-search-5bn65kqz/force_95.txt""
positive_force_samples=25
contact_span_s=0.000544217687075
maximum_force_N=23.6080292193
force_impulse_Ns=0.00432776211734
initial_hammer_energy_J=0.0349173298251
maximum_mechanical_energy_J=0.0352683857896
maximum_mechanical_energy_ratio=1.01005391782
string_energy_at_release_J=0.00906344970074
string_energy_at_release_ratio=0.259568808558
final_hammer_energy_J=0.0262036603886
final_string_energy_J=0.00835080070267
rebound_velocity_m_s=1.86917665969
physical_f0_hz=261.626
configured_f0_hz=261.626
f0_relative_error=0
integer_spatial_port_pass=1
strike_reset_position_error_m=0",,5305.0517797942375,337,refine_03_010,0.006147108631195658,,,,,,,,,,1.3164454749445247,3.040023985258607,,,refinement,FAIL,4.4181999579199925e-05,711.0815252282958,1.2512116472384127
0.9081829136960672,"delay: 84.2806, f0: 261.626, z: 2.3808
status=FAIL
velocity_m_s=0.769031084733
hardness_N_per_mm_p=6274.84635853
p=3.00661094066
epsilon=0.908182913696
tau0_s=6.52146955659e-05
linear_density_kg_m=0.00621814666971
tension_N=719.299020608
force_log=""/var/folders/zh/nj8dx9w152qdp4y5nkg5xm540000gn/T/bbpiano-hammer-search-xuq5qr4h/force_50.txt""
positive_force_samples=111
contact_span_s=0.00249433106576
maximum_force_N=16.8933717913
force_impulse_Ns=0.00812574643398
initial_hammer_energy_J=0.00443556606964
maximum_mechanical_energy_J=0.00457772329909
maximum_mechanical_energy_ratio=1.03204939961
string_energy_at_release_J=0.00418975817417
string_energy_at_release_ratio=0.944582519659
final_hammer_energy_J=0.000387539645564
final_string_energy_J=0.00389225081261
rebound_velocity_m_s=0.227314655801
physical_f0_hz=261.626
configured_f0_hz=261.626
f0_relative_error=0
integer_spatial_port_pass=1
strike_reset_position_error_m=0",,6274.846358530294,338,refine_03_011,0.006218146669708621,,,,,,,,,,1.5496876799105423,3.006610940655354,,,refinement,FAIL,6.521469556592333e-05,719.2990206079405,1.4728960003206006
0.8947660801460814,"delay: 84.2806, f0: 261.626, z: 2.3808
status=FAIL
velocity_m_s=1.37936018486
hardness_N_per_mm_p=1977.58113496
p=3.32986506187
epsilon=0.894766080146
tau0_s=4.25605153191e-05
linear_density_kg_m=0.00606081587056
tension_N=701.099403302
force_log=""/var/folders/zh/nj8dx9w152qdp4y5nkg5xm540000gn/T/bbpiano-hammer-search-upv226g_/force_80.txt""
positive_force_samples=120
contact_span_s=0.00269841269841
maximum_force_N=32.4242862392
force_impulse_Ns=0.0162035228685
initial_hammer_energy_J=0.0142697588968
maximum_mechanical_energy_J=0.0151707070542
maximum_mechanical_energy_ratio=1.06313688717
string_energy_at_release_J=0.0144983666028
string_energy_at_release_ratio=1.01602043228
final_hammer_energy_J=0.000671069709224
final_string_energy_J=0.0134876065893
rebound_velocity_m_s=0.299125326961
physical_f0_hz=261.626
configured_f0_hz=261.626
f0_relative_error=0
integer_spatial_port_pass=1
strike_reset_position_error_m=0",,1977.5811349625312,339,refine_03_012,0.006060815870559596,,,,,,,,,,1.3793601848582002,3.3298650618736114,,,refinement,FAIL,4.2560515319108836e-05,701.0994033022488,1.3110087442886602
0.9063578987141627,"delay: 84.2806, f0: 261.626, z: 2.3808
status=FAIL
velocity_m_s=4.36160035742
hardness_N_per_mm_p=3291.63552227
p=3
epsilon=0.906357898714
tau0_s=0.000117780469841
linear_density_kg_m=0.00617272954977
tension_N=714.045286396
force_log=""/var/folders/zh/nj8dx9w152qdp4y5nkg5xm540000gn/T/bbpiano-hammer-search-xrrz5iux/force_110.txt""
positive_force_samples=22
contact_span_s=0.00047619047619
maximum_force_N=35.3594083779
force_impulse_Ns=0.00819975259748
initial_hammer_energy_J=0.142676682584
maximum_mechanical_energy_J=0.142879822203
maximum_mechanical_energy_ratio=1.00142377587
string_energy_at_release_J=0.0337204943092
string_energy_at_release_ratio=0.236342012573
final_hammer_energy_J=0.109153836813
final_string_energy_J=0.0310766051783
rebound_velocity_m_s=3.81495018426
physical_f0_hz=261.626
configured_f0_hz=261.626
f0_relative_error=0
integer_spatial_port_pass=1
strike_reset_position_error_m=0",,3291.6355222744987,340,refine_03_013,0.0061727295497680445,,,,,,,,,,1.3342946130031605,3.0,,,refinement,FAIL,0.00011778046984143036,714.0452863962287,1.2681763068898675
0.918742225064598,"delay: 84.2806, f0: 261.626, z: 2.3808
status=FAIL
velocity_m_s=1.50858752221
hardness_N_per_mm_p=2002.28334397
p=3.13992647758
epsilon=0.918742225065
tau0_s=5.27484435766e-05
linear_density_kg_m=0.00606646057107
tension_N=701.752367564
force_log=""/var/folders/zh/nj8dx9w152qdp4y5nkg5xm540000gn/T/bbpiano-hammer-search-bkiq0p3v/force_80.txt""
positive_force_samples=105
contact_span_s=0.00235827664399
maximum_force_N=32.3833394931
force_impulse_Ns=0.0139452856269
initial_hammer_energy_J=0.0170687723413
maximum_mechanical_energy_J=0.0176240012928
maximum_mechanical_energy_ratio=1.03252893298
string_energy_at_release_J=0.0151087946643
string_energy_at_release_ratio=0.885171725429
final_hammer_energy_J=0.00251345482471
final_string_energy_J=0.014028321183
rebound_velocity_m_s=0.578901813748
physical_f0_hz=261.626
configured_f0_hz=261.626
f0_relative_error=0
integer_spatial_port_pass=1
strike_reset_position_error_m=0",,2002.2833439729689,341,refine_03_014,0.006066460571067082,,,,,,,,,,1.5085875222108784,3.139926477575878,,,refinement,FAIL,5.274844357658511e-05,701.7523675635196,1.4338324788942216
0.9121162673094422,"delay: 84.2806, f0: 261.626, z: 2.3808
status=FAIL
velocity_m_s=0.661267009583
hardness_N_per_mm_p=6050.6613261
p=3.15138050767
epsilon=0.912116267309
tau0_s=3.88077852528e-05
linear_density_kg_m=0.00605556894974
tension_N=700.49245316
force_log=""/var/folders/zh/nj8dx9w152qdp4y5nkg5xm540000gn/T/bbpiano-hammer-search-94t9zhh_/force_50.txt""
positive_force_samples=125
contact_span_s=0.00281179138322
maximum_force_N=14.037054443
force_impulse_Ns=0.00810467617355
initial_hammer_energy_J=0.00327955543472
maximum_mechanical_energy_J=0.00330427269691
maximum_mechanical_energy_ratio=1.00753677219
string_energy_at_release_J=0.00319428038988
string_energy_at_release_ratio=0.973997986453
final_hammer_energy_J=0.000109726320402
final_string_energy_J=0.00297284700804
rebound_velocity_m_s=0.120955264679
physical_f0_hz=261.626
configured_f0_hz=261.626
f0_relative_error=0
integer_spatial_port_pass=1
strike_reset_position_error_m=0",,6050.661326100166,342,refine_03_015,0.006055568949739627,,,,,,,,,,1.3325304506219364,3.15138050767453,,,refinement,FAIL,3.8807785252834114e-05,700.4924531597898,1.2664995640539363
0.9084929189417286,"delay: 84.2806, f0: 261.626, z: 2.3808
status=FAIL
velocity_m_s=4.89786875053
hardness_N_per_mm_p=5770.01552168
p=3.06210156769
epsilon=0.908492918942
tau0_s=9.07030438723e-05
linear_density_kg_m=0.0061739128257
tension_N=714.182164676
force_log=""/var/folders/zh/nj8dx9w152qdp4y5nkg5xm540000gn/T/bbpiano-hammer-search-jxqa5zcn/force_110.txt""
positive_force_samples=8
contact_span_s=0.00015873015873
maximum_force_N=50.5952302264
force_impulse_Ns=0.00377364834678
initial_hammer_energy_J=0.179918387231
maximum_mechanical_energy_J=0.185428351339
maximum_mechanical_energy_ratio=1.03062479712
string_energy_at_release_J=0.0235156737161
string_energy_at_release_ratio=0.130701892553
final_hammer_energy_J=0.161910233646
final_string_energy_J=0.0216198449791
rebound_velocity_m_s=4.64629219408
physical_f0_hz=261.626
configured_f0_hz=261.626
f0_relative_error=0
integer_spatial_port_pass=1
strike_reset_position_error_m=0",,5770.015521677416,343,refine_03_016,0.006173912825701579,,,,,,,,,,1.4983490814126545,3.0621015676908767,,,refinement,FAIL,9.070304387231388e-05,714.1821646760941,1.4241013835924292
0.9048800655144141,"delay: 84.2806, f0: 261.626, z: 2.3808
status=FAIL
velocity_m_s=1.2513078227
hardness_N_per_mm_p=5044.52754491
p=3.20075118153
epsilon=0.904880065514
tau0_s=2.92131505307e-05
linear_density_kg_m=0.00609253791095
tension_N=704.76892636
force_log=""/var/folders/zh/nj8dx9w152qdp4y5nkg5xm540000gn/T/bbpiano-hammer-search-3efantiv/force_80.txt""
positive_force_samples=99
contact_span_s=0.00222222222222
maximum_force_N=26.3418196912
force_impulse_Ns=0.0103273776824
initial_hammer_energy_J=0.0117432845036
maximum_mechanical_energy_J=0.0122030604135
maximum_mechanical_energy_ratio=1.03915224141
string_energy_at_release_J=0.00982617507218
string_energy_at_release_ratio=0.836748447092
final_hammer_energy_J=0.00237571368147
final_string_energy_J=0.00911761801985
rebound_velocity_m_s=0.562815977204
physical_f0_hz=261.626
configured_f0_hz=261.626
f0_relative_error=0
integer_spatial_port_pass=1
strike_reset_position_error_m=0",,5044.527544913847,344,refine_03_017,0.0060925379109489294,,,,,,,,,,1.251307822700122,3.2007511815257828,,,refinement,FAIL,2.9213150530704783e-05,704.7689263604436,1.1893017613273411
0.9667335474505416,,True,2923.2144951449486,345,refine_04_000,0.006179732686109225,1.0,3.168143959096761,10.8558698425974,2.131519274376414,2.2222222222222188,0.006548475953405446,1.0,0.464089524867,inf,0.9088658070584359,3.2542826028232636,9.08226723030784,5.562123325438141,refinement,PASS,4.5379821618984234e-05,714.8553909786655,0.863828776209798
0.9536391935036589,,True,5035.726823321137,346,refine_04_001,0.006400302642613075,1.0,3.9210819902368517,9.07543735382556,2.426303854875284,2.517006802721089,0.00736153778207267,1.0,0.257411016386,inf,0.7550422103136342,3.4777802565481326,11.38353410495081,6.493585252155514,refinement,PASS,5.532538962095413e-05,740.3703493925026,0.7176276007488004
0.9696701177111753,,True,4338.97515270124,347,refine_04_002,0.0063104337114145495,1.0,3.439463715242172,11.5022803542543,2.131519274376413,2.244897959183669,0.005529848789561623,1.0,0.398669543784,inf,0.7760211767102756,3.6686033408470817,11.000780914988429,6.09379569903385,refinement,PASS,4.662557280371942e-05,729.974545364739,0.7375669963425353
0.9609286972828931,"delay: 84.2806, f0: 261.626, z: 2.3808
status=FAIL
velocity_m_s=2.49909684568
hardness_N_per_mm_p=4503.79167945
p=3.72476087333
epsilon=0.960928697283
tau0_s=3.14645352066e-05
linear_density_kg_m=0.00617832108994
tension_N=714.692101208
force_log=""/var/folders/zh/nj8dx9w152qdp4y5nkg5xm540000gn/T/bbpiano-hammer-search-d3txd85q/force_110.txt""
positive_force_samples=22
contact_span_s=0.00047619047619
maximum_force_N=27.7683015971
force_impulse_Ns=0.00407714501481
initial_hammer_energy_J=0.0468411378305
maximum_mechanical_energy_J=0.0470577380543
maximum_mechanical_energy_ratio=1.00462414523
string_energy_at_release_J=0.00985000970573
string_energy_at_release_ratio=0.210285449115
final_hammer_energy_J=0.0372060613003
final_string_energy_J=0.00907179628545
rebound_velocity_m_s=2.22728717802
physical_f0_hz=261.626
configured_f0_hz=261.626
f0_relative_error=0
integer_spatial_port_pass=1
strike_reset_position_error_m=0",,4503.791679448041,348,refine_04_003,0.006178321089936616,,,,,,,,,,0.7645201727120499,3.7247608733348345,,,refinement,FAIL,3.146453520656461e-05,714.6921012078728,0.7266359016398686
0.9578377152469247,,True,3510.130761673412,349,refine_04_004,0.006144424185307792,1.0,4.178707078329541,10.961499726961,2.630385487528343,2.7437641723355988,0.009063964833576191,1.0,0.200060071963,inf,0.8126112996194031,3.5593496585671947,9.813898104730145,6.68998437737125,refinement,PASS,8.487520363384173e-05,710.7709955157331,0.7723439687497782
0.9729012488247605,,True,3165.445452049463,350,refine_04_005,0.00628151708662308,1.0,3.4699564146213637,9.13556128748862,2.063492063492064,2.154195011337869,0.004877641836864631,1.0,0.422433580171,inf,0.7545184754075736,3.223939089940081,11.550863295826273,6.516671121969536,refinement,PASS,3.519774991807707e-05,726.6295454802693,0.7171298184805633
0.9573156756998447,,True,6286.505550758453,351,refine_04_006,0.006287053375847738,1.0,4.982026063261651,8.50559014537065,1.950113378684804,2.0408163265306087,0.004595110035827619,1.0,0.464442543034,inf,0.7772134836608355,3.6761823482608507,17.60432949924436,9.509451395432915,refinement,PASS,3.375472825227482e-05,727.2699690065425,0.7387002209021676
0.9546751459848222,,True,2704.673242898646,352,refine_04_007,0.006248277525007215,1.0,3.551528764633236,14.1435945464062,2.494331065759633,2.607709750566889,0.008034008242778019,1.0,0.264281614111,inf,0.8105757056622419,3.283454987997847,10.489018138879345,6.559770065654808,refinement,PASS,3.2449647417607365e-05,722.7844795167722,0.7704092445878408
0.9663908402223035,,True,3438.0073027890253,353,refine_04_008,0.006294163141819114,1.0,3.7935187386173936,10.229625363204,2.1088435374149634,2.2222222222222188,0.005187597394078265,1.0,0.412157170642,inf,0.7657306206963106,3.452509110280664,10.112229988731631,5.7580850108866795,refinement,PASS,2.6317306708626913e-05,728.092408227038,0.7277863682904886
0.9574246244857444,,True,2867.7517025933066,354,refine_04_009,0.00618710013751478,1.0,3.2339386156604366,15.8219921401392,2.5623582766439887,2.7437641723355988,0.007797981326960067,1.0,0.219015615805,inf,0.7508409320048022,3.5766586285289015,10.303099113652419,5.963590044357848,refinement,PASS,2.8336933254022443e-05,715.7076385794189,0.7136345084002379
0.9646952515625934,,False,6730.751863655839,355,refine_04_010,0.00619530475933383,1.0,4.518327409289304,3.7106828651254,1.814058956916095,1.8820861678004488,0.003905947188009143,1.0,0.473767303753,inf,0.7369702947429216,3.5655050853989376,11.201744273657654,6.5052129480299135,refinement,PASS,3.596648806402421e-05,716.6567278744094,0.7004512028801856
0.9872248271783871,,True,3542.1277393438586,356,refine_04_011,0.00638438778921482,1.0,4.642015214365568,8.90333479156082,1.950113378684804,2.0408163265306087,0.004698779649286236,1.0,0.477265962154,inf,0.7972512653916831,3.3144754095809064,14.772382700962709,8.454577838455345,refinement,PASS,5.426585152090093e-05,738.5293605785447,0.757745070357489
0.973114218347703,,True,4146.587482852157,357,refine_04_012,0.006320292593154772,1.0,3.982326894903751,5.30194352629789,1.768707482993193,1.8820861678004488,0.0037819175978742437,1.0,0.480359311913,inf,0.7364955677123562,3.581448855336539,8.898259544861993,5.275988095420665,refinement,PASS,2.4916400911131113e-05,731.1149951412901,0.7
0.9587543282776472,,True,3260.7629559041993,358,refine_04_013,0.006234857488969077,1.0,3.6647971177287273,9.72147602123769,2.6984126984127035,2.811791383219959,0.00893412856859661,1.0,0.167080951029,inf,0.7700392943408773,3.466910105417758,8.660775804735803,5.365218753956537,refinement,PASS,7.364395586050293e-05,721.2320846808993,0.7318815342132992
0.9653495425103187,"delay: 84.2806, f0: 261.626, z: 2.3808
status=FAIL
velocity_m_s=0.610359123334
hardness_N_per_mm_p=5375.83520512
p=3.25949177893
epsilon=0.96534954251
tau0_s=4.58237035424e-05
linear_density_kg_m=0.00626822586883
tension_N=725.092052003
force_log=""/var/folders/zh/nj8dx9w152qdp4y5nkg5xm540000gn/T/bbpiano-hammer-search-pitcbg68/force_65.txt""
positive_force_samples=108
contact_span_s=0.00242630385488
maximum_force_N=14.0129765138
force_impulse_Ns=0.00547184266551
initial_hammer_energy_J=0.00279403694578
maximum_mechanical_energy_J=0.00282369630826
maximum_mechanical_energy_ratio=1.01061523633
string_energy_at_release_J=0.00237116576903
string_energy_at_release_ratio=0.84865226017
final_hammer_energy_J=0.000452283258639
final_string_energy_J=0.00220188870919
rebound_velocity_m_s=0.2455696123
physical_f0_hz=261.626
configured_f0_hz=261.626
f0_relative_error=0
integer_spatial_port_pass=1
strike_reset_position_error_m=0",,5375.835205121898,359,refine_04_014,0.006268225868825782,,,,,,,,,,0.8970720772683783,3.25949177893118,,,refinement,FAIL,4.5823703542401927e-05,725.0920520031765,0.8526194611575931
0.9776517529249608,,True,3471.8327121593975,360,refine_04_015,0.006352547696022282,1.0,3.3929913700602503,8.44654143340801,2.1088435374149634,2.2222222222222188,0.005262084032156361,1.0,0.420719021655,inf,0.7779097438764169,3.680059723458292,11.086558129072829,6.776370252380678,refinement,PASS,4.6189894946967324e-05,734.8461814793725,0.7393619793325962
0.953607423002388,,True,4186.884918454329,361,refine_04_016,0.006360290112383188,1.0,3.4300778846672815,9.21460996167362,2.4489795918367334,2.5623582766439887,0.007050137049985216,1.0,0.259520408524,inf,0.7364955677123562,3.5651048888926002,9.231526573179151,6.063100700077007,refinement,PASS,3.4390742213990444e-05,735.7418040501085,0.7
0.9545224428160108,,True,3130.9246036889367,362,refine_04_017,0.006307392527739328,1.0,3.187258514919371,15.333352581042,2.471655328798183,2.585034013605439,0.008633312123736482,1.0,0.27187336054,inf,0.8590193884261185,3.4941630196536466,8.26130630155486,5.57787465683449,refinement,PASS,5.262134948495786e-05,729.6227491535412,0.8164523973525531
0.9810141281290582,,True,4443.282204579244,363,refine_05_000,0.0057,1.0,3.738570248346985,19.8884968736238,2.3809523809523805,2.5396825396825387,0.010437053125165116,1.0,0.505592698633,inf,1.2164301135562399,3.6812049955016235,10.56272065075591,6.493251758926811,refinement,PASS,3.333646378885573e-06,659.3611626175078,1.1561523474394184
0.9918212652338705,,False,3240.7749936059768,364,refine_05_001,0.005849866109133998,1.0,4.004510767349654,6.46207562357384,1.043083900226753,1.1564625850340087,0.003504393914028156,1.0,1.05870642532,inf,1.29721843846848,3.605468591575301,8.205864085697831,5.761654722371746,refinement,PASS,3.986332371361897e-06,676.6972840132194,1.2329373681751505
0.9971733944236774,,False,3737.3301337290777,365,refine_05_002,0.005740210819853189,1.0,3.517670367203852,6.3702849829875,1.1111111111111132,1.2244897959183687,0.0031289560999869038,1.0,0.98459571352,inf,1.1980095085306932,3.4179949634155307,9.587560063695408,5.749931623437132,refinement,PASS,3.0031880725288715e-06,664.0126455873678,1.1386445387258721
0.9629424969626773,"delay: 84.2806, f0: 261.626, z: 2.3808
status=FAIL
velocity_m_s=1.98080671021
hardness_N_per_mm_p=5708.66265729
p=3.48297159597
epsilon=0.962942496963
tau0_s=2.76938583355e-06
linear_density_kg_m=0.0057
tension_N=659.361162618
force_log=""/var/folders/zh/nj8dx9w152qdp4y5nkg5xm540000gn/T/bbpiano-hammer-search-w2h8j74p/force_95.txt""
positive_force_samples=116
contact_span_s=0.00260770975057
maximum_force_N=43.5013441689
force_impulse_Ns=0.0215109171356
initial_hammer_energy_J=0.029426964174
maximum_mechanical_energy_J=0.031576739289
maximum_mechanical_energy_ratio=1.07305460061
string_energy_at_release_J=0.0293316461602
string_energy_at_release_ratio=0.996760861458
final_hammer_energy_J=0.00224198036957
final_string_energy_J=0.027257231959
rebound_velocity_m_s=0.546745567831
physical_f0_hz=261.626
configured_f0_hz=261.626
f0_relative_error=0
integer_spatial_port_pass=1
strike_reset_position_error_m=0",,5708.662657291205,366,refine_05_003,0.0057,,,,,,,,,,1.208523483046291,3.482971595974149,,,refinement,FAIL,2.7693858335457263e-06,659.3611626175078,1.148637514221677
0.998,,False,5247.752818694402,367,refine_05_004,0.005891753417148812,1.0,3.3158567180014584,6.908012893909,0.952380952380953,1.0657596371882088,0.0025629760364006098,1.0,0.95222202471,inf,1.1283102917567558,3.484102834825316,8.73355680172458,5.215937500695667,refinement,PASS,3.4324608946673857e-06,681.5426987696342,1.0723991275100218
0.998,,False,4438.500479959268,368,refine_05_005,0.005871347825351533,1.0,2.9556338753695224,5.49924954067208,0.929705215419503,1.043083900226759,0.0026392913907969822,1.0,1.0634456953,inf,1.243555850453062,3.7181322258384237,7.241043422841462,4.577730477768856,refinement,PASS,2.8725264242723988e-06,679.1822330272918,1.18193392259099
0.9910013332712779,,True,5951.012556616564,369,refine_05_006,0.0057,1.0,3.5228414029753377,13.2163072387528,2.24489795918367,2.4036281179138284,0.00839857628800215,1.0,0.595320647548,inf,1.1652161593116739,3.6421590636106966,9.381978862110724,5.159772887367893,refinement,PASS,2.0000000000000003e-06,659.3611626175078,1.1074761984674024
0.9803830987772229,,False,7050.970829623168,370,refine_05_007,0.005862003969715465,1.0,2.8202962899000963,9.35738835498856,1.1337868480725641,1.2244897959183687,0.00390910634900758,1.0,0.909644102644,inf,1.1773260782442474,3.6554839255325744,8.918737391109484,5.248543644410918,refinement,PASS,4.5547661211127285e-06,678.1013601298308,1.1189860345403226
0.9921186280780354,,True,3815.1984012888415,371,refine_05_008,0.0058836656143469125,1.0,3.401506704271524,8.35115408139367,1.315192743764173,1.4285714285714288,0.0042834023898065884,1.0,0.922898490307,inf,1.2147722072064115,3.5236835280297996,9.807016654231171,5.823744248084334,refinement,PASS,2.9851603219597165e-06,680.607122794462,1.1545765953293488
0.9917945876512295,,True,6025.720370711661,372,refine_05_009,0.0057,1.0,3.8126456411178102,6.43850222790481,1.201814058956913,1.3151927437641686,0.003700532559182194,1.0,0.901702311697,inf,1.1532722713598553,3.6115515168301093,9.20557055346325,6.408406332158718,refinement,PASS,2.9313469071535787e-06,659.3611626175078,1.0961241660414065
0.998,,True,4872.197274415113,373,refine_05_010,0.005757269247306874,1.0,3.219665846051238,8.72061932144783,1.20181405895692,1.3605442176870786,0.0031600972824375744,1.0,0.887689198567,inf,1.1049548158546725,3.4717258495998324,8.893860551672944,5.170784653342765,refinement,PASS,2.0000000000000003e-06,665.9859200712781,1.05020098559555
0.9861135206688135,,True,5091.843800237117,374,refine_05_011,0.005818511783107439,1.0,2.974244747615094,14.6723915567626,2.26757369614512,2.4263038548752784,0.008999864587057529,1.0,0.560050892329,inf,1.1711331511488956,3.621911421818806,9.00327791602087,5.384210551947672,refinement,PASS,2.8604364318154906e-06,673.0702971953316,1.1130999855852537
0.9746106204092256,,True,8776.580430148146,375,refine_05_012,0.005716217654985709,1.0,3.160309880121134,7.0189401130601,1.201814058956914,1.2925170068027187,0.003603295061548451,1.0,0.78453436685,inf,1.0300615193423062,3.6232153204486335,9.41880616590798,5.182523805389281,refinement,PASS,5.696492668135297e-06,661.2371787308949,0.9790188768946169
0.9834634113569354,"delay: 84.2806, f0: 261.626, z: 2.3808
status=FAIL
velocity_m_s=3.6068576454
hardness_N_per_mm_p=7928.50600591
p=3.50104627966
epsilon=0.983463411357
tau0_s=2e-06
linear_density_kg_m=0.0057
tension_N=659.361162618
force_log=""/var/folders/zh/nj8dx9w152qdp4y5nkg5xm540000gn/T/bbpiano-hammer-search-pkrmnhxs/force_110.txt""
positive_force_samples=19
contact_span_s=0.000408163265306
maximum_force_N=36.5607314439
force_impulse_Ns=0.0046237471383
initial_hammer_energy_J=0.0975706655565
maximum_mechanical_energy_J=0.0982542191558
maximum_mechanical_energy_ratio=1.00700572857
string_energy_at_release_J=0.0166447210975
string_energy_at_release_ratio=0.170591447774
final_hammer_energy_J=0.0816061024269
final_string_energy_J=0.0153237390017
rebound_velocity_m_s=3.29860783618
physical_f0_hz=261.626
configured_f0_hz=261.626
f0_relative_error=0
integer_spatial_port_pass=1
strike_reset_position_error_m=0",,7928.50600590833,376,refine_05_013,0.0057,,,,,,,,,,1.1034047899273454,3.5010462796594033,,,refinement,FAIL,2.0000000000000003e-06,659.3611626175078,1.0487277681089884
0.9888731178810065,,False,7799.449152287087,377,refine_05_014,0.005830426256442886,1.0,3.1353923019074426,6.16916164065018,0.9523809523809541,1.043083900226759,0.0033326384941892006,1.0,1.02766926931,inf,1.2545104802301528,3.6339334048814096,8.340631099993937,5.246618734961969,refinement,PASS,3.464387263506286e-06,674.4485324568114,1.1923457175564127
0.9910825161717226,,True,5536.948658414328,378,refine_05_015,0.005897446564074737,1.0,3.813097983202658,5.86175187699475,1.315192743764173,1.4285714285714288,0.004164604133759202,1.0,0.869213441361,inf,1.1512852491873928,3.66965956821644,9.980776006126352,5.805225266953767,refinement,PASS,2.9061557569024452e-06,682.2012671864817,1.094235606786333
0.998,,False,3299.320909963759,379,refine_05_016,0.0057,1.0,3.211373816288505,5.84921200937997,0.9523809523809541,1.043083900226759,0.002663461648035891,1.0,1.08589780797,inf,1.2678844754377607,3.5620380023849036,9.228368963022723,5.259498167113497,refinement,PASS,3.8671073767149046e-06,659.3611626175078,1.2050569911278266
0.9907373515878035,,True,4202.4368236449545,380,refine_05_017,0.005784437702746457,1.0,3.884938443001958,6.677687005268,1.405895691609973,1.5192743764172287,0.004496359582313662,1.0,0.878263948678,inf,1.18306976400379,3.560416031703866,10.171598744008802,6.277301718625071,refinement,PASS,2.985939230521366e-06,669.1286962756931,1.1244451034172314
0.962658308815171,,True,489.40166331434665,381,refine_06_000,0.006030086850310733,1.0,3.4621887694454387,15.9283091593303,2.267573696145125,2.517006802721089,0.009823631970680499,1.0,0.618569711747,inf,1.2855180674913966,4.628417452210777,8.294217342357818,5.131197891311872,refinement,PASS,2.499321050767728e-05,697.544750229023,1.2218167857263
0.9526385829751987,,True,765.9699280752892,382,refine_06_001,0.00588567839914993,1.0,3.8273076511936504,27.6481615130746,2.358276643990926,2.585034013605439,0.012305303833852376,1.0,0.54033646924,inf,1.381588165924608,4.82592305003709,12.130740298197423,6.6261859644566234,refinement,PASS,5.568621165373881e-05,680.8399565010966,1.3131263222006764
0.9510911093380946,"delay: 84.2806, f0: 261.626, z: 2.3808
status=FAIL
velocity_m_s=4.282544028
hardness_N_per_mm_p=528.679064659
p=5
epsilon=0.951091109338
tau0_s=2.75777284228e-05
linear_density_kg_m=0.00580477313765
tension_N=671.481046452
force_log=""/var/folders/zh/nj8dx9w152qdp4y5nkg5xm540000gn/T/bbpiano-hammer-search-1mywspop/force_110.txt""
positive_force_samples=25
contact_span_s=0.000544217687075
maximum_force_N=45.0326996851
force_impulse_Ns=0.00699224599347
initial_hammer_energy_J=0.137551375138
maximum_mechanical_energy_J=0.138046603521
maximum_mechanical_energy_ratio=1.00360031576
string_energy_at_release_J=0.0288053617367
string_energy_at_release_ratio=0.209415294524
final_hammer_energy_J=0.109236490617
final_string_energy_J=0.0265314757682
rebound_velocity_m_s=3.8163942951
physical_f0_hz=261.626
configured_f0_hz=261.626
f0_relative_error=0
integer_spatial_port_pass=1
strike_reset_position_error_m=0",,528.6790646588956,383,refine_06_002,0.005804773137653091,,,,,,,,,,1.3101098125092596,5.0,,,refinement,FAIL,2.757772842275735e-05,671.4810464515475,1.2451899359082808
0.9675245331830483,"delay: 84.2806, f0: 261.626, z: 2.3808
status=FAIL
velocity_m_s=1.20412963384
hardness_N_per_mm_p=568.728693439
p=4.76386815596
epsilon=0.967524533183
tau0_s=6.07739072474e-05
linear_density_kg_m=0.00585023206857
tension_N=676.739617248
force_log=""/var/folders/zh/nj8dx9w152qdp4y5nkg5xm540000gn/T/bbpiano-hammer-search-yn56v08h/force_80.txt""
positive_force_samples=124
contact_span_s=0.00278911564626
maximum_force_N=28.4294688607
force_impulse_Ns=0.0120801664349
initial_hammer_energy_J=0.0108744613132
maximum_mechanical_energy_J=0.01117049136
maximum_mechanical_energy_ratio=1.02722250218
string_energy_at_release_J=0.0099768734175
string_energy_at_release_ratio=0.917459093386
final_hammer_energy_J=0.00119272229703
final_string_energy_J=0.00928459494061
rebound_velocity_m_s=0.398785204847
physical_f0_hz=261.626
configured_f0_hz=261.626
f0_relative_error=0
integer_spatial_port_pass=1
strike_reset_position_error_m=0",,568.7286934390264,384,refine_06_003,0.0058502320685675955,,,,,,,,,,1.2041296338426344,4.763868155957637,,,refinement,FAIL,6.0773907247370406e-05,676.7396172478873,1.144461393444585
0.9629798240150885,,True,456.24563463792373,385,refine_06_004,0.005953640904232087,1.0,2.9340692555770564,18.1001429551784,2.607709750566896,2.834467120181409,0.01340151885129558,1.0,0.402223352286,inf,1.3093390999294658,4.6619765307106364,9.639772478374923,5.783634873201099,refinement,PASS,5.438534443317829e-05,688.7016821792315,1.2444574144519311
0.9527549894982306,,True,655.2897727762809,386,refine_06_005,0.005894831237003877,1.0,2.9747194976212628,12.2643520183514,2.6303854875283483,2.834467120181409,0.012121449146285296,1.0,0.373723709554,inf,1.191090450756056,4.599432850746216,10.73635518778262,6.045736685067559,refinement,PASS,4.532392025710303e-05,681.8987329587505,1.1320683410478738
0.9719483893451855,"delay: 84.2806, f0: 261.626, z: 2.3808
status=FAIL
velocity_m_s=1.27870191912
hardness_N_per_mm_p=834.645618023
p=4.45772561023
epsilon=0.971948389345
tau0_s=5.03469541575e-05
linear_density_kg_m=0.00598492877187
tension_N=692.320981263
force_log=""/var/folders/zh/nj8dx9w152qdp4y5nkg5xm540000gn/T/bbpiano-hammer-search-zq3rdnhs/force_80.txt""
positive_force_samples=104
contact_span_s=0.00233560090703
maximum_force_N=29.4838994243
force_impulse_Ns=0.00929838361246
initial_hammer_energy_J=0.0122630894847
maximum_mechanical_energy_J=0.012898942089
maximum_mechanical_energy_ratio=1.0518509308
string_energy_at_release_J=0.0096427743811
string_energy_at_release_ratio=0.786325044199
final_hammer_energy_J=0.00325522644157
final_string_energy_J=0.00895011336067
rebound_velocity_m_s=0.658809678291
physical_f0_hz=261.626
configured_f0_hz=261.626
f0_relative_error=0
integer_spatial_port_pass=1
strike_reset_position_error_m=0",,834.645618023294,387,refine_06_006,0.005984928771867136,,,,,,,,,,1.2787019191211744,4.457725610233197,,,refinement,FAIL,5.034695415747014e-05,692.3209812633838,1.215338397982602
0.9527877419097288,,True,516.2693301258794,388,refine_06_007,0.005970453408204344,1.0,3.312362904021827,20.4716738193419,2.403628117913836,2.6303854875283488,0.01244569661726691,1.0,0.548565493922,inf,1.3937523144847075,4.601747575176975,8.960340845516303,5.100926335408442,refinement,PASS,3.478224793474626e-05,690.6465088749611,1.32468770066018
0.9669655973695411,,True,396.6622660405061,389,refine_06_008,0.005938953856550576,1.0,2.639655025113281,18.7420194869661,2.5623582766439954,2.811791383219959,0.011850171471462336,1.0,0.423925148377,inf,1.2281029046618779,4.530014985973025,8.520520415756474,4.82431616328061,refinement,PASS,4.4681863404778935e-05,687.0027227345473,1.1672467166823002
0.9474050141722687,"delay: 84.2806, f0: 261.626, z: 2.3808
status=FAIL
velocity_m_s=1.37308090672
hardness_N_per_mm_p=590.095389344
p=4.79863386512
epsilon=0.947405014172
tau0_s=2.7079348502e-05
linear_density_kg_m=0.00594200151361
tension_N=687.355267769
force_log=""/var/folders/zh/nj8dx9w152qdp4y5nkg5xm540000gn/T/bbpiano-hammer-search-5ag8cla_/force_80.txt""
positive_force_samples=117
contact_span_s=0.00263038548753
maximum_force_N=29.213008017
force_impulse_Ns=0.0125198393334
initial_hammer_energy_J=0.014140133823
maximum_mechanical_energy_J=0.0141633751876
maximum_mechanical_energy_ratio=1.00164364531
string_energy_at_release_J=0.0119878565456
string_energy_at_release_ratio=0.847789469015
final_hammer_energy_J=0.00217426071024
final_string_energy_J=0.0111440336444
rebound_velocity_m_s=0.53842495116
physical_f0_hz=261.626
configured_f0_hz=261.626
f0_relative_error=0
integer_spatial_port_pass=1
strike_reset_position_error_m=0",,590.0953893438804,390,refine_06_009,0.00594200151360523,,,,,,,,,,1.373080906720724,4.798633865117958,,,refinement,FAIL,2.7079348501990937e-05,687.3552677694273,1.3050406232449907
0.9598323238477964,,True,463.70399597933863,391,refine_06_010,0.0058061481104759415,1.0,2.8440591937455313,19.420975533326,2.494331065759635,2.7437641723355988,0.011373377691908333,1.0,0.47158260244,inf,1.2444872987208018,4.609779429115544,7.671311526893823,4.7875320481553745,refinement,PASS,3.6536562715598324e-05,671.6400997285725,1.18281921479912
0.9777047972677558,,True,1001.2627515758201,392,refine_06_011,0.006037726166663047,1.0,3.093601568669725,18.7252439349745,2.2902494331065792,2.471655328798189,0.010193608004215614,1.0,0.553131529927,inf,1.2468590708120206,4.591647662139177,10.248820916357174,6.588895513832978,refinement,PASS,7.108597893338462e-05,698.4284464591396,1.185073458458739
0.9650282927209024,"delay: 84.2806, f0: 261.626, z: 2.3808
status=FAIL
velocity_m_s=1.34895421476
hardness_N_per_mm_p=596.456305978
p=4.53087124578
epsilon=0.965028292721
tau0_s=4.29571972724e-05
linear_density_kg_m=0.00588743082522
tension_N=681.042672587
force_log=""/var/folders/zh/nj8dx9w152qdp4y5nkg5xm540000gn/T/bbpiano-hammer-search-md144tmw/force_80.txt""
positive_force_samples=109
contact_span_s=0.00244897959184
maximum_force_N=33.5960248393
force_impulse_Ns=0.0106463395189
initial_hammer_energy_J=0.0136475810514
maximum_mechanical_energy_J=0.0147842317791
maximum_mechanical_energy_ratio=1.08328587487
string_energy_at_release_J=0.0117187899549
string_energy_at_release_ratio=0.858671577824
final_hammer_energy_J=0.00306430799067
final_string_energy_J=0.0108804956372
rebound_velocity_m_s=0.639198246834
physical_f0_hz=261.626
configured_f0_hz=261.626
f0_relative_error=0
integer_spatial_port_pass=1
strike_reset_position_error_m=0",,596.456305977627,393,refine_06_012,0.005887430825215005,,,,,,,,,,1.3489542147580629,4.530871245783817,,,refinement,FAIL,4.295719727239383e-05,681.0426725866524,1.2821094813423708
0.9629175663131347,,True,562.965869530722,394,refine_06_013,0.00589549022305884,1.0,3.210716475585654,14.9090659505761,2.403628117913829,2.585034013605439,0.012064055134179208,1.0,0.567706774775,inf,1.3832463198619365,4.467096770507008,11.434574057660129,6.8597497678742805,refinement,PASS,5.5044090880869884e-05,681.9749627502154,1.314702309629542
0.9527448166359076,"delay: 84.2806, f0: 261.626, z: 2.3808
status=FAIL
velocity_m_s=1.34049232772
hardness_N_per_mm_p=457.592840963
p=4.64210861067
epsilon=0.952744816636
tau0_s=5.64528055595e-05
linear_density_kg_m=0.00587814400535
tension_N=679.968397439
force_log=""/var/folders/zh/nj8dx9w152qdp4y5nkg5xm540000gn/T/bbpiano-hammer-search-fx_uqzje/force_80.txt""
positive_force_samples=129
contact_span_s=0.00290249433107
maximum_force_N=32.398807938
force_impulse_Ns=0.0149038631804
initial_hammer_energy_J=0.0134768976051
maximum_mechanical_energy_J=0.0140338753364
maximum_mechanical_energy_ratio=1.04132833444
string_energy_at_release_J=0.0131302545205
string_energy_at_release_ratio=0.97427871794
final_hammer_energy_J=0.000902554615011
final_string_energy_J=0.012224147609
rebound_velocity_m_s=0.346901449024
physical_f0_hz=261.626
configured_f0_hz=261.626
f0_relative_error=0
integer_spatial_port_pass=1
strike_reset_position_error_m=0",,457.5928409631875,395,refine_06_014,0.005878144005349658,,,,,,,,,,1.3404923277200649,4.642108610666442,,,refinement,FAIL,5.6452805559501335e-05,679.9683974386816,1.27406690622546
0.944729913158933,,True,504.9999274426687,396,refine_06_015,0.005944840254259085,1.0,3.3428911262772383,21.4554801704542,2.5623582766439856,2.7891156462584985,0.014146652371490397,1.0,0.442893924594,inf,1.4022213936916923,4.828513286411927,11.338195840353217,6.4914091785999455,refinement,PASS,3.5156709381142e-05,687.6836458988827,1.3327371115525004
0.9618857892230938,,True,517.4516719307829,397,refine_06_016,0.005952299052457093,1.0,3.351416401276505,16.1204527564168,2.335600907029478,2.5396825396825387,0.011170982313824393,1.0,0.61102017424,inf,1.3679371280294272,4.665735693441707,8.852186542331198,5.531227477957203,refinement,PASS,4.177662489215253e-05,688.5464602588069,1.3001517342390574
0.9675219145870256,"delay: 84.2806, f0: 261.626, z: 2.3808
status=FAIL
velocity_m_s=1.29098495828
hardness_N_per_mm_p=456.874291311
p=4.5690384148
epsilon=0.967521914587
tau0_s=5.21313885364e-05
linear_density_kg_m=0.00593058745443
tension_N=686.034919115
force_log=""/var/folders/zh/nj8dx9w152qdp4y5nkg5xm540000gn/T/bbpiano-hammer-search-mx3j5sci/force_80.txt""
positive_force_samples=122
contact_span_s=0.00274376417234
maximum_force_N=29.7939503959
force_impulse_Ns=0.0126515878958
initial_hammer_energy_J=0.0124998162187
maximum_mechanical_energy_J=0.0126342536113
maximum_mechanical_energy_ratio=1.01075514954
string_energy_at_release_J=0.0111309854428
string_energy_at_release_ratio=0.890491927886
final_hammer_energy_J=0.00150222908976
final_string_energy_J=0.0103568384701
rebound_velocity_m_s=0.447545765222
physical_f0_hz=261.626
configured_f0_hz=261.626
f0_relative_error=0
integer_spatial_port_pass=1
strike_reset_position_error_m=0",,456.87429131073407,398,refine_06_017,0.005930587454426312,,,,,,,,,,1.2909849582761996,4.569038414800943,,,refinement,FAIL,5.213138853642007e-05,686.0349191149718,1.227012775650922
0.9753081764228009,,True,823.0247201834281,399,refine_07_000,0.006242009668040351,1.0,2.7891440867067674,13.9458769898035,2.222222222222218,2.4263038548752784,0.007501992251525249,1.0,0.536598904437,inf,1.0472731835347981,3.6820415438954672,7.951378990424015,4.6389513228430275,refinement,PASS,1.6544832110585832e-05,722.0594301383877,0.9953776514248799
0.9926538745468232,,True,1530.9381670097328,400,refine_07_001,0.006217920051363954,1.0,3.956502571231033,5.69326338687051,1.4965986394557842,1.5873015873015888,0.005230354603637942,1.0,0.86897137445,inf,1.2219663132925658,3.743656823438471,11.462027638238474,6.5208442978696235,refinement,PASS,4.323970370864157e-05,719.2728059877282,1.1614142118488207
0.9704479041577728,,True,938.8572519155025,401,refine_07_002,0.00626282986724686,1.0,3.2285385092707983,16.3813013902369,2.5623582766439856,2.7891156462584985,0.00907311920896732,1.0,0.31143051716,inf,0.9286873597428305,3.6857906762857042,7.95608050597208,4.966709720969067,refinement,PASS,2.1025612324987365e-05,724.4678565865863,0.8826681114174407
0.9753540289506235,,True,606.9453261994055,402,refine_07_003,0.006244312079726445,1.0,3.4776455800475716,11.2359707152534,2.585034013605439,2.7664399092970484,0.010057022736147841,1.0,0.374120364443,inf,1.0530815505947844,3.8274200763819364,7.048396855510291,4.472063668080616,refinement,PASS,3.249007345036755e-05,722.3257671289434,1.0008981964495014
0.9827531587873948,,True,597.502903606739,403,refine_07_004,0.006291303115723915,1.0,3.6082630647553358,7.59332715606957,1.995464852607709,2.1768707482993186,0.0059300285102036636,1.0,0.685592670977,inf,1.0866675783005493,3.804837420714454,10.443600781739605,7.453426074072964,refinement,PASS,1.7892115296247932e-05,727.761567853135,1.0328199355946004
0.989145143641412,,True,502.4955326126488,404,refine_07_005,0.006405068860560556,1.0,3.914768469900791,12.3368156548531,2.585034013605439,2.7664399092970484,0.010274523748678526,1.0,0.364491503615,inf,1.0587849184292004,3.7234989070837745,8.971867676280507,5.5417798928896005,refinement,PASS,5.0059608444044046e-05,740.9216930779656,1.0063189452755832
0.9870457213778434,,True,568.0390146570759,405,refine_07_006,0.006218830030856909,1.0,3.3437816133738316,20.5169538359416,2.1995464852607753,2.4489795918367387,0.007313170331518205,1.0,0.534814483346,inf,1.0378672561526903,3.8238919138210705,9.672846212214248,5.633648055566289,refinement,PASS,3.1364430150335496e-05,719.3780700467515,0.986437815998678
0.9688660072310817,,True,567.7551288543405,406,refine_07_007,0.0063390382387124595,1.0,2.89110464583945,17.3703890538668,2.630385487528346,2.857142857142859,0.011391495842336069,1.0,0.330699063794,inf,1.1032620539472209,3.6428629427908437,7.9788103992962585,4.933046505630188,refinement,PASS,2.061138889790827e-05,733.283442623559,1.0485921051254385
0.9841983694388678,"delay: 84.2806, f0: 261.626, z: 2.3808
status=FAIL
velocity_m_s=3.56331563953
hardness_N_per_mm_p=774.472763999
p=3.72021612332
epsilon=0.984198369439
tau0_s=2.04440491309e-05
linear_density_kg_m=0.00628039786413
tension_N=726.500076736
force_log=""/var/folders/zh/nj8dx9w152qdp4y5nkg5xm540000gn/T/bbpiano-hammer-search-8aodghds/force_110.txt""
positive_force_samples=25
contact_span_s=0.000544217687075
maximum_force_N=45.8798921912
force_impulse_Ns=0.00608461761646
initial_hammer_energy_J=0.0952291376018
maximum_mechanical_energy_J=0.0959363841097
maximum_mechanical_energy_ratio=1.00742678686
string_energy_at_release_J=0.0211514935688
string_energy_at_release_ratio=0.222111573216
final_hammer_energy_J=0.0747818102065
final_string_energy_J=0.0194773138169
rebound_velocity_m_s=3.1576744651
physical_f0_hz=261.626
configured_f0_hz=261.626
f0_relative_error=0
integer_spatial_port_pass=1
strike_reset_position_error_m=0",,774.4727639985733,407,refine_07_008,0.006280397864129252,,,,,,,,,,1.0900844810692862,3.7202161233230013,,,refinement,FAIL,2.0444049130870314e-05,726.5000767355748,1.0360675205672367
0.998,"delay: 84.2806, f0: 261.626, z: 2.3808
status=FAIL
velocity_m_s=3.87347995672
hardness_N_per_mm_p=733.378446793
p=3.69336269204
epsilon=0.998
tau0_s=5.00709763139e-05
linear_density_kg_m=0.00624823279656
tension_N=722.779305446
force_log=""/var/folders/zh/nj8dx9w152qdp4y5nkg5xm540000gn/T/bbpiano-hammer-search-ce39c0zq/force_110.txt""
positive_force_samples=32
contact_span_s=0.000702947845805
maximum_force_N=47.202289845
force_impulse_Ns=0.00919106627345
initial_hammer_energy_J=0.112528852314
maximum_mechanical_energy_J=0.112918637093
maximum_mechanical_energy_ratio=1.00346386523
string_energy_at_release_J=0.0331716070947
string_energy_at_release_ratio=0.294783128173
final_hammer_energy_J=0.0797432979639
final_string_energy_J=0.0305787168443
rebound_velocity_m_s=3.26074220516
physical_f0_hz=261.626
configured_f0_hz=261.626
f0_relative_error=0
integer_spatial_port_pass=1
strike_reset_position_error_m=0",,733.3784467931222,408,refine_07_009,0.006248232796555572,,,,,,,,,,1.1849695103394589,3.693362692037254,,,refinement,FAIL,5.007097631389597e-05,722.7793054459165,1.126250711615389
0.971845428686275,,True,916.671673483016,409,refine_07_010,0.006251483474565026,1.0,2.774318732708838,11.5645775589821,2.51700680272109,2.6757369614512485,0.009965716874692393,1.0,0.369544098683,inf,1.0426668523790048,3.7370028924721526,7.113949388553518,4.774703059288215,refinement,PASS,4.1912677453645415e-05,723.1553354163742,0.9909995778146463
0.9942077653257467,,True,751.9769315037721,410,refine_07_011,0.00629724250558796,1.0,3.3232723806517157,10.9278354550821,2.154195011337871,2.290249433106579,0.006890670423462339,1.0,0.575068986125,inf,1.0427082615248713,3.387714849816755,8.363599263965172,5.3876194032291,refinement,PASS,4.135380253963752e-05,728.4486210120816,0.9910389350129477
0.9792218753766193,,True,529.3956560694357,411,refine_07_012,0.00617478695198813,1.0,3.065967157605946,9.93038547122834,2.5396825396825378,2.7437641723355988,0.008432827994932947,1.0,0.400692216393,inf,0.9703869177418043,3.676873204637918,6.727589679005279,4.136113846959045,refinement,PASS,2.3248283151482596e-05,714.2832813295282,0.922301331057782
0.9852101847390404,,True,638.7132261515034,412,refine_07_013,0.006313024899554895,1.0,3.8745010591081384,15.857745488963,2.154195011337869,2.3356009070294785,0.00782888243443877,1.0,0.612075371679,inf,1.145987487422247,3.744477605395694,10.207005473790572,6.49506997338209,refinement,PASS,3.62159700259034e-05,730.2742872638231,1.0892003650304038
0.9957782363248581,"delay: 84.2806, f0: 261.626, z: 2.3808
status=FAIL
velocity_m_s=3.31756835121
hardness_N_per_mm_p=873.665758632
p=3.75447819487
epsilon=0.995778236325
tau0_s=5.15044469415e-05
linear_density_kg_m=0.00623110694599
tension_N=720.798231632
force_log=""/var/folders/zh/nj8dx9w152qdp4y5nkg5xm540000gn/T/bbpiano-hammer-search-dz7dzwaz/force_110.txt""
positive_force_samples=38
contact_span_s=0.000839002267574
maximum_force_N=43.0748707153
force_impulse_Ns=0.00926570174171
initial_hammer_energy_J=0.0825469482372
maximum_mechanical_energy_J=0.0831621388312
maximum_mechanical_energy_ratio=1.00745261463
string_energy_at_release_J=0.0284903944824
string_energy_at_release_ratio=0.345141705306
final_hammer_energy_J=0.0546691236793
final_string_energy_J=0.0262979482681
rebound_velocity_m_s=2.69985490176
physical_f0_hz=261.626
configured_f0_hz=261.626
f0_relative_error=2.17269762412e-16
integer_spatial_port_pass=1
strike_reset_position_error_m=0",,873.6657586322383,413,refine_07_014,0.006231106945994494,,,,,,,,,,1.01490581817209,3.754478194869694,,,refinement,FAIL,5.150444694153751e-05,720.7982316324487,0.9646141862430436
0.9805011044420887,,True,900.4735768856287,414,refine_07_015,0.006183646134982084,1.0,3.2552648892748746,14.5880136758754,2.154195011337869,2.3356009070294785,0.007393930466327266,1.0,0.575900613386,inf,1.079856031923218,3.9113023230799873,8.639755322801191,5.344672432888859,refinement,PASS,3.674406858641867e-05,715.3080885573764,1.026345921801222
0.9789334655498555,,True,918.6041902841025,415,refine_07_016,0.006155998104652784,1.0,3.417804647449981,13.2892670676869,2.403628117913829,2.585034013605439,0.008901841851374331,1.0,0.426629505328,inf,1.0301306108319226,3.970393968621704,11.178944319367146,6.384157995301491,refinement,PASS,4.7364833976306676e-05,712.1098363780762,0.9790845446933815
0.9752056904018516,,True,510.46336133903105,416,refine_07_017,0.006285650277449601,1.0,3.336661421459639,18.5914346190207,2.380952380952376,2.607709750566889,0.00956562995002809,1.0,0.491302414827,inf,1.1430638992291509,3.69434701287911,9.497754605754496,5.189421949385307,refinement,PASS,2.223521967417137e-05,727.1076622361807,1.0864216494143357
0.9889374012572786,,True,1848.3405346636569,417,refine_08_000,0.006165766891823428,1.0,2.9115508934951055,17.7921320793974,2.721088435374146,2.947845804988659,0.014050214517459707,1.0,0.326466107045,inf,1.2765956754664076,3.7748526414219383,8.774897955316368,5.993924940473085,refinement,PASS,2.663395394514322e-06,713.2398642493391,1.2133365250277977
0.9735813091350943,,True,818.6752742105473,418,refine_08_001,0.006218352554519506,1.0,3.3042002613273262,18.8108547550631,2.879818594104306,3.1065759637188184,0.018669368052860097,1.0,0.212034580925,inf,1.4708777065578966,3.8821706852815354,18.110365756254083,9.72463791562282,refinement,PASS,4.627160043088383e-06,719.3228368269353,1.3979912978819868
0.9950204772332546,,True,804.8646181454104,419,refine_08_002,0.006167177220057518,1.0,2.441489858212413,7.71780384576678,1.9274376417233583,2.131519274376419,0.006465111741225255,1.0,0.880967424064,inf,1.3178086430531257,3.7051625011885903,8.26908205595142,4.676638801177826,refinement,PASS,3.3376279865693566e-06,713.4030073483043,1.2525072662724617
0.9926174946650062,,True,1793.9793234043007,420,refine_08_003,0.006156465732051209,1.0,4.3126631652726655,7.41088956812026,1.4058956916099798,1.5646258503401387,0.005259568310440533,1.0,1.02089339519,inf,1.3771332453512048,3.8025066750376753,9.397384885581706,5.937958202571054,refinement,PASS,3.2596357448204414e-06,712.1639302982686,1.308892156323659
0.9971480400205108,"delay: 84.2806, f0: 261.626, z: 2.3808
status=FAIL
velocity_m_s=4.45049265102
hardness_N_per_mm_p=1097.59563431
p=3.64632717948
epsilon=0.997148040021
tau0_s=6.65789434579e-06
linear_density_kg_m=0.00609434048197
tension_N=704.977443084
force_log=""/var/folders/zh/nj8dx9w152qdp4y5nkg5xm540000gn/T/bbpiano-hammer-search-tk_zxz1o/force_110.txt""
positive_force_samples=19
contact_span_s=0.000408163265306
maximum_force_N=60.6825856686
force_impulse_Ns=0.00537723486737
initial_hammer_energy_J=0.148551636276
maximum_mechanical_energy_J=0.151998883529
maximum_mechanical_energy_ratio=1.02320571714
string_energy_at_release_J=0.026410828527
string_energy_at_release_ratio=0.177788876576
final_hammer_energy_J=0.125584113843
final_string_energy_J=0.024302364863
rebound_velocity_m_s=4.09201032653
physical_f0_hz=261.626
configured_f0_hz=261.626
f0_relative_error=0
integer_spatial_port_pass=1
strike_reset_position_error_m=0",,1097.5956343064195,421,refine_08_004,0.0060943404819721455,,,,,,,,,,1.3614884177462003,3.6463271794817516,,,refinement,FAIL,6.657894345792193e-06,704.9774430842275,1.2940225769214102
0.9883321813813138,,True,977.1526747255976,422,refine_08_005,0.006316203078781307,1.0,2.5425394915885695,18.0366122871316,2.176870748299318,2.3809523809523787,0.009532801965157755,1.0,0.720870922713,inf,1.3700254867954367,3.3651514316571345,8.281332006383506,4.809259476850318,refinement,PASS,4.614404633494316e-06,730.6419307637764,1.302136608555066
0.9835178672939827,,True,1333.078901169442,423,refine_08_006,0.006074900172767066,1.0,3.107323320154782,15.5327542883862,2.108843537414968,2.3129251700680284,0.009113264639113283,1.0,0.763120816081,inf,1.3824126836799742,3.8561699368578286,9.505028047359948,5.815989846193132,refinement,PASS,4.497012698153402e-06,702.7286387194722,1.3139099826245253
0.9787231300235111,,False,900.8846125739815,424,refine_08_007,0.006197017791489453,1.0,5.156926462383682,10.9719316507938,6.802721088435378,7.2562358276643995,0.039363041809963,0.3906250000000004,-1.26223798246,0.6410256410256422,1.3619682060646545,3.747586973999361,17.810470832102865,9.552924807247702,refinement,PASS,2.750791279137897e-06,716.8548869750643,1.2944785902874663
0.998,,False,1884.1317934847036,425,refine_08_008,0.006195816787036627,1.0,3.293346972294556,8.00205531992148,1.065759637188213,1.1791383219954685,0.003548625939234516,1.0,1.16301824622,inf,1.4056428397510699,3.5845011033270184,8.642534923025611,5.246461008705951,refinement,PASS,4.0845107161719536e-06,716.7159579062354,1.3359890146820785
0.998,,True,2754.5863785112815,426,refine_08_009,0.006222784713974213,1.0,3.297494575880722,8.60031860483931,1.2018140589569188,1.3832199546485286,0.003890297963625042,1.0,1.03779170126,inf,1.3036457825915269,3.84622396528795,8.69608347810799,5.198692579442316,refinement,PASS,2.1582589660088944e-06,719.8355374955252,1.2390462180900357
0.998,,True,1223.6453346172,427,refine_08_010,0.006138484987227467,1.0,3.091312773845905,8.12062105604655,1.2018140589569188,1.3832199546485286,0.0036557157086914926,1.0,1.07210793863,inf,1.3219605866807558,3.82834704930197,8.406453039910565,4.9306334299808725,refinement,PASS,3.8289831651555245e-06,710.0839645418281,1.2564534686214703
0.9806353324745628,,True,1596.9648943806944,428,refine_08_011,0.006172743047004316,1.0,3.24305372681976,17.2505748395854,2.5396825396825395,2.6984126984126986,0.01426653074535326,1.0,0.470711387527,inf,1.4348540835230594,3.4698036812528983,10.379091009988223,6.35890424761654,refinement,PASS,4.195006623654674e-06,714.0468477213866,1.363752753578575
0.9893615364050667,"delay: 84.2806, f0: 261.626, z: 2.3808
status=FAIL
velocity_m_s=4.20784896613
hardness_N_per_mm_p=1465.40443977
p=3.75734454768
epsilon=0.989361536405
tau0_s=4.52055239475e-06
linear_density_kg_m=0.00608516696793
tension_N=703.916274858
force_log=""/var/folders/zh/nj8dx9w152qdp4y5nkg5xm540000gn/T/bbpiano-hammer-search-ffm4zdib/force_110.txt""
positive_force_samples=20
contact_span_s=0.000430839002268
maximum_force_N=53.2898479582
force_impulse_Ns=0.00532931828943
initial_hammer_energy_J=0.132794946913
maximum_mechanical_energy_J=0.134688567285
maximum_mechanical_energy_ratio=1.01425973213
string_energy_at_release_J=0.0233679739083
string_energy_at_release_ratio=0.175970354682
final_hammer_energy_J=0.111316701573
final_string_energy_J=0.0215060468795
rebound_velocity_m_s=3.85256108017
physical_f0_hz=261.626
configured_f0_hz=261.626
f0_relative_error=0
integer_spatial_port_pass=1
strike_reset_position_error_m=0",,1465.4044397738332,429,refine_08_012,0.006085166967925947,,,,,,,,,,1.287259204820618,3.757344547681093,,,refinement,FAIL,4.5205523947491476e-06,703.916274858475,1.2234716444707194
0.9974620136884611,"delay: 84.2806, f0: 261.626, z: 2.3808
status=FAIL
velocity_m_s=4.14249203541
hardness_N_per_mm_p=1122.35703271
p=3.59129112811
epsilon=0.997462013688
tau0_s=3.78948215286e-06
linear_density_kg_m=0.00622102489197
tension_N=719.631965867
force_log=""/var/folders/zh/nj8dx9w152qdp4y5nkg5xm540000gn/T/bbpiano-hammer-search-gfmlqsnw/force_110.txt""
positive_force_samples=25
contact_span_s=0.000544217687075
maximum_force_N=54.2874150901
force_impulse_Ns=0.00629362345637
initial_hammer_energy_J=0.128701801976
maximum_mechanical_energy_J=0.129152964576
maximum_mechanical_energy_ratio=1.00350548783
string_energy_at_release_J=0.0251985391955
string_energy_at_release_ratio=0.195790104013
final_hammer_energy_J=0.103950840141
final_string_energy_J=0.0231975171427
rebound_velocity_m_s=3.72291713832
physical_f0_hz=261.626
configured_f0_hz=261.626
f0_relative_error=0
integer_spatial_port_pass=1
strike_reset_position_error_m=0",,1122.3570327124398,430,refine_08_013,0.006221024891967858,,,,,,,,,,1.2672653050044527,3.5912911281123927,,,refinement,FAIL,3.789482152862947e-06,719.6319658667339,1.2044685024493924
0.993533517837309,,True,1749.5891444822319,431,refine_08_014,0.006102401158626224,1.0,2.7126789285063806,8.74730158544689,1.92743764172336,2.0861678004535187,0.007578242855415729,1.0,0.91120549573,inf,1.4230338847815622,3.6758034811165614,10.774718351168408,5.536936007346201,refinement,PASS,2.3715223209717367e-06,705.9098811772304,1.3525182811909833
0.9859276753005923,,True,2452.3855001972493,432,refine_08_015,0.00634432011613157,1.0,3.0444483475747477,17.5632370045727,2.6303854875283483,2.834467120181409,0.015496427711486387,1.0,0.356070573682,inf,1.4024413798684772,3.9264513605724356,11.570536919338528,7.181196511391337,refinement,PASS,2.6327564753798415e-06,733.894436454413,1.332946196753417
0.9977386744119107,,True,1419.2173022014301,433,refine_08_016,0.006116348905446397,1.0,2.9690489219815555,8.74239789681239,1.3832199546485282,1.5873015873015888,0.004572505672078391,1.0,1.06690829205,inf,1.3783502310599267,3.778404163766667,9.694644297245816,5.694967667846064,refinement,PASS,2.1842261458579347e-06,707.523320222712,1.3100488367348546
0.983452812187463,,True,1455.2905240207795,434,refine_08_017,0.006245548504347743,1.0,2.9501035864781384,16.0554991285281,3.492063492063496,3.718820861678009,0.02308576072794937,1.0,-0.173537863558,inf,1.377648814404119,3.767386932348294,14.369377981325842,8.880138649550858,refinement,PASS,2.4386554244820927e-06,722.4687935106606,1.3093821773813021
0.9795722586337355,,True,325.935301859071,435,refine_09_000,0.006533809301069026,1.0,3.1696380085954123,24.2889547528121,3.242630385487533,3.356009070294789,0.02361316254184643,1.0,-0.0203978338646,inf,1.5721791068565067,3.0977687068168844,9.611522325933478,5.515849631451851,refinement,PASS,8.636063264175007e-05,755.8140521182385,1.4942729095002143
0.9569805347586356,,False,350.13777669275305,436,refine_09_001,0.0068,1.0,3.8160982564849975,14.5429305911909,3.582766439909294,3.673469387755099,0.02590457088030424,1.0,-0.233079807309,inf,1.5048885947730033,3.202193729523271,10.037535373605884,6.6191300794048615,refinement,PASS,7.566107199738079e-05,786.6062992629918,1.4303168444219667
0.9740792940408078,"delay: 84.2806, f0: 261.626, z: 2.3808
status=FAIL
velocity_m_s=2.6072034809
hardness_N_per_mm_p=383.1761256
p=3.27053112133
epsilon=0.974079294041
tau0_s=0.00011551641531
linear_density_kg_m=0.00663332302907
tension_N=767.325541135
force_log=""/var/folders/zh/nj8dx9w152qdp4y5nkg5xm540000gn/T/bbpiano-hammer-search-ukfix0kz/force_95.txt""
positive_force_samples=111
contact_span_s=0.00249433106576
maximum_force_N=67.9072005985
force_impulse_Ns=0.0281949222411
initial_hammer_energy_J=0.050981324931
maximum_mechanical_energy_J=0.0546203596829
maximum_mechanical_energy_ratio=1.07137976027
string_energy_at_release_J=0.0506455984777
string_energy_at_release_ratio=0.993414716983
final_hammer_energy_J=0.00396988019311
final_string_energy_J=0.0470421438738
rebound_velocity_m_s=0.727541998156
physical_f0_hz=261.626
configured_f0_hz=261.626
f0_relative_error=2.17269762412e-16
integer_spatial_port_pass=1
strike_reset_position_error_m=0",,383.1761256001703,437,refine_09_002,0.006633323029072435,,,,,,,,,,1.5906986863017614,3.2705311213335446,,,refinement,FAIL,0.00011551641531010984,767.325541134507,1.5118747881536665
0.9809645162172506,,True,373.58927856620903,438,refine_09_003,0.006685858397997745,1.0,2.633357535100232,18.2010299780462,2.7210884353741545,2.811791383219959,0.01732292305642707,1.0,0.341143579201,inf,1.509771921469227,3.0,8.134365587817816,5.2863474880029875,refinement,PASS,5.7915316998660364e-05,773.4026958596179,1.4349581876115451
0.9792682061986462,,True,333.9303603220658,439,refine_09_004,0.0066204707095293075,1.0,4.544697439276547,19.8288164056369,3.106575963718824,3.197278911564629,0.02311635083941464,1.0,0.0648447443043,inf,1.6209332747606513,3.007568084668581,12.521987794961305,6.961525911177501,refinement,PASS,8.172939371799682e-05,765.8388182649827,1.5406111619338394
0.9774006307195952,,True,359.752660989732,440,refine_09_005,0.00661101249569069,1.0,3.634373105129411,24.3107611083201,2.9705215419501108,3.1065759637188184,0.01900800158050262,1.0,0.144240502441,inf,1.4298202110350648,3.1870074798735564,9.548182057044881,6.1476561339421965,refinement,PASS,6.354326686402674e-05,764.7447167083308,1.3589683245934265
0.9742724290758964,,False,300.0000000000001,441,refine_09_006,0.0066330889601064775,1.0,3.4477601907583413,19.0756674998708,3.605442176870753,3.718820861678009,0.027970664214673674,1.0,-0.253820148536,inf,1.62531371706644,3.256847025369399,14.149954406777743,7.881047722603127,refinement,PASS,0.0001147901660167318,767.2984646458181,1.5447745401651252
0.9786375341045679,"delay: 84.2806, f0: 261.626, z: 2.3808
status=FAIL
velocity_m_s=2.60892312603
hardness_N_per_mm_p=300
p=3.17106688113
epsilon=0.978637534105
tau0_s=5.43828469268e-05
linear_density_kg_m=0.00655650116764
tension_N=758.438988175
force_log=""/var/folders/zh/nj8dx9w152qdp4y5nkg5xm540000gn/T/bbpiano-hammer-search-anu1vulx/force_95.txt""
positive_force_samples=96
contact_span_s=0.00215419501134
maximum_force_N=59.3429443795
force_impulse_Ns=0.0191916556698
initial_hammer_energy_J=0.0510485990815
maximum_mechanical_energy_J=0.0523941222419
maximum_mechanical_energy_ratio=1.02635769021
string_energy_at_release_J=0.0391341514155
string_energy_at_release_ratio=0.766605785852
final_hammer_energy_J=0.0132563663559
final_string_energy_J=0.0363003887844
rebound_velocity_m_s=1.32947941471
physical_f0_hz=261.626
configured_f0_hz=261.626
f0_relative_error=0
integer_spatial_port_pass=1
strike_reset_position_error_m=0",,300.0000000000001,442,refine_09_007,0.006556501167638094,,,,,,,,,,1.5917478707147588,3.171066881126156,,,refinement,FAIL,5.438284692679862e-05,758.4389881748949,1.512871982327393
0.9730643382262572,,True,514.8106019112395,443,refine_09_008,0.0065980216953010675,1.0,2.911967453483017,26.6717669386045,2.494331065759634,2.585034013605439,0.015664970156539604,1.0,0.486025561183,inf,1.5505306110267467,3.0,9.064270748361741,5.652888000234752,refinement,PASS,4.918031680705852e-05,763.2419747349564,1.473697161667947
0.9808132725162101,,True,362.40462884980496,444,refine_09_009,0.006490819709398017,1.0,3.6966192019178816,24.6704675282067,2.244897959183671,2.3809523809523787,0.011541704286028536,1.0,0.743100118862,inf,1.5311986187702071,3.1867534187440354,9.900191997588518,6.044783835181194,refinement,PASS,2.7000538743665892e-05,750.8411280577739,1.4553231276983862
0.9812913252712994,,True,300.0000000000001,445,refine_09_010,0.006467482419498973,1.0,2.6575643474143167,16.634118333697,3.424036281179134,3.5147392290249386,0.024356181580800072,1.0,-0.0860344117066,inf,1.5502928187816671,3.0,10.159319811944613,6.290773440507844,refinement,PASS,9.29241514061369e-05,748.1415311103747,1.4734711527429065
0.9810440789028273,,True,300.0000000000001,446,refine_09_011,0.006512795984207876,1.0,3.7906917610703967,15.3537430361977,3.1519274376417243,3.2426303854875287,0.021807170505549485,1.0,0.0783275660043,inf,1.5437518803441799,3.0290137515041735,9.519921874725792,6.015881440078916,refinement,PASS,7.943625523461144e-05,753.3832863224459,1.4672543374530835
0.9859791757550966,,True,399.359132584879,447,refine_09_012,0.0068,1.0,2.56879259832375,32.0818171045397,2.766439909297054,2.857142857142859,0.020676179182165477,1.0,0.258835600616,inf,1.6615104069662208,3.012051018129136,8.603549887657326,5.310469356962395,refinement,PASS,8.113686132816208e-05,786.6062992629918,1.5791775753504536
0.9708257688074098,,False,300.0000000000001,448,refine_09_013,0.006463199383458983,1.0,9.286755489624092,14.1805216962161,3.8095238095238138,3.9002267573696185,0.026380293829646895,1.0,-0.270425965051,inf,1.4989866029823433,3.0,18.637234138730186,12.5581179733694,refinement,PASS,8.547726041920731e-05,747.6460806502237,1.424707314053312
0.9815165508343309,,True,410.0861464632119,449,refine_09_014,0.006689080884374086,1.0,3.644985504987206,23.7540244562609,2.267573696145123,2.3809523809523787,0.012147261501129505,1.0,0.705812125316,inf,1.533593375553869,3.0,9.529104338997897,5.98320152935719,refinement,PASS,2.9312823165051283e-05,773.7754646953413,1.4575992170898953
0.9704159624994486,,True,542.4367571612877,450,refine_09_015,0.006543150806940911,1.0,3.2232246557863036,30.9373699498385,2.766439909297054,2.857142857142859,0.01888998172350909,1.0,0.245606417696,inf,1.528336585411529,3.0208292898662368,11.53071461161245,6.799811550660523,refinement,PASS,7.505743213802631e-05,756.8946532010954,1.4526029166897885
0.9905595835479778,,True,657.1039981266476,451,refine_09_016,0.006590757122236257,1.0,4.308585570318286,23.8309608035077,2.154195011337864,2.244897959183669,0.011761127257558781,1.0,0.758560558006,inf,1.5606575622476482,3.213115874882358,10.202311857071567,6.246145455230504,refinement,PASS,6.088780664243894e-05,762.4016278328629,1.4833222920358728
0.9649844514300608,,False,416.1542429405714,452,refine_09_017,0.006675626427392552,1.0,5.206293743979204,29.2369085909967,3.945578231292513,4.058956916099769,0.028758066162912863,1.0,-0.463242955445,inf,1.476071068871588,3.0,12.923275773408976,7.648135314589893,refinement,PASS,0.00010652073360400425,772.2190881343357,1.4029273134928828
