epsilon,error,force_curve_gate_pass,hardness,index,label,linear_density_kg_m,max_energy_ratio,median_abs_shape_error_db,midi80_Fmax_N,midi80_contact_duration_ms,midi80_contact_span_ms,midi80_impulse_Ns,midi80_peak_position,midi80_rebound_velocity_m_s,midi80_rise_fall_ratio,midi80_velocity_m_s,p,p90_abs_shape_error_db,paired_shape_rmse_db,stage,status,tau0_s,tension_N,velocity_scale
0.51,,False,400.0,0,current_baseline,0.007,1.0,0.8776677188447131,10.7929995098202,5.374149659863947,5.532879818594109,0.029351191910685394,0.3975409836065566,-0.904702334226,0.6598639455782292,1.052136525303366,2.4,5.069195665395369,3.408233103355109,anchor,PASS,0.0004,809.7417786530798,1.0
0.9022869424092258,,False,657.2284497006934,1,stulov_fitted_anchor,0.00623958204318,1.0,4.001656728227697,8.25334640704219,6.598639455782309,6.893424036281179,0.030227275504450844,0.3881578947368423,-0.963031462141,0.6344086021505383,1.052136525303366,3.731790810040888,14.586883971138354,8.785089203127349,anchor,PASS,3.169878626411721e-05,721.7786088137701,1.0
0.992,"delay: 84.2806, f0: 261.626, z: 2.3808
status=FAIL
velocity_m_s=3.43926970858
hardness_N_per_mm_p=8800
p=3.95
epsilon=0.992
tau0_s=2e-06
linear_density_kg_m=0.00623958204318
tension_N=721.778608814
force_log=""/var/folders/zh/nj8dx9w152qdp4y5nkg5xm540000gn/T/bbpiano-hammer-search-rq5ip31f/force_110.txt""
positive_force_samples=19
contact_span_s=0.000408163265306
maximum_force_N=41.2559083608
force_impulse_Ns=0.00444082272898
initial_hammer_energy_J=0.0887143209626
maximum_mechanical_energy_J=0.0896356873351
maximum_mechanical_energy_ratio=1.01038576819
string_energy_at_release_J=0.0155342479662
string_energy_at_release_ratio=0.175104174812
final_hammer_energy_J=0.07409849742
final_string_energy_J=0.0142976662272
rebound_velocity_m_s=3.14321485998
physical_f0_hz=261.626
configured_f0_hz=261.626
f0_relative_error=0
integer_spatial_port_pass=1
strike_reset_position_error_m=0",,8800.0,2,stulov_published_anchor,0.00623958204318,,,,,,,,,,1.052136525303366,3.95,,,anchor,FAIL,2e-06,721.7786088137701,1.0
0.9022869424092258,"delay: 84.2806, f0: 261.626, z: 2.3808
status=FAIL
velocity_m_s=1.72448373458
hardness_N_per_mm_p=400
p=3.73179081004
epsilon=0.902286942409
tau0_s=3.16987862641e-05
linear_density_kg_m=0.00623958204318
tension_N=721.778608814
force_log=""/var/folders/zh/nj8dx9w152qdp4y5nkg5xm540000gn/T/bbpiano-hammer-search-zqmvhnjo/force_95.txt""
positive_force_samples=190
contact_span_s=0.00428571428571
maximum_force_N=27.8091515417
force_impulse_Ns=0.0361576159348
initial_hammer_energy_J=0.0223038311313
maximum_mechanical_energy_J=0.0233326269237
maximum_mechanical_energy_ratio=1.04612641597
string_energy_at_release_J=0.0198015799538
string_energy_at_release_ratio=0.887810701094
final_hammer_energy_J=0.00352971690671
final_string_energy_J=0.0185329570129
rebound_velocity_m_s=-0.686023994401
physical_f0_hz=261.626
configured_f0_hz=261.626
f0_relative_error=0
integer_spatial_port_pass=1
strike_reset_position_error_m=0",,400.0,3,axis_hardness_400,0.00623958204318,,,,,,,,,,1.052136525303366,3.731790810040888,,,one_factor,FAIL,3.169878626411721e-05,721.7786088137701,1.0
0.9022869424092258,,False,657.23,4,axis_hardness_657.23,0.00623958204318,1.0,4.09577325272864,8.2533469956174,6.598639455782309,6.893424036281179,0.030227275653211733,0.3881578947368423,-0.963031471005,0.6344086021505383,1.052136525303366,3.731790810040888,14.479507225844806,8.622117845737195,one_factor,PASS,3.169878626411721e-05,721.7786088137701,1.0
0.9022869424092258,"delay: 84.2806, f0: 261.626, z: 2.3808
status=FAIL
velocity_m_s=1.72448373458
hardness_N_per_mm_p=1200
p=3.73179081004
epsilon=0.902286942409
tau0_s=3.16987862641e-05
linear_density_kg_m=0.00623958204318
tension_N=721.778608814
force_log=""/var/folders/zh/nj8dx9w152qdp4y5nkg5xm540000gn/T/bbpiano-hammer-search-07byttr2/force_95.txt""
positive_force_samples=116
contact_span_s=0.00260770975057
maximum_force_N=47.1059961588
force_impulse_Ns=0.0190938501348
initial_hammer_energy_J=0.0223038311313
maximum_mechanical_energy_J=0.0251189590692
maximum_mechanical_energy_ratio=1.12621723691
string_energy_at_release_J=0.0235874758589
string_energy_at_release_ratio=1.05755265632
final_hammer_energy_J=0.00152930090897
final_string_energy_J=0.0219150546446
rebound_velocity_m_s=0.451560392265
physical_f0_hz=261.626
configured_f0_hz=261.626
f0_relative_error=0
integer_spatial_port_pass=1
strike_reset_position_error_m=0",,1200.0,5,axis_hardness_1200,0.00623958204318,,,,,,,,,,1.052136525303366,3.731790810040888,,,one_factor,FAIL,3.169878626411721e-05,721.7786088137701,1.0
0.9022869424092258,"delay: 84.2806, f0: 261.626, z: 2.3808
status=FAIL
velocity_m_s=1.72448373458
hardness_N_per_mm_p=3000
p=3.73179081004
epsilon=0.902286942409
tau0_s=3.16987862641e-05
linear_density_kg_m=0.00623958204318
tension_N=721.778608814
force_log=""/var/folders/zh/nj8dx9w152qdp4y5nkg5xm540000gn/T/bbpiano-hammer-search-1lr9y0f8/force_95.txt""
positive_force_samples=96
contact_span_s=0.00215419501134
maximum_force_N=44.1104221162
force_impulse_Ns=0.0133137239713
initial_hammer_energy_J=0.0223038311313
maximum_mechanical_energy_J=0.0252238647324
maximum_mechanical_energy_ratio=1.13092071868
string_energy_at_release_J=0.0199690781476
string_energy_at_release_ratio=0.895320540675
final_hammer_energy_J=0.00525303889551
final_string_energy_J=0.0185210413273
rebound_velocity_m_s=0.836902136494
physical_f0_hz=261.626
configured_f0_hz=261.626
f0_relative_error=0
integer_spatial_port_pass=1
strike_reset_position_error_m=0",,3000.0,6,axis_hardness_3000,0.00623958204318,,,,,,,,,,1.052136525303366,3.731790810040888,,,one_factor,FAIL,3.169878626411721e-05,721.7786088137701,1.0
0.9022869424092258,,True,8800.0,7,axis_hardness_8800,0.00623958204318,1.0,3.0772225840213174,15.6333098585073,2.2448979591836737,2.3356009070294785,0.00925295110166325,1.0,0.423452201419,inf,1.052136525303366,3.731790810040888,13.24506151135037,6.538073718364767,one_factor,PASS,3.169878626411721e-05,721.7786088137701,1.0
0.9022869424092258,"delay: 84.2806, f0: 261.626, z: 2.3808
status=FAIL
velocity_m_s=3.43926970858
hardness_N_per_mm_p=657.228449701
p=3
epsilon=0.902286942409
tau0_s=3.16987862641e-05
linear_density_kg_m=0.00623958204318
tension_N=721.778608814
force_log=""/var/folders/zh/nj8dx9w152qdp4y5nkg5xm540000gn/T/bbpiano-hammer-search-eaoo22zl/force_110.txt""
positive_force_samples=94
contact_span_s=0.00210884353741
maximum_force_N=84.1870824242
force_impulse_Ns=0.0262477447757
initial_hammer_energy_J=0.0887143209626
maximum_mechanical_energy_J=0.0987023988482
maximum_mechanical_energy_ratio=1.11258698457
string_energy_at_release_J=0.0772898486161
string_energy_at_release_ratio=0.87122177995
final_hammer_energy_J=0.0214060509641
final_string_energy_J=0.0716751854117
rebound_velocity_m_s=1.68942005687
physical_f0_hz=261.626
configured_f0_hz=261.626
f0_relative_error=0
integer_spatial_port_pass=1
strike_reset_position_error_m=0",,657.2284497006934,8,axis_exponent_3,0.00623958204318,,,,,,,,,,1.052136525303366,3.0,,,one_factor,FAIL,3.169878626411721e-05,721.7786088137701,1.0
0.9022869424092258,,False,657.2284497006934,9,axis_exponent_3.5,0.00623958204318,1.0,4.025061380977943,8.24294633344419,6.59863945578231,6.870748299319729,0.030221694698129763,0.3861386138613865,-0.96266229498,0.6290322580645171,1.052136525303366,3.5,15.34600449703915,8.958635108793676,one_factor,PASS,3.169878626411721e-05,721.7786088137701,1.0
0.9022869424092258,"delay: 84.2806, f0: 261.626, z: 2.3808
status=FAIL
velocity_m_s=1.72448373458
hardness_N_per_mm_p=657.228449701
p=3.95
epsilon=0.902286942409
tau0_s=3.16987862641e-05
linear_density_kg_m=0.00623958204318
tension_N=721.778608814
force_log=""/var/folders/zh/nj8dx9w152qdp4y5nkg5xm540000gn/T/bbpiano-hammer-search-6uch90oz/force_95.txt""
positive_force_samples=130
contact_span_s=0.00292517006803
maximum_force_N=36.2439761882
force_impulse_Ns=0.0223290718141
initial_hammer_energy_J=0.0223038311313
maximum_mechanical_energy_J=0.0223318540822
maximum_mechanical_energy_ratio=1.00125641872
string_energy_at_release_J=0.0219127614413
string_energy_at_release_ratio=0.982466254894
final_hammer_energy_J=0.000417291582192
final_string_energy_J=0.0204030686671
rebound_velocity_m_s=0.235878946974
physical_f0_hz=261.626
configured_f0_hz=261.626
f0_relative_error=0
integer_spatial_port_pass=1
strike_reset_position_error_m=0",,657.2284497006934,10,axis_exponent_3.95,0.00623958204318,,,,,,,,,,1.052136525303366,3.95,,,one_factor,FAIL,3.169878626411721e-05,721.7786088137701,1.0
0.9022869424092258,,False,657.2284497006934,11,axis_exponent_4.5,0.00623958204318,1.0,5.678694216197355,8.30446025420534,6.621315192743768,6.938775510204079,0.030243347648261806,0.39215686274509803,-0.964124851476,0.6451612903225807,1.052136525303366,4.5,14.475396801565743,7.985444628592057,one_factor,PASS,3.169878626411721e-05,721.7786088137701,1.0
0.9022869424092258,,False,657.2284497006934,12,axis_exponent_5,0.00623958204318,1.0,5.772042451776253,8.34479631193105,6.5986394557823145,6.961451247165529,0.030252655397326335,0.3941368078175895,-0.964753580704,0.6505376344086019,1.052136525303366,5.0,14.247342418949982,8.638269506601874,one_factor,PASS,3.169878626411721e-05,721.7786088137701,1.0
0.85,,False,657.2284497006934,13,axis_epsilon_0.85,0.00623958204318,1.0,2.930366178769373,8.60977559995304,6.621315192743761,6.938775510204079,0.030338887058561262,0.37908496732026215,-0.970461838803,0.6105263157894756,1.052136525303366,3.731790810040888,14.937629804592682,8.332027166626997,one_factor,PASS,3.169878626411721e-05,721.7786088137701,1.0
0.9,,False,657.2284497006934,14,axis_epsilon_0.9,0.00623958204318,1.0,4.194399104801024,8.27109924009473,6.598639455782309,6.893424036281179,0.030235237861610482,0.3881578947368423,-0.963567152448,0.6344086021505383,1.052136525303366,3.731790810040888,14.597292880418166,8.826830284549425,one_factor,PASS,3.169878626411721e-05,721.7786088137701,1.0
0.95,,True,657.2284497006934,15,axis_epsilon_0.95,0.00623958204318,1.0,3.8047192253054667,14.7756901546863,3.038548752834469,3.219954648526079,0.013914260023985789,1.0,0.113350548878,inf,1.052136525303366,3.731790810040888,11.738264058559622,7.21028274917774,one_factor,PASS,3.169878626411721e-05,721.7786088137701,1.0
0.98,,True,657.2284497006934,16,axis_epsilon_0.98,0.00623958204318,1.0,2.9556637387908795,16.7141587649184,2.358276643990928,2.5623582766439887,0.008590486015271702,1.0,0.466803613073,inf,1.052136525303366,3.731790810040888,10.407831788821833,5.984542136089835,one_factor,PASS,3.169878626411721e-05,721.7786088137701,1.0
0.992,,True,657.2284497006934,17,axis_epsilon_0.992,0.00623958204318,1.0,3.9127457285614704,14.4965111093717,1.9727891156462583,2.1768707482993186,0.005819773005615561,1.0,0.653194041716,inf,1.052136525303366,3.731790810040888,12.937266321792825,7.581640847776907,one_factor,PASS,3.169878626411721e-05,721.7786088137701,1.0
0.9022869424092258,,False,657.2284497006934,18,axis_tau0_s_2e-06,0.00623958204318,1.0,4.590045140063056,9.43685222018602,6.8480725623582765,7.392290249433109,0.030524351155142578,0.36503067484662566,-0.98282121715,0.57487922705314,1.052136525303366,3.731790810040888,8.948386795204662,5.985729203906952,one_factor,PASS,2e-06,721.7786088137701,1.0
0.9022869424092258,,False,657.2284497006934,19,axis_tau0_s_1e-05,0.00623958204318,1.0,4.665138986643551,8.83142896147775,6.780045351473919,7.18820861678005,0.030411483237591044,0.3817034700315452,-0.975300076796,0.6173469387755088,1.052136525303366,3.731790810040888,17.57996897844511,10.596127363018182,one_factor,PASS,1e-05,721.7786088137701,1.0
0.9022869424092258,,False,657.2284497006934,20,axis_tau0_s_3.17e-05,0.00623958204318,1.0,4.083384856745419,8.25333336402896,6.598639455782309,6.893424036281179,0.030227265527546246,0.3881578947368423,-0.963030775227,0.6344086021505383,1.052136525303366,3.731790810040888,13.59131920693874,8.121117509322596,one_factor,PASS,3.17e-05,721.7786088137701,1.0
0.9022869424092258,"delay: 84.2806, f0: 261.626, z: 2.3808
status=FAIL
velocity_m_s=3.43926970858
hardness_N_per_mm_p=657.228449701
p=3.73179081004
epsilon=0.902286942409
tau0_s=0.0001
linear_density_kg_m=0.00623958204318
tension_N=721.778608814
force_log=""/var/folders/zh/nj8dx9w152qdp4y5nkg5xm540000gn/T/bbpiano-hammer-search-nqyij4ut/force_110.txt""
positive_force_samples=99
contact_span_s=0.00222222222222
maximum_force_N=99.4256111697
force_impulse_Ns=0.0301014679909
initial_hammer_energy_J=0.0887143209626
maximum_mechanical_energy_J=0.106354222594
maximum_mechanical_energy_ratio=1.19883939188
string_energy_at_release_J=0.0909530254533
string_energy_at_release_ratio=1.02523498423
final_hammer_energy_J=0.0153905330913
final_string_energy_J=0.0843816426005
rebound_velocity_m_s=1.43250517585
physical_f0_hz=261.626
configured_f0_hz=261.626
f0_relative_error=0
integer_spatial_port_pass=1
strike_reset_position_error_m=0",,657.2284497006934,21,axis_tau0_s_0.0001,0.00623958204318,,,,,,,,,,1.052136525303366,3.731790810040888,,,one_factor,FAIL,0.0001,721.7786088137701,1.0
0.9022869424092258,,False,657.2284497006934,22,axis_tau0_s_0.0004,0.00623958204318,1.0,1.086881537462372,9.54600597538875,6.349206349206351,6.530612244897959,0.029608963130345646,0.6388888888888888,-0.921903402968,1.7692307692307687,1.052136525303366,3.731790810040888,9.163172863788251,5.2800787488253125,one_factor,PASS,0.0004,721.7786088137701,1.0
0.9022869424092258,,False,657.2284497006934,23,axis_linear_density_0.0059,0.0059,1.0,5.615125178536826,7.96754781687491,6.71201814058957,6.9841269841269895,0.030345997804145552,0.383116883116883,-0.97096075375,0.6210526315789472,1.052136525303366,3.731790810040888,15.172635014013103,8.800123197614713,one_factor,PASS,3.169878626411721e-05,682.4966420075958,1.0
0.9022869424092258,,False,657.2284497006934,24,axis_linear_density_0.00623958,0.00623958,1.0,4.092145676771649,8.25334535993515,6.598639455782309,6.893424036281179,0.030227276276641263,0.3881578947368423,-0.963031514841,0.6344086021505383,1.052136525303366,3.731790810040888,14.093757346143192,9.234999657666304,one_factor,PASS,3.169878626411721e-05,721.7783724640262,1.0
0.9022869424092258,,False,657.2284497006934,25,axis_linear_density_0.0065,0.0065,1.0,4.860132524975596,8.46382378081742,6.530612244897959,6.825396825396829,0.030128549005459575,0.3920265780730897,-0.956440540806,0.644808743169399,1.052136525303366,3.731790810040888,13.596229187079395,10.320647258106886,one_factor,PASS,3.169878626411721e-05,751.9030801778598,1.0
0.9022869424092258,,False,657.2284497006934,26,axis_linear_density_0.0068,0.0068,1.0,5.99444271858891,8.69731787332356,6.4172335600907,6.734693877551019,0.030013907989110276,0.3973063973063976,-0.94881166902,0.659217877094973,1.052136525303366,3.731790810040888,18.648576636760108,10.966859121632499,one_factor,PASS,3.169878626411721e-05,786.6062992629918,1.0
0.9022869424092258,,False,657.2284497006934,27,axis_linear_density_0.007,0.007,1.0,4.678627193835351,8.84821834754714,6.3265306122449,6.666666666666669,0.029940779222600022,0.39795918367346966,-0.943953494017,0.6610169491525433,1.052136525303366,3.731790810040888,14.930041725531613,9.153824408224015,one_factor,PASS,3.169878626411721e-05,809.7417786530798,1.0
0.9022869424092258,,False,657.2284497006934,28,axis_velocity_scale_0.7,0.00623958204318,1.0,4.056891203013743,5.56411749317989,6.734693877551018,7.0975056689342395,0.021140028405736686,0.4025559105431313,-0.672861200799,0.6737967914438512,0.7364955677123562,3.731790810040888,12.871610501272068,8.03548978237035,one_factor,PASS,3.169878626411721e-05,721.7786088137701,0.7
0.9022869424092258,,False,657.2284497006934,29,axis_velocity_scale_1,0.00623958204318,1.0,4.001656728227697,8.25334640704219,6.598639455782309,6.893424036281179,0.030227275504450844,0.3881578947368423,-0.963031462141,0.6344086021505383,1.052136525303366,3.731790810040888,14.586883971138354,8.785089203127349,one_factor,PASS,3.169878626411721e-05,721.7786088137701,1.0
0.9022869424092258,,False,657.2284497006934,30,axis_velocity_scale_1.3,0.00623958204318,1.0,4.172216463545056,16.0503278814923,4.6485260770975,4.784580498866209,0.03296100435912523,1.0,-0.841755440926,inf,1.367777482894376,3.731790810040888,10.280844591144367,6.973771687065276,one_factor,PASS,3.169878626411721e-05,721.7786088137701,1.3
0.9022869424092258,"delay: 84.2806, f0: 261.626, z: 2.3808
status=FAIL
velocity_m_s=2.75917397533
hardness_N_per_mm_p=657.228449701
p=3.73179081004
epsilon=0.902286942409
tau0_s=3.16987862641e-05
linear_density_kg_m=0.00623958204318
tension_N=721.778608814
force_log=""/var/folders/zh/nj8dx9w152qdp4y5nkg5xm540000gn/T/bbpiano-hammer-search-wkpk6xjz/force_95.txt""
positive_force_samples=104
contact_span_s=0.00233560090703
maximum_force_N=67.8895532376
force_impulse_Ns=0.0252426558673
initial_hammer_energy_J=0.0570978076961
maximum_mechanical_energy_J=0.0620213240309
maximum_mechanical_energy_ratio=1.08622951622
string_energy_at_release_J=0.0533266244618
string_energy_at_release_ratio=0.933952223624
final_hammer_energy_J=0.00868865106662
final_string_energy_J=0.0494998052197
rebound_velocity_m_s=1.07633025084
physical_f0_hz=261.626
configured_f0_hz=261.626
f0_relative_error=0
integer_spatial_port_pass=1
strike_reset_position_error_m=0",,657.2284497006934,31,axis_velocity_scale_1.6,0.00623958204318,,,,,,,,,,1.6834184404853858,3.731790810040888,,,one_factor,FAIL,3.169878626411721e-05,721.7786088137701,1.6
0.9022869424092258,,True,657.2284497006934,32,axis_velocity_scale_1.8,0.00623958204318,1.0,6.003171074831048,23.3578808714671,2.653061224489793,2.7664399092970484,0.022200643752195305,1.0,0.396144672675,inf,1.8938457455460591,3.731790810040888,13.576290107946189,8.899836073717942,one_factor,PASS,3.169878626411721e-05,721.7786088137701,1.8
0.9765017137293034,"delay: 84.2806, f0: 261.626, z: 2.3808
status=FAIL
velocity_m_s=5.15735707716
hardness_N_per_mm_p=1013.28586296
p=4.08883606065
epsilon=0.976501713729
tau0_s=0.000656402455563
linear_density_kg_m=0.00661907680395
tension_N=765.677574896
force_log=""/var/folders/zh/nj8dx9w152qdp4y5nkg5xm540000gn/T/bbpiano-hammer-search-3nfpsc5p/force_110.txt""
positive_force_samples=92
contact_span_s=0.00206349206349
maximum_force_N=119.055163173
force_impulse_Ns=0.0416109813569
initial_hammer_energy_J=0.19948749016
maximum_mechanical_energy_J=0.218274466146
maximum_mechanical_energy_ratio=1.0941762111
string_energy_at_release_J=0.175661697364
string_energy_at_release_ratio=0.880564977898
final_hammer_energy_J=0.0426005932877
final_string_energy_J=0.162858057607
rebound_velocity_m_s=2.38329165337
physical_f0_hz=261.626
configured_f0_hz=261.626
f0_relative_error=0
integer_spatial_port_pass=1
strike_reset_position_error_m=0",,1013.2858629649013,33,lhs_0000,0.006619076803952876,,,,,,,,,,1.577731383316829,4.088836060653375,,,space_filling,FAIL,0.000656402455562944,765.6775748963064,1.4995500539836466
0.8893079112730954,"delay: 84.2806, f0: 261.626, z: 2.3808
status=FAIL
velocity_m_s=3.62834937211
hardness_N_per_mm_p=308.043481808
p=4.60757414194
epsilon=0.889307911273
tau0_s=0.000284943915553
linear_density_kg_m=0.00671892754605
tension_N=777.228048826
force_log=""/var/folders/zh/nj8dx9w152qdp4y5nkg5xm540000gn/T/bbpiano-hammer-search-mi3qbudx/force_110.txt""
positive_force_samples=115
contact_span_s=0.00258503401361
maximum_force_N=73.4534268383
force_impulse_Ns=0.0439710122618
initial_hammer_energy_J=0.0987368937458
maximum_mechanical_energy_J=0.102201183378
maximum_mechanical_energy_ratio=1.03508607067
string_energy_at_release_J=0.0985490094308
string_energy_at_release_ratio=0.998097121473
final_hammer_energy_J=0.00364302965881
final_string_energy_J=0.091590464043
rebound_velocity_m_s=0.696948554659
physical_f0_hz=261.626
configured_f0_hz=261.626
f0_relative_error=0
integer_spatial_port_pass=1
strike_reset_position_error_m=0",,308.04348180776736,34,lhs_0001,0.006718927546048567,,,,,,,,,,1.1099795085680184,4.607574141944961,,,space_filling,FAIL,0.0002849439155534527,777.2280488255057,1.0549766896914583
0.9312780856751698,,False,889.2876850454361,35,lhs_0002,0.006201261245280574,1.0,3.288667929917017,8.69375625873686,6.75736961451247,7.120181405895689,0.0304924056848006,0.38216560509554137,-0.977496670589,0.6185567010309279,1.055349888034333,3.4232253294494197,14.792241414839284,8.006056623363978,space_filling,PASS,8.21305001442492e-06,717.3457586637006,1.0030541309551442
0.911874097949597,"delay: 84.2806, f0: 261.626, z: 2.3808
status=FAIL
velocity_m_s=2.52986545864
hardness_N_per_mm_p=2543.29935876
p=3.33685686666
epsilon=0.91187409795
tau0_s=0.000209154534162
linear_density_kg_m=0.00667033526586
tension_N=771.607020341
force_log=""/var/folders/zh/nj8dx9w152qdp4y5nkg5xm540000gn/T/bbpiano-hammer-search-3tenxjqg/force_95.txt""
positive_force_samples=96
contact_span_s=0.00215419501134
maximum_force_N=72.0892389504
force_impulse_Ns=0.0226576515037
initial_hammer_energy_J=0.0480016442913
maximum_mechanical_energy_J=0.0565057027465
maximum_mechanical_energy_ratio=1.17716181562
string_energy_at_release_J=0.0487057011914
string_energy_at_release_ratio=1.01466734964
final_hammer_energy_J=0.00779314010017
final_string_energy_J=0.0451757736
rebound_velocity_m_s=1.0193553584
physical_f0_hz=261.626
configured_f0_hz=261.626
f0_relative_error=0
integer_spatial_port_pass=1
strike_reset_position_error_m=0",,2543.2993587589126,36,lhs_0003,0.0066703352658574865,,,,,,,,,,1.5435134584125931,3.3368568666609937,,,space_filling,FAIL,0.00020915453416222758,771.607020341115,1.467027730044394
0.9423161727516832,"delay: 84.2806, f0: 261.626, z: 2.3808
status=FAIL
velocity_m_s=1.74865276672
hardness_N_per_mm_p=11505.352824
p=4.42068018919
epsilon=0.942316172752
tau0_s=0.000361170801116
linear_density_kg_m=0.00648354674691
tension_N=749.999810689
force_log=""/var/folders/zh/nj8dx9w152qdp4y5nkg5xm540000gn/T/bbpiano-hammer-search-_82_n2ws/force_95.txt""
positive_force_samples=97
contact_span_s=0.0021768707483
maximum_force_N=40.5832053235
force_impulse_Ns=0.0151506587583
initial_hammer_energy_J=0.0229333987391
maximum_mechanical_energy_J=0.0250250883467
maximum_mechanical_energy_ratio=1.09120713556
string_energy_at_release_J=0.0209301165711
string_energy_at_release_ratio=0.912647829014
final_hammer_energy_J=0.00409157274415
final_string_energy_J=0.0194157569712
rebound_velocity_m_s=0.738608849495
physical_f0_hz=261.626
configured_f0_hz=261.626
f0_relative_error=0
integer_spatial_port_pass=1
strike_reset_position_error_m=0",,11505.35282404861,37,lhs_0004,0.006483546746907496,,,,,,,,,,1.0668824582335523,4.420680189189045,,,space_filling,FAIL,0.0003611708011163068,749.9998106887522,1.0140152276587246
0.9597578057488588,"delay: 84.2806, f0: 261.626, z: 2.3808
status=FAIL
velocity_m_s=4.83380202998
hardness_N_per_mm_p=5868.7525541
p=4.96495567138
epsilon=0.959757805749
tau0_s=1.05996382553e-05
linear_density_kg_m=0.0068798282413
tension_N=795.84062242
force_log=""/var/folders/zh/nj8dx9w152qdp4y5nkg5xm540000gn/T/bbpiano-hammer-search-29kw0uec/force_110.txt""
positive_force_samples=8
contact_span_s=0.00015873015873
maximum_force_N=49.1678737303
force_impulse_Ns=0.00277835469725
initial_hammer_energy_J=0.175242315488
maximum_mechanical_energy_J=0.176497668359
maximum_mechanical_energy_ratio=1.00716352593
string_energy_at_release_J=0.0144280596253
string_energy_at_release_ratio=0.0823320531067
final_hammer_energy_J=0.162069607406
final_string_energy_J=0.0132634824012
rebound_velocity_m_s=4.64857838349
physical_f0_hz=261.626
configured_f0_hz=261.626
f0_relative_error=0
integer_spatial_port_pass=1
strike_reset_position_error_m=0",,5868.75255410045,38,lhs_0005,0.006879828241301046,,,,,,,,,,1.4787498808653463,4.964955671379748,,,space_filling,FAIL,1.0599638255344363e-05,795.8406224198284,1.4054733823055647
0.9974001281406178,,True,690.0963228820743,39,lhs_0006,0.006279346483046863,1.0,3.1261527162480425,8.06811999740938,1.360544217687073,1.6553287981859388,0.003866340581348264,1.0,0.946101443657,inf,1.20995584604267,4.431078636462974,9.56113141789237,5.2037338274155,space_filling,PASS,4.089130779986833e-06,726.3784557087612,1.1499988993289625
0.9922114362859163,,False,457.59822408091776,40,lhs_0007,0.006796602731222354,1.0,2.3235382550488337,13.8107325190885,4.716553287981855,4.784580498866209,0.037340844334474765,0.4597156398104265,-0.990969280661,0.8508771929824561,1.5072877613999522,3.1463261249980214,9.124524530362534,5.328659308992675,space_filling,PASS,0.00023588862308803734,786.2133120540527,1.432597125135781
0.8665987476588374,"delay: 84.2806, f0: 261.626, z: 2.3808
status=FAIL
velocity_m_s=4.34873164478
hardness_N_per_mm_p=1765.06868205
p=4.90253011158
epsilon=0.866598747659
tau0_s=3.91540701067e-06
linear_density_kg_m=0.00600388012396
tension_N=694.513224342
force_log=""/var/folders/zh/nj8dx9w152qdp4y5nkg5xm540000gn/T/bbpiano-hammer-search-ijj7qinb/force_110.txt""
positive_force_samples=96
contact_span_s=0.00215419501134
maximum_force_N=99.105906209
force_impulse_Ns=0.0342112491542
initial_hammer_energy_J=0.141836001888
maximum_mechanical_energy_J=0.155796308185
maximum_mechanical_energy_ratio=1.09842568961
string_energy_at_release_J=0.12371019383
string_energy_at_release_ratio=0.872205872862
final_hammer_energy_J=0.0320741123727
final_string_energy_J=0.114732817667
rebound_velocity_m_s=2.06798170117
physical_f0_hz=261.626
configured_f0_hz=261.626
f0_relative_error=2.17269762412e-16
integer_spatial_port_pass=1
strike_reset_position_error_m=0",,1765.0686820464402,41,lhs_0008,0.006003880123958268,,,,,,,,,,1.3303578346316143,4.902530111583353,,,space_filling,FAIL,3.915407010666132e-06,694.5132243419773,1.2644346077121766
0.9059386959048464,"delay: 84.2806, f0: 261.626, z: 2.3808
status=FAIL
velocity_m_s=5.99373550895
hardness_N_per_mm_p=10745.9580938
p=4.35758386945
epsilon=0.905938695905
tau0_s=2.62718449505e-05
linear_density_kg_m=0.00650780211232
tension_N=752.805608222
force_log=""/var/folders/zh/nj8dx9w152qdp4y5nkg5xm540000gn/T/bbpiano-hammer-search-0uk62t30/force_110.txt""
positive_force_samples=5
contact_span_s=9.07029478458e-05
maximum_force_N=51.2121233121
force_impulse_Ns=0.00262719273093
initial_hammer_energy_J=0.269436490135
maximum_mechanical_energy_J=0.271315295195
maximum_mechanical_energy_ratio=1.00697309061
string_energy_at_release_J=0.0173954320325
string_energy_at_release_ratio=0.0645622722586
final_hammer_energy_J=0.253919863163
final_string_energy_J=0.0159913363664
rebound_velocity_m_s=5.81858932689
physical_f0_hz=261.626
configured_f0_hz=261.626
f0_relative_error=0
integer_spatial_port_pass=1
strike_reset_position_error_m=0",,10745.958093840743,42,lhs_0009,0.006507802112324954,,,,,,,,,,1.833595090332009,4.357583869447295,,,space_filling,FAIL,2.6271844950505145e-05,752.8056082223254,1.7427349457365549
0.8779940389126657,"delay: 84.2806, f0: 261.626, z: 2.3808
status=FAIL
velocity_m_s=0.969058192535
hardness_N_per_mm_p=11069.5802122
p=3.40108007385
epsilon=0.877994038913
tau0_s=1.49895252889e-05
linear_density_kg_m=0.00604651892008
tension_N=699.445569287
force_log=""/var/folders/zh/nj8dx9w152qdp4y5nkg5xm540000gn/T/bbpiano-hammer-search-ues5nqub/force_80.txt""
positive_force_samples=106
contact_span_s=0.00238095238095
maximum_force_N=21.9916199331
force_impulse_Ns=0.00921326926918
initial_hammer_energy_J=0.00704305335389
maximum_mechanical_energy_J=0.0074692947654
maximum_mechanical_energy_ratio=1.06051940687
string_energy_at_release_J=0.00652416508858
string_energy_at_release_ratio=0.926326233916
final_hammer_energy_J=0.00094433697611
final_string_energy_J=0.00605728833758
rebound_velocity_m_s=0.354840241256
physical_f0_hz=261.626
configured_f0_hz=261.626
f0_relative_error=0
integer_spatial_port_pass=1
strike_reset_position_error_m=0",,11069.580212209465,43,lhs_0010,0.006046518920080777,,,,,,,,,,0.9690581925345088,3.401080073852132,,,space_filling,FAIL,1.4989525288873022e-05,699.4455692865297,0.9210384481758173
0.8562876783601985,"delay: 84.2806, f0: 261.626, z: 2.3808
status=FAIL
velocity_m_s=4.50331269394
hardness_N_per_mm_p=5149.73459118
p=3.97947018532
epsilon=0.85628767836
tau0_s=2.85923998321e-05
linear_density_kg_m=0.00675135008626
tension_N=780.97860388
force_log=""/var/folders/zh/nj8dx9w152qdp4y5nkg5xm540000gn/T/bbpiano-hammer-search-lzq_lcjl/force_110.txt""
positive_force_samples=13
contact_span_s=0.000272108843537
maximum_force_N=60.7796217049
force_impulse_Ns=0.00543776201188
initial_hammer_energy_J=0.152098689146
maximum_mechanical_energy_J=0.15759367441
maximum_mechanical_energy_ratio=1.03612776215
string_energy_at_release_J=0.028991012711
string_energy_at_release_ratio=0.190606591509
final_hammer_energy_J=0.128596388308
final_string_energy_J=0.0266755505069
rebound_velocity_m_s=4.14079522649
physical_f0_hz=261.626
configured_f0_hz=261.626
f0_relative_error=0
integer_spatial_port_pass=1
strike_reset_position_error_m=0",,5149.734591182472,44,lhs_0011,0.006751350086261015,,,,,,,,,,1.3776470505766873,3.9794701853241694,,,space_filling,FAIL,2.8592399832122326e-05,780.9786038798027,1.309380500956818
0.9257618148497201,"delay: 84.2806, f0: 261.626, z: 2.3808
status=FAIL
velocity_m_s=4.00925024274
hardness_N_per_mm_p=2050.53051763
p=4.95339248028
epsilon=0.92576181485
tau0_s=3.95420603172e-05
linear_density_kg_m=0.00600951214157
tension_N=695.164721479
force_log=""/var/folders/zh/nj8dx9w152qdp4y5nkg5xm540000gn/T/bbpiano-hammer-search-5a_slv41/force_110.txt""
positive_force_samples=18
contact_span_s=0.000385487528345
maximum_force_N=41.7925645062
force_impulse_Ns=0.00512788920912
initial_hammer_energy_J=0.120555656317
maximum_mechanical_energy_J=0.121770206309
maximum_mechanical_energy_ratio=1.01007459981
string_energy_at_release_J=0.0208927014863
string_energy_at_release_ratio=0.173303369785
final_hammer_energy_J=0.100873173518
final_string_energy_J=0.0192346720734
rebound_velocity_m_s=3.66739096213
physical_f0_hz=261.626
configured_f0_hz=261.626
f0_relative_error=0
integer_spatial_port_pass=1
strike_reset_position_error_m=0",,2050.530517628053,45,lhs_0012,0.006009512141571392,,,,,,,,,,1.226504164224793,4.95339248028108,,,space_filling,FAIL,3.9542060317230894e-05,695.1647214790424,1.165727198636271
0.8591658646360375,"delay: 84.2806, f0: 261.626, z: 2.3808
status=FAIL
velocity_m_s=3.71552976687
hardness_N_per_mm_p=970.051303057
p=4.15458827979
epsilon=0.859165864636
tau0_s=0.000414692284521
linear_density_kg_m=0.00653888900617
tension_N=756.401659182
force_log=""/var/folders/zh/nj8dx9w152qdp4y5nkg5xm540000gn/T/bbpiano-hammer-search-wgfjs_m9/force_110.txt""
positive_force_samples=101
contact_span_s=0.00226757369615
maximum_force_N=73.1266643194
force_impulse_Ns=0.0358456552749
initial_hammer_energy_J=0.103538710864
maximum_mechanical_energy_J=0.108665318777
maximum_mechanical_energy_ratio=1.04951392451
string_energy_at_release_J=0.0954690862734
string_energy_at_release_ratio=0.922061762958
final_hammer_energy_J=0.0131834784131
final_string_energy_J=0.0886171348437
rebound_velocity_m_s=1.32581941521
physical_f0_hz=261.626
configured_f0_hz=261.626
f0_relative_error=0
integer_spatial_port_pass=1
strike_reset_position_error_m=0",,970.0513030565185,46,lhs_0013,0.006538889006171908,,,,,,,,,,1.1366496116387041,4.154588279792161,,,space_filling,FAIL,0.00041469228452075595,756.4016591818157,1.0803252090416404
0.8663805986801207,"delay: 84.2806, f0: 261.626, z: 2.3808
status=FAIL
velocity_m_s=3.91156204453
hardness_N_per_mm_p=676.491032411
p=3.89167378057
epsilon=0.86638059868
tau0_s=5.11967316443e-05
linear_density_kg_m=0.00672614775534
tension_N=778.063263842
force_log=""/var/folders/zh/nj8dx9w152qdp4y5nkg5xm540000gn/T/bbpiano-hammer-search-tlt1yzlf/force_110.txt""
positive_force_samples=98
contact_span_s=0.00219954648526
maximum_force_N=76.8140510268
force_impulse_Ns=0.0347178080915
initial_hammer_energy_J=0.114752382212
maximum_mechanical_energy_J=0.116451791943
maximum_mechanical_energy_ratio=1.01480936342
string_energy_at_release_J=0.0973090907483
string_energy_at_release_ratio=0.847991901107
final_hammer_energy_J=0.0191290617675
final_string_energy_J=0.0902866040586
rebound_velocity_m_s=1.5970415051
physical_f0_hz=261.626
configured_f0_hz=261.626
f0_relative_error=0
integer_spatial_port_pass=1
strike_reset_position_error_m=0",,676.4910324106975,47,lhs_0014,0.006726147755344936,,,,,,,,,,1.1966195287845391,3.8916737805713995,,,space_filling,FAIL,5.119673164433872e-05,778.0632638423469,1.1373234366514495
0.885900679869622,"delay: 84.2806, f0: 261.626, z: 2.3808
status=FAIL
velocity_m_s=2.73090951256
hardness_N_per_mm_p=3540.76536877
p=3.63428167466
epsilon=0.88590067987
tau0_s=0.000628435990812
linear_density_kg_m=0.00618878474951
tension_N=715.90251011
force_log=""/var/folders/zh/nj8dx9w152qdp4y5nkg5xm540000gn/T/bbpiano-hammer-search-n1rined9/force_95.txt""
positive_force_samples=96
contact_span_s=0.00215419501134
maximum_force_N=52.2545070319
force_impulse_Ns=0.0231869538403
initial_hammer_energy_J=0.0559340007434
maximum_mechanical_energy_J=0.0592702418561
maximum_mechanical_energy_ratio=1.05964603047
string_energy_at_release_J=0.0487289220173
string_energy_at_release_ratio=0.871186065177
final_hammer_energy_J=0.01053368888
final_string_energy_J=0.0452042781513
rebound_velocity_m_s=1.18511258987
physical_f0_hz=261.626
configured_f0_hz=261.626
f0_relative_error=0
integer_spatial_port_pass=1
strike_reset_position_error_m=0",,3540.765368774584,48,lhs_0015,0.00618878474951064,,,,,,,,,,1.6661738164540763,3.634281674663263,,,space_filling,FAIL,0.0006284359908115902,715.9025101099716,1.5836098988899399
0.8605973214573959,"delay: 84.2806, f0: 261.626, z: 2.3808
status=FAIL
velocity_m_s=2.42219746161
hardness_N_per_mm_p=4291.44952305
p=4.91657761033
epsilon=0.860597321457
tau0_s=9.33422993484e-06
linear_density_kg_m=0.00696681739827
tension_N=805.903301661
force_log=""/var/folders/zh/nj8dx9w152qdp4y5nkg5xm540000gn/T/bbpiano-hammer-search-r_qgrogx/force_110.txt""
positive_force_samples=101
contact_span_s=0.00226757369615
maximum_force_N=82.7115191678
force_impulse_Ns=0.0233568616416
initial_hammer_energy_J=0.0440028040728
maximum_mechanical_energy_J=0.0558131575814
maximum_mechanical_energy_ratio=1.26840002035
string_energy_at_release_J=0.0501951795617
string_energy_at_release_ratio=1.1407268382
final_hammer_energy_J=0.00561263928475
final_string_energy_J=0.0465647255793
rebound_velocity_m_s=0.865073352169
physical_f0_hz=261.626
configured_f0_hz=261.626
f0_relative_error=0
integer_spatial_port_pass=1
strike_reset_position_error_m=0",,4291.449523052183,49,lhs_0016,0.006966817398273867,,,,,,,,,,0.7409952218933303,4.916577610331135,,,space_filling,FAIL,9.334229934837931e-06,805.9033016613575,0.7042766827999595
0.9604939706624314,,True,2339.487952070241,50,lhs_0017,0.005955521352364977,1.0,3.4711248234375973,12.9439407200021,2.653061224489796,2.879818594104309,0.010954924160971222,1.0,0.27864527546,inf,1.01875738736178,4.30780781765532,10.061978948728322,6.8262195512876,space_filling,PASS,7.632017931707874e-06,688.9192075243445,0.968274898609796
0.96623402363645,"delay: 84.2806, f0: 261.626, z: 2.3808
status=FAIL
velocity_m_s=1.06807440153
hardness_N_per_mm_p=10316.1101517
p=4.57057374944
epsilon=0.966234023636
tau0_s=0.000197838156827
linear_density_kg_m=0.00698162860747
tension_N=807.616623787
force_log=""/var/folders/zh/nj8dx9w152qdp4y5nkg5xm540000gn/T/bbpiano-hammer-search-u_z2kcc4/force_65.txt""
positive_force_samples=112
contact_span_s=0.00251700680272
maximum_force_N=24.7116272374
force_impulse_Ns=0.0121299181024
initial_hammer_energy_J=0.00855587195397
maximum_mechanical_energy_J=0.00884933235568
maximum_mechanical_energy_ratio=1.03429929799
string_energy_at_release_J=0.00834372608226
string_energy_at_release_ratio=0.975204646253
final_hammer_energy_J=0.000504714041892
final_string_energy_J=0.00775204443377
rebound_velocity_m_s=0.259413194702
physical_f0_hz=261.626
configured_f0_hz=261.626
f0_relative_error=2.17269762412e-16
integer_spatial_port_pass=1
strike_reset_position_error_m=0",,10316.110151705312,51,lhs_0018,0.006981628607469319,,,,,,,,,,1.5697966744897607,4.570573749438063,,,space_filling,FAIL,0.00019783815682730373,807.6166237867759,1.4920085338137423
0.9389893485658917,,False,476.35974409414126,52,lhs_0019,0.0062111705487921725,1.0,6.605236491543332,6.53162170897613,6.938775510204079,7.732426303854879,0.023428657511869906,0.40175953079178833,-0.754955458405,0.671568627450979,0.8069576884937569,4.058323749989904,15.905263302376087,10.540290440563835,space_filling,PASS,4.3751137788051095e-06,718.4920410995143,0.7669705110380842
0.8541748884557101,"delay: 84.2806, f0: 261.626, z: 2.3808
status=FAIL
velocity_m_s=1.84466213374
hardness_N_per_mm_p=660.824573076
p=4.92224170917
epsilon=0.854174888456
tau0_s=2.06941516162e-05
linear_density_kg_m=0.00693718710457
tension_N=802.475746415
force_log=""/var/folders/zh/nj8dx9w152qdp4y5nkg5xm540000gn/T/bbpiano-hammer-search-53oppojp/force_80.txt""
positive_force_samples=294
contact_span_s=0.00664399092971
maximum_force_N=21.9590018929
force_impulse_Ns=0.0525965268861
initial_hammer_energy_J=0.0255208379075
maximum_mechanical_energy_J=0.0263693484198
maximum_mechanical_energy_ratio=1.03324775289
string_energy_at_release_J=0.00553090875428
string_energy_at_release_ratio=0.216721283773
final_hammer_energy_J=0.0207111710769
final_string_energy_J=0.00522989470902
rebound_velocity_m_s=-1.66177299199
physical_f0_hz=261.626
configured_f0_hz=261.626
f0_relative_error=0
integer_spatial_port_pass=1
strike_reset_position_error_m=0",,660.8245730757499,53,lhs_0020,0.006937187104567403,,,,,,,,,,1.8446621337433706,4.922241709169908,,,space_filling,FAIL,2.069415161618117e-05,802.4757464145168,1.7532535839029948
0.948732306431354,,True,376.33891182152354,54,lhs_0021,0.006089988346202548,1.0,4.205624012961454,24.6085778662149,2.857142857142861,2.993197278911569,0.024147182242414012,1.0,0.256411760928,inf,1.8848247728896153,4.368632993333863,13.508799073184257,9.034270890271932,space_filling,PASS,0.00013490453942478832,704.4739993472256,1.7914260436364542
0.9020104168265296,,False,357.16790793440055,55,lhs_0022,0.00656388889001767,1.0,3.4920968353008917,7.46391779534545,6.462585034013606,6.757369614512469,0.026725892096780196,0.39261744966443013,-0.830243693009,0.6464088397790072,0.951532705586171,4.446301187312105,11.320314322545974,7.209502347554638,space_filling,PASS,0.00010361745252697171,759.2935806691569,0.9043814017499414
0.8769916321583449,"delay: 84.2806, f0: 261.626, z: 2.3808
status=FAIL
velocity_m_s=1.78815666497
hardness_N_per_mm_p=1834.10422446
p=4.54622284883
epsilon=0.876991632158
tau0_s=2.50628822923e-05
linear_density_kg_m=0.00682772576013
tension_N=789.813543023
force_log=""/var/folders/zh/nj8dx9w152qdp4y5nkg5xm540000gn/T/bbpiano-hammer-search-0ke30kps/force_95.txt""
positive_force_samples=113
contact_span_s=0.00253968253968
maximum_force_N=54.5369375973
force_impulse_Ns=0.0201349008047
initial_hammer_energy_J=0.0239812819385
maximum_mechanical_energy_J=0.0280968869038
maximum_mechanical_energy_ratio=1.17161738793
string_energy_at_release_J=0.0266035055573
string_energy_at_release_ratio=1.10934459741
final_hammer_energy_J=0.00149073254661
final_string_energy_J=0.0247077889376
rebound_velocity_m_s=0.445829944651
physical_f0_hz=261.626
configured_f0_hz=261.626
f0_relative_error=0
integer_spatial_port_pass=1
strike_reset_position_error_m=0",,1834.1042244552643,56,lhs_0023,0.006827725760125437,,,,,,,,,,1.090984450851001,4.546222848830326,,,space_filling,FAIL,2.5062882292345816e-05,789.8135430227746,1.036922894142881
0.9826936181258741,,True,603.7519867321215,57,lhs_0024,0.006606471809669951,1.0,2.8798218344861257,14.4140829508478,2.0408163265306136,2.3129251700680284,0.008749768065473692,1.0,0.777528074099,inf,1.3717409657272241,4.471111709654539,11.871292489035776,8.425069633988418,space_filling,PASS,5.857989739206088e-06,764.2194619690824,1.3037670803527188
0.9238773943727682,,True,1400.5882914552433,58,lhs_0025,0.006258859629728677,1.0,3.512683864534366,21.8896231628257,2.222222222222223,2.3356009070294785,0.014341576668372944,1.0,0.746770391476,inf,1.7194218782291069,4.227784613133581,9.720281383855836,6.039987796654298,space_filling,PASS,4.368354546205189e-05,724.0085898452079,1.6342193592541046
0.9187628073755033,"delay: 84.2806, f0: 261.626, z: 2.3808
status=FAIL
velocity_m_s=2.92332223902
hardness_N_per_mm_p=752.382520247
p=3.11277937185
epsilon=0.918762807376
tau0_s=0.000475425769745
linear_density_kg_m=0.00684228393707
tension_N=791.497595036
force_log=""/var/folders/zh/nj8dx9w152qdp4y5nkg5xm540000gn/T/bbpiano-hammer-search-fw_5zceb/force_95.txt""
positive_force_samples=187
contact_span_s=0.00421768707483
maximum_force_N=61.1472678993
force_impulse_Ns=0.0687312738781
initial_hammer_energy_J=0.0640935968485
maximum_mechanical_energy_J=0.0657671166044
maximum_mechanical_energy_ratio=1.02611056078
string_energy_at_release_J=0.0451259855417
string_energy_at_release_ratio=0.704063865355
final_hammer_energy_J=0.0206362023682
final_string_energy_J=0.0422066415294
rebound_velocity_m_s=-1.65876268619
physical_f0_hz=261.626
configured_f0_hz=261.626
f0_relative_error=0
integer_spatial_port_pass=1
strike_reset_position_error_m=0",,752.3825202473627,59,lhs_0026,0.006842283937069435,,,,,,,,,,1.783568056469804,3.112779371848048,,,space_filling,FAIL,0.00047542576974488667,791.4975950360003,1.6951869016766068
0.9017863719535787,,False,406.0022913571077,60,lhs_0027,0.006874810770388618,1.0,5.3369388506818005,11.1214931458217,6.326530612244899,6.598639455782309,0.037468978975601835,0.38487972508591073,-1.17427730978,0.6256983240223467,1.3236742808516546,4.455777063864834,15.60491185240895,8.77705072530629,space_filling,PASS,6.43548316648696e-05,795.2602144454041,1.2580822440984978
0.9412258120073121,"delay: 84.2806, f0: 261.626, z: 2.3808
status=FAIL
velocity_m_s=4.28633705045
hardness_N_per_mm_p=10414.8375121
p=4.7017880471
epsilon=0.941225812007
tau0_s=8.37721209056e-05
linear_density_kg_m=0.00599383634645
tension_N=693.351386304
force_log=""/var/folders/zh/nj8dx9w152qdp4y5nkg5xm540000gn/T/bbpiano-hammer-search-c2971whq/force_110.txt""
positive_force_samples=12
contact_span_s=0.000249433106576
maximum_force_N=41.9475295529
force_impulse_Ns=0.00416375529234
initial_hammer_energy_J=0.137795139826
maximum_mechanical_energy_J=0.140109220366
maximum_mechanical_energy_ratio=1.01679362961
string_energy_at_release_J=0.0195784525117
string_energy_at_release_ratio=0.142083766789
final_hammer_energy_J=0.120525776518
final_string_energy_J=0.0180154691995
rebound_velocity_m_s=4.0087533643
physical_f0_hz=261.626
configured_f0_hz=261.626
f0_relative_error=2.17269762412e-16
integer_spatial_port_pass=1
strike_reset_position_error_m=0",,10414.83751211017,61,lhs_0028,0.005993836346447162,,,,,,,,,,1.311270168575202,4.701788047101605,,,space_filling,FAIL,8.377212090559906e-05,693.3513863039433,1.2462927928456042
0.8750533585650428,"delay: 84.2806, f0: 261.626, z: 2.3808
status=FAIL
velocity_m_s=2.99011867459
hardness_N_per_mm_p=596.32958578
p=4.73199582409
epsilon=0.875053358565
tau0_s=0.000553318557282
linear_density_kg_m=0.00680535102136
tension_N=787.225291485
force_log=""/var/folders/zh/nj8dx9w152qdp4y5nkg5xm540000gn/T/bbpiano-hammer-search-h3umz0nz/force_95.txt""
positive_force_samples=187
contact_span_s=0.00421768707483
maximum_force_N=63.7955674881
force_impulse_Ns=0.0690627064603
initial_hammer_energy_J=0.0670560726608
maximum_mechanical_energy_J=0.0694586863674
maximum_mechanical_energy_ratio=1.03582991982
string_energy_at_release_J=0.0499134787789
string_energy_at_release_ratio=0.744354341052
final_hammer_energy_J=0.0195389651438
final_string_energy_J=0.0466802658963
rebound_velocity_m_s=-1.6140617561
physical_f0_hz=261.626
configured_f0_hz=261.626
f0_relative_error=0
integer_spatial_port_pass=1
strike_reset_position_error_m=0",,596.3295857802966,62,lhs_0029,0.0068053510213628935,,,,,,,,,,1.8243216850553217,4.731995824093087,,,space_filling,FAIL,0.0005533185572822007,787.2252914852776,1.7339210655473716
0.9142486158874462,"delay: 84.2806, f0: 261.626, z: 2.3808
status=FAIL
velocity_m_s=5.03361424716
hardness_N_per_mm_p=3385.80061037
p=3.55982709064
epsilon=0.914248615887
tau0_s=2.68498440999e-06
linear_density_kg_m=0.00650321115249
tension_N=752.274537939
force_log=""/var/folders/zh/nj8dx9w152qdp4y5nkg5xm540000gn/T/bbpiano-hammer-search-7lxz0fu3/force_110.txt""
positive_force_samples=94
contact_span_s=0.00210884353741
maximum_force_N=166.445615297
force_impulse_Ns=0.0425703545671
initial_hammer_energy_J=0.190029542919
maximum_mechanical_energy_J=0.245078872397
maximum_mechanical_energy_ratio=1.28968826969
string_energy_at_release_J=0.208908422379
string_energy_at_release_ratio=1.09934707609
final_hammer_energy_J=0.0361546359292
final_string_energy_J=0.193691778396
rebound_velocity_m_s=2.19559060936
physical_f0_hz=261.626
configured_f0_hz=261.626
f0_relative_error=0
integer_spatial_port_pass=1
strike_reset_position_error_m=0",,3385.8006103662087,63,lhs_0030,0.006503211152491153,,,,,,,,,,1.539876151765224,3.5598270906433678,,,space_filling,FAIL,2.6849844099915743e-06,752.2745379392472,1.4635706628673748
0.9587621023173015,"delay: 84.2806, f0: 261.626, z: 2.3808
status=FAIL
velocity_m_s=5.3879516672
hardness_N_per_mm_p=3035.30170049
p=3.14275614796
epsilon=0.958762102317
tau0_s=0.000320381758213
linear_density_kg_m=0.0069901916299
tension_N=808.607171931
force_log=""/var/folders/zh/nj8dx9w152qdp4y5nkg5xm540000gn/T/bbpiano-hammer-search-mdh44niw/force_110.txt""
positive_force_samples=43
contact_span_s=0.000952380952381
maximum_force_N=44.4517032747
force_impulse_Ns=0.0211588065836
initial_hammer_energy_J=0.217725173761
maximum_mechanical_energy_J=0.217907770793
maximum_mechanical_energy_ratio=1.00083865834
string_energy_at_release_J=0.0992548773314
string_energy_at_release_ratio=0.455872307354
final_hammer_energy_J=0.118645716421
final_string_energy_J=0.091649677495
rebound_velocity_m_s=3.97736456163
physical_f0_hz=261.626
configured_f0_hz=261.626
f0_relative_error=0
integer_spatial_port_pass=1
strike_reset_position_error_m=0",,3035.3017004935223,64,lhs_0031,0.006990191629899207,,,,,,,,,,1.648274554185715,3.1427561479610224,,,space_filling,FAIL,0.00032038175821313557,808.6071719314936,1.5665975988339178
0.995979120163276,,False,427.5574568184208,65,lhs_0032,0.0069181097823670535,1.0,3.6740613329381784,8.58060370865844,1.179138321995461,1.3151927437641686,0.0054422512746133585,1.0,1.42476293321,inf,1.7940661643961022,3.683056750843675,8.853865208765242,5.577694052528141,space_filling,PASS,7.353150474517839e-06,800.2689314415956,1.705164796820273
0.9706607905980877,,True,581.2437605577454,66,lhs_0033,0.00658241603479016,1.0,4.394388276255153,11.0127120175573,3.42403628117914,3.582766439909299,0.014586209635447381,1.0,-0.0394746951132,inf,0.941263914459585,3.469995320932826,9.356156847508013,6.230307105543456,space_filling,PASS,6.107334433608901e-05,761.4367525493625,0.8946214600697254
0.9728913330248211,,True,787.5448275546592,67,lhs_0034,0.005902222299467331,1.0,5.57235642775601,11.0769999487694,1.6099773242630429,1.7233560090702986,0.008113269030208639,1.0,1.20538298213,inf,1.7546403639125452,4.674171321289351,12.836463175959334,7.993018699486304,space_filling,PASS,5.943491768365477e-05,682.753711825221,1.667692663180402
0.8993580336222299,,False,320.3376440908157,68,lhs_0035,0.006040475812970193,1.0,2.1158405531060263,6.73340955255691,6.507936507936504,6.825396825396829,0.022205054385816,0.6511627906976747,-0.686258986371,1.866666666666669,0.7941234202690781,4.440793663926257,5.686669880589569,3.957786207411293,space_filling,PASS,0.0007870117609059847,698.7465183864846,0.7547722193563291
0.9823604612290296,,True,391.00225862196226,69,lhs_0036,0.006958838075593235,1.0,3.6379289293554855,18.7622223067786,3.401360544217686,3.809523809523809,0.02166216457124305,1.0,-0.169817323837,inf,1.2885085572831951,4.75814475684428,19.48351834588555,11.138575027254749,space_filling,PASS,3.410308647223305e-06,804.9802743842345,1.2246590877658914
0.8643580740992656,"delay: 84.2806, f0: 261.626, z: 2.3808
status=FAIL
velocity_m_s=3.30890231129
hardness_N_per_mm_p=8641.48960978
p=4.40057326367
epsilon=0.864358074099
tau0_s=2.91648363762e-06
linear_density_kg_m=0.00673553209573
tension_N=779.14881991
force_log=""/var/folders/zh/nj8dx9w152qdp4y5nkg5xm540000gn/T/bbpiano-hammer-search-amowcn2p/force_110.txt""
positive_force_samples=95
contact_span_s=0.00213151927438
maximum_force_N=59.8207335448
force_impulse_Ns=0.028045993755
initial_hammer_energy_J=0.0821162587925
maximum_mechanical_energy_J=0.083205628855
maximum_mechanical_energy_ratio=1.01326619209
string_energy_at_release_J=0.0676646502677
string_energy_at_release_ratio=0.824010387989
final_hammer_energy_J=0.015534064091
final_string_energy_J=0.0627514961502
rebound_velocity_m_s=1.43916939429
physical_f0_hz=261.626
configured_f0_hz=261.626
f0_relative_error=2.17269762412e-16
integer_spatial_port_pass=1
strike_reset_position_error_m=0",,8641.489609778357,70,lhs_0037,0.006735532095730674,,,,,,,,,,1.0122547154954302,4.400573263665459,,,space_filling,FAIL,2.916483637617775e-06,779.1488199102661,0.9620944536675631
0.9034787458517802,"delay: 84.2806, f0: 261.626, z: 2.3808
status=FAIL
velocity_m_s=3.0812843134
hardness_N_per_mm_p=8385.06274142
p=4.53144387816
epsilon=0.903478745852
tau0_s=5.62231082236e-06
linear_density_kg_m=0.00646357825336
tension_N=747.689907335
force_log=""/var/folders/zh/nj8dx9w152qdp4y5nkg5xm540000gn/T/bbpiano-hammer-search-7989736d/force_95.txt""
positive_force_samples=23
contact_span_s=0.000498866213152
maximum_force_N=27.61669907
force_impulse_Ns=0.00554081868481
initial_hammer_energy_J=0.0712073476499
maximum_mechanical_energy_J=0.0712485284232
maximum_mechanical_energy_ratio=1.00057832197
string_energy_at_release_J=0.0160876142481
string_energy_at_release_ratio=0.225926323323
final_hammer_energy_J=0.0551578656763
final_string_energy_J=0.0148216049397
rebound_velocity_m_s=2.71189640108
physical_f0_hz=261.626
configured_f0_hz=261.626
f0_relative_error=0
integer_spatial_port_pass=1
strike_reset_position_error_m=0",,8385.06274142089,71,lhs_0038,0.006463578253364951,,,,,,,,,,1.8799433743308853,4.531443878158873,,,space_filling,FAIL,5.622310822363529e-06,747.6899073347289,1.7867865330393646
0.910718916194252,"delay: 84.2806, f0: 261.626, z: 2.3808
status=FAIL
velocity_m_s=5.51911246758
hardness_N_per_mm_p=449.204257431
p=3.52025696668
epsilon=0.910718916194
tau0_s=0.000559917707153
linear_density_kg_m=0.00623923825939
tension_N=721.7388408
force_log=""/var/folders/zh/nj8dx9w152qdp4y5nkg5xm540000gn/T/bbpiano-hammer-search-ifq4wuqz/force_110.txt""
positive_force_samples=98
contact_span_s=0.00219954648526
maximum_force_N=96.2968138699
force_impulse_Ns=0.0490784425101
initial_hammer_energy_J=0.228454518224
maximum_mechanical_energy_J=0.235624096933
maximum_mechanical_energy_ratio=1.03138295869
string_energy_at_release_J=0.197720512474
string_energy_at_release_ratio=0.865469915025
final_hammer_energy_J=0.0378748582505
final_string_energy_J=0.18347719494
rebound_velocity_m_s=2.24721630024
physical_f0_hz=261.626
configured_f0_hz=261.626
f0_relative_error=0
integer_spatial_port_pass=1
strike_reset_position_error_m=0",,449.2042574310021,72,lhs_0039,0.006239238259394462,,,,,,,,,,1.688399080746058,3.520256966675065,,,space_filling,FAIL,0.0005599177071530831,721.7388408003453,1.604733834574592
0.9456837803265534,,True,1952.2653729868246,73,lhs_0040,0.0067577666946139585,1.0,2.7256230918185604,28.0891986661465,2.312925170068024,2.4036281179138284,0.018863713475214934,1.0,0.609365239469,inf,1.8881783686110474,4.565083644258876,9.650431838254924,6.567272708811583,space_filling,PASS,0.0001800278248596315,781.7208604313215,1.7946134586161453
0.9353462074508533,,False,318.37010894916864,74,lhs_0041,0.006105856991552633,1.0,6.5555826106784405,6.27406186544017,6.666666666666663,7.02947845804989,0.02485289417685401,0.4064516129032259,-0.773817754295,0.6847826086956526,0.8830925379640476,4.383723932500102,22.28175789772124,12.771047178280101,space_filling,PASS,5.616355672054455e-05,706.3096429344531,0.839332650018421
0.8930118465426001,"delay: 84.2806, f0: 261.626, z: 2.3808
status=FAIL
velocity_m_s=4.59952705559
hardness_N_per_mm_p=1277.91394246
p=3.62981776756
epsilon=0.893011846543
tau0_s=0.000400376858003
linear_density_kg_m=0.00626431167841
tension_N=724.639268645
force_log=""/var/folders/zh/nj8dx9w152qdp4y5nkg5xm540000gn/T/bbpiano-hammer-search-n_1t4ydt/force_110.txt""
positive_force_samples=93
contact_span_s=0.00208616780045
maximum_force_N=166.184552428
force_impulse_Ns=0.0380558038246
initial_hammer_energy_J=0.158667368513
maximum_mechanical_energy_J=0.224738754992
maximum_mechanical_energy_ratio=1.41641445937
string_energy_at_release_J=0.192820448652
string_energy_at_release_ratio=1.21524955294
final_hammer_energy_J=0.0319034760245
final_string_energy_J=0.178759172042
rebound_velocity_m_s=2.06247346729
physical_f0_hz=261.626
configured_f0_hz=261.626
f0_relative_error=2.17269762412e-16
integer_spatial_port_pass=1
strike_reset_position_error_m=0",,1277.9139424620257,75,lhs_0042,0.006264311678408414,,,,,,,,,,1.407080812021777,3.6298177675627454,,,space_filling,FAIL,0.00040037685800321267,724.639268644527,1.3373557311072997
0.8690699167627479,"delay: 84.2806, f0: 261.626, z: 2.3808
status=FAIL
velocity_m_s=4.10254460011
hardness_N_per_mm_p=531.770657473
p=4.61331584058
epsilon=0.869069916763
tau0_s=0.000251715783368
linear_density_kg_m=0.00651727658796
tension_N=753.901590902
force_log=""/var/folders/zh/nj8dx9w152qdp4y5nkg5xm540000gn/T/bbpiano-hammer-search-smirqtzf/force_110.txt""
positive_force_samples=100
contact_span_s=0.00224489795918
maximum_force_N=83.1932337678
force_impulse_Ns=0.0377718858008
initial_hammer_energy_J=0.126231541469
maximum_mechanical_energy_J=0.131785215423
maximum_mechanical_energy_ratio=1.04399592914
string_energy_at_release_J=0.112940351553
string_energy_at_release_ratio=0.894707853824
final_hammer_energy_J=0.0188278739061
final_string_energy_J=0.104816827626
rebound_velocity_m_s=1.58441888006
physical_f0_hz=261.626
configured_f0_hz=261.626
f0_relative_error=0
integer_spatial_port_pass=1
strike_reset_position_error_m=0",,531.7706574734826,76,lhs_0043,0.00651727658796384,,,,,,,,,,1.2550446420912524,4.613315840580112,,,space_filling,FAIL,0.0002517157833680861,753.9015909017021,1.1928534100927455
0.8963658710332344,"delay: 84.2806, f0: 261.626, z: 2.3808
status=FAIL
velocity_m_s=6.0813289344
hardness_N_per_mm_p=9405.2395121
p=4.20476112886
epsilon=0.896365871033
tau0_s=1.03829457255e-05
linear_density_kg_m=0.00680249036174
tension_N=786.894377827
force_log=""/var/folders/zh/nj8dx9w152qdp4y5nkg5xm540000gn/T/bbpiano-hammer-search-06bbye3m/force_110.txt""
positive_force_samples=5
contact_span_s=9.07029478458e-05
maximum_force_N=68.1675024501
force_impulse_Ns=0.00286412204421
initial_hammer_energy_J=0.277369212063
maximum_mechanical_energy_J=0.283243357932
maximum_mechanical_energy_ratio=1.02117807462
string_energy_at_release_J=0.0230183742924
string_energy_at_release_ratio=0.0829882095465
final_hammer_energy_J=0.26022498364
final_string_energy_J=0.0211604188198
rebound_velocity_m_s=5.89038746479
physical_f0_hz=261.626
configured_f0_hz=261.626
f0_relative_error=0
integer_spatial_port_pass=1
strike_reset_position_error_m=0",,9405.239512100588,77,lhs_0044,0.0068024903617445055,,,,,,,,,,1.8603915471669055,4.204761128864842,,,space_filling,FAIL,1.0382945725484026e-05,786.8943778270611,1.7682035576423816
0.954686425076086,,True,986.782483734988,78,lhs_0045,0.006356205213191421,1.0,3.362039788312714,9.45047452572637,3.083900226757371,3.4013605442176886,0.010489576111181167,1.0,0.0734775002844,inf,0.7799257969128166,4.489454727194388,11.476398064760444,7.227956502805602,space_filling,PASS,2.4196435102860676e-05,735.2692735448,0.741278130885094
0.9939379795414667,"delay: 84.2806, f0: 261.626, z: 2.3808
status=FAIL
velocity_m_s=5.35352583867
hardness_N_per_mm_p=6318.25313881
p=3.44813139234
epsilon=0.993937979541
tau0_s=0.000110545112365
linear_density_kg_m=0.00631447957948
tension_N=730.442560851
force_log=""/var/folders/zh/nj8dx9w152qdp4y5nkg5xm540000gn/T/bbpiano-hammer-search-9mzz5vsl/force_110.txt""
positive_force_samples=8
contact_span_s=0.00015873015873
maximum_force_N=36.005037599
force_impulse_Ns=0.00380625874366
initial_hammer_energy_J=0.214951791789
maximum_mechanical_energy_J=0.215476222566
maximum_mechanical_energy_ratio=1.00243975997
string_energy_at_release_J=0.0204167751437
string_energy_at_release_ratio=0.0949830423546
final_hammer_energy_J=0.195057807444
final_string_energy_J=0.0187703266984
rebound_velocity_m_s=5.09977525576
physical_f0_hz=261.626
configured_f0_hz=261.626
f0_relative_error=0
integer_spatial_port_pass=1
strike_reset_position_error_m=0",,6318.253138805279,79,lhs_0046,0.006314479579480924,,,,,,,,,,1.6377430534063875,3.44813139233821,,,space_filling,FAIL,0.00011054511236478586,730.4425608510621,1.5565879655533976
0.8633518942989994,"delay: 84.2806, f0: 261.626, z: 2.3808
status=FAIL
velocity_m_s=1.89271489808
hardness_N_per_mm_p=2869.59998925
p=4.73572882307
epsilon=0.863351894299
tau0_s=8.61041251009e-06
linear_density_kg_m=0.00596376455199
tension_N=689.872759399
force_log=""/var/folders/zh/nj8dx9w152qdp4y5nkg5xm540000gn/T/bbpiano-hammer-search-mbk2c6nd/force_95.txt""
positive_force_samples=113
contact_span_s=0.00253968253968
maximum_force_N=40.2550400484
force_impulse_Ns=0.0196343888749
initial_hammer_energy_J=0.0268677726407
maximum_mechanical_energy_J=0.0284061114321
maximum_mechanical_energy_ratio=1.05725591071
string_energy_at_release_J=0.0258472150126
string_energy_at_release_ratio=0.962015547706
final_hammer_energy_J=0.00255577985211
final_string_energy_J=0.02401343882
rebound_velocity_m_s=0.583755639756
physical_f0_hz=261.626
configured_f0_hz=261.626
f0_relative_error=0
integer_spatial_port_pass=1
strike_reset_position_error_m=0",,2869.5999892503514,80,lhs_0047,0.005963764551988509,,,,,,,,,,1.154777187122608,4.7357288230683885,,,space_filling,FAIL,8.610412510091715e-06,689.8727593993375,1.0975545087075531
0.930315096029463,,False,538.3567505353464,81,lhs_0048,0.006646584208102239,1.0,5.5816941426543,9.74519417625423,5.895691609977321,7.392290249433109,0.030958194088522784,0.3865030674846627,-0.990822514718,0.6300000000000003,1.0730585259762588,4.51434891404329,15.311519614826961,9.174873324773742,space_filling,PASS,2.863451342108699e-06,768.8595598051684,1.0198852526927151
0.9165739743434995,"delay: 84.2806, f0: 261.626, z: 2.3808
status=FAIL
velocity_m_s=2.32813061822
hardness_N_per_mm_p=1488.15946578
p=4.82716319006
epsilon=0.916573974343
tau0_s=9.23530551513e-05
linear_density_kg_m=0.00640187367583
tension_N=740.552082426
force_log=""/var/folders/zh/nj8dx9w152qdp4y5nkg5xm540000gn/T/bbpiano-hammer-search-zroxfv7d/force_95.txt""
positive_force_samples=94
contact_span_s=0.00210884353741
maximum_force_N=72.0956578714
force_impulse_Ns=0.0172854586046
initial_hammer_energy_J=0.0406514413161
maximum_mechanical_energy_J=0.050726783177
maximum_mechanical_energy_ratio=1.24784710049
string_energy_at_release_J=0.0403563054021
string_energy_at_release_ratio=0.992739841332
final_hammer_energy_J=0.0103682051945
final_string_energy_J=0.0374199139181
rebound_velocity_m_s=1.17576671124
physical_f0_hz=261.626
configured_f0_hz=261.626
f0_relative_error=0
integer_spatial_port_pass=1
strike_reset_position_error_m=0",,1488.1594657843698,82,lhs_0049,0.006401873675830115,,,,,,,,,,1.4204316399055896,4.827163190063699,,,space_filling,FAIL,9.235305515126344e-05,740.5520824255724,1.3500449853654037
0.8732779402814573,,False,333.8519390599231,83,lhs_0050,0.006425931605923382,1.0,4.956912283731552,8.47373098194537,6.0090702947845775,7.369614512471659,0.027974759588715863,0.38153846153846194,-0.897034371889,0.6169154228855732,0.9679513835185392,3.132265593433956,14.154871824402669,9.192091810575347,space_filling,PASS,4.54492268775227e-06,743.3350411547773,0.9199864848712922
0.9843919215897327,,False,3309.6314237922097,84,lhs_0051,0.006248995776461592,1.0,4.836536040487171,6.43196560211382,1.043083900226761,1.1791383219954685,0.0030023634697355834,1.0,0.825687453399,inf,1.0307068842660276,4.1716738383158996,8.283259784761091,6.0151098092339685,space_filling,PASS,1.6283349995614843e-05,722.8675649753704,0.9796322620477798
0.9288625171338666,"delay: 84.2806, f0: 261.626, z: 2.3808
status=FAIL
velocity_m_s=2.02753384371
hardness_N_per_mm_p=4399.04570448
p=4.99825321215
epsilon=0.928862517134
tau0_s=0.000286825056997
linear_density_kg_m=0.00617446319693
tension_N=714.245830188
force_log=""/var/folders/zh/nj8dx9w152qdp4y5nkg5xm540000gn/T/bbpiano-hammer-search-5vs3i3s5/force_95.txt""
positive_force_samples=103
contact_span_s=0.00231292517007
maximum_force_N=42.9600286598
force_impulse_Ns=0.0186961499911
initial_hammer_energy_J=0.0308317011555
maximum_mechanical_energy_J=0.0327810743217
maximum_mechanical_energy_ratio=1.06322626041
string_energy_at_release_J=0.0282010358752
string_energy_at_release_ratio=0.914676609408
final_hammer_energy_J=0.00457615845105
final_string_energy_J=0.0261797826264
rebound_velocity_m_s=0.781123844304
physical_f0_hz=261.626
configured_f0_hz=261.626
f0_relative_error=0
integer_spatial_port_pass=1
strike_reset_position_error_m=0",,4399.045704482915,85,lhs_0052,0.0061744631969347635,,,,,,,,,,1.2370324929603718,4.998253212147649,,,space_filling,FAIL,0.0002868250569974463,714.2458301877052,1.1757338170573386
0.9293765465051887,"delay: 84.2806, f0: 261.626, z: 2.3808
status=FAIL
velocity_m_s=2.09314796794
hardness_N_per_mm_p=2518.1458903
p=3.39446666022
epsilon=0.929376546505
tau0_s=0.00037554702746
linear_density_kg_m=0.00647924644726
tension_N=749.50236322
force_log=""/var/folders/zh/nj8dx9w152qdp4y5nkg5xm540000gn/T/bbpiano-hammer-search-w1nv5fsn/force_95.txt""
positive_force_samples=109
contact_span_s=0.00244897959184
maximum_force_N=38.4412784161
force_impulse_Ns=0.0233808641269
initial_hammer_energy_J=0.0328595131176
maximum_mechanical_energy_J=0.0336415736321
maximum_mechanical_energy_ratio=1.02380012484
string_energy_at_release_J=0.0314962888206
string_energy_at_release_ratio=0.958513557639
final_hammer_energy_J=0.00214206512577
final_string_energy_J=0.0292624591294
rebound_velocity_m_s=0.534423692809
physical_f0_hz=261.626
configured_f0_hz=261.626
f0_relative_error=0
integer_spatial_port_pass=1
strike_reset_position_error_m=0",,2518.145890302705,86,lhs_0053,0.006479246447260962,,,,,,,,,,1.277064773512238,3.3944666602177445,,,space_filling,FAIL,0.000375547027459778,749.5023632195342,1.2137823778563506
0.8988276041475163,,False,347.15474777057756,87,lhs_0054,0.006746799212857881,1.0,2.6523788331117104,7.4897701612177,6.394557823129249,6.643990929705219,0.026065366906587076,0.3856655290102384,-0.802794363006,0.6277777777777764,0.9349722464753359,3.818233190719891,8.27372319624307,6.216615002286446,space_filling,PASS,0.00013062360675923884,780.452170690677,0.8886415631334083
0.9111932233047968,,False,6974.501420962838,88,lhs_0055,0.006137774746913001,1.0,4.7357059996640345,19.9750685108099,4.240362811791381,4.3764172335600895,0.02368087096681565,1.0,-0.531297564924,inf,1.062525567257423,4.799488879340106,10.777047007949614,6.634966593812867,space_filling,PASS,0.00035197538854739926,710.0018057910415,1.0098742337179687
0.8511739233132817,"delay: 84.2806, f0: 261.626, z: 2.3808
status=FAIL
velocity_m_s=1.74951985745
hardness_N_per_mm_p=1368.70074345
p=4.38941810873
epsilon=0.851173923313
tau0_s=0.000216724015057
linear_density_kg_m=0.00594696949815
tension_N=687.929951289
force_log=""/var/folders/zh/nj8dx9w152qdp4y5nkg5xm540000gn/T/bbpiano-hammer-search-_gmwz283/force_80.txt""
positive_force_samples=185
contact_span_s=0.00417233560091
maximum_force_N=41.4366316782
force_impulse_Ns=0.036448599761
initial_hammer_energy_J=0.0229561479871
maximum_mechanical_energy_J=0.0247671170705
maximum_mechanical_energy_ratio=1.0788881952
string_energy_at_release_J=0.0212927511213
string_energy_at_release_ratio=0.927540244699
final_hammer_energy_J=0.00347194641354
final_string_energy_J=0.019908951212
rebound_velocity_m_s=-0.680386793281
physical_f0_hz=261.626
configured_f0_hz=261.626
f0_relative_error=0
integer_spatial_port_pass=1
strike_reset_position_error_m=0",,1368.700743454705,89,lhs_0056,0.005946969498145612,,,,,,,,,,1.7495198574510267,4.389418108726923,,,space_filling,FAIL,0.00021672401505728914,687.9299512891488,1.6628258931953548
0.9693852631562057,,True,2708.3080972383163,90,lhs_0057,0.005909563520912085,1.0,3.1881836083082673,9.05454440417582,2.176870748299316,2.4036281179138284,0.005748666848754819,1.0,0.440922536942,inf,0.8310109540491724,4.715930138078507,8.172684392695714,5.197501006993511,space_filling,PASS,4.049884316731138e-05,683.6029252123869,0.7898318650325006
0.9371941440759581,,False,418.35010611274635,91,lhs_0058,0.006365718393597813,1.0,6.183808735672861,5.66936447681091,6.666666666666664,7.02947845804989,0.022135405464110875,0.41290322580645133,-0.689235469838,0.7032967032967026,0.7864682453068527,4.160939233759068,15.414783373084289,10.292059442538392,space_filling,PASS,4.587982904829009e-05,736.3697334909313,0.7474963813085831
0.9342368411316216,"delay: 84.2806, f0: 261.626, z: 2.3808
status=FAIL
velocity_m_s=3.64782106173
hardness_N_per_mm_p=1089.8224621
p=4.98765064289
epsilon=0.934236841132
tau0_s=2.46653645147e-06
linear_density_kg_m=0.00666831559019
tension_N=771.373389517
force_log=""/var/folders/zh/nj8dx9w152qdp4y5nkg5xm540000gn/T/bbpiano-hammer-search-6ph_202i/force_110.txt""
positive_force_samples=109
contact_span_s=0.00244897959184
maximum_force_N=93.9233519549
force_impulse_Ns=0.0392039005654
initial_hammer_energy_J=0.0997994887382
maximum_mechanical_energy_J=0.111959708371
maximum_mechanical_energy_ratio=1.1218465123
string_energy_at_release_J=0.103924799564
string_energy_at_release_ratio=1.04133599158
final_hammer_energy_J=0.00802220187173
final_string_energy_J=0.0965063960611
rebound_velocity_m_s=1.03422769071
physical_f0_hz=261.626
configured_f0_hz=261.626
f0_relative_error=0
integer_spatial_port_pass=1
strike_reset_position_error_m=0",,1089.8224621023403,92,lhs_0059,0.006668315590189738,,,,,,,,,,1.1159362603194751,4.98765064289449,,,space_filling,FAIL,2.4665364514658793e-06,771.3733895171857,1.0606382665003606
0.9076657236896077,,False,342.954016751574,93,lhs_0060,0.006218570607583633,1.0,3.182207374745624,5.51486255089768,6.575963718820859,6.825396825396829,0.02084490350744565,0.38205980066445094,-0.638869513753,0.6182795698924708,0.7508240536055186,3.488657647710558,10.04743044111332,5.501351345627416,space_filling,PASS,0.00014300007369413644,719.3480606377906,0.7136184663763393
0.9500433668253876,"delay: 84.2806, f0: 261.626, z: 2.3808
status=FAIL
velocity_m_s=1.4301925746
hardness_N_per_mm_p=5593.89238121
p=3.00956850529
epsilon=0.950043366825
tau0_s=0.000247790806205
linear_density_kg_m=0.00691335303184
tension_N=799.718682923
force_log=""/var/folders/zh/nj8dx9w152qdp4y5nkg5xm540000gn/T/bbpiano-hammer-search-euel65ho/force_80.txt""
positive_force_samples=100
contact_span_s=0.00224489795918
maximum_force_N=30.5844185763
force_impulse_Ns=0.0142407218592
initial_hammer_energy_J=0.0153408810032
maximum_mechanical_energy_J=0.0159277206249
maximum_mechanical_energy_ratio=1.03825331945
string_energy_at_release_J=0.0141918897233
string_energy_at_release_ratio=0.925102653508
final_hammer_energy_J=0.00173384497902
final_string_energy_J=0.0131723144987
rebound_velocity_m_s=0.480811117318
physical_f0_hz=261.626
configured_f0_hz=261.626
f0_relative_error=0
integer_spatial_port_pass=1
strike_reset_position_error_m=0",,5593.892381210527,94,lhs_0061,0.006913353031843383,,,,,,,,,,1.4301925745971713,3.009568505293245,,,space_filling,FAIL,0.0002477908062045365,799.7186829230747,1.3593222364225013
0.90739164710323,"delay: 84.2806, f0: 261.626, z: 2.3808
status=FAIL
velocity_m_s=2.2863283621
hardness_N_per_mm_p=6850.64784602
p=3.26171717568
epsilon=0.907391647103
tau0_s=2.42291584791e-06
linear_density_kg_m=0.00592372995427
tension_N=685.241661347
force_log=""/var/folders/zh/nj8dx9w152qdp4y5nkg5xm540000gn/T/bbpiano-hammer-search-6k072cfw/force_95.txt""
positive_force_samples=198
contact_span_s=0.00446712018141
maximum_force_N=30.8532056769
force_impulse_Ns=0.0546458468616
initial_hammer_energy_J=0.039204730345
maximum_mechanical_energy_J=0.0412208824377
maximum_mechanical_energy_ratio=1.05142624563
string_energy_at_release_J=0.0274147433362
string_energy_at_release_ratio=0.699271314839
final_hammer_energy_J=0.0138053334351
final_string_energy_J=0.0256819374842
rebound_velocity_m_s=-1.35672809534
physical_f0_hz=261.626
configured_f0_hz=261.626
f0_relative_error=0
integer_spatial_port_pass=1
strike_reset_position_error_m=0",,6850.647846016108,95,lhs_0062,0.00592372995427107,,,,,,,,,,1.394927380502314,3.261717175676787,,,space_filling,FAIL,2.4229158479134388e-06,685.2416613474262,1.3258045386268762
0.8810345848012301,,True,9196.331366512406,96,lhs_0063,0.006969472329185932,1.0,3.613478153682417,25.8723942837702,2.312925170068023,2.4263038548752784,0.013983518489358046,1.0,0.40364908224,inf,1.3554404611558317,4.342272817773343,10.116431181931768,6.275358855590914,space_filling,PASS,1.1755340017529538e-05,806.2104171583485,1.2882743147473308
0.9403934096138272,"delay: 84.2806, f0: 261.626, z: 2.3808
status=FAIL
velocity_m_s=1.4768162059
hardness_N_per_mm_p=4057.69667811
p=4.2482815022
epsilon=0.940393409614
tau0_s=0.000119772465164
linear_density_kg_m=0.00698420827268
tension_N=807.915032744
force_log=""/var/folders/zh/nj8dx9w152qdp4y5nkg5xm540000gn/T/bbpiano-hammer-search-v_wn9g1l/force_95.txt""
positive_force_samples=105
contact_span_s=0.00235827664399
maximum_force_N=34.6998237061
force_impulse_Ns=0.0149154231304
initial_hammer_energy_J=0.0163573957951
maximum_mechanical_energy_J=0.0170110627344
maximum_mechanical_energy_ratio=1.03996155302
string_energy_at_release_J=0.0152634275859
string_energy_at_release_ratio=0.933120881656
final_hammer_energy_J=0.00174571877023
final_string_energy_J=0.0141714940551
rebound_velocity_m_s=0.482454663878
physical_f0_hz=261.626
configured_f0_hz=261.626
f0_relative_error=0
integer_spatial_port_pass=1
strike_reset_position_error_m=0",,4057.6966781095425,97,lhs_0064,0.006984208272681694,,,,,,,,,,0.9010304012905191,4.248281502195183,,,space_filling,FAIL,0.00011977246516429745,807.9150327435469,0.8563816383341715
0.8759449141660871,,False,1552.771753994273,98,lhs_0065,0.006586870575707066,1.0,3.8850382542923216,10.8404125052804,6.485260770975055,6.734693877551019,0.034543676910782736,0.36700336700336755,-1.09852386219,0.5797872340425545,1.204401209480336,3.320407634098001,12.996231710219421,8.21887299559691,space_filling,PASS,1.5350856709309295e-05,761.9520422472393,1.1447195116936626
0.87426039882247,,False,921.5786275828465,99,lhs_0066,0.006559796392916269,1.0,5.4289025986572526,8.50129352679402,6.530612244897958,6.893424036281179,0.02882151024199234,0.3881578947368423,-0.917489179705,0.6344086021505383,1.0039690171646118,4.238848927164172,14.402431642613438,9.739251175586643,space_filling,PASS,2.5275682793835765e-05,758.8201712574395,0.9542193365781442
0.9364931145531589,,True,1230.7133012942204,100,lhs_0067,0.006372736829143759,1.0,3.709632717340697,20.1158749841368,2.607709750566893,2.7210884353741487,0.019489609532622597,1.0,0.355488664903,inf,1.6700009267304945,4.645077084845299,11.069790295656924,7.284485515381703,space_filling,PASS,0.0001577322858298854,737.1816078455508,1.5872473643560445
0.8587682642605929,"delay: 84.2806, f0: 261.626, z: 2.3808
status=FAIL
velocity_m_s=5.2708641685
hardness_N_per_mm_p=617.43147566
p=4.80072718933
epsilon=0.858768264261
tau0_s=2.75293511648e-06
linear_density_kg_m=0.00611884235342
tension_N=707.811755794
force_log=""/var/folders/zh/nj8dx9w152qdp4y5nkg5xm540000gn/T/bbpiano-hammer-search-e373_iuq/force_110.txt""
positive_force_samples=103
contact_span_s=0.00231292517007
maximum_force_N=114.019291906
force_impulse_Ns=0.0494906263999
initial_hammer_energy_J=0.208365068121
maximum_mechanical_energy_J=0.22847308437
maximum_mechanical_energy_ratio=1.09650377787
string_energy_at_release_J=0.199295602806
string_energy_at_release_ratio=0.956473196798
final_hammer_energy_J=0.0291507688014
final_string_energy_J=0.184989219044
rebound_velocity_m_s=1.97148907517
physical_f0_hz=261.626
configured_f0_hz=261.626
f0_relative_error=0
integer_spatial_port_pass=1
strike_reset_position_error_m=0",,617.4314756602438,101,lhs_0068,0.0061188423534214356,,,,,,,,,,1.612455312172392,4.8007271893294465,,,space_filling,FAIL,2.7529351164801722e-06,707.8117557938957,1.5325533078584712
0.9155236177241866,"delay: 84.2806, f0: 261.626, z: 2.3808
status=FAIL
velocity_m_s=2.90035129469
hardness_N_per_mm_p=501.096356301
p=3.91550488224
epsilon=0.915523617724
tau0_s=2.04072074344e-05
linear_density_kg_m=0.00633978692365
tension_N=733.370048548
force_log=""/var/folders/zh/nj8dx9w152qdp4y5nkg5xm540000gn/T/bbpiano-hammer-search-y_bhv1c2/force_95.txt""
positive_force_samples=102
contact_span_s=0.00229024943311
maximum_force_N=69.004975598
force_impulse_Ns=0.0249279377797
initial_hammer_energy_J=0.0630902822445
maximum_mechanical_energy_J=0.067381501358
maximum_mechanical_energy_ratio=1.06801711707
string_energy_at_release_J=0.0558714606638
string_energy_at_release_ratio=0.885579500933
final_hammer_energy_J=0.0115039083629
final_string_energy_J=0.0518508932365
rebound_velocity_m_s=1.23848877604
physical_f0_hz=261.626
configured_f0_hz=261.626
f0_relative_error=0
integer_spatial_port_pass=1
strike_reset_position_error_m=0",,501.09635630064383,102,lhs_0069,0.006339786923649318,,,,,,,,,,1.769553097056478,3.915504882241701,,,space_filling,FAIL,2.040720743438733e-05,733.3700485481908,1.681866425601237
0.986678811321939,"delay: 84.2806, f0: 261.626, z: 2.3808
status=FAIL
velocity_m_s=2.89256325638
hardness_N_per_mm_p=942.826377275
p=4.07731953635
epsilon=0.986678811322
tau0_s=0.00022913503067
linear_density_kg_m=0.00632625419613
tension_N=731.804617855
force_log=""/var/folders/zh/nj8dx9w152qdp4y5nkg5xm540000gn/T/bbpiano-hammer-search-c7j_x3ek/force_110.txt""
positive_force_samples=99
contact_span_s=0.00222222222222
maximum_force_N=83.3020855642
force_impulse_Ns=0.0254083256786
initial_hammer_energy_J=0.0627519164412
maximum_mechanical_energy_J=0.0747489303905
maximum_mechanical_energy_ratio=1.19118163444
string_energy_at_release_J=0.0639645392559
string_energy_at_release_ratio=1.0193240762
final_hammer_energy_J=0.0107761609701
final_string_energy_J=0.0593422175305
rebound_velocity_m_s=1.1986748778
physical_f0_hz=261.626
configured_f0_hz=261.626
f0_relative_error=0
integer_spatial_port_pass=1
strike_reset_position_error_m=0",,942.8263772751029,103,lhs_0070,0.006326254196126004,,,,,,,,,,0.8848888606194648,4.07731953634868,,,space_filling,FAIL,0.0002291350306702355,731.8046178546543,0.8410399594903539
0.9510124818841262,"delay: 84.2806, f0: 261.626, z: 2.3808
status=FAIL
velocity_m_s=2.66142964203
hardness_N_per_mm_p=3889.64149574
p=4.59070500836
epsilon=0.951012481884
tau0_s=0.000443545231242
linear_density_kg_m=0.00690109848537
tension_N=798.301108887
force_log=""/var/folders/zh/nj8dx9w152qdp4y5nkg5xm540000gn/T/bbpiano-hammer-search-73045a5t/force_95.txt""
positive_force_samples=95
contact_span_s=0.00213151927438
maximum_force_N=44.4734345371
force_impulse_Ns=0.0227328080948
initial_hammer_energy_J=0.0531240580461
maximum_mechanical_energy_J=0.0531252148959
maximum_mechanical_energy_ratio=1.00002177638
string_energy_at_release_J=0.0432710701152
string_energy_at_release_ratio=0.814528703315
final_hammer_energy_J=0.00984830753181
final_string_energy_J=0.0401309721574
rebound_velocity_m_s=1.14590910238
physical_f0_hz=261.626
configured_f0_hz=261.626
f0_relative_error=0
integer_spatial_port_pass=1
strike_reset_position_error_m=0",,3889.641495736554,104,lhs_0071,0.006901098485373393,,,,,,,,,,1.6237829790752314,4.590705008358032,,,space_filling,FAIL,0.00044354523124244153,798.3011088866181,1.5433196548395092
0.9948424680038201,,False,2773.684227985667,105,lhs_0072,0.0062889242253638756,1.0,3.035638449962575,17.020254287883,0.7029478458049889,0.7709750566893429,0.0031014392181515724,1.0,1.33140598439,inf,1.5510582227788487,3.106039272585064,9.086641464056981,5.494935947498417,space_filling,PASS,9.600212105384003e-06,727.4863840086552,1.4741986286728586
0.8826156146552834,"delay: 84.2806, f0: 261.626, z: 2.3808
status=FAIL
velocity_m_s=2.43275695231
hardness_N_per_mm_p=1529.99448625
p=3.01175143491
epsilon=0.882615614655
tau0_s=0.000150334888254
linear_density_kg_m=0.00622660876975
tension_N=720.277894314
force_log=""/var/folders/zh/nj8dx9w152qdp4y5nkg5xm540000gn/T/bbpiano-hammer-search-0kkwsrxi/force_110.txt""
positive_force_samples=100
contact_span_s=0.00224489795918
maximum_force_N=56.3691445469
force_impulse_Ns=0.0222867556983
initial_hammer_energy_J=0.0443872979175
maximum_mechanical_energy_J=0.0484608091772
maximum_mechanical_energy_ratio=1.0917720035
string_energy_at_release_J=0.0417298827503
string_energy_at_release_ratio=0.940131179597
final_hammer_energy_J=0.00672568736664
final_string_energy_J=0.0387277479228
rebound_velocity_m_s=0.94697323909
physical_f0_hz=261.626
configured_f0_hz=261.626
f0_relative_error=0
integer_spatial_port_pass=1
strike_reset_position_error_m=0",,1529.9944862512962,106,lhs_0073,0.006226608769750628,,,,,,,,,,0.7442255663535291,3.011751434907366,,,space_filling,FAIL,0.00015033488825449702,720.277894313534,0.7073469539886413
0.948536100547606,"delay: 84.2806, f0: 261.626, z: 2.3808
status=FAIL
velocity_m_s=2.19917653802
hardness_N_per_mm_p=1155.73618317
p=3.92392719175
epsilon=0.948536100548
tau0_s=7.86535182132e-06
linear_density_kg_m=0.00636146397355
tension_N=735.877593255
force_log=""/var/folders/zh/nj8dx9w152qdp4y5nkg5xm540000gn/T/bbpiano-hammer-search-boxsg0yj/force_95.txt""
positive_force_samples=102
contact_span_s=0.00229024943311
maximum_force_N=45.8747818601
force_impulse_Ns=0.01804298508
initial_hammer_energy_J=0.0362728308403
maximum_mechanical_energy_J=0.0369264336733
maximum_mechanical_energy_ratio=1.01801907427
string_energy_at_release_J=0.0294786484556
string_energy_at_release_ratio=0.812692248513
final_hammer_energy_J=0.00744476506318
final_string_energy_J=0.0273585179994
rebound_velocity_m_s=0.996310866024
physical_f0_hz=261.626
configured_f0_hz=261.626
f0_relative_error=0
integer_spatial_port_pass=1
strike_reset_position_error_m=0",,1155.7361831722708,107,lhs_0074,0.006361463973554574,,,,,,,,,,1.3417545870920562,3.9239271917531093,,,space_filling,FAIL,7.865351821323477e-06,735.8775932547957,1.275266616853914
0.8943287341858561,"delay: 84.2806, f0: 261.626, z: 2.3808
status=FAIL
velocity_m_s=5.23716145054
hardness_N_per_mm_p=575.858388375
p=4.11028433084
epsilon=0.894328734186
tau0_s=6.31046169543e-06
linear_density_kg_m=0.00606105294315
tension_N=701.126827243
force_log=""/var/folders/zh/nj8dx9w152qdp4y5nkg5xm540000gn/T/bbpiano-hammer-search-yze_i85r/force_110.txt""
positive_force_samples=98
contact_span_s=0.00219954648526
maximum_force_N=121.582686117
force_impulse_Ns=0.0431803677574
initial_hammer_energy_J=0.205708950443
maximum_mechanical_energy_J=0.224852484046
maximum_mechanical_energy_ratio=1.09306125748
string_energy_at_release_J=0.183113159775
string_energy_at_release_ratio=0.890156502094
final_hammer_energy_J=0.0417178649923
final_string_energy_J=0.169863995248
rebound_velocity_m_s=2.35847026671
physical_f0_hz=261.626
configured_f0_hz=261.626
f0_relative_error=0
integer_spatial_port_pass=1
strike_reset_position_error_m=0",,575.8583883750221,108,lhs_0075,0.006061052943153001,,,,,,,,,,1.6021450243572675,4.110284330836,,,space_filling,FAIL,6.310461695426867e-06,701.1268272427421,1.5227539257752842
0.9050423077018948,"delay: 84.2806, f0: 261.626, z: 2.3808
status=FAIL
velocity_m_s=1.82215726203
hardness_N_per_mm_p=7429.05506062
p=3.61452829084
epsilon=0.905042307702
tau0_s=3.27121894251e-06
linear_density_kg_m=0.00631773607251
tension_N=730.819263488
force_log=""/var/folders/zh/nj8dx9w152qdp4y5nkg5xm540000gn/T/bbpiano-hammer-search-u_yqgcz0/force_80.txt""
positive_force_samples=292
contact_span_s=0.00659863945578
maximum_force_N=24.275197904
force_impulse_Ns=0.0529574039927
initial_hammer_energy_J=0.0249019281568
maximum_mechanical_energy_J=0.0283652199461
maximum_mechanical_energy_ratio=1.13907725408
string_energy_at_release_J=0.00525541597322
string_energy_at_release_ratio=0.211044540011
final_hammer_energy_J=0.0218880978147
final_string_energy_J=0.00496809096231
rebound_velocity_m_s=-1.70833633748
physical_f0_hz=261.626
configured_f0_hz=261.626
f0_relative_error=0
integer_spatial_port_pass=1
strike_reset_position_error_m=0",,7429.055060621476,109,lhs_0076,0.006317736072509476,,,,,,,,,,1.822157262029914,3.614528290836685,,,space_filling,FAIL,3.271218942509309e-06,730.8192634877922,1.7318638961845043
0.9440217144097961,"delay: 84.2806, f0: 261.626, z: 2.3808
status=FAIL
velocity_m_s=2.7047372884
hardness_N_per_mm_p=2093.78722261
p=3.33163352747
epsilon=0.94402171441
tau0_s=2.29447323309e-05
linear_density_kg_m=0.00633255775905
tension_N=732.533797605
force_log=""/var/folders/zh/nj8dx9w152qdp4y5nkg5xm540000gn/T/bbpiano-hammer-search-t2abeslj/force_95.txt""
positive_force_samples=26
contact_span_s=0.000566893424036
maximum_force_N=31.8478390449
force_impulse_Ns=0.00528445650095
initial_hammer_energy_J=0.0548670284946
maximum_mechanical_energy_J=0.0550694510676
maximum_mechanical_energy_ratio=1.00368932998
string_energy_at_release_J=0.0135626534056
string_energy_at_release_ratio=0.247191323783
final_hammer_energy_J=0.0415048112979
final_string_energy_J=0.0124937913929
rebound_velocity_m_s=2.35244018834
physical_f0_hz=261.626
configured_f0_hz=261.626
f0_relative_error=0
integer_spatial_port_pass=1
strike_reset_position_error_m=0",,2093.7872226118043,110,lhs_0077,0.006332557759051499,,,,,,,,,,1.6502057023860304,3.33163352746871,,,space_filling,FAIL,2.2944732330878613e-05,732.5337976053888,1.568433052840002
0.980986760518618,"delay: 84.2806, f0: 261.626, z: 2.3808
status=FAIL
velocity_m_s=4.31103624029
hardness_N_per_mm_p=6078.58934897
p=3.04724404023
epsilon=0.980986760519
tau0_s=1.15010837762e-05
linear_density_kg_m=0.00683805139792
tension_N=791.007985925
force_log=""/var/folders/zh/nj8dx9w152qdp4y5nkg5xm540000gn/T/bbpiano-hammer-search-rtjmza3m/force_110.txt""
positive_force_samples=9
contact_span_s=0.000181405895692
maximum_force_N=43.7791285816
force_impulse_Ns=0.00336987778563
initial_hammer_energy_J=0.139387750988
maximum_mechanical_energy_J=0.139858754509
maximum_mechanical_energy_ratio=1.00337908832
string_energy_at_release_J=0.0146161926394
string_energy_at_release_ratio=0.104859950288
final_hammer_energy_J=0.125238621605
final_string_energy_J=0.0134403877851
rebound_velocity_m_s=4.08637772125
physical_f0_hz=261.626
configured_f0_hz=261.626
f0_relative_error=0
integer_spatial_port_pass=1
strike_reset_position_error_m=0",,6078.589348974738,111,lhs_0078,0.006838051397918713,,,,,,,,,,1.318826109799276,3.047244040233121,,,space_filling,FAIL,1.150108377622059e-05,791.007985924554,1.253474314485009
0.8883770558799504,,False,1178.953515624566,112,lhs_0079,0.006511555013447454,1.0,5.375290023199872,9.46185216808177,6.417233560090705,6.598639455782309,0.03242908787872045,0.37113402061855755,-1.02975169569,0.5901639344262317,1.1322426353917086,3.155659484890923,16.33054931244438,9.840186427753007,space_filling,PASS,3.703797324518119e-05,753.2397340551886,1.0761366117056388
0.8869823180144507,"delay: 84.2806, f0: 261.626, z: 2.3808
status=FAIL
velocity_m_s=1.22371691598
hardness_N_per_mm_p=3813.63510774
p=4.62512411065
epsilon=0.886982318014
tau0_s=4.22019510291e-05
linear_density_kg_m=0.00682192137737
tension_N=789.142107135
force_log=""/var/folders/zh/nj8dx9w152qdp4y5nkg5xm540000gn/T/bbpiano-hammer-search-gdvmfgwx/force_80.txt""
positive_force_samples=122
contact_span_s=0.00274376417234
maximum_force_N=28.4893153248
force_impulse_Ns=0.0153292771998
initial_hammer_energy_J=0.0112311231785
maximum_mechanical_energy_J=0.0115159622279
maximum_mechanical_energy_ratio=1.02536158182
string_energy_at_release_J=0.0112095945761
string_energy_at_release_ratio=0.998083130065
final_hammer_energy_J=0.000305318674887
final_string_energy_J=0.0104299994213
rebound_velocity_m_s=0.201765102661
physical_f0_hz=261.626
configured_f0_hz=261.626
f0_relative_error=2.17269762412e-16
integer_spatial_port_pass=1
strike_reset_position_error_m=0",,3813.635107743182,113,lhs_0080,0.006821921377370529,,,,,,,,,,1.2237169159821837,4.625124110651828,,,space_filling,FAIL,4.220195102912792e-05,789.1421071347829,1.1630780669165963
0.8568816163845697,,False,546.7992433162933,114,lhs_0081,0.006433992381296901,1.0,3.157406378032515,7.22560544192369,6.462585034013609,6.734693877551019,0.0257500436618175,0.38047138047138024,-0.810428693104,0.6141304347826081,0.9062507078652589,3.8808374460276434,11.684163793471187,6.3088665772384775,space_filling,PASS,0.00010634352300472543,744.2674906673881,0.8613432630370441
0.9923801118359505,"delay: 84.2806, f0: 261.626, z: 2.3808
status=FAIL
velocity_m_s=1.63642697484
hardness_N_per_mm_p=3792.00744395
p=4.03794445735
epsilon=0.992380111836
tau0_s=0.000176245858459
linear_density_kg_m=0.00610055774013
tension_N=705.696639324
force_log=""/var/folders/zh/nj8dx9w152qdp4y5nkg5xm540000gn/T/bbpiano-hammer-search-v8h8lsw3/force_95.txt""
positive_force_samples=98
contact_span_s=0.00219954648526
maximum_force_N=55.8932924211
force_impulse_Ns=0.0135531496573
initial_hammer_energy_J=0.0200841993299
maximum_mechanical_energy_J=0.0269036952294
maximum_mechanical_energy_ratio=1.33954532056
string_energy_at_release_J=0.0228728055385
string_energy_at_release_ratio=1.13884577437
final_hammer_energy_J=0.00402838849105
final_string_energy_J=0.0212140715342
rebound_velocity_m_s=0.732883664352
physical_f0_hz=261.626
configured_f0_hz=261.626
f0_relative_error=0
integer_spatial_port_pass=1
strike_reset_position_error_m=0",,3792.007443945022,115,lhs_0082,0.006100557740126557,,,,,,,,,,0.9984116154260131,4.0379444573526095,,,space_filling,FAIL,0.0001762458584589905,705.6966393236987,0.9489373207893697
0.8520019401308493,,False,437.4532183162785,116,lhs_0083,0.005951990230164914,1.0,3.9639153198881933,9.08572363446578,6.870748299319724,7.369614512471659,0.03150993299720929,0.37230769230769184,-1.01889677046,0.5931372549019596,1.0817663836903795,4.198462362109456,11.836033130489074,7.055100316653103,space_filling,PASS,9.965505835277041e-06,688.5107364999274,1.0281616098998845
0.8949672816628389,"delay: 84.2806, f0: 261.626, z: 2.3808
status=FAIL
velocity_m_s=2.78602354431
hardness_N_per_mm_p=5069.06339329
p=3.77720990858
epsilon=0.894967281663
tau0_s=5.41122850922e-06
linear_density_kg_m=0.00668033658597
tension_N=772.763947018
force_log=""/var/folders/zh/nj8dx9w152qdp4y5nkg5xm540000gn/T/bbpiano-hammer-search-k323momz/force_95.txt""
positive_force_samples=97
contact_span_s=0.0021768707483
maximum_force_N=61.5513565763
force_impulse_Ns=0.0243503081067
initial_hammer_energy_J=0.0582144539211
maximum_mechanical_energy_J=0.0610792971855
maximum_mechanical_energy_ratio=1.04921188934
string_energy_at_release_J=0.0509346362863
string_energy_at_release_ratio=0.874948279259
final_hammer_energy_J=0.0101385057208
final_string_energy_J=0.0472454029697
rebound_velocity_m_s=1.16266967053
physical_f0_hz=261.626
configured_f0_hz=261.626
f0_relative_error=0
integer_spatial_port_pass=1
strike_reset_position_error_m=0",,5069.0633932899,117,lhs_0084,0.006680336585970553,,,,,,,,,,1.6997998140229544,3.777209908579171,,,space_filling,FAIL,5.411228509217893e-06,772.7639470178626,1.6155696272713709
0.9057060798684045,,False,1915.3642045277313,118,lhs_0085,0.0064249420945595125,1.0,2.4784535619238253,9.20135397021589,6.689342403628119,7.0975056689342395,0.028352785194945808,0.3578274760383386,-0.908504536228,0.5572139303482585,0.9816822254956418,3.497498666701963,8.632565547747387,4.744780809053051,space_filling,PASS,2.3208555878633447e-06,743.2205770559519,0.9330369223828533
0.86200818525139,"delay: 84.2806, f0: 261.626, z: 2.3808
status=FAIL
velocity_m_s=1.79736648749
hardness_N_per_mm_p=6591.39599403
p=3.71807986482
epsilon=0.862008185251
tau0_s=6.01458828926e-06
linear_density_kg_m=0.00684960149151
tension_N=792.344070686
force_log=""/var/folders/zh/nj8dx9w152qdp4y5nkg5xm540000gn/T/bbpiano-hammer-search-w7wrjdf_/force_95.txt""
positive_force_samples=111
contact_span_s=0.00249433106576
maximum_force_N=41.1535607266
force_impulse_Ns=0.0211486991747
initial_hammer_energy_J=0.0242289471778
maximum_mechanical_energy_J=0.026074963181
maximum_mechanical_energy_ratio=1.07619051665
string_energy_at_release_J=0.0249463156656
string_energy_at_release_ratio=1.02960791002
final_hammer_energy_J=0.00112589991977
final_string_energy_J=0.0231743492646
rebound_velocity_m_s=0.387453209178
physical_f0_hz=261.626
configured_f0_hz=261.626
f0_relative_error=0
integer_spatial_port_pass=1
strike_reset_position_error_m=0",,6591.395994029738,119,lhs_0086,0.006849601491514724,,,,,,,,,,1.0966035184479102,3.718079864815631,,,space_filling,FAIL,6.014588289257271e-06,792.3440706862744,1.042263520061451
0.9223892594954902,,True,10023.77305958318,120,lhs_0087,0.005917525104279154,1.0,2.1829536983287534,13.4707299511222,2.290249433106574,2.3809523809523787,0.00772329239002947,1.0,0.385408299912,inf,0.9104785038778392,3.7530062910590765,6.961803452982533,4.769950894508455,space_filling,PASS,1.665271996712999e-05,684.5239004518934,0.8653615590574787
0.9318716728846606,,True,462.0898676052232,121,lhs_0088,0.0064427242416188754,1.0,4.803308356968563,23.5340368379169,2.9478458049886633,3.0612244897959187,0.02355988752978737,1.0,0.137157824584,inf,1.725610519709468,3.3479717576440775,16.303738261137585,9.205146921671425,space_filling,PASS,3.580911631598004e-05,745.277569539969,1.640101334959279
0.9681737555792874,,True,1202.6003621296375,122,lhs_0089,0.006065122159725445,1.0,3.453582092023698,14.6536362926458,2.403628117913831,2.5396825396825387,0.01197986548093301,1.0,0.497602899081,inf,1.307336843617058,4.351201494385408,11.97228299213071,7.918260362179549,space_filling,PASS,8.198693324067526e-05,701.5975436234701,1.242554375954308
0.8955439217863469,,False,305.8177363928604,123,lhs_0090,0.006399552135288078,1.0,3.400550639810449,34.0761122053572,4.217687074829929,4.399092970521539,0.03952307666186315,1.0,-0.860499092443,inf,1.800129433347527,4.774818994065109,12.378296763094227,6.940786864855767,space_filling,PASS,0.00012676116052859863,740.2835326587547,1.710927612581922
0.9933873334705248,,False,728.4639143584105,124,lhs_0091,0.006447548892276573,1.0,3.638344030870515,20.2175381336351,0.9977324263038588,1.1791383219954685,0.004787752398495632,1.0,1.32613557736,inf,1.6606008858748387,4.267837302159936,8.239744500572375,5.558324420651966,space_filling,PASS,1.4009672835970796e-05,745.8356725692466,1.5783131237612267
0.8794647352102419,"delay: 84.2806, f0: 261.626, z: 2.3808
status=FAIL
velocity_m_s=1.41947860625
hardness_N_per_mm_p=3146.43630298
p=3.87772004584
epsilon=0.87946473521
tau0_s=9.70369380637e-05
linear_density_kg_m=0.00638210513678
tension_N=738.265309287
force_log=""/var/folders/zh/nj8dx9w152qdp4y5nkg5xm540000gn/T/bbpiano-hammer-search-3r796j4v/force_95.txt""
positive_force_samples=115
contact_span_s=0.00258503401361
maximum_force_N=31.6130824513
force_impulse_Ns=0.0162212362323
initial_hammer_energy_J=0.015111896352
maximum_mechanical_energy_J=0.0158198467442
maximum_mechanical_energy_ratio=1.04684722391
string_energy_at_release_J=0.0149612707728
string_energy_at_release_ratio=0.990032648739
final_hammer_energy_J=0.000857148716806
final_string_energy_J=0.0139025483602
rebound_velocity_m_s=0.338062857431
physical_f0_hz=261.626
configured_f0_hz=261.626
f0_relative_error=0
integer_spatial_port_pass=1
strike_reset_position_error_m=0",,3146.436302980011,125,lhs_0092,0.006382105136781901,,,,,,,,,,0.8660477675564213,3.877720045835069,,,space_filling,FAIL,9.703693806365378e-05,738.265309286962,0.8231324991846575
0.9770339843762778,"delay: 84.2806, f0: 261.626, z: 2.3808
status=FAIL
velocity_m_s=5.91881675324
hardness_N_per_mm_p=2817.72711365
p=4.0939227155
epsilon=0.977033984376
tau0_s=4.60477390466e-06
linear_density_kg_m=0.00699686212141
tension_N=809.378797026
force_log=""/var/folders/zh/nj8dx9w152qdp4y5nkg5xm540000gn/T/bbpiano-hammer-search-a89rjb_y/force_110.txt""
positive_force_samples=10
contact_span_s=0.000204081632653
maximum_force_N=60.0852569976
force_impulse_Ns=0.00435089564811
initial_hammer_energy_J=0.262742938189
maximum_mechanical_energy_J=0.262867074176
maximum_mechanical_energy_ratio=1.00047246174
string_energy_at_release_J=0.0252425056724
string_energy_at_release_ratio=0.096073012833
final_hammer_energy_J=0.2376217939
final_string_energy_J=0.0232078670533
rebound_velocity_m_s=5.62875704337
physical_f0_hz=261.626
configured_f0_hz=261.626
f0_relative_error=0
integer_spatial_port_pass=1
strike_reset_position_error_m=0",,2817.727113646957,126,lhs_0093,0.0069968621214103344,,,,,,,,,,1.8106760505386266,4.093922715503796,,,space_filling,FAIL,4.604773904658665e-06,809.3787970258808,1.7209516132106033
0.8779113730471393,"delay: 84.2806, f0: 261.626, z: 2.3808
status=FAIL
velocity_m_s=1.47201470066
hardness_N_per_mm_p=2214.12159271
p=3.989790527
epsilon=0.877911373047
tau0_s=3.48671618923e-05
linear_density_kg_m=0.00601910535991
tension_N=696.274440004
force_log=""/var/folders/zh/nj8dx9w152qdp4y5nkg5xm540000gn/T/bbpiano-hammer-search-n2mawa85/force_80.txt""
positive_force_samples=116
contact_span_s=0.00260770975057
maximum_force_N=35.2713644074
force_impulse_Ns=0.015939918894
initial_hammer_energy_J=0.0162512045922
maximum_mechanical_energy_J=0.0175233790624
maximum_mechanical_energy_ratio=1.07828185677
string_energy_at_release_J=0.0162649915506
string_energy_at_release_ratio=1.00084836532
final_hammer_energy_J=0.00125677679783
final_string_energy_J=0.0151136210049
rebound_velocity_m_s=0.409353441063
physical_f0_hz=261.626
configured_f0_hz=261.626
f0_relative_error=0
integer_spatial_port_pass=1
strike_reset_position_error_m=0",,2214.1215927079356,127,lhs_0094,0.006019105359906177,,,,,,,,,,1.4720147006615307,3.989790527004258,,,space_filling,FAIL,3.486716189227258e-05,696.2744400043877,1.3990719505124107
0.8687510185411309,"delay: 84.2806, f0: 261.626, z: 2.3808
status=FAIL
velocity_m_s=2.80735164432
hardness_N_per_mm_p=1045.35578528
p=4.94193371181
epsilon=0.868751018541
tau0_s=5.19607185497e-06
linear_density_kg_m=0.00614431170014
tension_N=710.757983524
force_log=""/var/folders/zh/nj8dx9w152qdp4y5nkg5xm540000gn/T/bbpiano-hammer-search-26nmjx3a/force_110.txt""
positive_force_samples=118
contact_span_s=0.00265306122449
maximum_force_N=49.1466326126
force_impulse_Ns=0.0326650114469
initial_hammer_energy_J=0.0591091744113
maximum_mechanical_energy_J=0.0604371347931
maximum_mechanical_energy_ratio=1.02246623126
string_energy_at_release_J=0.0574575395969
string_energy_at_release_ratio=0.972057894043
final_hammer_energy_J=0.00297376657514
final_string_energy_J=0.0534288180575
rebound_velocity_m_s=0.629684214522
physical_f0_hz=261.626
configured_f0_hz=261.626
f0_relative_error=0
integer_spatial_port_pass=1
strike_reset_position_error_m=0",,1045.355785284,128,lhs_0095,0.00614431170013605,,,,,,,,,,0.8588210447665672,4.941933711814643,,,space_filling,FAIL,5.196071854966422e-06,710.7579835238706,0.81626388221713
0.871778254645425,"delay: 84.2806, f0: 261.626, z: 2.3808
status=FAIL
velocity_m_s=2.21563529333
hardness_N_per_mm_p=1791.22036269
p=3.84883299975
epsilon=0.871778254645
tau0_s=2.72229371082e-05
linear_density_kg_m=0.00671064946234
tension_N=776.27046165
force_log=""/var/folders/zh/nj8dx9w152qdp4y5nkg5xm540000gn/T/bbpiano-hammer-search-v3ndpi16/force_95.txt""
positive_force_samples=104
contact_span_s=0.00233560090703
maximum_force_N=57.7949335221
force_impulse_Ns=0.0218068300164
initial_hammer_energy_J=0.0368177981477
maximum_mechanical_energy_J=0.0403352333547
maximum_mechanical_energy_ratio=1.09553627278
string_energy_at_release_J=0.0359779470373
string_energy_at_release_ratio=0.977188991394
final_hammer_energy_J=0.00435307710663
final_string_energy_J=0.0333951404543
rebound_velocity_m_s=0.761846625564
physical_f0_hz=261.626
configured_f0_hz=261.626
f0_relative_error=0
integer_spatial_port_pass=1
strike_reset_position_error_m=0",,1791.2203626856463,129,lhs_0096,0.006710649462341113,,,,,,,,,,1.3517963504732615,3.8488329997527426,,,space_filling,FAIL,2.722293710816623e-05,776.2704616504896,1.2848107806954934
0.8540463703816189,,False,706.8231956148536,130,lhs_0097,0.006656498012930837,1.0,2.9764414173206517,6.24381338066154,6.50793650793651,6.825396825396829,0.021983879957618996,0.39534883720930214,-0.697018122226,0.6538461538461534,0.7685971103314974,3.4423833584642547,11.384246585559994,7.481622648133318,space_filling,PASS,4.527527396636548e-05,770.0063629416154,0.730510814753708
0.9169554848799771,,False,873.4824193619017,131,lhs_0098,0.006391361651330795,1.0,1.1474355916780867,8.87042318250407,5.464852607709754,5.668934240362809,0.024719833040051948,0.724000000000001,-0.72278518826,2.623188405797114,0.9252431308946112,3.04410554117588,5.314980867306784,3.230512111282231,space_filling,PASS,0.0005919613648833554,739.3360787948119,0.8793945544546443
0.8895302018325139,"delay: 84.2806, f0: 261.626, z: 2.3808
status=FAIL
velocity_m_s=3.88792865297
hardness_N_per_mm_p=856.406847905
p=3.09869972167
epsilon=0.889530201833
tau0_s=8.6837478227e-06
linear_density_kg_m=0.00685566862432
tension_N=793.045900816
force_log=""/var/folders/zh/nj8dx9w152qdp4y5nkg5xm540000gn/T/bbpiano-hammer-search-edvp544r/force_110.txt""
positive_force_samples=103
contact_span_s=0.00231292517007
maximum_force_N=89.1690144589
force_impulse_Ns=0.0392137424511
initial_hammer_energy_J=0.113369919079
maximum_mechanical_energy_J=0.117590801586
maximum_mechanical_energy_ratio=1.03723106219
string_energy_at_release_J=0.105409947711
string_energy_at_release_ratio=0.929787624154
final_hammer_energy_J=0.0121669394475
final_string_energy_J=0.0978409294504
rebound_velocity_m_s=1.27367915623
physical_f0_hz=261.626
configured_f0_hz=261.626
f0_relative_error=0
integer_spatial_port_pass=1
strike_reset_position_error_m=0",,856.4068479051344,132,lhs_0099,0.006855668624320733,,,,,,,,,,1.1893896350599316,3.098699721671054,,,space_filling,FAIL,8.683747822702386e-06,793.0459008162261,1.1304518058785107
0.8724644696952873,,False,1065.6097452922534,133,lhs_0100,0.006612682233561451,1.0,5.159741564269828,13.6571306391279,5.442176870748295,5.646258503401359,0.03953689252608111,0.7108433734939757,-1.18144523118,2.4583333333333313,1.4543648275562504,3.205033710577432,9.141392218321217,6.520171612832696,space_filling,PASS,0.00016865007859263336,764.93786763881,1.382296681637308
0.9966006293676335,,True,1886.9467577471164,134,lhs_0101,0.006548569232990819,1.0,4.412185466475051,9.40042145793096,1.99546485260771,2.154195011337869,0.005092237211203708,1.0,0.504985687888,inf,0.85157386965762,3.8236513471749984,13.209551373383547,8.208366986191376,space_filling,PASS,4.8650051666971655e-05,757.5214426221172,0.8093758264043565
0.9522350504384222,"delay: 84.2806, f0: 261.626, z: 2.3808
status=FAIL
velocity_m_s=3.38109970562
hardness_N_per_mm_p=2406.20977398
p=3.7946586612
epsilon=0.952235050438
tau0_s=2.56820911795e-06
linear_density_kg_m=0.00692650724883
tension_N=801.240328503
force_log=""/var/folders/zh/nj8dx9w152qdp4y5nkg5xm540000gn/T/bbpiano-hammer-search-jag3k6up/force_110.txt""
positive_force_samples=107
contact_span_s=0.00240362811791
maximum_force_N=90.901687263
force_impulse_Ns=0.0367830575306
initial_hammer_energy_J=0.0857387641449
maximum_mechanical_energy_J=0.0953578401613
maximum_mechanical_energy_ratio=1.11219051397
string_energy_at_release_J=0.0888755150048
string_energy_at_release_ratio=1.0365849787
final_hammer_energy_J=0.00647135653316
final_string_energy_J=0.0825160637408
rebound_velocity_m_s=0.928895870243
physical_f0_hz=261.626
configured_f0_hz=261.626
f0_relative_error=0
integer_spatial_port_pass=1
strike_reset_position_error_m=0",,2406.209773975586,135,lhs_0102,0.006926507248831351,,,,,,,,,,1.0343412402633372,3.7946586611998994,,,space_filling,FAIL,2.5682091179527335e-06,801.240328503164,0.9830865247883132
0.9477014361550237,,True,363.5503164692983,136,lhs_0103,0.006629454666587175,1.0,5.048702180468875,19.7643119380855,2.879818594104308,3.0839002267573687,0.01778001314009132,1.0,0.180109860248,inf,1.3803832588839122,4.020997097405449,14.183377649331801,8.962023590546103,space_filling,PASS,3.1182429386362153e-05,766.8780590317514,1.3119811219232234
0.8978743220378415,,False,809.4037699294639,137,lhs_0104,0.0062156995534149535,1.0,3.0270562643026864,12.3215218919726,6.712018140589566,7.210884353741499,0.03881286515115376,0.3584905660377352,-1.25265677179,0.5588235294117632,1.3348702776042587,4.29783207090603,5.889903814231339,3.885757592804871,space_filling,PASS,2.2119275161405027e-06,719.015944565054,1.2687234455807634
0.9332890507547184,,False,2277.6853935877148,138,lhs_0105,0.006195775381490853,1.0,3.0594537148557808,13.855859742867,6.621315192743769,6.9841269841269895,0.044003874660939725,0.3571428571428571,-1.41969535849,0.5555555555555555,1.513904945820464,4.866354807539483,13.066988142873711,6.831899616964149,space_filling,PASS,3.319635450345024e-06,716.7111682204811,1.4388864081911372
0.924557475809088,,False,3679.5122809659097,139,lhs_0106,0.006864406819620755,1.0,2.9457443940443557,15.6137092162146,5.464852607709754,5.78231292517007,0.04484246359195552,0.4078431372549017,-1.40144096402,0.6887417218543039,1.5880792323673203,3.54305736926536,12.467025770518307,6.55261704729449,space_filling,PASS,4.939047927096551e-06,794.0567125025773,1.5093851360301591
0.9418452006798339,"delay: 84.2806, f0: 261.626, z: 2.3808
status=FAIL
velocity_m_s=1.49316068106
hardness_N_per_mm_p=3990.01014411
p=4.97069208613
epsilon=0.94184520068
tau0_s=5.51678752114e-06
linear_density_kg_m=0.00656984113248
tension_N=759.982120583
force_log=""/var/folders/zh/nj8dx9w152qdp4y5nkg5xm540000gn/T/bbpiano-hammer-search-hmdmjdr4/force_80.txt""
positive_force_samples=120
contact_span_s=0.00269841269841
maximum_force_N=41.069152077
force_impulse_Ns=0.0175224848297
initial_hammer_energy_J=0.016721466146
maximum_mechanical_energy_J=0.0187432168483
maximum_mechanical_energy_ratio=1.12090750205
string_energy_at_release_J=0.0179492172968
string_energy_at_release_ratio=1.07342365437
final_hammer_energy_J=0.000792163250701
final_string_energy_J=0.0166976921559
rebound_velocity_m_s=0.324995025747
physical_f0_hz=261.626
configured_f0_hz=261.626
f0_relative_error=0
integer_spatial_port_pass=1
strike_reset_position_error_m=0",,3990.0101441094057,140,lhs_0107,0.006569841132476076,,,,,,,,,,1.493160681062221,4.97069208613285,,,space_filling,FAIL,5.516787521136568e-06,759.9821205827632,1.4191700840646067
0.9033960519521851,"delay: 84.2806, f0: 261.626, z: 2.3808
status=FAIL
velocity_m_s=5.56157258313
hardness_N_per_mm_p=5347.09555472
p=3.24003728528
epsilon=0.903396051952
tau0_s=3.57517644633e-06
linear_density_kg_m=0.00673997913124
tension_N=779.663241402
force_log=""/var/folders/zh/nj8dx9w152qdp4y5nkg5xm540000gn/T/bbpiano-hammer-search-7j2f420g/force_110.txt""
positive_force_samples=11
contact_span_s=0.000226757369615
maximum_force_N=57.0120407019
force_impulse_Ns=0.00554432195201
initial_hammer_energy_J=0.23198317198
maximum_mechanical_energy_J=0.235246638118
maximum_mechanical_energy_ratio=1.01406768478
string_energy_at_release_J=0.0330659118379
string_energy_at_release_ratio=0.142535820834
final_hammer_energy_J=0.202172673217
final_string_energy_J=0.0304171666092
rebound_velocity_m_s=5.19195111966
physical_f0_hz=261.626
configured_f0_hz=261.626
f0_relative_error=2.17269762412e-16
integer_spatial_port_pass=1
strike_reset_position_error_m=0",,5347.095554721642,141,lhs_0108,0.0067399791312399435,,,,,,,,,,1.7013884192442916,3.240037285279713,,,space_filling,FAIL,3.575176446334437e-06,779.6632414021245,1.6170795123320374
0.9452900432656527,"delay: 84.2806, f0: 261.626, z: 2.3808
status=FAIL
velocity_m_s=1.23034666019
hardness_N_per_mm_p=7999.4164056
p=4.02443300168
epsilon=0.945290043266
tau0_s=0.000100622075743
linear_density_kg_m=0.00597269730183
tension_N=690.906076648
force_log=""/var/folders/zh/nj8dx9w152qdp4y5nkg5xm540000gn/T/bbpiano-hammer-search-top0p6b3/force_65.txt""
positive_force_samples=92
contact_span_s=0.00206349206349
maximum_force_N=32.5300645176
force_impulse_Ns=0.00829864015339
initial_hammer_energy_J=0.0113531467818
maximum_mechanical_energy_J=0.0132617571538
maximum_mechanical_energy_ratio=1.16811289492
string_energy_at_release_J=0.00982264476957
string_energy_at_release_ratio=0.865191383352
final_hammer_energy_J=0.0034385235315
final_string_energy_J=0.00910742768474
rebound_velocity_m_s=0.677103983299
physical_f0_hz=261.626
configured_f0_hz=261.626
f0_relative_error=2.17269762412e-16
integer_spatial_port_pass=1
strike_reset_position_error_m=0",,7999.41640559686,142,lhs_0109,0.0059726973018268004,,,,,,,,,,1.8082954641346787,4.024433001676745,,,space_filling,FAIL,0.00010062207574335853,690.9060766482406,1.7186889920139277
0.9513713639887724,,True,6634.455952056492,143,lhs_0110,0.006705688191870731,1.0,3.626151665643766,10.3221713392235,2.290249433106573,2.4036281179138284,0.00760955537502604,1.0,0.338398426267,inf,0.8535045579660085,4.1278187387766545,13.233996906535674,6.762455842430211,space_filling,PASS,4.97093769403829e-05,775.6965547969086,0.81121084330754
0.9385381890969543,"delay: 84.2806, f0: 261.626, z: 2.3808
status=FAIL
velocity_m_s=3.24718744013
hardness_N_per_mm_p=3475.02373707
p=4.54172959452
epsilon=0.938538189097
tau0_s=0.000763313460075
linear_density_kg_m=0.0061208306625
tension_N=708.041758212
force_log=""/var/folders/zh/nj8dx9w152qdp4y5nkg5xm540000gn/T/bbpiano-hammer-search-imcyyqlu/force_110.txt""
positive_force_samples=98
contact_span_s=0.00219954648526
maximum_force_N=57.8724172401
force_impulse_Ns=0.0282975417876
initial_hammer_energy_J=0.0790816970352
maximum_mechanical_energy_J=0.0821519393058
maximum_mechanical_energy_ratio=1.03882367711
string_energy_at_release_J=0.0682548950376
string_energy_at_release_ratio=0.863093453941
final_hammer_energy_J=0.0138859704632
final_string_energy_J=0.063336400862
rebound_velocity_m_s=1.36068465429
physical_f0_hz=261.626
configured_f0_hz=261.626
f0_relative_error=0
integer_spatial_port_pass=1
strike_reset_position_error_m=0",,3475.0237370708674,144,lhs_0111,0.006120830662497802,,,,,,,,,,0.9933749893905088,4.541729594518829,,,space_filling,FAIL,0.0007633134600753205,708.0417582121827,0.9441502747032622
0.9190827621104307,"delay: 84.2806, f0: 261.626, z: 2.3808
status=FAIL
velocity_m_s=4.068384087
hardness_N_per_mm_p=2952.02296437
p=3.9747602256
epsilon=0.91908276211
tau0_s=3.66352597149e-06
linear_density_kg_m=0.00634754036137
tension_N=734.266946041
force_log=""/var/folders/zh/nj8dx9w152qdp4y5nkg5xm540000gn/T/bbpiano-hammer-search-whekmkf3/force_110.txt""
positive_force_samples=95
contact_span_s=0.00213151927438
maximum_force_N=72.305827984
force_impulse_Ns=0.0324177182546
initial_hammer_energy_J=0.124138118095
maximum_mechanical_energy_J=0.125389080483
maximum_mechanical_energy_ratio=1.01007718182
string_energy_at_release_J=0.0980984038655
string_energy_at_release_ratio=0.790235951461
final_hammer_energy_J=0.0272806709057
final_string_energy_J=0.0909796834723
rebound_velocity_m_s=1.90720287002
physical_f0_hz=261.626
configured_f0_hz=261.626
f0_relative_error=0
integer_spatial_port_pass=1
strike_reset_position_error_m=0",,2952.022964370523,145,lhs_0112,0.006347540361371523,,,,,,,,,,1.24459430623286,3.974760225601568,,,space_filling,FAIL,3.6635259714933417e-06,734.2669460413128,1.1829209197675195
0.8803098159890982,"delay: 84.2806, f0: 261.626, z: 2.3808
status=FAIL
velocity_m_s=1.12524086924
hardness_N_per_mm_p=2144.11999174
p=3.45616804729
epsilon=0.880309815989
tau0_s=6.78151016457e-05
linear_density_kg_m=0.00624656890526
tension_N=722.586830832
force_log=""/var/folders/zh/nj8dx9w152qdp4y5nkg5xm540000gn/T/bbpiano-hammer-search-4ls99dgc/force_80.txt""
positive_force_samples=179
contact_span_s=0.00403628117914
maximum_force_N=18.2106816745
force_impulse_Ns=0.0223133785967
initial_hammer_energy_J=0.0094962526035
maximum_mechanical_energy_J=0.0095835751566
maximum_mechanical_energy_ratio=1.00919547497
string_energy_at_release_J=0.00859838863998
string_energy_at_release_ratio=0.905450707663
final_hammer_energy_J=0.000984555889071
final_string_energy_J=0.00803624590702
rebound_velocity_m_s=-0.362317703877
physical_f0_hz=261.626
configured_f0_hz=261.626
f0_relative_error=0
integer_spatial_port_pass=1
strike_reset_position_error_m=0",,2144.1199917407157,146,lhs_0113,0.006246568905259183,,,,,,,,,,1.1252408692362283,3.4561680472864205,,,space_filling,FAIL,6.781510164565203e-05,722.5868308319417,1.069481804095513
0.8526880555726071,"delay: 84.2806, f0: 261.626, z: 2.3808
status=FAIL
velocity_m_s=2.83821971306
hardness_N_per_mm_p=1092.95194671
p=4.14393009297
epsilon=0.852688055573
tau0_s=6.8208387539e-06
linear_density_kg_m=0.0061674447016
tension_N=713.433948917
force_log=""/var/folders/zh/nj8dx9w152qdp4y5nkg5xm540000gn/T/bbpiano-hammer-search-6my3gmnb/force_95.txt""
positive_force_samples=114
contact_span_s=0.00256235827664
maximum_force_N=55.051452697
force_impulse_Ns=0.0316987338923
initial_hammer_energy_J=0.060416183547
maximum_mechanical_energy_J=0.0628781801807
maximum_mechanical_energy_ratio=1.04075061497
string_energy_at_release_J=0.0589298773421
string_energy_at_release_ratio=0.975398872991
final_hammer_energy_J=0.00394186981399
final_string_energy_J=0.0547601691415
rebound_velocity_m_s=0.724970786905
physical_f0_hz=261.626
configured_f0_hz=261.626
f0_relative_error=0
integer_spatial_port_pass=1
strike_reset_position_error_m=0",,1092.9519467066948,147,lhs_0114,0.006167444701596964,,,,,,,,,,1.731645574302277,4.143930092965818,,,space_filling,FAIL,6.820838753902958e-06,713.4339489165199,1.6458373344685335
0.9904677734364906,"delay: 84.2806, f0: 261.626, z: 2.3808
status=FAIL
velocity_m_s=2.07641314487
hardness_N_per_mm_p=5684.67053449
p=3.91034781302
epsilon=0.990467773436
tau0_s=4.75603248094e-06
linear_density_kg_m=0.00668507309488
tension_N=773.311854039
force_log=""/var/folders/zh/nj8dx9w152qdp4y5nkg5xm540000gn/T/bbpiano-hammer-search-yt818_2g/force_95.txt""
positive_force_samples=30
contact_span_s=0.000657596371882
maximum_force_N=28.7220777402
force_impulse_Ns=0.00424679627117
initial_hammer_energy_J=0.0323361866113
maximum_mechanical_energy_J=0.032394948774
maximum_mechanical_energy_ratio=1.00181722611
string_energy_at_release_J=0.00827457059167
string_energy_at_release_ratio=0.255891973013
final_hammer_energy_J=0.0241192589625
final_string_energy_J=0.0076208993994
rebound_velocity_m_s=1.79329339345
physical_f0_hz=261.626
configured_f0_hz=261.626
f0_relative_error=0
integer_spatial_port_pass=1
strike_reset_position_error_m=0",,5684.670534492261,148,lhs_0115,0.006685073094878707,,,,,,,,,,1.2668545765447579,3.910347813019423,,,space_filling,FAIL,4.756032480935993e-06,773.3118540389904,1.2040781268186478
0.958263478500855,,True,5836.984918503878,149,lhs_0116,0.00638775887641495,1.0,4.989368714982195,28.7897521762578,2.4489795918367343,2.5396825396825387,0.01632547775900115,1.0,0.410407242596,inf,1.5205505010995881,3.223994532430505,11.48122061195704,7.799897243182524,space_filling,PASS,3.782430221364253e-06,738.9193191707485,1.4452026562438394
0.9796937344553449,"delay: 84.2806, f0: 261.626, z: 2.3808
status=FAIL
velocity_m_s=4.53882434449
hardness_N_per_mm_p=9864.15826277
p=3.28768335158
epsilon=0.979693734455
tau0_s=2.04128519291e-06
linear_density_kg_m=0.00618296295749
tension_N=715.229060363
force_log=""/var/folders/zh/nj8dx9w152qdp4y5nkg5xm540000gn/T/bbpiano-hammer-search-qli4zq8v/force_110.txt""
positive_force_samples=13
contact_span_s=0.000272108843537
maximum_force_N=52.1716044782
force_impulse_Ns=0.00461189090014
initial_hammer_energy_J=0.154506948226
maximum_mechanical_energy_J=0.157413997833
maximum_mechanical_energy_ratio=1.0188150089
string_energy_at_release_J=0.023125575542
string_energy_at_release_ratio=0.149673369434
final_hammer_energy_J=0.134283370124
final_string_energy_J=0.021275177652
rebound_velocity_m_s=4.23136495115
physical_f0_hz=261.626
configured_f0_hz=261.626
f0_relative_error=0
integer_spatial_port_pass=1
strike_reset_position_error_m=0",,9864.15826277403,150,lhs_0117,0.0061829629574901785,,,,,,,,,,1.3885107244911723,3.287683351575073,,,space_filling,FAIL,2.0412851929085097e-06,715.2290603634577,1.3197058471958458
0.9756573551664407,"delay: 84.2806, f0: 261.626, z: 2.3808
status=FAIL
velocity_m_s=2.35140799512
hardness_N_per_mm_p=7573.52960528
p=3.80833279287
epsilon=0.975657355166
tau0_s=3.0503050465e-05
linear_density_kg_m=0.00630500996295
tension_N=729.347140261
force_log=""/var/folders/zh/nj8dx9w152qdp4y5nkg5xm540000gn/T/bbpiano-hammer-search-wde9dd73/force_95.txt""
positive_force_samples=17
contact_span_s=0.000362811791383
maximum_force_N=31.3910968367
force_impulse_Ns=0.00307339572186
initial_hammer_energy_J=0.0414683966965
maximum_mechanical_energy_J=0.0426562445751
maximum_mechanical_energy_ratio=1.02864465408
string_energy_at_release_J=0.00809838036478
string_energy_at_release_ratio=0.195290414145
final_hammer_energy_J=0.0345564481327
final_string_energy_J=0.00745342570967
rebound_velocity_m_s=2.146514947
physical_f0_hz=261.626
configured_f0_hz=261.626
f0_relative_error=2.17269762412e-16
integer_spatial_port_pass=1
strike_reset_position_error_m=0",,7573.529605276498,151,lhs_0118,0.006305009962954988,,,,,,,,,,1.4346335589882167,3.8083327928693578,,,space_filling,FAIL,3.050305046499218e-05,729.347140261223,1.3635431566968592
0.8831925047029798,"delay: 84.2806, f0: 261.626, z: 2.3808
status=FAIL
velocity_m_s=5.08179760604
hardness_N_per_mm_p=4347.51826061
p=4.25638618707
epsilon=0.883192504703
tau0_s=1.76667246929e-05
linear_density_kg_m=0.00614814319488
tension_N=711.201200862
force_log=""/var/folders/zh/nj8dx9w152qdp4y5nkg5xm540000gn/T/bbpiano-hammer-search-9fnnqr60/force_110.txt""
positive_force_samples=11
contact_span_s=0.000226757369615
maximum_force_N=79.937050985
force_impulse_Ns=0.00496971043136
initial_hammer_energy_J=0.193685001816
maximum_mechanical_energy_J=0.207742312045
maximum_mechanical_energy_ratio=1.07257820739
string_energy_at_release_J=0.0384831490455
string_energy_at_release_ratio=0.198689359965
final_hammer_energy_J=0.169253206636
final_string_energy_J=0.0353898374365
rebound_velocity_m_s=4.75048357729
physical_f0_hz=261.626
configured_f0_hz=261.626
f0_relative_error=0
integer_spatial_port_pass=1
strike_reset_position_error_m=0",,4347.518260610467,152,lhs_0119,0.006148143194876159,,,,,,,,,,1.5546163367712194,4.256386187069258,,,space_filling,FAIL,1.766672469294693e-05,711.2012008618357,1.4775804274288182
0.9741141901454002,"delay: 84.2806, f0: 261.626, z: 2.3808
status=FAIL
velocity_m_s=1.87324624736
hardness_N_per_mm_p=8851.41684114
p=3.59612365353
epsilon=0.974114190145
tau0_s=0.000608522204407
linear_density_kg_m=0.00608771549969
tension_N=704.211082379
force_log=""/var/folders/zh/nj8dx9w152qdp4y5nkg5xm540000gn/T/bbpiano-hammer-search-424om4w6/force_80.txt""
positive_force_samples=94
contact_span_s=0.00210884353741
maximum_force_N=32.0061238784
force_impulse_Ns=0.0148234141939
initial_hammer_energy_J=0.0263178862744
maximum_mechanical_energy_J=0.0270065125275
maximum_mechanical_energy_ratio=1.02616571277
string_energy_at_release_J=0.0211286613136
string_energy_at_release_ratio=0.80282516207
final_hammer_energy_J=0.00587443487474
final_string_energy_J=0.0195948068613
rebound_velocity_m_s=0.885018634436
physical_f0_hz=261.626
configured_f0_hz=261.626
f0_relative_error=0
integer_spatial_port_pass=1
strike_reset_position_error_m=0",,8851.416841137689,153,lhs_0120,0.006087715499689615,,,,,,,,,,1.8732462473603562,3.596123653526349,,,space_filling,FAIL,0.0006085222044073779,704.2110823789416,1.780421268827481
0.8924137627840704,,False,329.48383069864633,154,lhs_0121,0.006159682287571363,1.0,3.9229735459165944,13.0346780035746,6.68934240362812,6.9841269841269895,0.04574278731064556,0.3766233766233769,-1.46650648838,0.6041666666666675,1.5830547155702595,3.6746165937613817,13.328022504601751,7.774524322686235,space_filling,PASS,1.697068458132356e-05,712.5360130679867,1.5046095991333557
0.9722236928704303,"delay: 84.2806, f0: 261.626, z: 2.3808
status=FAIL
velocity_m_s=1.68351620732
hardness_N_per_mm_p=1310.72168345
p=3.38478446089
epsilon=0.97222369287
tau0_s=8.80394533107e-05
linear_density_kg_m=0.00623381337872
tension_N=721.111304725
force_log=""/var/folders/zh/nj8dx9w152qdp4y5nkg5xm540000gn/T/bbpiano-hammer-search-4az10mcj/force_80.txt""
positive_force_samples=100
contact_span_s=0.00224489795918
maximum_force_N=42.3347085238
force_impulse_Ns=0.0139870409083
initial_hammer_energy_J=0.0212567011524
maximum_mechanical_energy_J=0.0231449674325
maximum_mechanical_energy_ratio=1.08883157676
string_energy_at_release_J=0.0189121744968
string_energy_at_release_ratio=0.889704115479
final_hammer_energy_J=0.00423053486981
final_string_energy_J=0.017548515935
rebound_velocity_m_s=0.751046813437
physical_f0_hz=261.626
configured_f0_hz=261.626
f0_relative_error=0
integer_spatial_port_pass=1
strike_reset_position_error_m=0",,1310.721683451447,155,lhs_0122,0.006233813378719891,,,,,,,,,,1.6835162073234742,3.3847844608904123,,,space_filling,FAIL,8.803945331067627e-05,721.1113047251442,1.6000929221975828
0.9894600727154439,,True,652.2037396997459,156,lhs_0123,0.006487041931227442,1.0,3.3911976284539787,27.5938555640924,2.8117913832199513,2.947845804988659,0.01729126630709713,1.0,0.18663525275,inf,1.3602447520984886,3.6479288044184806,13.435345142163216,7.887820875908121,space_filling,PASS,0.00011390999259271013,750.4041245127455,1.2928405386423445
0.9625388859986835,"delay: 84.2806, f0: 261.626, z: 2.3808
status=FAIL
velocity_m_s=3.73995701178
hardness_N_per_mm_p=5482.70562002
p=4.87531243155
epsilon=0.962538885999
tau0_s=1.27736442133e-05
linear_density_kg_m=0.0060762483948
tension_N=702.884597534
force_log=""/var/folders/zh/nj8dx9w152qdp4y5nkg5xm540000gn/T/bbpiano-hammer-search-0duee854/force_110.txt""
positive_force_samples=11
contact_span_s=0.000226757369615
maximum_force_N=41.9997821537
force_impulse_Ns=0.00270939110613
initial_hammer_energy_J=0.104904588375
maximum_mechanical_energy_J=0.106875135316
maximum_mechanical_energy_ratio=1.01878418257
string_energy_at_release_J=0.0118571732491
string_energy_at_release_ratio=0.113028166191
final_hammer_energy_J=0.0950162754488
final_string_energy_J=0.010901960402
rebound_velocity_m_s=3.55933093804
physical_f0_hz=261.626
configured_f0_hz=261.626
f0_relative_error=0
integer_spatial_port_pass=1
strike_reset_position_error_m=0",,5482.705620021898,157,lhs_0124,0.0060762483947975855,,,,,,,,,,1.1441223598567156,4.875312431553603,,,space_filling,FAIL,1.2773644213254313e-05,702.884597534474,1.0874276601383333
0.9656448807529086,"delay: 84.2806, f0: 261.626, z: 2.3808
status=FAIL
velocity_m_s=1.09295266473
hardness_N_per_mm_p=6145.84520289
p=3.0706772042
epsilon=0.965644880753
tau0_s=0.000685538510788
linear_density_kg_m=0.00681427002088
tension_N=788.257018133
force_log=""/var/folders/zh/nj8dx9w152qdp4y5nkg5xm540000gn/T/bbpiano-hammer-search-75259aaj/force_65.txt""
positive_force_samples=189
contact_span_s=0.00426303854875
maximum_force_N=20.5329545244
force_impulse_Ns=0.0260984015235
initial_hammer_energy_J=0.00895909145504
maximum_mechanical_energy_J=0.00906279415748
maximum_mechanical_energy_ratio=1.01157513605
string_energy_at_release_J=0.00592321606259
string_energy_at_release_ratio=0.661140260964
final_hammer_energy_J=0.00313899270082
final_string_energy_J=0.00554183336055
rebound_velocity_m_s=-0.646940770171
physical_f0_hz=261.626
configured_f0_hz=261.626
f0_relative_error=0
integer_spatial_port_pass=1
strike_reset_position_error_m=0",,6145.845202892961,158,lhs_0125,0.006814270020881468,,,,,,,,,,1.6063613695962808,3.070677204198604,,,space_filling,FAIL,0.000685538510788057,788.2570181329885,1.5267613384423786
0.953292547092218,,False,2612.660915831179,159,lhs_0126,0.006955457733862661,1.0,2.7059204733418127,15.156411315833,5.532879818594105,5.82766439909297,0.04520668714329176,0.4163424124513611,-1.4186998129,0.7133333333333312,1.5951077891486773,3.0630795615088933,11.31058961812952,6.881814288404762,space_filling,PASS,4.275235351700499e-06,804.5892452520387,1.5160654067101744
0.8915722677165829,"delay: 84.2806, f0: 261.626, z: 2.3808
status=FAIL
velocity_m_s=4.72732140231
hardness_N_per_mm_p=1682.63948193
p=3.53205711815
epsilon=0.891572267717
tau0_s=0.000296879180373
linear_density_kg_m=0.00634209039327
tension_N=733.636507918
force_log=""/var/folders/zh/nj8dx9w152qdp4y5nkg5xm540000gn/T/bbpiano-hammer-search-_59c92dr/force_110.txt""
positive_force_samples=89
contact_span_s=0.00199546485261
maximum_force_N=82.8691926252
force_impulse_Ns=0.0339831422239
initial_hammer_energy_J=0.167606757306
maximum_mechanical_energy_J=0.172717107864
maximum_mechanical_energy_ratio=1.03049012247
string_energy_at_release_J=0.127254656481
string_energy_at_release_ratio=0.759245382025
final_hammer_energy_J=0.0454526535998
final_string_energy_J=0.117962605804
rebound_velocity_m_s=2.46177858739
physical_f0_hz=261.626
configured_f0_hz=261.626
f0_relative_error=0
integer_spatial_port_pass=1
strike_reset_position_error_m=0",,1682.6394819289983,160,lhs_0127,0.006342090393272937,,,,,,,,,,1.446175477839728,3.5320571181469766,,,space_filling,FAIL,0.0002968791803727468,733.6365079182054,1.3745131387989284
0.94303565703698,,False,371.0704685598974,161,lhs_0128,0.0069070176265452095,1.0,4.596024975919431,11.8511040980225,3.673469387755098,3.8775510204081587,0.021137380521793543,1.0,-0.237130607239,inf,1.1809859619663106,3.9633092633474876,8.813032030126138,6.55105546501845,space_filling,PASS,2.8955741846599317e-05,798.9858197295559,1.1224645600301661
0.9213010627328566,"delay: 84.2806, f0: 261.626, z: 2.3808
status=FAIL
velocity_m_s=0.9190285254
hardness_N_per_mm_p=10952.6602552
p=4.6333936159
epsilon=0.921301062733
tau0_s=6.91537247159e-05
linear_density_kg_m=0.00641222200051
tension_N=741.749149687
force_log=""/var/folders/zh/nj8dx9w152qdp4y5nkg5xm540000gn/T/bbpiano-hammer-search-6o_4w2fb/force_50.txt""
positive_force_samples=113
contact_span_s=0.00253968253968
maximum_force_N=20.7688921143
force_impulse_Ns=0.00953607203947
initial_hammer_energy_J=0.00633460072875
maximum_mechanical_energy_J=0.0065338055246
maximum_mechanical_energy_ratio=1.03144709578
string_energy_at_release_J=0.00593126303149
string_energy_at_release_ratio=0.936327842191
final_hammer_energy_J=0.0006019008356
final_string_energy_J=0.00551051333455
rebound_velocity_m_s=0.283290389436
physical_f0_hz=261.626
configured_f0_hz=261.626
f0_relative_error=0
integer_spatial_port_pass=1
strike_reset_position_error_m=0",,10952.660255238987,162,lhs_0129,0.006412222000506214,,,,,,,,,,1.851950085729172,4.6333936159028095,,,space_filling,FAIL,6.915372471592026e-05,741.7491496869017,1.7601803959758862
0.8673304981589692,,False,1316.7115128234004,163,lhs_0130,0.006296636655222722,1.0,2.4713009080113313,6.41360116583638,6.4172335600907076,6.689342403628118,0.021898052715124683,0.6440677966101698,-0.685497258065,1.8095238095238118,0.774418868424712,4.585463631838823,9.983459575959241,6.928857365357729,space_filling,PASS,0.00019645299520772445,728.3785378188894,0.7360440872456369
0.8712246276642199,"delay: 84.2806, f0: 261.626, z: 2.3808
status=FAIL
velocity_m_s=4.89984201051
hardness_N_per_mm_p=395.629872941
p=4.28520447696
epsilon=0.871224627664
tau0_s=7.16649178407e-06
linear_density_kg_m=0.00641525227774
tension_N=742.09968427
force_log=""/var/folders/zh/nj8dx9w152qdp4y5nkg5xm540000gn/T/bbpiano-hammer-search-107a4f9e/force_110.txt""
positive_force_samples=103
contact_span_s=0.00231292517007
maximum_force_N=163.099880962
force_impulse_Ns=0.0474027729818
initial_hammer_energy_J=0.18006338796
maximum_mechanical_energy_J=0.23262851452
maximum_mechanical_energy_ratio=1.29192567771
string_energy_at_release_J=0.209907514767
string_energy_at_release_ratio=1.16574233744
final_hammer_energy_J=0.0226980523676
final_string_energy_J=0.194765149482
rebound_velocity_m_s=1.73965714506
physical_f0_hz=261.626
configured_f0_hz=261.626
f0_relative_error=2.17269762412e-16
integer_spatial_port_pass=1
strike_reset_position_error_m=0",,395.6298729405185,164,lhs_0131,0.006415252277741918,,,,,,,,,,1.4989527383134738,4.285204476963175,,,space_filling,FAIL,7.166491784068095e-06,742.099684269566,1.4246751274805098
0.9133594571090939,"delay: 84.2806, f0: 261.626, z: 2.3808
status=FAIL
velocity_m_s=2.99859767317
hardness_N_per_mm_p=1593.54476038
p=4.11128152262
epsilon=0.913359457109
tau0_s=0.00033526970341
linear_density_kg_m=0.00602825412391
tension_N=697.33274521
force_log=""/var/folders/zh/nj8dx9w152qdp4y5nkg5xm540000gn/T/bbpiano-hammer-search-953v238t/force_110.txt""
positive_force_samples=97
contact_span_s=0.0021768707483
maximum_force_N=52.8174805868
force_impulse_Ns=0.0245266771528
initial_hammer_energy_J=0.0674369100416
maximum_mechanical_energy_J=0.0691147551468
maximum_mechanical_energy_ratio=1.02488021922
string_energy_at_release_J=0.0551620949468
string_energy_at_release_ratio=0.81798076028
final_hammer_energy_J=0.0139432027392
final_string_energy_J=0.0511777527896
rebound_velocity_m_s=1.36348586298
physical_f0_hz=261.626
configured_f0_hz=261.626
f0_relative_error=0
integer_spatial_port_pass=1
strike_reset_position_error_m=0",,1593.5447603786042,165,lhs_0132,0.006028254123912166,,,,,,,,,,0.9173267594467891,4.111281522618016,,,space_filling,FAIL,0.0003352697034095721,697.3327452099144,0.8718704629917616
0.8580253979715218,"delay: 84.2806, f0: 261.626, z: 2.3808
status=FAIL
velocity_m_s=4.12902993552
hardness_N_per_mm_p=712.390982524
p=4.7788571275
epsilon=0.858025397972
tau0_s=0.000504413453143
linear_density_kg_m=0.00678764562116
tension_N=785.177176878
force_log=""/var/folders/zh/nj8dx9w152qdp4y5nkg5xm540000gn/T/bbpiano-hammer-search-h7ewm_vh/force_110.txt""
positive_force_samples=102
contact_span_s=0.00229024943311
maximum_force_N=85.120815025
force_impulse_Ns=0.0415460109172
initial_hammer_energy_J=0.127866661563
maximum_mechanical_energy_J=0.135427761498
maximum_mechanical_energy_ratio=1.05913269215
string_energy_at_release_J=0.121553986224
string_energy_at_release_ratio=0.950630795693
final_hammer_energy_J=0.0138576395557
final_string_energy_J=0.112838858794
rebound_velocity_m_s=1.35929587438
physical_f0_hz=261.626
configured_f0_hz=261.626
f0_relative_error=0
integer_spatial_port_pass=1
strike_reset_position_error_m=0",,712.390982524326,166,lhs_0133,0.006787645621161621,,,,,,,,,,1.263146998444109,4.778857127497513,,,space_filling,FAIL,0.0005044134531425141,785.1771768780286,1.200554270349945
0.8555606673160415,,False,2008.1154277825924,167,lhs_0134,0.006639812003782628,1.0,0.9876301274216062,8.95375575416923,5.351473922902493,5.600907029478459,0.024221610101144146,0.7368421052631581,-0.720830424538,2.8000000000000034,0.8939546944122709,3.8349145174849593,5.477159536072333,3.732397840653965,space_filling,PASS,0.0007459200224553044,768.0761688378593,0.8496565539861987
0.9849606073711299,"delay: 84.2806, f0: 261.626, z: 2.3808
status=FAIL
velocity_m_s=1.77174357143
hardness_N_per_mm_p=7661.43633227
p=3.73346349019
epsilon=0.984960607371
tau0_s=1.45813775503e-05
linear_density_kg_m=0.00605841270966
tension_N=700.821411905
force_log=""/var/folders/zh/nj8dx9w152qdp4y5nkg5xm540000gn/T/bbpiano-hammer-search-i9k1oa3k/force_80.txt""
positive_force_samples=20
contact_span_s=0.000430839002268
maximum_force_N=19.7568961513
force_impulse_Ns=0.00226092761045
initial_hammer_energy_J=0.0235430646218
maximum_mechanical_energy_J=0.0235478199516
maximum_mechanical_energy_ratio=1.00020198432
string_energy_at_release_J=0.00383944934474
string_energy_at_release_ratio=0.163081969422
final_hammer_energy_J=0.0197076737845
final_string_energy_J=0.00353431614649
rebound_velocity_m_s=1.62101506407
physical_f0_hz=261.626
configured_f0_hz=261.626
f0_relative_error=0
integer_spatial_port_pass=1
strike_reset_position_error_m=0",,7661.43633226507,168,lhs_0135,0.006058412709657368,,,,,,,,,,1.7717435714296157,3.7334634901870576,,,space_filling,FAIL,1.4581377550271755e-05,700.821411904626,1.6839483553892998
0.9650378634516619,"delay: 84.2806, f0: 261.626, z: 2.3808
status=FAIL
velocity_m_s=1.59713199097
hardness_N_per_mm_p=1637.48529219
p=3.30892025593
epsilon=0.965037863452
tau0_s=7.99143399055e-05
linear_density_kg_m=0.00692896542715
tension_N=801.524684172
force_log=""/var/folders/zh/nj8dx9w152qdp4y5nkg5xm540000gn/T/bbpiano-hammer-search-kybw3hgr/force_95.txt""
positive_force_samples=102
contact_span_s=0.00229024943311
maximum_force_N=47.012212018
force_impulse_Ns=0.0151397116824
initial_hammer_energy_J=0.0191312294744
maximum_mechanical_energy_J=0.0216753690264
maximum_mechanical_energy_ratio=1.13298358872
string_energy_at_release_J=0.0190817989294
string_energy_at_release_ratio=0.997416237936
final_hammer_energy_J=0.00259147393989
final_string_energy_J=0.0177080627398
rebound_velocity_m_s=0.587817878813
physical_f0_hz=261.626
configured_f0_hz=261.626
f0_relative_error=0
integer_spatial_port_pass=1
strike_reset_position_error_m=0",,1637.4852921879078,169,lhs_0136,0.006928965427146985,,,,,,,,,,0.9744370849859189,3.30892025592647,,,space_filling,FAIL,7.991433990546175e-05,801.5246841719567,0.9261508003488008
0.9633779768009743,,True,4211.650431920383,170,lhs_0137,0.005990465015193063,1.0,3.318724173601015,21.2793894629872,2.199546485260766,2.244897959183669,0.01180630534522331,1.0,0.612086077711,inf,1.4152849222905162,3.3720308688958616,10.137444562186042,7.541215860381005,space_filling,PASS,0.00018677982485038573,692.9613994802114,1.3451533030681948
0.9466527915993288,"delay: 84.2806, f0: 261.626, z: 2.3808
status=FAIL
velocity_m_s=2.84115387307
hardness_N_per_mm_p=3053.4723611
p=3.17824516614
epsilon=0.946652791599
tau0_s=1.90388115672e-05
linear_density_kg_m=0.00659794531646
tension_N=763.233139429
force_log=""/var/folders/zh/nj8dx9w152qdp4y5nkg5xm540000gn/T/bbpiano-hammer-search-c01zx28w/force_95.txt""
positive_force_samples=20
contact_span_s=0.000430839002268
maximum_force_N=37.5543874137
force_impulse_Ns=0.00459581651619
initial_hammer_energy_J=0.0605411649786
maximum_mechanical_energy_J=0.0616668238314
maximum_mechanical_energy_ratio=1.01859328034
string_energy_at_release_J=0.013476759361
string_energy_at_release_ratio=0.222604889842
final_hammer_energy_J=0.0481877940653
final_string_energy_J=0.0124082423604
rebound_velocity_m_s=2.53476610533
physical_f0_hz=261.626
configured_f0_hz=261.626
f0_relative_error=0
integer_spatial_port_pass=1
strike_reset_position_error_m=0",,3053.4723610995684,171,lhs_0138,0.0065979453164582615,,,,,,,,,,1.7334357546669357,3.178245166138099,,,space_filling,FAIL,1.9038811567183373e-05,763.2331394292386,1.647538806018666
0.9672891838013054,"delay: 84.2806, f0: 261.626, z: 2.3808
status=FAIL
velocity_m_s=0.977969604539
hardness_N_per_mm_p=11654.0988263
p=3.27389044361
epsilon=0.967289183801
tau0_s=0.000344255375537
linear_density_kg_m=0.00654501497784
tension_N=757.110295638
force_log=""/var/folders/zh/nj8dx9w152qdp4y5nkg5xm540000gn/T/bbpiano-hammer-search-fpjhs5qz/force_65.txt""
positive_force_samples=109
contact_span_s=0.00244897959184
maximum_force_N=22.3293402383
force_impulse_Ns=0.0110120339535
initial_hammer_energy_J=0.00717318410551
maximum_mechanical_energy_J=0.00776775073477
maximum_mechanical_energy_ratio=1.08288740684
string_energy_at_release_J=0.00732112746399
string_energy_at_release_ratio=1.02062450319
final_hammer_energy_J=0.000445912674618
final_string_energy_J=0.00680068345035
rebound_velocity_m_s=0.243834007641
physical_f0_hz=261.626
configured_f0_hz=261.626
f0_relative_error=0
integer_spatial_port_pass=1
strike_reset_position_error_m=0",,11654.098826323881,172,lhs_0139,0.006545014977837307,,,,,,,,,,1.4373656280528895,3.2738904436096536,,,space_filling,FAIL,0.0003442553755373969,757.1102956378612,1.3661398435326146
0.9090114907758298,"delay: 84.2806, f0: 261.626, z: 2.3808
status=FAIL
velocity_m_s=1.48874988809
hardness_N_per_mm_p=4772.34529056
p=3.70058218001
epsilon=0.909011490776
tau0_s=0.000268343614975
linear_density_kg_m=0.00630274441895
tension_N=729.085068029
force_log=""/var/folders/zh/nj8dx9w152qdp4y5nkg5xm540000gn/T/bbpiano-hammer-search-qkcm9uhv/force_80.txt""
positive_force_samples=112
contact_span_s=0.00251700680272
maximum_force_N=28.1521827186
force_impulse_Ns=0.0167486339277
initial_hammer_energy_J=0.0166228217196
maximum_mechanical_energy_J=0.0170149316766
maximum_mechanical_energy_ratio=1.02358865201
string_energy_at_release_J=0.0159744921013
string_energy_at_release_ratio=0.960997619464
final_hammer_energy_J=0.00103885278223
final_string_energy_J=0.0148445229387
rebound_velocity_m_s=0.372174292903
physical_f0_hz=261.626
configured_f0_hz=261.626
f0_relative_error=0
integer_spatial_port_pass=1
strike_reset_position_error_m=0",,4772.345290562439,173,lhs_0140,0.00630274441895416,,,,,,,,,,1.4887498880855097,3.7005821800072436,,,space_filling,FAIL,0.00026834361497464303,729.0850680285305,1.4149778591293116
0.9565589697079405,,True,4576.339228770646,174,lhs_0141,0.0060479262933531555,1.0,3.6381360239273643,7.73336154702636,1.4739229024943348,1.5419501133786886,0.006402187354059595,1.0,0.968192382904,inf,1.4008539410827185,3.659649002815876,11.12583566703212,6.254861317188818,space_filling,PASS,7.045456076092501e-06,699.608370563216,1.3314374203279422
0.9879448045072208,,True,763.8983735547632,175,lhs_0142,0.006638494187850617,1.0,2.072653082428858,10.7282143873712,2.7664399092970497,2.925170068027209,0.010787946524874348,1.0,0.220797787255,inf,0.94810349077645,3.757387685989595,9.54355343321341,5.207310750423927,space_filling,PASS,6.211253099448883e-05,767.9237273211844,0.9011221148349355
0.9804239827404684,"delay: 84.2806, f0: 261.626, z: 2.3808
status=FAIL
velocity_m_s=1.30326347734
hardness_N_per_mm_p=9686.39241846
p=3.6942556078
epsilon=0.98042398274
tau0_s=2.10989674973e-06
linear_density_kg_m=0.00668937663959
tension_N=773.809676889
force_log=""/var/folders/zh/nj8dx9w152qdp4y5nkg5xm540000gn/T/bbpiano-hammer-search-7mhh8ho3/force_95.txt""
positive_force_samples=126
contact_span_s=0.00283446712018
maximum_force_N=28.0723005898
force_impulse_Ns=0.0171134615983
initial_hammer_energy_J=0.0127387176852
maximum_mechanical_energy_J=0.0127493971079
maximum_mechanical_energy_ratio=1.00083834362
string_energy_at_release_J=0.0125504785589
string_energy_at_release_ratio=0.98522307104
final_hammer_energy_J=0.000197720475878
final_string_energy_J=0.0116822491399
rebound_velocity_m_s=0.162366037449
physical_f0_hz=261.626
configured_f0_hz=261.626
f0_relative_error=0
integer_spatial_port_pass=1
strike_reset_position_error_m=0",,9686.392418457064,176,lhs_0143,0.0066893766395890635,,,,,,,,,,0.795142963138394,3.6942556077966895,,,space_filling,FAIL,2.109896749727089e-06,773.8096768887443,0.7557412408139027
0.9742202984446935,"delay: 84.2806, f0: 261.626, z: 2.3808
status=FAIL
velocity_m_s=1.84016133377
hardness_N_per_mm_p=8800.33016996
p=4.83745330284
epsilon=0.974220298445
tau0_s=0.000457057594733
linear_density_kg_m=0.00627192663914
tension_N=725.52014748
force_log=""/var/folders/zh/nj8dx9w152qdp4y5nkg5xm540000gn/T/bbpiano-hammer-search-9od1cqz8/force_80.txt""
positive_force_samples=100
contact_span_s=0.00224489795918
maximum_force_N=43.4834575445
force_impulse_Ns=0.0164508804199
initial_hammer_energy_J=0.0253964530071
maximum_mechanical_energy_J=0.0281960487743
maximum_mechanical_energy_ratio=1.1102356997
string_energy_at_release_J=0.0240474246727
string_energy_at_release_ratio=0.94688123046
final_hammer_energy_J=0.00414522783841
final_string_energy_J=0.0223148282989
rebound_velocity_m_s=0.743435972442
physical_f0_hz=261.626
configured_f0_hz=261.626
f0_relative_error=0
integer_spatial_port_pass=1
strike_reset_position_error_m=0",,8800.33016995903,177,lhs_0144,0.006271926639140587,,,,,,,,,,1.8401613337656098,4.837453302838245,,,space_filling,FAIL,0.00045705759473298023,725.5201474799046,1.7489758120839212
0.8819357872827456,"delay: 84.2806, f0: 261.626, z: 2.3808
status=FAIL
velocity_m_s=2.67733647774
hardness_N_per_mm_p=2679.35654091
p=3.72697695207
epsilon=0.881935787283
tau0_s=0.000433156998446
linear_density_kg_m=0.00627633543535
tension_N=726.030145549
force_log=""/var/folders/zh/nj8dx9w152qdp4y5nkg5xm540000gn/T/bbpiano-hammer-search-6huo4i4m/force_110.txt""
positive_force_samples=100
contact_span_s=0.00224489795918
maximum_force_N=48.9403635613
force_impulse_Ns=0.0248181945136
initial_hammer_energy_J=0.0537609796127
maximum_mechanical_energy_J=0.055649450781
maximum_mechanical_energy_ratio=1.03512717182
string_energy_at_release_J=0.0477968922607
string_energy_at_release_ratio=0.889062896641
final_hammer_energy_J=0.00784574809371
final_string_energy_J=0.0443642640113
rebound_velocity_m_s=1.02279017683
physical_f0_hz=261.626
configured_f0_hz=261.626
f0_relative_error=0
integer_spatial_port_pass=1
strike_reset_position_error_m=0",,2679.356540907717,178,lhs_0145,0.006276335435349388,,,,,,,,,,0.8190469888793037,3.7269769520695424,,,space_filling,FAIL,0.0004331569984457267,726.0301455490236,0.7784607502749181
0.9712549151669633,"delay: 84.2806, f0: 261.626, z: 2.3808
status=FAIL
velocity_m_s=2.64761422979
hardness_N_per_mm_p=3634.81700351
p=3.94939805894
epsilon=0.971254915167
tau0_s=2.20115889178e-05
linear_density_kg_m=0.0068339866644
tension_N=790.537788131
force_log=""/var/folders/zh/nj8dx9w152qdp4y5nkg5xm540000gn/T/bbpiano-hammer-search-xln4hsmk/force_110.txt""
positive_force_samples=20
contact_span_s=0.000430839002268
maximum_force_N=38.2134576081
force_impulse_Ns=0.00410864297009
initial_hammer_energy_J=0.0525739583232
maximum_mechanical_energy_J=0.05384583691
maximum_mechanical_energy_ratio=1.02419217855
string_energy_at_release_J=0.0115853787902
string_energy_at_release_ratio=0.220363449124
final_hammer_energy_J=0.0422585549657
final_string_energy_J=0.0106644275039
rebound_velocity_m_s=2.37370469845
physical_f0_hz=261.626
configured_f0_hz=261.626
f0_relative_error=0
integer_spatial_port_pass=1
strike_reset_position_error_m=0",,3634.8170035118846,179,lhs_0146,0.006833986664396394,,,,,,,,,,0.8099544008201031,3.9493980589379993,,,space_filling,FAIL,2.2011588917837758e-05,790.5377881313949,0.7698187272669449
0.9538615029782741,,True,4584.344567534495,180,lhs_0147,0.006113678996081706,1.0,3.408879932035066,11.1081272177209,2.0634920634920633,2.1768707482993186,0.005638521817505654,1.0,0.45984389106,inf,0.844144313712698,3.420063266417506,10.640496549891674,6.112700044947207,space_filling,PASS,1.931941666687964e-05,707.2144720573108,0.8023144272738778
0.9357517426482709,,True,4888.570587199468,181,lhs_0148,0.005977287414244545,1.0,3.4730809437554866,13.6063183753066,3.061224489795919,3.2426303854875287,0.01139537086472993,1.0,0.0504977198327,inf,0.8204735747134294,4.747779131460292,8.239232376685958,7.0280973611696815,space_filling,PASS,0.00012363534573408945,691.4370489044352,0.7798166444956937
0.8650370189827099,"delay: 84.2806, f0: 261.626, z: 2.3808
status=FAIL
velocity_m_s=4.25667865269
hardness_N_per_mm_p=5204.26580524
p=4.88646276227
epsilon=0.865037018983
tau0_s=0.000651348074201
linear_density_kg_m=0.00646210019365
tension_N=747.518929234
force_log=""/var/folders/zh/nj8dx9w152qdp4y5nkg5xm540000gn/T/bbpiano-hammer-search-wi0cqc8f/force_110.txt""
positive_force_samples=90
contact_span_s=0.00201814058957
maximum_force_N=70.3258758097
force_impulse_Ns=0.0315907932486
initial_hammer_energy_J=0.135894848642
maximum_mechanical_energy_J=0.139462533963
maximum_mechanical_energy_ratio=1.0262532786
string_energy_at_release_J=0.104765484437
string_energy_at_release_ratio=0.770930506078
final_hammer_energy_J=0.0346889340016
final_string_energy_J=0.097121154593
rebound_velocity_m_s=2.15062576945
physical_f0_hz=261.626
configured_f0_hz=261.626
f0_relative_error=2.17269762412e-16
integer_spatial_port_pass=1
strike_reset_position_error_m=0",,5204.265805242424,182,lhs_0149,0.006462100193646103,,,,,,,,,,1.3021971134747514,4.886462762273519,,,space_filling,FAIL,0.0006513480742010682,747.5189292339153,1.2376693348796008
0.9574610235562715,"delay: 84.2806, f0: 261.626, z: 2.3808
status=FAIL
velocity_m_s=5.84035168017
hardness_N_per_mm_p=1429.77733723
p=4.68705255243
epsilon=0.957461023556
tau0_s=9.10527719877e-06
linear_density_kg_m=0.00676398593261
tension_N=782.440285693
force_log=""/var/folders/zh/nj8dx9w152qdp4y5nkg5xm540000gn/T/bbpiano-hammer-search-3k_73w6o/force_110.txt""
positive_force_samples=11
contact_span_s=0.000226757369615
maximum_force_N=57.6536247777
force_impulse_Ns=0.00452132970635
initial_hammer_energy_J=0.25582280811
maximum_mechanical_energy_J=0.256012219874
maximum_mechanical_energy_ratio=1.00074040217
string_energy_at_release_J=0.0259089781579
string_energy_at_release_ratio=0.101277045426
final_hammer_energy_J=0.23009806664
final_string_energy_J=0.0238236216151
rebound_velocity_m_s=5.53892969975
physical_f0_hz=261.626
configured_f0_hz=261.626
f0_relative_error=2.17269762412e-16
integer_spatial_port_pass=1
strike_reset_position_error_m=0",,1429.7773372348727,183,lhs_0150,0.006763985932605117,,,,,,,,,,1.7866721263518317,4.687052552425417,,,space_filling,FAIL,9.105277198772293e-06,782.4402856931541,1.6981371555717777
0.9910367149428543,,False,838.0931804807917,184,lhs_0151,0.006452658133067528,1.0,3.1545178863800207,4.56307445052873,1.7913832199546529,1.9047619047619087,0.005343003819855075,1.0,0.744582695379,inf,1.104232215231276,3.933956274087204,8.322889232603147,5.314334189919827,space_filling,PASS,3.2426452323849895e-05,746.4266962443373,1.0495141920036366
0.8506644307908418,,False,489.7861581958135,185,lhs_0152,0.005941141462848258,1.0,1.2523324361498136,10.0191728728273,6.485260770975054,6.666666666666669,0.034705190634280125,0.6224489795918366,-1.09930417628,1.6486486486486482,1.2144193697008139,3.5471228171841993,8.942021155766652,5.116022154432831,space_filling,PASS,0.0001546562022527341,687.2557793366155,1.1542412419820292
0.8971082209723202,,False,555.2785862003761,186,lhs_0153,0.006772266062866774,1.0,3.4718588811997853,14.5054666492566,6.281179138321995,6.4172335600907,0.04767292410902543,0.3604240282685517,-1.4982104245,0.5635359116022112,1.6800826759697833,3.218772536483306,12.459021987079659,7.234133863450617,space_filling,PASS,7.43808183801082e-05,783.3981096082331,1.596829532636327
0.8701865279412837,"delay: 84.2806, f0: 261.626, z: 2.3808
status=FAIL
velocity_m_s=1.27279009235
hardness_N_per_mm_p=6431.12861501
p=4.18661470161
epsilon=0.870186527941
tau0_s=7.60830415621e-05
linear_density_kg_m=0.00695075501165
tension_N=804.045246588
force_log=""/var/folders/zh/nj8dx9w152qdp4y5nkg5xm540000gn/T/bbpiano-hammer-search-gdembr13/force_80.txt""
positive_force_samples=115
contact_span_s=0.00258503401361
maximum_force_N=31.2472909708
force_impulse_Ns=0.0154344900387
initial_hammer_energy_J=0.0121499596439
maximum_mechanical_energy_J=0.0128967119273
maximum_mechanical_energy_ratio=1.06146129742
string_energy_at_release_J=0.01244963064
string_energy_at_release_ratio=1.02466436143
final_hammer_energy_J=0.000445876400659
final_string_energy_J=0.0115681360602
rebound_velocity_m_s=0.243824089775
physical_f0_hz=261.626
configured_f0_hz=261.626
f0_relative_error=0
integer_spatial_port_pass=1
strike_reset_position_error_m=0",,6431.128615011349,187,lhs_0154,0.006950755011652817,,,,,,,,,,1.2727900923525657,4.18661470161024,,,space_filling,FAIL,7.608304156206425e-05,804.0452465882229,1.209719519988699
0.9132686765154272,"delay: 84.2806, f0: 261.626, z: 2.3808
status=FAIL
velocity_m_s=0.737825585273
hardness_N_per_mm_p=8229.50287054
p=3.08164051831
epsilon=0.913268676515
tau0_s=3.30110094159e-05
linear_density_kg_m=0.00657607516444
tension_N=760.703257173
force_log=""/var/folders/zh/nj8dx9w152qdp4y5nkg5xm540000gn/T/bbpiano-hammer-search-_2m9men1/force_65.txt""
positive_force_samples=109
contact_span_s=0.00244897959184
maximum_force_N=20.2065484025
force_impulse_Ns=0.00775838933164
initial_hammer_energy_J=0.00408289945712
maximum_mechanical_energy_J=0.00452375512847
maximum_mechanical_energy_ratio=1.10797612725
string_energy_at_release_J=0.00415835917224
string_energy_at_release_ratio=1.01848189403
final_hammer_energy_J=0.000364981475109
final_string_energy_J=0.00386144575663
rebound_velocity_m_s=0.22059962983
physical_f0_hz=261.626
configured_f0_hz=261.626
f0_relative_error=0
integer_spatial_port_pass=1
strike_reset_position_error_m=0",,8229.50287053947,188,lhs_0155,0.006576075164436989,,,,,,,,,,1.0844152321777762,3.0816405183145354,,,space_filling,FAIL,3.301100941593159e-05,760.7032571725074,1.0306791999879512
0.8907202577748635,,False,824.9929906178807,189,lhs_0156,0.006032794632605145,1.0,2.441187494194979,5.67952493073716,6.59863945578231,6.802721088435379,0.02158293213620012,0.3766666666666661,-0.67919700456,0.6042780748663087,0.7597204921946353,3.5678797795397985,11.660239582951705,7.118673140193658,space_filling,PASS,9.024368467606602e-05,697.857979436349,0.7220740597096774
0.8845154321640505,,True,9048.232214616673,190,lhs_0157,0.006529732729338616,1.0,3.4585478222270596,18.1188849518419,2.290249433106575,2.3582766439909286,0.010057141180291058,1.0,0.362967703234,inf,1.0471578189296245,3.297202377168249,12.546055078550921,6.876726264048921,space_filling,PASS,1.8250378492128376e-05,755.342484911983,0.9952680034824319
0.9886941886204152,,True,960.3323698492775,191,lhs_0158,0.0068872521335901805,1.0,2.6652434398031732,12.4666173560079,1.269841269841268,1.4739229024943288,0.007601997684709529,1.0,1.34671988577,inf,1.8629427452795337,4.850685477748367,8.138629250561786,4.878901075678391,space_filling,PASS,3.0611466748998864e-06,796.6993989550759,1.7706283362250779
0.8612767023403737,"delay: 84.2806, f0: 261.626, z: 2.3808
status=FAIL
velocity_m_s=2.80862176907
hardness_N_per_mm_p=639.938918787
p=4.01074578158
epsilon=0.86127670234
tau0_s=0.000137631144875
linear_density_kg_m=0.00601420572163
tension_N=695.707662602
force_log=""/var/folders/zh/nj8dx9w152qdp4y5nkg5xm540000gn/T/bbpiano-hammer-search-rnti__vi/force_95.txt""
positive_force_samples=115
contact_span_s=0.00258503401361
maximum_force_N=57.7326528846
force_impulse_Ns=0.0313926796689
initial_hammer_energy_J=0.0591626718125
maximum_mechanical_energy_J=0.061926711206
maximum_mechanical_energy_ratio=1.04671931319
string_energy_at_release_J=0.0580786161258
string_energy_at_release_ratio=0.98167669489
final_hammer_energy_J=0.00384251953159
final_string_energy_J=0.05397281768
rebound_velocity_m_s=0.715776457804
physical_f0_hz=261.626
configured_f0_hz=261.626
f0_relative_error=0
integer_spatial_port_pass=1
strike_reset_position_error_m=0",,639.9389187867698,192,lhs_0159,0.006014205721626876,,,,,,,,,,1.7135873709541662,4.0107457815799465,,,space_filling,FAIL,0.00013763114487520047,695.7076626022395,1.628673969340701
0.9223421654814562,"delay: 84.2806, f0: 261.626, z: 2.3808
status=FAIL
velocity_m_s=2.67226934243
hardness_N_per_mm_p=774.842487978
p=3.58615754562
epsilon=0.922342165481
tau0_s=0.000259969389634
linear_density_kg_m=0.00647137099739
tension_N=748.591351679
force_log=""/var/folders/zh/nj8dx9w152qdp4y5nkg5xm540000gn/T/bbpiano-hammer-search-y5ci0zcb/force_95.txt""
positive_force_samples=118
contact_span_s=0.00265306122449
maximum_force_N=54.4520411982
force_impulse_Ns=0.0333455470145
initial_hammer_energy_J=0.0535576757886
maximum_mechanical_energy_J=0.0555886046491
maximum_mechanical_energy_ratio=1.03792040694
string_energy_at_release_J=0.0540706924075
string_energy_at_release_ratio=1.00957876927
final_hammer_energy_J=0.00151357631845
final_string_energy_J=0.0502792891268
rebound_velocity_m_s=0.449232874792
physical_f0_hz=261.626
configured_f0_hz=261.626
f0_relative_error=0
integer_spatial_port_pass=1
strike_reset_position_error_m=0",,774.842487977581,193,lhs_0160,0.006471370997388972,,,,,,,,,,1.6303964625668235,3.5861575456161985,,,space_filling,FAIL,0.00025996938963364455,748.5913516785288,1.5496054203580907
0.862716490033801,,False,415.4575697244168,194,lhs_0161,0.0067811307583130155,1.0,3.989996710646706,16.5616121853912,6.439909297052159,6.848072562358279,0.05051765330516114,0.3708609271523176,-1.60274690456,0.5894736842105257,1.7651038012981923,4.484442284291657,12.561019207354956,7.137959804474453,space_filling,PASS,1.242700348478138e-05,784.4235545022127,1.6776376058128522
0.9789606934086628,"delay: 84.2806, f0: 261.626, z: 2.3808
status=FAIL
velocity_m_s=2.11546688716
hardness_N_per_mm_p=7812.24859787
p=3.78373790813
epsilon=0.978960693409
tau0_s=5.32060642976e-05
linear_density_kg_m=0.00687046978836
tension_N=794.758060944
force_log=""/var/folders/zh/nj8dx9w152qdp4y5nkg5xm540000gn/T/bbpiano-hammer-search-l_wrll__/force_95.txt""
positive_force_samples=26
contact_span_s=0.000566893424036
maximum_force_N=26.2026661015
force_impulse_Ns=0.00461538208435
initial_hammer_energy_J=0.0335640011301
maximum_mechanical_energy_J=0.0337721105401
maximum_mechanical_energy_ratio=1.00620037549
string_energy_at_release_J=0.0092604463125
string_energy_at_release_ratio=0.275904123487
final_hammer_energy_J=0.0245103715519
final_string_energy_J=0.0085319196116
rebound_velocity_m_s=1.80777474821
physical_f0_hz=261.626
configured_f0_hz=261.626
f0_relative_error=0
integer_spatial_port_pass=1
strike_reset_position_error_m=0",,7812.24859787043,195,lhs_0162,0.006870469788359889,,,,,,,,,,1.290681921446227,3.7837379081342153,,,space_filling,FAIL,5.3206064297607276e-05,794.7580609441122,1.2267247552061558
0.9839670542974572,,False,1258.4094427912707,196,lhs_0163,0.0067128666208402495,1.0,5.907512482605931,9.87966740379606,6.485260770975061,7.210884353741499,0.03347765143688358,0.4056603773584901,-1.06761263897,0.6825396825396813,1.1642347398244821,4.821979791440424,20.373024270745198,11.398789374805293,space_filling,PASS,2.146438987177001e-06,776.5269367742961,1.1065434112638513
0.9690559921636905,"delay: 84.2806, f0: 261.626, z: 2.3808
status=FAIL
velocity_m_s=1.52304495469
hardness_N_per_mm_p=2283.62428756
p=4.05444968392
epsilon=0.969055992164
tau0_s=0.000496017770238
linear_density_kg_m=0.00593059142608
tension_N=686.035378546
force_log=""/var/folders/zh/nj8dx9w152qdp4y5nkg5xm540000gn/T/bbpiano-hammer-search-gvaneak7/force_80.txt""
positive_force_samples=185
contact_span_s=0.00417233560091
maximum_force_N=39.3157615435
force_impulse_Ns=0.0320839287887
initial_hammer_energy_J=0.017397494505
maximum_mechanical_energy_J=0.019278054551
maximum_mechanical_energy_ratio=1.10809372841
string_energy_at_release_J=0.0164312366644
string_energy_at_release_ratio=0.944459942764
final_hammer_energy_J=0.00284484485406
final_string_energy_J=0.0153631182584
rebound_velocity_m_s=-0.615883631223
physical_f0_hz=261.626
configured_f0_hz=261.626
f0_relative_error=0
integer_spatial_port_pass=1
strike_reset_position_error_m=0",,2283.624287563472,197,lhs_0164,0.005930591426083405,,,,,,,,,,1.5230449546868623,4.054449683920456,,,space_filling,FAIL,0.0004960177702376627,686.0353785459259,1.4475735021628657
0.9637310364339344,"delay: 84.2806, f0: 261.626, z: 2.3808
status=FAIL
velocity_m_s=2.85453434959
hardness_N_per_mm_p=516.495462452
p=3.86234065738
epsilon=0.963731036434
tau0_s=3.09374020147e-06
linear_density_kg_m=0.00652390851666
tension_N=754.66875515
force_log=""/var/folders/zh/nj8dx9w152qdp4y5nkg5xm540000gn/T/bbpiano-hammer-search-t27ln4pg/force_95.txt""
positive_force_samples=204
contact_span_s=0.00460317460317
maximum_force_N=49.0838940065
force_impulse_Ns=0.0688408142099
initial_hammer_energy_J=0.0611127476476
maximum_mechanical_energy_J=0.0654564831378
maximum_mechanical_energy_ratio=1.07107740459
string_energy_at_release_J=0.0428801923489
string_energy_at_release_ratio=0.701657084642
final_hammer_energy_J=0.0225728688675
final_string_energy_J=0.0402060135498
rebound_velocity_m_s=-1.7348532644
physical_f0_hz=261.626
configured_f0_hz=261.626
f0_relative_error=0
integer_spatial_port_pass=1
strike_reset_position_error_m=0",,516.4954624516768,198,lhs_0165,0.006523908516660965,,,,,,,,,,1.741599408398166,3.8623406573840997,,,space_filling,FAIL,3.0937402014680337e-06,754.6687551501465,1.6552979261850118
0.9861588399907734,"delay: 84.2806, f0: 261.626, z: 2.3808
status=FAIL
velocity_m_s=3.81643563862
hardness_N_per_mm_p=1116.78131228
p=4.32836372805
epsilon=0.986158839991
tau0_s=0.000521943817345
linear_density_kg_m=0.00689326023994
tension_N=797.394401058
force_log=""/var/folders/zh/nj8dx9w152qdp4y5nkg5xm540000gn/T/bbpiano-hammer-search-zugbevsi/force_110.txt""
positive_force_samples=97
contact_span_s=0.0021768707483
maximum_force_N=110.379560606
force_impulse_Ns=0.035437078785
initial_hammer_energy_J=0.109238857378
maximum_mechanical_energy_J=0.129940256816
maximum_mechanical_energy_ratio=1.18950582179
string_energy_at_release_J=0.114068495442
string_energy_at_release_ratio=1.04421172264
final_hammer_energy_J=0.0158550787348
final_string_energy_J=0.105805996083
rebound_velocity_m_s=1.45396371962
physical_f0_hz=261.626
configured_f0_hz=261.626
f0_relative_error=0
integer_spatial_port_pass=1
strike_reset_position_error_m=0",,1116.7813122836667,199,lhs_0166,0.006893260239940506,,,,,,,,,,1.167518593219403,4.328363728054709,,,space_filling,FAIL,0.0005219438173448757,797.3944010582829,1.1096645398588063
0.9326492307848127,"delay: 84.2806, f0: 261.626, z: 2.3808
status=FAIL
velocity_m_s=2.56482564708
hardness_N_per_mm_p=11868.0814251
p=3.60846876686
epsilon=0.932649230785
tau0_s=5.41767454691e-05
linear_density_kg_m=0.00665783463534
tension_N=770.160979943
force_log=""/var/folders/zh/nj8dx9w152qdp4y5nkg5xm540000gn/T/bbpiano-hammer-search-fevywjvd/force_95.txt""
positive_force_samples=16
contact_span_s=0.000340136054422
maximum_force_N=32.9109940485
force_impulse_Ns=0.00367579276597
initial_hammer_energy_J=0.0493374794995
maximum_mechanical_energy_J=0.0507173630047
maximum_mechanical_energy_ratio=1.02796826103
string_energy_at_release_J=0.0103553143275
string_energy_at_release_ratio=0.209887380397
final_hammer_energy_J=0.0403600936886
final_string_energy_J=0.00953293710201
rebound_velocity_m_s=2.31977279602
physical_f0_hz=261.626
configured_f0_hz=261.626
f0_relative_error=0
integer_spatial_port_pass=1
strike_reset_position_error_m=0",,11868.081425096152,200,lhs_0167,0.006657834635341452,,,,,,,,,,1.5648432572691562,3.608468766860515,,,space_filling,FAIL,5.4176745469124504e-05,770.1609799427808,1.4873005732958084
0.9269627232240474,,False,1466.8448580468469,201,lhs_0168,0.006177868311354208,1.0,2.58526251682955,7.42793860106313,6.326530612244894,6.485260770975059,0.02356104217941145,0.6293706293706298,-0.732544643839,1.6981132075471732,0.8382475233535104,3.1915551758769887,10.290077053082396,5.801978917964686,space_filling,PASS,0.00022222650047555893,714.639724960065,0.7967098405901417
0.9781535465997602,"delay: 84.2806, f0: 261.626, z: 2.3808
status=FAIL
velocity_m_s=2.50804163962
hardness_N_per_mm_p=7225.10856558
p=4.50384417633
epsilon=0.9781535466
tau0_s=1.10975753357e-05
linear_density_kg_m=0.00608275276934
tension_N=703.63700665
force_log=""/var/folders/zh/nj8dx9w152qdp4y5nkg5xm540000gn/T/bbpiano-hammer-search-xs1sjac_/force_95.txt""
positive_force_samples=16
contact_span_s=0.000340136054422
maximum_force_N=31.7156992597
force_impulse_Ns=0.00256110936754
initial_hammer_energy_J=0.0471770464956
maximum_mechanical_energy_J=0.0482517442586
maximum_mechanical_energy_ratio=1.02278009844
string_energy_at_release_J=0.00727813756129
string_energy_at_release_ratio=0.154272853049
final_hammer_energy_J=0.0409723202646
final_string_energy_J=0.00669547352364
rebound_velocity_m_s=2.33730101512
physical_f0_hz=261.626
configured_f0_hz=261.626
f0_relative_error=2.17269762412e-16
integer_spatial_port_pass=1
strike_reset_position_error_m=0",,7225.108565581929,202,lhs_0169,0.006082752769339037,,,,,,,,,,1.5301983794398888,4.503844176333262,,,space_filling,FAIL,1.1097575335702405e-05,703.6370066502199,1.4543724532314677
0.9093200436038811,"delay: 84.2806, f0: 261.626, z: 2.3808
status=FAIL
velocity_m_s=0.996135808472
hardness_N_per_mm_p=7159.29351457
p=3.03120795237
epsilon=0.909320043604
tau0_s=0.000392446446341
linear_density_kg_m=0.00669710639832
tension_N=774.703835258
force_log=""/var/folders/zh/nj8dx9w152qdp4y5nkg5xm540000gn/T/bbpiano-hammer-search-f2azhtj_/force_65.txt""
positive_force_samples=174
contact_span_s=0.00392290249433
maximum_force_N=29.2320946033
force_impulse_Ns=0.0205864388312
initial_hammer_energy_J=0.00744214911689
maximum_mechanical_energy_J=0.00860324648059
maximum_mechanical_energy_ratio=1.15601640675
string_energy_at_release_J=0.00754071551642
string_energy_at_release_ratio=1.01324434622
final_hammer_energy_J=0.00106197568659
final_string_energy_J=0.0070418407287
rebound_velocity_m_s=-0.376293446943
physical_f0_hz=261.626
configured_f0_hz=261.626
f0_relative_error=0
integer_spatial_port_pass=1
strike_reset_position_error_m=0",,7159.2935145729625,203,lhs_0170,0.006697106398320179,,,,,,,,,,1.4640653097239442,3.0312079523653863,,,space_filling,FAIL,0.00039244644634075257,774.7038352578147,1.3915164757746674
0.9178270537970541,"delay: 84.2806, f0: 261.626, z: 2.3808
status=FAIL
velocity_m_s=3.76806398612
hardness_N_per_mm_p=1741.4654305
p=3.25029224048
epsilon=0.917827053797
tau0_s=1.34721946739e-05
linear_density_kg_m=0.00613005468057
tension_N=709.108768612
force_log=""/var/folders/zh/nj8dx9w152qdp4y5nkg5xm540000gn/T/bbpiano-hammer-search-i283e8w9/force_110.txt""
positive_force_samples=20
contact_span_s=0.000430839002268
maximum_force_N=41.6528382332
force_impulse_Ns=0.00569223029256
initial_hammer_energy_J=0.106487296526
maximum_mechanical_energy_J=0.107532187326
maximum_mechanical_energy_ratio=1.00981235165
string_energy_at_release_J=0.0214095336005
string_energy_at_release_ratio=0.20105246634
final_hammer_energy_J=0.0861186580836
final_string_energy_J=0.0197143864477
rebound_velocity_m_s=3.38858196662
physical_f0_hz=261.626
configured_f0_hz=261.626
f0_relative_error=0
integer_spatial_port_pass=1
strike_reset_position_error_m=0",,1741.4654304995793,204,lhs_0171,0.006130054680565852,,,,,,,,,,1.1527208056955178,3.2502922404805683,,,space_filling,FAIL,1.347219467387684e-05,709.1087686117186,1.0956000271572646
0.8845337319733423,,False,3176.605741426713,205,lhs_0172,0.006154383946301061,1.0,4.355400367429878,8.81749383774117,6.621315192743761,6.916099773242629,0.029555920622231578,0.3672131147540983,-0.950188927887,0.5803108808290154,1.0202109202968574,4.211824930265214,14.948229550250165,9.240803723997626,space_filling,PASS,1.3220223616277778e-05,711.9231147416831,0.9696564046217258
0.920310080970775,,False,1656.1706660007171,206,lhs_0173,0.006493759230622922,1.0,4.236065515317266,11.2505256687594,6.575963718820859,6.9841269841269895,0.03576319361003452,0.3733766233766224,-1.14227419903,0.5958549222797903,1.2419539224080711,4.663531881959612,14.910142202839072,9.051073134729,space_filling,PASS,6.525381199762115e-06,751.1811642213514,1.1804113748926017
0.9276840060851005,"delay: 84.2806, f0: 261.626, z: 2.3808
status=FAIL
velocity_m_s=1.57234053721
hardness_N_per_mm_p=2173.80007162
p=4.69435752293
epsilon=0.927684006085
tau0_s=7.0872783569e-05
linear_density_kg_m=0.00659080345555
tension_N=762.406987551
force_log=""/var/folders/zh/nj8dx9w152qdp4y5nkg5xm540000gn/T/bbpiano-hammer-search-qi3qkuld/force_95.txt""
positive_force_samples=109
contact_span_s=0.00244897959184
maximum_force_N=50.1833203434
force_impulse_Ns=0.0159046698376
initial_hammer_energy_J=0.0185419107371
maximum_mechanical_energy_J=0.0226469614894
maximum_mechanical_energy_ratio=1.22139308135
string_energy_at_release_J=0.020678667465
string_energy_at_release_ratio=1.11523929536
final_hammer_energy_J=0.00196630437533
final_string_energy_J=0.0191980126468
rebound_velocity_m_s=0.512029214704
physical_f0_hz=261.626
configured_f0_hz=261.626
f0_relative_error=0
integer_spatial_port_pass=1
strike_reset_position_error_m=0",,2173.800071622203,207,lhs_0174,0.0065908034555548405,,,,,,,,,,0.9593114021536984,4.694357522928479,,,space_filling,FAIL,7.087278356897232e-05,762.4069875505487,0.9117746405364046
0.9559268202453632,"delay: 84.2806, f0: 261.626, z: 2.3808
status=FAIL
velocity_m_s=1.707611248
hardness_N_per_mm_p=491.16607055
p=4.31910174389
epsilon=0.955926820245
tau0_s=3.85922810069e-05
linear_density_kg_m=0.00677770526636
tension_N=784.02730251
force_log=""/var/folders/zh/nj8dx9w152qdp4y5nkg5xm540000gn/T/bbpiano-hammer-search-g7mzv10k/force_95.txt""
positive_force_samples=108
contact_span_s=0.00242630385488
maximum_force_N=47.3839159128
force_impulse_Ns=0.0154739265299
initial_hammer_energy_J=0.0218695213071
maximum_mechanical_energy_J=0.0239065826757
maximum_mechanical_energy_ratio=1.09314613429
string_energy_at_release_J=0.0204770848826
string_energy_at_release_ratio=0.936329816967
final_hammer_energy_J=0.0034274837224
final_string_energy_J=0.0190111399082
rebound_velocity_m_s=0.676016146001
physical_f0_hz=261.626
configured_f0_hz=261.626
f0_relative_error=0
integer_spatial_port_pass=1
strike_reset_position_error_m=0",,491.1660705496217,208,lhs_0175,0.006777705266358844,,,,,,,,,,1.0418423375100454,4.3191017438911485,,,space_filling,FAIL,3.8592281006914e-05,784.0273025096794,0.990215920134174
0.9251061664379759,"delay: 84.2806, f0: 261.626, z: 2.3808
status=FAIL
velocity_m_s=1.927782618
hardness_N_per_mm_p=4761.85399982
p=3.17046507357
epsilon=0.925106166438
tau0_s=0.000311837092752
linear_density_kg_m=0.00592617896831
tension_N=685.524956917
force_log=""/var/folders/zh/nj8dx9w152qdp4y5nkg5xm540000gn/T/bbpiano-hammer-search-83ujy8zs/force_95.txt""
positive_force_samples=93
contact_span_s=0.00208616780045
maximum_force_N=28.8207545856
force_impulse_Ns=0.0144879949714
initial_hammer_energy_J=0.027872593667
maximum_mechanical_energy_J=0.0278956562901
maximum_mechanical_energy_ratio=1.0008274301
string_energy_at_release_J=0.0209535152137
string_energy_at_release_ratio=0.75176050941
final_hammer_energy_J=0.00693962206787
final_string_energy_J=0.0194307341684
rebound_velocity_m_s=0.961916286578
physical_f0_hz=261.626
configured_f0_hz=261.626
f0_relative_error=0
integer_spatial_port_pass=1
strike_reset_position_error_m=0",,4761.853999821059,209,lhs_0176,0.005926178968312199,,,,,,,,,,1.176172592741557,3.170465073568874,,,space_filling,FAIL,0.0003118370927521647,685.524956916799,1.1178897077092036
0.900786618235829,"delay: 84.2806, f0: 261.626, z: 2.3808
status=FAIL
velocity_m_s=2.66168933034
hardness_N_per_mm_p=2437.48645539
p=4.89186315026
epsilon=0.900786618236
tau0_s=0.000719028617887
linear_density_kg_m=0.00693990160183
tension_N=802.789752391
force_log=""/var/folders/zh/nj8dx9w152qdp4y5nkg5xm540000gn/T/bbpiano-hammer-search-lezqqky8/force_95.txt""
positive_force_samples=131
contact_span_s=0.00294784580499
maximum_force_N=38.2979863336
force_impulse_Ns=0.0410619220836
initial_hammer_energy_J=0.0531344256845
maximum_mechanical_energy_J=0.0533674402736
maximum_mechanical_energy_ratio=1.0043853789
string_energy_at_release_J=0.0533218158303
string_energy_at_release_ratio=1.00352671819
final_hammer_energy_J=4.30606311572e-05
final_string_energy_J=0.0496434833757
rebound_velocity_m_s=-0.0757721418968
physical_f0_hz=261.626
configured_f0_hz=261.626
f0_relative_error=0
integer_spatial_port_pass=1
strike_reset_position_error_m=0",,2437.4864553870048,210,lhs_0177,0.006939901601826507,,,,,,,,,,1.623941419281534,4.891863150262966,,,space_filling,FAIL,0.0007190286178871174,802.789752391479,1.5434702438576566
0.9617002859103931,,True,1347.2208545617834,211,lhs_0178,0.006625079510609175,1.0,5.271244248600265,28.1088222848254,2.8117913832199544,2.9024943310657587,0.019940538242787825,1.0,0.108674734889,inf,1.4593004868797572,3.3564818209199196,14.804970122623851,8.781085702263509,space_filling,PASS,0.0001661896584863302,766.371952376964,1.3869877642152877
0.8877296738928968,"delay: 84.2806, f0: 261.626, z: 2.3808
status=FAIL
velocity_m_s=1.43855759134
hardness_N_per_mm_p=3237.98958551
p=3.50521523679
epsilon=0.887729673893
tau0_s=2.19183352843e-05
linear_density_kg_m=0.00598296251632
tension_N=692.09352994
force_log=""/var/folders/zh/nj8dx9w152qdp4y5nkg5xm540000gn/T/bbpiano-hammer-search-2hofdihg/force_95.txt""
positive_force_samples=108
contact_span_s=0.00242630385488
maximum_force_N=34.8733548772
force_impulse_Ns=0.0138830032562
initial_hammer_energy_J=0.0155208595769
maximum_mechanical_energy_J=0.0168681647839
maximum_mechanical_energy_ratio=1.08680609475
string_energy_at_release_J=0.0148925518992
string_energy_at_release_ratio=0.959518499948
final_hammer_energy_J=0.00197395249924
final_string_energy_J=0.0138285657184
rebound_velocity_m_s=0.513024040923
physical_f0_hz=261.626
configured_f0_hz=261.626
f0_relative_error=0
integer_spatial_port_pass=1
strike_reset_position_error_m=0",,3237.989585512125,212,lhs_0179,0.005982962516321476,,,,,,,,,,0.877688177188556,3.505215236790013,,,space_filling,FAIL,2.1918335284251025e-05,692.0935299401225,0.8341960915533173
0.93235237678335,"delay: 84.2806, f0: 261.626, z: 2.3808
status=FAIL
velocity_m_s=0.949776641296
hardness_N_per_mm_p=9438.92231081
p=3.76103326829
epsilon=0.932352376783
tau0_s=1.07784193874e-05
linear_density_kg_m=0.00593960907129
tension_N=687.07851627
force_log=""/var/folders/zh/nj8dx9w152qdp4y5nkg5xm540000gn/T/bbpiano-hammer-search-1u7jqtna/force_80.txt""
positive_force_samples=110
contact_span_s=0.0024716553288
maximum_force_N=27.6196125334
force_impulse_Ns=0.00907949248387
initial_hammer_energy_J=0.00676556751263
maximum_mechanical_energy_J=0.0080185726574
maximum_mechanical_energy_ratio=1.18520325788
string_energy_at_release_J=0.00712788730732
string_energy_at_release_ratio=1.05355349629
final_hammer_energy_J=0.00088998376212
final_string_energy_J=0.00661782761846
rebound_velocity_m_s=0.344477142371
physical_f0_hz=261.626
configured_f0_hz=261.626
f0_relative_error=0
integer_spatial_port_pass=1
strike_reset_position_error_m=0",,9438.922310806018,213,refine_00_000,0.00593960907128643,,,,,,,,,,0.9497766412955719,3.7610332682898377,,,refinement,FAIL,1.077841938741672e-05,687.0785162696345,0.9027123557199191
0.9121115718469551,"delay: 84.2806, f0: 261.626, z: 2.3808
status=FAIL
velocity_m_s=0.976888694939
hardness_N_per_mm_p=9616.2074027
p=3.64689419451
epsilon=0.912111571847
tau0_s=3.79191599762e-05
linear_density_kg_m=0.00593386164691
tension_N=686.413669179
force_log=""/var/folders/zh/nj8dx9w152qdp4y5nkg5xm540000gn/T/bbpiano-hammer-search-ynig78jk/force_80.txt""
positive_force_samples=97
contact_span_s=0.0021768707483
maximum_force_N=17.794897592
force_impulse_Ns=0.00726250239195
initial_hammer_energy_J=0.00715733641725
maximum_mechanical_energy_J=0.00723941230425
maximum_mechanical_energy_ratio=1.01146737868
string_energy_at_release_J=0.00541798367908
string_energy_at_release_ratio=0.756983235554
final_hammer_energy_J=0.00182081130002
final_string_energy_J=0.00502647750003
rebound_velocity_m_s=0.492721868809
physical_f0_hz=261.626
configured_f0_hz=261.626
f0_relative_error=0
integer_spatial_port_pass=1
strike_reset_position_error_m=0",,9616.207402697137,214,refine_00_001,0.005933861646909546,,,,,,,,,,0.9768886949391116,3.646894194511979,,,refinement,FAIL,3.7919159976226894e-05,686.413669178547,0.928480925664511
0.909894311269835,"delay: 84.2806, f0: 261.626, z: 2.3808
status=FAIL
velocity_m_s=0.878356958759
hardness_N_per_mm_p=11974.8201878
p=3.83748417893
epsilon=0.90989431127
tau0_s=2.13992903095e-05
linear_density_kg_m=0.0059
tension_N=682.496642008
force_log=""/var/folders/zh/nj8dx9w152qdp4y5nkg5xm540000gn/T/bbpiano-hammer-search-09tewgrx/force_80.txt""
positive_force_samples=109
contact_span_s=0.00244897959184
maximum_force_N=26.5159274437
force_impulse_Ns=0.00837147043224
initial_hammer_energy_J=0.0057863321025
maximum_mechanical_energy_J=0.00708225827098
maximum_mechanical_energy_ratio=1.22396332349
string_energy_at_release_J=0.00631241742286
string_energy_at_release_ratio=1.0909186184
final_hammer_energy_J=0.000769243366558
final_string_energy_J=0.005860159132
rebound_velocity_m_s=0.320258929942
physical_f0_hz=261.626
configured_f0_hz=261.626
f0_relative_error=0
integer_spatial_port_pass=1
strike_reset_position_error_m=0",,11974.820187754438,215,refine_00_002,0.0059,,,,,,,,,,0.8783569587585288,3.8374841789262177,,,refinement,FAIL,2.1399290309511317e-05,682.4966420075958,0.8348317329875694
0.9263632446783486,"delay: 84.2806, f0: 261.626, z: 2.3808
status=FAIL
velocity_m_s=0.751297781181
hardness_N_per_mm_p=9114.13195291
p=3.67219041158
epsilon=0.926363244678
tau0_s=1.06592915754e-05
linear_density_kg_m=0.00595859941044
tension_N=689.27526927
force_log=""/var/folders/zh/nj8dx9w152qdp4y5nkg5xm540000gn/T/bbpiano-hammer-search-oj6z_e8e/force_80.txt""
positive_force_samples=128
contact_span_s=0.0028798185941
maximum_force_N=15.6466032196
force_impulse_Ns=0.00930043015654
initial_hammer_energy_J=0.00423336267006
maximum_mechanical_energy_J=0.00429488852618
maximum_mechanical_energy_ratio=1.01453356608
string_energy_at_release_J=0.00416527441297
string_energy_at_release_ratio=0.983916271201
final_hammer_energy_J=0.000129236832642
final_string_energy_J=0.00387778808081
rebound_velocity_m_s=0.131269104079
physical_f0_hz=261.626
configured_f0_hz=261.626
f0_relative_error=0
integer_spatial_port_pass=1
strike_reset_position_error_m=0",,9114.13195290857,216,refine_00_003,0.005958599410436483,,,,,,,,,,0.7512977811814584,3.672190411578248,,,refinement,FAIL,1.0659291575355966e-05,689.2752692697186,0.7140687193278783
0.9374294304750062,,False,8011.245047318917,217,refine_00_004,0.0059,1.0,4.4256512648763815,4.86990547844829,1.451247165532875,1.5192743764172287,0.00428178225014692,1.0,0.684011121707,inf,0.973147446220564,3.654164222315824,11.771214921191843,6.5867072508942694,refinement,PASS,1.8257481271630317e-05,682.4966420075958,0.9249250670581682
0.905855920875498,,True,9500.593208838514,218,refine_00_005,0.0059,1.0,4.103176693897222,10.2626174852205,2.403628117913834,2.494331065759639,0.007915673253960292,1.0,0.296631054755,inf,0.8321036157145495,3.4915228098435023,12.221522174729216,6.912841829617103,refinement,PASS,1.5706597776197633e-05,682.4966420075958,0.7908703820301517
0.9235108530309967,"delay: 84.2806, f0: 261.626, z: 2.3808
status=FAIL
velocity_m_s=3.32467169739
hardness_N_per_mm_p=9759.63983717
p=3.62799067219
epsilon=0.923510853031
tau0_s=1.10636593152e-05
linear_density_kg_m=0.00598597319587
tension_N=692.441797513
force_log=""/var/folders/zh/nj8dx9w152qdp4y5nkg5xm540000gn/T/bbpiano-hammer-search-9e144dms/force_110.txt""
positive_force_samples=9
contact_span_s=0.000181405895692
maximum_force_N=35.7049654737
force_impulse_Ns=0.00227569990384
initial_hammer_energy_J=0.0829008142157
maximum_mechanical_energy_J=0.0844841628631
maximum_mechanical_energy_ratio=1.01909931359
string_energy_at_release_J=0.00897602974666
string_energy_at_release_ratio=0.108274325549
final_hammer_energy_J=0.0755074861554
final_string_energy_J=0.00825213625386
rebound_velocity_m_s=3.17295837047
physical_f0_hz=261.626
configured_f0_hz=261.626
f0_relative_error=0
integer_spatial_port_pass=1
strike_reset_position_error_m=0",,9759.639837166056,219,refine_00_006,0.005985973195865635,,,,,,,,,,1.0170788637896835,3.627990672188774,,,refinement,FAIL,1.106365931519919e-05,692.4417975128428,0.9666795509227528
0.9387453051237341,,True,9622.041175627792,220,refine_00_007,0.0059,1.0,4.06219180284498,6.87055869537719,1.2244897959183652,1.2925170068027187,0.0037631795075531434,1.0,0.747199051405,inf,1.0032732788974303,3.7789951127623653,9.360887519387452,5.845578749972681,refinement,PASS,1.4719118439045524e-05,682.4966420075958,0.9535580742320044
0.9260139064329111,"delay: 84.2806, f0: 261.626, z: 2.3808
status=FAIL
velocity_m_s=3.35527874351
hardness_N_per_mm_p=8184.10455757
p=3.80749380313
epsilon=0.926013906433
tau0_s=1.89677127882e-05
linear_density_kg_m=0.00595041790659
tension_N=688.328854202
force_log=""/var/folders/zh/nj8dx9w152qdp4y5nkg5xm540000gn/T/bbpiano-hammer-search-rfm6r0po/force_110.txt""
positive_force_samples=12
contact_span_s=0.000249433106576
maximum_force_N=37.1738505384
force_impulse_Ns=0.00311156153088
initial_hammer_energy_J=0.0844342158497
maximum_mechanical_energy_J=0.0861341898234
maximum_mechanical_energy_ratio=1.0201337095
string_energy_at_release_J=0.0118147077297
string_energy_at_release_ratio=0.139927961796
final_hammer_energy_J=0.0743167867581
final_string_energy_J=0.0108685139746
rebound_velocity_m_s=3.14784130811
physical_f0_hz=261.626
configured_f0_hz=261.626
f0_relative_error=0
integer_spatial_port_pass=1
strike_reset_position_error_m=0",,8184.104557569532,221,refine_00_008,0.005950417906594929,,,,,,,,,,1.0264421280517773,3.807493803128102,,,refinement,FAIL,1.896771278821091e-05,688.3288542021876,0.9755788373146914
0.9207384301477837,,True,8783.096104483087,222,refine_00_009,0.0059,1.0,3.4591436460262823,14.6155550090807,2.4036281179138332,2.517006802721089,0.00849941511787362,1.0,0.326905538869,inf,0.9045815410107306,3.899222466857071,11.152851600347908,6.178114866898495,refinement,PASS,1.787596733548145e-05,682.4966420075958,0.8597568084141073
0.90947420770634,"delay: 84.2806, f0: 261.626, z: 2.3808
status=FAIL
velocity_m_s=0.830142201406
hardness_N_per_mm_p=12000
p=3.74362311096
epsilon=0.909474207706
tau0_s=1.08819116702e-05
linear_density_kg_m=0.0059
tension_N=682.496642008
force_log=""/var/folders/zh/nj8dx9w152qdp4y5nkg5xm540000gn/T/bbpiano-hammer-search-j0rbd4pc/force_80.txt""
positive_force_samples=118
contact_span_s=0.00265306122449
maximum_force_N=20.8417603661
force_impulse_Ns=0.00914798323647
initial_hammer_energy_J=0.00516852055917
maximum_mechanical_energy_J=0.00572529225519
maximum_mechanical_energy_ratio=1.10772361059
string_energy_at_release_J=0.00536084609588
string_energy_at_release_ratio=1.03721094548
final_hammer_energy_J=0.00036391352664
final_string_energy_J=0.00498407344628
rebound_velocity_m_s=0.220276652308
physical_f0_hz=261.626
configured_f0_hz=261.626
f0_relative_error=0
integer_spatial_port_pass=1
strike_reset_position_error_m=0",,12000.000000000007,223,refine_00_010,0.0059,,,,,,,,,,0.8301422014062241,3.743623110963115,,,refinement,FAIL,1.0881911670221067e-05,682.4966420075958,0.7890061616926248
0.9150091250083332,"delay: 84.2806, f0: 261.626, z: 2.3808
status=FAIL
velocity_m_s=0.669309254614
hardness_N_per_mm_p=12000
p=3.82976123128
epsilon=0.915009125008
tau0_s=1.84044055175e-05
linear_density_kg_m=0.0059
tension_N=682.496642008
force_log=""/var/folders/zh/nj8dx9w152qdp4y5nkg5xm540000gn/T/bbpiano-hammer-search-7es_fb1f/force_65.txt""
positive_force_samples=127
contact_span_s=0.00285714285714
maximum_force_N=15.8694612023
force_impulse_Ns=0.00810174282624
initial_hammer_energy_J=0.00335981158734
maximum_mechanical_energy_J=0.00357901803895
maximum_mechanical_energy_ratio=1.06524367391
string_energy_at_release_J=0.00345353953231
string_energy_at_release_ratio=1.02789678603
final_hammer_energy_J=0.000125181362654
final_string_energy_J=0.00321475114494
rebound_velocity_m_s=0.129193066199
physical_f0_hz=261.626
configured_f0_hz=261.626
f0_relative_error=0
integer_spatial_port_pass=1
strike_reset_position_error_m=0",,12000.000000000007,224,refine_00_011,0.0059,,,,,,,,,,0.9837137193788775,3.8297612312793103,,,refinement,FAIL,1.8404405517482795e-05,682.4966420075958,0.9349677496418443
0.9117636146213774,,True,12000.000000000007,225,refine_00_012,0.0059,1.0,2.32184649179907,15.9975218975785,2.222222222222224,2.3129251700680284,0.007318677307355803,1.0,0.40292817636,inf,0.9029345752602478,3.7538189150999655,7.4638883315945765,4.184100558883808,refinement,PASS,2.192070575960178e-05,682.4966420075958,0.8581914547638213
0.9375813999688886,,True,11314.207033124287,226,refine_00_013,0.005914467976669582,1.0,4.228839593860645,5.46716685766422,1.519274376417234,1.6099773242630389,0.003900855530925685,1.0,0.582679791405,inf,0.8468705149321997,3.846792045939483,9.699843015486287,6.374074154739562,refinement,PASS,1.8576271336064114e-05,684.1702598878727,0.8049055370338166
0.9365628261008744,"delay: 84.2806, f0: 261.626, z: 2.3808
status=FAIL
velocity_m_s=3.30295172624
hardness_N_per_mm_p=8922.03026673
p=3.75801616226
epsilon=0.936562826101
tau0_s=1.50165630343e-05
linear_density_kg_m=0.00598900425099
tension_N=692.792422079
force_log=""/var/folders/zh/nj8dx9w152qdp4y5nkg5xm540000gn/T/bbpiano-hammer-search-o_xwgze0/force_110.txt""
positive_force_samples=11
contact_span_s=0.000226757369615
maximum_force_N=38.5938160305
force_impulse_Ns=0.00281680677387
initial_hammer_energy_J=0.0818211757939
maximum_mechanical_energy_J=0.0838865300821
maximum_mechanical_energy_ratio=1.02524229539
string_energy_at_release_J=0.0111024992449
string_energy_at_release_ratio=0.135692247601
final_hammer_energy_J=0.0727818790111
final_string_energy_J=0.0102108847276
rebound_velocity_m_s=3.11516460798
physical_f0_hz=261.626
configured_f0_hz=261.626
f0_relative_error=2.17269762412e-16
integer_spatial_port_pass=1
strike_reset_position_error_m=0",,8922.030266726722,227,refine_00_014,0.005989004250986139,,,,,,,,,,1.0104343209317612,3.758016162257512,,,refinement,FAIL,1.5016563034310997e-05,692.7924220791961,0.9603642651227408
0.9882299218640812,"delay: 84.2806, f0: 261.626, z: 2.3808
status=FAIL
velocity_m_s=1.89384574555
hardness_N_per_mm_p=1320.54046325
p=4.96007269866
epsilon=0.988229921864
tau0_s=2.02821917999e-06
linear_density_kg_m=0.00693470828223
tension_N=802.189002699
force_log=""/var/folders/zh/nj8dx9w152qdp4y5nkg5xm540000gn/T/bbpiano-hammer-search-d4zw5fqt/force_80.txt""
positive_force_samples=116
contact_span_s=0.00260770975057
maximum_force_N=46.8543110816
force_impulse_Ns=0.0189949042248
initial_hammer_energy_J=0.0268998878094
maximum_mechanical_energy_J=0.0274118678749
maximum_mechanical_energy_ratio=1.01903279557
string_energy_at_release_J=0.0244559239895
string_energy_at_release_ratio=0.909145947478
final_hammer_energy_J=0.00295334880653
final_string_energy_J=0.0227230631866
rebound_velocity_m_s=0.627518797225
physical_f0_hz=261.626
configured_f0_hz=261.626
f0_relative_error=0
integer_spatial_port_pass=1
strike_reset_position_error_m=0",,1320.5404632525415,228,refine_01_000,0.006934708282230986,,,,,,,,,,1.8938457455460591,4.96007269865703,,,refinement,FAIL,2.028219179990704e-06,802.1890026991375,1.8
0.992720521139607,,False,943.1919266094587,229,refine_01_001,0.007,1.0,3.6636876468898096,16.3394035070675,1.020408163265306,1.2471655328798188,0.005694154343638446,1.0,1.41304549128,inf,1.8050060632211073,4.932841926373879,7.390229223181469,5.116787205812274,refinement,PASS,3.2499297109747037e-06,809.7417786530798,1.7155625907965355
0.9866670397626485,"delay: 84.2806, f0: 261.626, z: 2.3808
status=FAIL
velocity_m_s=6.19068547544
hardness_N_per_mm_p=701.791395885
p=4.79934599425
epsilon=0.986667039763
tau0_s=3.61509569174e-06
linear_density_kg_m=0.00675760731046
tension_N=781.702423287
force_log=""/var/folders/zh/nj8dx9w152qdp4y5nkg5xm540000gn/T/bbpiano-hammer-search-70vhdrin/force_110.txt""
positive_force_samples=16
contact_span_s=0.000340136054422
maximum_force_N=97.2818862587
force_impulse_Ns=0.00705492616629
initial_hammer_energy_J=0.287434399919
maximum_mechanical_energy_J=0.300536210256
maximum_mechanical_energy_ratio=1.04558191483
string_energy_at_release_J=0.055108936754
string_energy_at_release_ratio=0.19172700543
final_hammer_energy_J=0.245418637078
final_string_energy_J=0.0506899707377
rebound_velocity_m_s=5.72035706436
physical_f0_hz=261.626
configured_f0_hz=261.626
f0_relative_error=0
integer_spatial_port_pass=1
strike_reset_position_error_m=0",,701.7913958846998,230,refine_01_002,0.0067576073104608884,,,,,,,,,,1.8938457455460591,4.799345994251275,,,refinement,FAIL,3.6150956917384565e-06,781.7024232873792,1.8
0.9892106269185023,,True,918.956330682415,231,refine_01_003,0.006897326996741106,1.0,2.869245238114048,10.8097016559492,1.3832199546485282,1.5873015873015888,0.007719575239303606,1.0,1.24600147179,inf,1.7688104323666105,4.940202142217718,10.153958383776326,6.104723775916448,refinement,PASS,3.140304307674291e-06,797.864832899007,1.681160562177616
0.9875017057945034,,True,953.2651830959778,232,refine_01_004,0.006865539165236214,1.0,3.438142884172547,38.9788804973056,2.630385487528341,2.947845804988659,0.02187018693959101,1.0,0.306319848506,inf,1.7937948138425375,5.0,11.528645077002162,7.8849548013607125,refinement,PASS,2.0000000000000003e-06,794.1876992958219,1.7049068925017374
0.9783709653291709,,True,693.086877893596,233,refine_01_005,0.006949499191885254,1.0,6.117362206379905,25.1529989678678,3.061224489795923,3.356009070294789,0.026532134432555015,1.0,-0.0777099795808,inf,1.7101110818037024,4.995178265968001,18.80685934941152,10.420405816924635,refinement,PASS,2.612441728667641e-06,803.8999766264723,1.6253699407599411
0.9888623326842867,,True,1122.9221106325977,234,refine_01_006,0.006963234392360646,1.0,4.093486227374807,14.7521658517188,1.927437641723356,2.154195011337869,0.011525678117405097,1.0,1.03797482324,inf,1.8175039191732787,4.950604175502295,13.113744478292567,6.939203624602566,refinement,PASS,2.401667643482236e-06,805.4888288640582,1.7274411404444225
0.9913739837289496,"delay: 84.2806, f0: 261.626, z: 2.3808
status=FAIL
velocity_m_s=1.74693193035
hardness_N_per_mm_p=1040.79120854
p=4.59244399344
epsilon=0.991373983729
tau0_s=2.1257689607e-06
linear_density_kg_m=0.00698677260437
tension_N=808.211667958
force_log=""/var/folders/zh/nj8dx9w152qdp4y5nkg5xm540000gn/T/bbpiano-hammer-search-ys78nx0_/force_80.txt""
positive_force_samples=115
contact_span_s=0.00258503401361
maximum_force_N=43.1407164818
force_impulse_Ns=0.0161867295969
initial_hammer_energy_J=0.0228882837696
maximum_mechanical_energy_J=0.0232470710844
maximum_mechanical_energy_ratio=1.01567558837
string_energy_at_release_J=0.0199003870249
string_energy_at_release_ratio=0.869457370643
final_hammer_energy_J=0.00334484282362
final_string_energy_J=0.0184870985535
rebound_velocity_m_s=0.667816623894
physical_f0_hz=261.626
configured_f0_hz=261.626
f0_relative_error=2.17269762412e-16
integer_spatial_port_pass=1
strike_reset_position_error_m=0",,1040.791208538347,235,refine_01_007,0.006986772604367318,,,,,,,,,,1.7469319303527315,4.5924439934403605,,,refinement,FAIL,2.1257689607042127e-06,808.2116679578576,1.66036620565856
0.9831416641116042,,False,917.2561740560125,236,refine_01_008,0.006933054490984283,1.0,3.0986405567862025,16.1821962386299,0.9977324263038588,1.1791383219954685,0.006111081634342461,1.0,1.47420882351,inf,1.8938457455460591,4.905324363455083,9.127315667844424,5.810496789093205,refinement,PASS,6.368449904149645e-06,801.9976964326195,1.8
0.998,"delay: 84.2806, f0: 261.626, z: 2.3808
status=FAIL
velocity_m_s=5.97256699509
hardness_N_per_mm_p=919.126224303
p=4.703526886
epsilon=0.998
tau0_s=4.71693548781e-06
linear_density_kg_m=0.00688207736953
tension_N=796.100795718
force_log=""/var/folders/zh/nj8dx9w152qdp4y5nkg5xm540000gn/T/bbpiano-hammer-search-_mtmd2vf/force_110.txt""
positive_force_samples=14
contact_span_s=0.000294784580499
maximum_force_N=89.117896411
force_impulse_Ns=0.00582304423021
initial_hammer_energy_J=0.267536673832
maximum_mechanical_energy_J=0.276769069585
maximum_mechanical_energy_ratio=1.03450889787
string_energy_at_release_J=0.0428744131499
string_energy_at_release_ratio=0.160256209124
final_hammer_energy_J=0.233888413522
final_string_energy_J=0.0394288174681
rebound_velocity_m_s=5.58436404641
physical_f0_hz=261.626
configured_f0_hz=261.626
f0_relative_error=0
integer_spatial_port_pass=1
strike_reset_position_error_m=0",,919.1262243026101,237,refine_01_009,0.0068820773695267125,,,,,,,,,,1.8271192485097512,4.703526886001674,,,refinement,FAIL,4.716935487812476e-06,796.1007957183813,1.7365800013291353
0.9908201996167334,"delay: 84.2806, f0: 261.626, z: 2.3808
status=FAIL
velocity_m_s=5.80333626523
hardness_N_per_mm_p=1281.60031996
p=4.8914592746
epsilon=0.990820199617
tau0_s=3.37797046965e-06
linear_density_kg_m=0.006948449546
tension_N=803.778556322
force_log=""/var/folders/zh/nj8dx9w152qdp4y5nkg5xm540000gn/T/bbpiano-hammer-search-t57p6hxr/force_110.txt""
positive_force_samples=14
contact_span_s=0.000294784580499
maximum_force_N=80.1022712766
force_impulse_Ns=0.00565111530092
initial_hammer_energy_J=0.252590338555
maximum_mechanical_energy_J=0.258605130564
maximum_mechanical_energy_ratio=1.02381243892
string_energy_at_release_J=0.0377393378212
string_energy_at_release_ratio=0.149409268926
final_hammer_energy_J=0.220859519661
final_string_energy_J=0.0347076523004
rebound_velocity_m_s=5.42659524516
physical_f0_hz=261.626
configured_f0_hz=261.626
f0_relative_error=0
integer_spatial_port_pass=1
strike_reset_position_error_m=0",,1281.6003199627337,238,refine_01_010,0.006948449545997113,,,,,,,,,,1.7753484229608167,4.891459274596828,,,refinement,FAIL,3.3779704696524873e-06,803.7785563224124,1.6873745756986476
0.9892506640013571,"delay: 84.2806, f0: 261.626, z: 2.3808
status=FAIL
velocity_m_s=5.90043931099
hardness_N_per_mm_p=717.485178657
p=4.95390356614
epsilon=0.989250664001
tau0_s=5.48562046015e-06
linear_density_kg_m=0.00684527902281
tension_N=791.844058758
force_log=""/var/folders/zh/nj8dx9w152qdp4y5nkg5xm540000gn/T/bbpiano-hammer-search-4t31r87c/force_110.txt""
positive_force_samples=14
contact_span_s=0.000294784580499
maximum_force_N=87.0330971093
force_impulse_Ns=0.00571618785665
initial_hammer_energy_J=0.26111388047
maximum_mechanical_energy_J=0.270253762367
maximum_mechanical_energy_ratio=1.03500343176
string_energy_at_release_J=0.0417725552606
string_energy_at_release_ratio=0.159978302132
final_hammer_energy_J=0.228475021052
final_string_energy_J=0.0384149129068
rebound_velocity_m_s=5.51936012055
physical_f0_hz=261.626
configured_f0_hz=261.626
f0_relative_error=0
integer_spatial_port_pass=1
strike_reset_position_error_m=0",,717.4851786568998,239,refine_01_011,0.006845279022811818,,,,,,,,,,1.8050540493947285,4.95390356614419,,,refinement,FAIL,5.485620460149441e-06,791.8440587583225,1.7156081991111098
0.998,,False,842.2324052100446,240,refine_01_012,0.006945870154091644,1.0,3.128021376563496,10.7422439696167,0.839002267573698,1.043083900226759,0.004301947542252622,1.0,1.59892961731,inf,1.8938457455460591,4.991271659453444,8.700043015325345,4.844286751865766,refinement,PASS,3.637825583161347e-06,803.4801789810728,1.8
0.9771403626592245,"delay: 84.2806, f0: 261.626, z: 2.3808
status=FAIL
velocity_m_s=2.860854517
hardness_N_per_mm_p=816.182444374
p=4.74423174002
epsilon=0.977140362659
tau0_s=2.95465500075e-06
linear_density_kg_m=0.00697705733917
tension_N=807.087831369
force_log=""/var/folders/zh/nj8dx9w152qdp4y5nkg5xm540000gn/T/bbpiano-hammer-search-8lzha16k/force_95.txt""
positive_force_samples=104
contact_span_s=0.00233560090703
maximum_force_N=76.7731855309
force_impulse_Ns=0.025390472236
initial_hammer_energy_J=0.0613836642558
maximum_mechanical_energy_J=0.0670985940523
maximum_mechanical_energy_ratio=1.09310180267
string_energy_at_release_J=0.0568588853623
string_energy_at_release_ratio=0.926286920986
final_hammer_energy_J=0.0102344197495
final_string_energy_J=0.0527694393115
rebound_velocity_m_s=1.16815636793
physical_f0_hz=261.626
configured_f0_hz=261.626
f0_relative_error=2.17269762412e-16
integer_spatial_port_pass=1
strike_reset_position_error_m=0",,816.1824443744189,241,refine_01_013,0.006977057339171534,,,,,,,,,,1.7454554488119705,4.744231740017857,,,refinement,FAIL,2.954655000746396e-06,807.087831369326,1.6589628882132927
0.9784801935093981,,False,1014.5468025860141,242,refine_01_014,0.006776788045262888,1.0,3.65505513062664,11.4699597340352,1.06575963718821,1.2244897959183687,0.0063905348205050136,1.0,1.44363026261,inf,1.8783356242894549,4.840803825268167,8.452186905856115,6.003299069544327,refinement,PASS,5.788056920146833e-06,783.9212007608712,1.785258451841949
0.9553299471460666,,True,3460.0220999393546,243,refine_02_000,0.006021127997652605,1.0,2.656774637682518,10.0978046943672,2.4716553287981835,2.7437641723355988,0.00688701445224425,1.0,0.278805387665,inf,0.7455721954175604,4.802547882211593,7.503921644303213,5.401963534312341,refinement,PASS,2.578095691128029e-05,696.5084134738681,0.7086268535374599
0.9734846026120746,,True,2413.501318764274,244,refine_02_001,0.005924845458890312,1.0,3.1977286939965124,7.77606063464303,2.267573696145125,2.517006802721089,0.005273934657327765,1.0,0.379022321864,inf,0.7364955677123562,4.733620679721857,8.605027901940089,5.2306401296657645,refinement,PASS,3.353146553161978e-05,685.3707000180663,0.7
0.9730823102684856,"delay: 84.2806, f0: 261.626, z: 2.3808
status=FAIL
velocity_m_s=0.766202000053
hardness_N_per_mm_p=2829.52883689
p=4.82552570287
epsilon=0.973082310268
tau0_s=3.8622938609e-05
linear_density_kg_m=0.00593770846931
tension_N=686.858659581
force_log=""/var/folders/zh/nj8dx9w152qdp4y5nkg5xm540000gn/T/bbpiano-hammer-search-zai59rsr/force_80.txt""
positive_force_samples=108
contact_span_s=0.00242630385488
maximum_force_N=16.0928397316
force_impulse_Ns=0.00542454498871
initial_hammer_energy_J=0.00440299128664
maximum_mechanical_energy_J=0.00444770592086
maximum_mechanical_energy_ratio=1.01015551277
string_energy_at_release_J=0.00321985039046
string_energy_at_release_ratio=0.731287023035
final_hammer_energy_J=0.00122755034473
final_string_energy_J=0.00298975096606
rebound_velocity_m_s=0.404565667473
physical_f0_hz=261.626
configured_f0_hz=261.626
f0_relative_error=0
integer_spatial_port_pass=1
strike_reset_position_error_m=0",,2829.5288368864067,245,refine_02_002,0.005937708469314695,,,,,,,,,,0.7662020000533951,4.825525702874397,,,refinement,FAIL,3.862293860902769e-05,686.8586595809053,0.7282343893844703
0.9685175382889777,,False,3339.8042850404463,246,refine_02_003,0.005913495953087995,1.0,3.859310027668008,4.11163382554218,1.88208616780045,2.0408163265306087,0.004235141875446467,1.0,0.541101289459,inf,0.8265519226913957,4.503352121556326,10.189297949959215,6.018934998026844,refinement,PASS,3.237843967127648e-05,684.0578187301803,0.7855937920728235
0.9673228112398375,,True,2265.506255541818,247,refine_02_004,0.0059384722273529925,1.0,3.0828983646078356,9.30416650257812,2.267573696145125,2.517006802721089,0.006095225835289133,1.0,0.412431625673,inf,0.82581264539326,4.999893437883124,8.136469550593466,4.885942229634387,refinement,PASS,3.593659146614895e-05,686.9470091226756,0.7848911481854988
0.9753302454312689,,False,2198.9753020110147,248,refine_02_005,0.005961510900025306,1.0,3.6115426023509185,4.12144784932619,1.8367346938775488,2.0181405895691586,0.0040974098406046855,1.0,0.56817451679,inf,0.8444504103372127,4.729478398226209,9.617928952052644,5.2990208292517,refinement,PASS,2.7511132855855584e-05,689.612062806602,0.8026053558911753
0.9552971479368206,"delay: 84.2806, f0: 261.626, z: 2.3808
status=FAIL
velocity_m_s=0.880916077542
hardness_N_per_mm_p=3393.1512383
p=4.70181408148
epsilon=0.955297147937
tau0_s=5.28324692526e-05
linear_density_kg_m=0.0059
tension_N=682.496642008
force_log=""/var/folders/zh/nj8dx9w152qdp4y5nkg5xm540000gn/T/bbpiano-hammer-search-q1u8xr73/force_80.txt""
positive_force_samples=117
contact_span_s=0.00263038548753
maximum_force_N=20.6329183952
force_impulse_Ns=0.00830895940675
initial_hammer_energy_J=0.00582009851754
maximum_mechanical_energy_J=0.00606221364808
maximum_mechanical_energy_ratio=1.04159983372
string_energy_at_release_J=0.00525979520482
string_energy_at_release_ratio=0.903729582751
final_hammer_energy_J=0.000801896135924
final_string_energy_J=0.0048893829397
rebound_velocity_m_s=0.326985450425
physical_f0_hz=261.626
configured_f0_hz=261.626
f0_relative_error=0
integer_spatial_port_pass=1
strike_reset_position_error_m=0",,3393.1512383015543,249,refine_02_006,0.0059,,,,,,,,,,0.8809160775417361,4.7018140814822695,,,refinement,FAIL,5.283246925261231e-05,682.4966420075958,0.837264039747825
0.9727904530120285,"delay: 84.2806, f0: 261.626, z: 2.3808
status=FAIL
velocity_m_s=0.776428199668
hardness_N_per_mm_p=2955.91966936
p=4.62376048278
epsilon=0.972790453012
tau0_s=5.25315723642e-05
linear_density_kg_m=0.0059
tension_N=682.496642008
force_log=""/var/folders/zh/nj8dx9w152qdp4y5nkg5xm540000gn/T/bbpiano-hammer-search-r4oyc0n4/force_80.txt""
positive_force_samples=117
contact_span_s=0.00263038548753
maximum_force_N=19.4296424939
force_impulse_Ns=0.00694790021084
initial_hammer_energy_J=0.0045213056193
maximum_mechanical_energy_J=0.00478945116618
maximum_mechanical_energy_ratio=1.05930710495
string_energy_at_release_J=0.00405319761902
string_energy_at_release_ratio=0.896466189261
final_hammer_energy_J=0.000735870545118
final_string_energy_J=0.00376746447481
rebound_velocity_m_s=0.313234852279
physical_f0_hz=261.626
configured_f0_hz=261.626
f0_relative_error=0
integer_spatial_port_pass=1
strike_reset_position_error_m=0",,2955.9196693604486,250,refine_02_007,0.0059,,,,,,,,,,0.7764281996681803,4.623760482775661,,,refinement,FAIL,5.253157236421189e-05,682.4966420075958,0.7379538500902344
0.9777434847273097,,True,2144.960388923321,251,refine_02_008,0.005984779670034554,1.0,2.9653126044394944,9.95237316584778,2.3129251700680253,2.5623582766439887,0.006183781914562668,1.0,0.368380782225,inf,0.788155498206703,4.684006725660574,10.64663708584883,5.932005421745104,refinement,PASS,4.86666608288636e-05,692.3037335515103,0.7491000257589684
0.9671216398011666,,True,2309.919303939807,252,refine_02_009,0.0059664156920460005,1.0,4.544723059039102,9.6270668256479,1.995464852607706,2.2222222222222188,0.0051665935171903874,1.0,0.53660520454,inf,0.8883214816660938,4.6755123595736805,12.514436755502961,7.515825423242855,refinement,PASS,3.123364795779795e-05,690.1794363801392,0.8443024838529972
0.9637518329338731,,True,2963.9466993884507,253,refine_02_010,0.0059,1.0,3.3896010206317193,15.3231190424924,2.2448979591836737,2.517006802721089,0.0064337290190703954,1.0,0.393919013963,inf,0.8344163874059285,4.958591889215569,8.30008452210288,4.968752955843387,refinement,PASS,4.0050220884164317e-05,682.4966420075958,0.7930685489369722
0.9725452329253059,,True,1231.2244496051055,254,refine_02_011,0.005946818382228189,1.0,3.481366813922129,8.20269916384818,2.7437641723356028,3.0385487528344686,0.007630817401766326,1.0,0.221574330299,inf,0.7364955677123562,4.784258576496546,8.971837809141418,5.091478722448594,refinement,PASS,4.754335748140263e-05,687.9124705931835,0.7
0.9593676796943282,,True,3022.081455853532,255,refine_02_012,0.0059,1.0,3.010233034830858,9.2939764495245,2.517006802721086,2.7437641723355988,0.00688860970432003,1.0,0.277345175557,inf,0.7436107626190732,4.549465627666043,8.340843146003584,4.599906423514716,refinement,PASS,3.470406126499429e-05,682.4966420075958,0.7067626156260143
0.9741124774146878,"delay: 84.2806, f0: 261.626, z: 2.3808
status=FAIL
velocity_m_s=2.72030199315
hardness_N_per_mm_p=3025.68501204
p=4.61684498996
epsilon=0.974112477415
tau0_s=6.33244170382e-05
linear_density_kg_m=0.00593184169694
tension_N=686.180006624
force_log=""/var/folders/zh/nj8dx9w152qdp4y5nkg5xm540000gn/T/bbpiano-hammer-search-najdaxz3/force_110.txt""
positive_force_samples=32
contact_span_s=0.000702947845805
maximum_force_N=33.2881255536
force_impulse_Ns=0.00625430780075
initial_hammer_energy_J=0.0555003220046
maximum_mechanical_energy_J=0.0564898835209
maximum_mechanical_energy_ratio=1.01782983378
string_energy_at_release_J=0.0166974196968
string_energy_at_release_ratio=0.300852663438
final_hammer_energy_J=0.0397905948973
final_string_energy_J=0.0153918097663
rebound_velocity_m_s=2.30334813977
physical_f0_hz=261.626
configured_f0_hz=261.626
f0_relative_error=0
integer_spatial_port_pass=1
strike_reset_position_error_m=0",,3025.685012044523,256,refine_02_013,0.0059318416969418135,,,,,,,,,,0.8321909385913188,4.6168449899585475,,,refinement,FAIL,6.332441703822579e-05,686.1800066243096,0.790953377796071
0.9674787853223255,,True,2585.253708286171,257,refine_02_014,0.005970923623491619,1.0,2.880941056380429,7.67252040338474,2.494331065759635,2.7437641723355988,0.006600740016048139,1.0,0.290646894357,inf,0.7364955677123562,4.840455297637215,8.62475402525901,5.0915186918177655,refinement,PASS,4.19017819903984e-05,690.7009021553994,0.7
0.9910937668795228,,True,783.4373576163362,258,refine_03_000,0.006218269827958785,1.0,3.135975167277556,7.0487450282514,1.315192743764176,1.5419501133786886,0.0037975210059082894,1.0,0.898500301008,inf,1.1569962431558087,4.357054259561069,9.730043070247582,5.5902474745277235,refinement,PASS,7.859559683901472e-06,719.3132672337324,1.0996636038485672
0.9956186778187115,,True,518.7089390839607,259,refine_03_001,0.006328324237646289,1.0,2.936981450816952,10.4731052558447,1.315192743764173,1.6099773242630389,0.004449173438792239,1.0,1.05463319186,inf,1.3591609425184563,4.586664168992712,9.01318254569127,4.860290164908674,refinement,PASS,4.2555742818548694e-06,732.0440748693002,1.291810435082619
0.9900819162600974,"delay: 84.2806, f0: 261.626, z: 2.3808
status=FAIL
velocity_m_s=3.76916105486
hardness_N_per_mm_p=617.423291795
p=4.40472773516
epsilon=0.99008191626
tau0_s=6.46519009246e-06
linear_density_kg_m=0.00631658183549
tension_N=730.685744354
force_log=""/var/folders/zh/nj8dx9w152qdp4y5nkg5xm540000gn/T/bbpiano-hammer-search-_uius1wk/force_110.txt""
positive_force_samples=26
contact_span_s=0.000566893424036
maximum_force_N=53.2443341948
force_impulse_Ns=0.00601255890349
initial_hammer_energy_J=0.106549312931
maximum_mechanical_energy_J=0.108367561713
maximum_mechanical_energy_ratio=1.01706485694
string_energy_at_release_J=0.0232722112772
string_energy_at_release_ratio=0.21841728151
final_hammer_energy_J=0.0850920388911
final_string_energy_J=0.0214232420658
rebound_velocity_m_s=3.36832379463
physical_f0_hz=261.626
configured_f0_hz=261.626
f0_relative_error=0
integer_spatial_port_pass=1
strike_reset_position_error_m=0",,617.4232917949932,260,refine_03_002,0.006316581835489986,,,,,,,,,,1.1530564194143804,4.404727735161144,,,refinement,FAIL,6.465190092456193e-06,730.6857443539138,1.0959190102082197
0.9853653980286776,"delay: 84.2806, f0: 261.626, z: 2.3808
status=FAIL
velocity_m_s=4.10050883342
hardness_N_per_mm_p=527.591162586
p=4.51510284429
epsilon=0.985365398029
tau0_s=3.76814114686e-06
linear_density_kg_m=0.00638576383509
tension_N=738.688537983
force_log=""/var/folders/zh/nj8dx9w152qdp4y5nkg5xm540000gn/T/bbpiano-hammer-search-gjsq1xas/force_110.txt""
positive_force_samples=31
contact_span_s=0.000680272108844
maximum_force_N=53.7652109583
force_impulse_Ns=0.00817058702179
initial_hammer_energy_J=0.126106295197
maximum_mechanical_energy_J=0.126894535733
maximum_mechanical_energy_ratio=1.00625060418
string_energy_at_release_J=0.0320619677632
string_energy_at_release_ratio=0.254245576821
final_hammer_energy_J=0.094828014016
final_string_energy_J=0.0295334251859
rebound_velocity_m_s=3.55580303197
physical_f0_hz=261.626
configured_f0_hz=261.626
f0_relative_error=0
integer_spatial_port_pass=1
strike_reset_position_error_m=0",,527.5911625859583,261,refine_03_003,0.0063857638350892495,,,,,,,,,,1.254421863225283,4.515102844292883,,,refinement,FAIL,3.7681411468595313e-06,738.688537983383,1.1922614917903276
0.998,,True,484.7177333403471,262,refine_03_004,0.006355090390523113,1.0,3.0111369271659365,8.58755253113589,1.224489795918364,1.4965986394557786,0.0035535918677097327,1.0,1.01921262866,inf,1.2626097324222365,4.5475881622441445,8.523227824008032,5.00382111828217,refinement,PASS,6.508327736076229e-06,735.1403137604688,1.20004362747333
0.991589289308213,,True,547.9711020027776,263,refine_03_005,0.006296567434361131,1.0,2.4641266448495704,11.9045340274103,1.9727891156462598,2.3129251700680284,0.006764475774206233,1.0,0.769703250891,inf,1.2296664435027314,4.619420757258787,9.128028639540918,5.983266737976544,refinement,PASS,3.949525777988095e-06,728.3705305298059,1.168732777476932
0.9850022309948744,,True,865.2496052242201,264,refine_03_006,0.006321325104066133,1.0,3.534037305620396,19.6854511331095,3.129251700680276,3.5374149659863985,0.016114887569048483,1.0,0.0363639307757,inf,1.1255691803579224,4.45057137596056,17.26625788975979,9.78792913326088,refinement,PASS,3.0856458347199375e-06,731.2344333158394,1.0697938464149253
0.998,,True,624.9951334478906,265,refine_03_007,0.006343101604450993,1.0,2.5906130120938853,6.96446283133999,1.678004535147391,1.9954648526077086,0.0048892595841774095,1.0,0.909813622889,inf,1.2410284156403308,4.348785683656963,7.912376447803766,4.495237093681303,refinement,PASS,2.503298039942752e-06,733.7534821950502,1.1795317297652992
0.990595708295431,,True,862.1099991178786,266,refine_03_008,0.0060720795049042965,1.0,3.5365733642695485,5.84738751223781,1.7006802721088459,1.9274376417233587,0.005265681619741694,1.0,0.845609877385,inf,1.201075128041544,4.43693955759239,8.15989070547267,5.032450866427153,refinement,PASS,4.531927007173441e-06,702.4023512034453,1.1415582475812573
0.9811125361016436,,True,626.4932920635223,267,refine_03_009,0.006280168309797066,1.0,2.803809144767515,12.3245961999266,3.3106575963718794,3.673469387755099,0.01676124690641364,1.0,-0.0104741183498,inf,1.1162579928983196,4.437566761714072,14.529611203365507,9.167795443262115,refinement,PASS,3.993627444968174e-06,726.4735224879688,1.0609440562634826
0.998,,True,708.1359141404189,268,refine_03_010,0.006294096988755373,1.0,3.099748530742942,7.89039778914891,1.3832199546485229,1.6780045351473887,0.004085987347993319,1.0,0.990973928313,inf,1.2693371173362102,4.3860482125841,9.681392621076242,5.122232374803557,refinement,PASS,3.1191080800766815e-06,728.0847558128241,1.2064376502566698
0.991092198074801,,True,663.4736384161499,269,refine_03_011,0.0062072147893371355,1.0,3.87127741096835,7.18683446415727,1.451247165532875,1.7006802721088388,0.004359285496175512,1.0,0.894254374423,inf,1.190305648489437,4.428245469162312,9.298709689779265,5.518125795786422,refinement,PASS,6.166955183667326e-06,718.0344491427935,1.1313224280910048
0.998,,True,655.0010082658277,270,refine_03_012,0.006208831191125069,1.0,2.7373809309392634,10.4236723871746,1.31519274376417,1.6553287981859388,0.0036758293876297345,1.0,0.953561150883,inf,1.206495264463337,4.551544715958099,9.32626420872247,5.110255828728358,refinement,PASS,3.516017431776465e-06,718.2214302940475,1.1467097999620004
0.9969827569343862,,True,1110.1553347057895,271,refine_03_013,0.006273161922336241,1.0,2.8807695147767403,10.6704868153632,1.3378684807256211,1.6553287981859388,0.003973828686648385,1.0,0.909719820473,inf,1.1827071147561379,4.498243477659344,10.104828558848423,5.353130201999587,refinement,PASS,3.14375199695654e-06,725.6630418244745,1.1241004245291493
0.9918779670392961,,True,673.4627322949342,272,refine_03_014,0.006314110298626499,1.0,3.493309427302048,9.75803513875629,1.3378684807256258,1.5646258503401387,0.00404770262124089,1.0,0.90928166178,inf,1.186504243963447,4.18654034069822,9.735513906925863,5.599830796424412,refinement,PASS,9.61052616568388e-06,730.3998434030785,1.1277093945781782
0.9868436977066364,,True,862.2507565393804,273,refine_04_000,0.00654474562852056,1.0,2.690410585492832,15.6158070437928,2.7437641723355983,2.947845804988659,0.009793443926974725,1.0,0.205371326984,inf,0.8700711138247902,3.7797623620484155,7.865178986461189,5.5631673571892835,refinement,PASS,5.698085543374418e-05,757.0791380100295,0.8269564765598454
0.998,,True,714.3892822456138,274,refine_04_001,0.006568853926687021,1.0,4.491389919082279,19.8774468374107,2.879818594104309,3.0612244897959187,0.012229922244319097,1.0,0.147998204771,inf,0.9783513455443396,3.6312891940477114,9.765980857842756,8.905425215849503,refinement,PASS,8.265891853988477e-05,759.8679231868308,0.929871097538647
0.989656829916424,,True,578.213692672212,275,refine_04_002,0.006619228607132074,1.0,3.8026944873595356,12.715281801186,2.403628117913836,2.6303854875283488,0.007703319293067619,1.0,0.408062718982,inf,0.9312284374563569,3.7705665728478603,9.797175841916758,5.426955626355667,refinement,PASS,3.289561232347575e-05,765.6951350929248,0.8850832710972111
0.9731404972685137,"delay: 84.2806, f0: 261.626, z: 2.3808
status=FAIL
velocity_m_s=3.55220600299
hardness_N_per_mm_p=588.226450926
p=3.7419880307
epsilon=0.973140497269
tau0_s=0.00014586662514
linear_density_kg_m=0.00662009425958
tension_N=765.795271515
force_log=""/var/folders/zh/nj8dx9w152qdp4y5nkg5xm540000gn/T/bbpiano-hammer-search-vh7efqg1/force_110.txt""
positive_force_samples=91
contact_span_s=0.00204081632653
maximum_force_N=129.363816089
force_impulse_Ns=0.0266324663979
initial_hammer_energy_J=0.0946362561577
maximum_mechanical_energy_J=0.129070647185
maximum_mechanical_energy_ratio=1.36386045291
string_energy_at_release_J=0.105390205441
string_energy_at_release_ratio=1.11363455952
final_hammer_energy_J=0.0236751913591
final_string_energy_J=0.0976967379981
rebound_velocity_m_s=1.77670824313
physical_f0_hz=261.626
configured_f0_hz=261.626
f0_relative_error=0
integer_spatial_port_pass=1
strike_reset_position_error_m=0",,588.2264509259935,276,refine_04_003,0.006620094259580766,,,,,,,,,,1.0866858367716306,3.741988030702862,,,refinement,FAIL,0.00014586662514029533,765.7952715148532,1.0328372893035938
0.9969196313385366,,True,757.268583972597,277,refine_04_004,0.0065605625166628104,1.0,2.4542829130744472,18.9897417053863,2.7210884353741482,2.925170068027209,0.012062031219568461,1.0,0.21412850491,inf,1.0326176633384734,3.9295107173688715,9.330720542794408,5.068981893211977,refinement,PASS,8.730662010704406e-05,758.9087944581814,0.9814483562774663
0.9710968259233397,,True,595.274794133674,278,refine_04_005,0.006679953914789159,1.0,3.360703465221789,13.9505711988141,3.174603174603179,3.356009070294789,0.014052427787265056,1.0,0.0320707568591,inf,0.979444253965055,3.6653773072288853,9.437187200424612,5.83408369906521,refinement,PASS,6.07601130302847e-05,772.719680611711,0.9309098490641683
0.9878786262488415,,True,582.0389863926617,279,refine_04_006,0.006581874916662643,1.0,3.271478602438376,12.1295429701687,2.403628117913828,2.607709750566889,0.008647861230710733,1.0,0.437134054196,inf,1.0228264870522263,3.899295693738776,9.280384130249843,5.1894134528412135,refinement,PASS,3.7327718427274895e-05,761.3741574129285,0.9721423621875604
0.981085891466086,,True,824.6223525860594,280,refine_04_007,0.006537980346845408,1.0,3.334369754124002,11.843742903083,2.630385487528346,2.857142857142859,0.008148486213456147,1.0,0.266518551916,inf,0.8187033314886943,3.6921240977026786,7.552753811682103,4.587999145632529,refinement,PASS,3.0012321937593337e-05,756.2965478362115,0.7781341221403133
0.990074270254632,,True,760.6302950280223,281,refine_04_008,0.006714860230256311,1.0,3.9260854206654123,21.9202734987318,2.5396825396825387,2.7210884353741487,0.01186863293317904,1.0,0.311427241682,inf,1.119238647077306,3.7071511848091574,12.191621513651455,6.7849577292197125,refinement,PASS,6.958177346391571e-05,776.757552322082,1.0637770100744217
0.9891833911447265,,True,785.903091131217,282,refine_04_009,0.006600529702784709,1.0,2.999615294172558,11.478018331695,2.67573696145125,2.834467120181409,0.011667650150880646,1.0,0.267602748592,inf,1.0541220609216844,3.9286907554098764,12.824009486489617,7.260281385781231,refinement,PASS,7.34481556934146e-05,763.5320945121963,1.0018871463641525
0.9945613460638342,,True,793.110188583451,283,refine_04_010,0.006641478176337368,1.0,3.43024452274782,20.781483093713,2.4716553287981857,2.6984126984126986,0.008347822020140784,1.0,0.312986552762,inf,0.8852163868463078,3.5111611740392488,12.104547734652527,6.926628284564903,refinement,PASS,4.522606831595431e-05,768.2689073418618,0.8413512558088128
0.9874585739719107,,True,845.99874407471,284,refine_04_011,0.0067041130101386,1.0,2.559166500821299,18.4949985761887,2.925170068027208,3.1292517006802685,0.012357121737222582,1.0,0.106228946012,inf,0.9440169334456257,3.7684166794143725,10.40487667258791,5.944732374438836,refinement,PASS,7.153802113573558e-05,775.5143418744119,0.8972380586953144
0.9718796021013011,,False,424.1107343928111,285,refine_04_012,0.0067292982279322615,1.0,4.06885413078397,10.9801881966288,3.7641723356009087,3.9455782312925187,0.01790535343364951,1.0,-0.175931977648,inf,1.026057850266808,3.8660946886274674,15.095494885794293,8.157291897622711,refinement,PASS,8.530877320452604e-05,778.4277023104125,0.9752136016482855
0.9915173774893387,,True,755.6752951398756,286,refine_04_013,0.006599500018627814,1.0,2.998443920057469,11.7030295752143,2.335600907029479,2.517006802721089,0.007741624210082783,1.0,0.439063408257,inf,0.9640177256007333,3.811029190532433,9.637537194294568,5.59945528498507,refinement,PASS,4.3060261240166046e-05,763.4129833292457,0.9162477515194853
0.9833630267915535,,True,836.8376712201989,287,refine_04_014,0.0066507497609049745,1.0,4.026466130676246,14.6941234232193,2.87981859410431,3.0385487528344686,0.012554892856180609,1.0,0.142557664753,inf,0.9906576404853068,3.69208347901715,14.641779869235117,8.041417990335788,refinement,PASS,7.606972536165603e-05,769.3414201102485,0.9415675785988583
0.97950968430219,,True,620.6782507529974,288,refine_05_000,0.006191047041958722,1.0,3.316993146184483,18.3720588337436,2.154195011337865,2.4036281179138284,0.007096721619840543,1.0,0.566309908397,inf,1.0533115483707767,3.799703554948865,8.843365218805037,5.042279154387567,refinement,PASS,2.0925778394705002e-05,716.1642062115063,1.0011167971448114
0.9746316462623349,,True,605.4398900909366,289,refine_05_001,0.006357015502456565,1.0,3.015441079113213,18.0208511584145,2.6530612244897984,2.857142857142859,0.01094903877430343,1.0,0.300382051457,inf,1.0439394401405364,3.7630835256641895,7.581771799145932,4.884682375547199,refinement,PASS,3.9606196420229745e-05,735.3630056977687,0.9922091050299141
0.9820784840567439,,True,1006.8814642422653,290,refine_05_002,0.006263573408368759,1.0,4.786238102971925,8.23199310218473,1.9501133786848033,2.063492063492059,0.005941976665248573,1.0,0.690469200799,inf,1.0928238512487738,3.6909808494084184,13.54390501198596,8.57638176296737,refinement,PASS,3.309266123380944e-05,724.5538674880931,1.0386711467256364
0.9923750480011604,,False,705.926658596489,291,refine_05_003,0.006260528032292981,1.0,3.2567653860942176,4.52352049626801,1.768707482993201,1.9047619047619087,0.004833325313933611,1.0,0.736612112839,inf,1.0622532217347993,3.770670602045417,8.070448272556154,5.183417644645044,refinement,PASS,2.5963301034460135e-05,724.201586310912,1.0096153837340798
0.9874821697474774,,True,566.0786921956623,292,refine_05_004,0.0062788769678950185,1.0,3.311439786924658,13.0969945552949,2.3129251700680302,2.471655328798189,0.00858089753555913,1.0,0.532192870768,inf,1.1141528077050067,3.5776863550410742,9.82332407651985,5.515613564059461,refinement,PASS,4.075283466606718e-05,726.324143418167,1.0589431893201875
0.9859670451330876,,True,566.7312569126749,293,refine_05_005,0.006129211912221321,1.0,3.206388474028703,9.20515446370791,2.0861678004535187,2.2675736961451287,0.006223818985253652,1.0,0.643088423658,inf,1.064967694799402,3.7933369819774785,9.394223453672305,6.345212027758217,refinement,PASS,2.7927743823849237e-05,709.0112793633909,1.0121953465044247
0.9842275402394921,,True,694.9476201102152,294,refine_05_006,0.006208713836959205,1.0,3.614562918865163,26.3731264575666,2.244897959183669,2.4263038548752784,0.009344142137904157,1.0,0.554615418127,inf,1.1974932865204462,3.6784012950068408,10.900831367688125,5.871481616809345,refinement,PASS,4.63439825665588e-05,718.2078550696192,1.1381538970668934
0.9700106099025853,,True,515.3572051879759,295,refine_05_007,0.006250567298187686,1.0,2.627220774604071,19.4343023271948,2.8344671201814036,3.1065759637188184,0.011417061410075247,1.0,0.204598053828,inf,0.9804252416453603,3.73083616530421,13.502483185440576,6.604582082688926,refinement,PASS,3.059939716459441e-05,723.0493545178961,0.9318422258581612
0.9840500403238349,,True,805.0252543712567,296,refine_05_008,0.0063224084886472414,1.0,3.8317697469228946,15.8916034528283,2.358276643990928,2.5623582766439887,0.008018597134694775,1.0,0.420699452916,inf,0.9672846635246506,3.754874856974351,10.418335385057924,6.022321978979527,refinement,PASS,3.9293838909937473e-05,731.3597564240782,0.9193528028558368
0.9824968173702614,,True,603.3070062061092,297,refine_05_009,0.0062423639398090395,1.0,3.538314778744807,12.6669461445938,2.562358276643988,2.7664399092970484,0.009164987193591646,1.0,0.355284281223,inf,0.9758580209667178,3.798126760240961,8.464697921257962,5.125974358257086,refinement,PASS,4.098998091007283e-05,722.1004113744026,0.9275013246834534
0.98715511309142,,True,612.225055313663,298,refine_05_010,0.006293371217217306,1.0,4.5522373609470685,12.342260428856,2.92517006802721,3.0839002267573687,0.013038321696106775,1.0,0.176919377385,inf,1.0554700461296542,3.8573915057548844,13.812186033792727,11.546075320357364,refinement,PASS,8.488380849905242e-05,728.0008004505198,1.0031683348559037
0.9774897042993769,,True,673.5093982244086,299,refine_05_011,0.006228551484484767,1.0,3.287240356924583,11.4452697706342,2.721088435374149,2.9024943310657587,0.009838172410541652,1.0,0.277028953369,inf,0.9415584168601018,3.6536806623684166,7.890777668875627,4.501501448157967,refinement,PASS,3.8547211568446236e-05,720.5026224969965,0.8949013689916516
0.9909434148244289,,True,671.9697277382026,300,refine_05_012,0.006364469450539028,1.0,3.856767376614931,12.7758142293819,2.1541950113378703,2.3129251700680284,0.007739740782305165,1.0,0.616942570725,inf,1.142582492894842,3.714135533550303,9.706725137922247,6.822674936113591,refinement,PASS,4.1794273973517274e-05,736.2252590089518,1.0859640982099708
0.998,,True,660.337000939026,301,refine_05_013,0.006369307429174077,1.0,3.36152918342589,7.2313383757664,1.8594104308389998,2.0181405895691586,0.004802279432676725,1.0,0.679061562864,inf,1.0046796958612385,3.683963246771493,10.648717917957862,5.655110740634503,refinement,PASS,2.8484414700242987e-05,736.784903783956,0.9548947990105712
0.9836419814172259,,True,801.8662885703045,302,refine_05_014,0.006282137533512231,1.0,3.3142944686631157,11.6377210454423,2.2902494331065792,2.471655328798189,0.006891014182307186,1.0,0.463410950915,inf,0.9316087330484859,3.6162571607300213,9.330586814502041,5.4357871037053265,refinement,PASS,2.9638050685733266e-05,726.7013171613522,0.885444721900394
0.9345362977008967,,True,1430.1265167674715,303,refine_06_000,0.006226511573220193,1.0,3.23611180421211,29.1092765815573,2.040816326530611,2.1768707482993186,0.011327756075538736,1.0,0.85574924238,inf,1.632936554152486,4.099841818555525,9.922811926138394,6.767248014162644,refinement,PASS,3.4439627488764406e-05,720.2666508719008,1.552019642775595
0.9412542872646558,"delay: 84.2806, f0: 261.626, z: 2.3808
status=FAIL
velocity_m_s=1.22971200125
hardness_N_per_mm_p=1404.07475404
p=4.07392122146
epsilon=0.941254287265
tau0_s=3.91597662463e-05
linear_density_kg_m=0.00627293548757
tension_N=725.63684844
force_log=""/var/folders/zh/nj8dx9w152qdp4y5nkg5xm540000gn/T/bbpiano-hammer-search-nsbfqpez/force_65.txt""
positive_force_samples=122
contact_span_s=0.00274376417234
maximum_force_N=31.6858020334
force_impulse_Ns=0.0138612233545
initial_hammer_energy_J=0.0113414370451
maximum_mechanical_energy_J=0.0120780454637
maximum_mechanical_energy_ratio=1.06494842018
string_energy_at_release_J=0.011376477846
string_energy_at_release_ratio=1.00308962619
final_hammer_energy_J=0.000700574763527
final_string_energy_J=0.0105852209956
rebound_velocity_m_s=0.305630444279
physical_f0_hz=261.626
configured_f0_hz=261.626
f0_relative_error=0
integer_spatial_port_pass=1
strike_reset_position_error_m=0",,1404.0747540429857,304,refine_06_001,0.006272935487570206,,,,,,,,,,1.8073626775267935,4.073921221460945,,,refinement,FAIL,3.915976624631112e-05,725.6368484401604,1.717802427784427
0.913118782940959,"delay: 84.2806, f0: 261.626, z: 2.3808
status=FAIL
velocity_m_s=1.17555701176
hardness_N_per_mm_p=2012.61519513
p=4.19082535207
epsilon=0.913118782941
tau0_s=4.88894703617e-05
linear_density_kg_m=0.00622544699512
tension_N=720.143503248
force_log=""/var/folders/zh/nj8dx9w152qdp4y5nkg5xm540000gn/T/bbpiano-hammer-search-bc7b7wop/force_65.txt""
positive_force_samples=128
contact_span_s=0.0028798185941
maximum_force_N=27.2261318926
force_impulse_Ns=0.0146915279445
initial_hammer_energy_J=0.0103645071593
maximum_mechanical_energy_J=0.0107238771894
maximum_mechanical_energy_ratio=1.03467314216
string_energy_at_release_J=0.0104345596703
string_energy_at_release_ratio=1.0067588849
final_hammer_energy_J=0.000288478248758
final_string_energy_J=0.00971367331162
rebound_velocity_m_s=0.196121815464
physical_f0_hz=261.626
configured_f0_hz=261.626
f0_relative_error=0
integer_spatial_port_pass=1
strike_reset_position_error_m=0",,2012.615195129125,305,refine_06_002,0.006225446995115438,,,,,,,,,,1.7277686695815908,4.190825352069153,,,refinement,FAIL,4.888947036165102e-05,720.1435032478922,1.6421525420224503
0.921531112349508,"delay: 84.2806, f0: 261.626, z: 2.3808
status=FAIL
velocity_m_s=5.67215697654
hardness_N_per_mm_p=1212.70523592
p=4.4484130976
epsilon=0.92153111235
tau0_s=3.2550988016e-05
linear_density_kg_m=0.00624252136644
tension_N=722.118622077
force_log=""/var/folders/zh/nj8dx9w152qdp4y5nkg5xm540000gn/T/bbpiano-hammer-search-cdtduaxe/force_110.txt""
positive_force_samples=15
contact_span_s=0.00031746031746
maximum_force_N=75.2887666866
force_impulse_Ns=0.00684677009915
initial_hammer_energy_J=0.241300235749
maximum_mechanical_energy_J=0.250153290723
maximum_mechanical_energy_ratio=1.03668896115
string_energy_at_release_J=0.0461174474677
string_energy_at_release_ratio=0.19112060676
final_hammer_energy_J=0.204026889657
final_string_energy_J=0.0424377929036
rebound_velocity_m_s=5.21570563659
physical_f0_hz=261.626
configured_f0_hz=261.626
f0_relative_error=0
integer_spatial_port_pass=1
strike_reset_position_error_m=0",,1212.7052359158497,306,refine_06_003,0.006242521366439593,,,,,,,,,,1.7352182404837668,4.448413097604139,,,refinement,FAIL,3.255098801603547e-05,722.1186220772357,1.649232964308929
0.9132530538709319,"delay: 84.2806, f0: 261.626, z: 2.3808
status=FAIL
velocity_m_s=1.62493053647
hardness_N_per_mm_p=1422.93860385
p=4.23331404042
epsilon=0.913253053871
tau0_s=2.48525280712e-05
linear_density_kg_m=0.00626061662984
tension_N=724.211835045
force_log=""/var/folders/zh/nj8dx9w152qdp4y5nkg5xm540000gn/T/bbpiano-hammer-search-86pjaylc/force_80.txt""
positive_force_samples=115
contact_span_s=0.00258503401361
maximum_force_N=47.1889041279
force_impulse_Ns=0.0172869722613
initial_hammer_energy_J=0.0198029943625
maximum_mechanical_energy_J=0.0229826728493
maximum_mechanical_energy_ratio=1.16056554017
string_energy_at_release_J=0.0213064881088
string_energy_at_release_ratio=1.07592254579
final_hammer_energy_J=0.00167417891754
final_string_energy_J=0.0197896488047
rebound_velocity_m_s=0.472465719044
physical_f0_hz=261.626
configured_f0_hz=261.626
f0_relative_error=0
integer_spatial_port_pass=1
strike_reset_position_error_m=0",,1422.9386038466362,307,refine_06_004,0.006260616629842734,,,,,,,,,,1.62493053646586,4.233314040419322,,,refinement,FAIL,2.4852528071203022e-05,724.2118350448436,1.5444103473143262
0.9354733009271473,"delay: 84.2806, f0: 261.626, z: 2.3808
status=FAIL
velocity_m_s=5.31275900581
hardness_N_per_mm_p=1794.06891974
p=4.3237928231
epsilon=0.935473300927
tau0_s=6.25291910079e-05
linear_density_kg_m=0.00624478906276
tension_N=722.380943284
force_log=""/var/folders/zh/nj8dx9w152qdp4y5nkg5xm540000gn/T/bbpiano-hammer-search-b9dxrhxd/force_110.txt""
positive_force_samples=17
contact_span_s=0.000362811791383
maximum_force_N=63.656452679
force_impulse_Ns=0.00745817206833
initial_hammer_energy_J=0.211690561904
maximum_mechanical_energy_J=0.217190955634
maximum_mechanical_energy_ratio=1.02598317884
string_energy_at_release_J=0.0432615064594
string_energy_at_release_ratio=0.20436199928
final_hammer_energy_J=0.173921235434
final_string_energy_J=0.0398293908862
rebound_velocity_m_s=4.81554753459
physical_f0_hz=261.626
configured_f0_hz=261.626
f0_relative_error=0
integer_spatial_port_pass=1
strike_reset_position_error_m=0",,1794.0689197437855,308,refine_06_005,0.006244789062757851,,,,,,,,,,1.6252717215546435,4.323792823104648,,,refinement,FAIL,6.2529191007944e-05,722.3809432844059,1.544734625657087
0.934254992945522,"delay: 84.2806, f0: 261.626, z: 2.3808
status=FAIL
velocity_m_s=1.20374083303
hardness_N_per_mm_p=1359.53772188
p=4.20332582274
epsilon=0.934254992946
tau0_s=4.08538098186e-05
linear_density_kg_m=0.00625995234207
tension_N=724.134991964
force_log=""/var/folders/zh/nj8dx9w152qdp4y5nkg5xm540000gn/T/bbpiano-hammer-search-ml29x8ok/force_65.txt""
positive_force_samples=124
contact_span_s=0.00278911564626
maximum_force_N=28.9940628704
force_impulse_Ns=0.0138259533275
initial_hammer_energy_J=0.0108674399483
maximum_mechanical_energy_J=0.0112337286602
maximum_mechanical_energy_ratio=1.03370515169
string_energy_at_release_J=0.0106363165713
string_energy_at_release_ratio=0.978732490991
final_hammer_energy_J=0.000596474886194
final_string_energy_J=0.00989825546616
rebound_velocity_m_s=0.282010611194
physical_f0_hz=261.626
configured_f0_hz=261.626
f0_relative_error=0
integer_spatial_port_pass=1
strike_reset_position_error_m=0",,1359.5377218777305,309,refine_06_006,0.006259952342067717,,,,,,,,,,1.7691916910823537,4.203325822741832,,,refinement,FAIL,4.0853809818577055e-05,724.1349919642037,1.681522928378745
0.9325697547004264,,True,1280.3577178553785,310,refine_06_007,0.006288658277967858,1.0,3.5275151267910303,29.667937284027,2.199546485260773,2.3129251700680284,0.014684354266968428,1.0,0.774314518264,inf,1.7756976359724606,4.119693260614037,10.741673209091168,6.736452831787138,refinement,PASS,5.123741209432323e-05,727.4556199061582,1.687706484156576
0.9328634181639226,"delay: 84.2806, f0: 261.626, z: 2.3808
status=FAIL
velocity_m_s=1.76261057926
hardness_N_per_mm_p=1438.73028094
p=3.99128145333
epsilon=0.932863418164
tau0_s=6.35024024977e-05
linear_density_kg_m=0.0062671849741
tension_N=724.971644011
force_log=""/var/folders/zh/nj8dx9w152qdp4y5nkg5xm540000gn/T/bbpiano-hammer-search-_jj_xh2o/force_80.txt""
positive_force_samples=104
contact_span_s=0.00233560090703
maximum_force_N=39.3706694762
force_impulse_Ns=0.0156669825337
initial_hammer_energy_J=0.0233009704058
maximum_mechanical_energy_J=0.0242668017103
maximum_mechanical_energy_ratio=1.04145026098
string_energy_at_release_J=0.020396343824
string_energy_at_release_ratio=0.875343106693
final_hammer_energy_J=0.00386799263721
final_string_energy_J=0.0189344787956
rebound_velocity_m_s=0.718145077006
physical_f0_hz=261.626
configured_f0_hz=261.626
f0_relative_error=0
integer_spatial_port_pass=1
strike_reset_position_error_m=0",,1438.7302809411035,311,refine_06_008,0.006267184974101023,,,,,,,,,,1.7626105792552793,3.9912814533283347,,,refinement,FAIL,6.35024024977341e-05,724.971644010917,1.6752679304114642
0.9276055893368251,"delay: 84.2806, f0: 261.626, z: 2.3808
status=FAIL
velocity_m_s=5.32359637106
hardness_N_per_mm_p=1854.46581036
p=4.28908649612
epsilon=0.927605589337
tau0_s=8.52189035009e-05
linear_density_kg_m=0.00625973247613
tension_N=724.109558445
force_log=""/var/folders/zh/nj8dx9w152qdp4y5nkg5xm540000gn/T/bbpiano-hammer-search-s5cxe246/force_110.txt""
positive_force_samples=19
contact_span_s=0.000408163265306
maximum_force_N=48.7654680051
force_impulse_Ns=0.00823845392687
initial_hammer_energy_J=0.212555087415
maximum_mechanical_energy_J=0.213436825995
maximum_mechanical_energy_ratio=1.00414828264
string_energy_at_release_J=0.0424692084567
string_energy_at_release_ratio=0.199803302632
final_hammer_energy_J=0.17095928809
final_string_energy_J=0.0391205242631
rebound_velocity_m_s=4.77436610927
physical_f0_hz=261.626
configured_f0_hz=261.626
f0_relative_error=0
integer_spatial_port_pass=1
strike_reset_position_error_m=0",,1854.4658103611544,312,refine_06_009,0.00625973247612863,,,,,,,,,,1.6285870730047107,4.2890864961243995,,,refinement,FAIL,8.521890350086108e-05,724.1095584446921,1.54788569148394
0.9137050297063012,,True,1133.9529944771602,313,refine_06_010,0.0062147452307935655,1.0,4.124809723358387,23.4875950778347,2.494331065759641,2.6303854875283488,0.016980868376915193,1.0,0.472686277132,inf,1.6224982157432886,4.116115269666798,12.075455078513617,7.545167567318703,refinement,PASS,2.7994755316720017e-05,718.9055510083609,1.5420985553899178
0.9270920098385129,"delay: 84.2806, f0: 261.626, z: 2.3808
status=FAIL
velocity_m_s=5.87552955686
hardness_N_per_mm_p=2224.78164303
p=4.14290924164
epsilon=0.927092009839
tau0_s=4.68315180498e-05
linear_density_kg_m=0.00612443594028
tension_N=708.458807361
force_log=""/var/folders/zh/nj8dx9w152qdp4y5nkg5xm540000gn/T/bbpiano-hammer-search-h3nii1mp/force_110.txt""
positive_force_samples=12
contact_span_s=0.000249433106576
maximum_force_N=72.6567874407
force_impulse_Ns=0.00596078985139
initial_hammer_energy_J=0.258913856801
maximum_mechanical_energy_J=0.26782654447
maximum_mechanical_energy_ratio=1.03442337069
string_energy_at_release_J=0.0427416347247
string_energy_at_release_ratio=0.165080522351
final_hammer_energy_J=0.225075427036
final_string_energy_J=0.0393218205775
rebound_velocity_m_s=5.47814356676
physical_f0_hz=261.626
configured_f0_hz=261.626
f0_relative_error=0
integer_spatial_port_pass=1
strike_reset_position_error_m=0",,2224.7816430338935,314,refine_06_011,0.006124435940281553,,,,,,,,,,1.797433692638393,4.142909241644435,,,refinement,FAIL,4.68315180498121e-05,708.4588073614904,1.7083654539225628
0.9285193370910272,"delay: 84.2806, f0: 261.626, z: 2.3808
status=FAIL
velocity_m_s=5.6697964612
hardness_N_per_mm_p=1352.68313645
p=4.0310402622
epsilon=0.928519337091
tau0_s=4.77885298362e-05
linear_density_kg_m=0.0063063065315
tension_N=729.497123936
force_log=""/var/folders/zh/nj8dx9w152qdp4y5nkg5xm540000gn/T/bbpiano-hammer-search-ww40cr7u/force_110.txt""
positive_force_samples=16
contact_span_s=0.000340136054422
maximum_force_N=61.5195168633
force_impulse_Ns=0.00739928029889
initial_hammer_energy_J=0.241099439336
maximum_mechanical_energy_J=0.244390422759
maximum_mechanical_energy_ratio=1.01364990077
string_energy_at_release_J=0.0434091526077
string_energy_at_release_ratio=0.180046675875
final_hammer_energy_J=0.20097200438
final_string_energy_J=0.0399635651917
rebound_velocity_m_s=5.17651110794
physical_f0_hz=261.626
configured_f0_hz=261.626
f0_relative_error=0
integer_spatial_port_pass=1
strike_reset_position_error_m=0",,1352.6831364512984,315,refine_06_012,0.006306306531503188,,,,,,,,,,1.7344961149707423,4.03104026220342,,,refinement,FAIL,4.7788529836227745e-05,729.4971239358466,1.6485466222842413
0.9378993055169965,"delay: 84.2806, f0: 261.626, z: 2.3808
status=FAIL
velocity_m_s=5.95822758667
hardness_N_per_mm_p=1922.56094972
p=4.29822817493
epsilon=0.937899305517
tau0_s=2.99012902604e-05
linear_density_kg_m=0.00632069404414
tension_N=731.161433947
force_log=""/var/folders/zh/nj8dx9w152qdp4y5nkg5xm540000gn/T/bbpiano-hammer-search-i2oa1nd8/force_110.txt""
positive_force_samples=10
contact_span_s=0.000204081632653
maximum_force_N=84.1015677818
force_impulse_Ns=0.00509140654736
initial_hammer_energy_J=0.266253569809
maximum_mechanical_energy_J=0.279416414112
maximum_mechanical_energy_ratio=1.04943725003
string_energy_at_release_J=0.0426259337283
string_energy_at_release_ratio=0.16009525716
final_hammer_energy_J=0.236781891551
final_string_energy_J=0.0391942756494
rebound_velocity_m_s=5.61880048351
physical_f0_hz=261.626
configured_f0_hz=261.626
f0_relative_error=0
integer_spatial_port_pass=1
strike_reset_position_error_m=0",,1922.56094971642,316,refine_06_013,0.006320694044144979,,,,,,,,,,1.8227325569623698,4.298228174934906,,,refinement,FAIL,2.99012902604145e-05,731.1614339468405,1.7324106835249495
0.9219662121030997,"delay: 84.2806, f0: 261.626, z: 2.3808
status=FAIL
velocity_m_s=1.64206066785
hardness_N_per_mm_p=1616.32984685
p=4.27895835322
epsilon=0.921966212103
tau0_s=3.58509692458e-05
linear_density_kg_m=0.00640274715483
tension_N=740.653124202
force_log=""/var/folders/zh/nj8dx9w152qdp4y5nkg5xm540000gn/T/bbpiano-hammer-search-iayrtuk5/force_80.txt""
positive_force_samples=107
contact_span_s=0.00240362811791
maximum_force_N=45.9095139094
force_impulse_Ns=0.0154030100989
initial_hammer_energy_J=0.0202227242767
maximum_mechanical_energy_J=0.0229942662265
maximum_mechanical_energy_ratio=1.1370508697
string_energy_at_release_J=0.0201537227971
string_energy_at_release_ratio=0.996587923632
final_hammer_energy_J=0.00283847123042
final_string_energy_J=0.018709606641
rebound_velocity_m_s=0.615193327925
physical_f0_hz=261.626
configured_f0_hz=261.626
f0_relative_error=0
integer_spatial_port_pass=1
strike_reset_position_error_m=0",,1616.3298468465073,317,refine_06_014,0.006402747154828045,,,,,,,,,,1.642060667849164,4.278958353220157,,,refinement,FAIL,3.585096924581867e-05,740.6531242023439,1.5606916292310098
0.956126584465302,,True,5918.125564343239,318,refine_07_000,0.006091108284512535,1.0,3.3776289062130296,5.34144746738943,1.405895691609975,1.4739229024943288,0.003635666952070753,1.0,0.618223239595,inf,0.8646413555902669,3.4988777338233135,10.914789377834262,6.930425366875793,refinement,PASS,2.0388826899165208e-05,704.60355089567,0.8217957791560957
0.9555901838408773,,False,4637.856304458659,319,refine_07_001,0.0060191825759255925,1.0,3.7357700617675906,4.68349282001614,1.791383219954644,1.8820861678004488,0.004693585053129716,1.0,0.576389100448,inf,0.8928364352732634,3.5733189279829225,9.206440844853482,5.470739611690984,refinement,PASS,1.39983245641199e-05,696.2833721525166,0.8485937079466268
0.9525727323176153,,True,3025.6285708600835,320,refine_07_002,0.006022178110017472,1.0,3.3129167323953315,9.93193046788918,2.585034013605441,2.7210884353741487,0.007407226380938228,1.0,0.235172634289,inf,0.7364955677123562,3.5747758678784227,11.571775914611441,5.97450705839767,refinement,PASS,2.8405886609959386e-05,696.6298877387414,0.7
0.9678254106921041,"delay: 84.2806, f0: 261.626, z: 2.3808
status=FAIL
velocity_m_s=1.51591287291
hardness_N_per_mm_p=6095.49781101
p=3.28054732346
epsilon=0.967825410692
tau0_s=2.10844599641e-05
linear_density_kg_m=0.00614334737286
tension_N=710.646432655
force_log=""/var/folders/zh/nj8dx9w152qdp4y5nkg5xm540000gn/T/bbpiano-hammer-search-sv9e7o3s/force_95.txt""
positive_force_samples=26
contact_span_s=0.000566893424036
maximum_force_N=17.8484926236
force_impulse_Ns=0.00276537005892
initial_hammer_energy_J=0.0172349387869
maximum_mechanical_energy_J=0.0172483133668
maximum_mechanical_energy_ratio=1.00077601551
string_energy_at_release_J=0.00394995258171
string_energy_at_release_ratio=0.22918286108
final_hammer_energy_J=0.0132977877683
final_string_energy_J=0.0036382453335
rebound_velocity_m_s=1.33155486898
physical_f0_hz=261.626
configured_f0_hz=261.626
f0_relative_error=0
integer_spatial_port_pass=1
strike_reset_position_error_m=0",,6095.497811007944,321,refine_07_003,0.006143347372861128,,,,,,,,,,0.9248839352792451,3.2805473234629257,,,refinement,FAIL,2.10844599641358e-05,710.6464326548993,0.8790531580609942
0.9601800497832582,"delay: 84.2806, f0: 261.626, z: 2.3808
status=FAIL
velocity_m_s=2.68546351457
hardness_N_per_mm_p=6315.73501828
p=3.55782087019
epsilon=0.960180049783
tau0_s=2.59320681967e-05
linear_density_kg_m=0.00604752957186
tension_N=699.562478854
force_log=""/var/folders/zh/nj8dx9w152qdp4y5nkg5xm540000gn/T/bbpiano-hammer-search-21ga02fx/force_110.txt""
positive_force_samples=14
contact_span_s=0.000294784580499
maximum_force_N=31.5701829963
force_impulse_Ns=0.00282836570806
initial_hammer_energy_J=0.0540878571608
maximum_mechanical_energy_J=0.0551963852631
maximum_mechanical_energy_ratio=1.02049495322
string_energy_at_release_J=0.00843566615971
string_energy_at_release_ratio=0.15596229177
final_hammer_energy_J=0.0467590393319
final_string_energy_J=0.00776188193262
rebound_velocity_m_s=2.4969058007
physical_f0_hz=261.626
configured_f0_hz=261.626
f0_relative_error=0
integer_spatial_port_pass=1
strike_reset_position_error_m=0",,6315.735018279854,322,refine_07_004,0.006047529571861477,,,,,,,,,,0.8215332004947795,3.5578208701917067,,,refinement,FAIL,2.5932068196662674e-05,699.5624788537443,0.7808237626366066
0.9514648376009409,,True,4070.37276777104,323,refine_07_005,0.006184143684073409,1.0,2.796402125906593,16.409722352534,2.154195011337873,2.2675736961451287,0.006984064486741744,1.0,0.454547805382,inf,0.9325602090735351,3.2997034663729288,7.47194304676737,4.347725013795557,refinement,PASS,1.3608461077490962e-05,715.365643741116,0.8863490494302979
0.9621399132289324,,False,4525.238223251447,324,refine_07_006,0.006173128043369187,1.0,4.1258938017207285,3.9288847949845,1.609977324263035,1.6780045351473887,0.0037296231614306913,1.0,0.534585825782,inf,0.7862007890336771,3.27056809177403,10.021286359421564,6.2929173150192215,refinement,PASS,1.7288610941241063e-05,714.0913830987103,0.7472421782971456
0.9651431401961847,,False,4852.727143072125,325,refine_07_007,0.0060647989744615,1.0,3.997381453656201,4.34961391914407,1.3832199546485249,1.4512471655328787,0.0033684574460991525,1.0,0.606578084506,inf,0.8344334317511118,3.3333580574802957,12.925819276762452,7.58406339431058,refinement,PASS,1.7644351923978158e-05,701.5601583934042,0.7930847486836529
0.9642713133209051,"delay: 84.2806, f0: 261.626, z: 2.3808
status=FAIL
velocity_m_s=2.92840784625
hardness_N_per_mm_p=5367.81696024
p=3.37291102234
epsilon=0.964271313321
tau0_s=3.40712528453e-05
linear_density_kg_m=0.00617681565516
tension_N=714.517956431
force_log=""/var/folders/zh/nj8dx9w152qdp4y5nkg5xm540000gn/T/bbpiano-hammer-search-7x7jh6kx/force_110.txt""
positive_force_samples=14
contact_span_s=0.000294784580499
maximum_force_N=37.1683001084
force_impulse_Ns=0.00331935674769
initial_hammer_energy_J=0.0643167938549
maximum_mechanical_energy_J=0.0662269496916
maximum_mechanical_energy_ratio=1.02969917688
string_energy_at_release_J=0.011261189222
string_energy_at_release_ratio=0.175089405846
final_hammer_energy_J=0.0549636344844
final_string_energy_J=0.0103623376092
rebound_velocity_m_s=2.7071173964
physical_f0_hz=261.626
configured_f0_hz=261.626
f0_relative_error=0
integer_spatial_port_pass=1
strike_reset_position_error_m=0",,5367.816960242702,326,refine_07_008,0.006176815655156385,,,,,,,,,,0.8958543868600625,3.372911022342727,,,refinement,FAIL,3.407125284533958e-05,714.5179564312172,0.8514621109667851
0.961791427736724,,True,4884.669185672923,327,refine_07_009,0.0060327389243137255,1.0,4.196627281339122,5.13360536010613,1.360544217687075,1.4285714285714288,0.003649995937524581,1.0,0.674577290947,inf,0.9217926253406192,3.583198209226251,11.953895578705948,7.291051936701911,refinement,PASS,1.6727997497827377e-05,697.8515352462091,0.8761150318157006
0.9442033417413845,"delay: 84.2806, f0: 261.626, z: 2.3808
status=FAIL
velocity_m_s=3.09053691904
hardness_N_per_mm_p=4223.34509246
p=3.19155142449
epsilon=0.944203341741
tau0_s=2.317185752e-05
linear_density_kg_m=0.00613751909975
tension_N=709.972233193
force_log=""/var/folders/zh/nj8dx9w152qdp4y5nkg5xm540000gn/T/bbpiano-hammer-search-1w0katy0/force_110.txt""
positive_force_samples=14
contact_span_s=0.000294784580499
maximum_force_N=30.5162761789
force_impulse_Ns=0.00331698937892
initial_hammer_energy_J=0.0716356383597
maximum_mechanical_energy_J=0.0718908429974
maximum_mechanical_energy_ratio=1.00356253736
string_energy_at_release_J=0.0101373514092
string_energy_at_release_ratio=0.14151268337
final_hammer_energy_J=0.0617511075088
final_string_energy_J=0.00932980002295
rebound_velocity_m_s=2.86940429378
physical_f0_hz=261.626
configured_f0_hz=261.626
f0_relative_error=0
integer_spatial_port_pass=1
strike_reset_position_error_m=0",,4223.345092464746,328,refine_07_010,0.0061375190997487025,,,,,,,,,,0.9454526835194699,3.191551424489493,,,refinement,FAIL,2.3171857519988027e-05,709.9722331925376,0.8986026630402022
0.9453793638518228,,True,4356.797387112017,329,refine_07_011,0.006189414135526483,1.0,3.617783923392312,12.9020085212759,2.539682539682541,2.6757369614512485,0.007835484802742654,1.0,0.226243051586,inf,0.7583622866026902,3.4560174168976676,10.789161203533284,6.34873924208334,refinement,PASS,1.6587056708715742e-05,715.9753158459613,0.7207831572846776
0.9503036326267542,,True,3331.0626535695565,330,refine_07_012,0.006093440145284481,1.0,3.4340890430590463,10.0412477447108,2.4716553287981813,2.607709750566889,0.007680010219179805,1.0,0.288040824037,inf,0.8076321776752053,3.606664010133551,9.184000345121596,5.919848845927544,refinement,PASS,2.4602788425797464e-05,704.8732944798195,0.7676115772545183
0.9660568085396695,,True,4969.095775866139,331,refine_07_013,0.00622836127609298,1.0,3.890850377696352,6.59557533882731,1.337868480725624,1.4285714285714288,0.003531604056610087,1.0,0.63249080425,inf,0.8729191099685425,3.420720239858199,11.12299710524827,6.787273309053832,refinement,PASS,1.2772035625404366e-05,720.4806196853565,0.8296633459396828
0.9743387927185819,,False,5485.183867896929,332,refine_07_014,0.006075037258852859,1.0,4.957005132471929,4.02956233522939,1.292517006802725,1.3605442176870786,0.00269885488200203,1.0,0.553522380274,inf,0.7364955677123562,3.2433181339778296,10.60247529320599,6.35130723601772,refinement,PASS,1.48877029788919e-05,702.744496481035,0.7
